trial,seed,status,pose_id,match_status,roadmap_pose_id,initial_quat_xyzw,final_quat_xyzw,final_pos_chute_mm,sim_time_s,actual_drop_height_mm,actual_lateral_mm,initial_pos_chute_mm,roughness_impulse_count
0,2684470948,settled,Dk4i_0011,unmatched,,"[0.349089743713377, 0.08400502135107916, 0.056934439305736904, -0.9315782183171066]","[0.0010896692729936985, 0.7074202525937963, -0.0005350608745333385, -0.7067921282462516]","[480.48357749300874, 5.954469628216558, 9.688773757086558]",5.7100000000002415,100.0,0.0,"[50.0, 90.14562544693685, 90.14562544693686]",21
1,4091952314,settled,Dk4i_0017,unmatched,,"[-0.17049489125704653, 0.20532709385459424, 0.2597125984666087, 0.9280741580187418]","[0.00011903827793335875, -0.0003269953461738803, 3.675326111069264e-05, 0.999999938776563]","[480.2019103427579, 5.950356176828888, 13.742448423681845]",5.280000000000098,100.0,0.0,"[50.0, 88.08791549709245, 88.08791549709244]",28
2,233227757,settled,Dk4i_0022,unmatched,,"[-0.20480810163161187, 0.4982271422400755, 0.5959252640682177, -0.5955639645634782]","[-0.6122086526023539, 0.3536507661347103, 0.6124257572368803, -0.3536472722416741]","[480.4883315927973, 5.951584011977793, 10.29382619351095]",5.470000000000161,100.0,0.0,"[50.0, 88.15313416261642, 88.15313416261641]",30
3,3276785861,settled,Dk4i_0016,unmatched,,"[-0.06476159517851178, 0.4273534090302821, -0.8690822779070483, 0.24056390794969013]","[-4.1966922628700054e-05, -0.00016013039651019412, -0.865993322779758, 0.5000555344138362]","[480.6870536815137, 5.9493987827762105, 13.744808201843107]",5.340000000000118,100.0,0.0,"[50.0, 90.32132551698406, 90.32132551698407]",27
4,3644269654,settled,Dk4i_0022,unmatched,,"[-0.014279672063401007, -0.3020425176314726, -0.9375844928891162, 0.1717606683803424]","[0.6122392955246546, -0.3535553299769076, -0.6123927776722498, 0.3537467448829196]","[479.9440001940798, 5.95253379830266, 10.291026706747356]",5.7100000000002415,100.0,0.0,"[50.0, 89.28624303667442, 89.2862430366744]",39
5,1206282609,settled,Dk4i_0012,unmatched,,"[0.5013371598926143, -0.8114746127900386, -0.0032762861669307047, -0.30026533409139416]","[-4.317761253114227e-05, -0.7072728820098507, 0.0004505157875173138, -0.706940496466781]","[479.97077219108917, 5.948659690777568, 10.291918524556312]",5.480000000000165,100.0,0.0,"[50.0, 89.54212224707, 89.54212224707001]",34
6,3543069911,settled,Dk4i_0017,unmatched,,"[-0.13404834235336777, 0.26953815910033546, -0.46707971399657333, 0.8313944692346683]","[3.1349512929323975e-05, 7.15092887637628e-05, -0.00015899736490177738, 0.9999999843117338]","[480.6554113442079, 5.960908226133937, 13.740416358989917]",5.440000000000151,100.0,0.0,"[50.0, 89.46193210271963, 89.46193210271962]",23
7,3479688010,settled,Dk4i_0005,unmatched,,"[-0.32606207839901974, -0.08560879807848332, -0.6532843717329692, 0.6779190101856776]","[-0.6126467530898695, 0.35395900034153555, -0.6120216092154789, 0.3532796793745109]","[479.94557932148456, 5.945086903595176, 9.70697290369058]",5.300000000000105,100.0,0.0,"[50.0, 88.47688146071441, 88.47688146071442]",28
8,877132087,settled,Dk4i_0024,unmatched,,"[0.5724358435648497, -0.17574059521237254, 0.22115948882353434, 0.769753810448453]","[0.7071097261907542, 6.047302005387623e-05, 0.00032687489108622987, 0.7071037580314902]","[480.60661981194323, 16.261017600155608, 5.945608465068495]",5.1800000000000646,100.0,0.0,"[50.0, 91.11591768538666, 91.11591768538663]",18
9,1244265337,settled,Dk4i_0001,unmatched,,"[-0.9163656239680553, -0.3124533183594708, 0.1567298713931644, -0.19514792970686085]","[-0.8657228077338096, -0.5005236908058325, 2.580778445360199e-05, 0.0002333357134307601]","[480.30943268307215, 5.436999705903208, 16.25292775064803]",5.280000000000098,100.0,0.0,"[50.0, 92.68386772166065, 92.68386772166066]",27
10,2740186692,settled,Dk4i_0004,unmatched,,"[0.6454694822641096, -0.13579899155073316, -0.5987883368552699, -0.45429099595480205]","[0.6828176136256368, 0.18375670405139088, -0.6828418029951712, -0.18363183907226985]","[480.21787652640273, 9.69365093790927, 5.961558782487088]",5.410000000000141,100.0,0.0,"[50.0, 89.16053160108187, 89.16053160108189]",27
11,3884972972,settled,Dk4i_0023,unmatched,,"[-0.6012548493196739, -0.6463381036093496, -0.20334873870383272, -0.42354333008537154]","[-0.6124443191966967, -0.3539950435159797, -0.6119429500430386, -0.35373053436540897]","[480.0037353111736, 5.4479162380028905, 9.991919587736882]",5.800000000000272,100.0,0.0,"[50.0, 89.49757287976955, 89.49757287976954]",28
12,829139639,settled,Dk4i_0020,unmatched,,"[0.5209095300472875, 0.10632951834513299, -0.4095752090978097, 0.7413470463466431]","[0.500298066808555, -0.4997112266750915, -0.5004191531466353, 0.49957102142388365]","[480.42357037068666, 10.295135324397002, 5.93428415916417]",5.310000000000108,100.0,0.0,"[50.0, 92.51501042591153, 92.51501042591154]",30
13,2545567356,settled,Dk4i_0023,unmatched,,"[-0.20435424223634752, -0.592516211079748, -0.6028523939159808, -0.4936930974172911]","[-0.6122643166516383, -0.35336258942749094, -0.6126868862707836, -0.3533865678545423]","[480.4889260575138, 5.433924077292965, 9.999131319334943]",5.450000000000155,100.0,0.0,"[50.0, 89.01144092678321, 89.01144092678322]",30
14,2718398101,settled,Dk4i_0017,unmatched,,"[0.04456266628605246, 0.22721982493144482, -0.0337641677325857, -0.9722372657478868]","[-8.080701605894804e-05, 0.00024934971927994604, 0.0001935802591496528, -0.9999999469108121]","[480.685543094595, 5.9543193204609945, 13.746116251694989]",5.220000000000078,100.0,0.0,"[50.0, 88.6358219726064, 88.63582197260641]",28
15,176092387,settled,Dk4i_0004,unmatched,,"[0.6150094261867407, 0.09473742193381708, -0.6668593261385558, -0.40998398228323635]","[0.6830723121264666, 0.18361489215035282, -0.682690697162009, -0.18338811246988612]","[480.4435998587394, 9.715254135748253, 5.954876006178555]",5.320000000000111,100.0,0.0,"[50.0, 85.05775294535006, 85.05775294535005]",24
16,3528048386,settled,Dk4i_0018,unmatched,,"[0.05964849127147125, -0.7507736843900195, 0.5184949801332069, 0.4048998492135285]","[0.3534351745402261, -0.6124631142617984, 0.6123463243303049, 0.35355974056108874]","[480.4657757765943, 16.258707998839725, 5.428954307843429]",5.220000000000078,100.0,0.0,"[50.0, 92.06066339460385, 92.06066339460386]",31
17,569531098,settled,Dk4i_0009,unmatched,,"[-0.11874297779359728, -0.7836385736386496, 0.3947598820333435, 0.4647314565072098]","[-0.182272361190962, -0.6829884410267518, 0.1824097159665577, 0.68339613057927]","[479.979488127118, 9.99523337643482, 5.4334713775262085]",5.250000000000088,100.0,0.0,"[50.0, 90.2631366663154, 90.26313666631542]",24
18,1337295874,settled,Dk4i_0023,unmatched,,"[0.7540801171321847, 0.10513828949510484, 0.3578000943176255, 0.5406368555086236]","[0.6123415080263676, 0.354061460334708, 0.6119572950701954, 0.35381722522231424]","[480.04690150755215, 5.458603128984123, 9.986142901624588]",5.580000000000198,100.0,0.0,"[50.0, 89.05313254574405, 89.05313254574406]",25
19,612016888,settled,Dk4i_0009,unmatched,,"[0.12009615038615984, 0.8091503209928758, -0.26528910017446583, -0.5103668935463713]","[0.18299113335699968, 0.6830830428401277, -0.18308080633665214, -0.682929879305419]","[480.35811572021635, 10.006232115481017, 5.432140010956889]",5.1800000000000646,100.0,0.0,"[50.0, 87.14588381559794, 87.14588381559795]",35
20,232150720,settled,Dk4i_0023,unmatched,,"[-0.5359830145526445, 0.08906100796225318, -0.8028613047566096, -0.24536517743217254]","[-0.612334095612683, -0.35361140146263387, -0.6121879470661042, -0.35388112350451584]","[479.9044517109192, 5.443879989545733, 9.99589543400813]",5.430000000000148,100.0,0.0,"[50.0, 89.04761610372154, 89.04761610372155]",33
21,2324106676,settled,Dk4i_0017,unmatched,,"[-0.04500258594739219, 0.0025524340432222146, -0.32651812985035056, -0.944115545480283]","[-0.00022498316773966742, -0.00012815481171378327, -6.850098702463619e-07, -0.9999999664792241]","[480.07768691224777, 5.951680799488201, 13.745666061869962]",5.200000000000071,100.0,0.0,"[50.0, 87.2291022970846, 87.22910229708461]",25
22,1658700540,settled,Dk4i_0006,unmatched,,"[0.3856602856164407, 0.1640545618070452, -0.897042914685939, -0.1402364220176025]","[0.6122077812084242, 0.35353679377281505, -0.6125678385927565, -0.35351663496714697]","[480.22579554801223, 5.433735302133131, 9.995784565659834]",5.580000000000198,100.0,0.0,"[50.0, 86.39837072640847, 86.39837072640846]",43
23,609942288,settled,Dk4i_0005,unmatched,,"[-0.6615657420037585, 0.6011805735348285, -0.4450209339615182, 0.05356356361715848]","[-0.6125356351841627, 0.35329243720766385, -0.612572776106581, 0.3531842910075139]","[480.4636255876824, 5.951663927198859, 9.68768517468792]",5.640000000000218,100.0,0.0,"[50.0, 89.17113209624466, 89.17113209624468]",44
24,3405943863,settled,Dk4i_0008,unmatched,,"[0.7845222555156509, 0.5211125294606916, 0.14359868610630752, -0.30388481302667647]","[0.6124136766676445, 0.3538241534490235, 0.3536145534941555, -0.6121394486745882]","[480.3303032772954, 13.755484596541697, 5.429604426312565]",5.1800000000000646,100.0,0.0,"[50.0, 88.85295758834785, 88.85295758834786]",23
25,2257503667,settled,Dk4i_0006,unmatched,,"[0.6034227644478223, 0.39225425648930207, -0.5079168677173587, -0.4733265480620753]","[0.6122426496358908, 0.3534582027701112, -0.6124367108607309, -0.35376194262729355]","[480.02568049894575, 5.4343263980836, 9.99504090011923]",5.470000000000161,100.0,0.0,"[50.0, 84.3982275899069, 84.39822758990691]",35
26,4018327298,settled,Dk4i_0006,unmatched,,"[-0.7659205575247773, -0.2830695053767261, 0.5022718464389246, -0.28453531759966677]","[-0.6126124520132048, -0.3529635826264346, 0.6128657346734059, 0.3528714840293948]","[480.2251097990234, 5.444148932451057, 9.988480297979816]",5.270000000000095,100.0,0.0,"[50.0, 92.08372653779878, 92.08372653779877]",31
27,2224437599,settled,Dk4i_0020,unmatched,,"[-0.6123369115304546, 0.06270447467512338, 0.5201098551092568, -0.5921126533450277]","[-0.5004281351978948, 0.49969048052801585, 0.5003618589349463, -0.4995188838224268]","[480.23039939122646, 10.28808347636952, 5.94057114791596]",5.320000000000111,100.0,0.0,"[50.0, 88.83884838337625, 88.83884838337623]",39
28,168388230,settled,Dk4i_0021,unmatched,,"[0.611570761245609, 0.02118769316912591, 0.654066567917755, 0.44466752791262565]","[0.500261624319427, 0.4993862281757607, 0.5003521156659764, 0.49999946268996837]","[480.1415536007374, 9.70611546694782, 5.954928801834687]",5.230000000000081,100.0,0.0,"[50.0, 87.78759961613852, 87.78759961613854]",28
29,911875363,settled,Dk4i_0020,unmatched,,"[0.4179313099460675, -0.6409283940444419, -0.2553852315313794, 0.59103519132962]","[0.5000887643189412, -0.500000167735772, -0.4997235106288803, 0.500187437857951]","[480.0727201256206, 10.304670909136119, 5.945628040461231]",5.250000000000088,100.0,0.0,"[50.0, 87.1354138064349, 87.13541380643491]",22
30,3699796293,settled,Dk4i_0003,unmatched,,"[-0.30739590938505207, 0.5248451890741236, -0.7006219887471803, 0.37306046598779463]","[-0.6830891504254126, 0.18256740570758012, -0.6831372981431132, 0.18270683301403742]","[479.9414981566654, 10.015265183578528, 5.429748653773537]",5.190000000000068,100.0,0.0,"[50.0, 88.62528004208255, 88.62528004208257]",28
31,3195154224,settled,Dk4i_0009,unmatched,,"[0.12201026212475458, -0.7550394894311968, 0.42152916537896845, 0.48717761450074515]","[-0.182854124802456, -0.6836291065097944, 0.1826936893762997, 0.6825237209338766]","[480.0253787613287, 9.993227948663586, 5.437205378609476]",5.220000000000078,100.0,0.0,"[50.0, 90.84108360079767, 90.84108360079769]",22
32,3621210587,settled,Dk4i_0017,unmatched,,"[-0.19518508667563716, -0.23685537345835786, 0.3018603443143305, -0.9025977213209435]","[0.0001287096611418681, -2.7572834785022086e-05, -0.00027891700231064245, -0.9999999524394327]","[480.6413625999971, 5.943989866935831, 13.749736753806364]",5.410000000000141,100.0,0.0,"[50.0, 90.72767027297662, 90.72767027297664]",17
33,1945778437,settled,Dk4i_0014,unmatched,,"[0.5994480898969989, 0.5232689771236637, 0.5614537647935656, -0.22720307017715616]","[-0.0001022368042276749, 0.7069901410025508, 0.7072233230018727, 0.0003185514374136654]","[480.12065877056807, 13.746741324559686, 5.9446979454982545]",5.280000000000098,100.0,0.0,"[50.0, 88.39469818729464, 88.39469818729462]",15
34,2384190687,settled,Dk4i_0001,unmatched,,"[0.6271519910898339, 0.7556355349822913, 0.01241359428343946, -0.18852379431002778]","[0.8660409025889799, 0.4999730370607487, 0.00020650045233699954, -0.00027315321618343047]","[480.5705125144213, 5.435656057473079, 16.247016552787706]",5.210000000000075,100.0,0.0,"[50.0, 90.1911032942114, 90.19110329421142]",17
35,3249086786,settled,Dk4i_0009,unmatched,,"[-0.1597703233753325, 0.4897195982284835, -0.5779003828038035, -0.6329923431090553]","[0.18294460362622544, 0.6830007174862585, -0.1829625499328396, -0.6830563646137651]","[480.2328426748, 9.993314976938139, 5.434136795544262]",5.350000000000121,100.0,0.0,"[50.0, 92.44913368735862, 92.44913368735864]",25
36,439485575,settled,Dk4i_0004,unmatched,,"[0.5212781417789312, 0.09256863769634534, -0.808698544051474, 0.25633339826790696]","[0.683102769029906, 0.1834292175996074, -0.6827910088668825, -0.18308677528706402]","[480.690396000674, 9.703550606426264, 5.954134438364043]",5.300000000000105,100.0,0.0,"[50.0, 89.26789949277533, 89.26789949277531]",27
37,2217192537,settled,Dk4i_0016,unmatched,,"[-0.21740486374478168, -0.112592853649051, -0.6073056375673959, 0.7558027765932958]","[0.0005429044062942312, 0.0003286846268393262, -0.8661465193254618, 0.49978976008078535]","[480.2703394087414, 5.959772861650434, 13.7528266836559]",5.160000000000058,100.0,0.0,"[50.0, 89.0534702866949, 89.05347028669492]",31
38,3412522237,settled,Dk4i_0019,unmatched,,"[-0.24621569511367875, -0.5467507847628059, 0.7917514866850981, -0.11649461005935267]","[-0.3533176771560587, -0.6124454188705712, 0.6124746301717413, -0.353485580058772]","[480.70656612992394, 16.25967171985767, 5.945565536779385]",5.270000000000095,100.0,0.0,"[50.0, 91.95536178796628, 91.95536178796627]",17
39,555567425,settled,Dk4i_0021,unmatched,,"[-0.4612726253349569, -0.6958366341102525, -0.5223568792301665, 0.17373034987483388]","[-0.5001339977513855, -0.49985140063638883, -0.5001250832391609, -0.49988945046888117]","[480.7012477479537, 9.689004489219093, 5.950388570719799]",5.310000000000108,100.0,0.0,"[50.0, 89.54658784717327, 89.54658784717329]",21
40,3399977417,settled,Dk4i_0021,unmatched,,"[0.8655048205669646, 0.02649245432845738, 0.32018421698658933, 0.38429366717613994]","[0.49989265082461687, 0.5000836342327235, 0.5002018849206605, 0.4998217389689523]","[480.437203154754, 9.706172083683189, 5.945360721460121]",5.380000000000131,100.0,0.0,"[50.0, 91.16050210727897, 91.16050210727899]",33
41,2903099886,settled,Dk4i_0001,unmatched,,"[-0.9275430186800664, -0.235950465654843, 0.17719537592713272, -0.22933191013283477]","[-0.8659393953906085, -0.500148879279335, 0.0002078554097174612, -0.00013734009301724637]","[480.17690518078683, 5.435789153941084, 16.253682321484607]",5.320000000000111,100.0,0.0,"[50.0, 92.76368833278856, 92.76368833278858]",30
42,151712926,settled,Dk4i_0007,unmatched,,"[0.7767554207616434, -0.4945431487690227, -0.02057994009867571, -0.3894284997127939]","[0.6123745109416179, -0.35340825390268815, -0.3532680868844602, -0.6126187421320548]","[480.1370267563754, 13.754157815159848, 5.946854654945471]",5.220000000000078,100.0,0.0,"[50.0, 90.79436556831571, 90.7943655683157]",18
43,1207582415,settled,Dk4i_0010,unmatched,,"[-0.43303184102989717, 0.26753182802764564, -0.22157253360287404, 0.831754626076253]","[-0.18268782621124624, 0.6833331635694292, -0.18204811650453903, 0.6830369162772648]","[480.21319217692206, 10.280321535935292, 5.945295945059418]",5.200000000000071,100.0,0.0,"[50.0, 90.29528837568496, 90.29528837568498]",32
44,2486821540,settled,Dk4i_0015,unmatched,,"[0.1594260365462531, -0.38474526354833694, 0.9006348849824816, 0.12414195503884198]","[-3.959868042174852e-05, 3.563654841864938e-05, 0.8660303880492799, 0.49999136406261546]","[479.941400225142, 5.439346524123285, 13.750141893617663]",5.0900000000000345,100.0,0.0,"[50.0, 92.24552147500403, 92.24552147500401]",24
45,1259821421,settled,Dk4i_0023,unmatched,,"[-0.32259113934371036, 0.05897052116106503, -0.5412481782532801, -0.7742789187291779]","[-0.61192269338426, -0.3541981154417134, -0.6121601785770472, -0.35405399037916424]","[480.3853559734678, 5.458097503066007, 9.982114449401418]",5.390000000000135,100.0,0.0,"[50.0, 90.85617447251384, 90.85617447251386]",38
46,597594931,settled,Dk4i_0023,unmatched,,"[-0.17871979468227023, -0.894261750835104, -0.36951140635140683, -0.17837173699402925]","[-0.6119724903420813, -0.35324972526963694, -0.6127865792890363, -0.353831755082382]","[480.5358482579366, 5.427871123215661, 9.998586682988634]",5.550000000000188,100.0,0.0,"[50.0, 89.72314999390134, 89.72314999390133]",33
47,2865206418,settled,Dk4i_0015,unmatched,,"[-0.02304740513733, -0.04508619876411423, 0.7730641006988977, 0.632303683373775]","[-0.0004795404594661879, 0.000371654847195313, 0.8656356658532914, 0.5006740715439049]","[480.16041213222877, 5.4328963324058765, 13.755438487196056]",5.270000000000095,100.0,0.0,"[50.0, 87.50558464733345, 87.50558464733344]",32
48,3003750881,settled,Dk4i_0022,unmatched,,"[-0.3199398432093655, 0.16753826196273716, 0.4776615276337274, -0.8008800737465539]","[-0.612321534116912, 0.35350899832442917, 0.6124650964960916, -0.3535254340700302]","[480.58940038163814, 5.946078926227342, 10.291760754173563]",5.470000000000161,100.0,0.0,"[50.0, 89.4341833750247, 89.43418337502469]",24
49,3312495928,settled,Dk4i_0017,unmatched,,"[-0.0645330648177024, -0.0038038643413784616, 0.42946817366907813, -0.9007652868348409]","[0.00022403900482298456, 0.0001337640022873198, 0.0002331506225768591, -0.9999999387772498]","[480.22137275503417, 5.948245492237532, 13.746718461780961]",5.250000000000088,100.0,0.0,"[50.0, 87.65578018817047, 87.65578018817048]",20
50,3078168926,settled,Dk4i_0017,unmatched,,"[0.0747193812888315, 0.25057809186231017, 0.15564422601431893, 0.9525767732035362]","[-1.3587473923770688e-07, 0.00017164105292941033, 7.0646075665544184e-06, 0.9999999852447108]","[480.0484908763829, 5.95173876179905, 13.747074543440677]",5.400000000000138,100.0,0.0,"[50.0, 90.56335339470118, 90.5633533947012]",34
51,1005097259,settled,Dk4i_0019,unmatched,,"[-0.6801311659388386, -0.5348920800158797, 0.3007708324979351, -0.40105980373687483]","[-0.35337895044445083, -0.6124292359628282, 0.6125170273344708, -0.3533788895026245]","[480.4521811366864, 16.249415600677434, 5.933500522723173]",5.040000000000018,100.0,0.0,"[50.0, 90.8959289484595, 90.89592894845951]",23
52,1646080115,settled,Dk4i_0022,unmatched,,"[-0.5522257028074862, -0.16147308682972467, 0.6507326016280868, -0.495500046989705]","[-0.6115148349562168, 0.35453719000617817, 0.612085914346441, -0.35454734661209303]","[480.65407322152316, 5.9851104573523175, 10.278466828020814]",5.540000000000185,100.0,0.0,"[50.0, 90.35550363072818, 90.3555036307282]",27
53,2175304393,settled,Dk4i_0015,unmatched,,"[0.4635177847490668, -0.3631238729793856, 0.7637832286457282, 0.2644380754227277]","[-0.00013949320301140378, -0.00019617263335103274, 0.8660692907208016, 0.49992391994013635]","[479.9487007707839, 5.437358593896429, 13.748581638155516]",5.320000000000111,100.0,0.0,"[50.0, 92.4756058235619, 92.47560582356189]",31
54,3907648593,settled,Dk4i_0020,unmatched,,"[-0.5606148293844427, 0.6692917164969598, 0.42495561750449845, -0.23910737013771846]","[-0.5001329141494572, 0.4998966577845795, 0.49990245832618974, -0.5000679272654976]","[480.69284251598117, 10.293602513432063, 5.94557529233732]",5.230000000000081,100.0,0.0,"[50.0, 87.82022264960169, 87.82022264960167]",26
55,1971688097,settled,Dk4i_0001,unmatched,,"[-0.7670451610843334, -0.5854990613356909, 0.19452063009749831, 0.17605196533582376]","[-0.8660565742034732, -0.4999457613725013, -0.0004074901931268581, -0.0002826948113360261]","[479.90448410304407, 5.434493998948466, 16.25917962385976]",5.210000000000075,100.0,0.0,"[50.0, 92.41722159403194, 92.41722159403196]",24
56,268300483,settled,Dk4i_0016,unmatched,,"[0.16069949385948554, -0.1473121650444817, 0.9459423078805231, -0.2401415184112949]","[-0.000291038994888998, 4.9475875527504876e-05, 0.8660381782779251, -0.49997778612003785]","[479.99900955918207, 5.960390960996059, 13.752713460517668]",5.280000000000098,100.0,0.0,"[50.0, 89.13074308377722, 89.13074308377723]",24
57,3139098279,settled,Dk4i_0003,unmatched,,"[0.8218696626780811, -0.0530459906765047, 0.5409598824621232, 0.1705250304475304]","[0.6829119710371283, -0.1826650974304552, 0.6831858427628819, -0.18308961260343953]","[480.0493866333304, 9.997355180679282, 5.426312868665085]",5.280000000000098,100.0,0.0,"[50.0, 88.82101238631464, 88.82101238631465]",24
58,3174456534,settled,Dk4i_0019,unmatched,,"[0.08486702368824024, 0.578487481595668, -0.8085728801483829, 0.06602817138123637]","[0.35353481486597466, 0.6124097163879372, -0.612438187349259, 0.3533934643250798]","[480.3281589289577, 16.258084698043046, 5.9477459584952355]",5.200000000000071,100.0,0.0,"[50.0, 91.7629148546063, 91.76291485460628]",21
59,997026310,settled,Dk4i_0016,unmatched,,"[0.11339847940532417, -0.26350367621587667, -0.34201138662076364, 0.8948378673877303]","[0.0003662359493921685, 0.0001132238651961881, -0.8660757249384702, 0.49991268409982254]","[480.4747250651479, 5.9473999303203335, 13.753680437776321]",5.080000000000031,100.0,0.0,"[50.0, 90.29664873816664, 90.29664873816662]",39
60,4280428995,settled,Dk4i_0016,unmatched,,"[0.040082764222048275, -0.3945078544329628, 0.8849169822152643, -0.24429256924853357]","[-0.0003730416427668304, -0.0001227353591282676, 0.8660666332449957, -0.49992842743301025]","[480.6046457567719, 5.957304119406797, 13.747678303247504]",5.420000000000145,100.0,0.0,"[50.0, 90.35486662819265, 90.35486662819267]",31
61,345698675,settled,Dk4i_0015,unmatched,,"[0.1799933627723881, -0.12901717489034167, -0.7131556542542776, -0.6651059845967076]","[-7.796625801997914e-06, -0.00027405877249897515, -0.8656563168546649, -0.5006386580365302]","[480.7434784533941, 5.435975520903631, 13.748316393961325]",5.320000000000111,100.0,0.0,"[50.0, 89.19013682083077, 89.19013682083079]",32
62,2296661869,settled,Dk4i_0016,unmatched,,"[0.17970682933787863, 0.07114079317206774, 0.5188104045949198, -0.8327545899724789]","[-0.0003431495159846032, 0.00016315224834828612, 0.8661085389188037, -0.49985583365775454]","[480.2527953037156, 5.950309503506261, 13.748100719567365]",5.140000000000051,100.0,0.0,"[50.0, 88.83341242031649, 88.8334124203165]",21
63,1808063307,settled,Dk4i_0014,unmatched,,"[0.2033581204969602, 0.7445317657791194, 0.5727615353710702, -0.2761560214319879]","[0.00028925415271611153, 0.7071146700127363, 0.707098807487163, 0.0001903550530953724]","[480.2830141056659, 13.746246051673186, 5.949072676729507]",5.240000000000085,100.0,0.0,"[50.0, 87.67113725688002, 87.67113725688003]",21
64,3884888703,settled,Dk4i_0006,unmatched,,"[0.6793004957295425, 0.4230084733751552, -0.5069137185358015, -0.32039530257889964]","[0.612282046697603, 0.3532597835141793, -0.6128007569355358, -0.35326116817808295]","[479.90111570080654, 5.424307746981757, 9.991552562983385]",5.440000000000151,100.0,0.0,"[50.0, 87.22828878920475, 87.22828878920477]",25
65,2494461129,settled,Dk4i_0008,unmatched,,"[0.6988770933263098, 0.586695007864493, -0.028007765136989552, -0.40813642481734236]","[0.6124514497800391, 0.3532990911405858, 0.35383878828584986, -0.6122753349318963]","[480.32053580026195, 13.750461737985754, 5.431993611819822]",5.240000000000085,100.0,0.0,"[50.0, 90.25714509639393, 90.25714509639394]",23
66,3862701690,settled,Dk4i_0011,unmatched,,"[0.32442249600288015, -0.49395592226430945, -0.12500221364868, 0.7969517159340374]","[0.0002629037379699162, -0.7071711212768113, 0.0003196302465412748, 0.7070423141158014]","[480.6381830477992, 5.942731013131095, 9.713319343746335]",5.520000000000178,100.0,0.0,"[50.0, 88.96620388699462, 88.9662038869946]",32
67,1989052338,settled,Dk4i_0011,unmatched,,"[-0.42870128489106196, -0.8600027388149851, 0.11578295519546317, 0.25140565795081565]","[0.00029325161389137655, -0.707142751152623, -4.800514012404111e-05, 0.7070707469491982]","[480.02469781200074, 5.945716284938896, 9.703859819985137]",5.350000000000121,100.0,0.0,"[50.0, 91.09256785754931, 91.09256785754933]",26
68,2910179760,settled,Dk4i_0005,unmatched,,"[0.6874480246775395, -0.6293776814475954, 0.0713303005926424, -0.35526178471651215]","[0.6124241456794394, -0.353357134780323, 0.6125703077993606, -0.35331716501076804]","[480.35180000350624, 5.948466803033159, 9.702903156953536]",5.580000000000198,100.0,0.0,"[50.0, 91.3769906084651, 91.37699060846512]",32
69,1983180500,settled,Dk4i_0007,unmatched,,"[0.5537040183723525, -0.21712226630328488, -0.041601373278368714, -0.8028319296434271]","[0.6122359001489954, -0.35355149829485844, -0.35311790974995566, -0.6127611952759673]","[479.9646495663867, 13.764072996093844, 5.946137181809217]",5.1800000000000646,100.0,0.0,"[50.0, 89.2476455968695, 89.24764559686952]",22
70,2796940620,settled,Dk4i_0014,unmatched,,"[0.6429623651661133, 0.4498104375355989, 0.5600263962080593, -0.2657826232360657]","[-4.607221984673163e-05, 0.7071580731686863, 0.7070554759719824, -0.0001064318328131809]","[480.3770640114597, 13.749970024092512, 5.942697296495257]",5.310000000000108,100.0,0.0,"[50.0, 89.41760128544449, 89.41760128544448]",21
71,2835193311,settled,Dk4i_0010,unmatched,,"[-0.03739039526881122, -0.9208521173882708, -0.08934805188513095, -0.3776906960298498]","[0.1820149692409087, -0.683756464772274, 0.1818665560195113, -0.6828412726658774]","[480.6060796130862, 10.284960943992262, 5.951467878666043]",5.570000000000195,100.0,0.0,"[50.0, 92.30594791843974, 92.30594791843976]",34
72,1671370085,settled,Dk4i_0003,unmatched,,"[-0.8264346652783222, -0.1321621962163896, -0.3527524311990733, 0.41845503964071346]","[-0.6830715859719261, 0.18292509819572836, -0.6828888708788106, 0.18334232167654063]","[480.2729133009865, 10.00049530505922, 5.442225090424065]",5.280000000000098,100.0,0.0,"[50.0, 90.5181899774647, 90.51818997746469]",32
73,3953588250,settled,Dk4i_0022,unmatched,,"[0.4702031123833249, 0.021406761150447595, -0.8422546634947904, 0.26278863275141723]","[0.612052466903304, -0.3535777035550523, -0.6125491590563881, 0.3537769255415446]","[480.0683345714579, 5.955156304473458, 10.289673945147868]",5.480000000000165,100.0,0.0,"[50.0, 89.89173633142778, 89.8917363314278]",34
74,358542842,settled,Dk4i_0017,unmatched,,"[0.10735659184234503, 0.2029367794254412, -0.02907667244048502, -0.9728544458778069]","[-4.934562869740589e-05, -0.00028316836538073173, -2.047766651980085e-05, -0.9999999584806746]","[480.550292077041, 5.940907583017612, 13.748864528551346]",5.230000000000081,100.0,0.0,"[50.0, 87.46803430428032, 87.46803430428034]",19
75,3497188667,settled,Dk4i_0015,unmatched,,"[0.2919765679122567, -0.048747198747361525, 0.9150532874671483, 0.2739541485358981]","[0.00020954801697029013, -0.0002507861716113946, 0.8658674117669496, 0.5002734436644908]","[480.5170455596842, 5.437544220092558, 13.747597153383621]",5.340000000000118,100.0,0.0,"[50.0, 89.91389249121079, 89.9138924912108]",26
76,253549709,settled,Dk4i_0019,unmatched,,"[0.30010673307083396, 0.5155344203869836, -0.6703577212910298, 0.44133970551866974]","[0.3534706136031676, 0.6126555768691299, -0.6124195860386054, 0.3530636204516934]","[480.6354619365987, 16.257476078319602, 5.938140417740487]",5.170000000000061,100.0,0.0,"[50.0, 90.68712385043864, 90.68712385043862]",21
77,1953331372,settled,Dk4i_0017,unmatched,,"[-0.14150696466078264, -0.1808100534266529, 0.05662958103217592, -0.971636039926712]","[-7.691441273727229e-05, -0.0001062606778344105, 0.00018278571312944203, -0.999999974691112]","[480.15278230622766, 5.9512284239982245, 13.747222371968823]",5.350000000000121,100.0,0.0,"[50.0, 90.30376933091107, 90.30376933091108]",19
78,890775398,settled,Dk4i_0022,unmatched,,"[0.6001554371354401, -0.15560007509735826, -0.7567404099813465, 0.2072342148578009]","[0.6121861729154962, -0.3535022380641853, -0.612489749220132, 0.35372385341527407]","[480.06780466316263, 5.9380886854482915, 10.300249235346445]",5.490000000000168,100.0,0.0,"[50.0, 87.45532362898257, 87.45532362898255]",43
79,642810498,settled,Dk4i_0010,unmatched,,"[0.2022732219215205, -0.9256380572142716, -0.08491884377451847, -0.3083318353690952]","[0.18306505285927308, -0.6831669547531122, 0.1829013519661834, -0.6828742152138512]","[480.16051221029034, 10.298972014485262, 5.949431443562633]",5.350000000000121,100.0,0.0,"[50.0, 92.06244308571691, 92.06244308571692]",36
80,1233062494,settled,Dk4i_0007,unmatched,,"[0.6484705890085933, -0.1699505138861542, -0.1394193506500166, -0.7288106494042248]","[0.612563953676036, -0.35358224611773714, -0.35324679828723243, -0.6123411609445658]","[480.6227890545176, 13.75986439682788, 5.951430817636992]",5.1200000000000445,100.0,0.0,"[50.0, 87.24716349270585, 87.24716349270584]",17
81,908446902,settled,Dk4i_0019,unmatched,,"[0.22250656114612832, 0.8486682401872814, -0.3923837536671801, 0.2762028931825312]","[0.35363457223628836, 0.6123692910123459, -0.6126127195640481, 0.35306103802690436]","[480.0111078422787, 16.25271554184829, 5.944007192878728]",5.270000000000095,100.0,0.0,"[50.0, 90.61969911479162, 90.6196991147916]",18
82,3109591194,settled,Dk4i_0023,unmatched,,"[-0.7393603768084694, -0.47008268318612156, -0.4348076896123711, -0.2081124148822611]","[-0.6121061106628544, -0.3533826354139665, -0.6123820909134401, -0.3541680349855933]","[480.01709505478294, 5.430358372832145, 9.996712991237109]",5.480000000000165,100.0,0.0,"[50.0, 90.01019337884449, 90.0101933788445]",27
83,2446198906,settled,Dk4i_0003,unmatched,,"[0.46838088924676186, -0.6025678945606854, 0.5917783634461127, -0.25947956295276087]","[0.6833541053662885, -0.18349986758115308, 0.6824523440733391, -0.18334056655727782]","[480.1074245109085, 9.992632630466243, 5.437251488968079]",5.270000000000095,100.0,0.0,"[50.0, 88.4973850453372, 88.49738504533718]",34
84,3358664237,settled,Dk4i_0015,unmatched,,"[0.024765616581336785, 0.0070959192151057865, -0.5881586200781739, -0.8083351716915311]","[0.00030903767420334405, -9.023851221229284e-05, -0.8660546152551543, -0.4999492971771976]","[480.55640554660175, 5.4346716361225615, 13.750206262802582]",5.310000000000108,100.0,0.0,"[50.0, 86.99521138362545, 86.99521138362546]",26
85,896344283,settled,Dk4i_0008,unmatched,,"[-0.38634312381259117, -0.4288502954339026, -0.23248445573040505, 0.7828009917167457]","[-0.6126076550348637, -0.35333428578301695, -0.35324437308265016, 0.6124419616325586]","[480.6185668351952, 13.74471577300115, 5.432405547817776]",5.110000000000041,100.0,0.0,"[50.0, 87.62988499179798, 87.62988499179797]",20
86,1869944201,settled,Dk4i_0008,unmatched,,"[0.670371325755256, 0.3999286459601908, 0.031112881082000495, -0.6242526350576072]","[0.6122528662825037, 0.35350912357106196, 0.3536469431103099, -0.6124635229216606]","[480.2795432826047, 13.746348872879043, 5.435124831470936]",5.160000000000058,100.0,0.0,"[50.0, 89.97519468126855, 89.97519468126853]",24
87,3190319407,settled,Dk4i_0017,unmatched,,"[-0.4447457840659689, 0.06240244522790489, 0.13797312136129672, 0.8827630147253258]","[-5.1156110519590126e-05, -3.4404232933140066e-05, -0.0002816565046633381, 0.9999999584345064]","[479.8968670311967, 5.94328190294796, 13.749367738085953]",5.300000000000105,100.0,0.0,"[50.0, 89.71815867545945, 89.71815867545943]",29
88,987968938,settled,Dk4i_0005,unmatched,,"[-0.8775247888270632, -0.11605795115981574, -0.46151621007641014, -0.05902190104792356]","[-0.6116552118694811, 0.353466074066856, -0.6130292390328367, 0.3537439587717159]","[480.6319653660386, 5.940973627024624, 9.702199833514186]",5.5600000000001915,100.0,0.0,"[50.0, 90.90660648036145, 90.90660648036146]",33
89,48960437,settled,Dk4i_0014,unmatched,,"[0.2114012471439735, 0.6114095541866983, 0.6451706556466325, -0.406500547167762]","[0.00039315536429695107, 0.7076375761915541, 0.7065754682694971, -0.0001176024790796363]","[480.62425613950984, 13.755514573460516, 5.946882314753502]",5.230000000000081,100.0,0.0,"[50.0, 89.12211482174436, 89.12211482174435]",23
90,2405484524,settled,Dk4i_0006,unmatched,,"[-0.3417230195255686, -0.4212427763487342, 0.8142340509593118, 0.20688840363521335]","[-0.6130737663512192, -0.3534002190112151, 0.6119653379378347, 0.3531957918455257]","[480.11334575057435, 5.433631506018987, 10.002294533264621]",5.500000000000171,100.0,0.0,"[50.0, 87.893935636824, 87.89393563682398]",30
91,3763400334,settled,Dk4i_0019,unmatched,,"[0.10769911928143597, 0.8032662467918286, -0.5638345914346622, 0.15891755715678432]","[0.3538425573671906, 0.612282859195036, -0.612448571237128, 0.353287266288213]","[480.12979650972204, 16.26575365404174, 5.944694507653126]",5.220000000000078,100.0,0.0,"[50.0, 90.07972950575373, 90.07972950575375]",20
92,4209925572,settled,Dk4i_0009,unmatched,,"[-0.2551440352611338, -0.7322693535047043, 0.09629130523668734, 0.6240281241452846]","[-0.18309560650853263, -0.682974682474306, 0.18314717927115248, 0.6829924543517402]","[480.52102075991775, 10.008961516952642, 5.433061114658971]",5.190000000000068,100.0,0.0,"[50.0, 85.00207689304156, 85.00207689304159]",24
93,4172993659,settled,Dk4i_0015,unmatched,,"[0.02061258821177018, -0.08279958466112873, -0.5816412641634049, -0.8089578417999006]","[5.306902503873779e-05, 0.00010103723836840663, -0.8657730181305597, -0.500436877190577]","[480.2855900018973, 5.433160764274282, 13.73647518202513]",5.330000000000115,100.0,0.0,"[50.0, 88.25803353598702, 88.25803353598701]",29
94,2147595062,settled,Dk4i_0022,unmatched,,"[0.2212092258062878, -0.37459868996068196, -0.8561954135913807, 0.2786964543064874]","[0.6125195997027214, -0.3540377850227549, -0.6117938238422446, 0.35381535278261217]","[479.9206852113994, 5.951638172852905, 10.290280872517682]",5.630000000000215,100.0,0.0,"[50.0, 87.55043088215169, 87.5504308821517]",25
95,3425188374,settled,Dk4i_0012,unmatched,,"[0.5059250338539225, 0.5109554085324367, 0.07321181329946617, 0.6910893292511195]","[0.0006756323962991696, 0.7073070803476027, 0.0003518455527521392, 0.7069060148391172]","[480.66686838343014, 5.943530431859307, 10.304487382380994]",5.510000000000175,100.0,0.0,"[50.0, 91.69676406234937, 91.69676406234939]",38
96,3309235867,settled,Dk4i_0013,unmatched,,"[-0.24306734196876895, -0.9520584383161628, 0.18532314741948006, -0.012582858568879786]","[-1.1546115173735994e-05, -0.9999999932560665, 6.835825869982992e-05, -9.317565529266964e-05]","[480.588920424837, 5.945542820476687, 16.24464649240627]",5.280000000000098,100.0,0.0,"[50.0, 91.82058162213437, 91.82058162213436]",36
97,3869940862,settled,Dk4i_0011,unmatched,,"[0.4370446962991622, 0.5315879670277385, -0.0712213307553231, -0.7220344097018713]","[0.000840666827361225, 0.7070551446337267, -0.00032506058926218273, -0.7071578395675739]","[480.4769819244368, 5.9519120403109484, 9.693608775159463]",5.420000000000145,100.0,0.0,"[50.0, 89.46622006174553, 89.46622006174553]",23
98,3445858407,settled,Dk4i_0018,unmatched,,"[0.3661788719150667, -0.41659059920173236, 0.7948487591076118, 0.24613158384254633]","[0.353298280527427, -0.6127654060620354, 0.6121565515092463, 0.35350139823528276]","[480.43166261045263, 16.25322425136536, 5.432272995482838]",5.210000000000075,100.0,0.0,"[50.0, 92.42767426757449, 92.42767426757447]",16
99,683688611,settled,Dk4i_0003,unmatched,,"[-0.682405748726563, 0.305727349839879, -0.6632158721570864, 0.03158937453857804]","[-0.6831845117539164, 0.1830130756448629, -0.6827711425442589, 0.18327221270934096]","[480.4644648394215, 10.006134162666426, 5.432690492853248]",5.260000000000091,100.0,0.0,"[50.0, 87.9636213476034, 87.96362134760341]",29
100,3671515462,settled,Dk4i_0022,unmatched,,"[0.6402118711341894, -0.3304223695691226, -0.27371010904364496, 0.6372068690421518]","[0.6122401658368106, -0.3536958663344316, -0.6123203797713469, 0.35373007504412746]","[480.17367276911045, 5.94205053497604, 10.295506880031978]",5.410000000000141,100.0,0.0,"[50.0, 91.1595698697062, 91.15956986970617]",33
101,3027130951,settled,Dk4i_0021,unmatched,,"[0.4323985038399516, -0.027103271289900536, 0.5777234325488388, 0.6917604947135565]","[0.5007887119291365, 0.49961341293787787, 0.4999507713565036, 0.4996462046658203]","[480.6528445540802, 9.703473314830006, 5.9613553484954975]",5.310000000000108,100.0,0.0,"[50.0, 90.22532531086725, 90.22532531086726]",34
102,3369736057,settled,Dk4i_0021,unmatched,,"[0.392632373983932, 0.52958689597549, 0.7336367340362236, 0.1647867742977288]","[0.49986727277487225, 0.49992221760553723, 0.5002803615826023, 0.49993004087347476]","[480.53216125750544, 9.706601635858563, 5.948112506148906]",5.210000000000075,100.0,0.0,"[50.0, 85.79673785166128, 85.79673785166126]",36
103,1655287705,settled,Dk4i_0021,unmatched,,"[-0.338374559147956, -0.8339932412337537, -0.3591333831681041, -0.24694360569181797]","[-0.5008406636115159, -0.4987777130242611, -0.5006181618992789, -0.4997608214336652]","[480.6183702341962, 9.697764590007273, 5.966029097154502]",5.250000000000088,100.0,0.0,"[50.0, 89.08145378599994, 89.08145378599995]",23
104,3004971955,settled,Dk4i_0024,unmatched,,"[0.5983807723644567, 0.14162009627689387, 0.0638763219609358, 0.7860050986398133]","[0.706976153120592, 0.00037584260096405905, -0.0004867320857173201, 0.7072371177709957]","[480.0484280088696, 16.262709274679946, 5.94172154856224]",5.1800000000000646,100.0,0.0,"[50.0, 91.96320922811266, 91.96320922811267]",15
105,1256815592,settled,Dk4i_0003,unmatched,,"[-0.8963728679837667, 0.2073247730587596, -0.3124893183533954, -0.23639489405171335]","[-0.682826951979158, 0.18282160330058708, -0.6832969051328784, 0.18283586752408773]","[480.4010802351767, 10.005791106604777, 5.433862735763342]",5.460000000000158,100.0,0.0,"[50.0, 92.10953259193022, 92.10953259193023]",33
106,267482411,settled,Dk4i_0015,unmatched,,"[0.4002740386498517, -0.1331578089714626, 0.5374979806924249, 0.7301682084591344]","[-0.00012967541931169224, -0.00010110961639692162, 0.8660357580445215, 0.4999820384267641]","[480.5030764841641, 5.426780319122979, 13.75172829619678]",5.430000000000148,100.0,0.0,"[50.0, 91.72512838968007, 91.72512838968008]",30
107,2210323869,settled,Dk4i_0015,unmatched,,"[-0.03946429185382657, -0.17456744636691948, 0.9180226636504986, 0.35384059315100097]","[0.0002341787429911979, -0.000318699375732201, 0.8660945789108078, 0.4998800095746326]","[480.3592789642583, 5.447508877372425, 13.74865348696322]",5.1800000000000646,100.0,0.0,"[50.0, 89.52600074028916, 89.52600074028918]",25
108,3218958405,settled,Dk4i_0003,unmatched,,"[-0.404214603219616, -0.0038812743139640593, -0.9040684339258072, 0.13876511460971241]","[-0.6829263006733385, 0.18336296003424596, -0.6830772614963608, 0.18274339266507195]","[480.16572448016785, 10.01511305235036, 5.434847873606746]",5.170000000000061,100.0,0.0,"[50.0, 88.4431118843272, 88.44311188432721]",22
109,3163371865,settled,Dk4i_0002,unmatched,,"[0.8462289503461226, -0.5167025404202564, -0.06457889602577149, 0.11289204802573749]","[0.865983781684841, -0.5000720635892222, 0.0001047899636733296, -0.00010047637671772858]","[480.0026384838301, 5.93830076519644, 16.257579643471953]",5.250000000000088,100.0,0.0,"[50.0, 90.01763009150301, 90.01763009150302]",23
110,1394697297,settled,Dk4i_0022,unmatched,,"[-0.527043442183119, 0.08164700032060408, 0.5638111724638022, -0.6306155240678819]","[-0.612053333495848, 0.3538724448293635, 0.6123373189203611, -0.3538474496227625]","[479.91323866946067, 5.960112619746301, 10.290482736390324]",5.480000000000165,100.0,0.0,"[50.0, 89.08806095691907, 89.08806095691905]",39
111,4178031102,settled,Dk4i_0016,unmatched,,"[0.14205173309217967, 0.22217751906063563, 0.8725296558567031, -0.4112790473634079]","[-2.6920946239905597e-05, 0.00012908137994449564, 0.865948724668266, -0.5001327712304641]","[480.3494562376582, 5.953561073209631, 13.750502101861398]",5.1200000000000445,100.0,0.0,"[50.0, 90.33499512899328, 90.3349951289933]",24
112,643453088,settled,Dk4i_0017,unmatched,,"[0.16125469630250971, -0.1583389287120832, -0.45793045026355916, -0.8597821871242212]","[-0.0001010144322319273, 7.780370445564333e-05, 2.2764796459889358e-05, -0.9999999916122161]","[480.081691865231, 5.946194231806583, 13.755104697421132]",5.230000000000081,100.0,0.0,"[50.0, 88.80424286658322, 88.80424286658324]",22
113,3249835323,settled,Dk4i_0019,unmatched,,"[-0.4388154353499695, -0.6030056891706321, 0.6417647301759779, -0.17878250369827034]","[-0.35355264682513615, -0.6124436692182432, 0.6123514293354668, -0.3534671200384085]","[480.6442636593031, 16.254506290738796, 5.946477597801719]",5.300000000000105,100.0,0.0,"[50.0, 90.12739680997655, 90.12739680997653]",25
114,349764347,settled,Dk4i_0008,unmatched,,"[-0.30489753517779516, -0.43322652470872064, -0.6190352861678763, 0.5797823607271656]","[-0.6125384418959532, -0.35286107531516, -0.3535395809724956, 0.6126136493850748]","[480.459863404667, 13.752707810954231, 5.424758062346318]",5.140000000000051,100.0,0.0,"[50.0, 89.89820045332502, 89.89820045332503]",23
115,317791015,settled,Dk4i_0001,unmatched,,"[0.5443368254782056, 0.8017468445001573, -0.08128455950703292, 0.2330069487120453]","[0.8660223528233097, 0.5000052448612653, 0.00018900088492512784, 6.164633189315037e-05]","[480.50976382672064, 5.442138488248119, 16.257316706021353]",5.0600000000000245,100.0,0.0,"[50.0, 92.47487864685964, 92.47487864685965]",30
116,4067508317,settled,Dk4i_0023,unmatched,,"[0.5955590242325951, 0.7207480982005338, 0.2068895066340097, 0.28814642048821065]","[0.6123128579232947, 0.35343659457166593, 0.6122225555003686, 0.35403259761777456]","[480.4803820395324, 5.448698329114171, 9.995053834256595]",5.630000000000215,100.0,0.0,"[50.0, 90.42546633235077, 90.42546633235078]",31
117,2385507088,settled,Dk4i_0002,unmatched,,"[0.7935180967557761, -0.5842239107778282, 0.16865601414313822, -0.02380338400102947]","[0.8659984536312634, -0.5000466427397164, -0.00018121389516009834, -2.354831952866565e-05]","[480.58451375391104, 5.95435867872881, 16.256141766552197]",5.240000000000085,100.0,0.0,"[50.0, 90.62124658776683, 90.62124658776685]",21
118,1526028037,settled,Dk4i_0003,unmatched,,"[0.2630177601705282, -0.7900518183688993, 0.4937222272738805, -0.25075514834713364]","[0.683024800020537, -0.18318891180844685, 0.6829266346877092, -0.18311241569446585]","[480.5088118343288, 10.002324965553532, 5.440629715504753]",5.320000000000111,100.0,0.0,"[50.0, 92.29817293273305, 92.29817293273302]",36
119,297824171,settled,Dk4i_0002,unmatched,,"[-0.933932999720975, 0.21481804800681226, 0.26642393429049765, 0.10315350464185136]","[-0.8662387593992072, 0.4996302636820128, -6.455632884297403e-05, -8.461705043988356e-05]","[480.2379752823548, 5.947283415197183, 16.25035963366262]",5.340000000000118,100.0,0.0,"[50.0, 91.425322520536, 91.425322520536]",31
120,1353143832,settled,Dk4i_0006,unmatched,,"[0.5671219962586049, 0.5721035472805955, -0.5847319661804703, 0.09570109861091201]","[0.6124048536004946, 0.3531576265033003, -0.6125726230392644, -0.35354599082991706]","[480.6910276525412, 5.434004539051771, 9.990169792683721]",5.380000000000131,100.0,0.0,"[50.0, 88.91113376481255, 88.91113376481256]",30
121,1739382006,settled,Dk4i_0001,unmatched,,"[0.9563955010837077, 0.2085247552370943, 0.03434642180192158, -0.2016070317959121]","[0.8661196525777737, 0.4998367188177577, -2.3286110610420963e-05, 3.7387318680304205e-05]","[480.3856393385152, 5.434386933117934, 16.249527371609325]",5.300000000000105,100.0,0.0,"[50.0, 91.78383290807142, 91.78383290807143]",31
122,580680804,settled,Dk4i_0010,unmatched,,"[-0.16968873215430308, -0.36406722040316836, 0.42312173284399845, -0.8121753458477228]","[0.18270073328728612, -0.6830410494716525, 0.18181991297273076, -0.68338633732285]","[480.110321867169, 10.287801079821316, 5.943066574387055]",5.240000000000085,100.0,0.0,"[50.0, 91.47544458925819, 91.4754445892582]",21
123,2823014988,settled,Dk4i_0021,unmatched,,"[-0.41227841655831576, -0.6776159921022714, -0.6077500533991811, 0.03876786144108055]","[-0.500390839589191, -0.49977972043793395, -0.5001480363607014, -0.4996810787079492]","[480.252252913755, 9.688959178537326, 5.940589483355526]",5.380000000000131,100.0,0.0,"[50.0, 88.9700577810865, 88.97005778108648]",34
124,3517474495,settled,Dk4i_0015,unmatched,,"[-0.23672114932782023, 0.04142403951345284, -0.8289665791097921, -0.5050361938815002]","[0.00032442767667431593, 0.0002894244557832826, -0.8658568872827936, -0.5002915767081418]","[480.0384245419251, 5.4356662035655345, 13.748422651148735]",5.340000000000118,100.0,0.0,"[50.0, 90.0976616896824, 90.0976616896824]",24
125,1323262800,settled,Dk4i_0006,unmatched,,"[-0.6415921793379193, -0.5698607289892506, 0.4583733999693336, -0.23132671953065048]","[-0.6121609304871183, -0.3538167758850897, 0.6122399922558617, 0.3538853997694286]","[480.41446021489446, 5.433750741566262, 10.000023222037619]",5.220000000000078,100.0,0.0,"[50.0, 89.61670761505361, 89.6167076150536]",31
126,975802718,settled,Dk4i_0015,unmatched,,"[0.1828500380211907, -0.3326974519297312, -0.8638549380056043, -0.3311086153491733]","[0.00044827410531173006, 0.00027510192344787354, -0.8659901405935172, -0.500060796067917]","[480.5130332774721, 5.437732895197011, 13.749706673726807]",5.310000000000108,100.0,0.0,"[50.0, 90.7131145001242, 90.71311450012422]",27
127,2199045525,settled,Dk4i_0003,unmatched,,"[-0.22696590219673, 0.3044849169639917, -0.8281543798994311, 0.4122326256312622]","[-0.6831022557949854, 0.18368830610036288, -0.6825700850343899, 0.18365182641598674]","[479.9866406220456, 9.99375863859385, 5.4413254570975615]",5.1500000000000545,100.0,0.0,"[50.0, 90.32163297957085, 90.32163297957086]",35
128,1193102617,settled,Dk4i_0011,unmatched,,"[0.264923181569912, 0.29490665124873133, -0.18009117139264283, -0.9002293846029246]","[0.0001299937411888552, 0.7069957141410674, -0.00029838438718268745, -0.7072177558959807]","[480.04917743255623, 5.950389520744442, 9.700321968180157]",5.630000000000215,100.0,0.0,"[50.0, 88.64288570207091, 88.64288570207093]",22
129,884894373,settled,Dk4i_0015,unmatched,,"[0.24323434425598156, -0.33171914018306525, 0.7142081939729147, 0.5663092101251029]","[-3.530118634870183e-05, -4.2602372952338374e-05, 0.8661127168820396, 0.4998487357131917]","[480.711244901589, 5.445383499135302, 13.75154581829429]",5.360000000000125,100.0,0.0,"[50.0, 90.3501036456108, 90.35010364561079]",30
130,3411013638,settled,Dk4i_0010,unmatched,,"[0.3126121128521153, -0.6949372831241458, -0.027806151001005218, -0.6469641855533245]","[0.18253576423368217, -0.6827540564208189, 0.1827894220727839, -0.6834585725520169]","[480.39154370429435, 10.295850252136633, 5.951270806738081]",5.280000000000098,100.0,0.0,"[50.0, 87.67879299728955, 87.67879299728956]",33
131,805745625,settled,Dk4i_0011,unmatched,,"[-0.3424978912137264, 0.6707485143263009, 0.13948719511167293, -0.6429113060470228]","[0.0004071223978988348, 0.707185359228088, -1.9200411378095254e-05, -0.7070280769362258]","[480.6366208379835, 5.951785630230969, 9.700239327586747]",5.390000000000135,100.0,0.0,"[50.0, 87.72240255346593, 87.72240255346594]",28
132,3780170430,settled,Dk4i_0006,unmatched,,"[-0.45454422231488245, -0.5278795953913799, 0.4315643283729163, 0.5731360337700163]","[-0.6125172760217702, -0.3530427598526464, 0.6128937342241655, 0.3529088647785083]","[479.9641329967766, 5.442151735925469, 9.98565158576027]",5.460000000000158,100.0,0.0,"[50.0, 84.34117728286877, 84.34117728286878]",28
133,3127142703,settled,Dk4i_0001,unmatched,,"[0.8109661425997057, 0.5741242930685939, -0.029942342788381628, 0.10871369634863957]","[0.8660489611348795, 0.49995898334582006, -0.00016878896143934788, 0.0004282514407773497]","[480.67509632377727, 5.432067932978017, 16.24754535184647]",5.210000000000075,100.0,0.0,"[50.0, 91.17920693609719, 91.17920693609717]",23
134,2145807442,settled,Dk4i_0002,unmatched,,"[-0.9662686388106635, 0.17809795131962475, 0.1504178008414682, -0.10945557352988719]","[-0.8660584557716676, 0.4999426655863504, -0.00023812588332056128, 0.00016002772545575805]","[480.33521137777564, 5.949302305146051, 16.25542822292815]",5.290000000000101,100.0,0.0,"[50.0, 92.00592605508822, 92.00592605508824]",30
135,7356014,settled,Dk4i_0022,unmatched,,"[0.4988490939016427, -0.7433352498905929, -0.3422532345282446, 0.2854207617510581]","[0.6123415809660532, -0.3536651534276725, -0.6124100059085067, 0.353429953645865]","[480.17210721231913, 5.952478425819506, 10.287762374901698]",5.440000000000151,100.0,0.0,"[50.0, 88.02916478882287, 88.02916478882288]",36
136,1854214563,settled,Dk4i_0008,unmatched,,"[-0.4786522849747108, 0.042381572721339654, -0.04037269627946136, 0.8760512757694499]","[-0.6123941196232864, -0.35352675900634656, -0.35360984198776646, 0.6123335304935339]","[479.9283772468955, 13.757565090226631, 5.431439668665872]",5.300000000000105,100.0,0.0,"[50.0, 89.69943434286803, 89.69943434286802]",23
137,3246756741,settled,Dk4i_0009,unmatched,,"[-0.08399953635894963, -0.5055213412894473, 0.5871633428450268, 0.626603112194197]","[-0.1826144355482714, -0.6831448130745679, 0.18240661809389255, 0.683149294059687]","[480.38392760427797, 9.994004790352278, 5.438299023234349]",5.220000000000078,100.0,0.0,"[50.0, 90.37486804577178, 90.37486804577176]",27
138,4269520782,settled,Dk4i_0021,unmatched,,"[-0.5194752963382888, -0.681171635858136, -0.44299430503509846, -0.2643986851386907]","[-0.500063559629805, -0.4998740998474783, -0.4999135946189569, -0.5001486964365648]","[480.15610163696584, 9.716373114383023, 5.9455650117759165]",5.330000000000115,100.0,0.0,"[50.0, 86.77502229892302, 86.775022298923]",26
139,3093880402,settled,Dk4i_0019,unmatched,,"[-0.05416076341648033, -0.7478633609396701, 0.6225989594738519, -0.22391413696379583]","[-0.3539219858145744, -0.612240171263188, 0.61212888948928, -0.35383530533471574]","[480.1167374258148, 16.258709284132937, 5.943657299589111]",5.270000000000095,100.0,0.0,"[50.0, 91.57778202872038, 91.57778202872039]",23
140,721312908,settled,Dk4i_0005,unmatched,,"[0.9460509825279109, 0.08363880904516226, 0.11253047497721545, -0.29211124641287545]","[0.6123816832969688, -0.3529272140876805, 0.6130196188181692, -0.3530410775854648]","[480.17296408227895, 5.9596892312039875, 9.696609911624767]",5.670000000000228,100.0,0.0,"[50.0, 91.77443936612248, 91.7744393661225]",31
141,2185234596,settled,Dk4i_0019,unmatched,,"[0.658049694064986, 0.4307563872776133, -0.5116749430735624, 0.3458443112025753]","[0.35360558649444135, 0.6123973204625547, -0.6123642229586653, 0.3534723037671205]","[480.46553249157216, 16.243677354297482, 5.938680928916888]",5.170000000000061,100.0,0.0,"[50.0, 91.64309241737304, 91.64309241737303]",21
142,1811372632,settled,Dk4i_0003,unmatched,,"[-0.7830079767653161, 0.2912889024962417, -0.5406254869584637, 0.09886033813084501]","[-0.6824396740337176, 0.18322776945811176, -0.6834097329644752, 0.18345248075069223]","[480.63156640842783, 10.002627676955832, 5.44007446212023]",5.350000000000121,100.0,0.0,"[50.0, 84.70327601109184, 84.70327601109183]",32
143,158871473,settled,Dk4i_0015,unmatched,,"[0.2953320344710821, 0.049810363611343736, -0.7414813692062492, -0.6004192670227223]","[0.000400595539682691, -0.00029287388955456795, -0.8660339380353526, -0.49998497169322753]","[480.03664677295717, 5.431881233444202, 13.755224046788449]",5.210000000000075,100.0,0.0,"[50.0, 88.97820610467826, 88.97820610467825]",31
144,3933942357,settled,Dk4i_0023,unmatched,,"[-0.5223161875567112, 0.16004639687034006, -0.6757715829697406, -0.4948774784889842]","[-0.6121085192424816, -0.3541659804175793, -0.6120892970482913, -0.3538874276158453]","[480.5135415421861, 5.453541863980013, 9.987675007812523]",5.350000000000121,100.0,0.0,"[50.0, 89.70148386047201, 89.70148386047202]",18
145,2247311752,settled,Dk4i_0013,unmatched,,"[0.17245837010463527, -0.918707757440569, -0.27106461152521216, 0.22969140902101487]","[-0.00018835804169172214, -0.9999999819169041, 2.6092042958669737e-05, -2.577791486119496e-06]","[479.8810436732622, 5.944826262760348, 16.248814665671308]",5.350000000000121,100.0,0.0,"[50.0, 91.48000853090107, 91.48000853090109]",25
146,2639539135,settled,Dk4i_0013,unmatched,,"[0.24645239917756623, 0.9491774324123663, 0.19576363711496306, -0.00012297239657634696]","[0.00023864983663862997, 0.9999999543836813, -0.00014618137514449406, 0.00011362172552185363]","[480.50449454773997, 5.9351493679583545, 16.241459492865577]",5.380000000000131,100.0,0.0,"[50.0, 90.86517002556391, 90.8651700255639]",26
147,588020478,settled,Dk4i_0004,unmatched,,"[-0.5541136395536193, -0.535687911217833, 0.6371731857264717, 0.0026206157474491726]","[-0.683056917389744, -0.1826525151479874, 0.6829370383543021, 0.18348925843217476]","[480.2140287235604, 9.710793603227424, 5.9482214998529255]",5.140000000000051,100.0,0.0,"[50.0, 88.4290500776183, 88.42905007761831]",19
148,2481404281,settled,Dk4i_0007,unmatched,,"[0.47312332071797125, -0.36721755019782076, -0.5034863658683956, -0.6227415785092134]","[0.6123584237326642, -0.35345749914210234, -0.35360015584721016, -0.6124147997629437]","[480.05556386622766, 13.751348586219098, 5.943162425961221]",5.240000000000085,100.0,0.0,"[50.0, 88.87751207259905, 88.87751207259906]",18
149,3605935409,settled,Dk4i_0023,unmatched,,"[0.43758170113077044, -0.04842813697409204, 0.8423244287835887, 0.3109124105903791]","[0.6124055229243687, 0.354161065553656, 0.6118555796848235, 0.3537826518445729]","[480.0133454113416, 5.449798181684202, 9.994426155554692]",5.380000000000131,100.0,0.0,"[50.0, 89.70723392064917, 89.70723392064916]",39
150,1724216363,settled,Dk4i_0002,unmatched,,"[0.9038264397716476, -0.3574809547607453, -0.07814863091813816, 0.2218060532056667]","[0.8659604391938882, -0.500112328473486, 0.00040729299163841387, -0.00010379005531319098]","[480.6213787678509, 5.948330697477674, 16.25805778354448]",5.270000000000095,100.0,0.0,"[50.0, 90.04931831682576, 90.04931831682578]",19
151,3705963873,settled,Dk4i_0021,unmatched,,"[-0.24027385609289806, -0.5535180547836926, -0.6057941642682696, -0.5185553660364869]","[-0.49943026322474854, -0.5002768700179712, -0.500065644231302, -0.5002267655372046]","[480.44989882981633, 9.714316854898945, 5.940688648365314]",5.280000000000098,100.0,0.0,"[50.0, 88.07759274655893, 88.07759274655895]",25
152,3077038052,settled,Dk4i_0012,unmatched,,"[0.1080488437677232, 0.9024479935694852, 0.290136968917735, 0.2995556801833302]","[-0.0003910730470328139, 0.7070194359295426, -0.0003171779309663337, 0.7071939363978622]","[480.48105701664076, 5.954328127994306, 10.293979100450306]",5.660000000000225,100.0,0.0,"[50.0, 91.72896175643133, 91.72896175643135]",33
153,3012538924,settled,Dk4i_0015,unmatched,,"[-0.2967683441627183, 0.032054318743469104, 0.7489957090204642, 0.5915289497748546]","[-6.189784041210622e-06, -7.961573346293438e-05, 0.8664211404505845, 0.4993139303117129]","[480.55820541948646, 5.422710481643249, 13.746708957276812]",5.200000000000071,100.0,0.0,"[50.0, 87.59863708901776, 87.59863708901774]",25
154,339579960,settled,Dk4i_0009,unmatched,,"[0.10943307599770635, -0.7653763970695862, 0.4390938896072842, 0.457624222256652]","[-0.182632852629884, -0.683076712040297, 0.1824529210490517, 0.6832001011483803]","[480.0823422083769, 9.993648741380461, 5.434159126686808]",5.190000000000068,100.0,0.0,"[50.0, 91.04688626019704, 91.04688626019706]",20
155,3595527923,settled,Dk4i_0006,unmatched,,"[0.2823598288094946, 0.23222413686361007, -0.7567781334317684, -0.5418779697424069]","[0.6122896308519179, 0.35268696689841117, -0.6131110593865289, -0.3532819556517848]","[480.3427064525577, 5.444257409526363, 9.985768736063036]",5.5900000000002015,100.0,0.0,"[50.0, 90.31484243263822, 90.3148424326382]",44
156,863450078,settled,Dk4i_0020,unmatched,,"[0.7155061920956329, -0.5773152119456528, -0.01774451200080499, 0.39299257934827014]","[0.500145933775887, -0.5000987913583854, -0.49994712947857134, 0.49980807470014416]","[480.6463010320875, 10.297842366239813, 5.9396227800348065]",5.0300000000000145,100.0,0.0,"[50.0, 91.55473696282647, 91.55473696282648]",31
157,1293846983,settled,Dk4i_0015,unmatched,,"[-0.18121937706311114, -0.3645890702557667, 0.8980017844289259, -0.16681469476445587]","[7.440383489376591e-05, -3.01408176824336e-05, 0.8658604335665862, 0.5002856215598086]","[480.56437814516323, 5.439485402937599, 13.751355572275212]",5.350000000000121,100.0,0.0,"[50.0, 92.10405047153883, 92.10405047153881]",22
158,297175216,settled,Dk4i_0008,unmatched,,"[-0.8477666509896012, -0.1312003505967588, -0.01452264579268696, 0.5136801205345047]","[-0.6126837836698759, -0.35330170920586607, -0.35341744608503195, 0.6122847313978295]","[480.3556079096452, 13.751264504141128, 5.4301176365604436]",5.280000000000098,100.0,0.0,"[50.0, 90.19733859622852, 90.1973385962285]",28
159,1619853330,settled,Dk4i_0014,unmatched,,"[0.15586584480866492, 0.8197316892259058, 0.5503561712418267, -0.029221240168093774]","[0.00017175190383541308, 0.7068589385689061, 0.7073544822060385, 0.00021901952065111064]","[480.5533923341969, 13.761016567920747, 5.933715849637503]",5.190000000000068,100.0,0.0,"[50.0, 89.46193487762366, 89.46193487762368]",22
160,1315304267,settled,Dk4i_0005,unmatched,,"[-0.4261424284512491, 0.323448349614014, -0.8134978350905626, 0.22804619731232195]","[-0.6119391857045731, 0.35356818200840345, -0.6127562913121286, 0.35362367161702063]","[480.6474278783051, 5.958117281177359, 9.702720361647467]",5.450000000000155,100.0,0.0,"[50.0, 86.62499645823696, 86.62499645823698]",40
161,3174143715,settled,Dk4i_0016,unmatched,,"[0.21028905661679084, 0.04956162990199746, 0.6021092416687611, -0.7686264493274656]","[-2.0626971859255553e-05, 9.839183194826352e-05, 0.8660254797745642, -0.4999998582747912]","[480.4875532158962, 5.948680628544176, 13.749560768620563]",5.130000000000048,100.0,0.0,"[50.0, 88.398651876514, 88.39865187651401]",26
162,1039824701,settled,Dk4i_0017,unmatched,,"[0.01929008521369939, -0.13940476716176264, -0.33327631338561314, 0.9322666477146534]","[5.225687810506141e-05, 0.00019142929293875473, 0.00026281749486602055, 0.999999945775503]","[480.3191103917736, 5.94946595798681, 13.742716314550886]",5.1800000000000646,100.0,0.0,"[50.0, 89.07700637389856, 89.07700637389857]",25
163,721441559,settled,Dk4i_0022,unmatched,,"[0.46336501333295005, -0.46209886921724336, -0.18784827917029898, 0.732441481280148]","[0.6119625906372032, -0.35439261276886, -0.6122356510347702, 0.35365968285555976]","[479.9663582546202, 5.9561086583677945, 10.288731059828898]",5.500000000000171,100.0,0.0,"[50.0, 91.13540348618405, 91.13540348618406]",37
164,4105799406,settled,Dk4i_0004,unmatched,,"[0.8527785751162813, 0.07031150942377336, -0.23963750908264853, -0.45869255248571367]","[0.6827577592312898, 0.1830230750324289, -0.6831993869416492, -0.18325663398004716]","[480.3826186108108, 9.704861980006934, 5.947857000283978]",5.200000000000071,100.0,0.0,"[50.0, 89.64282320550798, 89.64282320550797]",27
165,1633137197,settled,Dk4i_0007,unmatched,,"[0.7236837473945174, -0.25836959954595595, -0.3369182255788813, -0.5440708529780555]","[0.6121004568952043, -0.3537747079563304, -0.353274483789589, -0.6126774239208548]","[480.01422052057467, 13.751657446333832, 5.940998313453481]",5.1800000000000646,100.0,0.0,"[50.0, 89.05404296470297, 89.05404296470299]",23
166,1521883525,settled,Dk4i_0022,unmatched,,"[-0.5517513661834995, 0.22633379929291328, 0.7597306458933603, -0.2591385476974333]","[-0.6123214976076208, 0.3541627787124481, 0.611822311205549, -0.3539838545094089]","[480.5804892742951, 5.960757553128101, 10.295147442685986]",5.5600000000001915,100.0,0.0,"[50.0, 87.84714363128036, 87.84714363128037]",29
167,3988848284,settled,Dk4i_0003,unmatched,,"[0.7716485919791595, -0.43616381321231806, 0.404354639949391, 0.22542604927574153]","[0.6833238914701293, -0.18345374240978254, 0.6826304439106203, -0.1828356113790573]","[480.5363644524106, 10.000117136405757, 5.4351714618930735]",5.430000000000148,100.0,0.0,"[50.0, 90.13469642445956, 90.13469642445958]",29
168,2356674901,settled,Dk4i_0002,unmatched,,"[-0.27157585302068527, 0.8944891783916432, 0.23089258753045264, -0.2698597391605915]","[-0.8661201567567219, 0.4998358344024425, -0.00010832641649857755, 3.118193470774688e-05]","[479.87656548128376, 5.955934790800963, 16.255012059065418]",5.480000000000165,100.0,0.0,"[50.0, 91.65799428789546, 91.65799428789548]",27
169,3622559309,settled,Dk4i_0005,unmatched,,"[-0.28730237314646756, 0.13582052279844167, -0.8446638484557238, 0.4307587666932988]","[-0.6126036816404071, 0.353179948983647, -0.6124066752281299, 0.35346671273622815]","[479.8939320202808, 5.945894135843071, 9.69240453773814]",5.360000000000125,100.0,0.0,"[50.0, 88.99831174750571, 88.99831174750572]",32
170,855568988,settled,Dk4i_0016,unmatched,,"[-0.05865782718403258, -0.1040160805530854, 0.9877741037645836, -0.10021094864582358]","[-0.00019901944983957698, 5.776725070921751e-05, 0.865968641077669, -0.5000982600692575]","[480.6789990938315, 5.9474057037042805, 13.745455050196233]",5.240000000000085,100.0,0.0,"[50.0, 88.31011118831535, 88.31011118831533]",28
171,2610361744,settled,Dk4i_0008,unmatched,,"[0.8768837609624777, 0.09896632620723421, 0.0167945194244441, -0.47010475444803335]","[0.6124955634351992, 0.3534027288247096, 0.3534195241551328, -0.6124135334701596]","[480.4604192477335, 13.741457946996888, 5.4331371937627475]",5.320000000000111,100.0,0.0,"[50.0, 91.07587581276314, 91.07587581276316]",31
172,3797455899,settled,Dk4i_0020,unmatched,,"[-0.4969180501798989, 0.4726899551502556, 0.24221087694672733, -0.686272940450193]","[-0.5002949876619119, 0.4994514176887904, 0.5006178639611731, -0.4996348276211109]","[479.9591422348968, 10.283088180189685, 5.948757897011719]",5.300000000000105,100.0,0.0,"[50.0, 90.6448219245062, 90.64482192450622]",24
173,3701701166,settled,Dk4i_0023,unmatched,,"[0.038018151991904496, 0.4712419557531807, 0.8264302886090928, 0.30577543610716856]","[0.6120509536265862, 0.3539203732219552, 0.6123424152853584, 0.35379480779925543]","[480.50950104985077, 5.438594118081609, 9.990026394401298]",5.380000000000131,100.0,0.0,"[50.0, 87.40069168147569, 87.40069168147568]",39
174,1820757617,settled,Dk4i_0018,unmatched,,"[-0.5010353124202004, 0.6673439701378755, -0.2903095196649054, -0.46833324035406926]","[-0.3536522589335884, 0.6123736919616287, -0.6123822815570064, -0.35343525910623275]","[480.0959432054197, 16.24854140080872, 5.430869428424605]",5.300000000000105,100.0,0.0,"[50.0, 92.67892724522477, 92.67892724522478]",14
175,3255375637,settled,Dk4i_0016,unmatched,,"[0.16079504159719665, 0.03163046504438766, 0.9836813166119124, -0.07426665218983812]","[0.00028222711697753483, -0.00011000936989896683, 0.8659705455715312, -0.5000949134397766]","[479.95057311670246, 5.943769738856778, 13.73700097052246]",5.250000000000088,100.0,0.0,"[50.0, 89.06283892492121, 89.06283892492122]",28
176,1973362254,settled,Dk4i_0009,unmatched,,"[0.4370329981051625, 0.6281019972483824, 0.25933110964107237, -0.5892685425102347]","[0.18261158785299147, 0.6832963688386062, -0.18270680398398376, -0.6829182265042739]","[479.9488131915824, 9.992635324437638, 5.437839250192157]",5.260000000000091,100.0,0.0,"[50.0, 89.50547393069493, 89.50547393069493]",32
177,817567550,settled,Dk4i_0004,unmatched,,"[-0.6508066209752018, 0.08221533458115264, 0.55707091057372, 0.5092773129122438]","[-0.6826442287201856, -0.18323558157963016, 0.683260580063809, 0.1832390743511467]","[480.15645175554886, 9.710366132499965, 5.952563410482475]",5.380000000000131,100.0,0.0,"[50.0, 88.26782242794454, 88.26782242794455]",28
178,3034277235,settled,Dk4i_0003,unmatched,,"[0.8184751723934598, -0.1985326357737203, 0.4910595501215825, -0.22258414800390608]","[0.68312731059084, -0.1832043308215939, 0.682913151079466, -0.182764544635585]","[480.25154831619096, 10.00342174668301, 5.428608250773575]",5.210000000000075,100.0,0.0,"[50.0, 85.66638982754228, 85.66638982754229]",22
179,422340604,settled,Dk4i_0009,unmatched,,"[-0.10515306509406758, -0.6939169060083207, 0.5688745799846401, 0.4287235387804846]","[-0.18294968781880466, -0.6830401343242378, 0.18299299929871532, 0.6830074295620726]","[480.08688514386006, 10.01001109749998, 5.43375912102366]",5.320000000000111,100.0,0.0,"[50.0, 92.1921994516042, 92.19219945160421]",36
180,2537213971,settled,Dk4i_0019,unmatched,,"[0.23132630909009871, 0.46561995068971057, -0.8276594625733378, 0.21134335630740153]","[0.35426246667865774, 0.6123563350837411, -0.6123892996604603, 0.35284156394468774]","[480.5785767453668, 16.264332159168795, 5.943944335709168]",5.280000000000098,100.0,0.0,"[50.0, 92.29373205310566, 92.29373205310564]",20
181,2777209301,settled,Dk4i_0005,unmatched,,"[0.32930012781810725, 0.01867638849719574, 0.9112679827706169, -0.24658321497792762]","[0.6124684669584805, -0.3532010384383795, 0.6126487727176464, -0.3532603639175233]","[480.5877360448878, 5.957825021421773, 9.700873486473448]",5.340000000000118,100.0,0.0,"[50.0, 88.61731406751855, 88.61731406751856]",25
182,3393578195,settled,Dk4i_0015,unmatched,,"[-0.15397492832795756, 0.3309463782688252, -0.9275545927691834, -0.08005431649787881]","[5.8747442413964464e-05, 0.0003151645670739223, -0.8657125843168526, -0.5005413255421275]","[480.07580047651214, 5.456896952063311, 13.746042102811371]",5.1800000000000646,100.0,0.0,"[50.0, 91.8144001113079, 91.81440011130789]",37
183,968986378,settled,Dk4i_0009,unmatched,,"[-0.4905117620949998, -0.29508233684492746, 0.22153130108786623, 0.7894608973007544]","[-0.1823489358865636, -0.6829685387872013, 0.18242547007828147, 0.6833913874747259]","[480.68243467656544, 9.996925733908004, 5.434763571384999]",5.390000000000135,100.0,0.0,"[50.0, 90.26426608619443, 90.26426608619444]",25
184,688328363,settled,Dk4i_0021,unmatched,,"[0.6574786135502686, 0.48651254614584893, 0.39037759997999605, 0.4226496712415117]","[0.5000301197217896, 0.5001956597169008, 0.5002688806344665, 0.49950498339868965]","[480.1853425255595, 9.688188575996522, 5.953106327189576]",5.370000000000128,100.0,0.0,"[50.0, 84.75536787839982, 84.75536787839984]",40
185,4152859901,settled,Dk4i_0005,unmatched,,"[0.8341644144507744, 0.048874222441177215, 0.5394240533290614, -0.10393618587774474]","[0.61205352216173, -0.35326152671073074, 0.6131021063606589, -0.3531325345129614]","[480.6137604969023, 5.9604101466094415, 9.698291946107899]",5.510000000000175,100.0,0.0,"[50.0, 87.26851959046677, 87.26851959046678]",29
186,1795468969,settled,Dk4i_0001,unmatched,,"[0.6958911543690574, 0.6723588408308361, 0.1118583646721971, -0.22617868308126884]","[0.8661255444219366, 0.4998264283228887, 0.00019162091791774527, 0.00021478177771266926]","[480.7145705003035, 5.43585641258084, 16.253928443315353]",5.1800000000000646,100.0,0.0,"[50.0, 90.3792127580752, 90.37921275807518]",27
187,2590496957,settled,Dk4i_0014,unmatched,,"[0.1047572316295402, 0.8643758926302282, 0.4643415446167823, 0.16207149226163065]","[-7.049745691622638e-05, 0.7072996636237852, 0.7069138386978974, 7.433163577683083e-05]","[480.5824365969841, 13.755158172806945, 5.942331545067196]",5.1800000000000646,100.0,0.0,"[50.0, 89.7476392896929, 89.74763928969288]",17
188,3299187091,settled,Dk4i_0009,unmatched,,"[0.20222460773203968, 0.2009896358457774, -0.3863384758428723, -0.8771835363215675]","[0.18274513682656696, 0.6830675857417163, -0.18299169818073646, -0.6830350845104171]","[480.5326393497836, 9.990246824687608, 5.426335251249501]",5.370000000000128,100.0,0.0,"[50.0, 89.96747288282619, 89.96747288282617]",27
189,1977285233,settled,Dk4i_0014,unmatched,,"[-0.32756654353009235, 0.8699542333514705, 0.3587758928499423, 0.08461471587927127]","[-7.810037264304029e-05, 0.7071821252977185, 0.7070314246023562, 1.3582946906147574e-05]","[479.8807531729548, 13.754860928221639, 5.948443788686323]",5.1500000000000545,100.0,0.0,"[50.0, 91.8634674023635, 91.86346740236348]",20
190,2229299064,settled,Dk4i_0024,unmatched,,"[-0.619164876115041, -0.029487633076919168, 0.09038781523465148, -0.7794840463653336]","[-0.7070683763005856, 9.412115587337237e-05, 0.0001582653258203128, -0.7071451600123897]","[480.61305572528767, 16.264788200748466, 5.947289466961344]",5.220000000000078,100.0,0.0,"[50.0, 90.84984966761505, 90.84984966761506]",13
191,621973311,settled,Dk4i_0015,unmatched,,"[0.16166114230001008, 0.06193822841095333, -0.8426691729137268, -0.5098411477631677]","[-5.191700207468619e-05, -0.000343583602502473, -0.8660528986104847, -0.4999522537836092]","[480.32992479959063, 5.4449449528588225, 13.754207115517913]",5.240000000000085,100.0,0.0,"[50.0, 88.75849788794066, 88.75849788794068]",23
192,3137073118,settled,Dk4i_0001,unmatched,,"[-0.9517371159511713, -0.13330978245545402, -0.10058018127309286, -0.2575045458971512]","[-0.8658607394085386, -0.5002850713733069, -0.00011490900090471712, 0.00011877636833040883]","[480.34392409745533, 5.430784508049005, 16.247259561293355]",5.170000000000061,100.0,0.0,"[50.0, 90.74393701107874, 90.74393701107876]",18
193,1722482046,settled,Dk4i_0013,unmatched,,"[0.08813421819190732, -0.994524617110877, -0.03387195651061283, 0.0447865616709708]","[0.0002490849045350853, -0.999999918547722, -6.61449701729322e-05, 0.00031062212217722015]","[479.8991926665954, 5.949290783213495, 16.245393119560926]",5.260000000000091,100.0,0.0,"[50.0, 90.11501773014668, 90.11501773014669]",30
194,2843863878,settled,Dk4i_0005,unmatched,,"[-0.792454714480961, 0.19954686388438475, -0.5738415226829097, 0.0538746828831977]","[-0.6125339295446951, 0.3534771427843259, -0.6122640929321975, 0.35353751596043864]","[480.3533089192174, 5.9429975821696, 9.701779626305942]",5.450000000000155,100.0,0.0,"[50.0, 85.56114992729668, 85.5611499272967]",34
195,3220027874,settled,Dk4i_0024,unmatched,,"[0.7896857943755625, -0.03461262758727217, -0.1393528469326443, 0.5964722090967093]","[0.707135923221858, -0.00013810950877226951, 0.0007198886617910627, 0.7070772579960756]","[480.6972755605909, 16.256964439657075, 5.940648143082977]",5.190000000000068,100.0,0.0,"[50.0, 91.18439618100525, 91.18439618100527]",27
196,2854411774,settled,Dk4i_0020,unmatched,,"[0.25812684870484337, -0.42701643641739917, -0.8403627789845408, 0.21170236820704633]","[0.5002574688059356, -0.49973676504743525, -0.5001993392445699, 0.4998062140300965]","[480.57658998586277, 10.292162013999109, 5.9522160829410735]",5.410000000000141,100.0,0.0,"[50.0, 87.45267812837719, 87.45267812837717]",27
197,656915034,settled,Dk4i_0016,unmatched,,"[0.12784497927697372, 0.19566603027633855, -0.8798667290965462, 0.4137692652898647]","[-0.0003033503185098374, 0.00018483000351526835, -0.8661205812880198, 0.499834985255891]","[480.49412531301584, 5.948690870517316, 13.739279966642838]",5.200000000000071,100.0,0.0,"[50.0, 87.7837043081528, 87.78370430815279]",31
198,3284494407,settled,Dk4i_0017,unmatched,,"[0.06860253914579117, 0.045309811010266335, -0.15727795108926526, 0.9841261904604139]","[0.0004768931408944965, 1.862382954340527e-05, -0.0005221094466929546, 0.9999997498138741]","[480.5481987387487, 5.954631415254743, 13.74993550465579]",5.240000000000085,100.0,0.0,"[50.0, 88.1302164320808, 88.13021643208081]",27
199,1067328885,settled,Dk4i_0017,unmatched,,"[-0.25591978843345803, -0.19766273096154707, 0.15568931420534965, -0.9333784570683347]","[-0.00012960653500537767, 0.00019561902354334898, -3.241939161666549e-05, -0.9999999719421631]","[480.065341008144, 5.948971270092044, 13.745658913428235]",5.330000000000115,100.0,0.0,"[50.0, 90.6761978133982, 90.67619781339819]",29
200,1022616554,settled,Dk4i_0003,unmatched,,"[-0.8238360682547088, 0.3606969984141823, -0.22922594801049753, 0.37235369306119537]","[-0.6829567640275925, 0.18320548416932053, -0.6829317543834968, 0.18333037908083719]","[480.4795575123539, 9.994686103498557, 5.440875893594295]",5.490000000000168,100.0,0.0,"[50.0, 91.57723988604805, 91.57723988604806]",30
201,2676922396,settled,Dk4i_0008,unmatched,,"[0.5670889684174194, 0.5750736296769055, 0.14364165261314565, -0.5718981535064273]","[0.6126151165608024, 0.3535556434919192, 0.35330084775307996, -0.6122741517434528]","[480.1557188169107, 13.75306364421214, 5.431781873305375]",5.170000000000061,100.0,0.0,"[50.0, 90.50952254203789, 90.5095225420379]",21
202,2816620340,settled,Dk4i_0002,unmatched,,"[-0.7565840465540268, 0.6103532874587686, 0.21623990110412925, 0.09104806510126615]","[-0.8662040755105204, 0.4996903288124034, 0.00025672833727005684, 9.460907890457282e-05]","[480.6578468185424, 5.955813057079333, 16.248501472653444]",5.410000000000141,100.0,0.0,"[50.0, 92.43736829035612, 92.43736829035613]",25
203,955953799,settled,Dk4i_0009,unmatched,,"[0.11073782713774945, 0.9170597891921606, -0.07497005608619735, -0.37565671480498297]","[0.18227188400710836, 0.6835498091972048, -0.18195152419005053, -0.682956998274329]","[480.50079277781185, 9.991578570489677, 5.432669582595301]",5.200000000000071,100.0,0.0,"[50.0, 89.40696128491763, 89.40696128491764]",31
204,2242742075,settled,Dk4i_0006,unmatched,,"[-0.5055708590298321, -0.21761777531037735, 0.4139789610763628, 0.725025537588115]","[-0.6125496291801917, -0.3537700360278354, 0.612230723058535, 0.35327504177806973]","[480.54871331964955, 5.4333870581421815, 10.005024745156408]",5.480000000000165,100.0,0.0,"[50.0, 89.14068035059798, 89.14068035059799]",26
205,563646561,settled,Dk4i_0015,unmatched,,"[0.1809966848044624, -0.019574520890661435, 0.7801086826909813, 0.5985711999518831]","[-0.000127115298837438, -0.00045533421461829704, 0.8660532929114935, 0.49995146799425705]","[480.6478128477085, 5.441918156992061, 13.74138226711092]",5.310000000000108,100.0,0.0,"[50.0, 89.62085441870592, 89.62085441870593]",31
206,1252269686,settled,Dk4i_0015,unmatched,,"[-0.011368646951402817, -0.28266853817251103, 0.7576322028925588, 0.5881859370420873]","[9.548723593666432e-05, -0.00022229093383524526, 0.8658829292853143, 0.5002466334131715]","[480.343528874843, 5.43797749419692, 13.749590173868077]",5.200000000000071,100.0,0.0,"[50.0, 89.18900540386223, 89.18900540386224]",30
207,4027616480,settled,Dk4i_0023,unmatched,,"[-0.68043651234536, -0.516815929602009, -0.050263332945028244, -0.5170890106530511]","[-0.611662464092718, -0.35367139170968814, -0.6126659629246539, -0.35415532549965056]","[479.99944254924134, 5.438997809934922, 9.995461911423968]",5.600000000000205,100.0,0.0,"[50.0, 91.04292556119586, 91.04292556119587]",33
208,3293718972,settled,Dk4i_0014,unmatched,,"[-0.08516311405964443, 0.5620827045333399, 0.651702175353801, 0.5020901830421239]","[7.171304839988097e-05, 0.7070193488091512, 0.7071941116134538, 0.00035180389466138825]","[480.4204455522432, 13.753919266506951, 5.947604019652558]",5.200000000000071,100.0,0.0,"[50.0, 90.18824130291885, 90.18824130291887]",22
209,1890189631,settled,Dk4i_0009,unmatched,,"[-0.3394955856316147, 0.8200204556643811, -0.259860350300175, -0.3805020341213674]","[0.18271391016808342, 0.6829628633921447, -0.18249831664049782, -0.6832801172884199]","[480.4298933557563, 9.998038140710591, 5.440388514188284]",5.1500000000000545,100.0,0.0,"[50.0, 91.30406849021777, 91.30406849021779]",31
210,3852779429,settled,Dk4i_0018,unmatched,,"[-0.07873436011047828, 0.8811833971798156, -0.4645710261040449, -0.03860677113237618]","[-0.3536468893829171, 0.6122732305197233, -0.6122014227917304, -0.3539276575099915]","[480.72903935319425, 16.25809118391998, 5.428216457922723]",5.100000000000038,100.0,0.0,"[50.0, 91.10289485307572, 91.10289485307571]",21
211,3574699569,settled,Dk4i_0016,unmatched,,"[-0.014546357465746501, -0.03992950916464047, 0.7826885063450515, -0.6209611419547136]","[-0.00024078114841713516, 0.00012903803875097264, 0.8659784986566699, -0.5000811586512366]","[480.55968188803206, 5.939148647880669, 13.749351225588333]",5.1200000000000445,100.0,0.0,"[50.0, 86.93509168348037, 86.93509168348038]",30
212,2869775536,settled,Dk4i_0006,unmatched,,"[-0.3863819961020629, 0.2479889883113953, 0.7960141815311683, 0.39442595954848136]","[-0.6127116797790197, -0.35360565601792826, 0.6120214681526307, 0.353521088500815]","[480.16150356178304, 5.429645705243246, 10.003474398121757]",5.670000000000228,100.0,0.0,"[50.0, 89.54460753183194, 89.54460753183196]",35
213,4134650688,settled,Dk4i_0002,unmatched,,"[-0.7081233746404337, 0.6882251021543365, -0.14514896229160873, 0.0619618737464115]","[-0.8659186080089057, 0.5001845829524543, -3.140593179629114e-05, 0.0005884677272630645]","[480.0951860794113, 5.9458791672332145, 16.251423354909686]",5.230000000000081,100.0,0.0,"[50.0, 91.3895446134449, 91.38954461344488]",24
214,2427166635,settled,Dk4i_0019,unmatched,,"[-0.7325272346230783, -0.4320528088242486, 0.4107407595996201, -0.3286734691545241]","[-0.35362009229263197, -0.6122662274156143, 0.6125361796986465, -0.3533869347519647]","[480.66834691321293, 16.247450873767516, 5.947720848171428]",5.160000000000058,100.0,0.0,"[50.0, 90.86925178949515, 90.86925178949514]",20
215,1727678526,settled,Dk4i_0008,unmatched,,"[-0.817861978484829, -0.44515403845660717, -0.3381080399473218, 0.13646471894828646]","[-0.6123502971783914, -0.35344355151730106, -0.3537556327107204, 0.6123411808475816]","[480.64643560678877, 13.753194130806893, 5.435237877362493]",5.1800000000000646,100.0,0.0,"[50.0, 91.65075578939717, 91.65075578939718]",31
216,1757121035,settled,Dk4i_0001,unmatched,,"[-0.9059781301467139, -0.3465295566639513, 0.21530600688523707, -0.11297883630699883]","[-0.8662018575413679, -0.4996941018112507, 0.00027051147515597124, 0.00027098057712315887]","[480.2390291123246, 5.444990292564473, 16.245089069806188]",5.250000000000088,100.0,0.0,"[50.0, 92.19440863263084, 92.19440863263085]",35
217,3717735769,settled,Dk4i_0007,unmatched,,"[0.5094001570299311, -0.5002641495458026, -0.18323984826967746, -0.6757739405327805]","[0.6122821117991114, -0.3535929302936414, -0.35362143091230336, -0.61240063587223]","[480.50382471753085, 13.751618881428671, 5.939199184034346]",5.210000000000075,100.0,0.0,"[50.0, 89.85333593060383, 89.85333593060385]",18
218,3836871440,settled,Dk4i_0009,unmatched,,"[-0.4194565967077174, -0.8442144356203974, -0.1926679974710818, 0.2724650306351189]","[-0.18335061712219974, -0.6829778415297718, 0.183319638292198, 0.6828746073743408]","[480.4885899381555, 10.004070335260348, 5.428226281123602]",5.170000000000061,100.0,0.0,"[50.0, 91.95166199186163, 91.95166199186161]",25
219,2749509740,settled,Dk4i_0013,unmatched,,"[-0.1597855590775447, 0.9155824751788669, -0.36890595336263704, -0.009257636265270899]","[-0.00013107434586314388, 0.9999999224317352, -0.00024539772971271523, -0.0002788117533498224]","[480.4778088006939, 5.943907965632515, 16.24944685107102]",5.160000000000058,100.0,0.0,"[50.0, 92.14849626080084, 92.14849626080085]",27
220,2774629600,settled,Dk4i_0009,unmatched,,"[-0.30825961786575184, -0.5268689113523266, 0.49770258237844495, 0.616179598605392]","[-0.183162017932125, -0.683226856822391, 0.18291019056821245, 0.682785910436008]","[480.1295695567039, 9.998280550435313, 5.435373800698987]",5.310000000000108,100.0,0.0,"[50.0, 86.39977244931421, 86.3997724493142]",30
221,4108662306,settled,Dk4i_0021,unmatched,,"[-0.3062271054652854, -0.3870148795577624, -0.8664927602010577, 0.07506490124149866]","[-0.5002579673795137, -0.4997940752524884, -0.5002524994230548, -0.49969519232909787]","[480.43657288363863, 9.687902859397061, 5.954318186059695]",5.260000000000091,100.0,0.0,"[50.0, 90.37133959986066, 90.37133959986068]",28
222,3915063510,settled,Dk4i_0012,unmatched,,"[0.46725796019968024, 0.8012846212229413, -0.1304090628171751, 0.3501520109278076]","[-0.0003945472132084183, 0.707667898977254, -0.0014395925421217262, 0.7065436410179687]","[480.5446588134819, 5.9814681025191865, 10.272641244358324]",5.790000000000268,100.0,0.0,"[50.0, 92.16019932928648, 92.16019932928647]",26
223,4074036573,settled,Dk4i_0023,unmatched,,"[-0.22252096209612113, -0.8929375005362474, -0.2719299177765263, -0.2814270089773681]","[-0.6121991803031714, -0.3541399817946982, -0.6121281712808067, -0.35368932533367636]","[479.9134352705869, 5.4411876712689295, 9.981437941299182]",5.480000000000165,100.0,0.0,"[50.0, 91.5451415532702, 91.54514155327021]",29
224,1229361572,settled,Dk4i_0024,unmatched,,"[-0.5077338642986794, -0.31380879933589584, 0.060137209423592304, -0.8000711696758213]","[-0.7069496144207358, 2.346555327065626e-05, 0.00034067067911481403, -0.7072638305916888]","[479.9746837108796, 16.250190419111473, 5.941173395557559]",5.300000000000105,100.0,0.0,"[50.0, 91.52374356598561, 91.52374356598563]",16
225,1745034590,settled,Dk4i_0018,unmatched,,"[-0.40236593803313664, 0.6784087334039052, -0.5993055388273092, -0.1367337320595452]","[-0.35319318296753965, 0.6129604887648701, -0.612085021321945, -0.3533920505496747]","[480.618757186865, 16.249283533267384, 5.42877374514597]",5.1500000000000545,100.0,0.0,"[50.0, 91.39803747344887, 91.39803747344888]",18
226,4151795851,settled,Dk4i_0006,unmatched,,"[0.37827042312259135, 0.7093878632050035, -0.5596843583528156, -0.20108148980772006]","[0.6123738967444505, 0.3534859473434118, -0.6125689963528912, -0.3532776816103156]","[480.4589963758897, 5.439252678103485, 9.996270257065957]",5.410000000000141,100.0,0.0,"[50.0, 91.05558928408682, 91.05558928408684]",30
227,2697486113,settled,Dk4i_0020,unmatched,,"[-0.638297706726111, 0.517839873353241, 0.35548034649844024, -0.4450299163056749]","[-0.500009775439158, 0.4999877364185838, 0.49974214754124174, -0.5002602061599258]","[480.65550116077196, 10.316687334575088, 5.946361165508217]",5.170000000000061,100.0,0.0,"[50.0, 85.62259173347336, 85.62259173347337]",25
228,2966183571,settled,Dk4i_0003,unmatched,,"[-0.4050248111058649, 0.5694886344768997, -0.6901580810227609, 0.18793461838968]","[-0.6828163763141796, 0.18341199973466224, -0.6830598361070578, 0.18316957959198463]","[480.6943077586307, 9.99694266319965, 5.435792182141573]",5.310000000000108,100.0,0.0,"[50.0, 88.76400015756528, 88.76400015756529]",29
229,2500031451,settled,Dk4i_0007,unmatched,,"[0.76319034690919, -0.2277529373624901, -0.35234984779530726, -0.49144549918176267]","[0.6126612756684583, -0.3533303121268907, -0.35357230866221423, -0.6122013348367376]","[480.273539705029, 13.748074289622048, 5.947120705495024]",5.160000000000058,100.0,0.0,"[50.0, 89.93052501483211, 89.93052501483213]",18
230,2561181116,settled,Dk4i_0022,unmatched,,"[0.5557099502907066, 0.18332897211156124, -0.733061527964434, 0.3466954504328954]","[0.6121663142569126, -0.35372325431822427, -0.6123377674872754, 0.35380039789736156]","[480.4797892777582, 5.952644558455212, 10.283720185442599]",5.550000000000188,100.0,0.0,"[50.0, 91.30863347978105, 91.30863347978107]",23
231,65157401,settled,Dk4i_0023,unmatched,,"[0.7007348822005915, 0.34419107347733346, 0.6134359061064913, -0.1191617342318908]","[0.6121103405465327, 0.3541500329748854, 0.6121948877204925, 0.35371754916711323]","[480.48550719356473, 5.442015240741938, 9.994789282402945]",5.720000000000245,100.0,0.0,"[50.0, 89.0699671532819, 89.06996715328191]",32
232,2234388547,settled,Dk4i_0008,unmatched,,"[0.6047940157947055, 0.6077553528195518, 0.07337389496054626, -0.5093858077296758]","[0.6123379400189684, 0.3536406049126626, 0.35374686685541423, -0.6122448235471739]","[480.2859816409359, 13.755625583479171, 5.434752321398161]",5.200000000000071,100.0,0.0,"[50.0, 90.34726514523652, 90.34726514523653]",29
233,2166876674,settled,Dk4i_0019,unmatched,,"[0.337147373849726, 0.47287700853367526, -0.8005264802242199, 0.14790651630775833]","[0.3535778566997979, 0.6124598093276209, -0.6124273937079652, 0.3532822789866773]","[480.4859484919604, 16.251974831343208, 5.945808887124727]",5.390000000000135,100.0,0.0,"[50.0, 92.40322493477235, 92.40322493477234]",24
234,372911645,settled,Dk4i_0004,unmatched,,"[0.45729859765411696, -0.2994543659042598, -0.817463624635389, -0.18154420321901665]","[0.6830048143468943, 0.18303474454640772, -0.6827689680835344, -0.1839272739153755]","[480.0922447600584, 9.705603689288964, 5.9636937689542275]",5.330000000000115,100.0,0.0,"[50.0, 90.3029896965747, 90.30298969657468]",22
235,2861615969,settled,Dk4i_0010,unmatched,,"[-0.23990956037846306, -0.901204257015366, -0.03228041700793559, -0.35948889364511455]","[0.18282644848815607, -0.6828161726164501, 0.18260165576466456, -0.6833690068027909]","[480.0353810288612, 10.286418195465986, 5.947343023134927]",5.370000000000128,100.0,0.0,"[50.0, 92.61162217300925, 92.61162217300927]",33
236,2387200314,settled,Dk4i_0015,unmatched,,"[0.013659507951663442, 0.4204500321245355, -0.9053954738728021, 0.05739533273394037]","[-0.00028705869560333164, 0.00020408576594466155, -0.8660425485786114, -0.4999701791084834]","[479.95697755744897, 5.439265183805948, 13.746065177073486]",5.300000000000105,100.0,0.0,"[50.0, 92.41676613807134, 92.41676613807135]",18
237,1385614205,settled,Dk4i_0009,unmatched,,"[-0.04519506248186818, -0.48284814014254235, -0.26943042102355846, 0.8319989952609412]","[-0.18311673158122221, -0.6832478110560557, 0.18301499352572587, 0.6827490047205471]","[480.3503152438411, 10.00473803332657, 5.42551699528785]",5.280000000000098,100.0,0.0,"[50.0, 89.12451416449215, 89.12451416449217]",23
238,1583315686,settled,Dk4i_0024,unmatched,,"[0.6752684329575351, 0.1680356411288354, 0.18105246852978027, 0.6949795467499522]","[0.707086642747881, 0.0003237921031858344, -0.00026540278773798593, 0.7071267951135529]","[480.47629667325083, 16.260913880532136, 5.945058758399705]",5.130000000000048,100.0,0.0,"[50.0, 91.7546014533652, 91.75460145336518]",27
239,3858463115,settled,Dk4i_0013,unmatched,,"[-0.02604605381927596, 0.9764416198827186, -0.2089560607397276, -0.047124629668476824]","[-0.00020974723060580505, 0.9999998952486442, 0.00017564187558688496, 0.0003669587600060457]","[480.16707203228634, 5.949954911962845, 16.252438105273622]",5.1800000000000646,100.0,0.0,"[50.0, 92.05602372168748, 92.0560237216875]",22
240,341800848,settled,Dk4i_0021,unmatched,,"[0.559550952873797, 0.4583146987576111, 0.5125176614239061, 0.462791545697754]","[0.5003762134438716, 0.49955848192503277, 0.5001604360693896, 0.49990449722642794]","[480.16715703782575, 9.712653929324405, 5.953761625028308]",5.290000000000101,100.0,0.0,"[50.0, 82.17288109353332, 82.17288109353335]",33
241,2423485330,settled,Dk4i_0002,unmatched,,"[-0.8623942645929769, 0.4774291536592661, -0.15922513505175553, -0.0546341651449517]","[-0.866145336892113, 0.49979194141999767, -0.000519544116511006, 2.730547092799629e-05]","[479.8785188317855, 5.944100702624475, 16.251573187327622]",5.220000000000078,100.0,0.0,"[50.0, 90.87017544734255, 90.87017544734256]",27
242,3180880856,settled,Dk4i_0013,unmatched,,"[0.10224891412479975, -0.955790906892587, -0.16146386686159142, 0.22346883800621423]","[0.00042167899936881647, -0.9999999097479219, -2.3295254578892255e-05, -4.6349768024044725e-05]","[480.1314222421274, 5.943216334512107, 16.254831638003036]",5.200000000000071,100.0,0.0,"[50.0, 92.4242240598788, 92.42422405987878]",18
243,2801613835,settled,Dk4i_0014,unmatched,,"[-0.14433092329872946, 0.7897983796467177, 0.5282216439799444, -0.2763494145430388]","[-0.0003898915048433928, 0.7072633138424735, 0.7069500974550396, 0.00011218505864434562]","[480.00358860671344, 13.75879562587144, 5.951490711369828]",5.280000000000098,100.0,0.0,"[50.0, 90.81684814083248, 90.81684814083249]",18
244,90147713,settled,Dk4i_0013,unmatched,,"[-0.210859600307379, -0.9719644633107304, -0.07201725142344272, 0.07507880204630919]","[1.0617329552844344e-05, -0.9999999930423262, -4.098866727664241e-05, -0.0001101024485618928]","[480.2669355367725, 5.956423834145101, 16.25467150541081]",5.240000000000085,100.0,0.0,"[50.0, 90.96675906553335, 90.96675906553334]",29
245,1005713428,settled,Dk4i_0004,unmatched,,"[0.6667427871336417, 0.021383060332239117, -0.7075360080632618, -0.23321581813846876]","[0.6822818127821487, 0.1838669022597568, -0.683235940616275, -0.18404656924349297]","[480.3320511184769, 9.691332095541581, 5.948283278538534]",5.210000000000075,100.0,0.0,"[50.0, 86.59231650828424, 86.59231650828423]",31
246,2629818591,settled,Dk4i_0009,unmatched,,"[0.05151306419367056, -0.9158602742422736, 0.24549129762624153, 0.313497025619112]","[-0.18310233504960757, -0.682944617048469, 0.1833112486648035, 0.6829766987656694]","[480.3525235499647, 10.00521978367426, 5.42983833675012]",5.1200000000000445,100.0,0.0,"[50.0, 88.38079344504541, 88.38079344504543]",34
247,3392212039,settled,Dk4i_0009,unmatched,,"[-0.13576075001630175, -0.3113963090186456, 0.34394700026860947, 0.8753866679878102]","[-0.18254470795562322, -0.6826817562346527, 0.18294800111142107, 0.6834859751239246]","[480.5450552148272, 10.007989486521474, 5.434722262536877]",5.420000000000145,100.0,0.0,"[50.0, 88.29230273151036, 88.29230273151038]",36
248,2276997534,settled,Dk4i_0006,unmatched,,"[-0.5611092435708998, -0.34654972379426824, 0.7170849059217052, -0.2254971029008315]","[-0.6130194518913594, -0.3532300542440607, 0.6119236547275523, 0.3535323481188539]","[480.24628452864505, 5.4295021197568, 9.993939592129921]",5.420000000000145,100.0,0.0,"[50.0, 92.36892563891118, 92.36892563891115]",24
249,3484193762,settled,Dk4i_0007,unmatched,,"[0.6459184252746818, -0.4977225913968061, -0.5385794684465182, -0.21211734033734517]","[0.6123083397938291, -0.35347423346552337, -0.35327713984684733, -0.6126415964954686]","[480.6307461606873, 13.758178490694887, 5.946755390029028]",5.260000000000091,100.0,0.0,"[50.0, 88.96735335510779, 88.96735335510778]",18
250,2295828995,settled,Dk4i_0019,unmatched,,"[-0.013476426495046517, 0.8381611037621863, -0.5451108033376667, 0.01259214650648228]","[0.35334682365010606, 0.6124470760283237, -0.6125621120807924, 0.35330193903212076]","[480.69013139121677, 16.25471336790793, 5.941147683603816]",5.270000000000095,100.0,0.0,"[50.0, 90.3401257679874, 90.34012576798742]",17
251,3771793615,settled,Dk4i_0003,unmatched,,"[0.23254083200101008, -0.6380020625267856, 0.7262400279824832, -0.10702126620372046]","[0.6829031273197299, -0.18395693801775012, 0.6826805419873783, -0.18371293161856078]","[479.88910477551434, 9.991537302077475, 5.428014987080543]",5.200000000000071,100.0,0.0,"[50.0, 90.64949940724502, 90.64949940724502]",23
252,3118298281,settled,Dk4i_0014,unmatched,,"[-0.14263487038408665, 0.7213743627836406, 0.5770605745656794, 0.3553525232089105]","[0.00010898871246527278, 0.7071675680544312, 0.7070459432917987, 0.00022997402612153934]","[480.6629285981576, 13.749918073314777, 5.945961883141263]",5.130000000000048,100.0,0.0,"[50.0, 89.27588459249216, 89.27588459249215]",17
253,1906367210,settled,Dk4i_0003,unmatched,,"[-0.6176317723461163, 0.026733677711732354, -0.29175170048315346, 0.7298611166035553]","[-0.6830489638301218, 0.18332410843446448, -0.6828496882029885, 0.18317392717957173]","[480.49885685555574, 9.999735042610553, 5.432614119352444]",5.240000000000085,100.0,0.0,"[50.0, 90.01212512734985, 90.01212512734986]",23
254,2833079087,settled,Dk4i_0007,unmatched,,"[-0.6668495150154875, 0.25735878105545934, 0.037236704706548183, 0.6983492034504332]","[-0.6119721656830204, 0.353820545277895, 0.35396924582241807, 0.6123780394334822]","[480.4688581084792, 13.749280732296047, 5.942538097858782]",5.140000000000051,100.0,0.0,"[50.0, 89.41755427719426, 89.41755427719427]",18
255,2368896303,settled,Dk4i_0003,unmatched,,"[-0.7155871487157034, 0.006217157027642254, -0.4538640368280027, 0.5309461513426882]","[-0.6830533857772447, 0.18336281859337694, -0.6826784976040249, 0.18375586479034212]","[480.15650710327253, 9.997018596158592, 5.451964201013468]",5.240000000000085,100.0,0.0,"[50.0, 88.18571307537293, 88.18571307537295]",31
256,1598618583,settled,Dk4i_0022,unmatched,,"[-0.6568789595911407, 0.7116914753260162, 0.16538963778309454, -0.18614925223786338]","[-0.6119541022190432, 0.35333874008763183, 0.6125833332494808, -0.35412649061532453]","[480.0077287799434, 5.9462582850834, 10.275541735775692]",5.370000000000128,100.0,0.0,"[50.0, 90.26375818116752, 90.26375818116753]",42
257,1244567859,settled,Dk4i_0023,unmatched,,"[0.565260253583024, 0.7320121545565798, -0.09164890005678931, 0.36910639444348603]","[0.6122511498260045, 0.3535062032353839, 0.6125618027620473, 0.35348257610206113]","[480.3153703286307, 5.431850004697717, 9.999935109660518]",5.730000000000248,100.0,0.0,"[50.0, 92.5751194589282, 92.57511945892821]",28
258,3419669745,settled,Dk4i_0007,unmatched,,"[-0.35962053045550435, 0.37637508056528163, 0.452864258304126, 0.723829286748632]","[-0.6119551402301312, 0.3539536855339085, 0.3531732055066655, 0.6127775956699381]","[480.27053430622766, 13.766783769501687, 5.944730052448606]",5.1800000000000646,100.0,0.0,"[50.0, 90.25749252020805, 90.25749252020803]",18
259,4100535516,settled,Dk4i_0010,unmatched,,"[-0.04495724533447707, 0.8754213017997509, -0.38056707385774335, 0.29459309690235463]","[-0.18256064526689872, 0.6832166183637413, -0.18283662118919952, 0.6829768906364728]","[480.03886058385797, 10.295997567473409, 5.959625390952933]",5.550000000000188,100.0,0.0,"[50.0, 90.42698513800342, 90.42698513800343]",35
260,3322081678,settled,Dk4i_0009,unmatched,,"[-0.257573637444613, 0.29792073162711874, 0.01884675617382141, -0.9189906739146148]","[0.18311386562169898, 0.6830331304853459, -0.18263305004444857, -0.6830667785128545]","[480.66626337128287, 10.00187145745882, 5.438202622226288]",5.370000000000128,100.0,0.0,"[50.0, 90.2938567940887, 90.29385679408868]",17
261,3513997404,settled,Dk4i_0014,unmatched,,"[-0.31160099473242947, -0.3848583634180207, -0.8382718690394293, 0.2282304400515085]","[-0.00036797748112642783, -0.7075013126045612, -0.7067117859410916, -0.0004570200750942116]","[480.36206680963005, 13.751585775489241, 5.943746678720911]",5.280000000000098,100.0,0.0,"[50.0, 90.39939522912832, 90.39939522912833]",10
262,3617040745,settled,Dk4i_0003,unmatched,,"[0.5076541819216592, -0.1836471652187958, 0.7481985211268992, -0.38569407989762045]","[0.683130039890026, -0.18304664642371898, 0.6827955630744031, -0.18335073732818874]","[480.34498595906587, 9.989063966031411, 5.438069372692178]",5.210000000000075,100.0,0.0,"[50.0, 85.84344035188778, 85.84344035188776]",20
263,2022730149,settled,Dk4i_0023,unmatched,,"[-0.9298814207432338, -0.20301241814567073, -0.28420845445175663, -0.11546452205476868]","[-0.6117440253213947, -0.35470985775979813, -0.6119143886721894, -0.35427523936558325]","[480.34607606628606, 5.454784262279531, 9.988442933465423]",5.660000000000225,100.0,0.0,"[50.0, 92.54130414090172, 92.5413041409017]",26
264,1323970333,settled,Dk4i_0007,unmatched,,"[0.5994108140143483, -0.43447983992292233, -0.3543480176053207, -0.5712892675014887]","[0.6126082344943253, -0.3533503307692073, -0.35349797754947004, -0.6122857785735938]","[479.8834465108084, 13.760830730398823, 5.950382605812038]",5.200000000000071,100.0,0.0,"[50.0, 87.73292173300938, 87.73292173300936]",26
265,1607122480,settled,Dk4i_0014,unmatched,,"[-0.13729706028893218, -0.4824437451248737, -0.8624230310070737, 0.06800048245766428]","[-0.0007660347470141755, -0.706984080060934, -0.7072288710128459, 0.000497731912381718]","[480.4423129786942, 13.755394663277572, 5.949258444983342]",5.200000000000071,100.0,0.0,"[50.0, 90.37780554088482, 90.37780554088484]",20
266,1954191936,settled,Dk4i_0013,unmatched,,"[-0.3750395254128309, 0.8965561916206081, 0.1285035455493662, -0.19753275279333296]","[0.00017569074731152502, 0.9999999085717985, -0.00011756901654885743, 0.00037170779167239776]","[479.9167190611809, 5.953451873699643, 16.25747911594279]",5.320000000000111,100.0,0.0,"[50.0, 91.91071491926961, 91.91071491926958]",33
267,1883267586,settled,Dk4i_0010,unmatched,,"[-0.31654266807496767, 0.7193013611458268, 0.15715600459856857, 0.5980871854172737]","[-0.18283449996567552, 0.6831222106713194, -0.18319538765954438, 0.682901926231066]","[480.5126997098946, 10.299869601190403, 5.946161488502601]",5.310000000000108,100.0,0.0,"[50.0, 88.2362723124605, 88.23627231246049]",31
268,474705099,settled,Dk4i_0010,unmatched,,"[0.21873165072784517, -0.6332189067608778, 0.30525693972011464, -0.6767632391339983]","[0.18311348303329555, -0.6828277539899869, 0.18278055891791198, -0.6832327407216817]","[480.6552634920355, 10.304064280942464, 5.940220706517153]",5.250000000000088,100.0,0.0,"[50.0, 85.55558218307382, 85.55558218307384]",22
269,1696503777,settled,Dk4i_0005,unmatched,,"[-0.5875972952099113, 0.4340333022380417, -0.6364929058043413, 0.2474293678427903]","[-0.6125867296959312, 0.35308360575735037, -0.6124798322547753, 0.3534655867648145]","[480.1806781392115, 5.954441495821259, 9.698818275024841]",5.540000000000185,100.0,0.0,"[50.0, 83.24061365014462, 83.24061365014461]",20
270,1623912174,settled,Dk4i_0024,unmatched,,"[0.7522539142905933, 0.1549308557746745, 0.05438614146876464, 0.6380851243992035]","[0.7072404563000755, -8.425364900906805e-05, -0.0002653792648283404, 0.7069730259689047]","[480.57516910588043, 16.26299918772066, 5.946319556566207]",5.250000000000088,100.0,0.0,"[50.0, 90.15673935820976, 90.15673935820978]",16
271,2380680176,settled,Dk4i_0009,unmatched,,"[0.336042588214607, 0.7287339870388978, -0.08053921844792626, -0.5912153493712904]","[0.18269692198129908, 0.6829161557307026, -0.1827655107152453, -0.6832599264068936]","[480.56793412212926, 10.004953391908986, 5.432720278496339]",5.240000000000085,100.0,0.0,"[50.0, 86.76103753267299, 86.761037532673]",20
272,3622048588,settled,Dk4i_0011,unmatched,,"[-0.19616592677403716, -0.3327489655198184, 0.5132945907767422, 0.7663717884928376]","[-0.0007582767907959584, -0.7067148022425244, 0.0008565806776589244, 0.7074976180717225]","[480.3679996168873, 5.967666182333271, 9.692174909607726]",5.450000000000155,100.0,0.0,"[50.0, 89.57096536262358, 89.57096536262357]",21
273,3881848330,settled,Dk4i_0023,unmatched,,"[-0.5152420723142735, -0.7359701103176574, -0.3787059312666199, -0.22238574877853687]","[-0.6122922304430201, -0.354283940766659, -0.6120251623732318, -0.3535623204980668]","[480.62451343735734, 5.439404054719654, 9.995010614868411]",5.520000000000178,100.0,0.0,"[50.0, 87.98027083481404, 87.98027083481405]",28
274,3493192325,settled,Dk4i_0008,unmatched,,"[0.5774921102786998, 0.09648544528746568, 0.025557378206479065, -0.8102717086463924]","[0.612371127084737, 0.3535118657631186, 0.353202378386399, -0.612600231292675]","[480.4477696818713, 13.748162558846346, 5.4318288866129825]",5.200000000000071,100.0,0.0,"[50.0, 88.29494025943238, 88.2949402594324]",20
275,1815346335,settled,Dk4i_0018,unmatched,,"[0.2777221504941907, -0.6680519952292304, 0.6669217686384065, 0.17830393520992774]","[0.3532783093383648, -0.6126144604608896, 0.6121819239713927, 0.3537389587646853]","[480.3875010239587, 16.270170788725274, 5.429073928990129]",5.170000000000061,100.0,0.0,"[50.0, 89.91412494132427, 89.91412494132429]",26
276,3637393240,settled,Dk4i_0007,unmatched,,"[0.7553196358765062, -0.24492385367212738, -0.15447209870656786, -0.5879140449784855]","[0.6123048644461228, -0.3536156744576068, -0.3533988267873099, -0.6124932464761225]","[480.2276593872477, 13.75085747389135, 5.948917681753301]",5.1200000000000445,100.0,0.0,"[50.0, 88.16290643222828, 88.1629064322283]",28
277,3360495833,settled,Dk4i_0009,unmatched,,"[0.10811116254835264, 0.5111839287283958, -0.2434273997192518, -0.8171573095849841]","[0.18285287567811168, 0.6829957028950914, -0.18249612342934993, -0.6832107000159942]","[480.2402918880512, 9.997071351435093, 5.438589579070742]",5.270000000000095,100.0,0.0,"[50.0, 84.0188996211658, 84.01889962116579]",24
278,1560027829,settled,Dk4i_0011,unmatched,,"[-0.2068224005022676, -0.8508258359786609, 0.4010009992602897, 0.26929183068548773]","[-0.000754420030506381, -0.7071040677016776, 0.0007101231556487232, 0.7071087356377822]","[480.25149531490274, 5.952941698087791, 9.692804657720375]",5.490000000000168,100.0,0.0,"[50.0, 91.0258384995928, 91.02583849959281]",27
279,446415368,settled,Dk4i_0004,unmatched,,"[-0.6447038919539761, 0.0033417160762772937, 0.7642309258427562, 0.017228366683615156]","[-0.6832150680336213, -0.18367265520364257, 0.6825682759834142, 0.18325412727490667]","[480.36329416755495, 9.693900389981215, 5.960915377943545]",5.220000000000078,100.0,0.0,"[50.0, 85.07460026208247, 85.07460026208248]",21
280,2051490765,settled,Dk4i_0004,unmatched,,"[0.5677612886585218, -0.042225915797724375, -0.632701809267735, -0.5249309589700275]","[0.6828238687609767, 0.183137348509277, -0.6831411604988816, -0.18311316354518406]","[480.0593935253885, 9.69996290147854, 5.935801001317728]",5.260000000000091,100.0,0.0,"[50.0, 86.5234632680676, 86.52346326806762]",35
281,425018833,settled,Dk4i_0003,unmatched,,"[0.6177933086006123, -0.09183552083351545, 0.46035819729377525, -0.6308470457614677]","[0.6829383868573675, -0.1829336496310003, 0.6830971749394208, -0.18305378766669025]","[480.1799246709844, 9.99928953986401, 5.435712197399187]",5.160000000000058,100.0,0.0,"[50.0, 88.2992762567543, 88.29927625675431]",23
282,768002776,settled,Dk4i_0018,unmatched,,"[0.5416438597008607, -0.6263103578778557, 0.49528465035784297, 0.2627743898921201]","[0.35330498000545857, -0.612597683104414, 0.6121259863750887, 0.3538381643672304]","[480.2767877188286, 16.265343636647806, 5.435249170874084]",5.190000000000068,100.0,0.0,"[50.0, 91.266095884064, 91.26609588406401]",19
283,124666021,settled,Dk4i_0007,unmatched,,"[-0.6417760342896773, 0.38975195315750033, 0.3408201163805919, 0.5657372049738714]","[-0.6125111782260805, 0.35323129452091034, 0.35357829517558675, 0.6124051749454004]","[480.1515570654319, 13.748750786423617, 5.944454568769029]",5.130000000000048,100.0,0.0,"[50.0, 87.1923780910817, 87.19237809108168]",23
284,3632654363,settled,Dk4i_0003,unmatched,,"[0.7051862874546008, 0.08985479266585855, 0.5677062028398622, -0.4151482668615129]","[0.6830402201668351, -0.18293056196653582, 0.6830219301468189, -0.18295767289611817]","[480.63744236087587, 9.99973078564949, 5.430568996176567]",5.250000000000088,100.0,0.0,"[50.0, 89.53544665741161, 89.5354466574116]",23
285,703561134,settled,Dk4i_0014,unmatched,,"[-0.07417779627216181, -0.49461589080912516, -0.8617672132428539, 0.08491198548465884]","[-1.4706686220485607e-06, -0.7073024556687618, -0.7069110425039435, 0.00011911660000762573]","[479.92377633645884, 13.740456092180686, 5.940035573225105]",5.190000000000068,100.0,0.0,"[50.0, 90.27062184941609, 90.2706218494161]",20
286,3121521016,settled,Dk4i_0010,unmatched,,"[0.010537906009646474, -0.8102638762609328, -0.3503888545444036, -0.4696690898649817]","[0.1829805107048425, -0.6829682042979589, 0.18291100294688117, -0.6830930607327107]","[480.0723304311934, 10.300656203664143, 5.941872651776009]",5.500000000000171,100.0,0.0,"[50.0, 89.03088458851181, 89.03088458851182]",23
287,2633462982,settled,Dk4i_0008,unmatched,,"[-0.6696015768829735, -0.5238860473033524, -0.12537979712777328, 0.5113287046009672]","[-0.6125173227858861, -0.3533480667943924, -0.3534754494224165, 0.6123910349078414]","[480.07764265915085, 13.750195145799486, 5.426063437577011]",5.1500000000000545,100.0,0.0,"[50.0, 89.92140939868895, 89.92140939868897]",21
288,3761640212,settled,Dk4i_0022,unmatched,,"[-0.5021713166671637, 0.3763741243342449, 0.7778556823101909, 0.03327198139794165]","[-0.6122182464182134, 0.3531595718015223, 0.6127086784708401, -0.35363146201107454]","[480.04073820931563, 5.946078951459748, 10.296249876637942]",5.600000000000205,100.0,0.0,"[50.0, 89.44390039148927, 89.44390039148928]",20
289,1285634449,settled,Dk4i_0015,unmatched,,"[-0.06179464665889061, 0.12239474429666039, 0.989804171696417, 0.038583026128440265]","[7.253429398584865e-06, -8.5793892022068e-05, 0.8659861031531586, 0.5000680571006338]","[480.43440454531697, 5.434069929513148, 13.74909423289165]",5.1800000000000646,100.0,0.0,"[50.0, 88.70952881131477, 88.70952881131478]",25
290,1184822575,settled,Dk4i_0009,unmatched,,"[0.08288139339956037, 0.8356324246838398, -0.34553634299367453, -0.41887201042288746]","[0.18358152071757353, 0.6828894863625423, -0.18268592534689848, -0.683070733779946]","[480.05109061212596, 9.999720959403504, 5.429556554750098]",5.110000000000041,100.0,0.0,"[50.0, 89.56439967826155, 89.56439967826157]",33
291,3115268231,settled,Dk4i_0021,unmatched,,"[-0.8358054346397688, -0.3199395351726686, -0.40994245749741026, -0.17611118874480403]","[-0.5006806252670591, -0.4997484817958343, -0.5005129519571843, -0.4990562607041925]","[480.5625345402954, 9.689684511935125, 5.969346887247962]",5.490000000000168,100.0,0.0,"[50.0, 91.35831467964572, 91.35831467964573]",20
292,159930596,settled,Dk4i_0011,unmatched,,"[0.07029200069442101, 0.8121000458651979, 0.19429839282092132, -0.5457111733246133]","[0.000754266968549494, 0.7074409660881966, -0.0007256071142526244, -0.7067716633226426]","[480.1402272249485, 5.9628790180534255, 9.68595548758875]",5.360000000000125,100.0,0.0,"[50.0, 88.34246626068172, 88.3424662606817]",24
293,2990616242,settled,Dk4i_0010,unmatched,,"[0.39931632781484955, -0.8914822639433736, -0.10430196937727094, -0.18688751322355332]","[0.182160068703623, -0.6830788062004036, 0.1824549460702258, -0.683323676264941]","[480.45261019602094, 10.287615822698934, 5.960085903082289]",5.420000000000145,100.0,0.0,"[50.0, 91.98110634234257, 91.98110634234258]",33
294,188957523,settled,Dk4i_0021,unmatched,,"[0.47510104677309783, 0.5299293470096674, 0.42235268641611745, 0.5613128279400916]","[0.5002874608804766, 0.4994491572340991, 0.5005116340830613, 0.49975103798933485]","[480.14232451189736, 9.696412130521356, 5.963026299949133]",5.280000000000098,100.0,0.0,"[50.0, 84.73181943729818, 84.73181943729817]",29
295,481643049,settled,Dk4i_0016,unmatched,,"[-0.21476873217317644, -0.056308315502426265, -0.9350997853314761, 0.27621034875441053]","[0.0001893445664364335, -6.466023091444839e-05, -0.8661172271777566, 0.499840883435523]","[480.727307916075, 5.942173533595545, 13.754645232620259]",5.330000000000115,100.0,0.0,"[50.0, 89.22287809070728, 89.2228780907073]",35
296,2386476367,settled,Dk4i_0021,unmatched,,"[0.41604402109894867, 0.7547056021612667, 0.10448879305651773, 0.4963959293747375]","[0.5005071554877801, 0.49946068744474537, 0.5005588486882286, 0.4994721693975237]","[480.4523549418421, 9.688206699725004, 5.957795592261338]",5.510000000000175,100.0,0.0,"[50.0, 90.81072009718753, 90.81072009718751]",30
297,533239478,settled,Dk4i_0020,unmatched,,"[-0.4048579522964122, 0.7546106910868032, 0.5160774362278959, 0.017799527417749247]","[-0.5003321449707784, 0.4995748389873023, 0.5004257105243051, -0.49966672213185825]","[479.9759244307783, 10.28334645707166, 5.966983310005288]",5.130000000000048,100.0,0.0,"[50.0, 90.5470711221501, 90.54707112215011]",29
298,1781618497,settled,Dk4i_0022,unmatched,,"[-0.05099139373989536, 0.34612407464907746, 0.82357526110958, -0.446454691991326]","[-0.6119321993170879, 0.35388883633801543, 0.612477085770147, -0.35379866359383716]","[480.21517259993965, 5.964142249733306, 10.281348644685783]",5.900000000000305,100.0,0.0,"[50.0, 88.9361163057953, 88.93611630579531]",33
299,3019699939,settled,Dk4i_0024,unmatched,,"[-0.7295158589622052, 0.11959716108047205, -0.0508877389231582, -0.6715009818395025]","[-0.7071868684327325, 0.0003091033944994471, -0.00011595216510061489, -0.7070266077924452]","[480.261271165287, 16.262272129376342, 5.945692059440614]",5.130000000000048,100.0,0.0,"[50.0, 89.65491635039508, 89.6549163503951]",30
300,2541693149,settled,Dk4i_0011,unmatched,,"[0.08045852992811474, 0.40327625655887533, -0.378121920292795, -0.8294085237395116]","[6.297040740760318e-05, 0.7064129676259371, -0.00023699811052077524, -0.7077998721648234]","[480.09615773822304, 5.95482422407271, 9.697742296048155]",5.520000000000178,100.0,0.0,"[50.0, 86.61641776159324, 86.61641776159325]",31
301,2084280921,settled,Dk4i_0003,unmatched,,"[0.619849051548462, 0.00741623529008566, 0.671735423160493, -0.4055905250618995]","[0.6829759975540862, -0.18349511720926454, 0.6828269542995481, -0.1833594262844479]","[480.41487477291696, 9.996812224052952, 5.439092893848422]",5.190000000000068,100.0,0.0,"[50.0, 87.5503870132381, 87.55038701323811]",34
302,1270096408,settled,Dk4i_0008,unmatched,,"[0.4349517640743151, 0.5834549578223276, 0.4957376592549344, -0.473963551676314]","[0.6123428793042346, 0.35334717775144864, 0.35402423060426896, -0.6122489806325049]","[480.2233234039519, 13.756710917579085, 5.43605980879139]",5.1200000000000445,100.0,0.0,"[50.0, 87.46971163109787, 87.46971163109788]",14
303,386839995,settled,Dk4i_0009,unmatched,,"[-0.00029784170792755655, 0.7696289460833465, 0.4092458033581264, -0.4900908783835057]","[0.18274184245133462, 0.6831977117526221, -0.18283797724195416, -0.6829469816549038]","[480.5052310446791, 9.99358920504627, 5.4376594839070815]",5.050000000000021,100.0,0.0,"[50.0, 89.45423425805738, 89.45423425805737]",30
304,1683487450,settled,Dk4i_0004,unmatched,,"[0.8246709982353464, 0.4049014931673811, -0.354562797520974, -0.17394754414605393]","[0.6829209143362935, 0.18293016731565398, -0.6831840317437925, -0.18279813297253483]","[480.4670053769185, 9.698880375078573, 5.938672065598315]",5.250000000000088,100.0,0.0,"[50.0, 90.5550917218186, 90.55509172181861]",32
305,600956363,settled,Dk4i_0009,unmatched,,"[0.05725477910805818, -0.7446815581501165, -0.42402949309232957, 0.5122209056728005]","[-0.1824603770156815, -0.6832548468020558, 0.18264104113998228, 0.6830177708025598]","[480.16820342347137, 10.003590893848761, 5.433426112407837]",5.110000000000041,100.0,0.0,"[50.0, 89.70412108952826, 89.70412108952824]",29
306,2578686602,settled,Dk4i_0018,unmatched,,"[-0.6455400009938469, 0.5753806031681371, -0.45602070897125385, -0.21038151440677957]","[-0.3535090804851192, 0.6123255077464503, -0.6123853190777089, -0.35365664641811834]","[480.5989189546142, 16.259989363654444, 5.432610356566496]",5.250000000000088,100.0,0.0,"[50.0, 89.8448708524676, 89.84487085246761]",16
307,550025147,settled,Dk4i_0004,unmatched,,"[0.7099573476934985, 0.4430098413877016, -0.5402946446097417, -0.08823005097861712]","[0.6828273246370214, 0.18317058415260065, -0.6831628305069766, -0.18298614385777653]","[480.1990452406465, 9.707531345329041, 5.943873387230902]",5.140000000000051,100.0,0.0,"[50.0, 86.29638554701378, 86.2963855470138]",29
308,1509445469,settled,Dk4i_0024,unmatched,,"[0.9208464586619982, -0.10826634392482577, 0.1606188773439282, 0.3384106596778303]","[0.7072120389738048, 1.2368835502982962e-05, -0.00021528695375764906, 0.707001474842205]","[480.63175824921615, 16.25696024171731, 5.945261106547611]",5.110000000000041,100.0,0.0,"[50.0, 91.93627567500884, 91.93627567500883]",21
309,552659270,settled,Dk4i_0021,unmatched,,"[-0.34640532390679185, -0.6487665398120545, -0.24996936788830862, -0.6297782494710692]","[-0.5005758405415338, -0.4994680890275125, -0.5001679109268717, -0.4997874716200784]","[480.1572623760314, 9.711009665410074, 5.959026974379783]",5.330000000000115,100.0,0.0,"[50.0, 85.72260956775246, 85.72260956775244]",32
310,3395655849,settled,Dk4i_0023,unmatched,,"[0.5603417992438583, 0.49806016357495975, 0.09112456464104907, 0.6554765100282535]","[0.6125152962518778, 0.35450958081806, 0.6113794881643985, 0.3540665056419713]","[480.33703828078285, 5.456234142700749, 9.994423377389788]",5.630000000000215,100.0,0.0,"[50.0, 91.86311654380702, 91.86311654380704]",40
311,1961580372,settled,Dk4i_0019,unmatched,,"[-0.5267491122142659, -0.6341667673888417, 0.5046523934663464, -0.2563081069528572]","[-0.35339399674690763, -0.6125339415953802, 0.612141941604992, -0.3538320177498702]","[480.0503306682115, 16.253353094664316, 5.9489446444485035]",5.1500000000000545,100.0,0.0,"[50.0, 91.09310928084962, 91.09310928084963]",21
312,3285284101,settled,Dk4i_0007,unmatched,,"[-0.2519624256778158, 0.2653646457256403, 0.5632789689319362, 0.7408193733997723]","[-0.6124470312336664, 0.353241109913203, 0.35327455220869874, 0.6126389172768085]","[479.9656968861447, 13.758016770400797, 5.943156863245017]",5.290000000000101,100.0,0.0,"[50.0, 90.17117785886542, 90.17117785886543]",13
313,1198512540,settled,Dk4i_0024,unmatched,,"[-0.5722362350782845, 0.014963805074935542, 0.16570812642957897, -0.8030333695658658]","[-0.7072065005208268, -0.00023027291052569632, 0.0002539465301949309, -0.7070069646804283]","[480.57051343481635, 16.25016341769947, 5.944922819361495]",5.220000000000078,100.0,0.0,"[50.0, 92.208518560694, 92.20851856069399]",22
314,3013583232,settled,Dk4i_0004,unmatched,,"[-0.17446144255530435, -0.5956220013565717, 0.7794641289237983, 0.08504885820855318]","[-0.6830073142084778, -0.18341637801748156, 0.6829131266721968, 0.18300027986720138]","[480.43180553819286, 9.707205995915785, 5.945963287921722]",5.360000000000125,100.0,0.0,"[50.0, 90.35892491205357, 90.35892491205355]",24
315,236571778,settled,Dk4i_0004,unmatched,,"[-0.6240787190797052, -0.5692921078989122, 0.39592930131645515, 0.3601003146831605]","[-0.6825332228488283, -0.1837946396035161, 0.6831191219741907, 0.18361970306537434]","[479.87418638941034, 9.702210224203641, 5.962055087229894]",5.1800000000000646,100.0,0.0,"[50.0, 89.91938978091589, 89.9193897809159]",23
316,4101237787,settled,Dk4i_0010,unmatched,,"[0.22137631792077062, -0.872870171370165, -0.27042651689298136, -0.3405285432341773]","[0.18290016383782212, -0.6831491624049156, 0.18233927433674266, -0.6830864813535035]","[480.12056532528266, 10.278966573308027, 5.943286420446012]",5.430000000000148,100.0,0.0,"[50.0, 92.0802871177458, 92.08028711774581]",26
317,3459630954,settled,Dk4i_0007,unmatched,,"[0.14984913631728244, -0.7555079338458067, -0.5355197552076315, -0.3463691528172838]","[0.6119201550405275, -0.3536765902528279, -0.354111874207163, -0.6124307094747949]","[479.9929229510352, 13.754990653868516, 5.934641288419474]",5.350000000000121,100.0,0.0,"[50.0, 88.93223809750127, 88.93223809750128]",21
318,1119814818,settled,Dk4i_0004,unmatched,,"[-0.6971165871654177, -0.13189122910838355, 0.449280586155775, 0.5429365731709773]","[-0.6831114787500645, -0.18293715310730418, 0.6829918483708004, 0.18279726658769505]","[480.13359434425695, 9.707177445455905, 5.945698553197092]",5.310000000000108,100.0,0.0,"[50.0, 85.77371271583111, 85.77371271583112]",21
319,342980811,settled,Dk4i_0010,unmatched,,"[0.030532435525299394, 0.7782847485238531, 0.3908315324615853, 0.4905011048201471]","[-0.18217853027002442, 0.6828556848705795, -0.1830823515155038, 0.6833739454443222]","[480.0465527157336, 10.307442051334503, 5.951971298317078]",5.460000000000158,100.0,0.0,"[50.0, 88.96115618919711, 88.9611561891971]",29
320,3566514477,settled,Dk4i_0010,unmatched,,"[0.4167803399879383, -0.48067880125688306, 0.1608241271501632, -0.7545711618847971]","[0.18235647551136233, -0.6835694289328577, 0.18264371464479792, -0.6827299796905292]","[479.9714812174482, 10.290723299934099, 5.949144822242278]",5.290000000000101,100.0,0.0,"[50.0, 89.42758732439407, 89.42758732439405]",30
321,4025272107,settled,Dk4i_0015,unmatched,,"[0.21014813389143402, -0.13121837656388724, 0.9665897820764848, 0.06575479191069845]","[-0.00013264171133489655, 0.00012185847464413202, 0.8658799476148473, 0.5002518204616528]","[480.71190990503584, 5.43589282164121, 13.749390779883196]",5.300000000000105,100.0,0.0,"[50.0, 88.14758956908702, 88.147589569087]",30
322,1181857748,settled,Dk4i_0022,unmatched,,"[0.5202040659321218, -0.02133506390474298, -0.8182722554790269, 0.24364535856267633]","[0.612416560459992, -0.35372824019254834, -0.6121931712170514, 0.3536125134661467]","[480.5962703213051, 5.953082986862273, 10.296117631286288]",5.520000000000178,100.0,0.0,"[50.0, 89.37739258284128, 89.3773925828413]",26
323,268707656,settled,Dk4i_0019,unmatched,,"[0.10301261730232424, 0.7022709010576099, -0.7036647303319815, -0.03255655834201603]","[0.35363356470296736, 0.612407448261398, -0.6124063268811146, 0.35335380290215773]","[479.9231688445165, 16.257221851233037, 5.94466507661533]",5.240000000000085,100.0,0.0,"[50.0, 90.44509969286133, 90.44509969286132]",21
324,975960072,settled,Dk4i_0022,unmatched,,"[0.7582962679941282, -0.5242043249157421, -0.3859285340466686, 0.035436736508854615]","[0.6124541569085283, -0.35391754992558255, -0.6119671875599975, 0.3537491129176772]","[480.69123090958567, 5.956259201186448, 10.288171224013858]",5.250000000000088,100.0,0.0,"[50.0, 92.44936176728622, 92.44936176728623]",29
325,2687390525,settled,Dk4i_0004,unmatched,,"[0.529971148785165, 0.0935671250492551, -0.7368673974424962, -0.4091481555032011]","[0.6832260646709087, 0.18334215424577188, -0.682742641712338, -0.18289418858586243]","[480.115626119301, 9.714344219401882, 5.948450112240848]",5.330000000000115,100.0,0.0,"[50.0, 85.20540099581531, 85.20540099581532]",26
326,745340072,settled,Dk4i_0003,unmatched,,"[0.7861852005525131, -0.41018944092891435, 0.2594748041369611, 0.3825314091688619]","[0.6828178411816759, -0.18269661156805475, 0.6833051152785995, -0.1829641039101575]","[480.4972695833786, 10.009567386330758, 5.431144578723119]",5.510000000000175,100.0,0.0,"[50.0, 91.33315774730335, 91.33315774730336]",27
327,2708790030,settled,Dk4i_0014,unmatched,,"[-0.40010769300529814, -0.46229958432576546, -0.7355170739389548, 0.2919033440618327]","[0.00011624512066357016, -0.7071044516468721, -0.7071090752404777, 0.00019147011489439576]","[480.2646975357085, 13.754891601285873, 5.941634807665152]",5.260000000000091,100.0,0.0,"[50.0, 89.86313270318539, 89.8631327031854]",15
328,3867797169,settled,Dk4i_0010,unmatched,,"[0.27252022960366223, -0.4710032195972138, -0.05749293677220416, -0.8370085147757659]","[0.18261106337691027, -0.6832479063268014, 0.18255745574130833, -0.6830067886819696]","[480.3773473527377, 10.300487305178969, 5.941144470660598]",5.190000000000068,100.0,0.0,"[50.0, 86.40083804952731, 86.40083804952732]",34
329,2098479478,settled,Dk4i_0009,unmatched,,"[0.15298370120063826, 0.6826603934028278, -0.3570083518569619, -0.6189634974297159]","[0.1827023637390831, 0.6830412864046873, -0.18237592719707754, -0.6832374905768769]","[480.62214797758094, 9.996804419991461, 5.433619154655998]",5.230000000000081,100.0,0.0,"[50.0, 88.02134943413151, 88.02134943413152]",31
330,931152868,settled,Dk4i_0011,unmatched,,"[-0.07699985549756341, 0.8909419945389845, -0.24586779421207117, -0.37395509408155014]","[0.00023600576462129433, 0.7072042094080244, -7.462988443565634e-05, -0.7070092962099089]","[480.5128252087268, 5.9452888544033815, 9.71074170643221]",5.280000000000098,100.0,0.0,"[50.0, 87.02486170049164, 87.02486170049166]",27
331,1558597429,settled,Dk4i_0010,unmatched,,"[-0.05032807851328375, 0.6995851474338736, -0.399069134252301, 0.5905857533755833]","[-0.1825846533750641, 0.6831445069382251, -0.1828486370755377, 0.6830393860617814]","[480.64159750453814, 10.294123796601438, 5.952819907314931]",5.300000000000105,100.0,0.0,"[50.0, 90.41840147684205, 90.41840147684204]",25
332,4250729804,settled,Dk4i_0002,unmatched,,"[-0.5179918142254788, 0.8470059183462957, 0.021460460551873155, -0.11749426928428096]","[-0.86582309072703, 0.5003499252061433, 0.0005366533667472972, -0.00019978304224227417]","[480.16758033940727, 5.944657798260526, 16.25715129876863]",5.440000000000151,100.0,0.0,"[50.0, 91.15525458008932, 91.15525458008933]",26
333,4147647222,settled,Dk4i_0010,unmatched,,"[0.12615750889557242, 0.8556727900390604, -0.30344808093154096, 0.39978446882663954]","[-0.18293117634413053, 0.6836416463968439, -0.18215392265301372, 0.6826347724041644]","[480.08709400801047, 10.291549184485811, 5.94822483284033]",5.430000000000148,100.0,0.0,"[50.0, 87.72581452071977, 87.72581452071975]",22
334,546835206,settled,Dk4i_0018,unmatched,,"[0.4747277603993977, -0.6651193289938975, 0.40724489525343527, 0.4079233101881997]","[0.3533539929213569, -0.6122508043772578, 0.6126422837049448, 0.35349588461921966]","[480.645391064638, 16.25950176469104, 5.435015697236063]",5.170000000000061,100.0,0.0,"[50.0, 92.1845006202004, 92.18450062020041]",25
335,3200495743,settled,Dk4i_0002,unmatched,,"[-0.7212814251850905, 0.5185469572284966, -0.03279668505260917, -0.45802460226672564]","[-0.8655433826602433, 0.500833882934037, 8.930858663713793e-07, 0.0002728323324183713]","[480.1234725571998, 5.949932460182785, 16.25125337397807]",5.330000000000115,100.0,0.0,"[50.0, 91.1409716249134, 91.14097162491339]",37
336,2348890405,settled,Dk4i_0019,unmatched,,"[-0.3176050939804824, -0.28922093024306683, 0.616076618705389, -0.6602483303057408]","[-0.353351112368296, -0.6123596843908291, 0.6124381061326379, -0.3536639287197946]","[480.6234537858513, 16.25453179130377, 5.9440628017609916]",5.070000000000028,100.0,0.0,"[50.0, 92.03608658183242, 92.03608658183241]",17
337,4061647453,settled,Dk4i_0016,unmatched,,"[0.2508877114037342, -0.15163781220023995, 0.7535005001501298, -0.588471177247642]","[7.123076516848958e-05, -0.0004771905177683444, 0.8659471645060605, -0.5001352572047904]","[480.5538820186081, 5.955416346195307, 13.742908488872756]",5.280000000000098,100.0,0.0,"[50.0, 89.99485182376347, 89.99485182376344]",26
338,2968043584,settled,Dk4i_0006,unmatched,,"[-0.35150377954755807, -0.700554371236003, 0.6195805777205756, -0.04229153127220831]","[-0.612299144451003, -0.35290676070061344, 0.612898253404693, 0.35341520472363175]","[480.49561148101304, 5.4446389489494535, 9.995345952756782]",5.450000000000155,100.0,0.0,"[50.0, 91.48540139120546, 91.48540139120547]",40
339,3422452170,settled,Dk4i_0018,unmatched,,"[0.3118768852079661, -0.6471205612970246, 0.6816277895163125, 0.13910910889911815]","[0.3532745521675675, -0.612475624335303, 0.61210529180502, 0.354115535002599]","[480.1328002549367, 16.256131160685086, 5.431808918927649]",5.1800000000000646,100.0,0.0,"[50.0, 89.93036637818787, 89.93036637818788]",27
340,1734648617,settled,Dk4i_0011,unmatched,,"[0.3134098285251556, -0.38860391678069645, 0.2746942883010107, 0.8217690206021003]","[-0.0004402769401555817, -0.7072109210799862, 0.0005468796675583698, 0.7070022773542126]","[480.02322368989815, 5.953613497135265, 9.679337155868316]",5.490000000000168,100.0,0.0,"[50.0, 90.44924404269862, 90.44924404269861]",27
341,2090830508,settled,Dk4i_0015,unmatched,,"[0.19578986618197766, 0.057011685569233625, -0.8839591859764658, -0.4207518907109296]","[3.498953156108598e-05, 0.00012932179019803372, -0.8659727664693272, -0.5000911414782985]","[480.48504595141316, 5.431050497710622, 13.75096123059664]",5.250000000000088,100.0,0.0,"[50.0, 88.42360896171724, 88.42360896171722]",23
342,3952832875,settled,Dk4i_0004,unmatched,,"[-0.44287830183887705, -0.037070952885603164, 0.87693113035891, -0.18296542520353493]","[-0.6830780830868438, -0.1840155933815214, 0.682472763909341, 0.18377573376481035]","[480.1924730358376, 9.687243696659689, 5.950114809974105]",5.280000000000098,100.0,0.0,"[50.0, 89.74091397346086, 89.74091397346088]",23
343,3817366363,settled,Dk4i_0007,unmatched,,"[0.6329807026932204, -0.4246937457648563, -0.5796698736189316, -0.28801647512742096]","[0.612752795904891, -0.35336188926255757, -0.35372253102980494, -0.6120047037150972]","[480.5958423204369, 13.74484654337021, 5.943702277125966]",5.160000000000058,100.0,0.0,"[50.0, 89.93707651894077, 89.93707651894078]",19
344,401891113,settled,Dk4i_0009,unmatched,,"[0.445830858310104, -0.29384339024250955, 0.3955308816009174, 0.7472925996484009]","[-0.18311816436867062, -0.682963758304406, 0.18304814410533776, 0.683023879275506]","[479.88855937569497, 10.002774977754399, 5.434005498161624]",5.290000000000101,100.0,0.0,"[50.0, 92.23391640358295, 92.23391640358297]",36
345,225434681,settled,Dk4i_0018,unmatched,,"[-0.3912896982650508, 0.6237061331187186, -0.5782994858442289, -0.351358415601564]","[-0.3533557526622447, 0.6128218641465464, -0.6119156336439228, -0.35376310178791553]","[480.38827429469876, 16.25629589353912, 5.431231075520686]",5.200000000000071,100.0,0.0,"[50.0, 89.8936384920529, 89.89363849205289]",21
346,2594131664,settled,Dk4i_0004,unmatched,,"[0.9287638649349177, 0.1673585554405621, -0.2524568204596961, -0.21366878788298235]","[0.6831606950962991, 0.18359677176200903, -0.6825034015398693, -0.18377376570288373]","[480.40728795857535, 9.691697590337327, 5.957157758437343]",5.200000000000071,100.0,0.0,"[50.0, 91.00182075841889, 91.00182075841889]",29
347,1003632784,settled,Dk4i_0008,unmatched,,"[-0.5534335173751268, 0.1501665188983372, -0.19810919181889083, 0.7949302526414607]","[-0.6125922365811362, -0.35310537041347834, -0.35327324331103427, 0.6125727423140737]","[479.91734215041447, 13.760357520048519, 5.4311747564499315]",5.340000000000118,100.0,0.0,"[50.0, 90.77898796086244, 90.77898796086242]",25
348,1582205474,settled,Dk4i_0021,unmatched,,"[0.453668244587904, 0.3920223605087072, 0.1535447506293244, 0.785447389879099]","[0.5002648870190604, 0.4999129846098224, 0.5003335849270122, 0.49948809237897823]","[480.3118840906544, 9.702053927101963, 5.95422910672935]",5.320000000000111,100.0,0.0,"[50.0, 91.34654009646896, 91.34654009646897]",26
349,1175386389,settled,Dk4i_0006,unmatched,,"[-0.169876418588353, -0.4905923723818673, 0.6427253288901665, 0.5633518245034387]","[-0.6119299531216343, -0.3534782128013376, 0.6129344249732407, 0.3534208203120601]","[480.37883510615774, 5.435857522584554, 9.989084847606343]",5.490000000000168,100.0,0.0,"[50.0, 89.18456113602538, 89.1845611360254]",33
350,3426315339,settled,Dk4i_0003,unmatched,,"[0.7619549124828563, -0.10773591762875073, 0.2103228261383814, -0.6029776050576822]","[0.6825917543970004, -0.1834260945414768, 0.6832684305491216, -0.1832146732263186]","[480.53774924183426, 9.993282396385714, 5.441824530716716]",5.350000000000121,100.0,0.0,"[50.0, 87.68298666414687, 87.68298666414688]",31
351,1950208217,settled,Dk4i_0003,unmatched,,"[0.32467456317231624, -0.555252933700564, 0.724202560419202, -0.24861870228937888]","[0.6836601168087583, -0.1824978739877317, 0.682517164815552, -0.18295816572958365]","[480.47031458243595, 10.012205631486548, 5.424256910254997]",5.230000000000081,100.0,0.0,"[50.0, 89.0333876496584, 89.03338764965841]",31
352,3843021671,settled,Dk4i_0018,unmatched,,"[-0.6004387263867339, 0.46022149587923483, -0.1398662779784892, -0.638832477939405]","[-0.35323078112431494, 0.6128101603447034, -0.6122488206989036, -0.353331436752247]","[480.5602822910431, 16.25426532527961, 5.430305233292923]",5.380000000000131,100.0,0.0,"[50.0, 92.54740016653199, 92.54740016653197]",25
353,4285819425,settled,Dk4i_0011,unmatched,,"[0.10798352907547408, 0.7503078307153173, -0.5097169204095255, -0.40689848569871895]","[0.0006188219455663946, 0.7069262829676298, -0.0006338637044794593, -0.7072866786005336]","[480.05013056883035, 5.970638135799894, 9.69140601650318]",5.350000000000121,100.0,0.0,"[50.0, 92.02884547351111, 92.02884547351113]",33
354,3497012217,settled,Dk4i_0015,unmatched,,"[-0.03614389212516662, -0.47092224253230175, 0.8776470309927155, -0.08161831620453769]","[-0.00026093986794481494, 1.0769755086403876e-05, 0.8659502336266199, 0.500130107748374]","[480.02784873343467, 5.436846870823601, 13.743399515278444]",5.300000000000105,100.0,0.0,"[50.0, 92.45255139314386, 92.45255139314388]",31
355,2873029230,settled,Dk4i_0002,unmatched,,"[0.4628663485147122, -0.8593102772631258, 0.024602172352034594, 0.21618354220011224]","[0.8660746072066859, -0.4999146686385008, -6.27030397570283e-05, 0.00030805871432554316]","[480.3170675864487, 5.952488724261894, 16.25837568336286]",5.410000000000141,100.0,0.0,"[50.0, 92.1895305248811, 92.18953052488109]",32
356,1554565609,settled,Dk4i_0018,unmatched,,"[-0.652094966003504, 0.3679621994719656, -0.4952347691569995, -0.44058880885770996]","[-0.35360028085031703, 0.61243514800318, -0.6121789021796824, -0.353732982062712]","[480.22415500925916, 16.258561302392792, 5.4238449386758045]",5.250000000000088,100.0,0.0,"[50.0, 91.86506870914212, 91.86506870914214]",24
357,2965863122,settled,Dk4i_0011,unmatched,,"[-0.12769327799571875, -0.940130401887314, -0.03815505373810864, 0.31367729608013967]","[-0.00042550786452030814, -0.7072621296756507, 0.00015478313458439089, 0.7069512535613058]","[480.33983201341266, 5.944469102167376, 9.699504714895737]",5.400000000000138,100.0,0.0,"[50.0, 91.48627796692789, 91.4862779669279]",28
358,288631476,settled,Dk4i_0009,unmatched,,"[0.15646738306889113, 0.4577879066219654, -0.17363200094501036, -0.8577879218280493]","[0.18263102560544164, 0.683060770950896, -0.18279150287031204, -0.6831260192326778]","[479.90641068789705, 10.002382425003944, 5.439669417783466]",5.370000000000128,100.0,0.0,"[50.0, 84.66886916182226, 84.66886916182227]",29
359,3535010220,settled,Dk4i_0011,unmatched,,"[-0.38296168635250694, 0.6040267022354994, 0.08806163065029556, -0.6933521752902795]","[0.0006244478136462617, 0.7072065112229301, -0.0004098736750599852, -0.7070066425093828]","[479.93505012830553, 5.960994610909528, 9.695080837230567]",5.380000000000131,100.0,0.0,"[50.0, 89.74170139729212, 89.74170139729213]",27
360,2618921339,settled,Dk4i_0003,unmatched,,"[0.7111506376373382, -0.1553816167939371, 0.3915002002004868, -0.5628933442433726]","[0.6831433607358736, -0.1832400538687784, 0.6826709870503338, -0.183571661158215]","[480.24128275821414, 9.997370993696197, 5.43291004244638]",5.360000000000125,100.0,0.0,"[50.0, 86.96690502198258, 86.96690502198257]",31
361,1660890013,settled,Dk4i_0021,unmatched,,"[0.45280857555295406, 0.20066766691702484, 0.5321230520114401, 0.6866891137027097]","[0.5000936869972261, 0.49960773516839196, 0.500234197892854, 0.5000641583276324]","[480.0648235363251, 9.705633174996047, 5.943687284152707]",5.310000000000108,100.0,0.0,"[50.0, 88.34295249981537, 88.34295249981538]",34
362,4217470258,settled,Dk4i_0008,unmatched,,"[-0.705585590940385, 0.12040932334872317, -0.01745986958392375, 0.6981015124336307]","[-0.6123147688693934, -0.35341718238913356, -0.35392697985799326, 0.6122929135186418]","[480.64859109503925, 13.743888877478438, 5.43055643729673]",5.240000000000085,100.0,0.0,"[50.0, 88.21804884957689, 88.21804884957687]",26
363,3876941340,settled,Dk4i_0013,unmatched,,"[-0.12107567680190418, 0.9796114234016763, 0.025284708254459297, -0.1583124226218193]","[-8.288167510774325e-05, 0.9999999897675685, 3.723816421563609e-05, -0.00011049348385151344]","[480.4536337336286, 5.946069113866254, 16.25707844258057]",5.230000000000081,100.0,0.0,"[50.0, 91.60100356142063, 91.60100356142064]",33
364,1763217951,settled,Dk4i_0009,unmatched,,"[0.3073770505126439, 0.9100429245687035, 0.09833167340130129, -0.26013862893981854]","[0.1823840296705499, 0.6829499204100541, -0.1827731099867004, -0.6833077360888155]","[480.4961516075171, 9.995642735659532, 5.443114690987009]",5.260000000000091,100.0,0.0,"[50.0, 91.74414888670752, 91.74414888670753]",24
365,4219013935,settled,Dk4i_0007,unmatched,,"[0.7454283172530326, -0.3094702124605008, -0.041500737105532565, -0.5889333580776878]","[0.6124039335339964, -0.3530204406820152, -0.3529939116295525, -0.612970871253465]","[480.1419957803579, 13.750122487899304, 5.945280688311037]",5.1800000000000646,100.0,0.0,"[50.0, 88.69864036049476, 88.69864036049478]",20
366,2392790572,settled,Dk4i_0005,unmatched,,"[0.506298281140592, -0.4800913546943908, 0.6900901351759378, -0.19222368999330575]","[0.6127786451322573, -0.3531481413590514, 0.6124250378126165, -0.3531632701524013]","[480.40094968516223, 5.958450171618701, 9.697391146816322]",5.460000000000158,100.0,0.0,"[50.0, 85.83007377152417, 85.83007377152416]",42
367,1164810619,settled,Dk4i_0015,unmatched,,"[-0.38137065741942194, -0.17571490907316958, -0.402914362951204, -0.8132285708929016]","[9.745022188478726e-05, 0.0001733632189725998, -0.8661752054557373, -0.49974040651358176]","[480.52027556449275, 5.433709718110653, 13.747308053595296]",5.480000000000165,100.0,0.0,"[50.0, 90.435965930263, 90.43596593026301]",19
368,2725202999,settled,Dk4i_0011,unmatched,,"[0.6020706777101422, 0.6374296419236787, -0.13537127254050507, -0.4613772525921334]","[0.0005794516178747044, 0.7071707245452187, -8.26190755791878e-05, -0.7070425897752565]","[480.4673187720021, 5.965859947903783, 9.69685855566327]",5.480000000000165,100.0,0.0,"[50.0, 89.6062734361778, 89.60627343617782]",42
369,654768980,settled,Dk4i_0009,unmatched,,"[0.36951331627604517, 0.16361525016927125, -0.050278802764462525, -0.9133246963699704]","[0.1829507216961607, 0.6831935479828611, -0.18299398564017252, -0.6828534327694109]","[480.0438782133347, 9.99415557438505, 5.428535781390303]",5.5900000000002015,100.0,0.0,"[50.0, 89.75618375185401, 89.756183751854]",33
370,2221380443,settled,Dk4i_0006,unmatched,,"[-0.35836865151581215, 0.05949061892660346, 0.9295317164905558, 0.0632737221015895]","[-0.6124360425057181, -0.3530761738749312, 0.6126371166014586, 0.35346155751937786]","[479.9304797466041, 5.444276141102222, 9.989020973415208]",5.500000000000171,100.0,0.0,"[50.0, 90.15408486265294, 90.15408486265291]",53
371,476349535,settled,Dk4i_0012,unmatched,,"[0.09604740000755455, 0.7008195225679995, 0.19012996826416934, 0.6807918102527497]","[-0.0006825654844698493, 0.7069589593781342, -8.508813449736864e-05, 0.7072542376114508]","[480.52812011161984, 5.954041908273835, 10.280292959330655]",5.520000000000178,100.0,0.0,"[50.0, 84.53260571589851, 84.5326057158985]",40
372,3612281220,settled,Dk4i_0023,unmatched,,"[0.6715049193823535, 0.5474979878976362, 0.17480186313158846, 0.46773005584317984]","[0.6127919702634618, 0.3537172917745665, 0.6119734537340615, 0.35335332261787955]","[480.25085107902754, 5.444995909097902, 9.993219691384418]",5.750000000000255,100.0,0.0,"[50.0, 88.75191126190379, 88.7519112619038]",30
373,1017460157,settled,Dk4i_0006,unmatched,,"[0.7624564013137765, 0.3983607319822863, -0.4894468025699346, 0.14286633880746705]","[0.6123015931732775, 0.35364736444480716, -0.6123076671373803, -0.3536942484455852]","[480.608046701069, 5.436650285179655, 9.999660837225045]",5.230000000000081,100.0,0.0,"[50.0, 89.75237545296672, 89.7523754529667]",24
374,3334185002,settled,Dk4i_0011,unmatched,,"[0.29294854975408346, -0.3482776720377911, 0.3091249391142775, 0.8350602267947566]","[-0.0002012216849022197, -0.7070462778549818, 0.00020652047780383986, 0.707167220557162]","[480.54630904476085, 5.9579879017575985, 9.695672196995357]",5.440000000000151,100.0,0.0,"[50.0, 90.9799832528891, 90.97998325288911]",31
375,36137377,settled,Dk4i_0009,unmatched,,"[-0.20545604068213918, -0.3180872002026298, 0.5867492465968921, 0.7157748738482309]","[-0.18276160541788844, -0.6833496066481286, 0.1827508648358948, 0.6828130286400931]","[480.0595098133643, 9.997514410662637, 5.443748800540269]",5.250000000000088,100.0,0.0,"[50.0, 90.04449823494762, 90.04449823494764]",28
376,289982995,settled,Dk4i_0013,unmatched,,"[0.44371958448672016, 0.8345991150536697, -0.14418709359260803, 0.29286059744506493]","[-0.00021679703062906755, 0.999999949175911, -1.4493985602659354e-05, -0.00023331769638841742]","[480.0844739556966, 5.950376038060161, 16.25726216098812]",5.210000000000075,100.0,0.0,"[50.0, 91.96443935123887, 91.96443935123885]",27
377,437091509,settled,Dk4i_0004,unmatched,,"[0.46244359947511104, -0.1983497310405094, -0.8436222101105, -0.18736293152311587]","[0.6828720491087337, 0.18373398794962587, -0.6828125759277025, -0.18356081382784734]","[480.5475119798439, 9.697821655830824, 5.96243391296275]",5.340000000000118,100.0,0.0,"[50.0, 89.33678530607975, 89.33678530607976]",37
378,3839845437,settled,Dk4i_0013,unmatched,,"[0.35226777543534865, 0.934847391708788, 0.031132634150594862, -0.03159948885586536]","[-6.427576647078845e-05, 0.9999999967884273, 4.14384061446782e-05, 2.3971440159009834e-05]","[480.32039436536195, 5.947221528385135, 16.24543756571911]",5.340000000000118,100.0,0.0,"[50.0, 89.89946517892146, 89.89946517892145]",24
379,1660966759,settled,Dk4i_0009,unmatched,,"[-0.1517052857831241, -0.29127561974959143, -0.18264073679145526, 0.9267072789555645]","[-0.18229221940767507, -0.6833694232103975, 0.18255240949815849, 0.6829717387644451]","[480.1648973654181, 9.999043991019848, 5.451768123096203]",5.480000000000165,100.0,0.0,"[50.0, 88.2301756464324, 88.23017564643241]",22
380,1637501604,settled,Dk4i_0011,unmatched,,"[0.18129149155088545, -0.6913895059743468, 0.032480297838960365, 0.6986121788031583]","[-0.0003284310751469066, -0.707664085934313, 0.00019767498946055007, 0.7065489328676258]","[480.40285337107974, 5.942514595897897, 9.695720654435195]",5.430000000000148,100.0,0.0,"[50.0, 85.21224895000063, 85.21224895000064]",22
381,485279111,settled,Dk4i_0001,unmatched,,"[-0.9312632588279296, -0.3349799535042644, 0.12213209572889121, 0.07497282641286965]","[-0.8659736494667307, -0.500089566530275, 9.095304609593735e-05, -0.0002358058035413224]","[480.5753812196741, 5.445231029830666, 16.253743865761212]",5.230000000000081,100.0,0.0,"[50.0, 90.86781324002006, 90.86781324002004]",25
382,3762580992,settled,Dk4i_0015,unmatched,,"[0.1773482491946259, -0.3470449091463339, 0.7076768376718273, 0.5893224270007174]","[0.00010052426114059987, -0.0001518619263077281, 0.865982434227452, 0.5000743849092102]","[480.3547677892062, 5.42888546177051, 13.747056910085316]",5.200000000000071,100.0,0.0,"[50.0, 90.60761750087832, 90.60761750087832]",26
383,2423116493,settled,Dk4i_0010,unmatched,,"[0.29462108731827746, 0.6033356075849531, -0.42676698231237864, 0.6058502309444782]","[-0.18318104695375273, 0.6830347948331348, -0.1832988231230691, 0.682868738869984]","[480.4759135034817, 10.29757043921183, 5.942745886803523]",5.250000000000088,100.0,0.0,"[50.0, 91.29338478931304, 91.29338478931302]",34
384,4174505831,settled,Dk4i_0019,unmatched,,"[0.2244048008060311, 0.5715964015653734, -0.6853403945532466, 0.39144422678885216]","[0.35374749990230364, 0.6121858654726661, -0.6123788048542875, 0.353671276461048]","[480.0851510221909, 16.251510809580157, 5.942906329542437]",5.220000000000078,100.0,0.0,"[50.0, 90.94430328131742, 90.94430328131743]",16
385,2525438779,settled,Dk4i_0023,unmatched,,"[-0.6897378057101372, -0.14439285100342594, -0.2628215548777614, -0.6590427104861286]","[-0.6121834298563534, -0.3538670248221624, -0.6122653775828975, -0.35375229238281164]","[480.5896652415473, 5.447936087664287, 9.9971106817206]",5.5600000000001915,100.0,0.0,"[50.0, 91.01513636367531, 91.01513636367532]",38
386,1288210302,settled,Dk4i_0012,unmatched,,"[0.04615286212208781, -0.6333120855466261, 0.5372564310861841, -0.5551047134325727]","[0.00016656587228613962, -0.707324108403754, 0.000213359692997378, -0.7068893353307051]","[480.16739811425475, 5.957251740859634, 10.279837029933702]",5.520000000000178,100.0,0.0,"[50.0, 92.16825920312, 92.16825920312002]",27
387,2398396039,settled,Dk4i_0003,unmatched,,"[0.7576079537954379, -0.18841092674201143, 0.5765840312664487, -0.24100283383943177]","[0.6824657213006814, -0.18375544173457856, 0.6831429108064968, -0.18382121830000295]","[480.36663167349536, 9.984837363456156, 5.446366495692051]",5.240000000000085,100.0,0.0,"[50.0, 84.15757098545807, 84.15757098545805]",24
388,701727153,settled,Dk4i_0010,unmatched,,"[0.19212178778999547, -0.6549558889125926, -0.32855242530116996, -0.6528210367809931]","[0.1828037094818404, -0.6827185431831848, 0.1827003946621256, -0.6834462381078796]","[480.2565639369163, 10.293910032076475, 5.952208412847735]",5.210000000000075,100.0,0.0,"[50.0, 88.01819665929887, 88.01819665929885]",37
389,1545886231,settled,Dk4i_0007,unmatched,,"[0.6603699745772341, -0.13748381202057905, -0.26800047012429995, -0.6878847622402371]","[0.6125167198160751, -0.3534375882378733, -0.35327535702690055, -0.6124554361615768]","[480.4698204273258, 13.752987402095444, 5.9454655114756125]",5.130000000000048,100.0,0.0,"[50.0, 87.93508077233086, 87.93508077233085]",12
390,1745869872,settled,Dk4i_0022,unmatched,,"[-0.447504222096961, 0.26585095795835, 0.8533219872333381, 0.030080316856180497]","[-0.6123929929452356, 0.3532212354657588, 0.6125832213546729, -0.3534846219036291]","[480.166333050099, 5.940641885124008, 10.296850240232661]",5.570000000000195,100.0,0.0,"[50.0, 89.57330575307842, 89.57330575307843]",37
391,406022352,settled,Dk4i_0003,unmatched,,"[-0.3653408397420556, 0.6171309206484219, -0.6060321330849663, 0.3440938117209992]","[-0.6830410871433044, 0.183643814335643, -0.6826299391046161, 0.1837013581016126]","[480.70454649973925, 9.987020768765571, 5.4350109518038865]",5.290000000000101,100.0,0.0,"[50.0, 89.70915322633711, 89.7091532263371]",30
392,1249401832,settled,Dk4i_0015,unmatched,,"[-0.1733833582670486, 0.1891697261426468, -0.9649533349426495, -0.05493712014854206]","[0.00022286871759022442, 0.00016665255797337908, -0.8659197978988085, -0.5001827927501571]","[480.05699955739414, 5.431925094499535, 13.743458372640823]",5.250000000000088,100.0,0.0,"[50.0, 89.43537888151032, 89.43537888151033]",23
393,3632292210,settled,Dk4i_0011,unmatched,,"[-0.016288161035539764, 0.41417340070696734, 0.444247711431849, -0.79425377609708]","[0.00034388679054275784, 0.7066547233487694, -0.00040035827618031816, -0.7075583533702362]","[480.5347482653524, 5.962501098145728, 9.699176698801056]",5.720000000000245,100.0,0.0,"[50.0, 90.31957861084624, 90.31957861084625]",24
394,2973749025,settled,Dk4i_0009,unmatched,,"[-0.257487360526622, 0.7199862692742867, -0.4075739458834495, -0.4992028744533857]","[0.1828699003723835, 0.6830620308915095, -0.18314480977810266, -0.682966207175365]","[480.69716034936783, 10.00044149778416, 5.428506083772124]",5.240000000000085,100.0,0.0,"[50.0, 89.95960896395549, 89.9596089639555]",30
395,1941028596,settled,Dk4i_0018,unmatched,,"[-0.3979706979410011, 0.5124873277994502, -0.5234674702789294, -0.552229906818808]","[-0.3531769681007838, 0.6126746224556596, -0.6123927908377285, -0.3533707768505078]","[480.05521869175936, 16.255349558129737, 5.432488698460722]",5.200000000000071,100.0,0.0,"[50.0, 91.03057408089272, 91.03057408089273]",19
396,3070380030,settled,Dk4i_0020,unmatched,,"[-0.06994234935673012, 0.3801467522525942, 0.7566750495891676, -0.5272943995980771]","[-0.4999021212083415, 0.4994599569371901, 0.5011084256580374, -0.4995277433358673]","[480.0618304674463, 10.291416191456642, 5.955043158882109]",5.5600000000001915,100.0,0.0,"[50.0, 89.07145680826409, 89.07145680826407]",32
397,1915343937,settled,Dk4i_0009,unmatched,,"[0.4906712176433897, -0.7697750840218592, 0.18896804856236424, 0.36191042098566995]","[-0.18203953021361674, -0.6827160669613548, 0.18268166549194345, 0.6836576558815928]","[480.5297701801355, 9.991988298210867, 5.45135667676451]",5.220000000000078,100.0,0.0,"[50.0, 92.23809890615883, 92.23809890615884]",37
398,354290017,settled,Dk4i_0008,unmatched,,"[-0.28835621042518916, -0.38855276042979314, -0.7424310043056404, 0.46332888116038073]","[-0.6126658593938173, -0.3531597314711536, -0.3538708028630777, 0.612122703125361]","[480.4580997019656, 13.749056154761915, 5.432095628532724]",5.0600000000000245,100.0,0.0,"[50.0, 89.51112866965416, 89.51112866965417]",17
399,3963352672,settled,Dk4i_0008,unmatched,,"[0.9251647455085984, -0.043595273119650155, -0.02004224774347514, -0.3765208548474078]","[0.6122585007724146, 0.353590959279528, 0.3538350241169458, -0.6123019985724846]","[480.0375352706202, 13.753222107040546, 5.43128465405213]",5.250000000000088,100.0,0.0,"[50.0, 92.26874897885811, 92.26874897885813]",22
400,2241331819,settled,Dk4i_0024,unmatched,,"[0.5925854334590082, 0.24491752173755219, -0.09201458593482868, 0.7618341207726109]","[0.7070195530805788, -2.6430022517156846e-05, 0.0003903129388946442, 0.7071938903292381]","[479.96321638176533, 16.253235582361157, 5.9432105238411195]",5.220000000000078,100.0,0.0,"[50.0, 91.24318237851419, 91.2431823785142]",16
401,1248089024,settled,Dk4i_0018,unmatched,,"[0.2827366532360801, -0.6531151424436665, 0.5934076092222453, 0.3759893681273299]","[0.35273728669236815, -0.6128827416801685, 0.6126520888967868, 0.3529993902231415]","[480.3195296760722, 16.260715951344324, 5.426908456907252]",5.170000000000061,100.0,0.0,"[50.0, 90.31819871343912, 90.31819871343913]",15
402,1190590428,settled,Dk4i_0001,unmatched,,"[-0.8466737523926994, -0.520625593890875, -0.0190786065475082, 0.10829845228462341]","[-0.8660709944924835, -0.4999207839023058, -0.00032997594549460946, -0.0003652905422245612]","[480.5197135457035, 5.430498640649058, 16.261976566493427]",5.210000000000075,100.0,0.0,"[50.0, 90.38785798221558, 90.38785798221559]",30
403,870255912,settled,Dk4i_0022,unmatched,,"[-0.016935335981255635, 0.22228673932136322, -0.7657847735540874, 0.6032209218104038]","[0.6121572181341249, -0.3537511958420655, -0.6124765309274358, 0.353547918661236]","[480.47959376548636, 5.942250577732489, 10.292782311469091]",5.690000000000235,100.0,0.0,"[50.0, 89.26847370846997, 89.26847370846998]",30
404,3990659583,settled,Dk4i_0009,unmatched,,"[-0.20215787328060575, -0.6371998885809219, 0.5616658613913516, 0.4874832883398513]","[-0.1827194989267179, -0.682962100447897, 0.1826546900598244, 0.683237600153062]","[479.98120765381975, 9.991136351651962, 5.436804993645971]",5.340000000000118,100.0,0.0,"[50.0, 90.66308786609802, 90.66308786609804]",24
405,3397404430,settled,Dk4i_0018,unmatched,,"[0.41182468093020647, -0.4075472598130009, 0.478449909386871, 0.6598419109175645]","[0.3533904486662763, -0.6122023646789098, 0.6125278363308654, 0.35374157967763414]","[479.9251668342791, 16.25237315659359, 5.434593242138116]",5.200000000000071,100.0,0.0,"[50.0, 91.95843623473834, 91.95843623473836]",17
406,3645697704,settled,Dk4i_0020,unmatched,,"[0.8864963890943234, -0.051138257445942525, -0.1415384693951913, 0.4375795841094335]","[0.5003087705311338, -0.49956859514868535, -0.5003339229801039, 0.4997882735580478]","[479.87398699964956, 10.29462053392941, 5.951115187530042]",5.0900000000000345,100.0,0.0,"[50.0, 92.10845798024492, 92.10845798024494]",40
407,51817196,settled,Dk4i_0023,unmatched,,"[0.7638451508528649, 0.27373350348973174, 0.43368309953207546, 0.39182843664804773]","[0.6123780324916132, 0.353402109304324, 0.6122970266758759, 0.35382544507827196]","[480.3457098119155, 5.440482624895952, 9.997811283730266]",5.550000000000188,100.0,0.0,"[50.0, 87.17645989979859, 87.17645989979857]",28
408,2309212288,settled,Dk4i_0004,unmatched,,"[0.8495889160767383, 0.3365625935702812, -0.2307471229477699, -0.33418566626970336]","[0.6829970863632933, 0.18340270531688516, -0.6828742888395297, -0.18319697962468265]","[480.487061985118, 9.712146018930623, 5.947938349992046]",5.130000000000048,100.0,0.0,"[50.0, 91.87890242478693, 91.87890242478694]",29
409,48961705,settled,Dk4i_0011,unmatched,,"[0.07809326247491846, -0.2879763649877445, 0.049014886336602684, 0.9531886468490268]","[0.0005294853263160815, -0.7072167957045624, 0.000542975169700477, 0.706996342774576]","[480.4236657648362, 5.950156519175272, 9.703885165316324]",5.570000000000195,100.0,0.0,"[50.0, 90.12904228536519, 90.1290422853652]",28
410,1554068286,settled,Dk4i_0020,unmatched,,"[0.6452777913563432, -0.48357184564960204, -0.23356384192165672, 0.5433440657853112]","[0.500499927461992, -0.4997090831528461, -0.5004044783443953, 0.49938563543413683]","[480.7142523227768, 10.292683583979732, 5.9492214490951705]",5.230000000000081,100.0,0.0,"[50.0, 89.8200578905476, 89.82005789054759]",31
411,3534876538,settled,Dk4i_0017,unmatched,,"[-0.2977258657233537, 0.10832781411501317, -0.3707268817149146, -0.8730326298267885]","[-0.00018381292175739805, 0.00024034647264771565, -0.0002433282479670309, -0.9999999246188706]","[480.66188905173726, 5.94809847976671, 13.758789248875477]",5.110000000000041,100.0,0.0,"[50.0, 91.37741324201626, 91.37741324201627]",21
412,534105821,settled,Dk4i_0024,unmatched,,"[0.61992343084427, 0.12344665611091266, 0.04777704849200498, 0.7734165867258707]","[0.707254617455934, -0.00015250995866116385, 0.00017594736417796863, 0.7069588756572042]","[480.25750704006157, 16.252008681348492, 5.939984615027591]",5.130000000000048,100.0,0.0,"[50.0, 91.65491419182402, 91.65491419182403]",20
413,4091761413,settled,Dk4i_0018,unmatched,,"[0.5674666330929233, -0.4537568823728552, 0.5632140784565418, 0.3935431537376766]","[0.3531862386492193, -0.612609156755221, 0.6127355917046373, 0.3528804281153064]","[480.4899036409561, 16.262914382827795, 5.425726372357632]",5.290000000000101,100.0,0.0,"[50.0, 91.46620273924951, 91.46620273924952]",18
414,3173205562,settled,Dk4i_0016,unmatched,,"[-0.09130783514718892, -0.5669139993428666, 0.7439710281521406, -0.3417287021308819]","[2.5078746945933483e-05, -0.00010576130557488073, 0.8660520814898052, -0.4999537781963235]","[480.5817698484266, 5.949717658339571, 13.750295578533123]",5.320000000000111,100.0,0.0,"[50.0, 90.86893543023069, 90.86893543023068]",22
415,251389692,settled,Dk4i_0006,unmatched,,"[0.6080055123042141, 0.07237173668191489, -0.4106834322929009, -0.6755965861203387]","[0.61237230245841, 0.353570162672317, -0.6124663724622379, -0.35337408769263795]","[480.1957238543356, 5.434606869472295, 10.002924377429641]",5.580000000000198,100.0,0.0,"[50.0, 88.97059385973458, 88.97059385973459]",30
416,2745748030,settled,Dk4i_0018,unmatched,,"[-0.44688314577346244, 0.750365958923362, -0.42026706391498325, -0.24621530557810048]","[-0.353403212846177, 0.6124416681036212, -0.6124951146990416, -0.35337106105376204]","[480.23491406319835, 16.25322995699885, 5.43130239427438]",5.190000000000068,100.0,0.0,"[50.0, 92.78244109455635, 92.78244109455633]",14
417,2132957445,settled,Dk4i_0011,unmatched,,"[0.02440900510333862, 0.4192243821668913, -0.3393466787833796, -0.8417237964233536]","[6.437363109312867e-05, 0.70671694666656, -0.0001564415063317615, -0.7074963806807674]","[480.1548237685925, 5.94627643953249, 9.696439515452619]",5.520000000000178,100.0,0.0,"[50.0, 86.97769727995018, 86.97769727995016]",34
418,2592582287,settled,Dk4i_0012,unmatched,,"[-0.17317025778823744, 0.877343216343861, -0.19804333936939197, 0.40132253647706384]","[-0.00013365131304876599, 0.7077453293877882, -0.00026225207190822, 0.706467594508728]","[480.617502976352, 5.954471205677501, 10.274254748066074]",5.790000000000268,100.0,0.0,"[50.0, 88.17575193833831, 88.17575193833832]",27
419,488833476,settled,Dk4i_0003,unmatched,,"[0.814050814904451, -0.47546433509702507, 0.2701807450712651, -0.19559473867381785]","[0.6828511092962979, -0.182906397099084, 0.6831805064414103, -0.18309562542973531]","[480.459235901607, 10.005946525220928, 5.432479495751808]",5.450000000000155,100.0,0.0,"[50.0, 91.81766165896745, 91.81766165896747]",26
420,1079718317,settled,Dk4i_0011,unmatched,,"[-0.06942338662369815, -0.7737009619714047, 0.02210873122520877, 0.6293476136745343]","[-0.0002541651186756255, -0.7071004144957105, 0.00016435087016319905, 0.7071130830417993]","[480.649058263357, 5.959502144806315, 9.694048871314944]",5.430000000000148,100.0,0.0,"[50.0, 84.77087509842914, 84.77087509842916]",43
421,1354260012,settled,Dk4i_0022,unmatched,,"[-0.4187518959274471, 0.7746345086352491, 0.30176239181627623, -0.3654144038949682]","[-0.6126416177538236, 0.35358586889975707, 0.6119421775030586, -0.35379945294360876]","[480.0583880985667, 5.951811709521229, 10.291888062629402]",5.390000000000135,100.0,0.0,"[50.0, 89.30259031115314, 89.30259031115314]",16
422,882229007,settled,Dk4i_0013,unmatched,,"[0.1273924501741963, -0.9584522427451846, 0.2029272869603875, 0.1547933403678503]","[0.0005162022197359023, -0.9999997946840741, -0.00030629811466648116, -0.00022438481038452682]","[480.6288220002264, 5.9510161119557585, 16.254334807374153]",5.1800000000000646,100.0,0.0,"[50.0, 90.71972656032982, 90.71972656032982]",20
423,4192697643,settled,Dk4i_0020,unmatched,,"[0.6550885994433101, -0.4372331383276803, -0.14355208181188908, 0.5992319329233069]","[0.5002342627646661, -0.4998246456469737, -0.49987116213528104, 0.5000698223505313]","[479.9116865270527, 10.297701367016927, 5.9420210488665015]",5.200000000000071,100.0,0.0,"[50.0, 91.6971678383905, 91.69716783839051]",28
424,3669686380,settled,Dk4i_0009,unmatched,,"[-0.06116896501923223, 0.885354112653527, -0.3315742172768101, -0.32010153289734866]","[0.18252605423621251, 0.6831600314947427, -0.18276175240637235, -0.6830627736529149]","[480.0268816821074, 9.996206772321237, 5.441729335963154]",5.0900000000000345,100.0,0.0,"[50.0, 88.49114107930949, 88.49114107930947]",29
425,514171889,settled,Dk4i_0001,unmatched,,"[-0.8749889709778484, -0.4028463397589936, 0.14105621020290338, 0.22850004983172698]","[-0.8660641863848588, -0.4999327753809657, -0.00021245562641095117, 4.9014595314700315e-06]","[480.1823150243438, 5.4440735027061, 16.262356143885487]",5.340000000000118,100.0,0.0,"[50.0, 92.48008632826972, 92.48008632826973]",26
426,551640303,settled,Dk4i_0005,unmatched,,"[-0.2697721665536638, 0.4464575027683721, -0.8515280409815804, 0.05290247439244444]","[-0.6119981078811835, 0.3533570065796007, -0.6127769700907231, 0.3536969419960943]","[480.15216880541533, 5.952318213886825, 9.70470719960364]",5.370000000000128,100.0,0.0,"[50.0, 91.47985794951218, 91.4798579495122]",31
427,1447824218,settled,Dk4i_0015,unmatched,,"[0.054177171776904016, 0.03524804273418602, -0.8950143501031719, -0.44132949442685304]","[-0.00036242253310272976, 0.00030223675890656, -0.8658303477592637, -0.5003374723143585]","[480.02261277489924, 5.437153308783164, 13.747046227817423]",5.240000000000085,100.0,0.0,"[50.0, 87.62421343702981, 87.62421343702982]",36
428,88904940,settled,Dk4i_0003,unmatched,,"[0.9031736958155836, -0.2856238255728287, 0.17222343768948123, -0.27025061140056533]","[0.6829343234452506, -0.1835899684414213, 0.6828108221606509, -0.18347973863168635]","[480.32954126744073, 9.997633271773864, 5.433982955447029]",5.350000000000121,100.0,0.0,"[50.0, 92.25176026555599, 92.251760265556]",37
429,1326025458,settled,Dk4i_0008,unmatched,,"[-0.5718926520009407, -0.20994557547447532, -0.2553657328752236, 0.7507662701527834]","[-0.612497716413126, -0.3532654122198284, -0.3539490991968621, 0.612184719750167]","[480.1103598978527, 13.75555610107663, 5.431096543790556]",5.170000000000061,100.0,0.0,"[50.0, 88.74573417899899, 88.74573417899897]",19
430,1890205973,settled,Dk4i_0022,unmatched,,"[0.4550261583998374, -0.14329072983126753, -0.6002766520818873, 0.6419399527071591]","[0.6124354288301392, -0.3536486343544394, -0.6122398128973174, 0.35357870472688463]","[479.93923375519904, 5.952998881430281, 10.29836091696067]",5.460000000000158,100.0,0.0,"[50.0, 88.42607160138081, 88.42607160138083]",23
431,296743350,settled,Dk4i_0003,unmatched,,"[0.6332094678323993, -0.22651466425909744, 0.7306858552586184, 0.11762252185691]","[0.6830719825731719, -0.1834080854731408, 0.6827519511324067, -0.18336824706454846]","[480.3930658575053, 10.004446502777013, 5.430651182448979]",5.220000000000078,100.0,0.0,"[50.0, 90.43986390899198, 90.43986390899198]",20
432,4200615586,settled,Dk4i_0021,unmatched,,"[0.655926729555045, 0.4715822210767977, 0.3000995891145564, 0.5072578938102114]","[0.5002735111746957, 0.4998388307600988, 0.5003215708900818, 0.4995656943620126]","[480.57294681440356, 9.679900161790115, 5.937550839407624]",5.390000000000135,100.0,0.0,"[50.0, 87.64262511035982, 87.64262511035983]",31
433,1827127625,settled,Dk4i_0007,unmatched,,"[0.8579350932580933, -0.2128157517921675, -0.14611278493536695, -0.44419352271706153]","[0.6123383361533287, -0.35352081350058395, -0.3532938588995062, -0.6125750939784887]","[480.07389073964663, 13.757464513168093, 5.943974850405909]",5.220000000000078,100.0,0.0,"[50.0, 89.96951551496285, 89.96951551496286]",22
434,534635392,settled,Dk4i_0005,unmatched,,"[0.4023365553425705, -0.1994319114941423, 0.8810665716111402, -0.14857289558415035]","[0.6124460294721626, -0.35347654913323806, 0.6122588632083179, -0.3536994128062683]","[479.9061223583772, 5.945115557920053, 9.704917648336352]",5.410000000000141,100.0,0.0,"[50.0, 86.57325983148199, 86.573259831482]",34
435,2590583326,settled,Dk4i_0015,unmatched,,"[0.09030055180909459, -0.04441867200298009, -0.8023967719212277, -0.5882450274595253]","[6.674942116377536e-05, 0.0001349539873770622, -0.8660258460730461, -0.49999921126477864]","[480.24741164144586, 5.433308725749721, 13.749134762372776]",5.260000000000091,100.0,0.0,"[50.0, 88.00159238945379, 88.00159238945378]",27
436,2547354583,settled,Dk4i_0006,unmatched,,"[0.8152563941732772, 0.21622676966726295, -0.40583675953436604, -0.3519936369446071]","[0.6124317403012738, 0.353271247874936, -0.6126877533220205, -0.35318621975617026]","[480.49316916565607, 5.436814399816475, 9.995168561420726]",5.420000000000145,100.0,0.0,"[50.0, 88.25874853875415, 88.25874853875413]",39
437,3218085765,settled,Dk4i_0009,unmatched,,"[0.2954657990931379, 0.39282819469298863, -0.3980689292476701, -0.7745496101529676]","[0.1830815161353047, 0.6829117424270413, -0.1830532790740193, -0.6830843341236204]","[480.69792228523977, 10.000830412792622, 5.431935772758396]",5.410000000000141,100.0,0.0,"[50.0, 88.46932050638898, 88.469320506389]",25
438,1304232084,settled,Dk4i_0015,unmatched,,"[-0.352213766853653, 0.21184664024323208, -0.8685438811426818, -0.27694401958883696]","[0.00028549529084578867, 9.619204832927998e-05, -0.8658354159015912, -0.5003288336784594]","[480.5048790508463, 5.452429106712244, 13.749630649603908]",5.350000000000121,100.0,0.0,"[50.0, 90.3743993952946, 90.37439939529462]",29
439,297768368,settled,Dk4i_0009,unmatched,,"[-0.22472066688496214, -0.872516407788627, -0.21434063640960546, 0.3771920354380955]","[-0.18337670122877853, -0.6828151597598106, 0.18273666622572715, 0.6831864707862291]","[480.49644074335816, 10.001330895083099, 5.432656813491752]",5.160000000000058,100.0,0.0,"[50.0, 91.38345633222252, 91.38345633222252]",28
440,891232979,settled,Dk4i_0009,unmatched,,"[-0.34380334234946835, -0.7338992915597421, -0.0763126847783356, 0.5808334234351233]","[-0.1825266863991518, -0.6829804457387542, 0.1824710237002084, 0.6833198701928963]","[480.51758878446503, 9.995809111880748, 5.435813107567921]",5.250000000000088,100.0,0.0,"[50.0, 88.24750961182251, 88.24750961182252]",28
441,3841963349,settled,Dk4i_0020,unmatched,,"[-0.5133375855609958, -0.07907450326392841, 0.6897991190402434, -0.5043896525061499]","[-0.4998558913605474, 0.5001459762450584, 0.49986829086682144, -0.5001297652648891]","[480.40776381970954, 10.299144389945367, 5.933708600906138]",5.380000000000131,100.0,0.0,"[50.0, 89.58309386545676, 89.58309386545677]",29
442,18385099,settled,Dk4i_0016,unmatched,,"[0.12047864421829556, -0.12517628543684167, -0.7144336243554615, 0.6777908159910955]","[-6.263165818651273e-05, -5.8200149152976e-05, -0.8659410444463822, 0.5001460788940837]","[480.47637580853313, 5.948062008234555, 13.749732740835348]",5.1800000000000646,100.0,0.0,"[50.0, 87.6872267968166, 87.68722679681659]",21
443,2691739939,settled,Dk4i_0018,unmatched,,"[-0.22267729535334213, 0.7891356077799049, -0.5696644964821498, 0.0562332296395906]","[-0.3535112240343522, 0.612315138512296, -0.6123820385636377, -0.35367813683495486]","[479.8884964387607, 16.258348147183113, 5.432676147122839]",5.0900000000000345,100.0,0.0,"[50.0, 92.69107127683634, 92.69107127683633]",17
444,1648306844,settled,Dk4i_0007,unmatched,,"[0.40372342625092367, -0.4878801446397, -0.3946080481346454, -0.6657813814683657]","[0.6125118527198989, -0.35351247460776036, -0.35340174443122746, -0.6123441578126634]","[480.49621694433165, 13.755278705748701, 5.9513691947627345]",5.210000000000075,100.0,0.0,"[50.0, 88.82559668943587, 88.82559668943587]",15
445,3556173456,settled,Dk4i_0003,unmatched,,"[0.8819022092181918, -0.180298544692677, 0.353429474799875, -0.2546144821106211]","[0.6829765423928601, -0.18314189394342867, 0.6830275106113401, -0.18296313555463375]","[480.43275355655805, 10.001217414412256, 5.431973013934521]",5.280000000000098,100.0,0.0,"[50.0, 89.1975682249849, 89.19756822498492]",36
446,4217925759,settled,Dk4i_0011,unmatched,,"[0.0961030644699224, -0.5789503453412914, -0.05326938281784191, 0.8079251645312798]","[-0.00020802747033821234, -0.7073494349452552, 6.673436320114856e-05, 0.7068640103681363]","[480.4813512334553, 5.946557822872711, 9.709887119743014]",5.460000000000158,100.0,0.0,"[50.0, 87.25697675086163, 87.25697675086161]",42
447,2301786321,settled,Dk4i_0010,unmatched,,"[0.2578223818748416, -0.7105505883403768, 0.20813108451813142, -0.620747076087221]","[0.1825799331098648, -0.683307082833459, 0.1826786546990559, -0.6829235006152365]","[479.92437061790395, 10.287957051727993, 5.954210169468082]",5.250000000000088,100.0,0.0,"[50.0, 84.11640868298247, 84.11640868298245]",31
448,325454950,settled,Dk4i_0006,unmatched,,"[0.7956384402483112, 0.3843416545390062, -0.3939975078371101, -0.25299590669336963]","[0.6121281050310524, 0.35356079362097576, -0.6123519785595936, -0.3540042409341305]","[480.5135181276248, 5.4295746450764595, 9.994947171803584]",5.440000000000151,100.0,0.0,"[50.0, 89.99020197031292, 89.99020197031294]",27
449,969502381,settled,Dk4i_0009,unmatched,,"[-0.30927980161513835, -0.15406158471051223, 0.5135925348162733, 0.7853876371642105]","[-0.18306449566024133, -0.6829527845198691, 0.1834723236141874, 0.6829354222859068]","[480.3393974892484, 9.995568721668464, 5.432630729640911]",5.420000000000145,100.0,0.0,"[50.0, 90.52467636896445, 90.52467636896446]",23
450,2996715874,settled,Dk4i_0014,unmatched,,"[-0.19287291865651282, 0.48587151384416694, 0.6514239194558252, 0.5498870669914926]","[-1.9306442875139527e-05, 0.7071133791139316, 0.7071000579093255, 0.00042048777278620963]","[480.6878461373538, 13.750919233675846, 5.945675476039284]",5.130000000000048,100.0,0.0,"[50.0, 89.91945586947242, 89.91945586947243]",22
451,1609489958,settled,Dk4i_0001,unmatched,,"[-0.9949556450195594, -0.05813871976815337, 0.08029387326127228, -0.015363841451134974]","[-0.8660741153121585, -0.499915593876278, -0.00014976489865459186, -5.7931560098034574e-05]","[480.57241054010245, 5.437831576515765, 16.249776925180957]",5.310000000000108,100.0,0.0,"[50.0, 90.53596215079878, 90.5359621507988]",30
452,2771918735,settled,Dk4i_0016,unmatched,,"[-0.11460745564524599, 0.43084029765301896, -0.8796516023320977, 0.16569498345862566]","[0.00021203105912856457, -0.00026995594080636565, -0.8661813753668941, 0.49972963403638154]","[479.95043999249, 5.951968951639486, 13.747474622219892]",5.380000000000131,100.0,0.0,"[50.0, 91.05634239106391, 91.05634239106392]",42
453,610631633,settled,Dk4i_0010,unmatched,,"[0.1514681535432902, -0.6127328788032343, 0.29993681550540857, -0.7152997444429585]","[0.1824605785922228, -0.683057368461196, 0.1825313279893853, -0.6832445264713715]","[480.4007007102885, 10.290894621701856, 5.94516065661866]",5.1800000000000646,100.0,0.0,"[50.0, 86.09356212750272, 86.09356212750274]",37
454,2319603761,settled,Dk4i_0016,unmatched,,"[-0.1570165804251357, 0.03132179366028071, 0.9537235132709428, -0.2545116872515474]","[-0.00037192160949453545, 0.00024352819149064953, 0.8662383733130494, -0.49963074662024]","[480.73645254436195, 5.956482203802724, 13.753241519652638]",5.100000000000038,100.0,0.0,"[50.0, 89.50261018514551, 89.50261018514553]",32
455,1854309513,settled,Dk4i_0015,unmatched,,"[0.12356854996780049, -0.2678906918240119, -0.7278985147329342, -0.6189742667853777]","[0.00010237782307692678, 5.190859405312942e-05, -0.8660081568660156, -0.5000298581742952]","[480.2038840924497, 5.437631995473137, 13.752497911755762]",5.230000000000081,100.0,0.0,"[50.0, 90.74025446573314, 90.74025446573316]",23
456,989447075,settled,Dk4i_0002,unmatched,,"[0.9713800337355661, -0.21011797810244398, 0.016179182275794755, 0.10958786154915928]","[0.8660636662264697, -0.4999337024381132, 0.00010925794836375013, -8.52735999757881e-05]","[480.60944563606694, 5.936982075488948, 16.24493005271858]",5.230000000000081,100.0,0.0,"[50.0, 90.54173738291267, 90.54173738291269]",28
457,2183323969,settled,Dk4i_0005,unmatched,,"[0.4719514165278837, -0.21436734646952207, 0.6328959274691771, -0.5751097688249347]","[0.6124253727154898, -0.3532332588192416, 0.6125909350765082, -0.3534031323861202]","[480.25681254403537, 5.947868872175684, 9.699855493805128]",5.410000000000141,100.0,0.0,"[50.0, 88.22910167988682, 88.22910167988681]",36
458,3333157346,settled,Dk4i_0002,unmatched,,"[-0.9276509904190547, 0.24159716448372856, 0.27468312960690555, 0.07512408666549768]","[-0.8660893904305039, 0.4998889246566812, -0.0004278982032494272, -0.00021838597179935082]","[480.5779377721362, 5.956944423079786, 16.25530977592507]",5.340000000000118,100.0,0.0,"[50.0, 91.90858421693618, 91.90858421693619]",28
459,1536433214,settled,Dk4i_0015,unmatched,,"[0.08218339877503628, 0.2576184628040969, -0.6582543058704985, -0.7025524075762501]","[-0.0001374825673469693, 4.554524760252976e-05, -0.865853104145877, -0.500298292086954]","[480.51941774966997, 5.441278336184156, 13.743575010162616]",5.160000000000058,100.0,0.0,"[50.0, 89.5443904739886, 89.54439047398861]",20
460,3003981838,settled,Dk4i_0004,unmatched,,"[-0.7818738120739928, -0.012854806092070811, 0.6135808908157429, -0.10966579402428699]","[-0.6827165933731035, -0.183260744624635, 0.683298055571086, 0.1828040477271275]","[480.42390030374014, 9.715150127090679, 5.943918612706305]",5.230000000000081,100.0,0.0,"[50.0, 87.1679770543054, 87.16797705430538]",26
461,1671738075,settled,Dk4i_0021,unmatched,,"[0.16848477985767996, 0.6303939036957051, 0.6092136526744295, 0.4506385808324433]","[0.49997271221068695, 0.5000413674175911, 0.4999834949709142, 0.5000024226666357]","[480.1999393812805, 9.71202758424433, 5.948437222039745]",5.310000000000108,100.0,0.0,"[50.0, 89.76641081227493, 89.76641081227491]",26
462,1427896573,settled,Dk4i_0003,unmatched,,"[-0.8276546587604369, 0.01672756570963244, -0.5591638238802129, 0.045208101499985595]","[-0.6829382855244551, 0.18313415058406168, -0.6829542985437286, 0.1833864966550587]","[479.9337307205238, 9.997287132909836, 5.435665200649676]",5.270000000000095,100.0,0.0,"[50.0, 87.14526600558327, 87.14526600558328]",28
463,617616967,settled,Dk4i_0024,unmatched,,"[-0.653353822706798, 0.3994512311384112, -0.04260644431797357, -0.6416791933661253]","[-0.7069808052164069, -0.0001221380291858348, -2.6442676431066493e-05, -0.7072327236763353]","[480.1333979885868, 16.268363197563975, 5.945225628503748]",5.1200000000000445,100.0,0.0,"[50.0, 92.55056164195861, 92.5505616419586]",16
464,4137320547,settled,Dk4i_0007,unmatched,,"[0.42361130840775824, -0.7453039372078921, -0.42955826919711343, -0.2838224690468704]","[0.6124075236087688, -0.35355802502610606, -0.35360599349958993, -0.6123042947164283]","[480.6457844086104, 13.762346885044908, 5.948278963405494]",5.310000000000108,100.0,0.0,"[50.0, 90.82650332615371, 90.82650332615373]",18
465,2545035017,settled,Dk4i_0010,unmatched,,"[-0.5569568557253328, 0.6963649029460673, 0.07238081643017763, 0.44680644603493136]","[-0.18230265069844637, 0.6830571276514881, -0.18241390353750792, 0.6833182799464886]","[480.19078410561286, 10.28310841472831, 5.941579586455565]",5.250000000000088,100.0,0.0,"[50.0, 90.45292091035702, 90.45292091035701]",22
466,1308104037,settled,Dk4i_0008,unmatched,,"[0.6202867767754898, 0.441811349337051, 0.34047399362073083, -0.5514748460468515]","[0.6123583710346783, 0.3535809154773044, 0.3535528454233977, -0.612370922829461]","[480.02999805150654, 13.743725396028351, 5.429396971104953]",5.130000000000048,100.0,0.0,"[50.0, 87.918180866076, 87.91818086607601]",21
467,997398106,settled,Dk4i_0014,unmatched,,"[0.11084417898417434, -0.7964657463755247, -0.5903442692092394, 0.06963854283090477]","[0.0003690519373132812, -0.7070524720582945, -0.7071607343153373, -0.0006011651315345713]","[480.5096426343113, 13.74983642892264, 5.945311809872337]",5.220000000000078,100.0,0.0,"[50.0, 89.74528902352783, 89.74528902352785]",24
468,3869532184,settled,Dk4i_0005,unmatched,,"[-0.444034000270401, -0.15779409734244773, -0.714768004045331, 0.5167606117350677]","[-0.612667420585387, 0.35324956496404214, -0.6125601609351214, 0.35302043261134564]","[480.3495566732426, 5.966533638965315, 9.697128599563511]",5.310000000000108,100.0,0.0,"[50.0, 87.03133464341057, 87.03133464341059]",29
469,2215946165,settled,Dk4i_0010,unmatched,,"[0.36889047016788995, -0.7622059379761799, -0.12484839185158167, -0.5170829799802338]","[0.18248884402022011, -0.6830944633979837, 0.18292520093459347, -0.6830945371954186]","[480.3515515715157, 10.299857860091352, 5.9565861952951975]",5.280000000000098,100.0,0.0,"[50.0, 89.17295858819165, 89.17295858819166]",31
470,1197086404,settled,Dk4i_0003,unmatched,,"[0.755057280627056, -0.1767846178774512, 0.631366319746603, 0.0035031619473357]","[0.6832731865258862, -0.18419235943254036, 0.6823681620876275, -0.1832610669798386]","[480.3267927538118, 10.010917647735814, 5.425835477018904]",5.230000000000081,100.0,0.0,"[50.0, 87.16738391955079, 87.1673839195508]",26
471,148282538,settled,Dk4i_0018,unmatched,,"[-0.4253381753982559, 0.7238946308654451, -0.5174617999902729, -0.16521890177546342]","[-0.35321489035226167, 0.6124736783314981, -0.6125535526117638, -0.3534025746471459]","[480.5170100545754, 16.255995559414494, 5.436494155594928]",5.140000000000051,100.0,0.0,"[50.0, 92.36099531456829, 92.3609953145683]",18
472,4068892255,settled,Dk4i_0011,unmatched,,"[0.3748737161170823, 0.8447448672063396, 0.13016443113470874, -0.35907245391493114]","[-0.0004537515554309813, 0.7071284383989629, 0.000645465267930634, -0.7070846831119723]","[480.6880107281251, 5.947011220562003, 9.710233734455262]",5.420000000000145,100.0,0.0,"[50.0, 90.76287229586256, 90.76287229586258]",27
473,1326143893,settled,Dk4i_0009,unmatched,,"[0.14356132151723644, 0.9476595487597521, -0.08740535376396882, -0.2714623928688525]","[0.1828725919023547, 0.6829337619876276, -0.182560275526735, -0.6832502013669254]","[480.6774270417213, 9.992407214647798, 5.437141964771419]",5.170000000000061,100.0,0.0,"[50.0, 89.62120148718326, 89.62120148718326]",33
474,2736713625,settled,Dk4i_0009,unmatched,,"[0.017407009755828814, 0.4637843759830021, 0.32652442269539567, -0.8233971398959656]","[0.18293687442852982, 0.6830446925294481, -0.1831027242772098, -0.6829768959078603]","[480.1215027676713, 9.992808241436252, 5.432858924873645]",5.450000000000155,100.0,0.0,"[50.0, 89.6875902926789, 89.68759029267892]",29
475,3271021467,settled,Dk4i_0020,unmatched,,"[-0.521156935288762, 0.18990290551240585, 0.14878659799666374, -0.8186543125977841]","[-0.49998030081143524, 0.4999330221609122, 0.5002701250677641, -0.4998164404241293]","[480.1107527019189, 10.308581953472686, 5.94926034418499]",5.340000000000118,100.0,0.0,"[50.0, 92.65883521038856, 92.65883521038857]",28
476,3851873653,settled,Dk4i_0002,unmatched,,"[-0.6890452941250381, 0.5804733049738838, -0.022912083130372837, -0.43329246624360196]","[-0.8662339720967543, 0.4996385364456071, 0.0001753070198126372, -8.804214974261759e-05]","[480.26318166591113, 5.945666965325552, 16.258298459791007]",5.330000000000115,100.0,0.0,"[50.0, 91.42303443553467, 91.42303443553469]",33
477,1222532304,settled,Dk4i_0021,unmatched,,"[-0.4892347766941237, -0.673558720770075, -0.5376203582472012, -0.13391166247112982]","[-0.49994551127110776, -0.49997505165776013, -0.5000481925554131, -0.500031237625966]","[480.37079016250374, 9.716291415563626, 5.943645486002388]",5.270000000000095,100.0,0.0,"[50.0, 88.32113713299069, 88.3211371329907]",32
478,2025214609,settled,Dk4i_0003,unmatched,,"[-0.6720498297597366, 0.25987250603860684, -0.3820612441455619, 0.5786575089351808]","[-0.6826478709391757, 0.18333625281715246, -0.6831914484079332, 0.18338251696234867]","[480.42108983604373, 9.98654077731717, 5.437232915773355]",5.270000000000095,100.0,0.0,"[50.0, 87.66102995779084, 87.66102995779083]",29
479,3974321818,settled,Dk4i_0023,unmatched,,"[0.5890076497595739, 0.578138251652458, 0.2804648250741726, 0.4900669672575945]","[0.6120226849753445, 0.3533708906743032, 0.6126531402150996, 0.3538550218439714]","[480.0053600942142, 5.445119135560925, 9.983188897761247]",5.470000000000161,100.0,0.0,"[50.0, 86.98430339930495, 86.98430339930496]",40
480,2134301099,settled,Dk4i_0013,unmatched,,"[0.23258563386672154, -0.9707151930310784, -0.014332229697203118, 0.05839969288753257]","[-7.039379339858898e-05, -0.9999999660201052, 0.00018670393871283997, -0.0001677681188158068]","[480.00326561916984, 5.957703188672832, 16.259660563541313]",5.270000000000095,100.0,0.0,"[50.0, 90.2084674832268, 90.20846748322678]",33
481,978334388,settled,Dk4i_0015,unmatched,,"[-0.0529483899273966, -0.302997353705265, -0.8480072285136022, -0.4315933410519471]","[0.00011985769132255575, 5.537486657880564e-05, -0.8661094997792314, -0.49985429573019347]","[480.61843956013814, 5.433159624344969, 13.748219476019784]",5.250000000000088,100.0,0.0,"[50.0, 88.95106975023648, 88.95106975023647]",22
482,2325744455,settled,Dk4i_0014,unmatched,,"[0.18274323590751634, 0.8725818368775546, 0.3737068263916387, -0.2560254979288821]","[0.00017474281208762547, 0.7069786476832542, 0.707234854515541, -0.00014745605575247194]","[480.28796833939117, 13.744958552843451, 5.951005727239736]",5.210000000000075,100.0,0.0,"[50.0, 91.27507828002196, 91.27507828002197]",32
483,348550585,settled,Dk4i_0002,unmatched,,"[-0.9150115933974345, 0.34906982214210186, -0.028151545384796382, -0.2002786401751746]","[-0.8662012305255191, 0.49969511990914084, -0.00040524871414118757, 0.0002261604424199093]","[479.9818840368847, 5.947295264017142, 16.252017299401874]",5.210000000000075,100.0,0.0,"[50.0, 91.55258665327001, 91.55258665327003]",24
484,1740214684,settled,Dk4i_0015,unmatched,,"[-0.08212628680529313, 0.5264601975169598, -0.73218323243745, -0.42426718890744497]","[0.00013157180373415955, 0.0001962817981928655, -0.8658604416618401, -0.5002855581840029]","[480.3369083433697, 5.445702515310617, 13.74809055649144]",5.160000000000058,100.0,0.0,"[50.0, 91.05385173397065, 91.05385173397063]",32
485,55311315,settled,Dk4i_0008,unmatched,,"[-0.7661319425224496, -0.4844520809690637, -0.32013599349819377, 0.27542870866786173]","[-0.6123523016591824, -0.35354874230699124, -0.35369218002668384, 0.612315104544889]","[480.08195933521336, 13.74296130785378, 5.433592680307039]",5.220000000000078,100.0,0.0,"[50.0, 89.85140570866561, 89.85140570866562]",22
486,1316840683,settled,Dk4i_0019,unmatched,,"[0.07675491347951191, 0.6400061569458476, -0.7595435032536367, 0.08714625059836124]","[0.35394066720936895, 0.6121413694620816, -0.6126550316718146, 0.3530761391763565]","[480.38871321713924, 16.26127920570258, 5.942033453020841]",5.280000000000098,100.0,0.0,"[50.0, 90.62351998664413, 90.62351998664414]",25
487,3906633774,settled,Dk4i_0018,unmatched,,"[-0.4126339930361076, 0.7677208856764828, -0.44529899126803724, -0.20505276848378087]","[-0.3536049190319153, 0.6125218991942594, -0.6119772895973253, -0.35392694339510467]","[480.40861069115033, 16.250930663210898, 5.426842111362569]",5.160000000000058,100.0,0.0,"[50.0, 92.77916740461491, 92.77916740461492]",26
488,3892948482,settled,Dk4i_0014,unmatched,,"[0.5881394421842769, -0.4614317568880165, -0.6511079169270512, -0.13126770660494644]","[-0.0006862500653442016, -0.7070950813520093, -0.7071180474707947, 0.000376735629410461]","[480.414524228383, 13.758773952731596, 5.939845489701766]",4.959999999999991,100.0,0.0,"[50.0, 89.34347334238154, 89.34347334238156]",10
489,726396242,settled,Dk4i_0023,unmatched,,"[-0.588104219804756, -0.17625190134214422, -0.7803869967171447, -0.1185952329392438]","[-0.6122620100318162, -0.3530090643690934, -0.6124910308875944, -0.3540827143864965]","[480.20268486385373, 5.434361659279862, 9.997739532284111]",5.410000000000141,100.0,0.0,"[50.0, 87.06061518782683, 87.06061518782684]",26
490,2940707866,settled,Dk4i_0005,unmatched,,"[0.497173177018088, 0.03845020895787252, 0.8641151523332156, 0.06815729596294492]","[0.612330179553785, -0.35341078342239557, 0.6124723570443921, -0.3535960707147136]","[480.1466682258299, 5.946653878835399, 9.69502186553502]",5.390000000000135,100.0,0.0,"[50.0, 88.706329687157, 88.70632968715698]",32
491,304160197,settled,Dk4i_0005,unmatched,,"[0.9038276135597187, -0.022174154481154725, 0.42216816549128033, 0.06616639544146515]","[0.612822185793233, -0.3525573728935422, 0.6129747184251401, -0.352724059272441]","[480.4486959866662, 5.975856247468979, 9.686012370655193]",5.6500000000002215,100.0,0.0,"[50.0, 91.0617419758169, 91.06174197581691]",32
492,4041846957,settled,Dk4i_0007,unmatched,,"[-0.42387011570386224, 0.43694254873817007, 0.72414277921501, 0.32408728673946435]","[-0.6124504815034117, 0.3539130475280129, 0.3537810512571842, 0.611955006734184]","[479.89729179467, 13.749318470951653, 5.942917260739139]",5.260000000000091,100.0,0.0,"[50.0, 89.80038556562025, 89.80038556562026]",13
493,1321792822,settled,Dk4i_0001,unmatched,,"[0.8692626977408878, 0.4179941004244013, -0.14782251222700962, -0.2186590935806806]","[0.8659525970139779, 0.500126081485294, 4.439002080255939e-05, 1.929866739597275e-05]","[480.5200771550863, 5.430303246734831, 16.25343711602665]",5.350000000000121,100.0,0.0,"[50.0, 92.45153670667327, 92.45153670667328]",41
494,4197430582,settled,Dk4i_0013,unmatched,,"[0.03321905480953784, 0.9728731798589902, 0.2096095331892582, 0.0920766740537427]","[-6.792790037051274e-05, 0.9999999896431888, 2.38197696376119e-05, 0.0001246276109561282]","[480.29541738901816, 5.947762220195086, 16.256681561530442]",5.200000000000071,100.0,0.0,"[50.0, 91.4216538930179, 91.42165389301792]",20
495,2542721139,settled,Dk4i_0004,unmatched,,"[-0.6495938786809407, -0.005279080681094758, 0.6857852760822487, 0.3281744645706117]","[-0.6824214316784752, -0.18302325699797187, 0.6834958768231323, 0.1834035532631039]","[480.4082534773037, 9.700635253220625, 5.94633699426038]",5.290000000000101,100.0,0.0,"[50.0, 87.26250409732911, 87.26250409732913]",25
496,2692174792,settled,Dk4i_0014,unmatched,,"[0.47989987830095804, 0.40658434079067574, 0.7168406037565264, -0.30087344421951895]","[-0.00010338726035509391, 0.7070393961332229, 0.7071736029982998, 0.0008813904045419913]","[479.91889583957004, 13.750967286956811, 5.947797845430881]",5.280000000000098,100.0,0.0,"[50.0, 90.26144431502023, 90.26144431502024]",32
497,3415389587,settled,Dk4i_0011,unmatched,,"[0.014422751469727813, -0.6581796891617329, -0.4012873838272596, 0.6368358631516293]","[-0.00020862368493196337, -0.7069290509257447, 0.0001351825189592204, 0.7072844230994138]","[480.68899693184585, 5.948374010482983, 9.705204454827806]",5.5600000000001915,100.0,0.0,"[50.0, 89.20489207789554, 89.20489207789555]",32
498,1604256032,settled,Dk4i_0007,unmatched,,"[0.7194335288308407, -0.12594507376429795, -0.2512441202018914, -0.6351611040141603]","[0.6125227021281524, -0.35356221841714214, -0.3534384138103522, -0.6122834186296394]","[480.5746988750197, 13.757223762686582, 5.949284932389452]",5.1200000000000445,100.0,0.0,"[50.0, 87.93987640685489, 87.9398764068549]",24
499,262656233,settled,Dk4i_0022,unmatched,,"[-0.36391009820553344, 0.39535104709640495, 0.3331361145539588, -0.7747821107664442]","[-0.61224910594034, 0.3539823843991724, 0.6120715662846481, -0.353858589773074]","[480.23708674086396, 5.954308941210854, 10.288918064536531]",5.470000000000161,100.0,0.0,"[50.0, 88.92226533594824, 88.92226533594825]",21
500,4212216518,settled,Dk4i_0013,unmatched,,"[-0.29048204249306936, -0.9429696391518119, 0.01821415926537831, -0.16154469050145792]","[-0.00020686419584531635, -0.9999999335074741, 0.00014985946627643632, -0.0002602583187640002]","[480.534742270553, 5.945730036555773, 16.255646604257713]",5.140000000000051,100.0,0.0,"[50.0, 91.70382755368607, 91.70382755368605]",31
501,3782923788,settled,Dk4i_0003,unmatched,,"[-0.7787440695715817, 0.09365545432764234, -0.38650657307348313, 0.48517934720345085]","[-0.6825637316129513, 0.18299428255927627, -0.6833745192464595, 0.18335515068273747]","[480.19256666311435, 9.996319217795117, 5.439716881153413]",5.310000000000108,100.0,0.0,"[50.0, 88.07839983805594, 88.07839983805593]",32
502,3362482467,settled,Dk4i_0020,unmatched,,"[0.7832846989191279, -0.38675165402377154, -0.48657950948779993, 0.011341053551597924]","[0.500571038462145, -0.4991863142349599, -0.5007704189287826, 0.49947036614731954]","[480.14213684240906, 10.284212541109058, 5.96205129440809]",5.140000000000051,100.0,0.0,"[50.0, 91.36382115213591, 91.3638211521359]",23
503,2700113713,settled,Dk4i_0013,unmatched,,"[0.03447712517487698, 0.9641850388290412, 0.23864003994039065, 0.11049647087199173]","[-0.00019789806122729446, 0.9999999534144124, 0.00016499126600022504, 0.00016366249550001742]","[480.1465360685484, 5.937796397549129, 16.249616509970433]",5.220000000000078,100.0,0.0,"[50.0, 91.52060299860187, 91.52060299860186]",27
504,470461877,settled,Dk4i_0009,unmatched,,"[-0.3661237010024778, 0.6138259312149058, -0.3211534154736574, -0.6213144497450597]","[0.1830330156634062, 0.6829890101725167, -0.18325533836377264, -0.682965890892001]","[480.32644554681286, 10.000148267285573, 5.428628927084402]",5.260000000000091,100.0,0.0,"[50.0, 90.15627762710677, 90.15627762710679]",32
505,1077415524,settled,Dk4i_0005,unmatched,,"[-0.9281882426101508, -0.132775582072791, -0.2798262576919452, 0.2062389308341965]","[-0.6135746535457922, 0.3527380684821044, -0.6117610711445174, 0.35334174873879254]","[480.5358176290111, 5.964476036405721, 9.69811201389902]",5.510000000000175,100.0,0.0,"[50.0, 88.96405404783445, 88.96405404783447]",35
506,3461860755,settled,Dk4i_0015,unmatched,,"[-0.05646607210453661, 0.35164116118681604, -0.895910406203069, -0.2655270617419717]","[0.0002925588839649551, -0.00016215152250320664, -0.8661015586778328, -0.4998679607376449]","[480.62438524453967, 5.43015744445872, 13.753140499315368]",5.210000000000075,100.0,0.0,"[50.0, 90.26844613402206, 90.26844613402207]",27
507,4041061826,settled,Dk4i_0009,unmatched,,"[-0.3481962430304041, -0.8253540043337292, -0.2323053652870821, 0.3789252711665267]","[-0.18308500755312065, -0.6830913884038885, 0.1828082066892203, 0.6829693951157645]","[480.4854406994714, 9.998374271200088, 5.426962518810964]",5.220000000000078,100.0,0.0,"[50.0, 90.89283487088957, 90.89283487088959]",37
508,306890977,settled,Dk4i_0008,unmatched,,"[-0.6281596778640454, 0.2934023739395993, -0.14503032828879558, 0.7059013174295615]","[-0.6120815549970139, -0.3535088567551571, -0.35383379589289793, 0.6125269815380565]","[479.9743789223152, 13.75651324190615, 5.427131652688816]",5.440000000000151,100.0,0.0,"[50.0, 90.6384941939042, 90.63849419390421]",24
509,1149764821,settled,Dk4i_0023,unmatched,,"[0.5506074498766016, 0.1942346200872333, 0.7633583094821048, 0.2763845868433636]","[0.6127403823306541, 0.35359591615979313, 0.6120874219239195, 0.3533668629893445]","[479.9240603738833, 5.432415316146142, 10.010017364997765]",5.400000000000138,100.0,0.0,"[50.0, 87.77275314863584, 87.77275314863583]",25
510,2826209534,settled,Dk4i_0011,unmatched,,"[-0.054747368474066145, -0.6743927245094147, 0.08177656121602812, 0.7317853324641148]","[-0.000734131895984258, -0.7070656898058488, 0.0007075296419405963, 0.7071471351504893]","[480.1038613805184, 5.958111993121269, 9.690834997007215]",5.410000000000141,100.0,0.0,"[50.0, 82.23042274220158, 82.23042274220157]",30
511,809482123,settled,Dk4i_0001,unmatched,,"[-0.9896455908076977, -0.0660978533166102, -0.015510723040940765, -0.12645985866102424]","[-0.866202164796535, -0.49969369534462343, -6.235170258644951e-05, -0.00012902285195370844]","[480.6460261946892, 5.426736264311614, 16.25825628792173]",5.290000000000101,100.0,0.0,"[50.0, 90.07162598660175, 90.07162598660176]",26
512,1905413278,settled,Dk4i_0004,unmatched,,"[0.7481737568194641, 0.08510956857516272, -0.6001973035567936, -0.26973243732772156]","[0.6826543407473893, 0.18338275230816742, -0.6830245989323691, -0.18393263567922102]","[480.6451009834017, 9.699551870422615, 5.958174137284762]",5.210000000000075,100.0,0.0,"[50.0, 86.27745323685104, 86.27745323685103]",31
513,3286044974,settled,Dk4i_0023,unmatched,,"[-0.5116328064185239, -0.4434826427084401, -0.6709170843675203, -0.30236614049266347]","[-0.6125025683531806, -0.35374152587477237, -0.6118339299597118, -0.35407171418033345]","[479.9756954393148, 5.449319979597728, 9.988233559590162]",5.460000000000158,100.0,0.0,"[50.0, 83.28931546853006, 83.28931546853005]",36
514,1725715576,settled,Dk4i_0012,unmatched,,"[0.06505155144275046, -0.2850129164414062, 0.21597777360011147, -0.9316058900775555]","[-0.00014589019342395315, -0.707131637141027, 0.0005523733935333397, -0.7070816935502832]","[480.3122622683907, 5.951537358036297, 10.295115536024678]",5.430000000000148,100.0,0.0,"[50.0, 87.83385379210401, 87.83385379210402]",31
515,1615467983,settled,Dk4i_0009,unmatched,,"[-0.6197829620305907, -0.4968457370711996, 0.10198844289142846, 0.5988420084190367]","[-0.18289867544355964, -0.6831580160809645, 0.18254467750157533, 0.6830231623460203]","[480.2475984181052, 9.993070014282077, 5.43357760495684]",5.290000000000101,100.0,0.0,"[50.0, 89.93788201716129, 89.93788201716127]",27
516,3814597079,settled,Dk4i_0005,unmatched,,"[0.667114342466612, -0.47649663241467166, 0.2707484495608343, -0.5045836803080551]","[0.6125477377940975, -0.353558823144721, 0.6120240283555055, -0.35384744765979714]","[479.9245231275839, 5.941087007166542, 9.707767216042205]",5.5900000000002015,100.0,0.0,"[50.0, 88.9341831861121, 88.93418318611211]",31
517,34287890,settled,Dk4i_0010,unmatched,,"[-0.020940699529930898, 0.9375278849134914, 0.13409955172815838, 0.3203439750317453]","[-0.18289261323045966, 0.6827598548445448, -0.18301703376636114, 0.6832964495661838]","[480.66338870950636, 10.29477731710346, 5.946028553451931]",5.480000000000165,100.0,0.0,"[50.0, 92.70019951140576, 92.70019951140574]",42
518,3631687601,settled,Dk4i_0017,unmatched,,"[0.01632317933537506, -0.10891332960164436, -0.21908469273952824, 0.9694706482708464]","[-0.00017918793551513493, -0.00019278044376355784, -0.0007888220998512115, 0.9999996542434798]","[480.3971868325013, 5.964024574695975, 13.74680413393111]",5.1800000000000646,100.0,0.0,"[50.0, 88.57605498818059, 88.57605498818059]",19
519,2511762870,settled,Dk4i_0014,unmatched,,"[0.07168445665046755, -0.7412878042100359, -0.6643917565661196, 0.06274809806820239]","[0.0003957071062124086, -0.7071019833574772, -0.7071113731208444, -0.0003668118894590077]","[479.98858573969875, 13.74618811110052, 5.949337077731737]",5.190000000000068,100.0,0.0,"[50.0, 88.71608219150667, 88.71608219150669]",26
520,3838213929,settled,Dk4i_0002,unmatched,,"[0.8821667003735669, -0.4005839344237604, -0.23141838226947753, -0.08809061573954291]","[0.8661685055267572, -0.4997519516512009, -0.00013084859690251638, -0.00029955467735537367]","[480.5396851179881, 5.950049061994001, 16.251470771741744]",5.230000000000081,100.0,0.0,"[50.0, 92.07904854480027, 92.07904854480029]",37
521,1582246333,settled,Dk4i_0013,unmatched,,"[-0.04681754495458157, 0.978931168426654, 0.19652707016210968, 0.029647860981003544]","[8.850078914082881e-05, 0.9999999855122537, 0.00011917815820639002, 8.330467864695711e-05]","[480.51341276199975, 5.9571353789141686, 16.249325639114456]",5.160000000000058,100.0,0.0,"[50.0, 90.7372740474677, 90.73727404746771]",27
522,1534090043,settled,Dk4i_0017,unmatched,,"[-0.46539282176227803, 0.0937664437621731, -0.3668153027806936, -0.8000399422042925]","[0.00018068616896699255, 0.00021484923895692288, 0.00017111003549060807, -0.999999945956833]","[480.4028910940003, 5.958183438958341, 13.74005103336089]",5.140000000000051,100.0,0.0,"[50.0, 92.55018093137693, 92.55018093137694]",24
523,3898018603,settled,Dk4i_0003,unmatched,,"[0.48513314473120167, -0.6294995748038434, 0.5923599459209928, 0.13223392784559354]","[0.683110952829205, -0.18261444703564686, 0.682908682457324, -0.1834315166023616]","[480.14317562799727, 9.999975937799032, 5.435229112873626]",5.380000000000131,100.0,0.0,"[50.0, 90.56722070356376, 90.56722070356378]",25
524,2830597505,settled,Dk4i_0022,unmatched,,"[0.576867332971806, -0.29015814683690533, -0.547573958901899, 0.5321607741149939]","[0.6118324199001226, -0.3546597485874162, -0.611843950107763, 0.3542944162805848]","[480.478085987348, 5.976945651015532, 10.27721582292649]",5.480000000000165,100.0,0.0,"[50.0, 85.39521537630469, 85.39521537630468]",28
525,3406774502,settled,Dk4i_0008,unmatched,,"[-0.8184929368826612, -0.28156105544036936, 0.10698870083035565, 0.4892301117338689]","[-0.6124691997847553, -0.35341364444561496, -0.35363850750958997, 0.6123071788253667]","[480.69470736812025, 13.748521222686403, 5.43284271104027]",5.1500000000000545,100.0,0.0,"[50.0, 90.57793563686027, 90.57793563686029]",23
526,2789814901,settled,Dk4i_0013,unmatched,,"[-0.26970363680921006, 0.9276292097826353, -0.15848816628110093, -0.20407228767959454]","[-5.261361236232729e-05, 0.9999999922379301, -7.381498876141146e-05, -8.548271788840135e-05]","[479.98143844691606, 5.9552667072431165, 16.252539794081784]",5.270000000000095,100.0,0.0,"[50.0, 90.20360760603543, 90.20360760603545]",29
527,3760347501,settled,Dk4i_0017,unmatched,,"[-0.1002536087097096, 0.35093466032656606, 0.2054738778488905, 0.9080608810227965]","[-4.321083974306861e-05, -0.00010292270849496693, -0.0001776837279420185, 0.999999977984116]","[480.21790153987365, 5.9445387171528035, 13.74244902755866]",5.340000000000118,100.0,0.0,"[50.0, 89.55638139138723, 89.55638139138722]",21
528,4270682813,settled,Dk4i_0001,unmatched,,"[-0.4929634617197576, -0.8456967034240723, -0.09130020337584438, -0.18288899390192767]","[-0.8661699270135098, -0.4997493813716646, -0.0003516840911518271, -0.00029945675788245474]","[480.0917433795872, 5.436823056666384, 16.24708565382047]",5.040000000000018,100.0,0.0,"[50.0, 91.853161523708, 91.85316152370801]",21
529,2251849766,settled,Dk4i_0003,unmatched,,"[-0.9540381800532999, 0.14298004548502866, -0.23627115718417716, -0.11637782381766813]","[-0.6829582288266355, 0.1836018853820024, -0.6828683932396424, 0.18316430568336203]","[480.24113243087453, 9.999997109665966, 5.432672578546136]",5.370000000000128,100.0,0.0,"[50.0, 92.32494352102036, 92.32494352102037]",31
530,534416715,settled,Dk4i_0001,unmatched,,"[0.8539475834375602, 0.4980579942392897, -0.06957051044451185, 0.13368508963970963]","[0.8660134479648046, 0.5000206880638116, 0.00013442932054777426, 3.7162630142806303e-05]","[480.013949167175, 5.428520157172128, 16.259064892421996]",5.210000000000075,100.0,0.0,"[50.0, 91.76489589834291, 91.76489589834293]",24
531,2592423895,settled,Dk4i_0003,unmatched,,"[-0.7627362211012204, 0.22713702742415, -0.5529063964301926, 0.24685369063420926]","[-0.683172544595578, 0.1829115331972883, -0.6828063747231196, 0.18328693344505323]","[479.91412786238345, 9.999900903900453, 5.4371871686914215]",5.250000000000088,100.0,0.0,"[50.0, 83.97071086388671, 83.97071086388672]",38
532,907034003,settled,Dk4i_0019,unmatched,,"[0.3422772396015353, 0.6790099916879979, -0.547941234685763, 0.34864326434001264]","[0.35332320316098115, 0.6124974238907672, -0.6125320209277911, 0.35329045157399025]","[480.29630362824963, 16.249997661637558, 5.938440313694961]",5.110000000000041,100.0,0.0,"[50.0, 90.46876251799873, 90.46876251799874]",25
533,3984301831,settled,Dk4i_0013,unmatched,,"[-0.11390344336326703, 0.9654493302717585, -0.20652691217242056, -0.11081620286009315]","[-0.0008382978797224014, 0.9999994435229642, -0.0006204572869889514, 0.00015888103068056438]","[480.3151546785043, 5.949054019578962, 16.251536275959076]",5.170000000000061,100.0,0.0,"[50.0, 91.35020698198478, 91.3502069819848]",25
534,4291204682,settled,Dk4i_0006,unmatched,,"[0.9102301720992834, 0.25705660167763955, -0.31181419162339175, 0.09041486181100448]","[0.6125927403573398, 0.35383767870052835, -0.6121402819035027, -0.3532892679723049]","[480.39072290992993, 5.432959244988033, 9.993242615552848]",5.310000000000108,100.0,0.0,"[50.0, 91.88571478319024, 91.88571478319022]",31
535,1157350213,settled,Dk4i_0020,unmatched,,"[0.09159539395124666, -0.38103529340517006, -0.903230823874266, 0.17491846040360173]","[0.5001276055689347, -0.5001013134251637, -0.4999424127254344, 0.49982860904172133]","[480.6669399815893, 10.309613993149611, 5.951863236364075]",5.440000000000151,100.0,0.0,"[50.0, 89.22348132795223, 89.22348132795224]",22
536,1755359008,settled,Dk4i_0016,unmatched,,"[0.09753683006993497, -0.2256443990971123, -0.9692314832589591, 0.012708414364118367]","[-0.0002503677096030721, 3.862565691897801e-05, -0.8659344536092851, 0.5001574330912792]","[480.257026366744, 5.953036451347393, 13.74467954682149]",5.1500000000000545,100.0,0.0,"[50.0, 89.29867193608257, 89.29867193608258]",39
537,1408581071,settled,Dk4i_0018,unmatched,,"[-0.45471816580131014, 0.36881043623739057, -0.67610896635819, -0.44731076157715893]","[-0.35424497427606216, 0.6120724866201482, -0.612254069361835, -0.3535855255417759]","[480.6609750272073, 16.251587923456615, 5.428144889415246]",5.300000000000105,100.0,0.0,"[50.0, 91.07717222072894, 91.07717222072894]",19
538,4025969406,settled,Dk4i_0020,unmatched,,"[0.5709753087547726, -0.565686932621656, -0.20846448437644396, 0.5572504372426795]","[0.5000499305405933, -0.4999809315860375, -0.5005769925597144, 0.4993914391903185]","[480.1238320219093, 10.284851434524038, 5.951653637144299]",5.250000000000088,100.0,0.0,"[50.0, 89.81465900754769, 89.8146590075477]",27
539,2979020610,settled,Dk4i_0018,unmatched,,"[0.8112307203794777, -0.24357840399230152, 0.375267764858577, 0.37649486594003445]","[0.35376158951701875, -0.6123737110525069, 0.6121300717345791, 0.3537625631301199]","[480.38315637252003, 16.25678048655009, 5.4254778114708895]",5.310000000000108,100.0,0.0,"[50.0, 92.4445189944185, 92.44451899441849]",26
540,1028301620,settled,Dk4i_0015,unmatched,,"[0.28892918457711164, 0.24730923049045345, 0.9179907074772494, 0.112477250140836]","[-0.0005216577414258461, -9.838343310736297e-05, 0.8659416063675289, 0.5001448315793382]","[480.5194157755628, 5.434821476255679, 13.75429843542627]",5.340000000000118,100.0,0.0,"[50.0, 90.17428393868511, 90.17428393868512]",37
541,1824536695,settled,Dk4i_0012,unmatched,,"[0.3578502322835677, -0.800703126013853, 0.2395142510307735, -0.41647405537369075]","[0.0009986509868658289, -0.7079098288739665, 0.00038286512678534224, -0.7063020106824933]","[480.219204681948, 5.958628265754539, 10.282136670528615]",5.640000000000218,100.0,0.0,"[50.0, 89.36159599551739, 89.3615959955174]",33
542,1733341495,settled,Dk4i_0017,unmatched,,"[-0.10725658997326243, 0.21456612060218364, -0.3731717225845471, 0.8962144103172625]","[-1.6570438310548052e-05, -8.510140552432294e-05, -4.343196931457373e-05, 0.9999999952984178]","[479.8721839155115, 5.940978135704959, 13.748704671117038]",5.400000000000138,100.0,0.0,"[50.0, 88.97464296883527, 88.97464296883528]",28
543,2081953756,settled,Dk4i_0017,unmatched,,"[0.25888675527262234, 0.11196108251609478, -0.02210478959212772, 0.9591421908264307]","[-9.651739277627414e-05, 0.0002029652392469708, 0.0002356303714733443, 0.9999999469839149]","[479.9763537137682, 5.940734150129377, 13.74618563512358]",5.320000000000111,100.0,0.0,"[50.0, 89.52206787297501, 89.52206787297503]",27
544,1596940682,settled,Dk4i_0014,unmatched,,"[-0.19632461640955656, -0.5756304342672571, -0.7748853172965169, 0.17221786543563297]","[0.0005397412395633308, -0.7071524629116743, -0.707060734132172, -0.00047024017434473583]","[480.2710173072887, 13.754630107405783, 5.948014600524636]",5.250000000000088,100.0,0.0,"[50.0, 89.07849716690556, 89.07849716690558]",18
545,581162313,settled,Dk4i_0016,unmatched,,"[0.04461988653389065, 0.19339945396857908, 0.7698665327673556, -0.6065568717400935]","[0.0003135188721402893, -0.00013704949013459977, 0.8660973779117273, -0.4998751993225759]","[479.9374529411295, 5.9463329484531755, 13.742765539185385]",5.080000000000031,100.0,0.0,"[50.0, 89.76651522649547, 89.76651522649549]",32
546,3502698889,settled,Dk4i_0010,unmatched,,"[0.5283433173134485, -0.7298517633133956, -0.10698109618937755, -0.4203864742075638]","[0.18280345792506067, -0.683080023604876, 0.1826594402915725, -0.6830959712917155]","[480.59977667627527, 10.298210228149618, 5.937017968785554]",5.310000000000108,100.0,0.0,"[50.0, 90.46787690774049, 90.4678769077405]",28
547,1071262967,settled,Dk4i_0004,unmatched,,"[0.8300743687420142, 0.3050562345016756, -0.2379524964004282, -0.40161654050351286]","[0.6826054683043113, 0.1835327503501514, -0.683034475371805, -0.18392772940349156]","[480.4331429691622, 9.688479821040183, 5.9450616969696775]",5.140000000000051,100.0,0.0,"[50.0, 91.16100536910888, 91.16100536910886]",23
548,2632182746,settled,Dk4i_0016,unmatched,,"[0.12463518999557266, 0.2666351509468831, -0.9139540700125686, 0.2793917028148142]","[6.124801169155036e-06, -2.8564076551607087e-05, -0.8659617624618157, 0.5001102129537114]","[480.3565687929693, 5.955750538167085, 13.741408158988927]",5.260000000000091,100.0,0.0,"[50.0, 89.87800511350663, 89.87800511350665]",23
549,2828869928,settled,Dk4i_0009,unmatched,,"[-0.28857867045607677, -0.9072533208270996, 0.09782974016625558, 0.289901888136324]","[-0.18234729112601752, -0.6832992533250016, 0.18294779898005775, 0.6829214439983936]","[480.29461125070475, 9.988781236246322, 5.4326252136334965]",5.1800000000000646,100.0,0.0,"[50.0, 89.70465057942569, 89.70465057942567]",30
550,242711853,settled,Dk4i_0020,unmatched,,"[0.4453195280059114, -0.6620938811624908, -0.15791792580823788, 0.5817079501022876]","[0.5000569885770354, -0.4999443962650494, -0.5000463955790608, 0.49995220880283303]","[480.49226491069066, 10.29929613648953, 5.9475985993196145]",5.230000000000081,100.0,0.0,"[50.0, 88.98539884192617, 88.98539884192618]",32
551,1651512630,settled,Dk4i_0017,unmatched,,"[0.0865315596859267, 0.07213667043285749, -0.3591108145116115, -0.926470729628297]","[8.82884988291921e-05, 0.0002361193131267904, -8.379473035630451e-07, -0.999999968226054]","[480.09077587594703, 5.940772353892949, 13.75427511536789]",5.170000000000061,100.0,0.0,"[50.0, 88.50117150272304, 88.50117150272303]",21
552,1631844025,settled,Dk4i_0016,unmatched,,"[-0.1638439152687643, 0.1823014535722178, 0.9657088863423422, -0.08560197599525166]","[-1.7428005942565772e-06, -8.207466867721225e-05, 0.8660063869432307, -0.5000329299498611]","[480.5737420577337, 5.944083075879857, 13.748231147316716]",5.160000000000058,100.0,0.0,"[50.0, 90.00241302189204, 90.00241302189205]",32
553,2736063736,settled,Dk4i_0008,unmatched,,"[-0.843944520795286, -0.07874995523921714, -0.028550908035474637, 0.5298499183917899]","[-0.6124456324493963, -0.3534567444942262, -0.35371434185526374, 0.6122620692408602]","[480.37425554166816, 13.753540590061851, 5.436095982460516]",5.240000000000085,100.0,0.0,"[50.0, 89.89543239789154, 89.89543239789155]",19
554,2383909704,settled,Dk4i_0007,unmatched,,"[0.6518991038919032, -0.6526703844856946, -0.36014167870515257, -0.13909313002324686]","[0.6123613937661779, -0.3535725592826454, -0.3536596340726619, -0.6123110581842003]","[480.29273546374185, 13.748727618486488, 5.94743456728368]",5.360000000000125,100.0,0.0,"[50.0, 92.53871989933471, 92.53871989933472]",25
555,786084746,settled,Dk4i_0011,unmatched,,"[0.2039477377247787, 0.88653858841402, -0.044391204423401436, -0.41289716940136734]","[-0.0003185730897347361, 0.7073924250699146, -0.0003531069235654938, -0.7068208618740623]","[479.95581119518465, 5.956450975842672, 9.700465802569274]",5.370000000000128,100.0,0.0,"[50.0, 88.81762579726998, 88.81762579727]",33
556,3304824113,settled,Dk4i_0015,unmatched,,"[-0.13080897053962634, 0.016978959777673188, -0.9531859353290428, -0.2720979618485396]","[1.564437677428754e-05, 0.00011896897530389028, -0.8660166721912064, -0.5000151088602274]","[480.447445226629, 5.4287168518466835, 13.74779308420665]",5.260000000000091,100.0,0.0,"[50.0, 88.71979825321249, 88.71979825321249]",30
557,1346177025,settled,Dk4i_0015,unmatched,,"[-0.11499311941669005, 0.4206101350444942, 0.7451990628761969, 0.5045216085294161]","[-9.75320366553012e-07, -0.00025016340455885633, 0.8660087857430352, 0.5000287196083776]","[480.02103459393516, 5.426512117964548, 13.75085059702472]",5.240000000000085,100.0,0.0,"[50.0, 90.40085128070554, 90.40085128070555]",35
558,1189755357,settled,Dk4i_0006,unmatched,,"[0.44321918603854427, 0.24072236551575096, -0.6050649771751497, -0.6160404769687353]","[0.6122704369494804, 0.35382563250530674, -0.6122435792519766, -0.35368083561968827]","[480.21627676709545, 5.445221449001365, 10.006272278570725]",5.550000000000188,100.0,0.0,"[50.0, 89.06078550218501, 89.06078550218503]",35
559,404206193,settled,Dk4i_0011,unmatched,,"[0.21300452584677976, 0.2149451527649457, 0.2569436815404462, -0.9178276514619095]","[7.983220355914367e-05, 0.7074665149323, -4.4348879088107473e-05, -0.7067468584362735]","[480.04256263645874, 5.94335493576567, 9.702551938235892]",5.690000000000235,100.0,0.0,"[50.0, 88.13755085873477, 88.13755085873476]",33
560,1249438590,settled,Dk4i_0015,unmatched,,"[-0.25983007503873057, -0.0960866751857659, 0.6624144666085784, 0.6960335892647606]","[-0.00033614031898998586, -0.0001488536712396793, 0.8660994763593111, 0.499871545401814]","[479.91359711271843, 5.444184861057639, 13.749284355061144]",5.140000000000051,100.0,0.0,"[50.0, 89.97300378806618, 89.9730037880662]",22
561,3893150923,settled,Dk4i_0007,unmatched,,"[0.5250380837594202, -0.2965867571242271, -0.10548193818621408, -0.7907242672494948]","[0.6122212802321926, -0.3536929052253414, -0.35379945563888027, -0.6123008884639519]","[479.93067158444177, 13.741052983558054, 5.9405028563537075]",5.170000000000061,100.0,0.0,"[50.0, 89.00905458264727, 89.00905458264728]",24
562,784341871,settled,Dk4i_0006,unmatched,,"[0.6092956200950023, 0.2465329145720911, -0.5075357975286466, -0.5571245673927846]","[0.6120347414364091, 0.35288491958472523, -0.6132339755471026, -0.35331260951067917]","[480.2826233359873, 5.443364888784925, 9.985562598241465]",5.440000000000151,100.0,0.0,"[50.0, 85.47528374190549, 85.47528374190547]",31
563,1442674168,settled,Dk4i_0017,unmatched,,"[0.32283344498595823, -0.05339721884669838, 0.10384039947967572, 0.9392254656118718]","[0.00026380301200634726, -5.862159674947524e-05, -0.0004005063087706405, 0.9999998832830812]","[480.5221380786636, 5.947085714575266, 13.752183406059451]",5.200000000000071,100.0,0.0,"[50.0, 88.88242973693097, 88.88242973693099]",20
564,914947571,settled,Dk4i_0018,unmatched,,"[0.008699331871120803, -0.7185529989891443, 0.5977778274188038, 0.3553414953466003]","[0.35363717979867515, -0.6122467009419317, 0.6125190883796657, 0.3534332873687818]","[479.95079706006936, 16.259758398337286, 5.433724223780022]",5.270000000000095,100.0,0.0,"[50.0, 92.4700227612529, 92.47002276125292]",25
565,4103205779,settled,Dk4i_0016,unmatched,,"[-0.32975880371071165, 0.06651764303843705, 0.39372305764285254, -0.8554628504033676]","[-5.2349402459545e-05, 0.0001059557689236934, 0.8661664170858783, -0.4997556642455668]","[480.4223599119496, 5.946087057333824, 13.750801134655786]",5.080000000000031,100.0,0.0,"[50.0, 91.22480252791465, 91.22480252791463]",29
566,2879595323,settled,Dk4i_0017,unmatched,,"[-0.43373184720898755, -0.09479036241635837, -0.023562481084522684, -0.895732259882827]","[0.00022817759589238706, -0.00023279421832281199, 0.000261664429457367, -0.9999999126367777]","[480.0815526201089, 5.946270439124056, 13.745863906249305]",5.320000000000111,100.0,0.0,"[50.0, 90.17552381773785, 90.17552381773787]",23
567,3848514265,settled,Dk4i_0012,unmatched,,"[-0.2281102713768126, 0.6538138972962924, -0.039395776699347185, 0.7203756412961819]","[-0.0008733224664104753, 0.7069885033534867, -0.0003897732108086859, 0.7072243926157459]","[479.92014866299365, 5.957533268629694, 10.28727982601983]",5.480000000000165,100.0,0.0,"[50.0, 85.4830374600473, 85.48303746004729]",27
568,1245831326,settled,Dk4i_0009,unmatched,,"[-0.388786402531299, -0.5092396166273795, 0.47217131459175427, 0.6054538758160402]","[-0.18300972720808037, -0.6826973627546874, 0.18282813438409115, 0.6833780973316685]","[480.1499840920434, 9.995420759745972, 5.433056522156063]",5.390000000000135,100.0,0.0,"[50.0, 85.92481454049275, 85.92481454049273]",36
569,1886621264,settled,Dk4i_0023,unmatched,,"[-0.7028736851730464, -0.2706600985987688, -0.6461462310172245, 0.12331561888099102]","[-0.612034839127779, -0.3540380627933758, -0.6120908852723705, -0.3541400202657603]","[479.9168812166415, 5.447011887157854, 9.9902771238975]",5.580000000000198,100.0,0.0,"[50.0, 89.20025573005663, 89.20025573005663]",27
570,3916208710,settled,Dk4i_0021,unmatched,,"[-0.3292193713764832, -0.512177968271426, -0.7828183003384974, -0.12838941927968053]","[-0.4996018228681208, -0.5002392488282225, -0.5004186018082171, -0.49973986781418145]","[480.1286943345685, 9.709534958379708, 5.943969538730056]",5.230000000000081,100.0,0.0,"[50.0, 87.4456525192057, 87.44565251920568]",29
571,200935633,settled,Dk4i_0011,unmatched,,"[0.5617879019177501, 0.6795740462850371, -0.21259320806254298, -0.42116219768672375]","[-7.140017924003872e-05, 0.7071352419989472, -0.0002798845686931839, -0.7070782602298937]","[479.92114432618735, 5.944426136954611, 9.694868325034045]",5.410000000000141,100.0,0.0,"[50.0, 90.30050715593941, 90.30050715593943]",36
572,840784676,settled,Dk4i_0002,unmatched,,"[0.8654110191946646, -0.44201200077430836, -0.21767084887705168, -0.09115130595382805]","[0.8660885687700905, -0.49988924631928017, 0.0010381362483473655, -0.0005047110542300559]","[480.24490921609237, 5.944077171844537, 16.274653922445342]",5.270000000000095,100.0,0.0,"[50.0, 92.0678748796948, 92.06787487969481]",26
573,110682437,settled,Dk4i_0023,unmatched,,"[0.4827598211213677, 0.6793758138798732, 0.5195958435911711, -0.1881797490398582]","[0.6124588819876609, 0.35371865385326456, 0.6122728941816382, 0.3534107169301739]","[480.39286956641337, 5.427145752021667, 9.998572950729706]",5.460000000000158,100.0,0.0,"[50.0, 89.5029548491323, 89.50295484913231]",21
574,3288537121,settled,Dk4i_0019,unmatched,,"[0.3556440857288201, 0.6668875589514781, -0.6287630502717741, 0.18285320509847525]","[0.3535850127467892, 0.612285413959715, -0.6124327138250962, 0.3535680721584758]","[479.86916055771786, 16.257735633156432, 5.94680882518956]",5.210000000000075,100.0,0.0,"[50.0, 90.56701043945496, 90.56701043945498]",20
575,4008853645,settled,Dk4i_0023,unmatched,,"[0.39826557421314845, 0.7672577639207893, 0.40191914618957114, 0.30192889233425063]","[0.6119511509514377, 0.3538756829066194, 0.6123285068549168, 0.35403614164293]","[480.46421615398117, 5.443686860152104, 9.979186865664268]",5.480000000000165,100.0,0.0,"[50.0, 88.30719877988967, 88.30719877988969]",34
576,3726675985,settled,Dk4i_0022,unmatched,,"[0.3748586046734741, -0.17909293368641002, -0.7152482362932548, 0.5619846155236276]","[0.6121226891220162, -0.3537951879064388, -0.6122031471807567, 0.3540368413855483]","[479.9775804813414, 5.969812681676857, 10.295623640481619]",5.510000000000175,100.0,0.0,"[50.0, 89.1882205462769, 89.18822054627691]",34
577,849676372,settled,Dk4i_0013,unmatched,,"[-0.28458835823206236, -0.9489149051119783, 0.047744204428998675, -0.12763408697736886]","[3.859014773690782e-05, -0.9999999949108977, -8.40823826165904e-05, -4.023876295820824e-05]","[480.3685867352055, 5.9401044094576765, 16.249202293531855]",5.210000000000075,100.0,0.0,"[50.0, 91.02682630480514, 91.02682630480516]",20
578,1751227975,settled,Dk4i_0016,unmatched,,"[0.0022446443763873476, -0.018615092473756815, 0.5822536585823236, -0.8127909429683108]","[-3.3868652859120336e-05, -5.041092263868841e-05, 0.8663042254279751, -0.4995167517884554]","[480.67293090940194, 5.969925540412287, 13.7420252394701]",5.140000000000051,100.0,0.0,"[50.0, 86.74442363858819, 86.74442363858817]",44
579,1013355929,settled,Dk4i_0017,unmatched,,"[0.22953036583675168, -0.09964654803118614, 0.0956001665862809, 0.9634557513311086]","[0.0002598528796229904, 1.683472199518893e-05, -0.00019973479397092565, 0.9999999461495411]","[480.19135342913637, 5.951910106317806, 13.74148251586756]",5.140000000000051,100.0,0.0,"[50.0, 89.5412790812696, 89.54127908126961]",20
580,2299907025,settled,Dk4i_0015,unmatched,,"[0.08455653425668659, -0.2328417642850038, 0.9625820044041526, 0.10986714757573443]","[-4.832817326475003e-05, -0.00011982033638396894, 0.8660172576363453, 0.5000140925848977]","[480.49189328132474, 5.430388630851523, 13.743609705759072]",5.190000000000068,100.0,0.0,"[50.0, 90.11537938082827, 90.11537938082826]",20
581,3406489006,settled,Dk4i_0019,unmatched,,"[0.4269850661988979, 0.36394401752977307, -0.5950713256595703, 0.5754290770591738]","[0.35385877058201043, 0.61220218606303, -0.6125541388130641, 0.35322780310278623]","[480.48892248005205, 16.249111239200513, 5.945091417226343]",5.170000000000061,100.0,0.0,"[50.0, 91.15518784656281, 91.15518784656282]",23
582,2423796619,settled,Dk4i_0014,unmatched,,"[-0.16701013076321958, 0.49812904024453486, 0.8480761247043386, -0.06886190669726149]","[0.0003735747314906149, 0.7071213416473767, 0.7070921212097492, 2.741954341544066e-05]","[480.6259831581314, 13.744930977724072, 5.938981124405339]",5.200000000000071,100.0,0.0,"[50.0, 89.71593143034977, 89.71593143034978]",13
583,1783060612,settled,Dk4i_0020,unmatched,,"[-0.4255018339134278, -0.012993678735004564, 0.4336514100514712, -0.7941824779039209]","[-0.5004350112169272, 0.49999180658612685, 0.5000714661777467, -0.49950127288115476]","[479.86867103511946, 10.29353189896677, 5.956194430396644]",5.430000000000148,100.0,0.0,"[50.0, 92.41228709261014, 92.41228709261016]",34
584,1163852597,settled,Dk4i_0014,unmatched,,"[-0.06512201765005957, -0.45662172925732786, -0.8836481508507021, 0.08013528988758817]","[-0.00030102067161922957, -0.7069930271377026, -0.7072204120476753, 0.0002403088422234184]","[480.5146236304804, 13.749179168080023, 5.942693376391657]",5.1800000000000646,100.0,0.0,"[50.0, 90.45837660752876, 90.45837660752875]",20
585,300535037,settled,Dk4i_0003,unmatched,,"[-0.35142249661355834, 0.4728701792018044, -0.7428979686214585, 0.31780281734694765]","[-0.6834360334954492, 0.18309319567855376, -0.6826202192296327, 0.18281604446850552]","[480.44648035660447, 10.003295796189015, 5.4290220648530125]",5.220000000000078,100.0,0.0,"[50.0, 87.38286645484622, 87.38286645484621]",28
586,2202722907,settled,Dk4i_0005,unmatched,,"[0.5124774959073248, -0.5319461136587357, 0.5757058289795667, -0.35066072895446276]","[0.6121089508707905, -0.35275314774773514, 0.6132177799166969, -0.35334374681315966]","[480.5004211508018, 5.956037781836635, 9.698456111321855]",5.450000000000155,100.0,0.0,"[50.0, 85.47590350794917, 85.47590350794918]",31
587,247068866,settled,Dk4i_0013,unmatched,,"[0.2663569656585872, -0.9303810532191625, -0.12659665487131766, 0.21775754781716367]","[-9.034707045960485e-06, -0.9999999641859669, 0.00014125173335743924, -0.00022714397828890845]","[480.5145591848956, 5.949323163543268, 16.254355431763553]",5.310000000000108,100.0,0.0,"[50.0, 92.26871633773787, 92.26871633773789]",36
588,3592442215,settled,Dk4i_0006,unmatched,,"[0.4986228065315347, 0.1869661205412491, -0.41797164096076433, -0.7360154033231484]","[0.6125505569016518, 0.35269333315775314, -0.6127061885033921, -0.35352560664709437]","[480.4479285822581, 5.428015265586379, 9.984604316363814]",5.480000000000165,100.0,0.0,"[50.0, 89.34400822678268, 89.34400822678269]",29
589,817587664,settled,Dk4i_0016,unmatched,,"[-0.07577032750485735, 0.2163005929188234, 0.9733798759676174, 0.002127917770489224]","[-0.00021642603419019804, 3.250549259792291e-05, 0.8659828679949945, -0.5000736190225684]","[480.617242149763, 5.954890836392954, 13.748615334065944]",5.220000000000078,100.0,0.0,"[50.0, 89.0428602039679, 89.04286020396792]",30
590,956714543,settled,Dk4i_0010,unmatched,,"[-0.03263422553297066, 0.6172465985498278, -0.3550635453785339, 0.7013355278650559]","[-0.18274194556999962, 0.6837456783656775, -0.1821762271409453, 0.6825753078673749]","[480.05654175227863, 10.291214704552559, 5.953571281998601]",5.290000000000101,100.0,0.0,"[50.0, 89.06589523136776, 89.06589523136778]",24
591,390567019,settled,Dk4i_0023,unmatched,,"[-0.05576000439088655, 0.4339213101568298, 0.7614267507275267, 0.4783643190901987]","[0.6119980941601153, 0.35374839865137286, 0.6126313319276384, 0.35355799289019585]","[480.3574861916483, 5.433635231745933, 9.991286737566496]",5.210000000000075,100.0,0.0,"[50.0, 89.95474198219492, 89.95474198219493]",28
592,4117714206,settled,Dk4i_0007,unmatched,,"[0.6449494163759041, -0.5791058778370126, -0.1724574204003194, -0.4679049804392673]","[0.6118269107304856, -0.3540034182934477, -0.3537864304727425, -0.6125231201806999]","[480.40875582745383, 13.754050597072625, 5.940696550919553]",5.240000000000085,100.0,0.0,"[50.0, 90.4283039720167, 90.42830397201672]",25
593,2521025845,settled,Dk4i_0004,unmatched,,"[0.2502199291952107, 0.6862156576978117, -0.6555637187440244, -0.19166186065675433]","[0.6829434227278164, 0.1833849916483097, -0.682907427522033, -0.18329122081050075]","[480.68919729347846, 9.703062549877904, 5.94791867945235]",5.410000000000141,100.0,0.0,"[50.0, 91.63661947557397, 91.63661947557398]",29
594,118959254,settled,Dk4i_0008,unmatched,,"[-0.5054991243376068, 0.12293413704927827, -0.2517487032519535, 0.816076236422077]","[-0.6120121812266103, -0.3536356153156867, -0.35446910543651905, 0.6121556949841898]","[480.25807916528123, 13.762076232745633, 5.426343082275215]",5.290000000000101,100.0,0.0,"[50.0, 90.86478232131167, 90.86478232131165]",15
595,536323564,settled,Dk4i_0010,unmatched,,"[0.2987672183365751, 0.6164033511906383, -0.03367927294981921, 0.7277710934503702]","[-0.18246202953262974, 0.68291318115115, -0.18268253531878753, 0.683347851447819]","[480.30819826397646, 10.28615563862273, 5.952752269188988]",5.280000000000098,100.0,0.0,"[50.0, 88.42150003921604, 88.42150003921603]",21
596,3098034090,settled,Dk4i_0008,unmatched,,"[-0.2106048733431788, -0.4854357699365941, -0.5301879847400127, 0.6624940765225706]","[-0.6123174342877367, -0.35357444293810314, -0.3533418437642203, 0.61253735756572]","[480.2868717260602, 13.745274082369733, 5.434671007268014]",5.170000000000061,100.0,0.0,"[50.0, 90.82559922047977, 90.82559922047976]",18
597,318939885,settled,Dk4i_0007,unmatched,,"[-0.46175195073807324, 0.10705404599565982, 0.3483910274929797, 0.8086706741238544]","[-0.6122834618823028, 0.3535820682892224, 0.35368142771349764, 0.6123709096456824]","[480.0360732584161, 13.752866431734205, 5.937863180770784]",5.210000000000075,100.0,0.0,"[50.0, 90.47771967907454, 90.47771967907455]",23
598,3202722054,settled,Dk4i_0017,unmatched,,"[0.18155062225358312, 0.05267923178463344, 0.42013907835606906, 0.8875513646747609]","[7.348590532713084e-05, 0.0003412232949727096, 5.395497044866269e-05, 0.999999937627671]","[479.9625972785631, 5.945099359416062, 13.73900865637645]",5.250000000000088,100.0,0.0,"[50.0, 88.22699887013003, 88.22699887013005]",22
599,2576870985,settled,Dk4i_0018,unmatched,,"[-0.4516636024144685, 0.6309803758169514, -0.4832380895695982, -0.40539450462112636]","[-0.353283349028684, 0.6123824112290439, -0.6125281153758974, -0.3535363709583935]","[480.38481969020944, 16.257681128783236, 5.43920087949156]",5.230000000000081,100.0,0.0,"[50.0, 91.15125658983753, 91.15125658983752]",22
600,447954548,settled,Dk4i_0015,unmatched,,"[0.05575006052663945, -0.33589163307563924, 0.9332256004098558, 0.11471146551552941]","[-4.366000792363489e-05, -6.095434353192708e-05, 0.8661818800672545, 0.4997288715108705]","[480.0435708882411, 5.439480031487581, 13.735645546071947]",5.0900000000000345,100.0,0.0,"[50.0, 91.5655598689459, 91.56555986894591]",28
601,940726953,settled,Dk4i_0008,unmatched,,"[0.5127838771000137, 0.2725405650552121, 0.3368759618564963, -0.7411402850398325]","[0.6124022522712693, 0.35357804663046677, 0.3537397345720149, -0.6122207498435353]","[479.8812939683914, 13.74192367027648, 5.433104559455774]",5.140000000000051,100.0,0.0,"[50.0, 89.41640457609951, 89.41640457609952]",23
602,219800231,settled,Dk4i_0016,unmatched,,"[-0.051373563678022885, -0.2384194692129483, 0.5599082053165334, -0.7918457648269988]","[-8.723411872660347e-05, 3.7461578019648556e-06, 0.8659886731314941, -0.500063606338363]","[480.0026981527854, 5.945989641939841, 13.74993102884158]",5.1500000000000545,100.0,0.0,"[50.0, 89.43532603055223, 89.43532603055225]",20
603,1224559636,settled,Dk4i_0018,unmatched,,"[-0.5159554415873885, 0.544496901531378, -0.6183230394090855, -0.23449888156450227]","[-0.3536122126969465, 0.612700884874199, -0.6124422816459779, -0.3528037419844237]","[480.55613158371705, 16.25304807446394, 5.428672866982047]",5.210000000000075,100.0,0.0,"[50.0, 91.04736691453694, 91.04736691453692]",25
604,4023118421,settled,Dk4i_0011,unmatched,,"[0.40965602581074484, -0.3216666623403111, -0.04117597991695293, 0.8526529408461977]","[-0.0008728720573906446, -0.7070561702383427, 0.0010302470760994165, 0.7071560993254754]","[480.4633692739666, 5.95689522411348, 9.694185789286365]",5.580000000000198,100.0,0.0,"[50.0, 90.99949282118703, 90.99949282118705]",23
605,1928023996,settled,Dk4i_0018,unmatched,,"[0.2701948784625633, -0.44223581999339284, 0.6407685392582975, 0.5664255346152394]","[0.35347005249409397, -0.6125095176682114, 0.6123265485407642, 0.3534787273766739]","[479.92681824113043, 16.25960033256339, 5.433133092424697]",5.290000000000101,100.0,0.0,"[50.0, 91.81700290127318, 91.8170029012732]",16
606,3626385919,settled,Dk4i_0020,unmatched,,"[-0.22727184610678164, 0.5116337626984891, 0.5890445784282585, -0.582756283070785]","[-0.5002742771797164, 0.49989203935228715, 0.5000083756591531, -0.4998251902967868]","[480.32218682105287, 10.299678088913545, 5.945671647562448]",5.250000000000088,100.0,0.0,"[50.0, 88.02321353730224, 88.02321353730224]",28
607,2577297428,settled,Dk4i_0020,unmatched,,"[0.5535741985734218, -0.0935011453620174, -0.4399733339065075, 0.7008827348001787]","[0.499834749096002, -0.5003710176429775, -0.4998449997717923, 0.4999490419054774]","[479.87737799028037, 10.301441535932698, 5.939576134693598]",5.310000000000108,100.0,0.0,"[50.0, 91.40068244113165, 91.40068244113166]",27
608,2076254014,settled,Dk4i_0003,unmatched,,"[-0.7351439095736402, 0.6157884512551096, -0.2469555466334948, 0.13921556487896336]","[-0.6829721586148192, 0.18286986164575808, -0.6830530066428594, 0.183156311315842]","[480.63238461264916, 10.006515673927082, 5.4344502129089856]",5.400000000000138,100.0,0.0,"[50.0, 92.08309957446652, 92.08309957446653]",30
609,452233348,settled,Dk4i_0016,unmatched,,"[0.29905909259017793, 0.2413006443491481, -0.8201651007773044, 0.423871284286609]","[0.0004670527431478999, -0.00023339542637174082, -0.8660895099227692, 0.49988867579696944]","[480.6834959346424, 5.949281679982366, 13.754623408567577]",5.0900000000000345,100.0,0.0,"[50.0, 89.39081028438548, 89.3908102843855]",30
610,96115233,settled,Dk4i_0015,unmatched,,"[0.01596805096025928, -0.24776091960427232, -0.8946441276783356, -0.3714450603737326]","[-6.221595239738754e-05, 0.00013230250132134638, -0.8659821514317717, -0.5000748864188478]","[480.06210147525786, 5.429485355807725, 13.747426959889626]",5.200000000000071,100.0,0.0,"[50.0, 89.51685782384294, 89.51685782384295]",31
611,3222166524,settled,Dk4i_0010,unmatched,,"[0.5102761807816077, -0.5864514971243014, -0.11103432962465044, -0.6191641450313526]","[0.18269114821691668, -0.6828939577558868, 0.1829924907555131, -0.6832229029758731]","[480.6967484174637, 10.298586151718698, 5.947813751296189]",5.230000000000081,100.0,0.0,"[50.0, 90.63614782711642, 90.63614782711643]",28
612,3216037984,settled,Dk4i_0007,unmatched,,"[-0.8538072858367715, 0.23931008038765292, 0.3766095808763793, 0.2681585867896432]","[-0.612568562427012, 0.3531575087605188, 0.35331239174595686, 0.6125437814319232]","[479.95795658563054, 13.746264081859756, 5.9451451815728005]",5.230000000000081,100.0,0.0,"[50.0, 89.98186439839898, 89.981864398399]",15
613,1866588208,settled,Dk4i_0016,unmatched,,"[0.0913958532145423, 0.04136570481144703, 0.5384939494883795, -0.8366360874627897]","[9.295279135515533e-05, 5.7958689681558706e-05, 0.8660666440573116, -0.4999285509469078]","[480.1789775375147, 5.944808113429052, 13.743531317624997]",5.110000000000041,100.0,0.0,"[50.0, 87.3644791941854, 87.36447919418542]",34
614,1833144678,settled,Dk4i_0005,unmatched,,"[0.6190268023519331, -0.6010870861268118, 0.21622287731930848, -0.4568892646859618]","[0.612366428038657, -0.35353775958299194, 0.6122690464083889, -0.353758427702263]","[480.52906164943175, 5.947370668967999, 9.7071094317007]",5.6200000000002115,100.0,0.0,"[50.0, 90.13375583944597, 90.13375583944598]",25
615,1205690518,settled,Dk4i_0003,unmatched,,"[-0.6618533813516694, 0.035264487260398346, -0.7484741909013679, 0.022201420814120642]","[-0.6827752400654319, 0.183236268989291, -0.6830284096231047, 0.18361544850095934]","[480.63174876844283, 9.994839880273343, 5.425886156391594]",5.260000000000091,100.0,0.0,"[50.0, 84.45143378302528, 84.45143378302527]",29
616,369857696,settled,Dk4i_0012,unmatched,,"[-0.12954261784404994, 0.7527893050896254, 0.08052108080394728, 0.640346256216864]","[-0.00013211787631584038, 0.7077694742742455, 9.979928141057304e-05, 0.7064434470433768]","[479.9680523420414, 5.940645891691477, 10.29211382259437]",5.500000000000171,100.0,0.0,"[50.0, 85.29923356236696, 85.29923356236698]",27
617,4153277340,settled,Dk4i_0004,unmatched,,"[-0.8578806105175065, -0.3593468864883421, 0.3459746782934644, -0.12333772840854022]","[-0.6832447372638882, -0.18328035683699598, 0.6827131991049915, 0.18299625014390894]","[480.3563533653027, 9.686033577970148, 5.939607227137053]",5.000000000000004,100.0,0.0,"[50.0, 91.38229800465017, 91.38229800465018]",31
618,2533894697,settled,Dk4i_0018,unmatched,,"[-0.2425132989820442, 0.4498265645237411, -0.8056564159904082, -0.2996015704883817]","[-0.35355552508569904, 0.6121581455798452, -0.6125640545981033, -0.3535904049828739]","[480.57471113469853, 16.24896059184984, 5.428221493740395]",5.190000000000068,100.0,0.0,"[50.0, 91.50466209450906, 91.50466209450907]",22
619,1831038023,settled,Dk4i_0006,unmatched,,"[-0.2075734006871383, -0.5066822775218267, 0.671322952129416, 0.4995116083903529]","[-0.6118178794367752, -0.3534869843859332, 0.6128770583243321, 0.35370545041169454]","[480.1424749661294, 5.43513782226546, 9.98989450166097]",5.520000000000178,100.0,0.0,"[50.0, 89.02089284584909, 89.0208928458491]",34
620,3843606305,settled,Dk4i_0003,unmatched,,"[-0.8825006106086865, 0.4092270962118539, -0.22842687556967828, -0.0393321562946197]","[-0.6830678493683069, 0.18425294516122917, -0.6823435375576704, 0.18405559516638767]","[480.3450395370007, 9.982088196679369, 5.435895380678804]",5.520000000000178,100.0,0.0,"[50.0, 90.74343562394154, 90.74343562394155]",30
621,339420997,settled,Dk4i_0020,unmatched,,"[0.3338907115702825, -0.690545754793728, -0.6283784602883653, 0.1296304898898177]","[0.4998497460248871, -0.5001390971496604, -0.4997937583852981, 0.500217266775425]","[479.8695922704586, 10.299669872661227, 5.944611568546115]",5.210000000000075,100.0,0.0,"[50.0, 89.80065435098783, 89.80065435098781]",41
622,318514168,settled,Dk4i_0023,unmatched,,"[0.4702166024432413, 0.27585662200913136, 0.8325093600382049, -0.0986287804305852]","[0.6121037810923644, 0.35442473606147107, 0.6118974118549761, 0.35396839548944087]","[479.9534760966601, 5.454132067495081, 9.995138938542796]",5.340000000000118,100.0,0.0,"[50.0, 89.69533938441167, 89.69533938441168]",35
623,2406135167,settled,Dk4i_0017,unmatched,,"[0.30370085785503587, 0.08961302071284508, 0.327763058386395, 0.8901161008621467]","[-1.5740389792517906e-05, -0.00022361500227099237, 0.00013905337480559968, 0.9999999652063644]","[480.57572196442425, 5.956205562846215, 13.740363999063536]",5.280000000000098,100.0,0.0,"[50.0, 90.30434984719291, 90.30434984719292]",20
624,503826566,settled,Dk4i_0002,unmatched,,"[-0.8879109927937016, 0.4037290052106611, 0.10763674471210347, -0.1924351589899693]","[-0.8661480192609985, 0.49978752648622304, -0.00016766540710719258, -9.48016003029517e-05]","[480.20158587276956, 5.944813731916308, 16.255500011610245]",5.320000000000111,100.0,0.0,"[50.0, 90.29934552812196, 90.29934552812198]",34
625,1951490665,settled,Dk4i_0016,unmatched,,"[-0.37979554275908345, 0.21260781508691884, 0.30614412443480676, -0.8466575681692955]","[-1.5225770690990847e-05, -1.5610418815592553e-05, 0.8661981599136928, -0.4997006576807994]","[479.9781888544889, 5.950039771995393, 13.746025986708355]",5.070000000000028,100.0,0.0,"[50.0, 91.16245809715092, 91.16245809715093]",22
626,1304113979,settled,Dk4i_0009,unmatched,,"[0.09948409051905921, -0.45613823132516407, -0.11408373739586006, 0.8769411214665094]","[-0.1822633450170057, -0.6827837531255628, 0.18249265110719615, 0.683580903641149]","[480.6870979552117, 9.997479044936679, 5.445076777856305]",5.530000000000181,100.0,0.0,"[50.0, 89.66430261480096, 89.66430261480097]",29
627,1335222620,settled,Dk4i_0016,unmatched,,"[-0.19639680642520668, 0.19642498494383, 0.9301330988887067, -0.24020395098225877]","[-0.0002653180962725321, 9.862767974588849e-05, 0.8660182659313871, -0.5000122828012148]","[479.9056030753166, 5.943374169981102, 13.752724340104619]",5.130000000000048,100.0,0.0,"[50.0, 89.85934329851042, 89.85934329851044]",30
628,760072861,settled,Dk4i_0016,unmatched,,"[0.2349944290385704, -0.22175586461706412, 0.6329365821941642, -0.7035575582346796]","[-0.0005419721474181349, 0.0005348930652457895, 0.8659529931920559, -0.5001248181577471]","[480.4928849165063, 5.941348005384518, 13.766206611107137]",5.290000000000101,100.0,0.0,"[50.0, 90.54699134072027, 90.54699134072025]",27
629,4291316198,settled,Dk4i_0017,unmatched,,"[0.00045310346422546824, -0.3221131643259609, -0.12074992918595746, -0.9389687740637349]","[0.00029737725686856953, 0.0002166125053275018, -6.397063854820764e-06, -0.9999999323024313]","[480.3744602919352, 5.9414332664597875, 13.747020079430808]",5.380000000000131,100.0,0.0,"[50.0, 90.2914772965899, 90.29147729658992]",20
630,3385771503,settled,Dk4i_0013,unmatched,,"[0.16321663743935153, 0.8999089523290272, -0.3797931339126148, -0.13885741684871736]","[-0.000302221011943421, 0.999999930218139, 4.427512717841697e-05, 0.00021509507215996236]","[480.1845854774261, 5.964636629021804, 16.25806363057103]",5.320000000000111,100.0,0.0,"[50.0, 91.90287584530405, 91.90287584530407]",39
631,2885950628,settled,Dk4i_0009,unmatched,,"[0.3078809116531951, 0.20521297007126735, 0.30730450118607866, -0.8767330977583211]","[0.18184482393046209, 0.6829056981620961, -0.1822210554341436, -0.6836430021465196]","[480.0780529172628, 9.977205787910142, 5.434755152415656]",5.420000000000145,100.0,0.0,"[50.0, 89.8074598265992, 89.80745982659919]",19
632,991867160,settled,Dk4i_0013,unmatched,,"[-0.2375625373328836, -0.9604688225999017, -0.11681093371613689, 0.08613296368920043]","[-0.00019972636492164168, -0.9999999188217454, -3.619031373319759e-05, -0.000348074910234303]","[480.5130817657133, 5.940374355576976, 16.254871722047056]",5.280000000000098,100.0,0.0,"[50.0, 91.51363813904368, 91.51363813904369]",32
633,303405335,settled,Dk4i_0015,unmatched,,"[-0.02279042232984286, 0.044058517012017934, 0.9582225775537128, 0.2816894311028513]","[-0.00023374052685920524, -0.00010642448198894262, 0.8661342419768707, 0.4998113733343284]","[480.4582255496031, 5.435286547928805, 13.748597953933679]",5.220000000000078,100.0,0.0,"[50.0, 87.52096155275404, 87.52096155275406]",28
634,747624188,settled,Dk4i_0022,unmatched,,"[0.4488529877620475, -0.17881305492877836, -0.36350582461711256, 0.7965051175187475]","[0.6122835443200455, -0.35384414588924284, -0.6121004155492201, 0.35388735928154785]","[480.1777983345476, 5.965733582570319, 10.29267662242596]",5.390000000000135,100.0,0.0,"[50.0, 91.81180879713759, 91.8118087971376]",22
635,2224256403,settled,Dk4i_0003,unmatched,,"[-0.7074316561155337, 0.5159224139634822, -0.45665515639945287, -0.1575772281439098]","[-0.6827789464993691, 0.18328599902870088, -0.6830770816634179, 0.18337080815509077]","[479.93132292051814, 9.99975920482927, 5.440444443562414]",5.430000000000148,100.0,0.0,"[50.0, 88.92099382416038, 88.92099382416039]",35
636,3659359167,settled,Dk4i_0023,unmatched,,"[0.475642554762377, 0.008531275876956044, 0.5084562058079787, 0.7177490259181025]","[0.611993184265174, 0.35401204773422057, 0.6119746437301634, 0.354438778780393]","[480.434065897119, 5.459542431055071, 9.980884325685256]",5.390000000000135,100.0,0.0,"[50.0, 91.00985466198526, 91.00985466198527]",30
637,1825701951,settled,Dk4i_0016,unmatched,,"[0.26664443488412504, 0.09287231278579614, 0.9568484641898873, 0.06867674599598332]","[-0.00011100578035785903, -8.857006862961204e-05, 0.8661964462101078, -0.4997036085581527]","[479.99343074817847, 5.943548728811434, 13.748302147824369]",5.380000000000131,100.0,0.0,"[50.0, 90.36809988367325, 90.36809988367327]",44
638,741066932,settled,Dk4i_0007,unmatched,,"[-0.14380109630361193, 0.5897438042590014, 0.5912240676798182, 0.5310156229680344]","[-0.6122473280675949, 0.35369875933609085, 0.3536469720727502, 0.6123595480287513]","[480.334492962963, 13.762301113176806, 5.94127569519917]",5.360000000000125,100.0,0.0,"[50.0, 90.38678265990968, 90.38678265990967]",17
639,3503504066,settled,Dk4i_0007,unmatched,,"[0.5187699492102906, -0.6177811041237394, -0.23828102636228377, -0.5407831355171334]","[0.6122638867374262, -0.35393611337040515, -0.3533451261444375, -0.6123800964102306]","[480.3007277779644, 13.750196726982107, 5.94542267193114]",5.210000000000075,100.0,0.0,"[50.0, 90.4869138876759, 90.48691388767591]",22
640,3011375563,settled,Dk4i_0005,unmatched,,"[-0.5247529899489422, 0.6195718340292504, -0.4558137166205935, 0.36469013937560457]","[-0.6125886720805799, 0.35364831698994303, -0.6120304265286429, 0.3536760434803299]","[480.12830685706655, 5.95048893628526, 9.707115805034585]",5.520000000000178,100.0,0.0,"[50.0, 88.65867148981678, 88.6586714898168]",32
641,1512233073,settled,Dk4i_0019,unmatched,,"[-0.27085008450069903, -0.5333245905422038, 0.7126948784235688, -0.3664302431811122]","[-0.3537236349220314, -0.6121370465078989, 0.6124524573472027, -0.3536521085466687]","[479.9053435456937, 16.255312252256996, 5.946892889296335]",5.230000000000081,100.0,0.0,"[50.0, 90.21081950346938, 90.21081950346937]",23
642,2951951071,settled,Dk4i_0005,unmatched,,"[0.2777554044515004, -0.309719604872192, 0.8976138231511166, -0.1456541319147266]","[0.6124728675259249, -0.3527715014052566, 0.6130780762634302, -0.35293700110074]","[480.3635796243696, 5.967968244839909, 9.692114617105966]",5.440000000000151,100.0,0.0,"[50.0, 89.27171304286827, 89.27171304286829]",40
643,3173375156,settled,Dk4i_0007,unmatched,,"[0.20658466998426864, -0.650663487887515, -0.5944086293330616, -0.42501550681349876]","[0.6122832914545172, -0.35368945933528356, -0.3535639075928354, -0.6123769269072951]","[480.442681076516, 13.749505322278287, 5.946036611786042]",5.270000000000095,100.0,0.0,"[50.0, 89.28920875458068, 89.2892087545807]",26
644,32306830,settled,Dk4i_0005,unmatched,,"[-0.6986094149864885, 0.5782516452435902, -0.4198669161311812, 0.03580073747576859]","[-0.6131147414068217, 0.35405258731117994, -0.6116831273894274, 0.3529600982476563]","[480.5071469968394, 5.948401384312817, 9.700677135658566]",5.530000000000181,100.0,0.0,"[50.0, 89.12344280194634, 89.12344280194635]",31
645,895153355,settled,Dk4i_0023,unmatched,,"[-0.19060827060911253, -0.37814759900373973, -0.36161796459736506, -0.8306053986241415]","[-0.6123423798836554, -0.3535585903399242, -0.6124919753814406, -0.3533931423904651]","[479.96054187382896, 5.4313147556987795, 9.997147446021353]",5.540000000000185,100.0,0.0,"[50.0, 90.08344311603601, 90.08344311603602]",28
646,3593388868,settled,Dk4i_0005,unmatched,,"[0.22142497322908522, 0.2166201095432776, 0.635142299606034, -0.7075598692853604]","[0.6129675724756888, -0.35254833621457426, 0.6128164631719645, -0.3527554509727684]","[480.39913778388575, 5.969882646579107, 9.682246408914477]",5.330000000000115,100.0,0.0,"[50.0, 89.6325993761749, 89.63259937617488]",31
647,75550316,settled,Dk4i_0005,unmatched,,"[-0.2862997747692738, 0.2598481907905693, -0.7213721391252358, 0.5745725311949853]","[-0.6123809994652336, 0.3527150384382438, -0.6129481515521298, 0.35337823456219997]","[480.6163243126728, 5.94847500590483, 9.696893797223913]",5.370000000000128,100.0,0.0,"[50.0, 90.32159818813327, 90.32159818813328]",34
648,2936757457,settled,Dk4i_0018,unmatched,,"[-0.6103894817246166, 0.37109450284833706, -0.5232037798726356, -0.46472718371393584]","[-0.35358898364696206, 0.6123873693102876, -0.612356121442142, -0.35352018483400693]","[480.6485523763543, 16.266306472729216, 5.435180996397697]",5.250000000000088,100.0,0.0,"[50.0, 91.56193641877752, 91.56193641877753]",22
649,1838880854,settled,Dk4i_0021,unmatched,,"[-0.6784023744617863, -0.0988498696711346, -0.5712742979592471, -0.4512699835816463]","[-0.49997422787952306, -0.4998853119770468, -0.5000790206817283, -0.5000614156280095]","[480.6452332452593, 9.702172355628518, 5.949357806245133]",5.300000000000105,100.0,0.0,"[50.0, 87.15490353649649, 87.15490353649648]",24
650,1672810551,settled,Dk4i_0006,unmatched,,"[0.48681364714769565, 0.3945555621457038, -0.6249290389801788, -0.46562010004933935]","[0.6125590737425657, 0.35338302675014505, -0.612450423495897, -0.3532651926531298]","[480.02458947525196, 5.436075456367338, 9.999227645129698]",5.480000000000165,100.0,0.0,"[50.0, 86.50055860659265, 86.50055860659266]",27
651,3879484383,settled,Dk4i_0023,unmatched,,"[-0.7626412532388688, -0.3577434821654657, -0.447859840912783, -0.2996989868584001]","[-0.6121032884316859, -0.3533978480280277, -0.6126121317546783, -0.35375966605488574]","[480.1584826370433, 5.437125729844832, 9.982882524416596]",5.490000000000168,100.0,0.0,"[50.0, 88.69419864802249, 88.6941986480225]",32
652,230873740,settled,Dk4i_0002,unmatched,,"[0.9054548951501281, -0.2845109799386636, -0.19564783538213537, 0.2468336679897962]","[0.8660274640209186, -0.499996405412689, -2.5249380749742256e-05, -0.00015968204497557315]","[479.8980740465036, 5.946974675911607, 16.253441695357793]",5.280000000000098,100.0,0.0,"[50.0, 91.25929905560037, 91.25929905560035]",26
653,2079884426,settled,Dk4i_0004,unmatched,,"[0.8394310349645914, 0.2693330375425513, -0.24178989971722017, -0.40540460878129414]","[0.6827014791075761, 0.183339900212161, -0.6831966503542906, -0.1831597891437971]","[480.25509109889714, 9.697251425182445, 5.9509524979014605]",5.160000000000058,100.0,0.0,"[50.0, 91.00085115480131, 91.0008511548013]",35
654,3975850094,settled,Dk4i_0004,unmatched,,"[0.4807614675171685, 0.6552872187456834, -0.5495107625156788, -0.1936620617950838]","[0.6831900030234253, 0.18297902949098158, -0.6827994589674995, -0.1831802210094769]","[479.9842721118633, 9.706601551652124, 5.9486738809485935]",5.170000000000061,100.0,0.0,"[50.0, 89.17561136883559, 89.1756113688356]",16
655,1123490515,settled,Dk4i_0017,unmatched,,"[-0.06244286843504125, 0.13298112156545572, -0.4729946592036122, 0.8687306612832636]","[2.075639770382498e-05, -0.00021499672388756451, -0.00017789557792223274, 0.9999999608493714]","[479.9751894227822, 5.960311127718259, 13.74279548390563]",5.320000000000111,100.0,0.0,"[50.0, 88.58059694926443, 88.58059694926445]",20
656,1957802489,settled,Dk4i_0022,unmatched,,"[-0.8523013335500537, 0.34785705271440737, 0.23829970511210874, -0.30950146728105843]","[-0.6126543318947921, 0.35378666918297913, 0.6119828814086988, -0.35350617417757463]","[480.635397800485, 5.951308035436014, 10.295967537535557]",5.390000000000135,100.0,0.0,"[50.0, 90.09065917146734, 90.09065917146734]",31
657,1848857429,settled,Dk4i_0007,unmatched,,"[0.4047002669435426, -0.25709265837166206, -0.547330599681826, -0.6859666709098554]","[0.6123462145624776, -0.35367585373217403, -0.3537832412498416, -0.6121951667634908]","[480.6624728501241, 13.748407142396015, 5.937074782065056]",5.240000000000085,100.0,0.0,"[50.0, 89.91550627374131, 89.91550627374133]",23
658,3054531549,settled,Dk4i_0006,unmatched,,"[0.7420221664256267, 0.08780540357961956, -0.5410633505390331, -0.38593233388602627]","[0.6123939369874859, 0.3532209489903595, -0.612674967653641, -0.3533242294917331]","[480.17914011838013, 5.440466098188865, 9.982943030156006]",5.440000000000151,100.0,0.0,"[50.0, 86.92803144769387, 86.92803144769385]",35
659,2001620538,settled,Dk4i_0012,unmatched,,"[-0.013667271276261574, 0.657999285484137, -0.1380674222777314, 0.7401267005748466]","[-0.00014895355024890922, 0.7066276657778542, 0.00033749411180067357, 0.7075854760153757]","[480.2185412164273, 5.9482144950248115, 10.29276291699621]",5.500000000000171,100.0,0.0,"[50.0, 83.33967003238867, 83.33967003238868]",23
660,1618230679,settled,Dk4i_0003,unmatched,,"[0.2717351777618916, -0.2956507772804097, 0.8181601580938112, -0.41153926515961137]","[0.6827622777020766, -0.1832361823917958, 0.6830645826155947, -0.18352915186895147]","[480.7352883340639, 9.990364619024804, 5.436433732782537]",5.170000000000061,100.0,0.0,"[50.0, 90.01288879531522, 90.0128887953152]",21
661,2498729330,settled,Dk4i_0022,unmatched,,"[-0.7387230461151346, -0.12526626774130828, 0.5657817222933168, -0.3442203742130146]","[-0.6116923036419786, 0.35373243862040965, 0.6127807238940388, -0.353844135117039]","[480.1123570135434, 5.959379428714369, 10.2693848658926]",5.440000000000151,100.0,0.0,"[50.0, 91.66396993535736, 91.66396993535734]",32
662,801359670,settled,Dk4i_0020,unmatched,,"[0.5201545776930955, -0.5993619606811081, -0.6079273170496118, -0.02507653441518706]","[0.4999671941850026, -0.49982878844158274, -0.5003306818668242, 0.4998731796830814]","[480.60933448405547, 10.286590025269602, 5.943409053444907]",5.220000000000078,100.0,0.0,"[50.0, 87.9272710697961, 87.92727106979609]",29
663,460050522,settled,Dk4i_0009,unmatched,,"[-0.43159420217306005, -0.27588044649597515, 0.04316033554187708, 0.8577608112566659]","[-0.182872935844367, -0.6830426975427392, 0.1829813843520479, 0.683028532090577]","[479.9685615383894, 10.000050628184752, 5.434858655376021]",5.490000000000168,100.0,0.0,"[50.0, 89.298849366794, 89.29884936679402]",27
664,24185252,settled,Dk4i_0004,unmatched,,"[-0.8823119357992979, -0.09850590553688278, 0.22500939213918061, 0.401488490457212]","[-0.6825887853977501, -0.1839471582552251, 0.6830125912689898, 0.18365672649557796]","[480.3467468463509, 9.699860313762292, 5.966092840007425]",5.220000000000078,100.0,0.0,"[50.0, 90.73627216163851, 90.73627216163852]",37
665,2055269984,settled,Dk4i_0006,unmatched,,"[0.5271450856724299, 0.7677936786238437, -0.29311052402864035, 0.21609522535291723]","[0.6123923185985614, 0.3535677650609732, -0.6122516228436797, -0.3537137740554463]","[480.5049441233794, 5.4395959750513985, 9.994390003827183]",5.250000000000088,100.0,0.0,"[50.0, 91.9742465461768, 91.9742465461768]",27
666,2572174639,settled,Dk4i_0023,unmatched,,"[0.6648910559496792, 0.23251016525203572, 0.7084928277910303, -0.043552494087720814]","[0.6120510727493492, 0.35447850091165123, 0.611948456595692, 0.3539174525337085]","[480.46555725742326, 5.456822348204054, 9.990407907910864]",5.380000000000131,100.0,0.0,"[50.0, 88.06597127654312, 88.06597127654311]",30
667,4231113218,settled,Dk4i_0011,unmatched,,"[-0.32714810443199194, -0.26553553967436144, -0.22723901491828985, 0.8779677813196595]","[-3.5982800443534746e-05, -0.7066062456225168, 5.391708455157462e-05, 0.7076069597208874]","[480.1098729381148, 5.945565817919301, 9.696014261688783]",5.580000000000198,100.0,0.0,"[50.0, 88.64406330573946, 88.64406330573948]",33
668,2269359926,settled,Dk4i_0011,unmatched,,"[-0.20885908760357036, -0.8901486806034541, 0.0483529199096359, 0.4020885512937993]","[-3.3141985086804215e-05, -0.706958113482416, 3.227780269135505e-05, 0.707255416127113]","[480.0748031906496, 5.952842041190605, 9.696981740758652]",5.330000000000115,100.0,0.0,"[50.0, 88.87282431150864, 88.87282431150862]",30
669,791422006,settled,Dk4i_0023,unmatched,,"[0.4178617844510886, 0.3221307565748081, 0.3487388486073498, 0.7745995870357235]","[0.6120854678960237, 0.35342569369245785, 0.6127219157069587, 0.3535725004025418]","[480.2392460231716, 5.43210425409783, 9.997093037957374]",5.540000000000185,100.0,0.0,"[50.0, 89.85830078073369, 89.8583007807337]",30
670,2789584226,settled,Dk4i_0016,unmatched,,"[-0.32203768413503847, -0.09291562367445043, 0.895757891321467, -0.29202091878741854]","[-8.492263885295782e-05, 0.00010218886049606636, 0.8659636446950632, -0.5001069369765078]","[480.37617321023043, 5.94377769836848, 13.75268624584098]",5.0900000000000345,100.0,0.0,"[50.0, 89.99623101437844, 89.99623101437845]",30
671,959163029,settled,Dk4i_0006,unmatched,,"[0.8565572897553921, 0.19600051919097283, -0.3610798207247458, -0.3122735482059784]","[0.6126614112025918, 0.35370052809011726, -0.6121396089822789, -0.3533086904776668]","[480.06227151940305, 5.440455784993648, 9.991090431115657]",5.420000000000145,100.0,0.0,"[50.0, 89.39852299709526, 89.39852299709527]",25
672,1269286363,settled,Dk4i_0014,unmatched,,"[-0.22278797788535612, -0.8262023699346746, -0.4768502630653011, 0.20092035098176173]","[0.00046117551809405754, -0.7070955497460091, -0.7071177645386018, -0.00037137644140493054]","[480.5445241191413, 13.746017807732613, 5.940406696857253]",5.260000000000091,100.0,0.0,"[50.0, 89.69531739145683, 89.69531739145684]",22
673,339846494,settled,Dk4i_0017,unmatched,,"[-0.08833281860877842, 0.061391870416495166, 0.03633882288790775, 0.9935330096954575]","[0.00020093752240690765, 0.0002469595586590121, -4.44116455528667e-05, 0.9999999483313458]","[480.61839160041563, 5.950878353509895, 13.740129113611005]",5.220000000000078,100.0,0.0,"[50.0, 88.1236542767996, 88.12365427679958]",25
674,3620654759,settled,Dk4i_0017,unmatched,,"[-0.4813429093912272, 0.22554370352942188, 0.09490204981190052, -0.8416844077910204]","[-0.00022607531004897874, 5.144793663227513e-05, -2.991313958541984e-06, -0.9999999731170577]","[480.198590711304, 5.9470003750067555, 13.748265151827283]",5.110000000000041,100.0,0.0,"[50.0, 92.14720784735178, 92.1472078473518]",24
675,1118229367,settled,Dk4i_0019,unmatched,,"[-0.35991857214289824, -0.48385237718009744, 0.7578605277637142, -0.2489837725264248]","[-0.3537058039517783, -0.6122625291099106, 0.6124830206332337, -0.3533997016619453]","[479.935777897972, 16.25635802801308, 5.946232110122491]",5.110000000000041,100.0,0.0,"[50.0, 92.19099147651929, 92.19099147651927]",19
676,614510698,settled,Dk4i_0012,unmatched,,"[0.5408724855206847, -0.7068822607308365, 0.20453650455646982, -0.40735640681663454]","[0.000320668586031414, -0.7070096256622528, 0.00047167354026064756, -0.7072036933703405]","[480.1758700970486, 5.961063981063514, 10.280817477995916]",5.540000000000185,100.0,0.0,"[50.0, 90.61723031557203, 90.61723031557204]",35
677,1838271581,settled,Dk4i_0016,unmatched,,"[-0.12691279253410218, 0.07788097071762332, 0.8830851733374935, -0.4449587330559608]","[0.000123928485052327, 2.8187384531752624e-05, 0.8660631305615134, -0.49993463345640815]","[480.31954532846333, 5.942227067319322, 13.74993620317673]",5.0900000000000345,100.0,0.0,"[50.0, 88.93136784403421, 88.93136784403423]",22
678,896877213,settled,Dk4i_0012,unmatched,,"[0.4570635111793557, 0.37785478930814337, -0.003768496967547743, 0.8051735858657455]","[0.00010924779052084999, 0.7072133207806974, -3.150312507554931e-05, 0.7070002163951663]","[480.0989249674134, 5.93844000949735, 10.292938390712724]",5.380000000000131,100.0,0.0,"[50.0, 91.47310826447357, 91.47310826447358]",24
679,2115121010,settled,Dk4i_0010,unmatched,,"[0.28127320910761855, -0.44450024844831, 0.46518435559245397, -0.7119750180165917]","[0.18251800017069625, -0.6832858177796134, 0.18304820025267227, -0.6828623779497537]","[480.6749097308872, 10.29501982837043, 5.948311132897278]",5.240000000000085,100.0,0.0,"[50.0, 88.2211305252093, 88.22113052520932]",28
680,1207846639,settled,Dk4i_0012,unmatched,,"[-0.26830697556454275, -0.6799392983449297, -0.12928932687703654, -0.670058346254485]","[0.00043742797026655183, -0.707720821507234, 0.0002829698615939569, -0.706492015092849]","[480.19853223526167, 5.955262793271186, 10.270003067106684]",5.5900000000002015,100.0,0.0,"[50.0, 85.80888469432183, 85.80888469432182]",34
681,3010240499,settled,Dk4i_0003,unmatched,,"[0.3808922698588771, -0.2069628001145944, 0.7443905927285974, -0.507907593551865]","[0.6829797656664669, -0.18329736947269512, 0.682897171795867, -0.18328165971469798]","[480.7105537188873, 10.002483551943001, 5.437738505604982]",5.250000000000088,100.0,0.0,"[50.0, 89.09275315760438, 89.09275315760436]",25
682,1954751036,settled,Dk4i_0024,unmatched,,"[0.4288412192270202, 0.05806141530597197, -0.19458495559188416, 0.8802617655003849]","[0.7070288489074457, -0.0002937916396347766, 0.00014850185182778178, 0.7071846282593288]","[479.9424040176734, 16.257731191689814, 5.937727166091536]",5.320000000000111,100.0,0.0,"[50.0, 91.67063538968688, 91.67063538968686]",18
683,1984373932,settled,Dk4i_0019,unmatched,,"[-0.3985619353203301, -0.55517319696044, 0.5342309002269262, -0.4975223113923289]","[-0.35378828351798625, -0.6120249679891504, 0.6125497427536298, -0.35361292631313485]","[480.5501172623126, 16.258792670829166, 5.946031298822361]",5.200000000000071,100.0,0.0,"[50.0, 90.3767370091986, 90.37673700919862]",19
684,2472346160,settled,Dk4i_0008,unmatched,,"[0.5216855084416874, 0.1681033179362908, 0.2930575820934824, -0.7833918293920803]","[0.6123620684025213, 0.3534072671057628, 0.35361319144601566, -0.6124326179866528]","[480.6735077613697, 13.745375935953602, 5.431451961776998]",5.240000000000085,100.0,0.0,"[50.0, 89.91084335127289, 89.9108433512729]",16
685,1573955309,settled,Dk4i_0007,unmatched,,"[-0.6193383676590124, 0.38429802173753186, 0.5834598968312737, 0.35820324624956834]","[-0.6124910487597354, 0.35345983953342885, 0.35336333227194466, 0.6124175147984171]","[479.97242375673403, 13.756394309621854, 5.950122982675628]",5.200000000000071,100.0,0.0,"[50.0, 90.08893839688346, 90.08893839688345]",20
686,4284683632,settled,Dk4i_0008,unmatched,,"[0.45315710631947115, 0.5277361964398244, 0.2103800227056479, -0.6869376900460198]","[0.6122276869624304, 0.3536087601691037, 0.35373670806209107, -0.6123793313116443]","[480.1808140389837, 13.754374770074563, 5.427929022986257]",5.0900000000000345,100.0,0.0,"[50.0, 89.1352870031505, 89.13528700315051]",25
687,1664694624,settled,Dk4i_0010,unmatched,,"[-0.17671571791651616, 0.6330224626739569, -0.08908301980255993, 0.7484105373218002]","[-0.1822989757353321, 0.6831094557865198, -0.18235856098865139, 0.6832817208846157]","[479.9743579782702, 10.280691073533879, 5.950357567492083]",5.230000000000081,100.0,0.0,"[50.0, 83.95140104439739, 83.95140104439737]",22
688,1909553120,settled,Dk4i_0017,unmatched,,"[-0.34526094914388883, 0.1559007805280971, -0.11240903271903165, -0.9186152801854336]","[4.972559293087154e-05, 5.219965664367446e-07, -0.00013827928787295285, -0.9999999892029657]","[480.1305557195475, 5.948593123330303, 13.748314916422823]",5.210000000000075,100.0,0.0,"[50.0, 89.60713500921636, 89.60713500921638]",24
689,2668664694,settled,Dk4i_0018,unmatched,,"[0.11631302817836991, -0.7209141450716977, 0.6512811007120145, 0.20636618610341087]","[0.35370931281160223, -0.6125219842808695, 0.6121186449620124, 0.35357786312613015]","[480.7217833983408, 16.254070761312356, 5.431774823157501]",5.110000000000041,100.0,0.0,"[50.0, 90.4747695184767, 90.47476951847672]",20
690,931999062,settled,Dk4i_0023,unmatched,,"[0.40985524264100454, 0.27226453579317034, 0.8643033037923744, -0.10426169806117322]","[0.6125998403740828, 0.353627657614826, 0.6121101086971087, 0.35353943227639184]","[480.6334515232795, 5.4350908612010915, 9.990372734103591]",5.400000000000138,100.0,0.0,"[50.0, 89.78515598518632, 89.78515598518634]",34
691,2928446550,settled,Dk4i_0017,unmatched,,"[0.08829629227230848, -0.08328675959324888, -0.35542274088605197, -0.9267911068350115]","[-7.409042272543685e-05, -0.00017426872219963453, -1.56640122116306e-05, -0.99999998194783]","[480.0894636177841, 5.9538409177522595, 13.749026316530188]",5.230000000000081,100.0,0.0,"[50.0, 87.66743195525214, 87.66743195525216]",14
692,4062086078,settled,Dk4i_0015,unmatched,,"[0.11302998519651891, 0.09536864003104563, 0.8851959380404075, 0.4410863818141144]","[0.00039265607120075874, 0.00011676405659272193, 0.8659864944138943, 0.5000672191616834]","[479.91687879008936, 5.431638411831931, 13.750830029606947]",5.240000000000085,100.0,0.0,"[50.0, 88.57826568784589, 88.5782656878459]",15
693,3262843349,settled,Dk4i_0011,unmatched,,"[0.23701903657768664, -0.4535324717792806, 0.255514247423889, 0.8202699206389107]","[-6.574065047865174e-06, -0.7077347144283249, 6.408680467923089e-05, 0.7064782868869508]","[480.6799498035282, 5.944163534883682, 9.69335202218782]",5.510000000000175,100.0,0.0,"[50.0, 89.27903064942936, 89.27903064942937]",27
694,1218851074,settled,Dk4i_0006,unmatched,,"[-0.6898747204057384, -0.30126227785830795, 0.6219437982928524, -0.2156381734521688]","[-0.6122535814877804, -0.35331160342382917, 0.6125973558517772, 0.35361128721362944]","[480.6519609381715, 5.435754426493645, 9.986522688708334]",5.430000000000148,100.0,0.0,"[50.0, 91.84660792812656, 91.84660792812657]",30
695,651205762,settled,Dk4i_0004,unmatched,,"[0.6449485734097136, -0.08182203042582824, -0.6028448695667808, -0.4625197900963603]","[0.6829958710915687, 0.18314969258050856, -0.6829397167103584, -0.18321073527255474]","[480.6497061334106, 9.701122726738031, 5.941817928597185]",5.340000000000118,100.0,0.0,"[50.0, 88.49139425650273, 88.49139425650273]",22
696,4255050540,settled,Dk4i_0003,unmatched,,"[-0.25882804226598577, 0.6809913270748578, -0.6838292010292903, 0.040453439967739646]","[-0.6828292497913229, 0.18330352566261096, -0.6829994983434495, 0.18345494916101923]","[480.41919942926285, 9.99695729141624, 5.431095170629418]",5.230000000000081,100.0,0.0,"[50.0, 91.29520178933517, 91.29520178933518]",31
697,2395249347,settled,Dk4i_0007,unmatched,,"[0.6348411229845365, -0.4903602220541158, -0.11445046579517916, -0.5860244807804853]","[0.6122571752929755, -0.3537018193283199, -0.3537124696668047, -0.6123101037124189]","[480.27524158479963, 13.749614609613273, 5.946441498290229]",5.230000000000081,100.0,0.0,"[50.0, 90.50865102841954, 90.50865102841955]",21
698,249202919,settled,Dk4i_0006,unmatched,,"[-0.8662809176125051, -0.3880906819206864, 0.23603906961474444, 0.20791477100528136]","[-0.6121573649366923, -0.3535746686530584, 0.6127652300059476, 0.35322384848195576]","[480.4862604729468, 5.445441617419617, 9.996578085236685]",5.320000000000111,100.0,0.0,"[50.0, 92.00281508498362, 92.00281508498361]",34
699,2371620818,settled,Dk4i_0006,unmatched,,"[-0.6854600836334261, -0.5263584251775121, 0.5015678560573432, -0.03899958666378184]","[-0.6118316917288572, -0.35330955564144434, 0.6129213357662132, 0.353782101089372]","[480.6831290935598, 5.436616997027342, 9.99741132461635]",5.350000000000121,100.0,0.0,"[50.0, 86.99754390648667, 86.99754390648668]",21
700,3603842823,settled,Dk4i_0008,unmatched,,"[0.1945135409653445, 0.7046745058258995, 0.4915635600122643, -0.4732479156723422]","[0.612485292903152, 0.3533245918533611, 0.3536054870469275, -0.612361542145897]","[480.35831591277133, 13.760366157861764, 5.432855351443409]",5.070000000000028,100.0,0.0,"[50.0, 89.35491086740338, 89.35491086740339]",25
701,2673681171,settled,Dk4i_0004,unmatched,,"[0.7797691628533903, 0.1826904425636023, -0.5705104467956182, -0.1819397838734074]","[0.6835558661504593, 0.18366863223166183, -0.6821797358579091, -0.18343396460383077]","[479.9607666513933, 9.705446552436161, 5.957643925862574]",5.210000000000075,100.0,0.0,"[50.0, 83.46381980428858, 83.46381980428856]",18
702,4235238339,settled,Dk4i_0007,unmatched,,"[-0.7562445711375627, 0.24799993940147816, 0.08222943494976244, 0.5998570652327683]","[-0.612375289044738, 0.3536219361229034, 0.35354594981884285, 0.6123342984242799]","[480.4428631379567, 13.739560429698283, 5.942966955870838]",5.140000000000051,100.0,0.0,"[50.0, 87.6547703073266, 87.65477030732659]",20
703,3994960236,settled,Dk4i_0023,unmatched,,"[0.5313292307007738, 0.7813692565057293, 0.17265756090654222, 0.278101960173623]","[0.6123049361817209, 0.3532072872237197, 0.6123735630325072, 0.3540139780833965]","[480.5953024213592, 5.44233731646864, 9.993594432487996]",5.530000000000181,100.0,0.0,"[50.0, 91.42655087013125, 91.42655087013127]",41
704,3831792919,settled,Dk4i_0003,unmatched,,"[0.4401407278908014, -0.15233626782494392, 0.5535394359146462, -0.6904084979519137]","[0.6828470455471647, -0.18368220480617667, 0.6830588929846321, -0.1827876055416759]","[480.41207997019126, 10.005129530040874, 5.429521875188533]",5.260000000000091,100.0,0.0,"[50.0, 89.244176892988, 89.24417689298801]",28
705,2949590194,settled,Dk4i_0010,unmatched,,"[0.017602188927888177, 0.8092823677871741, -0.24878508131529067, 0.5318441458253315]","[-0.18296743707389682, 0.6833414255815449, -0.18283559902290117, 0.6827434047903566]","[480.08916207260995, 10.300699696928211, 5.945340315439074]",5.410000000000141,100.0,0.0,"[50.0, 87.1955221835517, 87.19552218355172]",25
706,1922957456,settled,Dk4i_0015,unmatched,,"[-0.17983493385574306, 0.16984593387623137, -0.8817110177146157, -0.40174299813620656]","[0.0007640891471792645, 0.0003597376381769824, -0.8660233542238539, -0.5000028366874255]","[480.3973245266958, 5.435391003612699, 13.753860519249267]",5.230000000000081,100.0,0.0,"[50.0, 88.25585623131754, 88.25585623131755]",26
707,2467004035,settled,Dk4i_0006,unmatched,,"[-0.8510412091524794, -0.15061605794523547, 0.48797472711500356, 0.12216517142934463]","[-0.6119233539174181, -0.35366708198186614, 0.6126764624829406, 0.3536904810314806]","[479.90482529674705, 5.437441865436793, 9.998126355336309]",5.410000000000141,100.0,0.0,"[50.0, 86.80083374012928, 86.80083374012926]",29
708,3895465590,settled,Dk4i_0016,unmatched,,"[-0.008865959929603692, 0.08725246230030541, 0.920553074823044, -0.3806447674813083]","[-0.0003177097156945863, 0.00022335247014676485, 0.8661081843772491, -0.49985644151991837]","[480.6469147754769, 5.9463597673027735, 13.757593944400522]",5.160000000000058,100.0,0.0,"[50.0, 87.72752457167907, 87.72752457167908]",33
709,3817935553,settled,Dk4i_0003,unmatched,,"[-0.9489519390650242, 0.22293354094083298, -0.12955939050887, 0.1816733827484993]","[-0.6825599878423267, 0.18344596893417586, -0.6831558891204592, 0.18373206208639598]","[480.6283354532848, 9.996745057076067, 5.437325997074835]",5.410000000000141,100.0,0.0,"[50.0, 91.87601951774512, 91.8760195177451]",17
710,2350393894,settled,Dk4i_0023,unmatched,,"[0.6082563107633402, 0.02796229408013884, 0.7339208530504554, 0.30100257803553526]","[0.6120574683301045, 0.35468336953290014, 0.6116338976225161, 0.35424474324571276]","[480.26690343776454, 5.466439294091844, 9.98573198462538]",5.380000000000131,100.0,0.0,"[50.0, 87.1855904622961, 87.18559046229613]",27
711,507274054,settled,Dk4i_0007,unmatched,,"[-0.5283622470933963, 0.487647568656346, 0.636099650849066, 0.28001860441704135]","[-0.6122841946184274, 0.35366349169329186, 0.35376701454660464, 0.6122737125522825]","[480.6641064045504, 13.744813826521408, 5.945553792204532]",5.240000000000085,100.0,0.0,"[50.0, 89.53570955531643, 89.53570955531644]",27
712,2418103130,settled,Dk4i_0003,unmatched,,"[0.5388957797689139, 0.08448260675867462, 0.7139924401755003, -0.438940568955238]","[0.6833754312209648, -0.18292908778818334, 0.6826426617493238, -0.18312281453806376]","[480.1412567476841, 9.994247994219798, 5.436639368140817]",5.1500000000000545,100.0,0.0,"[50.0, 87.86129815914474, 87.86129815914475]",23
713,3567153921,settled,Dk4i_0011,unmatched,,"[0.1988727524070747, -0.4381407272501607, -0.2546711136222361, 0.8388235543671534]","[-9.211899794744904e-05, -0.7071194762907953, 0.000505881108651296, 0.7070938988908231]","[479.92935923197314, 5.947897007385947, 9.699405329739802]",5.530000000000181,100.0,0.0,"[50.0, 89.55227416907006, 89.55227416907007]",29
714,4274748223,settled,Dk4i_0002,unmatched,,"[0.9013150862583911, -0.41985594111574515, -0.10060076260099281, -0.0350940245189892]","[0.8659028343681445, -0.5002121282248343, 0.00026179084991229123, 0.00019918721502010242]","[480.1937245576146, 5.946650899400515, 16.25775954034832]",5.310000000000108,100.0,0.0,"[50.0, 90.89113082943146, 90.89113082943148]",20
715,1338308663,settled,Dk4i_0016,unmatched,,"[-0.2512912006807127, 0.11445045012758237, 0.3013030382493696, -0.9126720692930941]","[-5.6166092628484605e-05, 0.0001825788039037102, 0.8660525587230449, -0.49995292682373355]","[480.40631117336915, 5.946399476515127, 13.74794271459601]",5.100000000000038,100.0,0.0,"[50.0, 89.41367593851062, 89.41367593851061]",26
716,1277006266,settled,Dk4i_0004,unmatched,,"[0.32865400942607437, 0.5957578798403752, -0.6876782647442755, -0.25329369296247584]","[0.6831487957444072, 0.1840317203124886, -0.6823905669503034, -0.18380196660818354]","[480.6219066803158, 9.692949890788372, 5.959056396419334]",5.320000000000111,100.0,0.0,"[50.0, 89.54090806696559, 89.54090806696557]",26
717,3440375285,settled,Dk4i_0023,unmatched,,"[0.8875611663635753, 0.23820790771944308, 0.3862538725813326, 0.07937326110963647]","[0.6124129991378015, 0.35409105428136173, 0.612336316793789, 0.35300719383657564]","[480.01718063264605, 5.436942251508786, 9.994663813388115]",5.5600000000001915,100.0,0.0,"[50.0, 92.12731922502012, 92.12731922502013]",23
718,2778763133,settled,Dk4i_0006,unmatched,,"[0.8756319323738309, 0.23263808462416577, -0.40106778977893365, 0.13525113157201868]","[0.6121684258166032, 0.35279981806092015, -0.6131965054170354, -0.3532310186743786]","[480.3879722811504, 5.447733941489962, 9.98111413374995]",5.280000000000098,100.0,0.0,"[50.0, 91.3182435313147, 91.31824353131469]",29
719,763136023,settled,Dk4i_0015,unmatched,,"[0.25131930339948066, -0.2951017507363295, 0.6878492538765465, 0.6136912647191838]","[-6.946103751542809e-05, -0.00024203764665930994, 0.8660373310094968, 0.49997927746146564]","[480.0731912488984, 5.419093808556726, 13.74491097411981]",5.370000000000128,100.0,0.0,"[50.0, 90.64428307488309, 90.6442830748831]",23
720,3763933021,settled,Dk4i_0015,unmatched,,"[-0.04623430397558888, -0.06701270344375135, 0.7888818316337297, 0.6091281822664787]","[-0.00015848349634642322, -9.622369621714588e-05, 0.8659552955798319, 0.500121376948864]","[480.5407045395076, 5.429841109439802, 13.749754374509418]",5.240000000000085,100.0,0.0,"[50.0, 88.11657801618544, 88.11657801618546]",29
721,3455780355,settled,Dk4i_0003,unmatched,,"[-0.8840207684311262, -0.0872379833482472, -0.3272251922323647, 0.32221186944658625]","[-0.6829369568283488, 0.18300246157041208, -0.6828847265681528, 0.1837815613089171]","[480.4211301670442, 9.995507558708665, 5.4316174909763895]",5.230000000000081,100.0,0.0,"[50.0, 90.18475772423973, 90.18475772423972]",34
722,1499718306,settled,Dk4i_0012,unmatched,,"[0.3612539443898203, 0.6684707255139583, -0.19887294746240802, 0.6189442846987546]","[-0.0007338469985942176, 0.7069843912987592, -0.0006985857478808145, 0.7072284241364021]","[480.27802408055896, 5.948840298566101, 10.284236491165382]",5.6200000000002115,100.0,0.0,"[50.0, 90.52061927518967, 90.52061927518969]",26
723,79361427,settled,Dk4i_0024,unmatched,,"[0.7460182460433417, 0.4331332622393408, -0.16442246222556398, 0.47834883466776185]","[0.7071795063031017, -0.00024325852976862984, -0.00027510732270432563, 0.7070339532201761]","[480.3546400043188, 16.251987766694626, 5.946131798325442]",5.240000000000085,100.0,0.0,"[50.0, 90.83475881110725, 90.83475881110726]",21
724,849183527,settled,Dk4i_0005,unmatched,,"[-0.597965345494862, 0.4341566937715529, -0.3987457477691585, 0.5430904523894513]","[-0.6124471923945354, 0.35345746825815255, -0.6123648055203171, 0.35353302479492965]","[480.6573940063017, 5.938645632405969, 9.699055904618357]",5.470000000000161,100.0,0.0,"[50.0, 86.48766230802143, 86.48766230802141]",37
725,833658135,settled,Dk4i_0009,unmatched,,"[-0.22322301575031606, -0.6254522972279739, -0.046491102783879086, 0.7462033814540932]","[-0.18341123491779515, -0.6829857680744841, 0.18290821964365186, 0.682960718270404]","[480.50243741539003, 10.000454607616463, 5.435341020314954]",5.310000000000108,100.0,0.0,"[50.0, 85.45241629852954, 85.45241629852953]",45
726,2766943526,settled,Dk4i_0006,unmatched,,"[-0.5008796812345071, -0.2940481208795292, 0.7384220044987085, 0.3426196007319862]","[-0.6123420790748065, -0.3535728905910648, 0.6123022039228014, 0.35370807215089456]","[480.0937769832234, 5.430014390949274, 10.00153178311563]",5.410000000000141,100.0,0.0,"[50.0, 86.18680718881849, 86.18680718881848]",39
727,2503276600,settled,Dk4i_0006,unmatched,,"[-0.12838043991948922, -0.15768557088960727, 0.9650166796619405, 0.16551897581105576]","[-0.6123784587526934, -0.3536544710174361, 0.6122542060978643, 0.3536466110406367]","[480.63535746781577, 5.436408171346997, 9.984452872479515]",5.610000000000208,100.0,0.0,"[50.0, 89.3245630864155, 89.32456308641548]",32
728,274262062,settled,Dk4i_0012,unmatched,,"[-0.2888088733633255, 0.9067311338231195, 0.2402429853663154, 0.19160217536533122]","[-8.051276227868942e-05, 0.707009858028157, -0.0001269147773550472, 0.7072036750903801]","[480.1424804118829, 5.947271023144414, 10.290533078305875]",5.460000000000158,100.0,0.0,"[50.0, 92.83204223404039, 92.8320422340404]",22
729,3693717378,settled,Dk4i_0008,unmatched,,"[-0.4080947709038988, -0.4131066308879288, -0.5424541860804435, 0.6070790932663737]","[-0.6123615194131962, -0.3534366501497784, -0.35350100700172826, 0.612480972701707]","[480.696193489782, 13.750401542916746, 5.435224303396953]",5.130000000000048,100.0,0.0,"[50.0, 89.45909320012062, 89.45909320012063]",27
730,244256465,settled,Dk4i_0011,unmatched,,"[-0.41965871946026745, 0.6803774779211695, 0.017196036946970892, -0.6005641872705326]","[0.0003293647869180294, 0.7071126675819569, -0.00043097045073642315, -0.7071006866977549]","[480.29946076869675, 5.94936765880421, 9.694080980834158]",5.320000000000111,100.0,0.0,"[50.0, 90.46185954080133, 90.46185954080134]",31
731,476182520,settled,Dk4i_0011,unmatched,,"[0.1036601992641189, -0.6668421953979564, -0.4595244020197611, 0.5774195818239437]","[-8.461486766031534e-06, -0.7068462647930591, -0.0002842495943862766, 0.7073671444721418]","[479.9444539020295, 5.948015802039916, 9.70519059494381]",5.460000000000158,100.0,0.0,"[50.0, 89.68317937856474, 89.68317937856473]",28
732,299505894,settled,Dk4i_0001,unmatched,,"[0.579202363364909, 0.6811474595430645, 0.10658459271012398, -0.43497412018113246]","[0.8660945095796071, 0.49988024499054423, 0.00018783059595967047, 7.657624130869013e-05]","[480.1720684783315, 5.430844129511181, 16.257116460401143]",5.350000000000121,100.0,0.0,"[50.0, 90.21181603040652, 90.21181603040654]",45
733,927647419,settled,Dk4i_0016,unmatched,,"[0.00617218359995602, 0.30738817925260187, -0.906291643473959, 0.29001701393995705]","[4.722282136029876e-05, -0.0002239676620231501, -0.8660958355034232, 0.4998779364326046]","[480.58803529079233, 5.9466628254464435, 13.747394356454341]",5.200000000000071,100.0,0.0,"[50.0, 90.2126804041288, 90.21268040412879]",28
734,2054887602,settled,Dk4i_0022,unmatched,,"[0.3733597105779809, 0.05758875730829268, -0.4407491559025929, 0.8142642342139097]","[0.6123459352080425, -0.3537121641003837, -0.6119702831959631, 0.35413631992025885]","[480.13663214666616, 5.95590281998711, 10.287699368458327]",5.580000000000198,100.0,0.0,"[50.0, 92.34268922493426, 92.34268922493425]",26
735,2921836587,settled,Dk4i_0013,unmatched,,"[0.2754056786538453, -0.9404034533507056, -0.09401578724089038, 0.1759377413767654]","[-0.0003551100284879589, -0.9999999223116358, 1.609606094576943e-05, -0.00017033645229036636]","[480.361993464605, 5.95170809193243, 16.258369476327186]",5.290000000000101,100.0,0.0,"[50.0, 92.00586148152796, 92.00586148152797]",34
736,4082104990,settled,Dk4i_0017,unmatched,,"[-0.365030319869446, -0.1893794515799419, -0.17774880524233333, -0.8940322427799869]","[4.503523981147506e-05, 1.491988171294194e-05, 0.00019995601152983952, -0.9999999788834087]","[480.1916578514384, 5.944953074293229, 13.746383560638845]",5.340000000000118,100.0,0.0,"[50.0, 90.63518801052204, 90.63518801052203]",23
737,2103653974,settled,Dk4i_0001,unmatched,,"[0.935028749816513, 0.3245948714742076, 0.13098927296552268, -0.056579296541891304]","[0.8659768283717014, 0.5000840265124822, 0.0002470100518554564, 0.00019528539701929584]","[479.92162447741276, 5.442420217026369, 16.25265551162667]",5.340000000000118,100.0,0.0,"[50.0, 90.91189988101041, 90.9118998810104]",35
738,4054721125,settled,Dk4i_0005,unmatched,,"[0.3314452681763487, -0.23353500978133768, 0.6073874692324064, -0.6831441250785895]","[0.6128195828746653, -0.3533620577065064, 0.6123079470236328, -0.3530812838858059]","[479.8927506392642, 5.954928452631802, 9.687318952904816]",5.300000000000105,100.0,0.0,"[50.0, 90.29231806529639, 90.29231806529637]",36
739,548968393,settled,Dk4i_0005,unmatched,,"[0.1739833845668215, -0.4541327469372948, 0.8058144553671144, -0.33787023185723425]","[0.6124707384838012, -0.35367439800526845, 0.6125002771667237, -0.3530402599809331]","[480.4501642734073, 5.952360600819897, 9.685943114383003]",5.360000000000125,100.0,0.0,"[50.0, 89.62678023122734, 89.62678023122733]",22
740,1564990497,settled,Dk4i_0016,unmatched,,"[0.11176623498886057, 0.43491256596679395, -0.5962539075390001, 0.6654627310564188]","[-3.362600761727674e-05, 0.0002449730336669398, -0.8660250057471175, 0.5000006282778149]","[480.5232236571959, 5.9493826471215865, 13.74849093608296]",5.250000000000088,100.0,0.0,"[50.0, 92.29623154363887, 92.29623154363888]",40
741,666536387,settled,Dk4i_0001,unmatched,,"[0.8328379747296384, 0.5225458757364239, -0.11627756712454848, -0.1407346545193621]","[0.8661356791214314, 0.4998088540381585, 0.0002565757576360739, 0.00017013759164424824]","[479.88743878804354, 5.440860715015058, 16.25851254174968]",5.240000000000085,100.0,0.0,"[50.0, 91.94329883278832, 91.94329883278833]",21
742,2535867986,settled,Dk4i_0017,unmatched,,"[0.055606694092448415, 0.02990174770564514, 0.11232118714017658, 0.9916641225615043]","[7.579806296453828e-06, 0.00021436478314842432, 0.00030554250182644206, 0.9999999303170305]","[480.41712251175545, 5.948840304228674, 13.737511533618486]",5.240000000000085,100.0,0.0,"[50.0, 87.52566557783973, 87.52566557783975]",17
743,4190058861,settled,Dk4i_0001,unmatched,,"[0.6389330524725584, 0.6994797245503248, 0.04674223784673845, -0.3167141180973458]","[0.8661436931609061, 0.49979506004539476, 3.4006469825653696e-06, 2.720738893302599e-05]","[480.00151155746306, 5.4381517398933505, 16.251474207306458]",5.260000000000091,100.0,0.0,"[50.0, 89.3435937393273, 89.34359373932732]",31
744,4145498066,settled,Dk4i_0003,unmatched,,"[0.5331427153280388, -0.13489619692221552, 0.6897760063632064, -0.4709256015489013]","[0.6831278598658728, -0.18352430715443788, 0.6828064621250999, -0.18284006956562016]","[479.98317842766266, 10.011591151554125, 5.426090368605083]",5.130000000000048,100.0,0.0,"[50.0, 85.79219422554921, 85.79219422554922]",23
745,439097313,settled,Dk4i_0013,unmatched,,"[-0.31229783943541295, -0.9478655253499281, -0.04306678203388648, -0.04654307276409306]","[-0.0004603837700698611, -0.9999996822647685, 0.00045863795537665064, -0.0004617016051524632]","[480.4548288480847, 5.961571890136346, 16.250531204025894]",5.260000000000091,100.0,0.0,"[50.0, 90.12243106427249, 90.1224310642725]",29
746,848878887,settled,Dk4i_0003,unmatched,,"[-0.7330445846747963, 0.6200137340102204, -0.2603398618609048, -0.10223386348908145]","[-0.6830254306878437, 0.18317263448070895, -0.6828957877294961, 0.18324134389485702]","[480.4527009592323, 9.993641056520296, 5.433445043782216]",5.510000000000175,100.0,0.0,"[50.0, 90.32687261580502, 90.326872615805]",37
747,3282409243,settled,Dk4i_0008,unmatched,,"[-0.36484502967256854, -0.38112029136195696, -0.4876938161083083, 0.695550263866757]","[-0.6123852286871805, -0.35353021594578515, -0.3533227542850906, 0.6125061219314251]","[479.9516520162776, 13.758255586389927, 5.434627895439571]",5.1200000000000445,100.0,0.0,"[50.0, 90.453982600248, 90.45398260024801]",24
748,1021812353,settled,Dk4i_0016,unmatched,,"[-0.02751463814164228, 0.23808994494372776, -0.5888537692642116, 0.7718855881722095]","[3.059395229551565e-05, 0.00013825733074518398, -0.8660613659792665, 0.49993768642406594]","[480.5946968396302, 5.957763979241852, 13.754170652563412]",5.190000000000068,100.0,0.0,"[50.0, 88.65065574574467, 88.65065574574469]",28
749,3025522320,settled,Dk4i_0010,unmatched,,"[-0.006779130001992734, 0.8094588839319384, 0.39735742244128586, 0.432246963495285]","[-0.1824428721856108, 0.6830143074983424, -0.1830579328812522, 0.6831514088036911]","[480.56674731185484, 10.286909505850657, 5.947938671491525]",5.370000000000128,100.0,0.0,"[50.0, 88.92823828193872, 88.92823828193873]",34
750,2691185665,settled,Dk4i_0012,unmatched,,"[-0.347779535447512, -0.7595016959896297, 0.11884014838012455, -0.5367341871408777]","[0.0006973367230008187, -0.7072218767397052, 0.001103842927477755, -0.7069904612603028]","[480.20665642198475, 5.969926606592232, 10.277063966959286]",5.490000000000168,100.0,0.0,"[50.0, 89.93931065728817, 89.93931065728819]",32
751,1229380122,settled,Dk4i_0010,unmatched,,"[0.48619715748621767, -0.6641977522402341, 0.06255628408896385, -0.564393817553243]","[0.18284503053116605, -0.6832382349762162, 0.18286485268733485, -0.6828716239003355]","[480.1928765605697, 10.29295070435857, 5.945900350632486]",5.290000000000101,100.0,0.0,"[50.0, 89.57689366152538, 89.57689366152536]",12
752,2395213454,settled,Dk4i_0015,unmatched,,"[-0.44933477067353494, 0.12225715102068627, -0.8501988666400425, -0.24558774409985212]","[-2.5407224756135438e-05, 5.2209202630992824e-05, -0.8660166577202169, -0.5000151449504074]","[480.62364583018467, 5.445855477456467, 13.748007776373043]",5.380000000000131,100.0,0.0,"[50.0, 89.24942448635984, 89.24942448635986]",27
753,3006291426,settled,Dk4i_0004,unmatched,,"[-0.8032647886071603, -0.10041121216468736, 0.5539172969708682, -0.1945736260956228]","[-0.6824285435308717, -0.18354902513147384, 0.6832917949318718, 0.18361198579177732]","[480.61009266808964, 9.693595339253909, 5.958117881169364]",5.170000000000061,100.0,0.0,"[50.0, 89.90064541163714, 89.90064541163716]",34
754,2038363769,settled,Dk4i_0023,unmatched,,"[-0.5612002152789947, 0.020352301138744127, -0.7190324086645994, -0.409429478053489]","[-0.6123124448495225, -0.35311023727479124, -0.6127914990356169, -0.35337403544095114]","[480.230057887861, 5.4324965241518095, 10.003517291032898]",5.420000000000145,100.0,0.0,"[50.0, 88.33840381973195, 88.33840381973194]",27
755,3549726088,settled,Dk4i_0015,unmatched,,"[0.3251935600628316, -0.17496902770656705, 0.7483285312602824, 0.5510348420371516]","[0.00027154268208529064, -0.0002721557209467429, 0.866255052537084, 0.49960187764840236]","[479.90702468595447, 5.436064635285617, 13.749362364429315]",5.330000000000115,100.0,0.0,"[50.0, 89.87666366115211, 89.87666366115212]",35
756,1415504078,settled,Dk4i_0012,unmatched,,"[0.026030222451953543, 0.644775665048881, -0.1990092891583883, 0.7375514030279845]","[-0.0008742648125717456, 0.7070794466206367, -0.0011585166506089262, 0.7071326252315487]","[480.27026064689375, 5.9823984424087735, 10.280958253947587]",5.490000000000168,100.0,0.0,"[50.0, 85.64786569984194, 85.64786569984193]",30
757,1167033059,settled,Dk4i_0016,unmatched,,"[-0.14038596652816046, 0.22510227837965416, 0.9577570236566346, -0.11100553277484694]","[-0.00016791761094939184, 0.00012430299582211202, 0.8660499607736267, -0.49995741998338317]","[480.054238900824, 5.953457004406811, 13.744095853939747]",5.1500000000000545,100.0,0.0,"[50.0, 89.52519007748042, 89.52519007748043]",27
758,57751237,settled,Dk4i_0015,unmatched,,"[-0.24977854227901278, 0.18879418204542422, 0.9462315214486297, 0.08132247204667463]","[-0.00021893620755647492, -0.00015320592156586876, 0.8661107320635212, 0.49985210652679485]","[480.0785589246877, 5.435428309045165, 13.744801711818834]",5.110000000000041,100.0,0.0,"[50.0, 90.82763071284374, 90.82763071284373]",20
759,1367057463,settled,Dk4i_0012,unmatched,,"[-0.2682954155863644, 0.4446128882782166, -0.4818836406653182, 0.7057797860603408]","[-0.0005234793668543458, 0.707159545266707, -0.0004367820924028043, 0.7070536844744822]","[480.6413278242935, 5.951948824216576, 10.287579985543271]",5.480000000000165,100.0,0.0,"[50.0, 88.33588476714259, 88.33588476714257]",28
760,3460723404,settled,Dk4i_0024,unmatched,,"[0.7525328538070888, 0.08332020185243715, -0.2968881536312691, 0.5819016000473309]","[0.706998843812234, 0.00020553575836589156, -0.0002748126565068728, 0.7072146188260111]","[480.5268924700443, 16.255404548002755, 5.938145825061426]",5.310000000000108,100.0,0.0,"[50.0, 91.32822413858727, 91.32822413858729]",18
761,490291057,settled,Dk4i_0007,unmatched,,"[0.6050671852203282, -0.723040663150318, -0.30768659951572824, -0.12819850732027002]","[0.6121240397610562, -0.35417545922859, -0.35348966378987773, -0.6122980986582773]","[480.2385025755681, 13.758198133554192, 5.947011871389599]",5.430000000000148,100.0,0.0,"[50.0, 92.81679817708051, 92.81679817708053]",23
762,2736550147,settled,Dk4i_0009,unmatched,,"[-0.12290483584257283, 0.9147122688500888, 0.06678560268850425, -0.37912471538422043]","[0.18222721165049113, 0.6829414199908477, -0.18229359107616064, -0.6834861423961202]","[480.0251283206238, 9.992891157534721, 5.425552950549721]",5.1500000000000545,100.0,0.0,"[50.0, 91.9979766007188, 91.99797660071881]",26
763,3645682007,settled,Dk4i_0021,unmatched,,"[0.08237622614656674, 0.7623107531555448, 0.47199339798971696, 0.43510769384532433]","[0.5001275130800205, 0.5001948025019188, 0.5001362248855448, 0.4995411762484614]","[480.36451084272255, 9.696290215793587, 5.9516972346026815]",5.360000000000125,100.0,0.0,"[50.0, 90.03756691749383, 90.03756691749382]",31
764,4011650803,settled,Dk4i_0011,unmatched,,"[-0.11238713257916548, 0.5943727968817791, -0.13889353961568968, -0.7840909994449555]","[0.0007547533271769771, 0.7077040235788729, -0.0007596576284773784, -0.7065082223711037]","[480.22875113838853, 5.962122132631992, 9.681530113248467]",5.410000000000141,100.0,0.0,"[50.0, 85.81179887483049, 85.81179887483052]",37
765,4175174794,settled,Dk4i_0007,unmatched,,"[0.6283567845402819, -0.3838002345637537, -0.49353374713503045, -0.46291421636180186]","[0.6120048582736198, -0.353773114482741, -0.353313505591534, -0.6127513391950188]","[480.29660251480107, 13.744217361955855, 5.947581791729882]",5.170000000000061,100.0,0.0,"[50.0, 89.07263378957741, 89.07263378957742]",26
766,1362896629,settled,Dk4i_0009,unmatched,,"[-0.1369099586496964, 0.8359536484781134, -0.4124440525900376, -0.3351523001588615]","[0.18256397248360579, 0.6831117271283397, -0.18283220366933214, -0.6830820957338569]","[479.88612060867587, 9.993861545913242, 5.438060878989036]",5.100000000000038,100.0,0.0,"[50.0, 89.57028532135826, 89.57028532135827]",34
767,1392627679,settled,Dk4i_0003,unmatched,,"[-0.5442430083840383, -0.06998565228722617, -0.49363300479666244, 0.674705871379849]","[-0.6831497340416639, 0.18341981167967986, -0.682919539793096, 0.1824404443400109]","[480.62280106060217, 10.009840227734427, 5.4331671164926325]",5.1500000000000545,100.0,0.0,"[50.0, 89.35626159384816, 89.35626159384817]",32
768,2030435075,settled,Dk4i_0016,unmatched,,"[-0.15391770369278407, 0.2984445877709614, -0.9416051474307936, 0.02489808932417896]","[1.2804007796352046e-05, -0.00012787638614186747, -0.8661053263801565, 0.4998615279250944]","[480.2722723927382, 5.946613120447046, 13.739181752262319]",5.310000000000108,100.0,0.0,"[50.0, 91.09744890528283, 91.09744890528285]",23
769,1969071229,settled,Dk4i_0010,unmatched,,"[-0.292157474405667, 0.7386316240005625, -0.37135322396325127, 0.480795296594396]","[-0.18286289012497448, 0.6832401599670078, -0.18279069207524135, 0.6828847707439767]","[480.4003494884633, 10.288324730205634, 5.946160441994466]",5.310000000000108,100.0,0.0,"[50.0, 88.47079642024953, 88.47079642024954]",28
770,3971321240,settled,Dk4i_0011,unmatched,,"[0.16134477163431363, -0.59713412711119, -0.14540785866209355, 0.7721756623623495]","[-9.776016998808146e-05, -0.7071731012662905, 0.000353742700396259, 0.7070403596361866]","[479.9574763643418, 5.9561114428261925, 9.70285455982669]",5.5900000000002015,100.0,0.0,"[50.0, 86.94569728981463, 86.94569728981465]",35
771,1847143231,settled,Dk4i_0005,unmatched,,"[0.37247343903267255, -0.17212231899601646, 0.8927953174030391, -0.1858869703390051]","[0.6120369044005298, -0.35303944889294175, 0.6129043723103662, -0.35372617316226507]","[479.9455561683049, 5.953234291808412, 9.695704535062566]",5.340000000000118,100.0,0.0,"[50.0, 86.72281256380198, 86.72281256380197]",37
772,4250210521,settled,Dk4i_0020,unmatched,,"[0.7179714736657065, -0.32018305942895253, -0.20166750117733687, 0.5842345337498447]","[0.4993819790102284, -0.5006619683899369, -0.4991252714214361, 0.5008285094483134]","[479.87801807092205, 10.323363353236228, 5.9399883665979845]",5.170000000000061,100.0,0.0,"[50.0, 90.73886007548953, 90.73886007548954]",29
773,1265008604,settled,Dk4i_0016,unmatched,,"[0.1588790074721968, 0.4462089044889321, -0.7306042503802944, 0.49180535160333994]","[0.00037716602202400584, -0.0002312485760608829, -0.8661391006732715, 0.499802823676282]","[480.0263026101806, 5.942629048987347, 13.756222421660175]",5.230000000000081,100.0,0.0,"[50.0, 91.08482065175863, 91.0848206517586]",20
774,2561878822,settled,Dk4i_0020,unmatched,,"[-0.8844363438236836, 0.2271251635155647, 0.06609453688063316, -0.4022661134328336]","[-0.4997340089314913, 0.49983083559285413, 0.5004198619244125, -0.5000150176738308]","[480.1344013422974, 10.300867962033497, 5.948603011016128]",5.130000000000048,100.0,0.0,"[50.0, 90.44288719702898, 90.442887197029]",22
775,2593056862,settled,Dk4i_0020,unmatched,,"[-0.6440080616705269, 0.6801245432667002, 0.34981776085047156, 0.017656623210441386]","[-0.4998138538736702, 0.5002695806347346, 0.4998698421405908, -0.5000465969145647]","[480.0358525536743, 10.296397198154624, 5.943037094636779]",5.360000000000125,100.0,0.0,"[50.0, 92.55511994345096, 92.55511994345098]",35
776,2876057514,settled,Dk4i_0004,unmatched,,"[0.5828207064822837, 0.0588372724123627, -0.6350018125597128, -0.5036178089746675]","[0.6828623902677884, 0.18298494406947155, -0.683202024173269, -0.1828946701443295]","[480.0592036422336, 9.711966998998594, 5.942974298393968]",5.320000000000111,100.0,0.0,"[50.0, 85.07091405027381, 85.07091405027384]",27
777,3157771195,settled,Dk4i_0004,unmatched,,"[0.5983360677836528, 0.10378296890113489, -0.7104906983150071, -0.3555643583981888]","[0.6833424052963575, 0.18289927478725915, -0.6826934905081855, -0.18308634690722708]","[480.11867219692266, 9.721355338027731, 5.942288764452993]",5.250000000000088,100.0,0.0,"[50.0, 84.60126918259571, 84.60126918259573]",31
778,2345037609,settled,Dk4i_0003,unmatched,,"[0.6604384413014063, 0.10747290077092331, 0.443880841915452, -0.596020502190723]","[0.6831585312422138, -0.18328634446047506, 0.6827776609193064, -0.1830715785556517]","[480.62451620349475, 9.997179418234149, 5.441585882943099]",5.260000000000091,100.0,0.0,"[50.0, 87.99031076113218, 87.99031076113219]",25
779,184414698,settled,Dk4i_0013,unmatched,,"[-0.35632809196677084, -0.93177754920896, -0.06878720385769516, 0.00944511783434199]","[0.00012420963261574783, -0.9999999869468978, -2.281327022768398e-05, -0.0001007855446633005]","[480.4557749161752, 5.939066474634659, 16.254666183902287]",5.1800000000000646,100.0,0.0,"[50.0, 90.17535550638716, 90.17535550638718]",24
780,1322610371,settled,Dk4i_0010,unmatched,,"[-0.3915866921210055, -0.4167497704200111, 0.43307521759641576, -0.6967247285064698]","[0.1831150985477876, -0.6827911249739806, 0.1827318129804356, -0.6832819512218095]","[480.344314521065, 10.293298159904461, 5.9357108817145745]",5.330000000000115,100.0,0.0,"[50.0, 92.1901825913522, 92.19018259135221]",29
781,2871559337,settled,Dk4i_0018,unmatched,,"[-0.0016060938878102355, -0.8499218234626733, 0.5204304719878642, 0.0823555601692851]","[0.3536181441929431, -0.612478186556506, 0.6122543302063586, 0.35350999170257724]","[480.52712592198685, 16.26144149242692, 5.436273405869381]",5.100000000000038,100.0,0.0,"[50.0, 90.66707724753377, 90.66707724753375]",21
782,3834652190,settled,Dk4i_0008,unmatched,,"[-0.38796054467225627, -0.5034752546116924, -0.5498540153702292, 0.5419039080432375]","[-0.6125514315744549, -0.3531282123918168, -0.35361604432956495, 0.612402565704747]","[480.43569481291985, 13.747206381018843, 5.429165428174944]",5.100000000000038,100.0,0.0,"[50.0, 88.77642784110327, 88.77642784110326]",13
783,3919222154,settled,Dk4i_0009,unmatched,,"[-0.30245125319755284, -0.7544306213363382, -0.28171015049334985, 0.5098990764242572]","[-0.18298119065020513, -0.6832350935010592, 0.18285213243282128, 0.6828417009392459]","[479.9582412513375, 9.999991335213407, 5.433865758212617]",5.1500000000000545,100.0,0.0,"[50.0, 88.34812659541848, 88.34812659541849]",27
784,2928265615,settled,Dk4i_0009,unmatched,,"[-0.16044831560608788, -0.841189383199689, 0.29634351733816594, 0.4228915692502515]","[-0.18222799093418926, -0.6829709125896503, 0.1826897426914002, 0.6833506784893824]","[480.6655751770264, 9.993493239618877, 5.440638192965603]",5.170000000000061,100.0,0.0,"[50.0, 88.25413477915824, 88.25413477915822]",33
785,1004255327,settled,Dk4i_0008,unmatched,,"[-0.7918552891140278, -0.48308124432092175, -0.12326100465448263, 0.3527101320051027]","[-0.6122880881339615, -0.35367354525642464, -0.3535824108577809, 0.6123706387858658]","[480.2604755206166, 13.754746508506413, 5.437962283967234]",5.130000000000048,100.0,0.0,"[50.0, 89.26725158977534, 89.26725158977536]",22
786,4151959314,settled,Dk4i_0010,unmatched,,"[0.32961659258017734, -0.44109631094848434, 0.13135878999472297, -0.8243371971800095]","[0.18239895765985584, -0.6833722540255697, 0.182622974339621, -0.6829215415521469]","[480.2125031240348, 10.299067899977956, 5.955173136423063]",5.210000000000075,100.0,0.0,"[50.0, 88.2591775447503, 88.25917754475032]",28
787,3643437407,settled,Dk4i_0006,unmatched,,"[-0.3679797931408954, 0.033329154626742165, 0.5756948008932865, 0.729421370345214]","[-0.6121621234028726, -0.35341078654191277, 0.6124922351279736, 0.3538525293602579]","[480.19874795773063, 5.4243283300858085, 9.996470098514363]",5.630000000000215,100.0,0.0,"[50.0, 88.92444156549077, 88.92444156549078]",41
788,193074623,settled,Dk4i_0006,unmatched,,"[0.333473225592462, 0.8262963374305321, -0.44231445523318763, -0.10192101477916964]","[0.6122709597424721, 0.3529712149611338, -0.6127590617693981, -0.3536409556094714]","[479.87362665452054, 5.444123413332908, 9.990934181368264]",5.310000000000108,100.0,0.0,"[50.0, 92.00544118865639, 92.0054411886564]",37
789,1840744130,settled,Dk4i_0014,unmatched,,"[-0.003013295977485854, -0.9164638387372006, -0.385878694127883, -0.10574774585108596]","[3.429747406694426e-05, -0.7070415755354504, -0.7071717058500779, -0.0006226822000077207]","[480.5153144270137, 13.753687998927806, 5.950532689724163]",5.230000000000081,100.0,0.0,"[50.0, 89.93957196526702, 89.93957196526704]",19
790,929367818,settled,Dk4i_0012,unmatched,,"[0.07689805139311431, 0.6194549874432171, -0.12913616986127133, 0.7705102581129122]","[-0.00036805210352086615, 0.7068690704333194, -0.0003234406531567313, 0.7073442423520022]","[479.9911877424321, 5.9480527220400985, 10.285120159201718]",5.520000000000178,100.0,0.0,"[50.0, 85.53104270060827, 85.53104270060828]",38
791,911894422,settled,Dk4i_0004,unmatched,,"[-0.6982777647420497, -0.11412682446000724, 0.6869509496557707, 0.16577582445144326]","[-0.6831709534749524, -0.18302286420218894, 0.6828172125496701, 0.183141294505773]","[480.0991432094425, 9.706471106438109, 5.95001515521839]",5.230000000000081,100.0,0.0,"[50.0, 84.07801956795277, 84.07801956795278]",28
792,2813630436,settled,Dk4i_0023,unmatched,,"[0.34525116620660357, 0.291654603545629, 0.2899276643120054, 0.8436119806701463]","[0.6123723211846941, 0.3540242189308738, 0.6119540433432737, 0.3538067855384819]","[480.326097136933, 5.450544460398048, 9.991578549904228]",5.470000000000161,100.0,0.0,"[50.0, 89.65884242741338, 89.65884242741339]",37
793,3258326862,settled,Dk4i_0004,unmatched,,"[0.15155241457782917, 0.463115550262533, -0.8698966348433236, 0.07639173665339816]","[0.6829798092773838, 0.18331569416705723, -0.6829835562414557, -0.18294096942799035]","[480.6019174085039, 9.711532770204778, 5.949107033652659]",5.450000000000155,100.0,0.0,"[50.0, 92.54379806902647, 92.54379806902648]",24
794,376402550,settled,Dk4i_0022,unmatched,,"[-0.26313053826577254, 0.4562496417490367, 0.7970160287942423, -0.29557407545469244]","[-0.6125101967846663, 0.3536002255483293, 0.6119762075782603, -0.3539537550091963]","[479.95481505051555, 5.948480476427381, 10.294770154209116]",5.520000000000178,100.0,0.0,"[50.0, 85.62009498341187, 85.62009498341186]",27
795,3842851706,settled,Dk4i_0006,unmatched,,"[-0.6306123024957917, 0.1538519811917822, 0.7587299060057031, 0.054649991371421895]","[-0.6127931238747892, -0.3536914784910148, 0.6117956091472423, 0.3536849699984044]","[479.8754687187844, 5.433922253896883, 9.998580233682754]",5.490000000000168,100.0,0.0,"[50.0, 87.67030987071348, 87.6703098707135]",27
796,1816527500,settled,Dk4i_0023,unmatched,,"[-0.26996349254057417, -0.9012033727303118, -0.2599849606697233, -0.21762356007649683]","[-0.6121662138398904, -0.35395019458615623, -0.6123732756617841, -0.35351203323311675]","[480.4927883746675, 5.4316561023981045, 9.994559159125284]",5.470000000000161,100.0,0.0,"[50.0, 91.30404860686649, 91.3040486068665]",27
797,2293293225,settled,Dk4i_0012,unmatched,,"[-0.3936519694424518, 0.8116179663979275, -0.13515402938440954, 0.4099363266597991]","[-0.0002488627342056849, 0.7074596174839356, -0.00015554458382374683, 0.7067537078096624]","[479.9278955398163, 5.9569195287081085, 10.293706030111048]",5.630000000000215,100.0,0.0,"[50.0, 89.24000012883126, 89.24000012883127]",32
798,349554575,settled,Dk4i_0015,unmatched,,"[0.04319524511180846, 0.011599100461029443, -0.6856641279883682, -0.726542727758097]","[0.00013131301918797855, 0.00014903803815408123, -0.866093671468084, -0.49988169879231314]","[480.69315165441077, 5.4419264917211985, 13.749113080892606]",5.270000000000095,100.0,0.0,"[50.0, 87.3103308705603, 87.31033087056032]",28
799,1393430897,settled,Dk4i_0008,unmatched,,"[0.40293627404439963, 0.406187963639368, 0.6478008582825009, -0.5029987527441547]","[0.6121988534994578, 0.35382454861020113, 0.353614236588071, -0.6123542473576652]","[480.11173803266337, 13.747418837484494, 5.437950431672307]",5.170000000000061,100.0,0.0,"[50.0, 87.88214995506551, 87.8821499550655]",21
800,2235878669,settled,Dk4i_0003,unmatched,,"[0.24249144715551083, -0.6473370825137739, 0.7223079800681069, -0.02058595610878343]","[0.6831549137438608, -0.18326740811283193, 0.6827944811590293, -0.18304129984786136]","[480.6736001050307, 10.006628960200707, 5.433154784722306]",5.250000000000088,100.0,0.0,"[50.0, 90.32844415797393, 90.32844415797395]",16
801,3616341429,settled,Dk4i_0010,unmatched,,"[-0.016108622453450877, 0.5241575278336051, -0.5047182381256154, 0.6857542551099413]","[-0.18303708937766128, 0.6831016417690866, -0.1825514530346056, 0.6830406561248655]","[479.9966875304983, 10.297443925047519, 5.950438938307954]",5.360000000000125,100.0,0.0,"[50.0, 91.16450309862954, 91.16450309862955]",28
802,2901890060,settled,Dk4i_0006,unmatched,,"[-0.5153234759328452, -0.7348465806857323, 0.43106836411443006, 0.09285625162953134]","[-0.612554281122032, -0.3534688123816474, 0.6123344471786843, 0.35338870405115275]","[479.99980289595334, 5.437085411481883, 9.989806293859232]",5.410000000000141,100.0,0.0,"[50.0, 91.03013427229962, 91.03013427229963]",28
803,903317644,settled,Dk4i_0009,unmatched,,"[0.3806152325204924, 0.3549790843641196, -0.42221367482912736, -0.7421977547962988]","[0.1826960703711592, 0.6825109930874691, -0.18263252239636157, -0.6837004109614354]","[480.2451116857318, 10.008579670361204, 5.435491478706806]",5.420000000000145,100.0,0.0,"[50.0, 88.78696103927591, 88.78696103927592]",41
804,261748224,settled,Dk4i_0018,unmatched,,"[0.6073531994118689, -0.481676980220278, 0.5182685683491363, 0.36125762130559586]","[0.3536561117077407, -0.6124011782213291, 0.6122976642288571, 0.35353036919729497]","[479.8647739598794, 16.262355205669238, 5.436961677304967]",5.270000000000095,100.0,0.0,"[50.0, 91.14778649182216, 91.14778649182215]",21
805,3757485644,settled,Dk4i_0003,unmatched,,"[-0.46408639041706307, 0.12400900187034086, -0.7767306422281417, 0.40735132147648895]","[-0.6834102297384246, 0.18279281013266532, -0.6827761076848766, 0.18263086603136644]","[480.41512153518374, 10.008155396047075, 5.431552375570766]",5.190000000000068,100.0,0.0,"[50.0, 86.42295746050578, 86.42295746050577]",29
806,2459300321,settled,Dk4i_0015,unmatched,,"[-0.3023952662426782, 0.3237351264050331, -0.8489692368047562, -0.28810398443042556]","[0.0005792993874618457, 0.0002718870279154184, -0.8657439746289393, -0.5004867239831148]","[480.19502739256984, 5.43158913546537, 13.744396519818944]",5.300000000000105,100.0,0.0,"[50.0, 91.49297396559906, 91.49297396559908]",30
807,900242666,settled,Dk4i_0001,unmatched,,"[0.9362436743944617, 0.1817165933924474, -0.08337124411561313, -0.288922303564152]","[0.8658446518099087, 0.500312717436881, 0.00022483146188401193, 0.0004161176702525693]","[480.33107169533486, 5.4446300495113915, 16.253575211155237]",5.500000000000171,100.0,0.0,"[50.0, 92.53859621284734, 92.53859621284735]",31
808,328348858,settled,Dk4i_0006,unmatched,,"[-0.6190823838403996, -0.43170850451213133, 0.6501504533297416, 0.08757372428713266]","[-0.6126040214785812, -0.3532538980124458, 0.6125622090028277, 0.3531225516854723]","[480.2547370060937, 5.441199677709384, 9.992692121549217]",5.330000000000115,100.0,0.0,"[50.0, 86.8415868574118, 86.84158685741181]",25
809,1553474154,settled,Dk4i_0007,unmatched,,"[0.10359371276990213, -0.7893752306748082, -0.4829995942980539, -0.36450854555079465]","[0.6124649643163592, -0.35397516731984624, -0.3534901283079114, -0.6120726897964849]","[480.35333790128976, 13.754135053092881, 5.940098417885283]",5.330000000000115,100.0,0.0,"[50.0, 89.10465526800269, 89.10465526800267]",25
810,1442494840,settled,Dk4i_0004,unmatched,,"[0.31201293868009317, 0.50003338073906, -0.7536486285584268, -0.29090941702681444]","[0.6827502682663262, 0.1829602310716085, -0.6832542176157475, -0.1831428380766662]","[480.1308433493342, 9.714395316933135, 5.944893571769805]",5.330000000000115,100.0,0.0,"[50.0, 87.59923718753488, 87.59923718753487]",32
811,3990831217,settled,Dk4i_0003,unmatched,,"[0.2733426921134199, -0.7015874727139076, 0.6366695552613991, -0.16646521619350974]","[0.6830353289168365, -0.18289288865393855, 0.6830837674182493, -0.18278265076581626]","[480.5472824896038, 9.994792887044017, 5.4248975762578056]",5.260000000000091,100.0,0.0,"[50.0, 92.11947149755264, 92.11947149755265]",29
812,2431699989,settled,Dk4i_0016,unmatched,,"[0.17344721513629868, 0.1827432617709468, 0.5962854258550948, -0.7622103743400414]","[-0.00016767168146400446, 0.0002867484202335735, 0.865936320346638, -0.5001541550023106]","[480.67936314315153, 5.950468332618781, 13.75295876095521]",5.200000000000071,100.0,0.0,"[50.0, 89.40701433537681, 89.40701433537683]",29
813,1926362747,settled,Dk4i_0020,unmatched,,"[0.8047503699102742, -0.5172269162450497, -0.11253861894396196, 0.26867865283103326]","[0.5007566441781411, -0.4993710946725288, -0.5003274467833079, 0.4995435307481252]","[480.5933297681535, 10.284118594862102, 5.9650436020471584]",5.080000000000031,100.0,0.0,"[50.0, 90.40727163972578, 90.40727163972579]",25
814,2263480944,settled,Dk4i_0019,unmatched,,"[-0.026306953825207702, -0.8321721463338888, 0.5135298938644082, -0.2075680879954735]","[-0.35357197703967275, -0.6125883660878549, 0.6124158204484101, -0.35308527815609947]","[480.18545683732617, 16.25783234586617, 5.944053198500581]",5.160000000000058,100.0,0.0,"[50.0, 91.32430510759391, 91.32430510759393]",22
815,2732533349,settled,Dk4i_0001,unmatched,,"[0.9574942959753904, 0.11604176436625958, -0.09067729522294143, 0.2480254225445619]","[0.8659638636855698, 0.5001065574537867, -1.4690851766308024e-05, 0.0001332916401223794]","[480.24418490488546, 5.428151107719521, 16.256380224065648]",5.290000000000101,100.0,0.0,"[50.0, 91.77528705658139, 91.7752870565814]",28
816,789762371,settled,Dk4i_0004,unmatched,,"[0.4310996061007461, 0.2904541347288934, -0.6141148610307922, -0.5938454872269402]","[0.6826623443667558, 0.18384567029644655, -0.6832191724287053, -0.1827141360781108]","[480.1888324702995, 9.701760682884762, 5.954854990168264]",5.350000000000121,100.0,0.0,"[50.0, 88.96637146391691, 88.96637146391693]",23
817,857415767,settled,Dk4i_0010,unmatched,,"[0.4929514726326843, -0.5214882517666204, 0.27904449074365084, -0.6381089413918899]","[0.182766692656373, -0.6834597720516732, 0.18239084021661486, -0.6827976694802078]","[480.5278598705997, 10.29851524205811, 5.95788607968437]",5.230000000000081,100.0,0.0,"[50.0, 88.44775113494424, 88.44775113494423]",28
818,1814279234,settled,Dk4i_0016,unmatched,,"[0.06752254297908439, 0.2422686337739487, 0.9010294106317556, -0.3534014946990646]","[-0.00020559064778077896, 0.00025122477945527244, 0.8660421650292619, -0.49997086216101094]","[479.95507076210345, 5.935243076910702, 13.757840893236002]",5.230000000000081,100.0,0.0,"[50.0, 89.87269270394225, 89.87269270394226]",32
819,790041088,settled,Dk4i_0022,unmatched,,"[0.7935730239832247, -0.23344936952655115, -0.5048092129096586, 0.24680134933850478]","[0.6120871159604476, -0.3533817812352305, -0.6126099095929722, 0.353807543496076]","[480.1149551913943, 5.9524478653743165, 10.290911050366072]",5.410000000000141,100.0,0.0,"[50.0, 89.4920700552657, 89.49207005526569]",28
820,315618556,settled,Dk4i_0009,unmatched,,"[0.012552934920398582, 0.8480138297868738, 0.36518308059114246, -0.3838701420598461]","[0.18295056230840756, 0.6829807252387489, -0.18249803193542538, -0.6831990113013094]","[480.1916489539144, 9.997140463658978, 5.430459162924681]",5.100000000000038,100.0,0.0,"[50.0, 89.87004749699238, 89.8700474969924]",36
821,3269845912,settled,Dk4i_0020,unmatched,,"[0.7777716428001235, 0.1283811862612407, -0.44555779470696755, 0.4243439574755573]","[0.49987193410304326, -0.5000006527473186, -0.49995549331204925, 0.5001718719154882]","[480.50425137087376, 10.301855193622412, 5.944933440209176]",5.290000000000101,100.0,0.0,"[50.0, 92.2553855165146, 92.25538551651461]",34
822,3522819498,settled,Dk4i_0012,unmatched,,"[0.13041023961018636, -0.7145137268385542, -0.15145017210366415, -0.6704671124923759]","[0.0006403899562598125, -0.7073325503918471, 0.00046455187717653335, -0.7068804971481548]","[480.286714722795, 5.957391767718565, 10.284929089137481]",5.460000000000158,100.0,0.0,"[50.0, 84.1239211524092, 84.12392115240921]",25
823,3738436170,settled,Dk4i_0022,unmatched,,"[0.2742912649506295, -0.2822096081700994, -0.8912861599283453, 0.22523547710883984]","[0.6120886335346033, -0.35324507948189904, -0.6124012095176615, 0.35430238088513377]","[479.8910101920804, 5.95720762951713, 10.291181029020379]",5.660000000000225,100.0,0.0,"[50.0, 89.64944167546096, 89.64944167546098]",35
824,410172629,settled,Dk4i_0006,unmatched,,"[0.3546157266565474, 0.013883879429048904, -0.6309730588490037, -0.6898752954748997]","[0.6131899957216279, 0.3535528912456412, -0.6120022081099213, -0.3527770960639854]","[480.3807432295738, 5.447495027081875, 9.998647313594484]",5.600000000000205,100.0,0.0,"[50.0, 88.88721337504467, 88.88721337504468]",40
825,3404775389,settled,Dk4i_0003,unmatched,,"[0.6021409344898768, -0.06674626191403271, 0.5214703782369879, -0.6008659385865817]","[0.6831166692736059, -0.18309597245358733, 0.6828450217048397, -0.18316702040685998]","[480.02364330302316, 10.000043190528665, 5.431215204476245]",5.190000000000068,100.0,0.0,"[50.0, 87.38177340381951, 87.38177340381951]",30
826,869269750,settled,Dk4i_0012,unmatched,,"[-0.15468769276196398, -0.9115211001983778, -0.20989464635174815, -0.31803339295425204]","[0.00030246184002213905, -0.7066476377041514, 0.0003829830032105186, -0.7075654584333503]","[480.6498395106709, 5.950329992795637, 10.285334213920484]",5.660000000000225,100.0,0.0,"[50.0, 92.40382506790809, 92.4038250679081]",32
827,2991429464,settled,Dk4i_0008,unmatched,,"[-0.5489088942851251, -0.4032734075502577, 0.03768896459558421, 0.7311970503805372]","[-0.612481097402358, -0.3532083020442555, -0.3535095846695502, 0.6124881829379072]","[480.32039209654704, 13.761125047286667, 5.430195487561978]",5.200000000000071,100.0,0.0,"[50.0, 90.50440106710609, 90.5044010671061]",24
828,2771908924,settled,Dk4i_0022,unmatched,,"[-0.7389579476458161, 0.3421219953129573, 0.5776396756246475, -0.05679874187353187]","[-0.6118759574973878, 0.35388293128212533, 0.6124313057618076, -0.3539810437109776]","[479.8800966313425, 5.9684477091943275, 10.2801076031348]",5.300000000000105,100.0,0.0,"[50.0, 89.25028230380019, 89.2502823038002]",29
829,255470810,settled,Dk4i_0008,unmatched,,"[-0.9154696723146558, -0.164181234465625, 0.007536104595736204, 0.36729144891892374]","[-0.612316198606216, -0.3536033124077974, -0.35383488903811977, 0.6122372429688089]","[480.3376449731849, 13.756360179284131, 5.429445094393309]",5.360000000000125,100.0,0.0,"[50.0, 92.2235939516182, 92.22359395161821]",20
830,2021639551,settled,Dk4i_0016,unmatched,,"[-0.34543261414584014, 0.05210044336923012, 0.3432315446139134, -0.8718680861615752]","[0.00015556401063471226, -5.3505456417135555e-05, 0.8660406257942405, -0.4999736067143197]","[479.9009618683082, 5.951071977830907, 13.742046940442801]",5.0900000000000345,100.0,0.0,"[50.0, 91.57689027384468, 91.5768902738447]",26
831,651020664,settled,Dk4i_0010,unmatched,,"[0.0756818332635065, -0.774085924955174, 0.18955994400860776, -0.5992747854929498]","[0.18305851884138363, -0.6829700299753024, 0.18275920576884652, -0.6831109642963387]","[480.5950253024329, 10.294156675681306, 5.950300710660971]",5.330000000000115,100.0,0.0,"[50.0, 85.00055581313488, 85.00055581313487]",35
832,2521713783,settled,Dk4i_0003,unmatched,,"[-0.5065582247263176, -0.04434755212228694, -0.8534016420621019, -0.11461979283086583]","[-0.6826987279303731, 0.18335755212583355, -0.6832597357969875, 0.1829168893221824]","[480.1410055052929, 10.006643057954932, 5.4355493778013955]",5.160000000000058,100.0,0.0,"[50.0, 88.78052717467078, 88.78052717467077]",30
833,1390613592,settled,Dk4i_0016,unmatched,,"[-0.31808432194865294, -0.360744281429727, 0.8330604728818863, -0.27330601176707336]","[0.00038328479947641325, -3.976909598191192e-06, 0.8659793348215458, -0.5000796383967057]","[480.20668355813245, 5.958090383989676, 13.73588370277739]",5.1200000000000445,100.0,0.0,"[50.0, 92.08784532048759, 92.0878453204876]",16
834,2201560545,settled,Dk4i_0001,unmatched,,"[-0.49268336303607696, -0.8575563518653537, -0.1364275913741798, 0.05698876621481443]","[-0.8660512192920891, -0.4999552733829145, 9.569506720472078e-05, 3.196490924595175e-05]","[480.65850984806696, 5.441621765019666, 16.25032634450192]",5.300000000000105,100.0,0.0,"[50.0, 91.56314665499484, 91.56314665499485]",37
835,1733610838,settled,Dk4i_0001,unmatched,,"[0.933328729096697, 0.24078483671468087, 0.094274575342167, 0.2490631451963197]","[0.8661638898439359, 0.4997600331985408, 0.00015831314090286597, 9.20679871113661e-06]","[479.92407608948565, 5.430903844889348, 16.25833380327866]",5.200000000000071,100.0,0.0,"[50.0, 90.23546792910005, 90.23546792910007]",29
836,4057973372,settled,Dk4i_0001,unmatched,,"[-0.9362565697560981, -0.3191572023110337, -0.1386331679133244, 0.048406203691826986]","[-0.8663220327711835, -0.49948584858053885, 8.855746754660167e-05, 0.00012149303945652169]","[479.97660412649736, 5.436007920172785, 16.259147488742542]",5.270000000000095,100.0,0.0,"[50.0, 91.0689028522547, 91.06890285225471]",29
837,1049088550,settled,Dk4i_0022,unmatched,,"[-0.2985014385404711, 0.8416771729573497, 0.24460506638696494, -0.3776834510666589]","[-0.6121642875147352, 0.3536082168515128, 0.6127098655756197, -0.35327430516947655]","[480.0989355812517, 5.945041520909891, 10.295951519192297]",5.390000000000135,100.0,0.0,"[50.0, 90.92241659936838, 90.92241659936836]",28
838,4151715388,settled,Dk4i_0016,unmatched,,"[-0.05848826288872228, 0.33353550026198525, -0.9360448600269542, 0.09567242646847915]","[2.1603093544902977e-05, 5.210163430302562e-06, -0.8659974213237827, 0.5000484634180168]","[480.19550754466127, 5.9583846716564235, 13.740329055809113]",5.290000000000101,100.0,0.0,"[50.0, 91.37862194370504, 91.37862194370506]",34
839,1058135528,settled,Dk4i_0007,unmatched,,"[-0.3686608373472068, 0.16863467661175469, 0.398686593963824, 0.8226180964724944]","[-0.6122206425060908, 0.3538271324082375, 0.35363955701246874, 0.6123163471419149]","[480.5990802964766, 13.740900103029453, 5.9429409160050835]",5.220000000000078,100.0,0.0,"[50.0, 90.4948271769292, 90.49482717692919]",21
840,3093900153,settled,Dk4i_0023,unmatched,,"[0.3030056044096427, 0.42204349005597586, 0.2242803135340926, 0.8244787669544726]","[0.6123504300991999, 0.3536356894243966, 0.6124700141626906, 0.3533401076501366]","[479.9969252777234, 5.428471773529748, 9.995755649406826]",5.470000000000161,100.0,0.0,"[50.0, 88.89721368924359, 88.8972136892436]",27
841,728316358,settled,Dk4i_0013,unmatched,,"[0.3840331144981177, 0.9003152367821304, -0.19825093141067207, 0.05145492767085645]","[4.084301498284331e-05, 0.9999999895995136, -8.817116608844655e-05, 0.0001065770439663303]","[480.64255012544294, 5.955721799347403, 16.250558878071153]",5.380000000000131,100.0,0.0,"[50.0, 91.28379839068472, 91.28379839068474]",29
842,4246793081,settled,Dk4i_0009,unmatched,,"[-0.5487920213062103, 0.4448274047159202, -0.09678850678790442, -0.7011332842749022]","[0.18248094561893435, 0.6832957426931789, -0.1826516432903025, -0.6829685276107154]","[480.02441063390205, 9.998782064665406, 5.442987367785397]",5.390000000000135,100.0,0.0,"[50.0, 92.49935257021045, 92.49935257021046]",39
843,1208846367,settled,Dk4i_0012,unmatched,,"[-0.4269867495516249, -0.6814935301266007, -0.04209566062964502, -0.5928548215702353]","[0.00024104903137936445, -0.7072790002009692, 0.0005739278025550519, -0.7069342461480836]","[479.9155497811029, 5.96071108020165, 10.284268571218478]",5.5900000000002015,100.0,0.0,"[50.0, 89.89445186752995, 89.89445186752997]",39
844,2094361518,settled,Dk4i_0004,unmatched,,"[0.454999045629448, 0.15518384815777372, -0.8447071013896332, 0.23529503736619822]","[0.6832521322506007, 0.18330356295331474, -0.6827396792430533, -0.1828465421349842]","[480.3356812038561, 9.714359068077307, 5.92848265222755]",5.280000000000098,100.0,0.0,"[50.0, 90.0962105871546, 90.09621058715462]",29
845,1813902428,settled,Dk4i_0005,unmatched,,"[-0.37122801695149316, 0.3149778818305276, -0.536490794779554, 0.6893158350891256]","[-0.6126712745411594, 0.35374966496719196, -0.6121006019856834, 0.353309972880012]","[480.2211168538921, 5.951522829606603, 9.703593285962823]",5.300000000000105,100.0,0.0,"[50.0, 89.61873558911988, 89.6187355891199]",31
846,256306198,settled,Dk4i_0010,unmatched,,"[0.6027470823016317, -0.5832330633428373, 0.031765834920367934, -0.5436231050391547]","[0.1831246303035178, -0.6832205875393148, 0.18311892702916224, -0.682746261141225]","[479.9174130662848, 10.29631187362117, 5.939586451768039]",5.250000000000088,100.0,0.0,"[50.0, 90.41765801967045, 90.41765801967047]",20
847,1252793217,settled,Dk4i_0023,unmatched,,"[-0.3428014306370549, -0.38046800862750096, -0.40789653833367195, -0.7558780904217424]","[-0.6125432054108124, -0.35367616536455787, -0.6121504249408973, -0.35351923399264745]","[480.0031758294124, 5.432372851404041, 9.996747284898778]",5.410000000000141,100.0,0.0,"[50.0, 87.21494934975753, 87.21494934975755]",29
848,3006607485,settled,Dk4i_0021,unmatched,,"[-0.44749560199152477, -0.48362124840305704, -0.7378950366888786, -0.14618169899556457]","[-0.5000832910470793, -0.5000490146424453, -0.5000088972533967, -0.49985876769151893]","[480.15278958963614, 9.708002576820622, 5.945763896536905]",5.190000000000068,100.0,0.0,"[50.0, 86.10051179677873, 86.10051179677872]",23
849,2867213443,settled,Dk4i_0004,unmatched,,"[0.5874113053436852, 0.05635745471717812, -0.8002026813813683, 0.10699282388224654]","[0.6826119019050584, 0.18343133906029765, -0.6832007528115858, -0.18338665869083182]","[480.1217297965142, 9.702305360223418, 5.958772524981788]",5.260000000000091,100.0,0.0,"[50.0, 87.29418137705825, 87.29418137705827]",28
850,2495832973,settled,Dk4i_0010,unmatched,,"[0.3262025162052073, -0.6578051041473078, 0.17771235512448658, -0.6552119368687124]","[0.18260529154111657, -0.6832141051924944, 0.1825385667760981, -0.6830471913466384]","[480.0452085518256, 10.29037345608815, 5.944833913294806]",5.310000000000108,100.0,0.0,"[50.0, 86.49279473887441, 86.49279473887442]",18
851,265160720,settled,Dk4i_0007,unmatched,,"[0.8435873026476047, -0.3709199350210046, -0.02365782574005351, -0.3875811810408313]","[0.6121065815110436, -0.35377002069114993, -0.35355076033635624, -0.6125146244757197]","[480.25369121264515, 13.752574378689072, 5.943832197283172]",5.240000000000085,100.0,0.0,"[50.0, 91.39869202470352, 91.39869202470354]",15
852,1758450250,settled,Dk4i_0001,unmatched,,"[0.9413323467127771, 0.30018672090032433, -0.15370639037251485, 0.01247762741785174]","[0.8661879826405454, 0.49971823648806013, -7.63255223967807e-05, 0.00023879861862974305]","[480.41930667911913, 5.435484180382349, 16.241189780964458]",5.240000000000085,100.0,0.0,"[50.0, 90.83808867295069, 90.83808867295068]",23
853,2129291007,settled,Dk4i_0014,unmatched,,"[-0.03753887711357162, 0.6384621255893187, 0.6921458417195642, 0.33450124167682416]","[0.00029457161998696225, 0.7070304297076166, 0.7071828792867374, 0.0005098418809201334]","[480.6569934060183, 13.752836108765697, 5.939634812870145]",5.1500000000000545,100.0,0.0,"[50.0, 89.46638253607361, 89.46638253607362]",28
854,3856770388,settled,Dk4i_0014,unmatched,,"[-0.25213650424446543, -0.701757853708884, -0.6657290505739787, -0.0277115356331983]","[0.00038841841216288674, -0.7070446678832119, -0.7071687789010773, -6.997581836314994e-05]","[480.74016575747254, 13.756929333737256, 5.943369983782891]",5.290000000000101,100.0,0.0,"[50.0, 89.07509163390132, 89.07509163390134]",24
855,1491966553,settled,Dk4i_0008,unmatched,,"[-0.6096693218837025, -0.4457254391332099, -0.5365245649855478, 0.37652827520711146]","[-0.612266958403071, -0.3536643340633339, -0.35343907399324426, 0.6124798212465362]","[479.90535739274463, 13.751570733731098, 5.429450327632778]",5.160000000000058,100.0,0.0,"[50.0, 89.18630413637106, 89.18630413637108]",19
856,1018470395,settled,Dk4i_0021,unmatched,,"[0.4554128693224524, 0.3307092876332764, 0.45886088160517285, 0.6875152193668916]","[0.5002169757937818, 0.4997639348662919, 0.5001752619139712, 0.499843669464738]","[480.36747219471243, 9.695525573267144, 5.940019580499036]",5.280000000000098,100.0,0.0,"[50.0, 87.9770531106377, 87.97705311063771]",29
857,752446852,settled,Dk4i_0006,unmatched,,"[-0.7753197505773834, -0.339162850235583, 0.5320819122821735, -0.02714192341829914]","[-0.6125257242471889, -0.35340182048016977, 0.6124772399513984, 0.35325772597110433]","[480.6123167826895, 5.444705247201607, 9.995842663152287]",5.300000000000105,100.0,0.0,"[50.0, 87.85611006850509, 87.8561100685051]",31
858,3085755170,settled,Dk4i_0006,unmatched,,"[0.2870725734139959, 0.25024436237980596, -0.6767794375637842, -0.6300291180425219]","[0.6123433974183409, 0.3541041789118628, -0.6121648327249427, -0.35341195748044857]","[479.88713304414256, 5.43709238594631, 10.012878926505843]",5.500000000000171,100.0,0.0,"[50.0, 90.46040095523415, 90.46040095523416]",35
859,285489008,settled,Dk4i_0017,unmatched,,"[0.3494928370664176, -0.07694225131568626, 0.0618235084376707, -0.931725550044753]","[-7.310653370451448e-06, -0.00010688707066654299, -0.00015306377457740996, -0.9999999825465946]","[480.1227296102665, 5.9461632923213035, 13.74303650726576]",5.1800000000000646,100.0,0.0,"[50.0, 90.48354678418625, 90.48354678418623]",24
860,3332121111,settled,Dk4i_0016,unmatched,,"[0.3402458092039916, 0.33697252244392834, -0.8027813352863759, 0.3552807849472308]","[1.256514814446108e-05, 2.4736886383880385e-05, -0.8660821016883196, 0.49990178271871244]","[480.27051871257265, 5.9618878403974955, 13.749816740591397]",5.0300000000000145,100.0,0.0,"[50.0, 91.45502662801016, 91.45502662801015]",41
861,4081109628,settled,Dk4i_0015,unmatched,,"[-0.12945047511210567, 0.16348273552005468, 0.7041245185904645, 0.6787669938939845]","[-9.711143064741747e-05, 0.00013914783850965676, 0.8659905893964172, 0.5000602666520259]","[480.2034938145225, 5.435366927277023, 13.750439169072635]",5.290000000000101,100.0,0.0,"[50.0, 89.74797677585515, 89.74797677585516]",28
862,3384837160,settled,Dk4i_0017,unmatched,,"[0.2687275791925676, -0.16483984670014942, -0.14897767382090257, -0.9372400790747728]","[-9.924220349966095e-05, -6.607642732738013e-05, -0.00032548731175585215, -0.9999999399214485]","[480.2125762031048, 5.958030744032635, 13.752865662373136]",5.1500000000000545,100.0,0.0,"[50.0, 89.0120425973653, 89.01204259736528]",22
863,3022828123,settled,Dk4i_0009,unmatched,,"[0.3539696974690416, 0.8967636949489357, -0.13840987716161407, -0.22663414261605436]","[0.1826966124910836, 0.6831115117810664, -0.1823932970247689, -0.6831641789913339]","[480.41505340406314, 9.995186805896562, 5.438433677616838]",5.130000000000048,100.0,0.0,"[50.0, 91.22936089072346, 91.22936089072346]",27
864,2197473996,settled,Dk4i_0006,unmatched,,"[-0.29618725117093264, 0.23096601621633117, 0.8837445268345094, 0.27914767218627]","[-0.6122254511137695, -0.35331753693264256, 0.6128517475781098, 0.35321303854026853]","[480.35987125048985, 5.442148094271108, 9.988465092973666]",5.690000000000235,100.0,0.0,"[50.0, 90.74024932705738, 90.7402493270574]",42
865,2371567213,settled,Dk4i_0024,unmatched,,"[-0.8719734789042677, -0.21012196795995688, 0.2727863314750347, -0.3479922815647152]","[-0.7072026456944006, -0.0003481577682523781, 0.0003518588654818537, -0.70701073040255]","[479.9064470567445, 16.245438731627434, 5.942324067021068]",5.210000000000075,100.0,0.0,"[50.0, 92.00163571583734, 92.00163571583735]",27
866,292549026,settled,Dk4i_0008,unmatched,,"[-0.41240616483951276, -0.35153133331546, -0.1763722075237171, 0.8217297130523091]","[-0.6123655050058773, -0.3533052611880096, -0.3538686130046135, 0.6123404979469842]","[480.1701535564155, 13.752415493086277, 5.429740118147291]",5.170000000000061,100.0,0.0,"[50.0, 87.2860185611471, 87.28601856114712]",22
867,94154559,settled,Dk4i_0023,unmatched,,"[-0.23853106088105577, -0.31041063527998763, -0.7544951487540574, -0.5267686788397972]","[-0.6122560605513261, -0.3533511798573858, -0.612282703068887, -0.3541120607014415]","[480.0485395366569, 5.445733377392476, 9.996069491652289]",5.370000000000128,100.0,0.0,"[50.0, 86.84173335404193, 86.84173335404195]",31
868,2674077932,settled,Dk4i_0017,unmatched,,"[0.24002683723339482, 0.1464301042618074, 0.022173247800655688, 0.9594027772815652]","[-0.00034570036384684594, -0.0001554879215078674, -8.641062665978624e-05, 0.9999999244239813]","[480.42507630141375, 5.963951156832144, 13.750540331899192]",5.280000000000098,100.0,0.0,"[50.0, 89.84373087014221, 89.84373087014222]",29
869,616383569,settled,Dk4i_0001,unmatched,,"[-0.8750405999561124, -0.41172617187828964, 0.07875326495354029, -0.2420401435259313]","[-0.86605280062485, -0.499952296498148, -0.0001912248942710359, 0.0004595531757164427]","[479.8910806500421, 5.431876918467868, 16.260281314747363]",5.290000000000101,100.0,0.0,"[50.0, 92.46109268188326, 92.46109268188324]",29
870,1209062005,settled,Dk4i_0024,unmatched,,"[0.701149044596514, -0.4604335593045607, 0.20497041658198253, 0.5043590814625407]","[0.7071949673022695, -3.5312985308132607e-05, -5.061755768917614e-06, 0.707018583171414]","[480.5099058498846, 16.257211138510275, 5.941735987053281]",5.1200000000000445,100.0,0.0,"[50.0, 91.39258396205085, 91.39258396205086]",13
871,3023774950,settled,Dk4i_0006,unmatched,,"[0.35215076468575207, 0.07578336168804366, -0.4051888740909775, -0.8402789401950909]","[0.6124844287049269, 0.35341442209919055, -0.6126811947622773, -0.352962922175918]","[479.8687690664522, 5.437534285784212, 9.987756622212713]",5.760000000000258,100.0,0.0,"[50.0, 90.36831134945199, 90.368311349452]",31
872,711993328,settled,Dk4i_0018,unmatched,,"[0.14145945968594764, -0.730383443588849, 0.6302754560840633, 0.22199571179344949]","[0.3534882237889836, -0.6122152808351313, 0.6123967602249352, 0.3538484613792663]","[480.49877327709163, 16.254855241940295, 5.430180570797521]",5.140000000000051,100.0,0.0,"[50.0, 90.38926812815934, 90.38926812815933]",18
873,2494180298,settled,Dk4i_0010,unmatched,,"[0.5054583382569515, -0.6799397746818389, 0.34407924974820103, -0.4047261308401603]","[0.18273680008128834, -0.6826952646045643, 0.18250456473688692, -0.6835396999683009]","[479.88061436720346, 10.289175027376904, 5.933945369483979]",5.510000000000175,100.0,0.0,"[50.0, 89.82811698405493, 89.82811698405494]",47
874,2540672877,settled,Dk4i_0003,unmatched,,"[0.776589373390443, -0.15424382296249706, 0.6104496590694767, -0.02165645300857539]","[0.6825949733702653, -0.1830300128300571, 0.6835362944685587, -0.18259860590176427]","[480.45059797886563, 10.005626912975666, 5.427484976470484]",5.230000000000081,100.0,0.0,"[50.0, 86.12764302021093, 86.12764302021094]",23
875,3729267110,settled,Dk4i_0006,unmatched,,"[-0.3886037083533229, -0.7035834699448852, 0.5934766828956262, 0.041747880587701035]","[-0.6127001155917424, -0.3537207580814806, 0.612129091778732, 0.35323953438746497]","[480.38875888307916, 5.433523339282707, 9.98702956536981]",5.410000000000141,100.0,0.0,"[50.0, 91.50557739420798, 91.50557739420799]",25
876,2245489004,settled,Dk4i_0020,unmatched,,"[-0.7698115704787045, -0.1622092770394392, 0.35841225589542, -0.5026121280106651]","[-0.5004622518774843, 0.499789682637249, 0.5004450131471349, -0.4993021093398661]","[480.5994717171926, 10.29010569238877, 5.944916905221493]",5.280000000000098,100.0,0.0,"[50.0, 92.2400969879337, 92.24009698793371]",21
877,732591320,settled,Dk4i_0007,unmatched,,"[0.5805538513683136, -0.32809511427750826, -0.26803236022996346, -0.6953196930320625]","[0.6123012108468021, -0.3536151434528322, -0.3539188941097188, -0.6121968424522677]","[479.96143052618976, 13.756316516572737, 5.944479273960139]",5.110000000000041,100.0,0.0,"[50.0, 87.39496339635267, 87.39496339635268]",20
878,20080919,settled,Dk4i_0023,unmatched,,"[0.34744503420333317, 0.4507829125682593, 0.8124848224943764, -0.12627401617198783]","[0.6122062311262355, 0.3546933496303269, 0.6116535798210134, 0.3539435782584116]","[480.1016546421431, 5.459063774810366, 9.988079280315729]",5.450000000000155,100.0,0.0,"[50.0, 90.34493676850376, 90.34493676850374]",28
879,1914700835,settled,Dk4i_0020,unmatched,,"[0.8827138027193332, -0.15349909388919725, -0.3389577734260767, 0.2869878020021166]","[0.4995888518068752, -0.4995660236829935, -0.5004392813385684, 0.500405128695928]","[480.4916118137332, 10.291699664147881, 5.940903087548891]",5.230000000000081,100.0,0.0,"[50.0, 91.43575823764445, 91.43575823764442]",27
880,910532442,settled,Dk4i_0002,unmatched,,"[-0.7578845855451424, 0.5991817817734482, 0.25731973936574776, 0.019460193128720063]","[-0.8661203859854549, 0.4998353526051873, -0.00017180716574535795, 0.0002602859055607643]","[480.2640517787197, 5.957608350003516, 16.25009110666184]",5.450000000000155,100.0,0.0,"[50.0, 92.71235636604693, 92.71235636604695]",27
881,305688743,settled,Dk4i_0013,unmatched,,"[0.5088588775201294, -0.8379428703504597, 0.13612036932205998, 0.142778268141243]","[9.783997661248736e-05, -0.9999999711350793, 4.86223828334853e-05, -0.00021399309232213683]","[480.19139638481516, 5.952194971411695, 16.253066620091474]",5.210000000000075,100.0,0.0,"[50.0, 90.87277021794172, 90.87277021794173]",21
882,3833901011,settled,Dk4i_0007,unmatched,,"[0.6658115689949964, -0.5720634512106734, -0.07775283095098386, -0.4726445383800201]","[0.6126445159352344, -0.3535096862466162, -0.35316176121528914, -0.612351507909972]","[480.7244845183053, 13.754578687515142, 5.943465187786203]",5.280000000000098,100.0,0.0,"[50.0, 90.27421007064216, 90.27421007064217]",14
883,940842501,settled,Dk4i_0012,unmatched,,"[-0.15476270569017284, 0.261752323020326, -0.1287733230575111, 0.9439023559614871]","[-0.0004142803622322333, 0.7071871035700746, -0.0005150010863281818, 0.707026140740094]","[480.0930137282263, 5.954093604113118, 10.28801442514351]",5.370000000000128,100.0,0.0,"[50.0, 88.1404708767137, 88.14047087671372]",26
884,2720272236,settled,Dk4i_0002,unmatched,,"[-0.9339430194929941, 0.33644656385373783, -0.05642516677177487, -0.10663182717228038]","[-0.866134336388153, 0.4998112626385714, 0.00010325894735011, 4.9057933871554667e-05]","[480.16118928841166, 5.949143234890542, 16.250695541622573]",5.200000000000071,100.0,0.0,"[50.0, 91.16781968935805, 91.16781968935807]",18
885,2174765832,settled,Dk4i_0003,unmatched,,"[0.7584658715267024, -0.4700288327205854, 0.10017222663587377, -0.44019080311993675]","[0.6828796546162874, -0.18353763432840223, 0.6829732978052007, -0.18313052334704516]","[480.49697961411914, 9.994166442507703, 5.431161902774416]",5.400000000000138,100.0,0.0,"[50.0, 91.08391333340774, 91.08391333340772]",33
886,1061608303,settled,Dk4i_0022,unmatched,,"[-0.4689307766989574, 0.36625135030648165, 0.7222223966399722, -0.35264526773346316]","[-0.6118579547044497, 0.35407324283513864, 0.6121708210229349, -0.3542723074997574]","[480.45298812509145, 5.963959410621019, 10.283913980520087]",5.450000000000155,100.0,0.0,"[50.0, 86.14864812343178, 86.1486481234318]",32
887,3154141855,settled,Dk4i_0006,unmatched,,"[0.27090988559165213, 0.4422585803127909, -0.7396988208773515, -0.4287899677243961]","[0.6122179577602336, 0.353738583713413, -0.6123208547966985, -0.35372497419514815]","[480.0656939916984, 5.432256959227749, 10.002695861895061]",5.570000000000195,100.0,0.0,"[50.0, 89.15489221172129, 89.1548922117213]",37
888,2921790412,settled,Dk4i_0009,unmatched,,"[0.3416504075113855, 0.18124356735981575, -0.5118659550465788, -0.7670847491654661]","[0.18330557599481126, 0.6828698045832556, -0.1826746205164204, -0.6831675334914699]","[480.5708629230557, 10.018104956583674, 5.43526413888107]",5.470000000000161,100.0,0.0,"[50.0, 90.44026644543356, 90.44026644543358]",28
889,2154312058,settled,Dk4i_0007,unmatched,,"[0.7256893593025631, -0.20402254438647918, -0.37672815407176513, -0.5383545793496913]","[0.6124990901430809, -0.3535157743199742, -0.3534413898802285, -0.6123321368345611]","[479.985541949533, 13.753256636352557, 5.946495658094556]",5.1800000000000646,100.0,0.0,"[50.0, 89.3678660850801, 89.36786608508011]",24
890,3592569166,settled,Dk4i_0014,unmatched,,"[0.10273452874389172, -0.7756451790115862, -0.5748782509724327, -0.2394476340219959]","[-0.00032054170583111776, -0.7069617930638319, -0.7072515261054237, 0.0004463435177268524]","[480.0293535549257, 13.752513202004826, 5.946068509529853]",5.160000000000058,100.0,0.0,"[50.0, 88.66161076161796, 88.66161076161798]",24
891,1454938154,settled,Dk4i_0012,unmatched,,"[-0.16718081934912513, 0.4446266140871033, -0.15011444180695008, 0.8670775063673264]","[-3.585384511550771e-05, 0.7069780636052945, 6.322037802727887e-05, 0.7072354716065887]","[480.3532363487909, 5.94524554288843, 10.289740930306863]",5.350000000000121,100.0,0.0,"[50.0, 85.28387571541528, 85.28387571541526]",29
892,1296548187,settled,Dk4i_0007,unmatched,,"[0.31314276895349097, -0.5781882807260639, -0.5626663257674945, -0.5010454312040842]","[0.612340365563129, -0.35357031607382755, -0.35377124703737545, -0.6122689058437376]","[480.4811249071418, 13.745139112209982, 5.942142124332694]",5.350000000000121,100.0,0.0,"[50.0, 88.9414368983609, 88.9414368983609]",16
893,4254865545,settled,Dk4i_0004,unmatched,,"[-0.5867148895206743, -0.6821284832765666, 0.3941724191729146, 0.18733519338588187]","[-0.6825135464313639, -0.1837033340519315, 0.6831434291801934, 0.18369376462964954]","[480.6695369120142, 9.696685736311698, 5.95197709015594]",5.210000000000075,100.0,0.0,"[50.0, 91.45192443377901, 91.45192443377903]",22
894,1038362872,settled,Dk4i_0008,unmatched,,"[0.4220587536149921, 0.2365411686124719, 0.34472372914068605, -0.8044129751662044]","[0.6123668637174269, 0.35346081966317044, 0.35334655397264614, -0.6125508027744131]","[480.48621656715306, 13.75750111023552, 5.430833204441592]",5.190000000000068,100.0,0.0,"[50.0, 90.35513729184431, 90.35513729184433]",25
895,2137408216,settled,Dk4i_0009,unmatched,,"[-0.15315413144856377, 0.9076297849365145, -0.3780756789344609, -0.09904931354925715]","[0.18300707327307447, 0.6829794789374312, -0.1829033672951025, -0.6830767165659297]","[479.97351812181785, 9.997416704714725, 5.4351813927670305]",5.1500000000000545,100.0,0.0,"[50.0, 91.37330737402029, 91.37330737402027]",23
896,2161823873,settled,Dk4i_0007,unmatched,,"[-0.5223970600271564, 0.3040328086274699, 0.5806908141981769, 0.5454021830346245]","[-0.6122067673130518, 0.3536338881893506, 0.3535160335012745, 0.6125131518895823]","[479.8859883742865, 13.757870075394207, 5.947085290359055]",5.200000000000071,100.0,0.0,"[50.0, 87.81003389621242, 87.81003389621243]",18
897,611351195,settled,Dk4i_0011,unmatched,,"[-0.04573037853383769, 0.8616864055672583, 0.18915695116025852, -0.46864156747719876]","[1.5016995363381636e-05, 0.7067894017679272, -1.9038522078851372e-06, -0.7074240180538126]","[480.1813086360983, 5.951514857915775, 9.700153627584774]",5.270000000000095,100.0,0.0,"[50.0, 90.52369931690588, 90.52369931690586]",39
898,2763017489,settled,Dk4i_0009,unmatched,,"[-0.42473500215462706, 0.8115024029006092, -0.06368051566992698, -0.39624338474636855]","[0.182786840200687, 0.6829854430976166, -0.1828295750679313, -0.6831494726973597]","[480.19823368062737, 9.988614509545798, 5.44268846840067]",5.0900000000000345,100.0,0.0,"[50.0, 91.8803551224295, 91.88035512242952]",23
899,2132063619,settled,Dk4i_0004,unmatched,,"[0.5955343919741106, 0.7230138530547521, -0.2696667085859822, 0.2233150746083904]","[0.6834088521729441, 0.18302731501699548, -0.6824874154059372, -0.18347825631897746]","[480.41934540145917, 9.703956478647815, 5.940812190254568]",5.140000000000051,100.0,0.0,"[50.0, 91.4229137638419, 91.42291376384192]",33
900,1360639973,settled,Dk4i_0015,unmatched,,"[-0.1489656769715508, -0.1288165080424097, 0.7582996753381918, 0.621447613819669]","[-0.0004183444102326961, -0.0001816484190852452, 0.8661725912714371, 0.49974476897905606]","[480.1016391740102, 5.4339129541055256, 13.742051559178739]",5.190000000000068,100.0,0.0,"[50.0, 89.7397239984332, 89.73972399843322]",20
901,1669509337,settled,Dk4i_0017,unmatched,,"[-0.015275918508966315, 0.1874018656583203, -0.11433169238248563, 0.9754872890911727]","[-0.00032527533925919005, -2.47075536268642e-05, 0.00016480172409255283, 0.9999999332129389]","[480.2389811908954, 5.945978665801415, 13.749263946789691]",5.250000000000088,100.0,0.0,"[50.0, 88.78222102085353, 88.78222102085354]",21
902,582273668,settled,Dk4i_0006,unmatched,,"[-0.006376614660577938, 0.509344379935385, -0.8209002523185972, -0.258167420789247]","[0.6127888291273672, 0.35312162987304724, -0.6125786363071174, -0.3529056244275877]","[480.5630972879425, 5.463346096729506, 9.980188672495434]",5.550000000000188,100.0,0.0,"[50.0, 90.18921712457615, 90.18921712457616]",33
903,680248275,settled,Dk4i_0012,unmatched,,"[0.06401976516295559, -0.8705445669058692, -0.015573167883228054, -0.4876587978712505]","[3.909026747733746e-05, -0.7064445102329336, 0.00010383034261379764, -0.7077684237467518]","[480.63276557940634, 5.945017245832641, 10.288850355203804]",5.510000000000175,100.0,0.0,"[50.0, 89.77760284305505, 89.77760284305506]",34
904,2896868767,settled,Dk4i_0012,unmatched,,"[-0.08519660861891312, 0.3927029312463917, 0.12431391456233111, 0.9072331543305265]","[-0.00030354059648446396, 0.7071946296534996, -0.00022842910844739217, 0.707018819744212]","[479.8804984395191, 5.951386273417672, 10.294626979738673]",5.410000000000141,100.0,0.0,"[50.0, 89.23389231933146, 89.23389231933147]",31
905,3134066944,settled,Dk4i_0006,unmatched,,"[0.37534820722239215, 0.6025807220421286, -0.4933938528436443, -0.5025661177737984]","[0.6124616382867775, 0.3529621591360546, -0.612468429942975, -0.35382323011396294]","[480.5172467990536, 5.436215140974506, 9.990312803817135]",5.410000000000141,100.0,0.0,"[50.0, 86.82080223133975, 86.82080223133974]",37
906,405083464,settled,Dk4i_0015,unmatched,,"[0.25971912770264904, -0.31468704929943936, -0.8472140700697216, -0.34021516013323705]","[7.697539822276722e-05, 0.00014742961633035234, -0.8661089142374485, -0.49985530007965734]","[480.642691369172, 5.444432281935962, 13.744963658222105]",5.260000000000091,100.0,0.0,"[50.0, 90.7349761699052, 90.73497616990521]",27
907,897742626,settled,Dk4i_0001,unmatched,,"[0.626555782251434, 0.7589459830048849, -0.1386752386173409, -0.11044466851082534]","[0.8659811712300687, 0.5000765687346651, -0.0001697217133142248, -8.759053860124544e-05]","[480.6832041901716, 5.4368046293668355, 16.25183483267459]",5.380000000000131,100.0,0.0,"[50.0, 91.91287358119499, 91.912873581195]",30
908,480836371,settled,Dk4i_0023,unmatched,,"[-0.39743928281978835, -0.8706917564322766, -0.2664878160766326, -0.113675527864515]","[-0.6123057112278735, -0.3539424033390085, -0.612117692076612, -0.35372082517592396]","[480.1456393972535, 5.449456824950417, 9.987624365180478]",5.540000000000185,100.0,0.0,"[50.0, 89.66528136842656, 89.66528136842658]",28
909,4082109974,settled,Dk4i_0008,unmatched,,"[-0.35956502737734314, -0.6791764426160904, -0.41884548866301663, 0.48373629955702296]","[-0.6124073450041339, -0.3533762773941708, -0.3536974530816333, 0.6123565644651747]","[480.43397139474143, 13.745085765534643, 5.431863856954711]",5.130000000000048,100.0,0.0,"[50.0, 88.44309824281919, 88.44309824281918]",17
910,163555050,settled,Dk4i_0015,unmatched,,"[-0.08549674306774306, -0.25654355067407436, -0.9235012688874048, -0.2720682265456595]","[-9.511412331178472e-05, 4.934233517089882e-05, -0.8660025335812124, -0.5000395987814952]","[480.42396920473726, 5.446662153815541, 13.750236202022796]",5.300000000000105,100.0,0.0,"[50.0, 87.71818093030717, 87.71818093030716]",29
911,3400140363,settled,Dk4i_0009,unmatched,,"[0.298407216867827, 0.6810207916951393, -0.18813418040157473, -0.6416925621859357]","[0.18300375677573394, 0.6830766997834388, -0.182317423754168, -0.6831370317985822]","[480.2427561003607, 9.999284107988915, 5.429771157008052]",5.200000000000071,100.0,0.0,"[50.0, 85.20493249577272, 85.20493249577271]",26
912,3646276102,settled,Dk4i_0016,unmatched,,"[0.1578073356304914, -0.029444688123654007, -0.8111580053567837, 0.5623633571883132]","[0.00015172954583198006, 0.00010224980376788428, -0.8659036084381294, 0.5002108629537639]","[480.46904060239666, 5.942762914228079, 13.744355226742357]",5.1200000000000445,100.0,0.0,"[50.0, 89.38311310736606, 89.38311310736607]",21
913,3701323139,settled,Dk4i_0013,unmatched,,"[0.43512701954760485, -0.8749978402768437, 0.017281183183099957, 0.21152923457118053]","[0.00032587275605481007, -0.9999998663417211, -0.0003994911563732218, -3.91190865597551e-05]","[480.547584004631, 5.948650298012686, 16.24911366295855]",5.300000000000105,100.0,0.0,"[50.0, 92.15211288981921, 92.15211288981922]",25
914,1849545706,settled,Dk4i_0017,unmatched,,"[-0.1443496569257474, -0.07006434235886033, -0.13212818355624098, -0.9781596534233906]","[0.0001331384751522835, 0.00015381276621789593, 0.00038180311326367926, -0.9999999064210767]","[480.5357292480717, 5.950830880242626, 13.74721988705981]",5.1500000000000545,100.0,0.0,"[50.0, 88.5570754085595, 88.55707540855948]",28
915,3498837148,settled,Dk4i_0004,unmatched,,"[-0.5578877223062083, -0.13152919957495132, 0.7954835629912004, 0.19663992465923258]","[-0.6829783544298271, -0.1835776032934025, 0.6828188281269465, 0.18329833306584994]","[479.89470413278815, 9.69029809411048, 5.957438135239751]",5.230000000000081,100.0,0.0,"[50.0, 83.48247057156306, 83.48247057156304]",39
916,1014845009,settled,Dk4i_0021,unmatched,,"[-0.745802360550032, -0.5147483048332637, -0.3726324374151737, -0.19989519317709512]","[-0.4999000840183568, -0.500179473857095, -0.49998585395922, -0.499934541486332]","[480.66073498412675, 9.705723491041878, 5.940096016525837]",5.310000000000108,100.0,0.0,"[50.0, 90.60059406650156, 90.60059406650157]",31
917,2482104573,settled,Dk4i_0010,unmatched,,"[0.3913632031713356, -0.4132908864732887, 0.05822251723444586, -0.8201436611036385]","[0.18304385252865985, -0.6832985492493132, 0.1826140902150424, -0.6828251128218575]","[479.9183442139099, 10.294886676203193, 5.949624886683471]",5.190000000000068,100.0,0.0,"[50.0, 89.27087432856939, 89.27087432856938]",35
918,3315867884,settled,Dk4i_0009,unmatched,,"[-0.1839291797226305, -0.6204871287494828, -0.28946619847613464, 0.7052482540514071]","[-0.18268497774799664, -0.6830661473230414, 0.1826260044255471, 0.6831504810757519]","[480.3562592081393, 9.996020014773546, 5.438213617212507]",5.440000000000151,100.0,0.0,"[50.0, 87.61486438220965, 87.61486438220963]",22
919,3442982133,settled,Dk4i_0020,unmatched,,"[0.23981023435833115, -0.548473364990924, -0.29699985204060114, 0.7439483229905124]","[0.5001786745185044, -0.49989106303026487, -0.500105406381021, 0.4998247704624671]","[480.1766421131214, 10.295862720273668, 5.937707584791347]",5.390000000000135,100.0,0.0,"[50.0, 87.2003594570501, 87.20035945705011]",21
920,1199431505,settled,Dk4i_0006,unmatched,,"[-0.8158875984840971, -0.2102551437771241, 0.5335186587691745, 0.07401379533745744]","[-0.6120965394812686, -0.3534449027057221, 0.6126829066865189, 0.35360172929520106]","[480.4516132746245, 5.439879990281534, 9.996388513269235]",5.300000000000105,100.0,0.0,"[50.0, 86.12428065821092, 86.12428065821094]",42
921,632241106,settled,Dk4i_0005,unmatched,,"[0.3439409857046222, -0.642522102943294, 0.42830294546408776, -0.5342532475227891]","[0.6126359581882542, -0.35301397819436664, 0.6127569858230333, -0.3529691066640509]","[480.0370291378285, 5.967789602942798, 9.69456098885035]",5.330000000000115,100.0,0.0,"[50.0, 87.30232120667677, 87.30232120667678]",35
922,2435629658,settled,Dk4i_0013,unmatched,,"[0.06889857665360942, -0.9502832120531101, 0.29954207769895674, 0.04989335339424206]","[-6.160693750462083e-05, -0.9999999927226051, -3.1218828798695863e-05, -9.891794493724957e-05]","[479.94686358395785, 5.94802422839608, 16.260972719834427]",5.190000000000068,100.0,0.0,"[50.0, 92.32411918412122, 92.32411918412123]",34
923,532196825,settled,Dk4i_0008,unmatched,,"[-0.6950144125489437, -0.5621898949957045, 0.04051416346358294, 0.446381104968402]","[-0.6126508466859297, -0.3535747758400305, -0.35393546968474643, 0.6118606877743686]","[479.8865772151677, 13.740379246740764, 5.4335868258616005]",5.230000000000081,100.0,0.0,"[50.0, 89.87851784200839, 89.87851784200838]",25
924,1237745114,settled,Dk4i_0007,unmatched,,"[0.5054962235886736, -0.15892594248449782, 0.059291712564358896, -0.8459909015847566]","[0.612485737977909, -0.35352080687580073, -0.3536151119899274, -0.6122422824763823]","[480.18568652281704, 13.755295515374508, 5.943375902329824]",5.170000000000061,100.0,0.0,"[50.0, 89.76108667528653, 89.76108667528655]",12
925,3654135522,settled,Dk4i_0014,unmatched,,"[-0.17188747446428582, -0.802046862922551, -0.5512943459664053, 0.15247973604337633]","[-0.00013668010490493546, -0.7069768472577386, -0.7072366759043881, -5.491601536498078e-05]","[480.6310971663673, 13.755408493849087, 5.942752309217317]",5.190000000000068,100.0,0.0,"[50.0, 88.61220881488045, 88.61220881488046]",20
926,2381318096,settled,Dk4i_0006,unmatched,,"[-0.5170317207267107, -0.3574316863165864, 0.7774632856296821, -0.021717018146083986]","[-0.6119448251401928, -0.35323955839168325, 0.6128974034260334, 0.35369777811715736]","[480.1104773248856, 5.4382477309557125, 9.997024084221616]",5.450000000000155,100.0,0.0,"[50.0, 90.46815695222409, 90.46815695222409]",33
927,4252327569,settled,Dk4i_0005,unmatched,,"[-0.5938434617044568, 0.29873492790902884, -0.7069009853476849, -0.24165757333989488]","[-0.6129153985639295, 0.3532946381130749, -0.6123483303086616, 0.35291236199935705]","[480.20904730004185, 5.96012858524229, 9.694609191373042]",5.520000000000178,100.0,0.0,"[50.0, 92.26088835446564, 92.26088835446565]",25
928,448373238,settled,Dk4i_0018,unmatched,,"[0.7884541013488514, -0.40302143424833886, 0.28563962431868045, 0.36650219456596705]","[0.3533277654667048, -0.6123545874620587, 0.612446205211565, 0.35368205366745825]","[480.581266776017, 16.254511641662212, 5.431623895706249]",5.310000000000108,100.0,0.0,"[50.0, 91.24985104342092, 91.24985104342093]",17
929,4163985961,settled,Dk4i_0023,unmatched,,"[-0.20818845328680213, -0.43720394741641244, -0.3935430195887992, -0.7814308465977562]","[-0.6125019594632637, -0.3535922344504216, -0.6121874489408323, -0.35361053257692526]","[480.56803832380024, 5.440326524007653, 10.000420158357104]",5.380000000000131,100.0,0.0,"[50.0, 89.3380933075631, 89.33809330756308]",43
930,1782478245,settled,Dk4i_0002,unmatched,,"[0.982926824091041, -0.15458372000973902, -0.09896879710297664, 0.012802702458472474]","[0.8661351794243398, -0.4998096580097785, 0.00029357046460917746, -0.00026559385784002965]","[479.99340826437407, 5.964352145301212, 16.253371514790135]",5.280000000000098,100.0,0.0,"[50.0, 90.93368269519021, 90.9336826951902]",31
931,1354485428,settled,Dk4i_0010,unmatched,,"[0.6252493974171248, -0.5377268504911364, 0.15699341782723672, -0.543383926933184]","[0.18276736523414408, -0.6830218585965414, 0.182812680979862, -0.6831227961045149]","[480.41281749525854, 10.294246431800667, 5.947638269214671]",5.380000000000131,100.0,0.0,"[50.0, 89.41405935657144, 89.41405935657146]",28
932,1539041800,settled,Dk4i_0018,unmatched,,"[0.5189080859766876, -0.3427938742346433, 0.5790952658656788, 0.5271389106745705]","[0.3532748528889064, -0.612614578525281, 0.6122695527229469, 0.35359051359313415]","[480.30849672921, 16.263003451362376, 5.434223001655567]",5.260000000000091,100.0,0.0,"[50.0, 90.3599068524828, 90.35990685248281]",13
933,4907026,settled,Dk4i_0007,unmatched,,"[0.8033477739737046, -0.29541706437491144, -0.23093159359111526, -0.4626356138572464]","[0.6123825673428253, -0.35343424407227503, -0.35349702491325663, -0.6124636150083905]","[480.11994717113834, 13.744421902997694, 5.94385276970902]",5.1500000000000545,100.0,0.0,"[50.0, 89.4028351868847, 89.40283518688469]",20
934,3726456469,settled,Dk4i_0007,unmatched,,"[0.5807768950428274, -0.04906896716112144, -0.23937648823391416, -0.776523876984444]","[0.612376908798999, -0.3536825298979674, -0.3535838432590763, -0.6122758001104541]","[480.5157693665246, 13.751545175363255, 5.93680306620473]",5.130000000000048,100.0,0.0,"[50.0, 89.74077821653798, 89.74077821653799]",20
935,2047942954,settled,Dk4i_0016,unmatched,,"[-0.28294765020971263, -0.1436882472102388, 0.5005332941519883, -0.8054568494337921]","[-0.00012459528667282949, -0.0002728170467392599, 0.8661269667928275, -0.4998239564497985]","[480.47318870195113, 5.9467267319424435, 13.744443898150246]",5.130000000000048,100.0,0.0,"[50.0, 91.93502106873039, 91.93502106873038]",28
936,4254301963,settled,Dk4i_0017,unmatched,,"[0.3038722453484271, -0.025687035362984778, 0.16983128235100062, -0.9371014727638521]","[-0.000126583359832011, -0.00018047072884000705, 0.00018559599538369795, -0.9999999584805469]","[480.2072310855886, 5.952430248101723, 13.736872301970674]",5.200000000000071,100.0,0.0,"[50.0, 90.46287076163203, 90.46287076163205]",21
937,1459226125,settled,Dk4i_0004,unmatched,,"[0.4604083854515282, 0.5448114214671944, -0.6943530242693504, -0.09528122235162023]","[0.6834779090523155, 0.1835164192430184, -0.6822859413924388, -0.18348178624574474]","[480.4608851395112, 9.70930782195255, 5.952185312886023]",5.270000000000095,100.0,0.0,"[50.0, 87.81023904470091, 87.8102390447009]",27
938,1841421639,settled,Dk4i_0006,unmatched,,"[0.7090456664466742, 0.46634607542200573, -0.4944423411910551, -0.18788920157686734]","[0.6129464746471864, 0.3536323542977589, -0.612051726906779, -0.3530346453279619]","[479.98673465639075, 5.429330325219835, 10.003911087830408]",5.450000000000155,100.0,0.0,"[50.0, 88.30221049754026, 88.30221049754027]",29
939,3160233957,settled,Dk4i_0009,unmatched,,"[0.3129738432553121, 0.8901846929444, 0.08598840649996693, -0.3197257885017726]","[0.18280673876099343, 0.682770852356921, -0.1830120724371125, -0.6833097692684093]","[480.11665859801684, 10.004227830806348, 5.437239160326382]",5.240000000000085,100.0,0.0,"[50.0, 91.16703419521676, 91.16703419521677]",40
940,3176744478,settled,Dk4i_0024,unmatched,,"[0.9411517485950612, -0.005105745018358934, 0.06893140360805404, 0.3308410178331731]","[0.7068262064534694, -0.0009940844268657276, 0.001070271372117086, 0.7073857364874837]","[480.004074986798, 16.274541989914564, 5.948139323988369]",5.0900000000000345,100.0,0.0,"[50.0, 91.71815331746413, 91.71815331746414]",25
941,1176149115,settled,Dk4i_0008,unmatched,,"[0.21298006003399966, 0.68283184635136, 0.45358883626869745, -0.5316364653113214]","[0.6124552594437267, 0.35344674711439106, 0.3532817733805273, -0.6125079107497983]","[480.0140593849253, 13.741217355661583, 5.426560660433834]",5.020000000000011,100.0,0.0,"[50.0, 89.26932396096726, 89.26932396096727]",26
942,1821676408,settled,Dk4i_0018,unmatched,,"[-0.4913145553095996, 0.46595232564875577, -0.7080044099470261, -0.20056967233111198]","[-0.3536332163966833, 0.6121906588330315, -0.6125280368923435, -0.3535188107008272]","[480.5940091939464, 16.253593345246205, 5.432729677034028]",5.1800000000000646,100.0,0.0,"[50.0, 92.20997300366072, 92.20997300366074]",20
943,3127130715,settled,Dk4i_0010,unmatched,,"[-0.198134299826156, -0.8317782014430749, -0.12616575606531844, -0.5029612557970933]","[0.18333774476506198, -0.6825482908180212, 0.18344825915289895, -0.6832728871099965]","[480.1936940078388, 10.300716869621338, 5.943807273938257]",5.500000000000171,100.0,0.0,"[50.0, 90.7551641968942, 90.75516419689417]",21
944,945943334,settled,Dk4i_0011,unmatched,,"[0.10215366597241832, -0.5032207212506908, 0.015334375666051182, 0.8579617655555885]","[0.00012525733308749176, -0.7071410763844105, -9.525859225581468e-05, 0.7070724668139035]","[480.2158929393013, 5.947965170782487, 9.71350067903722]",5.500000000000171,100.0,0.0,"[50.0, 88.56868127792139, 88.5686812779214]",22
945,1696026980,settled,Dk4i_0006,unmatched,,"[-0.41595288256800134, 0.11589643483537436, 0.8825609318024368, 0.1861113041484448]","[-0.6122579872390495, -0.3533491395405464, 0.6124462357773058, 0.3538278549381781]","[480.2002390765345, 5.428549767735656, 9.994808027066558]",5.760000000000258,100.0,0.0,"[50.0, 89.63052019031645, 89.63052019031643]",44
946,517407065,settled,Dk4i_0003,unmatched,,"[0.7637132916041776, -0.009298409402024383, 0.35026757211793114, -0.5421883212798986]","[0.6828830236016901, -0.1833469849977083, 0.6830723272512468, -0.18293948429037804]","[480.6460281496819, 10.018673748815061, 5.432309155916213]",5.400000000000138,100.0,0.0,"[50.0, 88.80813937112269, 88.80813937112268]",25
947,2860701354,settled,Dk4i_0002,unmatched,,"[-0.8367152485523688, 0.5350335570810564, 5.9400040692597696e-05, 0.11681901432889721]","[-0.8658899973679309, 0.5002342243672532, -0.0004749687750317533, -8.737573986566938e-05]","[480.5848271564158, 5.943440522744371, 16.263034693987994]",5.270000000000095,100.0,0.0,"[50.0, 90.78016631908562, 90.78016631908561]",20
948,2049044537,settled,Dk4i_0009,unmatched,,"[0.0987533718354664, -0.901992500056389, 0.3962240127370742, 0.14022779012621636]","[-0.18301953941830762, -0.6832737778889589, 0.1824971356919174, 0.682887683374584]","[480.5798879474989, 9.995335360111513, 5.436267041292616]",5.1200000000000445,100.0,0.0,"[50.0, 90.93975075711293, 90.93975075711295]",26
949,3277919375,settled,Dk4i_0001,unmatched,,"[-0.9358033684590618, -0.33506737411673654, 0.0347045930592444, -0.10391102734445888]","[-0.8660997673495427, -0.4998707719362674, 6.762642644561612e-05, -0.0006322875726925692]","[480.33708895771935, 5.4367325709623255, 16.25615651666971]",5.200000000000071,100.0,0.0,"[50.0, 90.97688822458949, 90.9768882245895]",31
950,3767874527,settled,Dk4i_0014,unmatched,,"[0.29572191510327905, -0.5850125236040742, -0.7368775949800176, -0.1652885542634663]","[3.3226694739348654e-05, -0.7070356801291485, -0.7071776818429952, -0.0005217503873622358]","[480.30220984077664, 13.743458310258315, 5.949615293522512]",5.080000000000031,100.0,0.0,"[50.0, 88.90499792895596, 88.90499792895598]",30
951,2604283791,settled,Dk4i_0023,unmatched,,"[-0.7630191667262589, -0.17467652330325062, -0.5594042469053924, -0.2726843449104938]","[-0.6122849126123062, -0.35398156013374893, -0.6120900202523023, -0.3537655268396764]","[480.44079067719855, 5.447674011710887, 9.99555040611843]",5.5600000000001915,100.0,0.0,"[50.0, 87.36948145661542, 87.3694814566154]",31
952,1406294563,settled,Dk4i_0017,unmatched,,"[-0.15589463678544954, -0.12868922420085716, 0.17568740712833444, 0.963467633484715]","[-0.00018858926861126113, -0.0003182425526433873, 0.0007914900535294453, 0.9999996183495576]","[480.5821531222372, 5.9394981102424875, 13.75050426641908]",5.250000000000088,100.0,0.0,"[50.0, 89.20899319083377, 89.20899319083378]",30
953,44424466,settled,Dk4i_0022,unmatched,,"[0.3941199706189341, -0.3608479463958368, -0.7637214424601282, 0.3621985183126224]","[0.6122523148275438, -0.35355676618696286, -0.6124492702337971, 0.35362495310967645]","[480.3955361004784, 5.945464870624072, 10.289692469327383]",5.480000000000165,100.0,0.0,"[50.0, 87.08709171372975, 87.08709171372976]",35
954,1713030523,settled,Dk4i_0003,unmatched,,"[-0.965612442120421, 0.16876771383453884, -0.1626224548640008, 0.11253447277748073]","[-0.6826280513250624, 0.18375482321040706, -0.6830622850595632, 0.18351845471305658]","[479.9553203311389, 9.989499144434944, 5.431687744354048]",5.340000000000118,100.0,0.0,"[50.0, 90.70749190942468, 90.70749190942469]",28
955,539293064,settled,Dk4i_0015,unmatched,,"[0.3601778551839492, -0.09994546774870804, 0.7619420111283524, 0.5288924160821971]","[-0.0006916395251901353, -0.00032644796343606064, 0.8658536476124568, 0.5002967878996405]","[480.34118617278904, 5.438738893144671, 13.755663874366396]",5.350000000000121,100.0,0.0,"[50.0, 90.32809405586558, 90.32809405586559]",34
956,409549919,settled,Dk4i_0009,unmatched,,"[-0.12781638378808588, 0.7504596205993281, -0.34172492240734204, -0.5510874769861365]","[0.1827472118579894, 0.6832312163086531, -0.18249622828715692, -0.6830034321147235]","[480.3357962769643, 10.001099506626355, 5.441007781767113]",5.220000000000078,100.0,0.0,"[50.0, 89.49149784554169, 89.4914978455417]",17
957,1998402436,settled,Dk4i_0010,unmatched,,"[0.04250734306132721, -0.9165292873697363, -0.17463643493482933, -0.3573084196777952]","[0.18303262674361986, -0.683055878581304, 0.18312303161074012, -0.682934608565524]","[480.1259025507118, 10.305582694508432, 5.9466073062083264]",5.460000000000158,100.0,0.0,"[50.0, 92.44068096327325, 92.44068096327327]",26
958,1646097515,settled,Dk4i_0014,unmatched,,"[-0.2630617164172866, 0.5050333130958403, 0.785657284547487, 0.24183158862418952]","[-0.000289139413032476, 0.7071837835611376, 0.7070297091444029, -5.5260609131475474e-05]","[480.0133944745207, 13.751347598399471, 5.943126725648874]",5.1200000000000445,100.0,0.0,"[50.0, 89.57765272237754, 89.57765272237752]",21
959,339018233,settled,Dk4i_0006,unmatched,,"[0.6029047267049746, 0.6862009194018124, -0.308242769892203, 0.26574533587269156]","[0.6120281571994379, 0.3533809853458065, -0.6127938823245757, -0.3535916737943096]","[480.60281971925406, 5.431599474510183, 9.997364004672297]",5.230000000000081,100.0,0.0,"[50.0, 91.72729677535199, 91.72729677535197]",34
960,4191144452,settled,Dk4i_0003,unmatched,,"[-0.8802459513021449, -0.08330896156144689, -0.16608516754831343, 0.4366261550344685]","[-0.6823905697965147, 0.18351641984615594, -0.6831890423300532, 0.18416722384773648]","[480.16773131041094, 9.979258937499367, 5.43646851082938]",5.260000000000091,100.0,0.0,"[50.0, 90.5384885442873, 90.53848854428732]",34
961,2181600747,settled,Dk4i_0004,unmatched,,"[0.9275709258668005, 0.08697132850709806, -0.32813304736827575, -0.15613093456815608]","[0.6828312509400207, 0.18306866090231189, -0.6831114188694293, -0.18326521095209575]","[479.88393469898807, 9.70641373244084, 5.949546222910578]",5.210000000000075,100.0,0.0,"[50.0, 88.78759197417969, 88.78759197417968]",29
962,3323234542,settled,Dk4i_0023,unmatched,,"[-0.08017064571695091, -0.3550445554208694, -0.9142289434921265, -0.17804906658726002]","[-0.6128285549483441, -0.3535267354584224, -0.6119502353244696, -0.3535207476830197]","[480.52952734837635, 5.433148731894621, 9.99926602046557]",5.310000000000108,100.0,0.0,"[50.0, 88.91643610221129, 88.9164361022113]",33
963,1792986731,settled,Dk4i_0009,unmatched,,"[-0.5692068889460848, -0.6151083552423721, 0.2128356235893417, 0.5023407471215919]","[-0.18273851569680494, -0.6830961930371383, 0.18261044770694357, 0.6831102768421559]","[480.1844833028121, 9.99740219127801, 5.433614022649173]",5.260000000000091,100.0,0.0,"[50.0, 88.66178457662933, 88.66178457662934]",30
964,3396828661,settled,Dk4i_0003,unmatched,,"[-0.4385289352711518, 0.5485884905873648, -0.7022745891188045, 0.11641925271638232]","[-0.6829297405111459, 0.1828482657087278, -0.6830758717397409, 0.1832507426988566]","[479.99597014715334, 10.005867332920058, 5.436583031961977]",5.320000000000111,100.0,0.0,"[50.0, 88.00625697351964, 88.00625697351965]",31
965,2901089897,settled,Dk4i_0023,unmatched,,"[0.4190709948200383, 0.3272250406963257, 0.28175293110921773, 0.7986980404716139]","[0.6123471396210931, 0.3540936739824535, 0.6118464834760691, 0.35396685056858346]","[480.272790582659, 5.457255052630961, 9.988799430533367]",5.5600000000001915,100.0,0.0,"[50.0, 90.53555989536696, 90.53555989536697]",28
966,1777789208,settled,Dk4i_0018,unmatched,,"[0.6411688332735277, -0.4390430396314748, 0.5150426975449305, 0.3617661624522945]","[0.3535474087717988, -0.6123309261073115, 0.612450398335803, 0.35349621817160265]","[480.62377744967586, 16.25751634368818, 5.437771963004552]",5.260000000000091,100.0,0.0,"[50.0, 91.66996612221264, 91.66996612221263]",31
967,4293855749,settled,Dk4i_0023,unmatched,,"[0.5166972535183565, 0.6321968208504625, 0.5736405816836968, -0.06547985154798126]","[0.6128698516709824, 0.35381866022778663, 0.6118800746158636, 0.3532784664757923]","[480.2957310252082, 5.441429673335914, 9.999989545484738]",5.600000000000205,100.0,0.0,"[50.0, 88.59302574406297, 88.59302574406298]",39
968,2977016398,settled,Dk4i_0003,unmatched,,"[-0.7697554513004683, 0.271934197101798, -0.5773849482776028, -0.012448258604438496]","[-0.6825272877264711, 0.18330142214774892, -0.6832720112749506, 0.18356592482169307]","[480.1087747288816, 9.99672045030663, 5.423296533500051]",5.270000000000095,100.0,0.0,"[50.0, 87.93569757221776, 87.93569757221775]",25
969,3277550680,settled,Dk4i_0003,unmatched,,"[0.8795958511380817, -0.404251198907489, 0.18305854803349653, -0.17141083639723378]","[0.6820881131822384, -0.18389697811868144, 0.6834371429489781, -0.18398744232161474]","[479.92420642078775, 9.99185505152676, 5.422980771426606]",5.370000000000128,100.0,0.0,"[50.0, 91.9791577055569, 91.97915770555689]",28
970,3168146097,settled,Dk4i_0012,unmatched,,"[0.4713364866275963, -0.5102437468845695, 0.132809033664927, -0.707004240238867]","[-7.724054882665699e-05, -0.7071215697064865, 0.00015799787442469237, -0.7070919704864452]","[480.6269353511208, 5.948638653704667, 10.294609650890152]",5.520000000000178,100.0,0.0,"[50.0, 89.98862955489544, 89.98862955489545]",32
971,2312136952,settled,Dk4i_0015,unmatched,,"[-0.238977339792555, -0.18809170192532146, -0.5365157169026477, -0.7871862729042902]","[0.00014915879459717618, 0.0002951732378939642, -0.8660195812776866, -0.5000099753685261]","[480.54971094728444, 5.432728286481255, 13.746780323444215]",5.350000000000121,100.0,0.0,"[50.0, 87.75974231606008, 87.7597423160601]",24
972,4119843294,settled,Dk4i_0004,unmatched,,"[-0.6782363959592157, -0.6128690115579294, 0.3186176021708939, 0.25073848818067446]","[-0.6828110339809756, -0.1830837876816097, 0.6832321222302254, 0.1828750549275886]","[480.2570279090369, 9.703432943593802, 5.939247908542399]",5.1500000000000545,100.0,0.0,"[50.0, 91.96918118861555, 91.96918118861556]",41
973,356519578,settled,Dk4i_0012,unmatched,,"[0.2643802208224408, 0.477257519620779, -0.3229105049716565, 0.7733415575166313]","[-0.0005284162637292088, 0.7067418349013167, -0.0007290262663697532, 0.7074709662574679]","[480.2819529837697, 5.968022282746596, 10.276792745422577]",5.450000000000155,100.0,0.0,"[50.0, 90.78372448627164, 90.78372448627165]",28
974,1943136294,settled,Dk4i_0009,unmatched,,"[-0.3629926831460144, 0.45628115459666085, -0.28675605289603895, -0.7601412934908084]","[0.1821029853520054, 0.6834338950695269, -0.1821507938179424, -0.6830649325704518]","[480.1953663144711, 9.985001564589323, 5.4656914208954435]",5.400000000000138,100.0,0.0,"[50.0, 90.34913803673037, 90.34913803673035]",28
975,3565683129,settled,Dk4i_0001,unmatched,,"[-0.547998248022544, -0.8120182559963203, 0.16486811997466025, -0.1146419430615943]","[-0.8657549903756474, -0.5004679261307762, -0.00037329287404400113, 0.00011048281688402772]","[480.6785391571564, 5.445505650543602, 16.25647936467795]",5.1800000000000646,100.0,0.0,"[50.0, 90.58533760389753, 90.58533760389754]",34
976,1751546072,settled,Dk4i_0022,unmatched,,"[-0.3280221644267384, 0.36617063802881317, 0.7613309747857608, -0.42272410662527027]","[-0.6121197080225379, 0.3543236589862373, 0.6120125244845507, -0.3538430126582335]","[480.4356229681297, 5.969550407610665, 10.287601543243118]",5.540000000000185,100.0,0.0,"[50.0, 86.73072851277516, 86.73072851277514]",40
977,1397927952,settled,Dk4i_0003,unmatched,,"[0.904925349199759, -0.2134010861924796, 0.2823914184143395, 0.23627351860397244]","[0.6828975129830568, -0.1827270629259819, 0.6832236601591124, -0.1829405297761699]","[480.56908131351736, 10.00764682271495, 5.429335976359525]",5.460000000000158,100.0,0.0,"[50.0, 92.32054218436909, 92.32054218436907]",29
978,4035434587,settled,Dk4i_0007,unmatched,,"[-0.6767719944343353, 0.14128449179956656, 0.30945224413417693, 0.652884115694839]","[-0.6121892964794206, 0.3533828114169946, 0.3533909148069532, 0.6127476766197958]","[480.6210701300365, 13.75179132450741, 5.942739524114863]",5.100000000000038,100.0,0.0,"[50.0, 87.48725991336681, 87.4872599133668]",21
979,2114130661,settled,Dk4i_0015,unmatched,,"[-0.11671079965840357, -0.12666230183669927, -0.982019919426621, -0.07727954700862226]","[5.1826913676694675e-05, 6.940324845444712e-05, -0.8660122549690709, -0.5000227662222444]","[480.384934832185, 5.434811953861826, 13.744853197708643]",5.260000000000091,100.0,0.0,"[50.0, 89.26264422318754, 89.26264422318755]",27
980,3638443810,settled,Dk4i_0020,unmatched,,"[0.059547317185544554, 0.39640322724174526, 0.893284933349204, -0.20337312088779458]","[-0.4995161411245609, 0.4998360582044624, 0.5008423794104175, -0.4998044124066577]","[480.0003680284525, 10.295322724188482, 5.940479053491988]",5.450000000000155,100.0,0.0,"[50.0, 89.73284728480182, 89.7328472848018]",34
981,1276054237,settled,Dk4i_0016,unmatched,,"[0.19847170397213157, 0.14485266137657626, -0.7549022116539003, 0.6080701769159308]","[-0.00027835792181862834, -8.261410840521012e-05, -0.8661447035662388, 0.499793225420202]","[480.4171835860389, 5.944727578495828, 13.746874814952958]",5.100000000000038,100.0,0.0,"[50.0, 89.83146186950312, 89.83146186950313]",28
982,218439059,settled,Dk4i_0007,unmatched,,"[-0.31928362511020086, 0.6061291818978068, 0.5454370968132035, 0.4828703293932732]","[-0.6125636294868093, 0.35385558100081926, 0.35372978712895725, 0.6119046210989277]","[480.6244357186947, 13.744790209136642, 5.941146988291791]",5.270000000000095,100.0,0.0,"[50.0, 88.59039407267092, 88.59039407267093]",19
983,2213472531,settled,Dk4i_0017,unmatched,,"[0.10514992183552246, 0.24068664568741632, 0.4737389502858386, -0.8405860095836687]","[-0.0002385983938765768, -4.538170545521776e-05, -0.0007946343116043938, -0.9999996547837495]","[480.38129523991836, 5.945575878497226, 13.74905883789249]",5.190000000000068,100.0,0.0,"[50.0, 89.75936040015031, 89.75936040015033]",21
984,787746249,settled,Dk4i_0024,unmatched,,"[-0.5694810868307036, -0.2375977186895554, 0.403312307451908, -0.6757054080540255]","[-0.7068161950875222, -0.00011112983608042133, -0.00029310335942652263, -0.7073971784666504]","[480.40846402790476, 16.259949298452305, 5.931426988712752]",5.260000000000091,100.0,0.0,"[50.0, 91.31415048647958, 91.31415048647956]",21
985,620666044,settled,Dk4i_0017,unmatched,,"[0.3512700169167964, -0.04610390148788196, 0.2607949201033328, -0.8980366446482936]","[-5.517257462100966e-05, -1.5932176322638655e-05, 0.00020302306178781004, -0.9999999777418944]","[480.23183928447935, 5.946166099817569, 13.752874134989515]",5.310000000000108,100.0,0.0,"[50.0, 90.42809244383751, 90.42809244383753]",46
986,1382691233,settled,Dk4i_0010,unmatched,,"[0.47408594454505865, -0.6966516414024221, 0.33101000622289733, -0.4246779762319307]","[0.18338321764044163, -0.6825708842764169, 0.18283674258920302, -0.6834020112534923]","[480.6129473063348, 10.314763849517947, 5.948407871519088]",5.490000000000168,100.0,0.0,"[50.0, 89.44926357527112, 89.44926357527113]",38
987,3286462226,settled,Dk4i_0006,unmatched,,"[-0.3448778936984663, -0.42718010711039134, 0.8219048655539987, 0.1518182680243951]","[-0.6125080359397865, -0.35315589494234095, 0.6124244617595045, 0.35362564728147305]","[479.878384210707, 5.432830155595739, 9.99533280700533]",5.490000000000168,100.0,0.0,"[50.0, 88.96055684493288, 88.9605568449329]",36
988,2525897259,settled,Dk4i_0019,unmatched,,"[-0.18660777978837914, -0.7443077658333969, 0.6395441794809863, -0.046548133523710164]","[-0.35373192632642764, -0.612460920814373, 0.6125587656156373, -0.35289814881924775]","[480.6542617792504, 16.26181120421773, 5.946734477817488]",5.260000000000091,100.0,0.0,"[50.0, 91.25196504720479, 91.2519650472048]",31
989,3052397492,settled,Dk4i_0005,unmatched,,"[0.3577418947578834, -0.03461281949819094, 0.8397397400760982, -0.4070133393371179]","[0.6121502925949549, -0.35357481945746, 0.6125828644993135, -0.3535521184257724]","[480.065407258161, 5.947085494973388, 9.700685474039698]",5.320000000000111,100.0,0.0,"[50.0, 86.71108687135226, 86.71108687135228]",28
990,958294864,settled,Dk4i_0010,unmatched,,"[-0.030561851898347012, -0.4924964696048103, 0.3778133004972502, -0.7834349434399235]","[0.1827525116438475, -0.6830848371317291, 0.18283621611175213, -0.6830574960034633]","[480.5123668979332, 10.294341806691333, 5.948321561703878]",5.280000000000098,100.0,0.0,"[50.0, 89.55842678809373, 89.55842678809371]",15
991,2025461898,settled,Dk4i_0015,unmatched,,"[-0.3979758930455951, -0.005549041121273697, -0.43366712258227247, -0.8084041213949913]","[0.00034875019835359233, -0.00013328234871945455, -0.8659231503839981, -0.5001769269350261]","[480.4501806580453, 5.440162657699884, 13.743341648995235]",5.300000000000105,100.0,0.0,"[50.0, 91.7629463062527, 91.76294630625272]",26
992,2542739526,settled,Dk4i_0013,unmatched,,"[-0.2306445065743204, 0.9168653108316615, -0.19133692885921558, -0.2637257913731088]","[0.000298733237737376, 0.9999999059200659, 2.5887954539671743e-05, 0.0003134455706259194]","[480.2751221731641, 5.945225385326422, 16.259970226738826]",5.330000000000115,100.0,0.0,"[50.0, 89.69981907163525, 89.69981907163523]",18
993,662844678,settled,Dk4i_0011,unmatched,,"[0.015319791156266027, -0.6766081749749832, -0.37969078318171673, 0.6307151422970638]","[-0.0003241084503673164, -0.7064339633489933, 0.0004959077249532817, 0.7077787115025953]","[480.187778344999, 5.952842683019516, 9.696292545114353]",5.520000000000178,100.0,0.0,"[50.0, 88.88044160716072, 88.88044160716073]",44
994,4118277549,settled,Dk4i_0006,unmatched,,"[-0.321344111537062, -0.6565169609170431, 0.5522363378719223, 0.4009469654985733]","[-0.6127719800182363, -0.3531480259765513, 0.6125586808128614, 0.35294310421681596]","[480.4496284787861, 5.453236679553799, 9.986188349511952]",5.380000000000131,100.0,0.0,"[50.0, 89.79067968945732, 89.7906796894573]",25
995,111249246,settled,Dk4i_0023,unmatched,,"[-0.6279501010244584, -0.002943014146429479, -0.6948500248436215, -0.3505045681099255]","[-0.6121475351426381, -0.35391742308218405, -0.6121421966266174, -0.3539770952573048]","[480.026386773783, 5.427470255652205, 9.996866051841145]",5.420000000000145,100.0,0.0,"[50.0, 88.2344656237723, 88.23446562377228]",28
996,746129938,settled,Dk4i_0018,unmatched,,"[-0.47377988456087816, 0.707079339833246, -0.49704674862137505, -0.16886668662404006]","[-0.35345034231305544, 0.6122674397067401, -0.6126198898507209, -0.35340954762573684]","[480.3614801850828, 16.25533548428337, 5.431459043951527]",5.200000000000071,100.0,0.0,"[50.0, 92.24383775697049, 92.2438377569705]",18
997,3176734675,settled,Dk4i_0010,unmatched,,"[-0.44694209170526156, 0.4952759132457724, -0.012535065867450861, 0.7448405255787244]","[-0.18222987081362624, 0.6832918105864558, -0.18288574168951677, 0.682976852649786]","[479.9411579774209, 10.28010132538646, 5.960264961428624]",5.240000000000085,100.0,0.0,"[50.0, 90.01071539790632, 90.0107153979063]",32
998,2924323672,settled,Dk4i_0004,unmatched,,"[0.7808029314754367, 0.10050712330818726, -0.580673385897103, 0.20751751558476023]","[0.6828397000474957, 0.18372994370642642, -0.6829872986605988, -0.18303442761671224]","[480.58971602088843, 9.691441273479928, 5.955231816453047]",5.200000000000071,100.0,0.0,"[50.0, 90.06619895288966, 90.06619895288968]",23
999,3932611806,settled,Dk4i_0023,unmatched,,"[0.18863484293005242, 0.33663714806484407, 0.7901304930925778, 0.47622067412157004]","[0.6123544101888517, 0.35379528727524956, 0.611989155952787, 0.35400599432817886]","[479.9869062206548, 5.450255252946302, 9.991766599561563]",5.320000000000111,100.0,0.0,"[50.0, 86.82582735633109, 86.82582735633112]",29
