trial,seed,status,pose_id,match_status,roadmap_pose_id,initial_quat_xyzw,final_quat_xyzw,final_pos_chute_mm,sim_time_s,actual_drop_height_mm,actual_lateral_mm,initial_pos_chute_mm,roughness_impulse_count
0,2684470948,settled,Rf4i_0009,unmatched,,"[0.349089743713377, 0.08400502135107916, 0.056934439305736904, -0.9315782183171066]","[-9.750601321301122e-06, -2.3651113458344487e-05, -1.5789415690164288e-05, -0.9999999995481225]","[448.3424500753951, 40.00991872236573, 3.071636508156929]",4.6199999999998775,100.0,0.0,"[57.45111407985169, 106.30255561796652, 106.30255561796652]",14
1,4091952314,settled,Rf4i_0002,unmatched,,"[-0.17049489125704653, 0.20532709385459424, 0.2597125984666087, 0.9280741580187418]","[-0.7071207602621657, -8.410890713726079e-05, 4.868614273457809e-05, 0.7070927951560588]","[448.23893879784254, 3.083791127977225, 39.997564754278265]",4.679999999999898,100.0,0.0,"[57.45111407985169, 117.32525436052585, 117.32525436052586]",28
2,233227757,settled,Rf4i_0010,unmatched,,"[-0.20480810163161187, 0.4982271422400755, 0.5959252640682177, -0.5955639645634782]","[3.8562088741700424e-05, 1.3807076394700692e-05, 0.7070713195047121, -0.7071422399038226]","[448.00311659657746, 33.22162120211814, 3.0716865985567257]",4.399999999999804,100.0,0.0,"[57.45111407985169, 116.86719039776655, 116.86719039776656]",19
3,3276785861,settled,Rf4i_0012,unmatched,,"[-0.06476159517851178, 0.4273534090302821, -0.8690822779070483, 0.24056390794969013]","[9.73115365483781e-06, 0.7070959828657726, -0.7071175789030177, -2.2950515751163936e-05]","[448.22905667843895, 6.933061155818762, 40.001596799169334]",4.459999999999824,100.0,0.0,"[57.45111407985169, 114.12922768659824, 114.12922768659826]",27
4,3644269654,settled,Rf4i_0011,unmatched,,"[-0.014279672063401007, -0.3020425176314726, -0.9375844928891162, 0.1717606683803424]","[6.356857133888562e-05, 5.046108268852434e-05, -0.9999999937647118, -7.67026224892561e-05]","[448.22967481189005, 40.001357311048054, 3.066580865366375]",4.879999999999964,100.0,0.0,"[57.45111407985169, 115.21575267483888, 115.2157526748389]",26
5,1206282609,settled,Rf4i_0004,unmatched,,"[0.5013371598926143, -0.8114746127900386, -0.0032762861669307047, -0.30026533409139416]","[0.7070305964357728, -0.7071829552991824, -1.655465490263408e-05, -5.6248853077645045e-05]","[448.39414375904335, 33.218415677507096, 6.926351636344698]",4.839999999999951,100.0,0.0,"[57.45111407985169, 120.50070893251811, 120.50070893251812]",26
6,3543069911,settled,Rf4i_0010,unmatched,,"[-0.13404834235336777, 0.26953815910033546, -0.46707971399657333, 0.8313944692346683]","[0.0001606668296979252, -0.00021433779355722876, -0.707061420104673, 0.7071520886238286]","[447.94057291245986, 33.21984961376189, 3.0606498248994667]",4.749999999999921,100.0,0.0,"[57.45111407985169, 122.21509376662381, 122.21509376662382]",14
7,3479688010,settled,Rf4i_0005,unmatched,,"[-0.32606207839901974, -0.08560879807848332, -0.6532843717329692, 0.6779190101856776]","[-0.5000657255253085, -0.4998986727691344, -0.4999376154360065, 0.5000979581948565]","[448.24830541554536, 3.071745670267169, 26.782442788701754]",4.839999999999951,100.0,0.0,"[57.45111407985169, 104.62195306082391, 104.62195306082393]",25
8,877132087,settled,Rf4i_0015,unmatched,,"[0.5724358435648497, -0.17574059521237254, 0.22115948882353434, 0.769753810448453]","[0.4998652888945993, -0.49999475944384686, 0.5001226113285995, 0.5000173068253451]","[447.804940518069, 6.941024296984607, 26.786090070543736]",5.110000000000041,100.0,0.0,"[57.45111407985169, 119.75009399277326, 119.75009399277327]",25
9,1244265337,settled,Rf4i_0003,unmatched,,"[-0.9163656239680553, -0.3124533183594708, 0.1567298713931644, -0.19514792970686085]","[-0.7070461470376204, -0.707167404721006, 2.591893315062599e-05, 8.359199482893542e-05]","[448.323521983312, 26.785609438525057, 6.928935479554157]",4.769999999999928,100.0,0.0,"[57.45111407985169, 118.71289536219655, 118.71289536219656]",22
10,2740186692,settled,Rf4i_0006,unmatched,,"[0.6454694822641096, -0.13579899155073316, -0.5987883368552699, -0.45429099595480205]","[0.5000855117706986, -0.49992736624214396, -0.49994945135846897, -0.5000376540677689]","[447.91373073276606, 3.07573769818144, 33.21584550863755]",4.579999999999864,100.0,0.0,"[57.45111407985169, 119.83361303605345, 119.83361303605344]",27
11,3884972972,settled,Rf4i_0003,unmatched,,"[-0.6012548493196739, -0.6463381036093496, -0.20334873870383272, -0.42354333008537154]","[-0.7069954472011399, -0.7072180946013558, 6.559668189612401e-05, 1.5373847715993707e-06]","[447.68814343545296, 26.793428680137207, 6.932868052604973]",4.489999999999834,100.0,0.0,"[57.45111407985169, 117.53183021705566, 117.53183021705567]",19
12,829139639,settled,Rf4i_0016,unmatched,,"[0.5209095300472875, 0.10632951834513299, -0.4095752090978097, 0.7413470463466431]","[0.5000418612845956, 0.5000110143710664, -0.5000089610400955, 0.4999381575257671]","[448.0742526975916, 6.941759109360098, 33.206977733125505]",4.729999999999914,100.0,0.0,"[57.45111407985169, 120.86250998878863, 120.86250998878864]",30
13,2545567356,settled,Rf4i_0008,unmatched,,"[-0.20435424223634752, -0.592516211079748, -0.6028523939159808, -0.4936930974172911]","[9.020270730891733e-05, 0.00011508488873432365, -0.7070910052037145, -0.7071225416990612]","[447.9669019050399, 26.79537967402081, 3.06365949057919]",5.080000000000031,100.0,0.0,"[57.45111407985169, 121.26286195769232, 121.26286195769234]",23
14,2718398101,settled,Rf4i_0009,unmatched,,"[0.04456266628605246, 0.22721982493144482, -0.0337641677325857, -0.9722372657478868]","[9.375209252893149e-05, -0.00011833700685903294, 7.6464320295993e-06, -0.999999988574215]","[448.3809968118418, 40.005253364731146, 3.0700726652843278]",4.679999999999898,100.0,0.0,"[57.45111407985169, 114.9805799394184, 114.98057993941842]",20
15,176092387,settled,Rf4i_0008,unmatched,,"[0.6150094261867407, 0.09473742193381708, -0.6668593261385558, -0.40998398228323635]","[1.1100109826855942e-05, -1.8828527385134075e-05, -0.7071259681865135, -0.7070875933281251]","[447.9923084601623, 26.79100835569339, 3.070401861421164]",4.319999999999777,100.0,0.0,"[57.45111407985169, 123.29106884097733, 123.29106884097735]",15
16,3528048386,settled,Rf4i_0012,unmatched,,"[0.05964849127147125, -0.7507736843900195, 0.5184949801332069, 0.4048998492135285]","[8.267271311973301e-05, -0.7070784173715069, 0.7071351388483341, -1.608025879239169e-05]","[448.38718662254473, 6.931973478943664, 39.99996854915532]",5.380000000000131,100.0,0.0,"[57.45111407985169, 120.79526837024812, 120.79526837024814]",41
17,569531098,settled,Rf4i_0012,unmatched,,"[-0.11874297779359728, -0.7836385736386496, 0.3947598820333435, 0.4647314565072098]","[-0.00012064472673887237, -0.7069987036762533, 0.707214831071942, 3.4012232450828035e-05]","[448.05158032852495, 6.94677475639412, 40.00286097716143]",5.330000000000115,100.0,0.0,"[57.45111407985169, 120.65005381589856, 120.65005381589857]",26
18,1337295874,settled,Rf4i_0020,unmatched,,"[0.7540801171321847, 0.10513828949510484, 0.3578000943176255, 0.5406368555086236]","[0.7070396954305473, 7.552143584190271e-06, -0.00011266994146696481, 0.7071738515626327]","[448.04405628979544, 6.926122907129032, 39.99612272016936]",4.439999999999817,100.0,0.0,"[57.45111407985169, 120.84935296543587, 120.84935296543588]",24
19,612016888,settled,Rf4i_0014,unmatched,,"[0.12009615038615984, 0.8091503209928758, -0.26528910017446583, -0.5103668935463713]","[-9.448250003654302e-05, 0.999999980498517, -8.805042567983092e-05, 0.00014940932143993023]","[448.17718732577606, 40.01324507284856, 6.933309275035212]",5.100000000000038,100.0,0.0,"[57.45111407985169, 120.51263129309108, 120.51263129309109]",25
20,232150720,settled,Rf4i_0015,unmatched,,"[-0.5359830145526445, 0.08906100796225318, -0.8028613047566096, -0.24536517743217254]","[-0.4999810608089616, 0.4999202612575199, -0.5000122716029658, -0.500086391999423]","[447.99102227045154, 6.932583642885034, 26.7905527573803]",4.489999999999834,100.0,0.0,"[57.45111407985169, 118.07075146659457, 118.07075146659459]",30
21,2324106676,settled,Rf4i_0008,unmatched,,"[-0.04500258594739219, 0.0025524340432222146, -0.32651812985035056, -0.944115545480283]","[-9.929422465360105e-05, 9.768142467919683e-06, -0.7070831034466173, -0.7071304510948038]","[447.62302530310257, 26.802245154227528, 3.0711341608806]",4.799999999999938,100.0,0.0,"[57.45111407985169, 121.12952151761311, 121.12952151761313]",17
22,1658700540,settled,Rf4i_0011,unmatched,,"[0.3856602856164407, 0.1640545618070452, -0.897042914685939, -0.1402364220176025]","[-4.666759250858397e-05, -0.00014271459354431304, -0.9999999861484145, 7.181818484977586e-05]","[448.2224706742019, 39.99792300437215, 3.0738680007317902]",4.659999999999891,100.0,0.0,"[57.45111407985169, 120.4039126738554, 120.40391267385542]",25
23,609942288,settled,Rf4i_0015,unmatched,,"[-0.6615657420037585, 0.6011805735348285, -0.4450209339615182, 0.05356356361715848]","[-0.4999910642168455, 0.5000223373727161, -0.5000084137992132, -0.4999781834856667]","[448.1394217980638, 6.933926886516454, 26.790672329826307]",4.689999999999901,100.0,0.0,"[57.45111407985169, 115.14267630725172, 115.14267630725172]",38
24,3405943863,settled,Rf4i_0003,unmatched,,"[0.7845222555156509, 0.5211125294606916, 0.14359868610630752, -0.30388481302667647]","[0.7070741290582047, 0.7071394181640148, -0.0001289940302685866, -5.153426360079983e-05]","[447.8446313000841, 26.794372829772215, 6.930453764507971]",5.0600000000000245,100.0,0.0,"[57.45111407985169, 105.68158730069842, 105.68158730069842]",28
25,2257503667,settled,Rf4i_0002,unmatched,,"[0.6034227644478223, 0.39225425648930207, -0.5079168677173587, -0.4733265480620753]","[0.7071225133509438, 8.622860316800026e-05, -5.6713466294570295e-05, -0.7070910411400043]","[447.9824852208141, 3.0741410199520356, 39.99694131107579]",4.509999999999841,100.0,0.0,"[57.45111407985169, 119.77361705343768, 119.77361705343769]",29
26,4018327298,settled,Rf4i_0016,unmatched,,"[-0.7659205575247773, -0.2830695053767261, 0.5022718464389246, -0.28453531759966677]","[-0.500013500094964, -0.5000497913267955, 0.5000278381464602, -0.49990885868865037]","[448.10851043484803, 6.9278792930619515, 33.21346427788181]",4.789999999999934,100.0,0.0,"[57.45111407985169, 111.9866564705667, 111.98665647056671]",27
27,2224437599,settled,Rf4i_0020,unmatched,,"[-0.6123369115304546, 0.06270447467512338, 0.5201098551092568, -0.5921126533450277]","[-0.7071167414486866, 5.6683429835933305e-05, -1.4116358225170844e-05, -0.7070968183712246]","[447.69673747416266, 6.925671312349009, 40.004001165843825]",5.270000000000095,100.0,0.0,"[57.45111407985169, 123.75777541491333, 123.75777541491331]",40
28,168388230,settled,Rf4i_0015,unmatched,,"[0.611570761245609, 0.02118769316912591, 0.654066567917755, 0.44466752791262565]","[0.49994226322758634, -0.5000180509274988, 0.500063394225401, 0.49997628337883715]","[448.3455769577811, 6.936064348105122, 26.7898124360828]",4.829999999999948,100.0,0.0,"[57.45111407985169, 117.2710039663409, 117.2710039663409]",29
29,911875363,settled,Rf4i_0004,unmatched,,"[0.4179313099460675, -0.6409283940444419, -0.2553852315313794, 0.59103519132962]","[0.7071099889366612, -0.7071035434522117, 0.00020543168088082989, -1.3459036309476648e-05]","[448.1954192733542, 33.215150917536036, 6.924215344065806]",5.260000000000091,100.0,0.0,"[57.45111407985169, 122.49401788927396, 122.49401788927398]",15
30,3699796293,settled,Rf4i_0012,unmatched,,"[-0.30739590938505207, 0.5248451890741236, -0.7006219887471803, 0.37306046598779463]","[6.516802253573539e-06, 0.7070862211203504, -0.7071273402487499, -2.3065189608325138e-05]","[447.7763279964299, 6.945218848982745, 40.00102479159578]",4.719999999999911,100.0,0.0,"[57.45111407985169, 113.14881225953016, 113.14881225953017]",25
31,3195154224,settled,Rf4i_0015,unmatched,,"[0.12201026212475458, -0.7550394894311968, 0.42152916537896845, 0.48717761450074515]","[0.5000198690722749, -0.5000521368308279, 0.49993095019414774, 0.4999970360130596]","[447.99327594287087, 6.928586562912545, 26.790362571794795]",4.719999999999911,100.0,0.0,"[57.45111407985169, 117.057385771219, 117.05738577121902]",26
32,3621210587,settled,Rf4i_0010,unmatched,,"[-0.19518508667563716, -0.23685537345835786, 0.3018603443143305, -0.9025977213209435]","[-1.666822299173365e-05, 3.56670588759489e-05, 0.7071180270839443, -0.7070955340142813]","[448.38021464432734, 33.21294731721833, 3.071070470620817]",4.739999999999918,100.0,0.0,"[57.45111407985169, 120.83400584318784, 120.83400584318785]",11
33,1945778437,settled,Rf4i_0005,unmatched,,"[0.5994480898969989, 0.5232689771236637, 0.5614537647935656, -0.22720307017715616]","[0.5001198530947188, 0.4999439281457058, 0.4999728921530965, -0.4999633070164514]","[447.89463076694864, 3.0714303114393275, 26.782019413020173]",4.599999999999871,100.0,0.0,"[57.45111407985169, 111.56484119747091, 111.56484119747093]",19
34,2384190687,settled,Rf4i_0003,unmatched,,"[0.6271519910898339, 0.7556355349822913, 0.01241359428343946, -0.18852379431002778]","[0.7071555344150549, 0.707058023445582, -2.9314580533290613e-06, -4.023420788257237e-05]","[447.64580481931125, 26.790904359484216, 6.934303234663361]",4.719999999999911,100.0,0.0,"[57.45111407985169, 107.27961535050657, 107.27961535050659]",13
35,3249086786,settled,Rf4i_0015,unmatched,,"[-0.1597703233753325, 0.4897195982284835, -0.5779003828038035, -0.6329923431090553]","[-0.5001057782859518, 0.5000508760518593, -0.4999233753401148, -0.4999199442643967]","[447.7653372461921, 6.93483515530695, 26.78859661023047]",4.689999999999901,100.0,0.0,"[57.45111407985169, 110.25502224988618, 110.2550222498862]",25
36,439485575,settled,Rf4i_0016,unmatched,,"[0.5212781417789312, 0.09256863769634534, -0.808698544051474, 0.25633339826790696]","[0.49999615364825484, 0.4999510449735297, -0.4999364095958886, 0.5001163717848061]","[447.96336754954433, 6.9363347457878035, 33.216099536858046]",5.020000000000011,100.0,0.0,"[57.45111407985169, 120.22321069140212, 120.22321069140213]",31
37,2217192537,settled,Rf4i_0010,unmatched,,"[-0.21740486374478168, -0.112592853649051, -0.6073056375673959, 0.7558027765932958]","[9.415088665323812e-05, -0.0001176853968865299, -0.7070917262781223, 0.7071218197133948]","[447.76054566130387, 33.22315131387261, 3.0658608251142234]",4.779999999999931,100.0,0.0,"[57.45111407985169, 109.71527296064725, 109.71527296064727]",24
38,3412522237,settled,Rf4i_0012,unmatched,,"[-0.24621569511367875, -0.5467507847628059, 0.7917514866850981, -0.11649461005935267]","[1.1764944750161948e-05, -0.7070624925822868, 0.7071510667529461, 1.5332321299214046e-05]","[448.41513632787894, 6.925641974685946, 40.00038699842755]",4.569999999999861,100.0,0.0,"[57.45111407985169, 123.08906067109776, 123.08906067109776]",25
39,555567425,settled,Rf4i_0005,unmatched,,"[-0.4612726253349569, -0.6958366341102525, -0.5223568792301665, 0.17373034987483388]","[-0.4999652904363483, -0.4999117144544914, -0.5000157232890717, 0.5001072510709832]","[448.3963961860835, 3.070286964071184, 26.786780733624845]",4.569999999999861,100.0,0.0,"[57.45111407985169, 117.49357520314935, 117.49357520314935]",22
40,3399977417,settled,Rf4i_0020,unmatched,,"[0.8655048205669646, 0.02649245432845738, 0.32018421698658933, 0.38429366717613994]","[0.7071168996265585, 2.303148420816072e-05, 0.00010289654334044222, 0.7070966547399131]","[447.888175987166, 6.936886944061284, 39.99535587602029]",4.609999999999874,100.0,0.0,"[57.45111407985169, 117.76220408271655, 117.76220408271656]",33
41,2903099886,settled,Rf4i_0020,unmatched,,"[-0.9275430186800664, -0.235950465654843, 0.17719537592713272, -0.22933191013283477]","[-0.7071039499718794, -0.00019411342421334044, -9.81842751464821e-05, -0.7071095789295975]","[448.1846984317479, 6.927006779006431, 40.000398212264145]",4.779999999999931,100.0,0.0,"[57.45111407985169, 117.1258990658565, 117.12589906585652]",30
42,151712926,settled,Rf4i_0004,unmatched,,"[0.7767554207616434, -0.4945431487690227, -0.02057994009867571, -0.3894284997127939]","[0.707090019150583, -0.7071235236503608, 0.00015012748909989937, 6.767320612621752e-05]","[447.7618247873197, 33.21131503597632, 6.928345654603679]",4.4999999999998375,100.0,0.0,"[57.45111407985169, 114.7735793207315, 114.7735793207315]",18
43,1207582415,settled,Rf4i_0002,unmatched,,"[-0.43303184102989717, 0.26753182802764564, -0.22157253360287404, 0.831754626076253]","[-0.7070675798770402, 5.4993757258582805e-05, -4.3784990509910745e-05, 0.7071459768289619]","[448.1240529644383, 3.0786053182220408, 40.00090071316507]",4.879999999999964,100.0,0.0,"[57.45111407985169, 116.153061736531, 116.153061736531]",32
44,2486821540,settled,Rf4i_0012,unmatched,,"[0.1594260365462531, -0.38474526354833694, 0.9006348849824816, 0.12414195503884198]","[-4.906768383555574e-05, -0.7072010849228495, 0.7070124630846195, -1.0923678983725969e-05]","[447.6335680731413, 6.927684768235739, 40.00190675458148]",5.050000000000021,100.0,0.0,"[57.45111407985169, 111.10404311276041, 111.10404311276041]",27
45,1259821421,settled,Rf4i_0008,unmatched,,"[-0.32259113934371036, 0.05897052116106503, -0.5412481782532801, -0.7742789187291779]","[8.904423909070203e-05, 3.431299451989167e-06, -0.7070913271930936, -0.707122229227493]","[448.1526922267931, 26.788136460997322, 3.068331263408842]",4.979999999999998,100.0,0.0,"[57.45111407985169, 106.28747310204872, 106.28747310204872]",29
46,597594931,settled,Rf4i_0013,unmatched,,"[-0.17871979468227023, -0.894261750835104, -0.36951140635140683, -0.17837173699402925]","[2.7303440717172913e-05, -0.707155485872898, -0.7070580726157433, 1.8160222567117126e-06]","[448.2992313521955, 3.072908857927728, 39.999920644354496]",4.739999999999918,100.0,0.0,"[57.45111407985169, 113.15818435814529, 113.1581843581453]",33
47,2865206418,settled,Rf4i_0008,unmatched,,"[-0.02304740513733, -0.04508619876411423, 0.7730641006988977, 0.632303683373775]","[-5.0053064515470647e-05, -4.9146669633015616e-05, 0.7071126293836948, 0.7071009294615396]","[447.5711864918755, 26.80381479087383, 3.071650473049168]",4.699999999999904,100.0,0.0,"[57.45111407985169, 107.08827386841102, 107.08827386841104]",25
48,3003750881,settled,Rf4i_0010,unmatched,,"[-0.3199398432093655, 0.16753826196273716, 0.4776615276337274, -0.8008800737465539]","[-5.2325510500605965e-05, -2.57066518459248e-05, 0.7071862162445571, -0.7070273348003707]","[447.6906138807446, 33.22282823437392, 3.0691461484984446]",4.479999999999831,100.0,0.0,"[57.45111407985169, 117.68310240403785, 117.68310240403787]",16
49,3312495928,settled,Rf4i_0010,unmatched,,"[-0.0645330648177024, -0.0038038643413784616, 0.42946817366907813, -0.9007652868348409]","[-2.927418490358824e-05, -1.3832940356617307e-05, 0.7071759881523567, -0.7070375667051997]","[448.32043248396906, 33.213654512505485, 3.069220995672627]",4.669999999999894,100.0,0.0,"[57.45111407985169, 124.13082225508154, 124.13082225508154]",14
50,3078168926,settled,Rf4i_0009,unmatched,,"[0.0747193812888315, 0.25057809186231017, 0.15564422601431893, 0.9525767732035362]","[8.453037014066744e-05, -8.273019882765451e-06, -5.509884159061195e-05, 0.9999999948751457]","[448.19314237086303, 40.003724802013025, 3.070644905434704]",4.739999999999918,100.0,0.0,"[57.45111407985169, 119.71833692897073, 119.71833692897073]",24
51,1005097259,settled,Rf4i_0018,unmatched,,"[-0.6801311659388386, -0.5348920800158797, 0.3007708324979351, -0.40105980373687483]","[-0.6504157613596309, -0.6505074867475695, 0.2772639301270734, -0.27735187057386457]","[448.3503471402817, 23.553430556462754, 28.747289845881173]",4.149999999999721,100.0,0.0,"[57.45111407985169, 112.9476345177751, 112.94763451777511]",25
52,1646080115,settled,Rf4i_0016,unmatched,,"[-0.5522257028074862, -0.16147308682972467, 0.6507326016280868, -0.495500046989705]","[-0.49992811023701317, -0.5000009685955136, 0.5000117711672306, -0.500059141194925]","[448.18088442179965, 6.93873557098415, 33.21438219214068]",4.659999999999891,100.0,0.0,"[57.45111407985169, 116.41643166805243, 116.41643166805244]",26
53,2175304393,settled,Rf4i_0015,unmatched,,"[0.4635177847490668, -0.3631238729793856, 0.7637832286457282, 0.2644380754227277]","[0.5001090109385425, -0.4999422012101171, 0.5000260635909903, 0.49992270238203285]","[448.32069461330445, 6.9268636066064335, 26.78756199065916]",4.579999999999864,100.0,0.0,"[57.45111407985169, 110.14495248966428, 110.14495248966428]",33
54,3907648593,settled,Rf4i_0004,unmatched,,"[-0.5606148293844427, 0.6692917164969598, 0.42495561750449845, -0.23910737013771846]","[-0.7070595758485199, 0.7071539692251789, 0.00013812063322721224, 3.053975624051075e-05]","[447.9237799859173, 33.211574044231426, 6.929873013673483]",4.939999999999984,100.0,0.0,"[57.45111407985169, 115.0181406107477, 115.01814061074771]",21
55,1971688097,settled,Rf4i_0003,unmatched,,"[-0.7670451610843334, -0.5854990613356909, 0.19452063009749831, 0.17605196533582376]","[-0.7071545062197001, -0.7070590524394332, -1.9157756058540976e-05, 1.8154982554585697e-05]","[447.7460590868703, 26.7927667610497, 6.919168335774618]",4.719999999999911,100.0,0.0,"[57.45111407985169, 108.8316158274787, 108.83161582747871]",20
56,268300483,settled,Rf4i_0011,unmatched,,"[0.16069949385948554, -0.1473121650444817, 0.9459423078805231, -0.2401415184112949]","[-0.00024948337184734485, -0.0002057561564980382, 0.9999999458014042, -6.180323785351896e-05]","[447.94978357936594, 40.00489738442752, 3.074179178452173]",4.739999999999918,100.0,0.0,"[57.45111407985169, 124.41959500807857, 124.41959500807857]",21
57,3139098279,settled,Rf4i_0015,unmatched,,"[0.8218696626780811, -0.0530459906765047, 0.5409598824621232, 0.1705250304475304]","[0.5000923069675979, -0.49993325310207143, 0.5000361103208503, 0.4999383115243327]","[448.01957441515236, 6.945117237144438, 26.791116081415282]",4.6199999999998775,100.0,0.0,"[57.45111407985169, 115.106409183171, 115.10640918317101]",24
58,3174456534,settled,Rf4i_0012,unmatched,,"[0.08486702368824024, 0.578487481595668, -0.8085728801483829, 0.06602817138123637]","[-8.957630593988765e-05, 0.7070877000383026, -0.7071258526310171, 7.050876593814473e-05]","[447.9733932356582, 6.935251295192818, 39.998322931905484]",4.819999999999944,100.0,0.0,"[57.45111407985169, 117.74826156225062, 117.7482615622506]",30
59,997026310,settled,Rf4i_0010,unmatched,,"[0.11339847940532417, -0.26350367621587667, -0.34201138662076364, 0.8948378673877303]","[4.905610217065258e-05, -6.756049162892629e-07, -0.707057965738738, 0.7071555915627339]","[447.7236701565755, 33.21956580579753, 3.0717808400196107]",4.4999999999998375,100.0,0.0,"[57.45111407985169, 124.79546480017555, 124.79546480017555]",28
60,4280428995,settled,Rf4i_0012,unmatched,,"[0.040082764222048275, -0.3945078544329628, 0.8849169822152643, -0.24429256924853357]","[3.2991435997998125e-05, -0.707131076486509, 0.7070824841666906, -1.2777245095817912e-05]","[447.8403236751811, 6.936158014708937, 39.99807761578519]",4.579999999999864,100.0,0.0,"[57.45111407985169, 115.59945659903444, 115.59945659903444]",31
61,345698675,settled,Rf4i_0008,unmatched,,"[0.1799933627723881, -0.12901717489034167, -0.7131556542542776, -0.6651059845967076]","[6.729555377982256e-05, 0.00013778451073451217, -0.7071246310225282, -0.707088914273156]","[448.3682297234617, 26.783714180081894, 3.064846260713681]",4.709999999999908,100.0,0.0,"[57.45111407985169, 101.45684424992484, 101.45684424992484]",23
62,2296661869,settled,Rf4i_0010,unmatched,,"[0.17970682933787863, 0.07114079317206774, 0.5188104045949198, -0.8327545899724789]","[-2.2679485940924064e-06, 2.0670283113449764e-05, 0.7070500705696522, -0.7071634869498323]","[447.65081492601024, 33.22107308601948, 3.071136465806432]",4.879999999999964,100.0,0.0,"[57.45111407985169, 117.5880897668281, 117.5880897668281]",18
63,1808063307,settled,Rf4i_0013,unmatched,,"[0.2033581204969602, 0.7445317657791194, 0.5727615353710702, -0.2761560214319879]","[-0.00016751183070751505, 0.7071176685397275, 0.7070958720781202, 4.9687118342503264e-05]","[448.0624917271336, 3.0747327761896615, 40.00887926518637]",4.990000000000001,100.0,0.0,"[57.45111407985169, 120.91511746986474, 120.91511746986474]",27
64,3884888703,settled,Rf4i_0003,unmatched,,"[0.6793004957295425, 0.4230084733751552, -0.5069137185358015, -0.32039530257889964]","[0.707077496148723, 0.7071360631522883, -1.0180586474839437e-05, 5.025824875554141e-05]","[447.9236003344145, 26.786804327938828, 6.931669852053067]",5.130000000000048,100.0,0.0,"[57.45111407985169, 123.09340277144219, 123.0934027714422]",20
65,2494461129,settled,Rf4i_0003,unmatched,,"[0.6988770933263098, 0.586695007864493, -0.028007765136989552, -0.40813642481734236]","[0.707045924128112, 0.7071676101852128, -0.0001793556766170601, 1.0502402676942912e-05]","[447.96179002187944, 26.793421723687334, 6.936295848312497]",4.699999999999904,100.0,0.0,"[57.45111407985169, 113.23554632639117, 113.23554632639116]",21
66,3862701690,settled,Rf4i_0008,unmatched,,"[0.32442249600288015, -0.49395592226430945, -0.12500221364868, 0.7969517159340374]","[1.9808539985288753e-05, 0.0001249078292065442, 0.7070550284243821, 0.707158518852352]","[447.58022821053623, 26.785735363892318, 3.0667975816503836]",4.929999999999981,100.0,0.0,"[57.45111407985169, 123.0308995492768, 123.03089954927678]",23
67,1989052338,settled,Rf4i_0003,unmatched,,"[-0.42870128489106196, -0.8600027388149851, 0.11578295519546317, 0.25140565795081565]","[-0.7071260203588348, -0.7070875386339676, 1.5502379487941645e-05, 6.164179165785157e-05]","[448.3591815067817, 26.789294326619526, 6.925575296834989]",4.709999999999908,100.0,0.0,"[57.45111407985169, 118.29749829726086, 118.29749829726086]",20
68,2910179760,settled,Rf4i_0004,unmatched,,"[0.6874480246775395, -0.6293776814475954, 0.0713303005926424, -0.35526178471651215]","[0.7070122629223339, -0.7072012842266711, -2.4443474436364188e-05, -5.539047263872221e-05]","[448.1620724553063, 33.21926783265652, 6.933247392662616]",4.689999999999901,100.0,0.0,"[57.45111407985169, 112.54644618067134, 112.54644618067135]",20
69,1983180500,settled,Rf4i_0002,unmatched,,"[0.5537040183723525, -0.21712226630328488, -0.041601373278368714, -0.8028319296434271]","[0.7071339626416618, -3.0970915799905267e-06, 7.939277911420055e-05, -0.7070795942225284]","[448.2429154416837, 3.077821362559685, 40.00172012712789]",4.799999999999938,100.0,0.0,"[57.45111407985169, 121.55705151686705, 121.55705151686706]",28
70,2796940620,settled,Rf4i_0005,unmatched,,"[0.6429623651661133, 0.4498104375355989, 0.5600263962080593, -0.2657826232360657]","[0.500068903091031, 0.49996117444515786, 0.5000089381568601, -0.4999609764491633]","[447.7071332442382, 3.0715584909305, 26.790706544280738]",4.679999999999898,100.0,0.0,"[57.45111407985169, 106.49245716661608, 106.49245716661609]",27
71,2835193311,settled,Rf4i_0014,unmatched,,"[-0.03739039526881122, -0.9208521173882708, -0.08934805188513095, -0.3776906960298498]","[9.76599411086992e-06, -0.9999999983366729, 5.569942900407465e-05, -1.1351353555751423e-05]","[447.67887992868856, 40.002452296883014, 6.933739885408536]",4.6199999999998775,100.0,0.0,"[57.45111407985169, 116.03102222773133, 116.03102222773134]",18
72,1671370085,settled,Rf4i_0005,unmatched,,"[-0.8264346652783222, -0.1321621962163896, -0.3527524311990733, 0.41845503964071346]","[-0.49995468558537637, -0.4999738032359673, -0.5001233656067825, 0.49994812492211066]","[448.23575255201894, 3.0701858119045933, 26.791873858007687]",4.879999999999964,100.0,0.0,"[57.45111407985169, 118.00752365120059, 118.00752365120059]",32
73,3953588250,settled,Rf4i_0011,unmatched,,"[0.4702031123833249, 0.021406761150447595, -0.8422546634947904, 0.26278863275141723]","[-6.830656354927438e-05, -7.581235260106789e-05, -0.9999999879281469, -0.00011717681766036807]","[448.16418632669416, 40.00713965953277, 3.06807211528181]",4.549999999999854,100.0,0.0,"[57.45111407985169, 123.14590527324084, 123.14590527324086]",25
74,358542842,settled,Rf4i_0009,unmatched,,"[0.10735659184234503, 0.2029367794254412, -0.02907667244048502, -0.9728544458778069]","[0.00013190736964296956, 9.784790771257045e-05, 8.964275418565752e-05, -0.9999999824952046]","[447.57834800176863, 40.006458008893176, 3.069187321540316]",4.5899999999998675,100.0,0.0,"[57.45111407985169, 115.00845986596671, 115.00845986596673]",13
75,3497188667,settled,Rf4i_0008,unmatched,,"[0.2919765679122567, -0.048747198747361525, 0.9150532874671483, 0.2739541485358981]","[0.00010084843073632221, 7.889203468622319e-05, 0.707187963710626, 0.707025577746986]","[447.8567366928272, 26.794669359810978, 3.0690275344069478]",4.739999999999918,100.0,0.0,"[57.45111407985169, 120.91152965846138, 120.91152965846139]",15
76,253549709,settled,Rf4i_0016,unmatched,,"[0.30010673307083396, 0.5155344203869836, -0.6703577212910298, 0.44133970551866974]","[0.49993623294112544, 0.4999417475119181, -0.5000837577513881, 0.5000382458578716]","[447.5828204660253, 6.930525326916822, 33.20769742590152]",4.819999999999944,100.0,0.0,"[57.45111407985169, 119.12360767434947, 119.12360767434949]",27
77,1953331372,settled,Rf4i_0009,unmatched,,"[-0.14150696466078264, -0.1808100534266529, 0.05662958103217592, -0.971636039926712]","[8.532647542036642e-05, -0.00012803185474809456, 8.863183681809369e-05, -0.9999999842358172]","[447.9317944475504, 40.00255055448331, 3.0714471159069556]",4.709999999999908,100.0,0.0,"[57.45111407985169, 114.85559656118951, 114.85559656118953]",15
78,890775398,settled,Rf4i_0011,unmatched,,"[0.6001554371354401, -0.15560007509735826, -0.7567404099813465, 0.2072342148578009]","[6.285708538725457e-05, 2.9113283557591352e-05, -0.9999999953128078, 6.764457090915253e-05]","[447.5522499955582, 39.991493704770484, 3.0682324051579943]",4.539999999999851,100.0,0.0,"[57.45111407985169, 124.04991924170533, 124.04991924170533]",28
79,642810498,settled,Rf4i_0014,unmatched,,"[0.2022732219215205, -0.9256380572142716, -0.08491884377451847, -0.3083318353690952]","[-7.526012781855429e-05, -0.9999999769944448, -0.00019309013538770792, 5.5346390328812954e-05]","[448.20744607883006, 40.0012819334672, 6.935142121681368]",4.5899999999998675,100.0,0.0,"[57.45111407985169, 120.42342811439622, 120.42342811439623]",27
80,1233062494,settled,Rf4i_0002,unmatched,,"[0.6484705890085933, -0.1699505138861542, -0.1394193506500166, -0.7288106494042248]","[0.7070462938106182, 0.00020477184735332438, -5.871498959931703e-05, -0.707167231303678]","[447.6013680807807, 3.0811362643032303, 40.0059676761275]",4.639999999999884,100.0,0.0,"[57.45111407985169, 123.16763257890659, 123.1676325789066]",30
81,908446902,settled,Rf4i_0016,unmatched,,"[0.22250656114612832, 0.8486682401872814, -0.3923837536671801, 0.2762028931825312]","[0.49990005698923773, 0.49997805933164674, -0.5000623536974523, 0.5000595120819936]","[448.32282416948567, 6.933341242401405, 33.21094396115755]",4.929999999999981,100.0,0.0,"[57.45111407985169, 119.54371691357359, 119.5437169135736]",30
82,3109591194,settled,Rf4i_0003,unmatched,,"[-0.7393603768084694, -0.47008268318612156, -0.4348076896123711, -0.2081124148822611]","[-0.7071137483602953, -0.7070998065311179, 8.313678117838341e-05, -5.976440645058534e-05]","[447.83705303606126, 26.794822723322216, 6.929531639900396]",4.5599999999998575,100.0,0.0,"[57.45111407985169, 117.06412105075229, 117.06412105075229]",18
83,2446198906,settled,Rf4i_0010,unmatched,,"[0.46838088924676186, -0.6025678945606854, 0.5917783634461127, -0.25947956295276087]","[6.073358114727647e-06, -0.00010784731017424168, 0.7071118631633404, -0.7071016909226998]","[448.3824126758505, 33.21937177107233, 3.0668003885644843]",5.390000000000135,100.0,0.0,"[57.45111407985169, 118.57681325548465, 118.57681325548467]",29
84,3358664237,settled,Rf4i_0008,unmatched,,"[0.024765616581336785, 0.0070959192151057865, -0.5881586200781739, -0.8083351716915311]","[0.00011416832311769706, -0.0003062680624753566, -0.7071384981767194, -0.7070749872268441]","[448.30592376946106, 26.793783039201504, 3.0665945042832132]",4.709999999999908,100.0,0.0,"[57.45111407985169, 110.56490305256332, 110.56490305256334]",15
85,896344283,settled,Rf4i_0005,unmatched,,"[-0.38634312381259117, -0.4288502954339026, -0.23248445573040505, 0.7828009917167457]","[-0.5000357778789688, -0.4999466514119708, -0.5000783186339102, 0.49993923812320795]","[448.3557958083161, 3.0767492376211054, 26.793446990562884]",4.669999999999894,100.0,0.0,"[57.45111407985169, 112.75014876646664, 112.75014876646664]",23
86,1869944201,settled,Rf4i_0005,unmatched,,"[0.670371325755256, 0.3999286459601908, 0.031112881082000495, -0.6242526350576072]","[0.5001265101856394, 0.49994090316916223, 0.5000117222133308, -0.4999208385306567]","[447.6006945370335, 3.078385826376788, 26.784352409159418]",4.789999999999934,100.0,0.0,"[57.45111407985169, 121.20226918352364, 121.20226918352363]",31
87,3190319407,settled,Rf4i_0002,unmatched,,"[-0.4447457840659689, 0.06240244522790489, 0.13797312136129672, 0.8827630147253258]","[-0.7071088594673396, -1.5931201834430144e-05, 4.275742397421203e-05, 0.7071047014274462]","[447.68335750797144, 3.076768704983954, 40.001151129186496]",4.889999999999968,100.0,0.0,"[57.45111407985169, 112.99616643492998, 112.99616643492999]",34
88,987968938,settled,Rf4i_0001,unmatched,,"[-0.8775247888270632, -0.11605795115981574, -0.46151621007641014, -0.05902190104792356]","[-0.9999999946906591, 4.652203776089849e-05, 6.114219020729729e-05, -6.867324375714468e-05]","[448.33492242338065, 39.996354055715194, 6.93095528332648]",4.489999999999834,100.0,0.0,"[57.45111407985169, 118.28091962757328, 118.2809196275733]",23
89,48960437,settled,Rf4i_0005,unmatched,,"[0.2114012471439735, 0.6114095541866983, 0.6451706556466325, -0.406500547167762]","[0.4999722948833517, 0.4998084565948404, 0.50014868442795, -0.5000704995601613]","[448.28572700342596, 3.0636202376180255, 26.787506465739796]",4.5299999999998475,100.0,0.0,"[57.45111407985169, 118.51555903788352, 118.51555903788352]",31
90,2405484524,settled,Rf4i_0012,unmatched,,"[-0.3417230195255686, -0.4212427763487342, 0.8142340509593118, 0.20688840363521335]","[-8.865355640589363e-05, -0.7071830869115459, 0.707030461159316, 2.682626990895893e-05]","[447.57436220125186, 6.935920912608268, 39.999709628912406]",4.809999999999941,100.0,0.0,"[57.45111407985169, 119.76196051842265, 119.76196051842267]",28
91,3763400334,settled,Rf4i_0012,unmatched,,"[0.10769911928143597, 0.8032662467918286, -0.5638345914346622, 0.15891755715678432]","[4.887212094288204e-05, 0.7070914262831653, -0.7071221249555929, -0.00011351934487347007]","[447.6570082997774, 6.927405527182698, 39.99090144920237]",4.809999999999941,100.0,0.0,"[57.45111407985169, 122.2614215517348, 122.2614215517348]",29
92,4209925572,settled,Rf4i_0005,unmatched,,"[-0.2551440352611338, -0.7322693535047043, 0.09629130523668734, 0.6240281241452846]","[-0.5000466080807643, -0.5000169552069668, -0.4999859779011414, 0.49995045369988006]","[447.89652598185035, 3.0704494197417893, 26.78622466880181]",4.739999999999918,100.0,0.0,"[57.45111407985169, 120.5342789442865, 120.53427894428651]",28
93,4172993659,settled,Rf4i_0008,unmatched,,"[0.02061258821177018, -0.08279958466112873, -0.5816412641634049, -0.8089578417999006]","[-6.394032578066478e-05, -2.1021935292075966e-05, -0.7072082399715487, -0.7070053046378489]","[448.16534698553, 26.791768362426602, 3.0726115861980148]",4.719999999999911,100.0,0.0,"[57.45111407985169, 111.12685011472018, 111.1268501147202]",18
94,2147595062,unsettled,,not_evaluated,,"[0.2212092258062878, -0.37459868996068196, -0.8561954135913807, 0.2786964543064874]","[0.0001287537289543249, -0.4084419083949313, -0.9127842937213535, -0.00015499933497052358]","[448.11303069651024, 28.948358909346155, 31.86866799086334]",4.219999999999744,100.0,0.0,"[57.45111407985169, 118.21552354949095, 118.21552354949097]",24
95,3425188374,settled,Rf4i_0020,unmatched,,"[0.5059250338539225, 0.5109554085324367, 0.07321181329946617, 0.6910893292511195]","[0.7070874315505872, -7.41248016785783e-05, 2.4685458691817762e-05, 0.7071261259770676]","[447.92430491932765, 6.935572820951915, 40.00361287091983]",4.669999999999894,100.0,0.0,"[57.45111407985169, 124.90602001782442, 124.90602001782443]",37
96,3309235867,settled,Rf4i_0014,unmatched,,"[-0.24306734196876895, -0.9520584383161628, 0.18532314741948006, -0.012582858568879786]","[-3.1902312275817184e-05, -0.9999999994895238, 1.196701543748624e-06, 1.3277163740520293e-06]","[448.0433717298365, 40.00787573049039, 6.937388601904424]",4.679999999999898,100.0,0.0,"[57.45111407985169, 119.9980102642729, 119.99801026427292]",19
97,3869940862,settled,Rf4i_0005,unmatched,,"[0.4370446962991622, 0.5315879670277385, -0.0712213307553231, -0.7220344097018713]","[0.5001365889979097, 0.4999444838547221, 0.49999594025239175, -0.4999229592046142]","[447.8143776611696, 3.0796346234137526, 26.788596110624383]",4.579999999999864,100.0,0.0,"[57.45111407985169, 120.04222471270336, 120.04222471270337]",21
98,3445858407,settled,Rf4i_0015,unmatched,,"[0.3661788719150667, -0.41659059920173236, 0.7948487591076118, 0.24613158384254633]","[0.5001297685513576, -0.5001159780646982, 0.4999361316057845, 0.4998180543039633]","[447.7592029226815, 6.939053029774733, 26.78380579962295]",4.739999999999918,100.0,0.0,"[57.45111407985169, 114.25778440552564, 114.25778440552565]",23
99,683688611,settled,Rf4i_0015,unmatched,,"[-0.682405748726563, 0.305727349839879, -0.6632158721570864, 0.03158937453857804]","[-0.5000034979144404, 0.49999534255019956, -0.5000018005103554, -0.4999993589874248]","[448.1973910046462, 6.942386938349522, 26.785746924707226]",4.539999999999851,100.0,0.0,"[57.45111407985169, 122.91530280333313, 122.91530280333315]",28
100,3671515462,settled,Rf4i_0020,unmatched,,"[0.6402118711341894, -0.3304223695691226, -0.27371010904364496, 0.6372068690421518]","[0.7070985103960075, -4.971634132736203e-05, -5.189758698390434e-05, 0.7071150482281319]","[448.1132464189433, 6.931787749585361, 40.00146360210177]",4.569999999999861,100.0,0.0,"[57.45111407985169, 114.73775404408194, 114.73775404408195]",33
101,3027130951,settled,Rf4i_0008,unmatched,,"[0.4323985038399516, -0.027103271289900536, 0.5777234325488388, 0.6917604947135565]","[-8.40992889691028e-05, -2.738470333707444e-05, 0.707224613813075, 0.7069889233887151]","[447.84364802285944, 26.791829606299547, 3.0701406492934358]",4.709999999999908,100.0,0.0,"[57.45111407985169, 111.69171610887652, 111.69171610887652]",21
102,3369736057,settled,Rf4i_0013,unmatched,,"[0.392632373983932, 0.52958689597549, 0.7336367340362236, 0.1647867742977288]","[2.7516534193011466e-05, 0.7070709671615395, 0.7071425899482958, 6.419736614982793e-05]","[448.1089681402044, 3.0813991857263425, 39.99879006684389]",4.990000000000001,100.0,0.0,"[57.45111407985169, 120.126700945825, 120.12670094582501]",37
103,1655287705,settled,Rf4i_0013,unmatched,,"[-0.338374559147956, -0.8339932412337537, -0.3591333831681041, -0.24694360569181797]","[1.7439820680662663e-06, -0.7070798621450612, -0.7071336954408154, -7.292527580482994e-05]","[448.13506044607686, 3.0739307367381556, 40.00044639709056]",4.919999999999978,100.0,0.0,"[57.45111407985169, 114.42833271539278, 114.4283327153928]",23
104,3004971955,settled,Rf4i_0020,unmatched,,"[0.5983807723644567, 0.14162009627689387, 0.0638763219609358, 0.7860050986398133]","[0.7071425738477717, 2.161311987431415e-05, 2.221472953759898e-06, 0.707070986379647]","[448.3228267629451, 6.934132618589974, 39.997899313220664]",4.779999999999931,100.0,0.0,"[57.45111407985169, 116.66392262721574, 116.66392262721574]",24
105,1256815592,settled,Rf4i_0015,unmatched,,"[-0.8963728679837667, 0.2073247730587596, -0.3124893183533954, -0.23639489405171335]","[-0.49992106092112043, 0.5000721712813381, -0.500088185065723, -0.49991855688215925]","[447.76150711085205, 6.933697450599964, 26.78281667017454]",4.799999999999938,100.0,0.0,"[57.45111407985169, 116.07466399917297, 116.07466399917298]",33
106,267482411,settled,Rf4i_0015,unmatched,,"[0.4002740386498517, -0.1331578089714626, 0.5374979806924249, 0.7301682084591344]","[0.49986601977992207, -0.4999880349329011, 0.4999941409803659, 0.500151763146568]","[447.9889481976893, 6.939934097267399, 26.791239845353758]",4.779999999999931,100.0,0.0,"[57.45111407985169, 109.07811829540555, 109.07811829540553]",32
107,2210323869,settled,Rf4i_0008,unmatched,,"[-0.03946429185382657, -0.17456744636691948, 0.9180226636504986, 0.35384059315100097]","[3.739482863879262e-05, -0.00025832064562492096, 0.7070454311286927, 0.707168077752462]","[448.3463231656798, 26.79003930005164, 3.0709542128532616]",4.669999999999894,100.0,0.0,"[57.45111407985169, 120.056607024901, 120.05660702490101]",21
108,3218958405,settled,Rf4i_0011,unmatched,,"[-0.404214603219616, -0.0038812743139640593, -0.9040684339258072, 0.13876511460971241]","[3.586510729071195e-05, 0.0001010770756870172, -0.9999999935337646, -3.780991494060721e-05]","[447.7860211273364, 40.00239197846716, 3.0617312978653]",4.729999999999914,100.0,0.0,"[57.45111407985169, 119.76379933688875, 119.76379933688877]",18
109,3163371865,settled,Rf4i_0004,unmatched,,"[0.8462289503461226, -0.5167025404202564, -0.06457889602577149, 0.11289204802573749]","[0.7070865597663767, -0.7071269997243608, 2.5298020616876242e-05, -5.117210416577532e-05]","[447.6836094090714, 33.212487979171115, 6.929163823366904]",4.689999999999901,100.0,0.0,"[57.45111407985169, 120.72292809195075, 120.72292809195076]",9
110,1394697297,settled,Rf4i_0010,unmatched,,"[-0.527043442183119, 0.08164700032060408, 0.5638111724638022, -0.6306155240678819]","[-5.404269419961861e-05, 0.00014786291229099138, 0.7071230852635996, -0.7070904592081798]","[447.9324506578928, 33.22671568291709, 3.067692204272778]",4.719999999999911,100.0,0.0,"[57.45111407985169, 120.62350246193719, 120.6235024619372]",29
111,4178031102,settled,Rf4i_0005,unmatched,,"[0.14205173309217967, 0.22217751906063563, 0.8725296558567031, -0.4112790473634079]","[0.5000300213214995, 0.49993188584173137, 0.5000133965272443, -0.5000246899796447]","[448.1339965923544, 3.070768263053908, 26.786271664832167]",4.609999999999874,100.0,0.0,"[57.45111407985169, 118.51827228116127, 118.51827228116129]",24
112,643453088,settled,Rf4i_0008,unmatched,,"[0.16125469630250971, -0.1583389287120832, -0.45793045026355916, -0.8597821871242212]","[0.00014557713191812316, -4.40816176605352e-05, -0.7070912616624299, -0.7071222840108653]","[447.7470845748452, 26.785854082066592, 3.0658947047958742]",4.5899999999998675,100.0,0.0,"[57.45111407985169, 114.87585073209435, 114.87585073209435]",20
113,3249835323,settled,Rf4i_0016,unmatched,,"[-0.4388154353499695, -0.6030056891706321, 0.6417647301759779, -0.17878250369827034]","[-0.500049874635677, -0.5000981428736253, 0.49998407083985325, -0.4998678818223906]","[448.1293559108919, 6.93869089136908, 33.205075929630155]",4.979999999999998,100.0,0.0,"[57.45111407985169, 124.03972272649867, 124.03972272649868]",29
114,349764347,settled,Rf4i_0005,unmatched,,"[-0.30489753517779516, -0.43322652470872064, -0.6190352861678763, 0.5797823607271656]","[-0.49998215433156656, -0.5000147020254218, -0.5000638801209172, 0.4999392552168787]","[447.85591157400336, 3.07747136492117, 26.780570983133625]",4.669999999999894,100.0,0.0,"[57.45111407985169, 104.93813669532753, 104.93813669532754]",25
115,317791015,settled,Rf4i_0003,unmatched,,"[0.5443368254782056, 0.8017468445001573, -0.08128455950703292, 0.2330069487120453]","[0.7070479561866632, 0.707165599785722, 3.271140616711854e-05, 3.2587217224100407e-05]","[448.1807802829071, 26.789412776844873, 6.937433574555217]",4.669999999999894,100.0,0.0,"[57.45111407985169, 113.50613359047499, 113.506133590475]",23
116,4067508317,settled,Rf4i_0003,unmatched,,"[0.5955590242325951, 0.7207480982005338, 0.2068895066340097, 0.28814642048821065]","[0.7071426602796758, 0.7070708946829676, 8.552059123095868e-05, 2.4311299649554252e-05]","[447.7155947655206, 26.791187336271545, 6.932402938404999]",4.579999999999864,100.0,0.0,"[57.45111407985169, 109.16633405073611, 109.1663340507361]",20
117,2385507088,settled,Rf4i_0004,unmatched,,"[0.7935180967557761, -0.5842239107778282, 0.16865601414313822, -0.02380338400102947]","[0.7070856162268396, -0.7071279088659824, -0.00022708873386528827, -1.60822964998808e-05]","[447.845664230534, 33.209145778956184, 6.930150320207117]",4.629999999999881,100.0,0.0,"[57.45111407985169, 117.52488723332159, 117.5248872333216]",11
118,1526028037,settled,Rf4i_0012,unmatched,,"[0.2630177601705282, -0.7900518183688993, 0.4937222272738805, -0.25075514834713364]","[0.00011362956995105904, -0.7070915207355519, 0.7071220240021235, -0.00010753299811844822]","[448.1274415768732, 6.9312336780854995, 40.000387415600784]",4.609999999999874,100.0,0.0,"[57.45111407985169, 116.40641230107488, 116.4064123010749]",33
119,297824171,settled,Rf4i_0001,unmatched,,"[-0.933932999720975, 0.21481804800681226, 0.26642393429049765, 0.10315350464185136]","[-0.9999999928047607, -2.9101257273332942e-05, -0.0001082218687868338, 4.279746006796703e-05]","[447.81947380798556, 40.005561564718185, 6.933244685139377]",4.769999999999928,100.0,0.0,"[57.45111407985169, 120.61118805438852, 120.6111880543885]",27
120,1353143832,settled,Rf4i_0016,unmatched,,"[0.5671219962586049, 0.5721035472805955, -0.5847319661804703, 0.09570109861091201]","[0.49998187054167004, 0.49999299730308233, -0.4999972809012664, 0.500027850093245]","[447.918058022012, 6.942894782330627, 33.2022980461339]",5.230000000000081,100.0,0.0,"[57.45111407985169, 122.85989442923419, 122.8598944292342]",30
121,1739382006,settled,Rf4i_0001,unmatched,,"[0.9563955010837077, 0.2085247552370943, 0.03434642180192158, -0.2016070317959121]","[0.9999999986361722, 4.6984692044738196e-05, -1.790188666687001e-06, -2.2735209142144e-05]","[448.00347575288157, 40.001331544865224, 6.923670851589146]",4.629999999999881,100.0,0.0,"[57.45111407985169, 117.52127552807272, 117.52127552807274]",25
122,580680804,settled,Rf4i_0016,unmatched,,"[-0.16968873215430308, -0.36406722040316836, 0.42312173284399845, -0.8121753458477228]","[-0.5000513565074305, -0.4999992940998802, 0.500004096750482, -0.4999452469895427]","[447.85580943289074, 6.941270366260903, 33.21128845683512]",4.6199999999998775,100.0,0.0,"[57.45111407985169, 118.85397510504423, 118.85397510504424]",17
123,2823014988,settled,Rf4i_0013,unmatched,,"[-0.41227841655831576, -0.6776159921022714, -0.6077500533991811, 0.03876786144108055]","[5.753789522006611e-05, -0.7071072314469822, -0.7071063182104662, -0.00012112643716140795]","[447.7242611886112, 3.0728472454353666, 40.005151076955045]",5.1500000000000545,100.0,0.0,"[57.45111407985169, 120.99919574056891, 120.99919574056892]",36
124,3517474495,settled,Rf4i_0008,unmatched,,"[-0.23672114932782023, 0.04142403951345284, -0.8289665791097921, -0.5050361938815002]","[-1.4712031257024805e-05, 5.661108300331064e-06, -0.7070266144923839, -0.7071869386173263]","[448.4163428477629, 26.814242774665324, 3.0723491441724886]",4.669999999999894,100.0,0.0,"[57.45111407985169, 116.20610535240161, 116.20610535240161]",16
125,1323262800,settled,Rf4i_0003,unmatched,,"[-0.6415921793379193, -0.5698607289892506, 0.4583733999693336, -0.23132671953065048]","[-0.7070786648131171, -0.7071348832128999, 0.0001303150216151461, -4.156408843797311e-05]","[448.11697538482946, 26.787251031869417, 6.930171711487831]",4.749999999999921,100.0,0.0,"[57.45111407985169, 113.30227614481493, 113.30227614481493]",26
126,975802718,settled,Rf4i_0008,unmatched,,"[0.1828500380211907, -0.3326974519297312, -0.8638549380056043, -0.3311086153491733]","[-2.5506581721401748e-05, 2.166171922093896e-05, -0.707010403814552, -0.7072031446325507]","[447.6129380148887, 26.794308958262466, 3.07151116272451]",4.859999999999958,100.0,0.0,"[57.45111407985169, 110.85297155200013, 110.85297155200014]",19
127,2199045525,settled,Rf4i_0010,unmatched,,"[-0.22696590219673, 0.3044849169639917, -0.8281543798994311, 0.4122326256312622]","[-3.0046811821393682e-05, 6.144940653984854e-05, -0.7069706608026828, 0.7072428720640298]","[448.0694372410926, 33.21524569649146, 3.0716736998181986]",4.869999999999961,100.0,0.0,"[57.45111407985169, 121.16508113582641, 121.1650811358264]",29
128,1193102617,settled,Rf4i_0009,unmatched,,"[0.264923181569912, 0.29490665124873133, -0.18009117139264283, -0.9002293846029246]","[6.104663621764317e-05, 3.4343179522368006e-05, 8.52751723547183e-05, -0.9999999939109996]","[447.5666224029474, 40.00407141048469, 3.069493610453035]",4.549999999999854,100.0,0.0,"[57.45111407985169, 118.51040831258896, 118.51040831258898]",13
129,884894373,settled,Rf4i_0015,unmatched,,"[0.24323434425598156, -0.33171914018306525, 0.7142081939729147, 0.5663092101251029]","[0.5000118271120417, -0.49984965561241723, 0.5000076818480452, 0.5001307955177022]","[448.00347975156285, 6.938236041392799, 26.78368116488958]",4.649999999999888,100.0,0.0,"[57.45111407985169, 102.04580814651926, 102.04580814651928]",30
130,3411013638,settled,Rf4i_0008,unmatched,,"[0.3126121128521153, -0.6949372831241458, -0.027806151001005218, -0.6469641855533245]","[-2.4625459555921436e-05, 0.00014681791571907743, -0.7071231218691746, -0.7070904244550897]","[448.36873850041735, 26.78950895732056, 3.0636972076155033]",4.799999999999938,100.0,0.0,"[57.45111407985169, 119.42610903252334, 119.42610903252336]",27
131,805745625,settled,Rf4i_0015,unmatched,,"[-0.3424978912137264, 0.6707485143263009, 0.13948719511167293, -0.6429113060470228]","[-0.5000325345698531, 0.4999933636703436, -0.49984423830643, -0.500129821235576]","[448.23350347080884, 6.928242122376816, 26.784005840187568]",5.050000000000021,100.0,0.0,"[57.45111407985169, 124.74200276832002, 124.74200276832003]",28
132,3780170430,settled,Rf4i_0003,unmatched,,"[-0.45454422231488245, -0.5278795953913799, 0.4315643283729163, 0.5731360337700163]","[-0.707183964086598, -0.707029589038588, -4.509497276400376e-06, 3.37987472588952e-05]","[448.20692458772754, 26.804309488262227, 6.932101213554533]",5.290000000000101,100.0,0.0,"[57.45111407985169, 117.56685778913713, 117.56685778913715]",20
133,3127142703,settled,Rf4i_0003,unmatched,,"[0.8109661425997057, 0.5741242930685939, -0.029942342788381628, 0.10871369634863957]","[0.7071891859677851, 0.7070243652989632, -2.0882468406174803e-05, -4.108214258058407e-05]","[448.03117951922076, 26.793755716154376, 6.93222800398692]",4.709999999999908,100.0,0.0,"[57.45111407985169, 111.62604623438423, 111.62604623438425]",17
134,2145807442,settled,Rf4i_0001,unmatched,,"[-0.9662686388106635, 0.17809795131962475, 0.1504178008414682, -0.10945557352988719]","[-0.9999999621522162, 7.337376758317193e-05, 0.00018094336029036143, 0.00019383332225553224]","[448.2663251614674, 40.002324933065324, 6.930587681993234]",4.699999999999904,100.0,0.0,"[57.45111407985169, 122.83430460086362, 122.83430460086362]",24
135,7356014,settled,Rf4i_0004,unmatched,,"[0.4988490939016427, -0.7433352498905929, -0.3422532345282446, 0.2854207617510581]","[0.7070943183442867, -0.7071192424875611, 2.9811021841880114e-05, -3.131053340788004e-05]","[447.7426428500732, 33.22307067829122, 6.93526307525925]",5.1200000000000445,100.0,0.0,"[57.45111407985169, 115.2392102694365, 115.23921026943651]",27
136,1854214563,unsettled,,not_evaluated,,"[-0.4786522849747108, 0.042381572721339654, -0.04037269627946136, 0.8760512757694499]","[-0.4787795505895492, -6.588541448426685e-05, 2.4617672140051426e-05, 0.8779351553448306]","[448.48854647845417, 24.24447860245107, 35.278676982090765]",4.189999999999734,100.0,0.0,"[57.45111407985169, 109.22753423982515, 109.22753423982516]",23
137,3246756741,settled,Rf4i_0008,unmatched,,"[-0.08399953635894963, -0.5055213412894473, 0.5871633428450268, 0.626603112194197]","[-0.00010901841904806253, -0.0001927620236363281, 0.7070732092847736, 0.7071403168180397]","[448.18007186277896, 26.795399379953892, 3.077083888917781]",4.699999999999904,100.0,0.0,"[57.45111407985169, 116.45224148207136, 116.45224148207137]",22
138,4269520782,settled,Rf4i_0003,unmatched,,"[-0.5194752963382888, -0.681171635858136, -0.44299430503509846, -0.2643986851386907]","[-0.7071187330449215, -0.7070948238572298, 8.005887382908639e-05, -3.227746920780872e-05]","[447.8594053300491, 26.78761271604266, 6.935629067105641]",4.569999999999861,100.0,0.0,"[57.45111407985169, 113.76085911376612, 113.76085911376613]",20
139,3093880402,settled,Rf4i_0012,unmatched,,"[-0.05416076341648033, -0.7478633609396701, 0.6225989594738519, -0.22391413696379583]","[8.526233018610659e-05, -0.7069729198642412, 0.7072406120257757, -3.220386315716009e-06]","[447.9719806239769, 6.932833889980932, 40.00259325163327]",4.5899999999998675,100.0,0.0,"[57.45111407985169, 123.21598668386616, 123.21598668386618]",30
140,721312908,settled,Rf4i_0001,unmatched,,"[0.9460509825279109, 0.08363880904516226, 0.11253047497721545, -0.29211124641287545]","[0.999999988739663, 0.00014567194998476056, -3.565487968256443e-05, 5.393191568892065e-06]","[448.3719985088682, 39.99827782154314, 6.93053528218792]",4.439999999999817,100.0,0.0,"[57.45111407985169, 109.55655863405799, 109.556558634058]",19
141,2185234596,settled,Rf4i_0016,unmatched,,"[0.658049694064986, 0.4307563872776133, -0.5116749430735624, 0.3458443112025753]","[0.5000339283822193, 0.49999435518639135, -0.5000149504794619, 0.49995676267594547]","[447.5878705519306, 6.927036409783232, 33.208837317951534]",4.949999999999988,100.0,0.0,"[57.45111407985169, 107.19009011848458, 107.19009011848459]",34
142,1811372632,settled,Rf4i_0015,unmatched,,"[-0.7830079767653161, 0.2912889024962417, -0.5406254869584637, 0.09886033813084501]","[-0.5001778968248254, 0.49982775430924764, -0.49997228879426897, -0.5000219975039987]","[448.1118464624138, 6.938513174085648, 26.788441398253454]",4.579999999999864,100.0,0.0,"[57.45111407985169, 124.95140325832563, 124.95140325832563]",31
143,158871473,settled,Rf4i_0008,unmatched,,"[0.2953320344710821, 0.049810363611343736, -0.7414813692062492, -0.6004192670227223]","[2.781149121058868e-05, 0.00016423337993640152, -0.7071200198804263, -0.7070935226249944]","[448.1359752492059, 26.793910603754092, 3.0681601117962827]",4.649999999999888,100.0,0.0,"[57.45111407985169, 109.1731426148177, 109.17314261481772]",22
144,3933942357,settled,Rf4i_0015,unmatched,,"[-0.5223161875567112, 0.16004639687034006, -0.6757715829697406, -0.4948774784889842]","[-0.5000268470396653, 0.4999520200457186, -0.4999876695032556, -0.5000334591169673]","[448.1445399484239, 6.941626581397203, 26.784912241176723]",4.739999999999918,100.0,0.0,"[57.45111407985169, 109.590061479041, 109.59006147904101]",18
145,2247311752,settled,Rf4i_0014,unmatched,,"[0.17245837010463527, -0.918707757440569, -0.27106461152521216, 0.22969140902101487]","[-6.247885428995832e-05, -0.999999991386843, 5.598549290197763e-05, -0.00010093726400828308]","[447.88435690823934, 40.00431974290289, 6.93422677693499]",4.709999999999908,100.0,0.0,"[57.45111407985169, 120.39844825104608, 120.39844825104609]",19
146,2639539135,settled,Rf4i_0014,unmatched,,"[0.24645239917756623, 0.9491774324123663, 0.19576363711496306, -0.00012297239657634696]","[-1.5115493812896426e-05, 0.9999999987825188, -1.7162549053595377e-06, -4.694186809432911e-05]","[448.0879260395981, 39.997821916662055, 6.926692155259047]",4.769999999999928,100.0,0.0,"[57.45111407985169, 118.45755269021254, 118.45755269021255]",20
147,588020478,settled,Rf4i_0003,unmatched,,"[-0.5541136395536193, -0.535687911217833, 0.6371731857264717, 0.0026206157474491726]","[-0.7071256308350594, -0.7070879246856201, 7.545532316716175e-06, 9.4461458597761e-05]","[448.2998040709022, 26.7984690345833, 6.926036037563716]",5.260000000000091,100.0,0.0,"[57.45111407985169, 124.79531676488902, 124.79531676488902]",16
148,2481404281,settled,Rf4i_0006,unmatched,,"[0.47312332071797125, -0.36721755019782076, -0.5034863658683956, -0.6227415785092134]","[0.500015326155982, -0.5000160606017702, -0.49997566542888006, -0.4999929466786132]","[448.22784362397914, 3.074243228440658, 33.21313100411687]",4.639999999999884,100.0,0.0,"[57.45111407985169, 113.37082316616748, 113.3708231661675]",22
149,3605935409,settled,Rf4i_0008,unmatched,,"[0.43758170113077044, -0.04842813697409204, 0.8423244287835887, 0.3109124105903791]","[1.0589875400701665e-05, 3.73761973324338e-05, 0.70704674127236, 0.7071668149362008]","[448.1848254001217, 26.795687096101766, 3.071774656901883]",4.969999999999994,100.0,0.0,"[57.45111407985169, 120.13666452411022, 120.13666452411023]",30
150,1724216363,settled,Rf4i_0004,unmatched,,"[0.9038264397716476, -0.3574809547607453, -0.07814863091813816, 0.2218060532056667]","[0.7070572710159324, -0.7071562622576315, -6.023569983387711e-05, -0.00018062385977349327]","[448.3236279491348, 33.21978237854819, 6.9229686154513335]",4.869999999999961,100.0,0.0,"[57.45111407985169, 123.55672938645158, 123.55672938645158]",15
151,3705963873,settled,Rf4i_0008,unmatched,,"[-0.24027385609289806, -0.5535180547836926, -0.6057941642682696, -0.5185553660364869]","[2.5647926127220222e-05, -5.11694443838806e-06, -0.7071276972522034, -0.7070858640185059]","[447.82118709959377, 26.790380647158212, 3.0687091036838576]",5.070000000000028,100.0,0.0,"[57.45111407985169, 119.73504391173077, 119.73504391173078]",21
152,3077038052,settled,Rf4i_0014,unmatched,,"[0.1080488437677232, 0.9024479935694852, 0.290136968917735, 0.2995556801833302]","[3.3365747995224905e-05, 0.9999999977044574, -5.459999977436292e-05, -2.228569407335424e-05]","[447.75095904703437, 40.00502156622928, 6.933682264950187]",4.739999999999918,100.0,0.0,"[57.45111407985169, 116.64181718755043, 116.64181718755044]",22
153,3012538924,settled,Rf4i_0008,unmatched,,"[-0.2967683441627183, 0.032054318743469104, 0.7489957090204642, 0.5915289497748546]","[-5.5220673664702076e-05, 0.0001738522758908401, 0.7071291495023304, 0.7070843886341817]","[448.24442122460437, 26.78883756197089, 3.070384322188407]",4.629999999999881,100.0,0.0,"[57.45111407985169, 109.0874832919545, 109.08748329195451]",23
154,339579960,settled,Rf4i_0015,unmatched,,"[0.10943307599770635, -0.7653763970695862, 0.4390938896072842, 0.457624222256652]","[0.4999889242908719, -0.5000119870060878, 0.5000797784604091, 0.49991929709871047]","[448.18137750378764, 6.932423462667982, 26.785923069248273]",4.659999999999891,100.0,0.0,"[57.45111407985169, 118.28480572946613, 118.28480572946613]",21
155,3595527923,settled,Rf4i_0008,unmatched,,"[0.2823598288094946, 0.23222413686361007, -0.7567781334317684, -0.5418779697424069]","[-1.5622436203732715e-05, 2.646969606565075e-05, -0.7070896347525453, -0.7071239265367896]","[447.84414545913654, 26.799727041328136, 3.074454762371328]",4.6199999999998775,100.0,0.0,"[57.45111407985169, 110.70412715794579, 110.7041271579458]",31
156,863450078,settled,Rf4i_0004,unmatched,,"[0.7155061920956329, -0.5773152119456528, -0.01774451200080499, 0.39299257934827014]","[0.7071224438708902, -0.7070911160371454, 5.472894046662514e-05, -3.8373126320934153e-07]","[447.8983587205076, 33.21365918544557, 6.929194014223071]",4.969999999999994,100.0,0.0,"[57.45111407985169, 112.2863121386994, 112.2863121386994]",21
157,1293846983,settled,Rf4i_0011,unmatched,,"[-0.18121937706311114, -0.3645890702557667, 0.8980017844289259, -0.16681469476445587]","[2.6617539081607043e-06, 6.443696788077659e-05, 0.9999999978876667, -8.090662012001677e-06]","[447.939405025776, 39.999295700826224, 3.071928209419678]",4.439999999999817,100.0,0.0,"[57.45111407985169, 113.38518838058145, 113.38518838058147]",14
158,297175216,settled,Rf4i_0002,unmatched,,"[-0.8477666509896012, -0.1312003505967588, -0.01452264579268696, 0.5136801205345047]","[-0.7070870602657319, 4.803985377886363e-05, 9.320214758950123e-05, 0.7071264937833242]","[447.8989873254958, 3.0654232321159247, 39.98911729366138]",4.649999999999888,100.0,0.0,"[57.45111407985169, 114.93760020361722, 114.93760020361724]",31
159,1619853330,settled,Rf4i_0013,unmatched,,"[0.15586584480866492, 0.8197316892259058, 0.5503561712418267, -0.029221240168093774]","[-4.5376810485202254e-05, 0.7071167843119947, 0.7070967764499289, 4.39644083489604e-06]","[447.55245202133455, 3.0757608969952113, 40.001467820442265]",4.779999999999931,100.0,0.0,"[57.45111407985169, 117.03760293821762, 117.03760293821763]",26
160,1315304267,settled,Rf4i_0011,unmatched,,"[-0.4261424284512491, 0.323448349614014, -0.8134978350905626, 0.22804619731232195]","[5.938565668095015e-05, 4.621774466384565e-05, -0.9999999970748015, -1.3698940344440532e-05]","[448.4082112930179, 40.00146602656596, 3.0713606390651327]",4.839999999999951,100.0,0.0,"[57.45111407985169, 123.95982598335489, 123.9598259833549]",26
161,3174143715,settled,Rf4i_0010,unmatched,,"[0.21028905661679084, 0.04956162990199746, 0.6021092416687611, -0.7686264493274656]","[4.3779385246911495e-05, 0.00014277143472971043, 0.707090119117117, -0.7071234270950327]","[447.76128124347764, 33.212710718654, 3.06957143010389]",4.729999999999914,100.0,0.0,"[57.45111407985169, 111.39423017871762, 111.39423017871763]",17
162,1039824701,settled,Rf4i_0010,unmatched,,"[0.01929008521369939, -0.13940476716176264, -0.33327631338561314, 0.9322666477146534]","[-2.2785079156151248e-05, 0.00014301372572200768, -0.7070898180562158, 0.7071237290808039]","[447.8862578586605, 33.21954781772782, 3.0697158956506585]",4.739999999999918,100.0,0.0,"[57.45111407985169, 124.78688374151531, 124.78688374151533]",16
163,721441559,settled,Rf4i_0020,unmatched,,"[0.46336501333295005, -0.46209886921724336, -0.18784827917029898, 0.732441481280148]","[0.707012155188211, -0.00012541249175675203, -5.364680821859431e-05, 0.7072013813687358]","[447.6360627199157, 6.939240477141884, 39.98875081589769]",4.829999999999948,100.0,0.0,"[57.45111407985169, 120.71612753926472, 120.71612753926473]",38
164,4105799406,settled,Rf4i_0002,unmatched,,"[0.8527785751162813, 0.07031150942377336, -0.23963750908264853, -0.45869255248571367]","[0.7071127012414185, 4.2740917638316666e-05, 4.8084437441784655e-06, -0.7071008597740194]","[448.0920394920651, 3.068059678485769, 39.99845598057182]",4.5599999999998575,100.0,0.0,"[57.45111407985169, 120.00251061668274, 120.00251061668274]",27
165,1633137197,settled,Rf4i_0006,unmatched,,"[0.7236837473945174, -0.25836959954595595, -0.3369182255788813, -0.5440708529780555]","[0.49995690884686733, -0.49990216160931605, -0.5000742530941772, -0.5000666550640219]","[448.3218531589555, 3.0770530701927905, 33.21551345944479]",4.439999999999817,100.0,0.0,"[57.45111407985169, 124.03315705362908, 124.03315705362908]",28
166,1521883525,settled,Rf4i_0011,unmatched,,"[-0.5517513661834995, 0.22633379929291328, 0.7597306458933603, -0.2591385476974333]","[-5.238122337108982e-05, 4.867373234790363e-05, 0.9999999970355381, 2.8565699194501666e-05]","[447.771570471476, 40.00271902105894, 3.067645073947703]",4.439999999999817,100.0,0.0,"[57.45111407985169, 124.79073821035377, 124.79073821035378]",16
167,3988848284,settled,Rf4i_0015,unmatched,,"[0.7716485919791595, -0.43616381321231806, 0.404354639949391, 0.22542604927574153]","[0.5000957629156042, -0.4998681145867046, 0.49996016985852804, 0.5000759187247722]","[447.6320422958137, 6.946281186099017, 26.77577302590018]",4.849999999999954,100.0,0.0,"[57.45111407985169, 114.58423495081455, 114.58423495081456]",29
168,2356674901,settled,Rf4i_0014,unmatched,,"[-0.27157585302068527, 0.8944891783916432, 0.23089258753045264, -0.2698597391605915]","[0.00013909065714047254, 0.9999999737869835, 0.0001301185268035021, -0.00012707867815936572]","[448.0182164926511, 40.00126985066761, 6.93022421457053]",4.799999999999938,100.0,0.0,"[57.45111407985169, 123.63815037793879, 123.6381503779388]",18
169,3622559309,settled,Rf4i_0010,unmatched,,"[-0.28730237314646756, 0.13582052279844167, -0.8446638484557238, 0.4307587666932988]","[-1.9588762450950536e-05, 4.892891792337983e-05, -0.7071192021893815, 0.7070943580013166]","[447.76655357507786, 33.218011352972, 3.070099906250458]",4.829999999999948,100.0,0.0,"[57.45111407985169, 123.20664078741638, 123.20664078741639]",21
170,855568988,settled,Rf4i_0011,unmatched,,"[-0.05865782718403258, -0.1040160805530854, 0.9877741037645836, -0.10021094864582358]","[-2.2286316826109764e-05, 8.020937433345088e-05, 0.9999999562112429, 0.0002839846629608922]","[448.25614837256586, 40.00940760789266, 3.0801905611094402]",4.659999999999891,100.0,0.0,"[57.45111407985169, 118.71744839217432, 118.71744839217433]",24
171,2610361744,settled,Rf4i_0002,unmatched,,"[0.8768837609624777, 0.09896632620723421, 0.0167945194244441, -0.47010475444803335]","[0.7071202737666111, 0.00021396000536996103, -1.8340746726562193e-05, -0.7070932557399809]","[447.55258218499694, 3.067054024474981, 39.99611840498668]",4.639999999999884,100.0,0.0,"[57.45111407985169, 112.70132808394881, 112.70132808394881]",38
172,3797455899,settled,Rf4i_0020,unmatched,,"[-0.4969180501798989, 0.4726899551502556, 0.24221087694672733, -0.686272940450193]","[-0.7070999048486013, -6.391278866681438e-05, 2.2891658266296752e-05, -0.7071136541986913]","[448.2118326791295, 6.932663492514438, 40.001416939066395]",4.769999999999928,100.0,0.0,"[57.45111407985169, 120.26469701598373, 120.26469701598373]",27
173,3701701166,settled,Rf4i_0008,unmatched,,"[0.038018151991904496, 0.4712419557531807, 0.8264302886090928, 0.30577543610716856]","[0.00013616647670786075, 0.00026165456832849543, 0.707066410395164, 0.7071470881552684]","[447.5596991792094, 26.78623635249095, 3.0612589515545774]",5.0900000000000345,100.0,0.0,"[57.45111407985169, 113.97778602372577, 113.97778602372577]",27
174,1820757617,settled,Rf4i_0015,unmatched,,"[-0.5010353124202004, 0.6673439701378755, -0.2903095196649054, -0.46833324035406926]","[-0.500129207540123, 0.49989302370614147, -0.499978949217736, -0.49999879095288646]","[448.00496452431673, 6.933288547453762, 26.788488320810252]",4.939999999999984,100.0,0.0,"[57.45111407985169, 105.00298522862327, 105.00298522862329]",21
175,3255375637,settled,Rf4i_0011,unmatched,,"[0.16079504159719665, 0.03163046504438766, 0.9836813166119124, -0.07426665218983812]","[4.227975104673489e-05, -8.91109156025971e-06, 0.9999999990647733, -1.8623942551841502e-06]","[447.7668046312137, 40.002083277188305, 3.067161135924132]",4.639999999999884,100.0,0.0,"[57.45111407985169, 116.96845596733613, 116.96845596733614]",19
176,1973362254,settled,Rf4i_0005,unmatched,,"[0.4370329981051625, 0.6281019972483824, 0.25933110964107237, -0.5892685425102347]","[0.49998472585829773, 0.49980979173241646, 0.5001596935009311, -0.5000457249030891]","[447.765010953713, 3.0695301774783768, 26.788909091986135]",4.6199999999998775,100.0,0.0,"[57.45111407985169, 107.36874272347917, 107.36874272347917]",33
177,817567550,settled,Rf4i_0006,unmatched,,"[-0.6508066209752018, 0.08221533458115264, 0.55707091057372, 0.5092773129122438]","[-0.5001173122384037, 0.49996200816833725, 0.49994426265304037, 0.49997639807097527]","[447.98667243039074, 3.0725019063411394, 33.216293901974446]",4.459999999999824,100.0,0.0,"[57.45111407985169, 122.85303335502127, 122.85303335502128]",26
178,3034277235,settled,Rf4i_0001,unmatched,,"[0.8184751723934598, -0.1985326357737203, 0.4910595501215825, -0.22258414800390608]","[0.9999999769120899, -0.00012125923546866888, 8.006376258737759e-05, -0.00015830922764698]","[447.9250992458552, 39.9971137356381, 6.932241357378237]",4.669999999999894,100.0,0.0,"[57.45111407985169, 124.16777484029481, 124.16777484029481]",17
179,422340604,settled,Rf4i_0012,unmatched,,"[-0.10515306509406758, -0.6939169060083207, 0.5688745799846401, 0.4287235387804846]","[-1.7403201537069655e-05, -0.7071556361717948, 0.707057919987643, -6.091256574127882e-05]","[448.23831389829087, 6.933748327946621, 39.99811073556536]",5.0600000000000245,100.0,0.0,"[57.45111407985169, 120.67655240469621, 120.67655240469622]",39
180,2537213971,settled,Rf4i_0012,unmatched,,"[0.23132630909009871, 0.46561995068971057, -0.8276594625733378, 0.21134335630740153]","[2.7382369911796825e-05, 0.7071375507659089, -0.7070760075872, -5.515018817908628e-05]","[447.8302335521361, 6.934629226222732, 40.0016190108016]",4.669999999999894,100.0,0.0,"[57.45111407985169, 120.29340511992542, 120.29340511992544]",27
181,2777209301,settled,Rf4i_0011,unmatched,,"[0.32930012781810725, 0.01867638849719574, 0.9112679827706169, -0.24658321497792762]","[7.956408596020464e-05, 3.871614540257307e-05, 0.999999983767454, 0.00015695766354120372]","[448.2756012123201, 39.99526903750597, 3.0678948081420097]",4.899999999999971,100.0,0.0,"[57.45111407985169, 122.938696922102, 122.938696922102]",15
182,3393578195,settled,Rf4i_0011,unmatched,,"[-0.15397492832795756, 0.3309463782688252, -0.9275545927691834, -0.08005431649787881]","[-3.535577737346148e-05, -6.079285084104047e-05, -0.9999999852671582, -0.00015658825590574683]","[448.24240615136256, 40.0174773305955, 3.0669287223028183]",4.899999999999971,100.0,0.0,"[57.45111407985169, 109.1105265368827, 109.11052653688272]",30
183,968986378,settled,Rf4i_0002,unmatched,,"[-0.4905117620949998, -0.29508233684492746, 0.22153130108786623, 0.7894608973007544]","[-0.7071209298945342, -5.435700856347211e-05, 5.075296775745058e-05, 0.7070926282846832]","[447.61669503839266, 3.0657039559555574, 40.00204031931118]",4.329999999999781,100.0,0.0,"[57.45111407985169, 116.63595768589524, 116.63595768589525]",22
184,688328363,settled,Rf4i_0016,unmatched,,"[0.6574786135502686, 0.48651254614584893, 0.39037759997999605, 0.4226496712415117]","[0.4999542038660749, 0.4999176855263638, -0.4999729012649342, 0.500155175655843]","[447.773144704985, 6.934936588339916, 33.2108105149266]",4.209999999999741,100.0,0.0,"[57.45111407985169, 115.21218431027822, 115.2121843102782]",31
185,4152859901,settled,Rf4i_0011,unmatched,,"[0.8341644144507744, 0.048874222441177215, 0.5394240533290614, -0.10393618587774474]","[-9.212840274736443e-05, -0.0002346576038906867, 0.9999999679107022, -2.5035194192467848e-05]","[447.9350427212411, 40.01045826502787, 3.071270303196816]",5.250000000000088,100.0,0.0,"[57.45111407985169, 113.36530539898985, 113.36530539898985]",21
186,1795468969,settled,Rf4i_0003,unmatched,,"[0.6958911543690574, 0.6723588408308361, 0.1118583646721971, -0.22617868308126884]","[0.7071479175270687, 0.7070656411837773, 3.955331142249663e-05, 1.5167048209807632e-05]","[448.29751614063656, 26.784526939573517, 6.934752795544197]",4.749999999999921,100.0,0.0,"[57.45111407985169, 98.10765946696178, 98.10765946696179]",24
187,2590496957,settled,Rf4i_0013,unmatched,,"[0.1047572316295402, 0.8643758926302282, 0.4643415446167823, 0.16207149226163065]","[0.00013974166813885468, 0.7070613853837473, 0.707152159451643, 3.3975879530797124e-05]","[447.98007199385756, 3.0664371700425823, 40.00221130811429]",4.819999999999944,100.0,0.0,"[57.45111407985169, 115.83092218042574, 115.83092218042576]",23
188,3299187091,settled,Rf4i_0008,unmatched,,"[0.20222460773203968, 0.2009896358457774, -0.3863384758428723, -0.8771835363215675]","[0.00011828548267447947, -1.9042172421740444e-05, -0.707133915939138, -0.7070796352423965]","[448.2269097924866, 26.789862615947058, 3.0670244398029283]",4.649999999999888,100.0,0.0,"[57.45111407985169, 118.44412950944489, 118.44412950944489]",15
189,1977285233,settled,Rf4i_0004,unmatched,,"[-0.32756654353009235, 0.8699542333514705, 0.3587758928499423, 0.08461471587927127]","[-0.7071007562688524, 0.7071127943957606, -1.9263695257787376e-05, 0.00012694386977890606]","[447.9663564782277, 33.21220997582457, 6.929060091718177]",5.0900000000000345,100.0,0.0,"[57.45111407985169, 113.2067160818826, 113.20671608188262]",20
190,2229299064,settled,Rf4i_0020,unmatched,,"[-0.619164876115041, -0.029487633076919168, 0.09038781523465148, -0.7794840463653336]","[-0.7070506420778255, -6.95676343859857e-05, -0.00022987242852094965, -0.7071628750552065]","[447.8280671922436, 6.937978591862504, 39.995713400017394]",4.789999999999934,100.0,0.0,"[57.45111407985169, 117.06249751864566, 117.06249751864567]",19
191,621973311,settled,Rf4i_0008,unmatched,,"[0.16166114230001008, 0.06193822841095333, -0.8426691729137268, -0.5098411477631677]","[-7.496943315848936e-05, -5.7377050117241035e-05, -0.7071235695501663, -0.7070899861220561]","[448.1453512930812, 26.795906915567056, 3.0638988389578534]",4.679999999999898,100.0,0.0,"[57.45111407985169, 115.34793281477364, 115.34793281477364]",16
192,3137073118,settled,Rf4i_0001,unmatched,,"[-0.9517371159511713, -0.13330978245545402, -0.10058018127309286, -0.2575045458971512]","[-0.9999999810025618, 5.6449244257819694e-05, 0.0001865202812047317, 4.306242593288268e-06]","[447.8524369806478, 40.00800138951526, 6.925207965154067]",4.749999999999921,100.0,0.0,"[57.45111407985169, 117.38084552850577, 117.38084552850579]",14
193,1722482046,settled,Rf4i_0014,unmatched,,"[0.08813421819190732, -0.994524617110877, -0.03387195651061283, 0.0447865616709708]","[1.170660777967476e-06, -0.9999999701842033, 0.00016796874691543673, 0.00017724763003577532]","[447.91651700877696, 40.00277876525657, 6.924049225035939]",4.689999999999901,100.0,0.0,"[57.45111407985169, 118.10302706544373, 118.10302706544371]",20
194,2843863878,settled,Rf4i_0011,unmatched,,"[-0.792454714480961, 0.19954686388438475, -0.5738415226829097, 0.0538746828831977]","[7.133249064959806e-06, 0.00011399725011523865, -0.9999999869970482, -0.00011384044595194376]","[448.3244718790172, 40.0063655259256, 3.0640969579829176]",5.080000000000031,100.0,0.0,"[57.45111407985169, 122.84602942103722, 122.84602942103723]",23
195,3220027874,settled,Rf4i_0020,unmatched,,"[0.7896857943755625, -0.03461262758727217, -0.1393528469326443, 0.5964722090967093]","[0.7070557006452048, -4.081859802471388e-05, -0.00010424709685134532, 0.7071578491761958]","[448.3680600418431, 6.929121327322909, 39.998012640314506]",5.010000000000008,100.0,0.0,"[57.45111407985169, 118.44710009624622, 118.44710009624623]",34
196,2854411774,settled,Rf4i_0013,unmatched,,"[0.25812684870484337, -0.42701643641739917, -0.8403627789845408, 0.21170236820704633]","[8.120400478575025e-05, -0.7070624627990958, -0.707151091589135, -2.7761154253232966e-05]","[447.6443456781145, 3.0824469372488816, 40.00377679414607]",4.679999999999898,100.0,0.0,"[57.45111407985169, 115.73489369160333, 115.73489369160335]",24
197,656915034,settled,Rf4i_0010,unmatched,,"[0.12784497927697372, 0.19566603027633855, -0.8798667290965462, 0.4137692652898647]","[-0.00011584927265190227, 5.1272792842810284e-05, -0.7070688492554591, 0.7071446997345082]","[448.3398408965264, 33.21952339659379, 3.0718339128269734]",4.789999999999934,100.0,0.0,"[57.45111407985169, 121.59267966035526, 121.59267966035526]",24
198,3284494407,settled,Rf4i_0009,unmatched,,"[0.06860253914579117, 0.045309811010266335, -0.15727795108926526, 0.9841261904604139]","[7.482651603607504e-05, -3.395019422123141e-05, 8.56129013422398e-05, 0.999999992959404]","[448.10382147949315, 39.99949453151945, 3.072036383059921]",4.739999999999918,100.0,0.0,"[57.45111407985169, 121.4648927203134, 121.46489272031341]",23
199,1067328885,settled,Rf4i_0009,unmatched,,"[-0.25591978843345803, -0.19766273096154707, 0.15568931420534965, -0.9333784570683347]","[-7.579092410603395e-05, -0.0001070591476351828, 0.00015773755155455246, -0.9999999789564696]","[447.5707662297789, 40.010806031153095, 3.0609082586177117]",5.100000000000038,100.0,0.0,"[57.45111407985169, 115.56257082232263, 115.56257082232263]",21
200,1022616554,settled,Rf4i_0002,unmatched,,"[-0.8238360682547088, 0.3606969984141823, -0.22922594801049753, 0.37235369306119537]","[-0.7071540309899362, -6.877415919533378e-05, 7.188744492961078e-05, 0.7070595212264627]","[448.4492890009895, 3.0780510809374566, 40.000856745376254]",4.990000000000001,100.0,0.0,"[57.45111407985169, 117.99401297750012, 117.99401297750013]",30
201,2676922396,settled,Rf4i_0005,unmatched,,"[0.5670889684174194, 0.5750736296769055, 0.14364165261314565, -0.5718981535064273]","[0.5000488583121163, 0.5000158432014338, 0.4999562801258979, -0.49997901337054435]","[447.93103917618924, 3.070963643483941, 26.78625806434557]",4.829999999999948,100.0,0.0,"[57.45111407985169, 116.14301134687233, 116.14301134687234]",24
202,2816620340,settled,Rf4i_0004,unmatched,,"[-0.7565840465540268, 0.6103532874587686, 0.21623990110412925, 0.09104806510126615]","[-0.7069832840697758, 0.7072302509159454, -9.108781216404793e-06, 9.029016389669464e-05]","[448.08493239477065, 33.20981467114503, 6.9315134468154005]",4.799999999999938,100.0,0.0,"[57.45111407985169, 112.84395004155424, 112.84395004155425]",14
203,955953799,settled,Rf4i_0014,unmatched,,"[0.11073782713774945, 0.9170597891921606, -0.07497005608619735, -0.37565671480498297]","[-5.07500170885058e-06, 0.9999999993846996, -3.324518660696718e-05, -9.980115021072373e-06]","[447.6506623198102, 40.00466610622027, 6.930134902963386]",4.709999999999908,100.0,0.0,"[57.45111407985169, 118.60595996549131, 118.60595996549131]",19
204,2242742075,settled,Rf4i_0002,unmatched,,"[-0.5055708590298321, -0.21761777531037735, 0.4139789610763628, 0.725025537588115]","[-0.7071006153658631, -5.1789879426734575e-05, -2.8350028354092516e-05, 0.7071129444885746]","[447.7183471902312, 3.0707864231305226, 40.000477291962156]",4.5899999999998675,100.0,0.0,"[57.45111407985169, 113.87322182733072, 113.87322182733074]",24
205,563646561,settled,Rf4i_0008,unmatched,,"[0.1809966848044624, -0.019574520890661435, 0.7801086826909813, 0.5985711999518831]","[-7.903303191311717e-05, -1.5167765771012531e-05, 0.7070583919444939, 0.7071551625383112]","[448.1606947870952, 26.790892247502068, 3.071074258647865]",4.669999999999894,100.0,0.0,"[57.45111407985169, 110.55765537168786, 110.55765537168787]",21
206,1252269686,settled,Rf4i_0008,unmatched,,"[-0.011368646951402817, -0.28266853817251103, 0.7576322028925588, 0.5881859370420873]","[-0.00015918304193962562, 0.00012182958959891521, 0.7070554863167848, 0.7071580439248679]","[447.672050868431, 26.78909503902012, 3.066440227025506]",4.539999999999851,100.0,0.0,"[57.45111407985169, 105.56441233571468, 105.56441233571469]",22
207,4027616480,settled,Rf4i_0008,unmatched,,"[-0.68043651234536, -0.516815929602009, -0.050263332945028244, -0.5170890106530511]","[-8.19063733282499e-05, 1.3252308883410224e-05, -0.7071083498461731, -0.7071052076555118]","[447.9215534341104, 26.786358408553507, 3.0621717642923922]",5.300000000000105,100.0,0.0,"[57.45111407985169, 121.60594032345688, 121.60594032345689]",26
208,3293718972,settled,Rf4i_0008,unmatched,,"[-0.08516311405964443, 0.5620827045333399, 0.651702175353801, 0.5020901830421239]","[3.380859739124387e-05, -9.960982044887602e-05, 0.7071392185074444, 0.7070743345529826]","[447.75503697859995, 26.810414552819545, 3.0679452545005153]",5.0900000000000345,100.0,0.0,"[57.45111407985169, 122.11272705902518, 122.11272705902519]",24
209,1890189631,settled,Rf4i_0015,unmatched,,"[-0.3394955856316147, 0.8200204556643811, -0.259860350300175, -0.3805020341213674]","[-0.49993804122271585, 0.5000010088773656, -0.5000442438093727, -0.5000167000142326]","[448.3635347376494, 6.935449353140667, 26.78239393091433]",4.639999999999884,100.0,0.0,"[57.45111407985169, 114.75716938086116, 114.75716938086116]",32
210,3852779429,settled,Rf4i_0012,unmatched,,"[-0.07873436011047828, 0.8811833971798156, -0.4645710261040449, -0.03860677113237618]","[-4.583898785857225e-05, 0.707052461990344, -0.7071610924225725, -5.706044313956181e-05]","[447.6200702387171, 6.942954411386267, 39.999360090286345]",5.000000000000004,100.0,0.0,"[57.45111407985169, 112.91838490302555, 112.91838490302557]",30
211,3574699569,settled,Rf4i_0010,unmatched,,"[-0.014546357465746501, -0.03992950916464047, 0.7826885063450515, -0.6209611419547136]","[0.00011923091973514707, -0.00010555377711879418, 0.7071215911301306, -0.707091953001857]","[447.67128582794027, 33.21535660725658, 3.0646126034723897]",4.679999999999898,100.0,0.0,"[57.45111407985169, 114.53947056616514, 114.53947056616512]",23
212,2869775536,settled,Rf4i_0008,unmatched,,"[-0.3863819961020629, 0.2479889883113953, 0.7960141815311683, 0.39442595954848136]","[3.111448676568207e-05, -4.656196171282101e-05, 0.707058775878485, 0.7071547810183361]","[448.0358992729605, 26.805961775160604, 3.0702748764987446]",4.939999999999984,100.0,0.0,"[57.45111407985169, 109.17913881584725, 109.17913881584725]",23
213,4134650688,settled,Rf4i_0004,unmatched,,"[-0.7081233746404337, 0.6882251021543365, -0.14514896229160873, 0.0619618737464115]","[-0.7071138402849558, 0.7070997213798482, -2.5161755668745567e-05, -1.639783844922804e-05]","[447.99749396810455, 33.21451462623956, 6.933206157531069]",4.679999999999898,100.0,0.0,"[57.45111407985169, 108.25738388998815, 108.25738388998813]",17
214,2427166635,settled,Rf4i_0016,unmatched,,"[-0.7325272346230783, -0.4320528088242486, 0.4107407595996201, -0.3286734691545241]","[-0.5000775779003609, -0.5000143381881538, 0.49991179598840335, -0.4999962739053362]","[447.6326362190594, 6.933781369348557, 33.21214663218488]",4.6199999999998775,100.0,0.0,"[57.45111407985169, 110.28841994674967, 110.28841994674968]",28
215,1727678526,settled,Rf4i_0005,unmatched,,"[-0.817861978484829, -0.44515403845660717, -0.3381080399473218, 0.13646471894828646]","[-0.49988985429506433, -0.5000923812720939, -0.5000647678212482, 0.4999529695384829]","[447.9992066842764, 3.0689604916774043, 26.78572197629392]",4.639999999999884,100.0,0.0,"[57.45111407985169, 114.00983635774746, 114.00983635774747]",42
216,1757121035,settled,Rf4i_0003,unmatched,,"[-0.9059781301467139, -0.3465295566639513, 0.21530600688523707, -0.11297883630699883]","[-0.707113898406985, -0.7070996616177492, 5.546292030514378e-05, -1.1983541275489841e-05]","[447.8655164554706, 26.784109066490423, 6.926228627232687]",4.779999999999931,100.0,0.0,"[57.45111407985169, 120.05274849269351, 120.0527484926935]",23
217,3717735769,settled,Rf4i_0006,unmatched,,"[0.5094001570299311, -0.5002641495458026, -0.18323984826967746, -0.6757739405327805]","[0.49995541087832224, -0.5000193601350384, -0.5000627661855771, -0.49996245508884335]","[447.5950673080813, 3.0758394983177624, 33.20636310434451]",4.629999999999881,100.0,0.0,"[57.45111407985169, 121.70787250948662, 121.70787250948663]",23
218,3836871440,settled,Rf4i_0005,unmatched,,"[-0.4194565967077174, -0.8442144356203974, -0.1926679974710818, 0.2724650306351189]","[-0.5000254836420311, -0.500061702904768, -0.5000236974394593, 0.49988909869640924]","[448.18795255218527, 3.0675323369554595, 26.782585721338474]",4.5599999999998575,100.0,0.0,"[57.45111407985169, 113.5241129531384, 113.52411295313841]",26
219,2749509740,unsettled,,not_evaluated,,"[-0.1597855590775447, 0.9155824751788669, -0.36890595336263704, -0.009257636265270899]","[-6.153159631528783e-05, 0.8506080743494688, -0.5258002146791823, 0.0001852260162333113]","[447.8579331148831, 24.0804389307861, 38.87471158536624]",4.309999999999774,100.0,0.0,"[57.45111407985169, 113.97470796615983, 113.97470796615983]",23
220,2774629600,settled,Rf4i_0006,unmatched,,"[-0.30825961786575184, -0.5268689113523266, 0.49770258237844495, 0.616179598605392]","[-0.49997375128369365, 0.5000142918204404, 0.50009191177043, 0.4999200293891127]","[447.62397243050543, 3.069588525967127, 33.2088547746836]",4.399999999999804,100.0,0.0,"[57.45111407985169, 118.83914245011191, 118.83914245011191]",26
221,4108662306,settled,Rf4i_0011,unmatched,,"[-0.3062271054652854, -0.3870148795577624, -0.8664927602010577, 0.07506490124149866]","[-0.00010456068087969635, 4.3220564045154404e-05, -0.9999999876469637, -0.00010911058259097693]","[448.01815085789997, 40.01710130387891, 3.064728481032508]",4.839999999999951,100.0,0.0,"[57.45111407985169, 115.04533267905089, 115.0453326790509]",26
222,3915063510,settled,Rf4i_0003,unmatched,,"[0.46725796019968024, 0.8012846212229413, -0.1304090628171751, 0.3501520109278076]","[0.707126792663551, 0.7070867679147319, -3.9596256578428024e-05, -1.3015143351058356e-05]","[447.6369247236121, 26.78760823551147, 6.928818952490669]",4.5299999999998475,100.0,0.0,"[57.45111407985169, 115.21293299357872, 115.21293299357873]",18
223,4074036573,settled,Rf4i_0014,unmatched,,"[-0.22252096209612113, -0.8929375005362474, -0.2719299177765263, -0.2814270089773681]","[-8.140594939397248e-05, -0.9999999962085335, -2.6996393792000365e-05, 1.5073132086509652e-05]","[448.01001122993193, 40.003970731251194, 6.928041196667054]",4.709999999999908,100.0,0.0,"[57.45111407985169, 118.68478917379981, 118.68478917379983]",16
224,1229361572,settled,Rf4i_0020,unmatched,,"[-0.5077338642986794, -0.31380879933589584, 0.060137209423592304, -0.8000711696758213]","[-0.7071407827223158, 8.297816498258118e-05, 2.2150030310358142e-05, -0.7070727727998518]","[447.9677484574557, 6.926678716748867, 40.001113101176394]",4.889999999999968,100.0,0.0,"[57.45111407985169, 123.28638598292092, 123.28638598292093]",32
225,1745034590,settled,Rf4i_0015,unmatched,,"[-0.40236593803313664, 0.6784087334039052, -0.5993055388273092, -0.1367337320595452]","[-0.5001639220175884, 0.4999083562650113, -0.49998403074336367, -0.4999436522749514]","[447.58973362777954, 6.932131696361274, 26.786029731624417]",4.4699999999998274,100.0,0.0,"[57.45111407985169, 120.4171762471178, 120.4171762471178]",24
226,4151795851,settled,Rf4i_0002,unmatched,,"[0.37827042312259135, 0.7093878632050035, -0.5596843583528156, -0.20108148980772006]","[0.7069512719048598, -2.550540877757965e-05, 4.981216577992678e-05, -0.7072622540616198]","[448.03208784314353, 3.0702133210910967, 40.0020067739912]",4.6199999999998775,100.0,0.0,"[57.45111407985169, 117.17463277655614, 117.17463277655615]",21
227,2697486113,settled,Rf4i_0004,unmatched,,"[-0.638297706726111, 0.517839873353241, 0.35548034649844024, -0.4450299163056749]","[-0.7071608595593433, 0.7070526982129421, -2.110053680373647e-05, 1.4555285110240401e-05]","[448.4220413528541, 33.21573467149536, 6.924573975422782]",4.919999999999978,100.0,0.0,"[57.45111407985169, 112.78655476773956, 112.78655476773957]",21
228,2966183571,settled,Rf4i_0012,unmatched,,"[-0.4050248111058649, 0.5694886344768997, -0.6901580810227609, 0.18793461838968]","[8.581026887572475e-06, 0.7071870696289442, -0.707026482989356, -2.876968885402371e-05]","[448.1284970200898, 6.93212983935142, 39.99418043081081]",4.819999999999944,100.0,0.0,"[57.45111407985169, 119.55643985971126, 119.55643985971128]",30
229,2500031451,settled,Rf4i_0006,unmatched,,"[0.76319034690919, -0.2277529373624901, -0.35234984779530726, -0.49144549918176267]","[0.4999465940986838, -0.49998561570301725, -0.5000773611373186, -0.49999041992535864]","[448.35187434966076, 3.072058979450466, 33.20369847078879]",4.349999999999787,100.0,0.0,"[57.45111407985169, 123.45554520614051, 123.45554520614053]",25
230,2561181116,settled,Rf4i_0016,unmatched,,"[0.5557099502907066, 0.18332897211156124, -0.733061527964434, 0.3466954504328954]","[0.49989483837849924, 0.5000529385122342, -0.4999437909904405, 0.500108403346635]","[447.6380893462753, 6.931780228767146, 33.20329167085961]",4.789999999999934,100.0,0.0,"[57.45111407985169, 115.05469807024357, 115.05469807024359]",23
231,65157401,settled,Rf4i_0005,unmatched,,"[0.7007348822005915, 0.34419107347733346, 0.6134359061064913, -0.1191617342318908]","[0.5001212323839426, 0.5000465468364143, 0.4999386559940969, -0.49989353282330073]","[448.1880157386862, 3.072334646626993, 26.78799412057035]",4.689999999999901,100.0,0.0,"[57.45111407985169, 112.91083811678585, 112.91083811678587]",28
232,2234388547,settled,Rf4i_0005,unmatched,,"[0.6047940157947055, 0.6077553528195518, 0.07337389496054626, -0.5093858077296758]","[0.500030867091014, 0.49984530954477857, 0.5000992058568475, -0.5000245821793602]","[447.93080670857614, 3.0824158154252532, 26.784731118820435]",4.819999999999944,100.0,0.0,"[57.45111407985169, 116.01214634896711, 116.01214634896711]",33
233,2166876674,settled,Rf4i_0016,unmatched,,"[0.337147373849726, 0.47287700853367526, -0.8005264802242199, 0.14790651630775833]","[0.5000162569841282, 0.5000050294832744, -0.4999802155589375, 0.4999984972903925]","[448.14037044264245, 6.933625506155025, 33.21512510299194]",5.250000000000088,100.0,0.0,"[57.45111407985169, 122.57772249310801, 122.57772249310801]",33
234,372911645,settled,Rf4i_0006,unmatched,,"[0.45729859765411696, -0.2994543659042598, -0.817463624635389, -0.18154420321901665]","[0.49987925602262395, -0.5000604716917709, -0.5000504392056774, -0.5000098122036014]","[448.0396115662419, 3.066276664128854, 33.21060256561965]",4.749999999999921,100.0,0.0,"[57.45111407985169, 115.32982119658766, 115.32982119658767]",21
235,2861615969,settled,Rf4i_0014,unmatched,,"[-0.23990956037846306, -0.901204257015366, -0.03228041700793559, -0.35948889364511455]","[-1.209115252647421e-05, -0.9999999975752135, 1.6513698285147708e-05, -6.656331556725988e-05]","[448.30734517100325, 40.00271494959762, 6.929595379463055]",4.519999999999844,100.0,0.0,"[57.45111407985169, 121.02011579431311, 121.02011579431313]",18
236,2387200314,settled,Rf4i_0012,unmatched,,"[0.013659507951663442, 0.4204500321245355, -0.9053954738728021, 0.05739533273394037]","[-4.995106518230584e-05, 0.707200442691961, -0.7070131052391238, 1.9527345687528788e-05]","[447.8254938078086, 6.934615109073464, 40.001636542436714]",4.699999999999904,100.0,0.0,"[57.45111407985169, 107.5087514060755, 107.50875140607552]",21
237,1385614205,settled,Rf4i_0005,unmatched,,"[-0.04519506248186818, -0.48284814014254235, -0.26943042102355846, 0.8319989952609412]","[-0.5000231224960506, -0.500039455529383, -0.5000162039077071, 0.49992120950496194]","[448.3797594619113, 3.071827945075482, 26.789145630039194]",4.539999999999851,100.0,0.0,"[57.45111407985169, 121.20967896212359, 121.2096789621236]",22
238,1583315686,settled,Rf4i_0020,unmatched,,"[0.6752684329575351, 0.1680356411288354, 0.18105246852978027, 0.6949795467499522]","[0.7071358415628844, 6.839316741470629e-05, -1.2355776032362305e-06, 0.7070777163070543]","[448.06173288974765, 6.93170427750106, 40.000405437721945]",4.689999999999901,100.0,0.0,"[57.45111407985169, 113.0786458055275, 113.07864580552751]",35
239,3858463115,settled,Rf4i_0014,unmatched,,"[-0.02604605381927596, 0.9764416198827186, -0.2089560607397276, -0.047124629668476824]","[7.624788604313306e-05, 0.9999999939646697, 3.136972178563458e-05, 7.261446961594134e-05]","[447.9265269192396, 40.00629528473367, 6.929247164178094]",4.979999999999998,100.0,0.0,"[57.45111407985169, 113.04420329738517, 113.04420329738518]",20
240,341800848,settled,Rf4i_0008,unmatched,,"[0.559550952873797, 0.4583146987576111, 0.5125176614239061, 0.462791545697754]","[-3.1640687218031927e-05, 3.0082827994465378e-05, 0.7070791847911135, 0.7071343751572432]","[447.8859089028271, 26.801242210760773, 3.0658294140465254]",5.220000000000078,100.0,0.0,"[57.45111407985169, 116.54032588506726, 116.54032588506728]",30
241,2423485330,settled,Rf4i_0004,unmatched,,"[-0.8623942645929769, 0.4774291536592661, -0.15922513505175553, -0.0546341651449517]","[-0.7069516270083537, 0.7072618768975378, 8.056540892548147e-05, -0.00016753157462498502]","[448.0075570503706, 33.22556799916417, 6.927270523893188]",4.699999999999904,100.0,0.0,"[57.45111407985169, 122.71533215581023, 122.71533215581022]",22
242,3180880856,settled,Rf4i_0014,unmatched,,"[0.10224891412479975, -0.955790906892587, -0.16146386686159142, 0.22346883800621423]","[-8.198745999181189e-05, -0.9999999919233391, -5.5501038365823874e-05, 7.969324172108053e-05]","[447.97300629228624, 40.00989922092252, 6.928488104645008]",4.709999999999908,100.0,0.0,"[57.45111407985169, 119.4838975473194, 119.48389754731942]",16
243,2801613835,settled,Rf4i_0013,unmatched,,"[-0.14433092329872946, 0.7897983796467177, 0.5282216439799444, -0.2763494145430388]","[6.429662149929574e-05, 0.7070649897681581, 0.707148566789961, 2.443365040452963e-05]","[448.1347747836232, 3.0701919822480987, 39.99309268395282]",4.769999999999928,100.0,0.0,"[57.45111407985169, 118.89019717534198, 118.890197175342]",26
244,90147713,settled,Rf4i_0014,unmatched,,"[-0.210859600307379, -0.9719644633107304, -0.07201725142344272, 0.07507880204630919]","[1.2216803302501525e-05, -0.9999999914220702, -0.00013037941955790225, -2.795775114258906e-06]","[448.21442209822, 40.001620831000004, 6.931485724914137]",4.709999999999908,100.0,0.0,"[57.45111407985169, 119.9559414140909, 119.95594141409092]",20
245,1005713428,settled,Rf4i_0006,unmatched,,"[0.6667427871336417, 0.021383060332239117, -0.7075360080632618, -0.23321581813846876]","[0.5001262629304684, -0.5000039589523206, -0.5000735212362994, -0.49979619398064495]","[447.7777568301447, 3.068580086394438, 33.211293189407556]",4.579999999999864,100.0,0.0,"[57.45111407985169, 118.78848371580484, 118.78848371580484]",29
246,2629818591,settled,Rf4i_0014,unmatched,,"[0.05151306419367056, -0.9158602742422736, 0.24549129762624153, 0.313497025619112]","[4.713292318255271e-05, -0.999999987915111, -9.150159194698526e-05, -0.00011651490923828363]","[448.33957194533673, 40.00262995648955, 6.932155852977424]",4.959999999999991,100.0,0.0,"[57.45111407985169, 112.61346771339271, 112.61346771339272]",25
247,3392212039,settled,Rf4i_0008,unmatched,,"[-0.13576075001630175, -0.3113963090186456, 0.34394700026860947, 0.8753866679878102]","[8.116029527216462e-05, 0.00010403100263756127, 0.7071199592605169, 0.7070935905564142]","[447.6895386150606, 26.80026199590672, 3.067893958759659]",4.579999999999864,100.0,0.0,"[57.45111407985169, 120.23986739876418, 120.23986739876419]",24
248,2276997534,settled,Rf4i_0016,unmatched,,"[-0.5611092435708998, -0.34654972379426824, 0.7170849059217052, -0.2254971029008315]","[-0.49999462808680006, -0.5000883635309352, 0.4999943569936732, -0.4999226375348262]","[448.2005137426165, 6.929604917877377, 33.20712094313299]",4.909999999999974,100.0,0.0,"[57.45111407985169, 114.78596281092108, 114.78596281092108]",22
249,3484193762,settled,Rf4i_0006,unmatched,,"[0.6459184252746818, -0.4977225913968061, -0.5385794684465182, -0.21211734033734517]","[0.5000380124475331, -0.5000377138710473, -0.500086643471589, -0.49983759345957296]","[447.7747085867424, 3.0842582832829435, 33.21257433827928]",4.789999999999934,100.0,0.0,"[57.45111407985169, 115.60216591698843, 115.60216591698844]",22
250,2295828995,settled,Rf4i_0012,unmatched,,"[-0.013476426495046517, 0.8381611037621863, -0.5451108033376667, 0.01259214650648228]","[-0.0001892014537282927, 0.7070391453267799, -0.7071743843908165, 3.5211594283665354e-05]","[448.2033683482201, 6.938438896982844, 39.999081740637905]",4.789999999999934,100.0,0.0,"[57.45111407985169, 112.29858644634416, 112.29858644634417]",24
251,3771793615,settled,Rf4i_0012,unmatched,,"[0.23254083200101008, -0.6380020625267856, 0.7262400279824832, -0.10702126620372046]","[-2.8416032403010177e-05, -0.707157551442716, 0.7070560018718085, -8.274735648210176e-05]","[447.6456508236143, 6.932653790889344, 40.00236040933756]",4.969999999999994,100.0,0.0,"[57.45111407985169, 117.39729860578699, 117.39729860578697]",27
252,3118298281,settled,Rf4i_0006,unmatched,,"[-0.14263487038408665, 0.7213743627836406, 0.5770605745656794, 0.3553525232089105]","[-0.49984412396608463, 0.5001010469074695, 0.5000112368441841, 0.5000435557510764]","[447.8764815004687, 3.082574762913449, 33.19851751730806]",5.100000000000038,100.0,0.0,"[57.45111407985169, 125.01747929865031, 125.01747929865029]",29
253,1906367210,settled,Rf4i_0002,unmatched,,"[-0.6176317723461163, 0.026733677711732354, -0.29175170048315346, 0.7298611166035553]","[-0.7070882251239177, 2.597171995146921e-06, -0.00012551092251152104, 0.7071253256187131]","[447.9078872940557, 3.06826378218792, 39.9929661594062]",4.669999999999894,100.0,0.0,"[57.45111407985169, 118.72910127424971, 118.72910127424973]",26
254,2833079087,settled,Rf4i_0002,unmatched,,"[-0.6668495150154875, 0.25735878105545934, 0.037236704706548183, 0.6983492034504332]","[-0.7070460982035396, -4.9245588809136506e-05, 2.6300630666469208e-05, 0.7071674567585102]","[447.82748979078735, 3.076816781145259, 39.9984223780639]",4.839999999999951,100.0,0.0,"[57.45111407985169, 122.9386952230894, 122.93869522308941]",24
255,2368896303,settled,Rf4i_0005,unmatched,,"[-0.7155871487157034, 0.006217157027642254, -0.4538640368280027, 0.5309461513426882]","[-0.49996841696552274, -0.5000953911361171, -0.49998524924690807, 0.49995092992903845]","[448.22960607557894, 3.0753759698580185, 26.780945814483676]",5.160000000000058,100.0,0.0,"[57.45111407985169, 120.72243929342847, 120.72243929342848]",34
256,1598618583,settled,Rf4i_0004,unmatched,,"[-0.6568789595911407, 0.7116914753260162, 0.16538963778309454, -0.18614925223786338]","[-0.7071000342544443, 0.7071135153367858, 2.0667679588998178e-05, 0.0001325076003461101]","[447.92777791122603, 33.213530162679234, 6.934083963945773]",4.769999999999928,100.0,0.0,"[57.45111407985169, 109.16500205073463, 109.16500205073463]",32
257,1244567859,settled,Rf4i_0003,unmatched,,"[0.565260253583024, 0.7320121545565798, -0.09164890005678931, 0.36910639444348603]","[0.7070488181294817, 0.7071647157154235, 0.0001816277494328389, 2.5301940868999177e-05]","[448.39761011718934, 26.78754535423835, 6.927307284172846]",4.5599999999998575,100.0,0.0,"[57.45111407985169, 110.65537463852955, 110.65537463852957]",22
258,3419669745,unsettled,,not_evaluated,,"[-0.35962053045550435, 0.37637508056528163, 0.452864258304126, 0.723829286748632]","[-0.33190449582484227, 0.33189287484967844, 0.6243940470055115, 0.6243545461829777]","[447.934318900749, 17.529924448157907, 29.24585922272297]",4.119999999999711,100.0,0.0,"[57.45111407985169, 110.21891349878264, 110.21891349878263]",20
259,4100535516,settled,Rf4i_0012,unmatched,,"[-0.04495724533447707, 0.8754213017997509, -0.38056707385774335, 0.29459309690235463]","[1.6484767227172324e-06, 0.7071292114790417, -0.7070843459425269, 7.741666698047572e-05]","[447.62698283338955, 6.937378713836328, 40.000837412745504]",4.779999999999931,100.0,0.0,"[57.45111407985169, 120.1374318736691, 120.1374318736691]",38
260,3322081678,settled,Rf4i_0009,unmatched,,"[-0.257573637444613, 0.29792073162711874, 0.01884675617382141, -0.9189906739146148]","[-0.00012432301568487958, -6.841907089120714e-05, 0.00013638222288143647, -0.9999999806312537]","[448.0728916725094, 40.02274316778084, 3.072198850273496]",4.669999999999894,100.0,0.0,"[57.45111407985169, 116.82609434194953, 116.82609434194954]",10
261,3513997404,settled,Rf4i_0005,unmatched,,"[-0.31160099473242947, -0.3848583634180207, -0.8382718690394293, 0.2282304400515085]","[-0.5000302596946896, -0.499933422186625, -0.4999607419032585, 0.5000755636161145]","[447.8240900339378, 3.076860230719854, 26.785929634112854]",4.539999999999851,100.0,0.0,"[57.45111407985169, 113.09416444157054, 113.09416444157054]",19
262,3617040745,settled,Rf4i_0010,unmatched,,"[0.5076541819216592, -0.1836471652187958, 0.7481985211268992, -0.38569407989762045]","[7.024388181936514e-05, -7.473329506346715e-06, 0.7071155525294687, -0.7070980062062759]","[447.9097616532055, 33.218401220005745, 3.0730415243492555]",5.1500000000000545,100.0,0.0,"[57.45111407985169, 123.8315797587951, 123.83157975879512]",17
263,2022730149,settled,Rf4i_0001,unmatched,,"[-0.9298814207432338, -0.20301241814567073, -0.28420845445175663, -0.11546452205476868]","[-0.9999999897397358, 0.00013918430688871427, -1.7321848057803326e-05, 2.9124058107676824e-05]","[448.33152460120704, 40.01226393196511, 6.930952045567936]",4.669999999999894,100.0,0.0,"[57.45111407985169, 120.90742358905767, 120.90742358905769]",17
264,1323970333,settled,Rf4i_0006,unmatched,,"[0.5994108140143483, -0.43447983992292233, -0.3543480176053207, -0.5712892675014887]","[0.5000604009452969, -0.4998967720177808, -0.4999606735771792, -0.5000821308634061]","[448.074607046448, 3.0744976854423305, 33.21687513365599]",4.649999999999888,100.0,0.0,"[57.45111407985169, 119.05172099443018, 119.05172099443018]",35
265,1607122480,settled,Rf4i_0013,unmatched,,"[-0.13729706028893218, -0.4824437451248737, -0.8624230310070737, 0.06800048245766428]","[6.286707965896766e-05, -0.7070538404695904, -0.7071597139615245, 4.092417551184413e-05]","[448.1693297794619, 3.0700539587099827, 40.00176713487713]",4.879999999999964,100.0,0.0,"[57.45111407985169, 114.8751328326291, 114.87513283262912]",29
266,1954191936,settled,Rf4i_0004,unmatched,,"[-0.3750395254128309, 0.8965561916206081, 0.1285035455493662, -0.19753275279333296]","[-0.7070440000293905, 0.707169555407906, -1.603414667650238e-05, 4.085988325380763e-05]","[448.1845992833421, 33.22715865499183, 6.934584088353584]",4.909999999999974,100.0,0.0,"[57.45111407985169, 124.41080658944644, 124.41080658944645]",25
267,1883267586,settled,Rf4i_0006,unmatched,,"[-0.31654266807496767, 0.7193013611458268, 0.15715600459856857, 0.5980871854172737]","[-0.500024667688618, 0.4999197789176989, 0.500110940299878, 0.4999445906719444]","[447.61420273633814, 3.080263956667212, 33.21561685625533]",4.859999999999958,100.0,0.0,"[57.45111407985169, 113.45528838188042, 113.45528838188044]",31
268,474705099,settled,Rf4i_0010,unmatched,,"[0.21873165072784517, -0.6332189067608778, 0.30525693972011464, -0.6767632391339983]","[0.00011081512250571413, -2.2579833378721936e-05, 0.7071283556254805, -0.707085197045281]","[447.79892892333294, 33.22014021749727, 3.0675536655408937]",5.220000000000078,100.0,0.0,"[57.45111407985169, 124.97890986492408, 124.97890986492409]",19
269,1696503777,settled,Rf4i_0012,unmatched,,"[-0.5875972952099113, 0.4340333022380417, -0.6364929058043413, 0.2474293678427903]","[-4.013592270374015e-05, 0.7072068027778825, -0.7070067413372103, -6.478836270883203e-05]","[447.72302628713805, 6.940137443292045, 39.99725716241066]",4.709999999999908,100.0,0.0,"[57.45111407985169, 121.95837855196213, 121.95837855196211]",19
270,1623912174,settled,Rf4i_0020,unmatched,,"[0.7522539142905933, 0.1549308557746745, 0.05438614146876464, 0.6380851243992035]","[0.7071691980003503, 0.00011171657350933586, 3.809948505520301e-05, 0.7070443490102851]","[447.989592423716, 6.930368685729164, 39.99850803181528]",4.839999999999951,100.0,0.0,"[57.45111407985169, 116.88019857881879, 116.88019857881879]",22
271,2380680176,settled,Rf4i_0005,unmatched,,"[0.336042588214607, 0.7287339870388978, -0.08053921844792626, -0.5912153493712904]","[0.49993687637754536, 0.5000468192976388, 0.49991965168778996, -0.5000966306670507]","[447.5646700886195, 3.0768589105030464, 26.77817380442156]",4.749999999999921,100.0,0.0,"[57.45111407985169, 119.68759419112989, 119.68759419112989]",21
272,3622048588,settled,Rf4i_0008,unmatched,,"[-0.19616592677403716, -0.3327489655198184, 0.5132945907767422, 0.7663717884928376]","[0.0001704326330358441, -0.00011637488225901826, 0.7071397966714104, 0.7070737340427241]","[447.8927837679598, 26.7968362824971, 3.062951029643017]",4.679999999999898,100.0,0.0,"[57.45111407985169, 113.41020408588383, 113.41020408588385]",15
273,3881848330,settled,Rf4i_0003,unmatched,,"[-0.5152420723142735, -0.7359701103176574, -0.3787059312666199, -0.22238574877853687]","[-0.7071104449750553, -0.7071031068221522, -0.00011599875187415232, -3.839178187853287e-05]","[447.98077525455307, 26.789623655388713, 6.932603968033243]",4.479999999999831,100.0,0.0,"[57.45111407985169, 110.11753677015626, 110.11753677015626]",16
274,3493192325,settled,Rf4i_0002,unmatched,,"[0.5774921102786998, 0.09648544528746568, 0.025557378206479065, -0.8102717086463924]","[0.7071238355850419, 0.0001243589974016284, 0.00013141044780833026, -0.7070897032298183]","[447.6560969227211, 3.0737852921291915, 39.99946742516262]",4.4699999999998274,100.0,0.0,"[57.45111407985169, 115.89131155598423, 115.89131155598423]",28
275,1815346335,settled,Rf4i_0012,unmatched,,"[0.2777221504941907, -0.6680519952292304, 0.6669217686384065, 0.17830393520992774]","[0.00016645204816574175, -0.7069642974462427, 0.707249209932526, -9.736464553030378e-05]","[447.96166454195213, 6.9391555895299515, 39.995167115866245]",5.110000000000041,100.0,0.0,"[57.45111407985169, 121.0216824165716, 121.02168241657158]",30
276,3637393240,settled,Rf4i_0002,unmatched,,"[0.7553196358765062, -0.24492385367212738, -0.15447209870656786, -0.5879140449784855]","[0.7071414604528193, 2.200011925969828e-05, -3.334137660899213e-05, -0.707072099091034]","[447.99026006763927, 3.0728427007662082, 39.996757462787045]",4.869999999999961,100.0,0.0,"[57.45111407985169, 124.3331013221086, 124.33310132210859]",37
277,3360495833,settled,Rf4i_0009,unmatched,,"[0.10811116254835264, 0.5111839287283958, -0.2434273997192518, -0.8171573095849841]","[-6.758338433970891e-05, 3.292922901272445e-05, 6.0442183822076343e-05, -0.9999999953474472]","[447.8596401212583, 40.00354172962017, 3.0694858284739737]",4.4699999999998274,100.0,0.0,"[57.45111407985169, 121.1532734378992, 121.15327343789922]",13
278,1560027829,settled,Rf4i_0012,unmatched,,"[-0.2068224005022676, -0.8508258359786609, 0.4010009992602897, 0.26929183068548773]","[8.371661982903828e-06, -0.7071031467016007, 0.7071104154728753, 1.3578930666163495e-05]","[448.17333166835414, 6.93909781953846, 40.00161371858367]",5.170000000000061,100.0,0.0,"[57.45111407985169, 115.98970413539864, 115.98970413539865]",29
279,446415368,settled,Rf4i_0006,unmatched,,"[-0.6447038919539761, 0.0033417160762772937, 0.7642309258427562, 0.017228366683615156]","[-0.49997249565678836, 0.5000362322540943, 0.4999483562839661, 0.5000429092276109]","[448.2888775889995, 3.066006328287383, 33.21947959251302]",4.5599999999998575,100.0,0.0,"[57.45111407985169, 113.35984513987347, 113.35984513987349]",18
280,2051490765,settled,Rf4i_0006,unmatched,,"[0.5677612886585218, -0.042225915797724375, -0.632701809267735, -0.5249309589700275]","[0.4999802003284256, -0.49997485733741787, -0.4999561097263197, -0.5000888217679937]","[447.63345188780363, 3.076015071181522, 33.21170780130947]",4.399999999999804,100.0,0.0,"[57.45111407985169, 120.82929165334927, 120.82929165334926]",31
281,425018833,settled,Rf4i_0005,unmatched,,"[0.6177933086006123, -0.09183552083351545, 0.46035819729377525, -0.6308470457614677]","[0.5000247032678675, 0.49997468500308084, 0.4999808862173036, -0.5000197235062942]","[448.40707258061184, 3.071595491608339, 26.7870942606108]",4.899999999999971,100.0,0.0,"[57.45111407985169, 120.07915823085222, 120.07915823085223]",26
282,768002776,settled,Rf4i_0015,unmatched,,"[0.5416438597008607, -0.6263103578778557, 0.49528465035784297, 0.2627743898921201]","[0.49998251086031276, -0.5000236677652632, 0.4999796598016486, 0.5000141600925104]","[447.6977910470693, 6.9413268447474765, 26.786349212195322]",4.599999999999871,100.0,0.0,"[57.45111407985169, 111.90368931500088, 111.90368931500088]",25
283,124666021,settled,Rf4i_0006,unmatched,,"[-0.6417760342896773, 0.38975195315750033, 0.3408201163805919, 0.5657372049738714]","[-0.49972684730143235, 0.4998660685060067, 0.5000419656701345, 0.5003648910657774]","[447.8398192171213, 3.0677987600486785, 33.215526914762826]",4.579999999999864,100.0,0.0,"[57.45111407985169, 121.18992734145486, 121.18992734145486]",33
284,3632654363,settled,Rf4i_0005,unmatched,,"[0.7051862874546008, 0.08985479266585855, 0.5677062028398622, -0.4151482668615129]","[0.4999448383957161, 0.4999959050798141, 0.49992625015567266, -0.5001329801864568]","[448.33079761942224, 3.07268219857992, 26.78906319200071]",4.789999999999934,100.0,0.0,"[57.45111407985169, 115.57127732657199, 115.57127732657199]",25
285,703561134,settled,Rf4i_0013,unmatched,,"[-0.07417779627216181, -0.49461589080912516, -0.8617672132428539, 0.08491198548465884]","[-2.0322356392869324e-05, -0.7070462213228008, -0.7071673352251824, -2.2150965730395748e-05]","[447.83093727577227, 3.079963459797174, 39.998579215623195]",4.909999999999974,100.0,0.0,"[57.45111407985169, 113.51443005048999, 113.51443005049]",28
286,3121521016,settled,Rf4i_0006,unmatched,,"[0.010537906009646474, -0.8102638762609328, -0.3503888545444036, -0.4696690898649817]","[0.5000269651733593, -0.5000316351227637, -0.4999206994050134, -0.500020691854225]","[448.3148050134137, 3.06966688370139, 33.20890085920581]",5.250000000000088,100.0,0.0,"[57.45111407985169, 122.72254269369841, 122.72254269369843]",28
287,2633462982,settled,Rf4i_0005,unmatched,,"[-0.6696015768829735, -0.5238860473033524, -0.12537979712777328, 0.5113287046009672]","[-0.500053787413267, -0.5000319145463897, -0.49995161928094384, 0.4999626711136356]","[448.18198794522664, 3.0636229423906345, 26.78603636031435]",4.809999999999941,100.0,0.0,"[57.45111407985169, 116.78521727099219, 116.7852172709922]",26
288,3761640212,settled,Rf4i_0008,unmatched,,"[-0.5021713166671637, 0.3763741243342449, 0.7778556823101909, 0.03327198139794165]","[6.422346253798229e-05, -6.367818714961283e-05, 0.7070706416444275, 0.7071429130981751]","[448.061033045478, 26.794628524498243, 3.064498783117167]",4.909999999999974,100.0,0.0,"[57.45111407985169, 122.22531900125315, 122.22531900125317]",16
289,1285634449,settled,Rf4i_0011,unmatched,,"[-0.06179464665889061, 0.12239474429666039, 0.989804171696417, 0.038583026128440265]","[1.684492596431645e-05, -8.495489663085111e-06, 0.9999999989907994, -4.0773478007640656e-05]","[448.0214736249498, 39.99693800296446, 3.0704899699898203]",4.659999999999891,100.0,0.0,"[57.45111407985169, 113.79205305112485, 113.79205305112487]",21
290,1184822575,settled,Rf4i_0012,unmatched,,"[0.08288139339956037, 0.8356324246838398, -0.34553634299367453, -0.41887201042288746]","[3.0577934264155536e-05, 0.7071356680034411, -0.7070778863317617, -9.361049832757912e-05]","[447.5890247167479, 6.933080715811279, 40.0002021123793]",4.849999999999954,100.0,0.0,"[57.45111407985169, 118.64948475600265, 118.64948475600266]",32
291,3115268231,settled,Rf4i_0003,unmatched,,"[-0.8358054346397688, -0.3199395351726686, -0.40994245749741026, -0.17611118874480403]","[-0.7070772146808835, -0.7071363421101436, -6.883558379844334e-05, -3.752162192810493e-05]","[447.9236263755209, 26.783291664536982, 6.932438190158312]",4.419999999999811,100.0,0.0,"[57.45111407985169, 120.45707561227458, 120.4570756122746]",11
292,159930596,settled,Rf4i_0003,unmatched,,"[0.07029200069442101, 0.8121000458651979, 0.19429839282092132, -0.5457111733246133]","[0.7070923592158943, 0.7071212024532381, 1.3795681596207034e-05, -1.9729844420057766e-05]","[448.26864394322376, 26.791092574251334, 6.935838262928663]",4.549999999999854,100.0,0.0,"[57.45111407985169, 113.75029408921006, 113.75029408921007]",15
293,2990616242,settled,Rf4i_0004,unmatched,,"[0.39931632781484955, -0.8914822639433736, -0.10430196937727094, -0.18688751322355332]","[0.7071005599201077, -0.7071129958389557, 2.6546626174961396e-05, -9.258295707262332e-05]","[448.1862195021336, 33.21854822387203, 6.933463767578956]",4.729999999999914,100.0,0.0,"[57.45111407985169, 122.46412719833457, 122.46412719833458]",20
294,188957523,settled,Rf4i_0008,unmatched,,"[0.47510104677309783, 0.5299293470096674, 0.42235268641611745, 0.5613128279400916]","[-0.00016175478460245254, 1.2949386535343612e-05, 0.7070072043139259, 0.7072063254213086]","[448.3808866211179, 26.789749785671887, 3.067188416503077]",5.300000000000105,100.0,0.0,"[57.45111407985169, 118.47089824394368, 118.4708982439437]",24
295,481643049,settled,Rf4i_0011,unmatched,,"[-0.21476873217317644, -0.056308315502426265, -0.9350997853314761, 0.27621034875441053]","[-3.8139346196008386e-05, -3.7472402735494466e-05, -0.9999999975150221, -4.5947418715767434e-05]","[447.64572395923784, 40.0051802222429, 3.0733244541056233]",4.809999999999941,100.0,0.0,"[57.45111407985169, 123.39410048577331, 123.39410048577332]",26
296,2386476367,settled,Rf4i_0003,unmatched,,"[0.41604402109894867, 0.7547056021612667, 0.10448879305651773, 0.4963959293747375]","[0.7071317317349476, 0.7070818212419083, 7.074609709861734e-05, -8.389129900979175e-05]","[448.1827282913819, 26.791097747137812, 6.930909979639481]",4.429999999999814,100.0,0.0,"[57.45111407985169, 120.90272681774593, 120.90272681774591]",14
297,533239478,settled,Rf4i_0006,unmatched,,"[-0.4048579522964122, 0.7546106910868032, 0.5160774362278959, 0.017799527417749247]","[-0.5000385604029558, 0.49998189616515726, 0.5001477800554724, 0.4998317114017641]","[448.2491403447802, 3.0705014821605214, 33.19723585669916]",5.140000000000051,100.0,0.0,"[57.45111407985169, 121.29501784716398, 121.29501784716398]",33
298,1781618497,settled,Rf4i_0005,unmatched,,"[-0.05099139373989536, 0.34612407464907746, 0.82357526110958, -0.446454691991326]","[0.49994560790893244, 0.5000109937820358, 0.49999610923475285, -0.5000472837440255]","[448.26127909485007, 3.080078270355318, 26.787746131857247]",4.459999999999824,100.0,0.0,"[57.45111407985169, 114.38660784062799, 114.386607840628]",21
299,3019699939,settled,Rf4i_0020,unmatched,,"[-0.7295158589622052, 0.11959716108047205, -0.0508877389231582, -0.6715009818395025]","[-0.7070829075658205, -2.509972299256983e-05, -6.438926446548145e-05, -0.707130650624262]","[448.3442888879187, 6.9362343044428485, 40.00181759097532]",4.629999999999881,100.0,0.0,"[57.45111407985169, 118.34949660797736, 118.34949660797737]",38
300,2541693149,settled,Rf4i_0008,unmatched,,"[0.08045852992811474, 0.40327625655887533, -0.378121920292795, -0.8294085237395116]","[-1.2335078848263459e-05, 0.0001102033335771968, -0.7071216101047334, -0.70709194326195]","[447.8438369277635, 26.784072962737735, 3.065889438097146]",4.509999999999841,100.0,0.0,"[57.45111407985169, 120.48389345601451, 120.48389345601453]",23
301,2084280921,settled,Rf4i_0005,unmatched,,"[0.619849051548462, 0.00741623529008566, 0.671735423160493, -0.4055905250618995]","[0.49989754586953333, 0.4998876456860558, 0.5001029497259233, -0.5001118124974663]","[447.9624088908317, 3.0578814477483247, 26.789438421016527]",4.949999999999988,100.0,0.0,"[57.45111407985169, 118.91154864820626, 118.91154864820628]",34
302,1270096408,settled,Rf4i_0005,unmatched,,"[0.4349517640743151, 0.5834549578223276, 0.4957376592549344, -0.473963551676314]","[0.49996362502330716, 0.5000010539118895, 0.5001861230268622, -0.4998491393129637]","[447.77729567893437, 3.08512105661537, 26.78804920175101]",4.5899999999998675,100.0,0.0,"[57.45111407985169, 106.13554414469448, 106.13554414469449]",22
303,386839995,settled,Rf4i_0005,unmatched,,"[-0.00029784170792755655, 0.7696289460833465, 0.4092458033581264, -0.4900908783835057]","[0.500175550668676, 0.5000140986786815, 0.4999340871781503, -0.4998762127899089]","[448.1292913178794, 3.065414775782748, 26.776745185505316]",4.409999999999807,100.0,0.0,"[57.45111407985169, 119.40099565763411, 119.4009956576341]",27
304,1683487450,settled,Rf4i_0003,unmatched,,"[0.8246709982353464, 0.4049014931673811, -0.354562797520974, -0.17394754414605393]","[0.7071729104304241, 0.7070406339618123, 0.00011964897944122255, 4.86247262637407e-05]","[447.9660880561959, 26.799034093209507, 6.928839725303821]",5.010000000000008,100.0,0.0,"[57.45111407985169, 118.36948842145523, 118.36948842145523]",25
305,600956363,settled,Rf4i_0005,unmatched,,"[0.05725477910805818, -0.7446815581501165, -0.42402949309232957, 0.5122209056728005]","[-0.499993295475095, -0.4999208888139021, -0.5000149598167951, 0.5000708443479598]","[447.99485444187656, 3.0777106634997646, 26.78611648568599]",4.269999999999761,100.0,0.0,"[57.45111407985169, 120.2548976710997, 120.25489767109971]",29
306,2578686602,settled,Rf4i_0015,unmatched,,"[-0.6455400009938469, 0.5753806031681371, -0.45602070897125385, -0.21038151440677957]","[-0.500072201778385, 0.49996164503289003, -0.4999469089856732, -0.5000192343302363]","[448.02017888893533, 6.929731074879062, 26.787623546221397]",4.539999999999851,100.0,0.0,"[57.45111407985169, 108.52836557908087, 108.52836557908087]",30
307,550025147,settled,Rf4i_0003,unmatched,,"[0.7099573476934985, 0.4430098413877016, -0.5402946446097417, -0.08823005097861712]","[0.7070885369437736, 0.707125023742875, -3.489327523598096e-05, -2.2401154340712104e-05]","[448.03367579684505, 26.79276392717504, 6.932236135258299]",5.190000000000068,100.0,0.0,"[57.45111407985169, 122.53044494011343, 122.53044494011344]",26
308,1509445469,settled,Rf4i_0015,unmatched,,"[0.9208464586619982, -0.10826634392482577, 0.1606188773439282, 0.3384106596778303]","[0.5000264999632771, -0.5000721182071788, 0.49983520742372234, 0.5000661369718459]","[447.85613973471635, 6.932086545775897, 26.784307176365054]",4.929999999999981,100.0,0.0,"[57.45111407985169, 111.12262595532246, 111.12262595532248]",26
309,552659270,settled,Rf4i_0008,unmatched,,"[-0.34640532390679185, -0.6487665398120545, -0.24996936788830862, -0.6297782494710692]","[0.00013191803114800948, 0.00018050494652202542, -0.707027610726272, -0.7071859074432243]","[448.23207223500094, 26.796143126972204, 3.0675708443135172]",5.240000000000085,100.0,0.0,"[57.45111407985169, 125.09213295432237, 125.09213295432234]",27
310,3395655849,settled,Rf4i_0020,unmatched,,"[0.5603417992438583, 0.49806016357495975, 0.09112456464104907, 0.6554765100282535]","[0.7070286294882118, 6.488464232074099e-05, -3.714006483392228e-05, 0.7071849202963959]","[448.33646007650106, 6.936602842452351, 39.99464793965022]",4.749999999999921,100.0,0.0,"[57.45111407985169, 124.8788079557327, 124.87880795573271]",37
311,1961580372,settled,Rf4i_0016,unmatched,,"[-0.5267491122142659, -0.6341667673888417, 0.5046523934663464, -0.2563081069528572]","[-0.4999583702391276, -0.5000045682465478, 0.49999752887800775, -0.5000395293137377]","[447.9231709774309, 6.929855845219653, 33.21021389658354]",4.929999999999981,100.0,0.0,"[57.45111407985169, 118.45716178003177, 118.45716178003178]",25
312,3285284101,settled,Rf4i_0008,unmatched,,"[-0.2519624256778158, 0.2653646457256403, 0.5632789689319362, 0.7408193733997723]","[-0.0001121921191206965, 3.054042455374884e-05, 0.7070922347866081, 0.7071213177275107]","[447.89572454323445, 26.789772265918096, 3.068120574300528]",4.609999999999874,100.0,0.0,"[57.45111407985169, 103.08609033498955, 103.08609033498956]",13
313,1198512540,settled,Rf4i_0020,unmatched,,"[-0.5722362350782845, 0.014963805074935542, 0.16570812642957897, -0.8030333695658658]","[-0.7071101099297445, 8.548374163997869e-05, 3.097457474939625e-05, -0.7071034465820756]","[448.16402328911647, 6.9356414754294, 40.00325410313127]",4.799999999999938,100.0,0.0,"[57.45111407985169, 116.22907454123971, 116.22907454123973]",35
314,3013583232,settled,Rf4i_0012,unmatched,,"[-0.17446144255530435, -0.5956220013565717, 0.7794641289237983, 0.08504885820855318]","[-3.958917624596849e-05, -0.707117367456981, 0.7070961895021718, 7.658273355954422e-05]","[448.11161618237156, 6.932089599012162, 40.00077716525242]",4.729999999999914,100.0,0.0,"[57.45111407985169, 117.4115015965885, 117.41150159658851]",24
315,236571778,settled,Rf4i_0003,unmatched,,"[-0.6240787190797052, -0.5692921078989122, 0.39592930131645515, 0.3601003146831605]","[-0.7071466583288369, -0.7070668996606145, -2.3961529822896788e-05, 4.944219696273455e-05]","[448.0363404259965, 26.783717980647197, 6.9314127821444425]",4.889999999999968,100.0,0.0,"[57.45111407985169, 114.47755996978232, 114.47755996978232]",15
316,4101237787,settled,Rf4i_0006,unmatched,,"[0.22137631792077062, -0.872870171370165, -0.27042651689298136, -0.3405285432341773]","[0.5000395606604898, -0.49998445996511576, -0.5000035390187564, -0.4999724377768989]","[448.35488036484537, 3.073153038356046, 33.207931180090306]",5.1800000000000646,100.0,0.0,"[57.45111407985169, 113.59443605262199, 113.594436052622]",27
317,3459630954,settled,Rf4i_0006,unmatched,,"[0.14984913631728244, -0.7555079338458067, -0.5355197552076315, -0.3463691528172838]","[0.49994504876909207, -0.5000645653796116, -0.5000558634776096, -0.49993450777540127]","[448.0399979179093, 3.07941322020178, 33.20790456280438]",5.220000000000078,100.0,0.0,"[57.45111407985169, 124.93112396859914, 124.93112396859915]",34
318,1119814818,settled,Rf4i_0002,unmatched,,"[-0.6971165871654177, -0.13189122910838355, 0.449280586155775, 0.5429365731709773]","[-0.7070520655692434, 5.17622317942073e-05, -0.0001180314473228509, 0.7071614808256422]","[448.25195082240236, 3.073344061731646, 39.995769068797706]",4.709999999999908,100.0,0.0,"[57.45111407985169, 123.82485009486845, 123.82485009486847]",21
319,342980811,settled,Rf4i_0006,unmatched,,"[0.030532435525299394, 0.7782847485238531, 0.3908315324615853, 0.4905011048201471]","[-0.5000200347274752, 0.49990066998633187, 0.5000390054957532, 0.5000402763789825]","[448.00403628969684, 3.064401580338482, 33.2131962918243]",5.480000000000165,100.0,0.0,"[57.45111407985169, 124.28675133578774, 124.28675133578774]",32
320,3566514477,settled,Rf4i_0002,unmatched,,"[0.4167803399879383, -0.48067880125688306, 0.1608241271501632, -0.7545711618847971]","[0.707117126781561, 8.271615809130254e-06, -3.324495573247406e-05, -0.7070964346102611]","[447.81378395674, 3.0653060764803746, 40.00145651016097]",5.110000000000041,100.0,0.0,"[57.45111407985169, 124.2792285972836, 124.27922859728362]",31
321,4025272107,settled,Rf4i_0011,unmatched,,"[0.21014813389143402, -0.13121837656388724, 0.9665897820764848, 0.06575479191069845]","[6.592105678587592e-05, -8.09588624994806e-05, 0.9999999936318897, -4.2852041343658087e-05]","[448.1117973841164, 39.99177427986408, 3.061751488206119]",4.689999999999901,100.0,0.0,"[57.45111407985169, 114.86496090400782, 114.86496090400783]",27
322,1181857748,settled,Rf4i_0011,unmatched,,"[0.5202040659321218, -0.02133506390474298, -0.8182722554790269, 0.24364535856267633]","[4.2018321173901544e-05, -3.1885785044927235e-05, -0.9999999985831555, 7.172627532779888e-06]","[447.973296787706, 40.00680165216183, 3.0714911286013615]",4.519999999999844,100.0,0.0,"[57.45111407985169, 123.42055437753322, 123.42055437753322]",14
323,268707656,settled,Rf4i_0012,unmatched,,"[0.10301261730232424, 0.7022709010576099, -0.7036647303319815, -0.03255655834201603]","[-1.2932226152705962e-05, 0.7070947591630203, -0.7071187935491683, 0.00011491960924542537]","[448.3786308448219, 6.948422860984945, 39.99804031545296]",4.679999999999898,100.0,0.0,"[57.45111407985169, 115.86086322465934, 115.86086322465935]",30
324,975960072,settled,Rf4i_0004,unmatched,,"[0.7582962679941282, -0.5242043249157421, -0.3859285340466686, 0.035436736508854615]","[0.7070504223055818, -0.7071631147800931, 0.00016852699895392179, -3.179097387948083e-05]","[448.23957742343725, 33.22135511908611, 6.927296571186065]",4.639999999999884,100.0,0.0,"[57.45111407985169, 119.01618485281936, 119.01618485281938]",21
325,2687390525,settled,Rf4i_0008,unmatched,,"[0.529971148785165, 0.0935671250492551, -0.7368673974424962, -0.4091481555032011]","[3.546057012090986e-05, 8.983790639099931e-06, -0.707090746003229, -0.7071228150600408]","[448.30712745522044, 26.79629835229782, 3.073001976646644]",4.349999999999787,100.0,0.0,"[57.45111407985169, 120.26169212205527, 120.26169212205525]",21
326,745340072,settled,Rf4i_0015,unmatched,,"[0.7861852005525131, -0.41018944092891435, 0.2594748041369611, 0.3825314091688619]","[0.5000383701955232, -0.4999179687085469, 0.500004246007153, 0.5000394053165647]","[447.591570562924, 6.943066983792751, 26.77755529811677]",4.849999999999954,100.0,0.0,"[57.45111407985169, 111.56027923635277, 111.56027923635278]",26
327,2708790030,settled,Rf4i_0005,unmatched,,"[-0.40010769300529814, -0.46229958432576546, -0.7355170739389548, 0.2919033440618327]","[-0.5000600721355216, -0.5000539460334898, -0.4999703210529162, 0.4999156462628434]","[447.6399006323697, 3.0788449847028754, 26.79016270808849]",4.609999999999874,100.0,0.0,"[57.45111407985169, 114.34014294924143, 114.34014294924141]",19
328,3867797169,settled,Rf4i_0008,unmatched,,"[0.27252022960366223, -0.4710032195972138, -0.05749293677220416, -0.8370085147757659]","[-9.950264547253786e-06, 0.0002207507469108028, -0.70715008472527, -0.7070634404656655]","[447.9515481108158, 26.79511127430887, 3.0728873540403576]",4.839999999999951,100.0,0.0,"[57.45111407985169, 117.27148302186757, 117.27148302186755]",30
329,2098479478,settled,Rf4i_0012,unmatched,,"[0.15298370120063826, 0.6826603934028278, -0.3570083518569619, -0.6189634974297159]","[6.452858187496248e-05, 0.7070591757253535, -0.7071543803347745, -1.523112216955702e-05]","[447.5907419465338, 6.9457941277244855, 40.00061003701516]",5.300000000000105,100.0,0.0,"[57.45111407985169, 120.14175545227666, 120.14175545227667]",35
330,931152868,settled,Rf4i_0014,unmatched,,"[-0.07699985549756341, 0.8909419945389845, -0.24586779421207117, -0.37395509408155014]","[1.1350800852009157e-05, 0.9999999855638887, -0.00011516946678380435, 0.00012441613935232037]","[447.76231638661477, 40.006923333540556, 6.931328191109299]",5.020000000000011,100.0,0.0,"[57.45111407985169, 112.08671545726637, 112.08671545726638]",17
331,1558597429,settled,Rf4i_0016,unmatched,,"[-0.05032807851328375, 0.6995851474338736, -0.399069134252301, 0.5905857533755833]","[0.5000757106589825, 0.5000105627411562, -0.4999958943922667, 0.49991781959344395]","[447.81180863490107, 6.923211921296314, 33.21574535614525]",4.799999999999938,100.0,0.0,"[57.45111407985169, 123.5829561288401, 123.58295612884011]",25
332,4250729804,settled,Rf4i_0004,unmatched,,"[-0.5179918142254788, 0.8470059183462957, 0.021460460551873155, -0.11749426928428096]","[-0.707093540292068, 0.7071200100887215, -9.519175525088405e-05, 8.687856938294213e-05]","[448.2394809362625, 33.20747608634229, 6.926877922639556]",4.789999999999934,100.0,0.0,"[57.45111407985169, 121.11129952718228, 121.11129952718228]",18
333,4147647222,settled,Rf4i_0016,unmatched,,"[0.12615750889557242, 0.8556727900390604, -0.30344808093154096, 0.39978446882663954]","[0.5000475694554635, 0.49997470503215874, -0.5000216442658002, 0.49995607594609265]","[448.11092320846666, 6.9406114365231915, 33.202919487090384]",4.669999999999894,100.0,0.0,"[57.45111407985169, 118.15321221941579, 118.15321221941579]",22
334,546835206,settled,Rf4i_0015,unmatched,,"[0.4747277603993977, -0.6651193289938975, 0.40724489525343527, 0.4079233101881997]","[0.5001079608863073, -0.49996047981831837, 0.49997190917555395, 0.49995963448395336]","[448.28054633825116, 6.929724686917023, 26.782589589676068]",4.659999999999891,100.0,0.0,"[57.45111407985169, 106.1068015761076, 106.1068015761076]",34
335,3200495743,settled,Rf4i_0019,unmatched,,"[-0.7212814251850905, 0.5185469572284966, -0.03279668505260917, -0.45802460226672564]","[-0.6608888126048097, 0.6609088829575648, -0.2514192846916723, -0.2514234855512041]","[448.2248807149377, 29.41720943859598, 22.98316077366849]",4.359999999999791,100.0,0.0,"[57.45111407985169, 115.77943001014772, 115.77943001014773]",28
336,2348890405,settled,Rf4i_0016,unmatched,,"[-0.3176050939804824, -0.28922093024306683, 0.616076618705389, -0.6602483303057408]","[-0.5000944612751255, -0.49998775576977444, 0.5000271341164468, -0.499890627067101]","[447.5562575179746, 6.931333827229097, 33.21285132741275]",4.609999999999874,100.0,0.0,"[57.45111407985169, 102.84974619815243, 102.84974619815245]",28
337,4061647453,settled,Rf4i_0010,unmatched,,"[0.2508877114037342, -0.15163781220023995, 0.7535005001501298, -0.588471177247642]","[-1.9243331047746892e-05, -0.00010288277920339484, 0.7072040184372724, -0.7070095228149351]","[447.5655546791371, 33.24033790717087, 3.0669837909975946]",4.829999999999948,100.0,0.0,"[57.45111407985169, 115.35300046099958, 115.35300046099958]",19
338,2968043584,settled,Rf4i_0012,unmatched,,"[-0.35150377954755807, -0.700554371236003, 0.6195805777205756, -0.04229153127220831]","[0.0001870651223176323, -0.7070816019720757, 0.7071319206890513, -0.0001410739401675471]","[447.56574539045243, 6.934967793692449, 40.00305390373786]",4.599999999999871,100.0,0.0,"[57.45111407985169, 124.26479357436587, 124.26479357436588]",34
339,3422452170,settled,Rf4i_0012,unmatched,,"[0.3118768852079661, -0.6471205612970246, 0.6816277895163125, 0.13910910889911815]","[-5.812039137669816e-05, -0.7071070955041301, 0.7071064643088859, -1.556661407600093e-05]","[448.38043644818384, 6.9373841588837895, 40.002088574146335]",5.100000000000038,100.0,0.0,"[57.45111407985169, 120.96176633760342, 120.96176633760342]",40
340,1734648617,settled,Rf4i_0015,unmatched,,"[0.3134098285251556, -0.38860391678069645, 0.2746942883010107, 0.8217690206021003]","[0.4999942896360825, -0.49995937272902047, 0.4999889691093642, 0.5000573634301059]","[448.0880133057028, 6.9411477553599985, 26.785510904703735]",5.010000000000008,100.0,0.0,"[57.45111407985169, 109.43507775588282, 109.43507775588283]",26
341,2090830508,settled,Rf4i_0008,unmatched,,"[0.19578986618197766, 0.057011685569233625, -0.8839591859764658, -0.4207518907109296]","[-0.00011712433720473256, -9.336969302892181e-05, -0.7071019740878678, -0.7071115723880005]","[447.56198076833033, 26.795970384294826, 3.0687118720558635]",4.659999999999891,100.0,0.0,"[57.45111407985169, 119.00835704314726, 119.00835704314726]",19
342,3952832875,settled,Rf4i_0011,unmatched,,"[-0.44287830183887705, -0.037070952885603164, 0.87693113035891, -0.18296542520353493]","[3.281552880884764e-05, 6.265236156821619e-06, 0.9999999982247978, -4.93385482493485e-05]","[447.6479864446636, 40.004179661441114, 3.068937102013152]",4.489999999999834,100.0,0.0,"[57.45111407985169, 121.06385891723437, 121.06385891723438]",16
343,3817366363,settled,Rf4i_0006,unmatched,,"[0.6329807026932204, -0.4246937457648563, -0.5796698736189316, -0.28801647512742096]","[0.49994508652731307, -0.49998095054204994, -0.5000687718837511, -0.5000051829120802]","[448.4376383843401, 3.0695620986267818, 33.200010332974685]",4.749999999999921,100.0,0.0,"[57.45111407985169, 111.44157928698618, 111.4415792869862]",21
344,401891113,settled,Rf4i_0015,unmatched,,"[0.445830858310104, -0.29384339024250955, 0.3955308816009174, 0.7472925996484009]","[0.49996866319873234, -0.5000181835035301, 0.5000724494021409, 0.4999406938168226]","[447.7204151542378, 6.93740168955677, 26.78509919692847]",4.789999999999934,100.0,0.0,"[57.45111407985169, 112.59655379683132, 112.59655379683133]",38
345,225434681,settled,Rf4i_0015,unmatched,,"[-0.3912896982650508, 0.6237061331187186, -0.5782994858442289, -0.351358415601564]","[-0.5001802034704801, 0.4998058024761082, -0.4998162509304621, -0.5001976001274498]","[448.422953933119, 6.947663533705099, 26.782325203055006]",4.649999999999888,100.0,0.0,"[57.45111407985169, 115.01473918829227, 115.01473918829228]",32
346,2594131664,settled,Rf4i_0001,unmatched,,"[0.9287638649349177, 0.1673585554405621, -0.2524568204596961, -0.21366878788298235]","[0.9999999902272937, 4.4220003576807924e-05, -0.00011150725411459753, 7.180624015840077e-05]","[448.21726355548117, 40.004175777226195, 6.925492711767872]",4.679999999999898,100.0,0.0,"[57.45111407985169, 118.99363739486573, 118.99363739486574]",19
347,1003632784,settled,Rf4i_0002,unmatched,,"[-0.5534335173751268, 0.1501665188983372, -0.19810919181889083, 0.7949302526414607]","[-0.7070208700393662, 5.7084921285594706e-05, -7.107290407253659e-05, 0.707192676021699]","[447.7702161413536, 3.0730318280749733, 39.99353595493759]",4.709999999999908,100.0,0.0,"[57.45111407985169, 111.98274483883297, 111.98274483883299]",33
348,1582205474,settled,Rf4i_0020,unmatched,,"[0.453668244587904, 0.3920223605087072, 0.1535447506293244, 0.785447389879099]","[0.7071074810168356, -3.116126335392299e-06, -1.8439917958116262e-05, 0.7071060811082626]","[448.1186572984936, 6.940333251080358, 40.00384146326815]",4.799999999999938,100.0,0.0,"[57.45111407985169, 122.7210645088911, 122.72106450889112]",27
349,1175386389,settled,Rf4i_0008,unmatched,,"[-0.169876418588353, -0.4905923723818673, 0.6427253288901665, 0.5633518245034387]","[5.1412921737548085e-05, 0.0001410203175723768, 0.7071735187871798, 0.7070400213539118]","[447.8724443211399, 26.781191264119766, 3.0629416710741575]",4.569999999999861,100.0,0.0,"[57.45111407985169, 115.96362073107939, 115.96362073107939]",24
350,3426315339,settled,Rf4i_0002,unmatched,,"[0.7619549124828563, -0.10773591762875073, 0.2103228261383814, -0.6029776050576822]","[0.7070992492497189, -8.127373929269968e-05, -7.925648406276498e-05, -0.7071143039307528]","[448.38418629123044, 3.0770167100440773, 39.994165391271544]",4.5599999999998575,100.0,0.0,"[57.45111407985169, 117.66206784155072, 117.66206784155074]",31
351,1950208217,settled,Rf4i_0012,unmatched,,"[0.32467456317231624, -0.555252933700564, 0.724202560419202, -0.24861870228937888]","[4.892865023908511e-06, -0.7071439896685661, 0.7070695691725973, -4.6922920132000516e-05]","[448.3730915623234, 6.927506783243897, 39.99660268080095]",4.819999999999944,100.0,0.0,"[57.45111407985169, 117.06829888835912, 117.06829888835914]",29
352,3843021671,settled,Rf4i_0015,unmatched,,"[-0.6004387263867339, 0.46022149587923483, -0.1398662779784892, -0.638832477939405]","[-0.5000154822327061, 0.49997840686445727, -0.5000384922316649, -0.49996761543479684]","[447.7761094845848, 6.937073739683454, 26.78845155979027]",5.100000000000038,100.0,0.0,"[57.45111407985169, 119.500763631092, 119.500763631092]",35
353,4285819425,settled,Rf4i_0012,unmatched,,"[0.10798352907547408, 0.7503078307153173, -0.5097169204095255, -0.40689848569871895]","[4.768792085617766e-05, 0.7070806560286956, -0.7071328951168501, -0.00011063251629470043]","[447.69918116248675, 6.930963035415894, 40.00045417736586]",5.080000000000031,100.0,0.0,"[57.45111407985169, 121.26335845743496, 121.26335845743498]",33
354,3497012217,settled,Rf4i_0012,unmatched,,"[-0.03614389212516662, -0.47092224253230175, 0.8776470309927155, -0.08161831620453769]","[-7.40865819573046e-05, -0.7070959132771498, 0.7071176374432712, 0.00010370428345301256]","[447.76441668315886, 6.938673249938382, 39.99839185490694]",4.779999999999931,100.0,0.0,"[57.45111407985169, 111.89865410745774, 111.89865410745776]",31
355,2873029230,settled,Rf4i_0004,unmatched,,"[0.4628663485147122, -0.8593102772631258, 0.024602172352034594, 0.21618354220011224]","[0.7071666795853981, -0.7070468604559389, 0.0001540306891895105, 2.6040544165439886e-05]","[447.92899946806574, 33.21574213179867, 6.932137901997546]",4.849999999999954,100.0,0.0,"[57.45111407985169, 123.26992304304626, 123.26992304304628]",25
356,1554565609,settled,Rf4i_0015,unmatched,,"[-0.652094966003504, 0.3679621994719656, -0.4952347691569995, -0.44058880885770996]","[-0.49994678541000037, 0.49987878007672104, -0.5001004275651573, -0.5000739738642306]","[448.0737863109812, 6.935831266583413, 26.789275753974067]",4.789999999999934,100.0,0.0,"[57.45111407985169, 107.94440781287683, 107.94440781287685]",31
357,2965863122,settled,Rf4i_0014,unmatched,,"[-0.12769327799571875, -0.940130401887314, -0.03815505373810864, 0.31367729608013967]","[4.634821004828043e-05, -0.9999999944911784, 8.829072864063871e-05, 3.277550733498244e-05]","[448.2226476438134, 40.00518461223174, 6.930833955393522]",4.799999999999938,100.0,0.0,"[57.45111407985169, 117.5460901814902, 117.54609018149021]",12
358,288631476,settled,Rf4i_0009,unmatched,,"[0.15646738306889113, 0.4577879066219654, -0.17363200094501036, -0.8577879218280493]","[-0.00014491525200954758, -1.4255957422551672e-05, -0.00030044178359641506, -0.9999999442655345]","[448.3159271846155, 40.00029268450049, 3.0743849653329796]",4.599999999999871,100.0,0.0,"[57.45111407985169, 120.4930654585269, 120.4930654585269]",21
359,3535010220,settled,Rf4i_0015,unmatched,,"[-0.38296168635250694, 0.6040267022354994, 0.08806163065029556, -0.6933521752902795]","[-0.5000354220505653, 0.5000436339302725, -0.4999433340942091, -0.4999776030536637]","[447.8353702661383, 6.930724978384663, 26.790052445645404]",5.050000000000021,100.0,0.0,"[57.45111407985169, 122.72229645345195, 122.72229645345196]",30
360,2618921339,settled,Rf4i_0002,unmatched,,"[0.7111506376373382, -0.1553816167939371, 0.3915002002004868, -0.5628933442433726]","[0.707236862803749, 7.111084569866588e-05, -7.479814002862212e-05, -0.7069766681015697]","[447.9967967551841, 3.073683371785159, 40.00011747100437]",4.649999999999888,100.0,0.0,"[57.45111407985169, 120.24585272820255, 120.24585272820256]",31
361,1660890013,settled,Rf4i_0008,unmatched,,"[0.45280857555295406, 0.20066766691702484, 0.5321230520114401, 0.6866891137027097]","[-3.293511811422456e-05, 6.0063743633514965e-05, 0.7071059761763588, 0.7071075828778131]","[447.934952773978, 26.79427620626796, 3.0692034853482366]",4.990000000000001,100.0,0.0,"[57.45111407985169, 113.21767173020787, 113.21767173020788]",24
362,4217470258,settled,Rf4i_0002,unmatched,,"[-0.705585590940385, 0.12040932334872317, -0.01745986958392375, 0.6981015124336307]","[-0.7070598669499238, -1.7329457725194406e-05, -3.43173297823884e-05, 0.7071536912657438]","[448.2530923614301, 3.077450368483302, 40.0014704746792]",4.839999999999951,100.0,0.0,"[57.45111407985169, 117.22093144541411, 117.2209314454141]",38
363,3876941340,settled,Rf4i_0014,unmatched,,"[-0.12107567680190418, 0.9796114234016763, 0.025284708254459297, -0.1583124226218193]","[9.21911754803844e-06, 0.9999999960077572, 5.7290530148246255e-05, -6.795063334345172e-05]","[447.8986692355496, 39.996659563629684, 6.928607616299338]",4.649999999999888,100.0,0.0,"[57.45111407985169, 119.66554366129778, 119.66554366129778]",20
364,1763217951,settled,Rf4i_0003,unmatched,,"[0.3073770505126439, 0.9100429245687035, 0.09833167340130129, -0.26013862893981854]","[0.7072043428119699, 0.7070092044912996, 2.466305982393169e-05, -4.079464671513656e-05]","[448.27947845645764, 26.791342377617298, 6.930932169799184]",4.689999999999901,100.0,0.0,"[57.45111407985169, 119.03445365127365, 119.03445365127367]",18
365,4219013935,settled,Rf4i_0002,unmatched,,"[0.7454283172530326, -0.3094702124605008, -0.041500737105532565, -0.5889333580776878]","[0.7070668454966434, 1.0700254756197316e-05, -7.124764820337468e-06, -0.7071467145042591]","[448.0307707766751, 3.0741625612817174, 39.99770313600183]",4.849999999999954,100.0,0.0,"[57.45111407985169, 123.06455647045645, 123.06455647045647]",24
366,2392790572,settled,Rf4i_0012,unmatched,,"[0.506298281140592, -0.4800913546943908, 0.6900901351759378, -0.19222368999330575]","[0.00018480762607115116, -0.7071047678714761, 0.7071087637828932, -9.633792484933127e-05]","[447.84540815132556, 6.933399728719026, 40.004636176640936]",4.719999999999911,100.0,0.0,"[57.45111407985169, 120.85629211444336, 120.85629211444338]",38
367,1164810619,settled,Rf4i_0008,unmatched,,"[-0.38137065741942194, -0.17571490907316958, -0.402914362951204, -0.8132285708929016]","[1.4603566815180049e-05, 2.6682038930803124e-05, -0.7070980296880482, -0.7071155319225316]","[448.07746425545884, 26.79342036238918, 3.0713642051709793]",4.959999999999991,100.0,0.0,"[57.45111407985169, 112.55064485336048, 112.5506448533605]",16
368,2725202999,settled,Rf4i_0003,unmatched,,"[0.6020706777101422, 0.6374296419236787, -0.13537127254050507, -0.4613772525921334]","[0.7071062013557972, 0.7071073555295627, 7.863395613399993e-05, -3.970975265249477e-05]","[447.6810035928953, 26.789897512725666, 6.932651918637789]",4.719999999999911,100.0,0.0,"[57.45111407985169, 116.95247587982189, 116.9524758798219]",29
369,654768980,unsettled,,not_evaluated,,"[0.36951331627604517, 0.16361525016927125, -0.050278802764462525, -0.9133246963699704]","[0.49387019360542334, 8.060807404610532e-05, 4.9035140709151633e-05, -0.8695356363979773]","[448.21481924432214, 23.102899592295028, 35.92121860781957]",4.139999999999717,100.0,0.0,"[57.45111407985169, 109.44444109987441, 109.44444109987442]",25
370,2221380443,settled,Rf4i_0011,unmatched,,"[-0.35836865151581215, 0.05949061892660346, 0.9295317164905558, 0.0632737221015895]","[0.00011496615748232462, -0.00013160173234755268, 0.9999999844161211, -2.513014556602512e-05]","[447.77532835549795, 40.00247419852077, 3.0659473663655206]",4.669999999999894,100.0,0.0,"[57.45111407985169, 114.59459335666945, 114.59459335666945]",34
371,476349535,settled,Rf4i_0009,unmatched,,"[0.09604740000755455, 0.7008195225679995, 0.19012996826416934, 0.6807918102527497]","[0.00013157998029095233, 4.184714629798142e-05, -1.3122556519491525e-05, 0.9999999903816618]","[448.4143075345592, 39.9959731988698, 3.0679321657552974]",5.270000000000095,100.0,0.0,"[57.45111407985169, 120.03806801826141, 120.03806801826143]",29
372,3612281220,settled,Rf4i_0003,unmatched,,"[0.6715049193823535, 0.5474979878976362, 0.17480186313158846, 0.46773005584317984]","[0.7071163086188814, 0.7070972534912243, 9.230670282883713e-06, 1.0255187164631696e-05]","[447.8806897890949, 26.790367138465818, 6.929411612856487]",4.4999999999998375,100.0,0.0,"[57.45111407985169, 118.18192972957881, 118.18192972957883]",19
373,1017460157,settled,Rf4i_0016,unmatched,,"[0.7624564013137765, 0.3983607319822863, -0.4894468025699346, 0.14286633880746705]","[0.5000295229494064, 0.49997602280104747, -0.5000058771873812, 0.4999885754505927]","[447.62188931519177, 6.940314527422166, 33.20753322885814]",4.889999999999968,100.0,0.0,"[57.45111407985169, 115.12177347205204, 115.12177347205206]",20
374,3334185002,settled,Rf4i_0015,unmatched,,"[0.29294854975408346, -0.3482776720377911, 0.3091249391142775, 0.8350602267947566]","[0.49998831589471066, -0.5000185785636281, 0.49989455868649535, 0.5000985255483305]","[447.7488783252349, 6.951101823318196, 26.789142117022685]",5.040000000000018,100.0,0.0,"[57.45111407985169, 111.44794530507576, 111.44794530507576]",31
375,36137377,settled,Rf4i_0008,unmatched,,"[-0.20545604068213918, -0.3180872002026298, 0.5867492465968921, 0.7157748738482309]","[-4.751783222867179e-05, -1.3924219928324046e-05, 0.7069915002974747, 0.7072220415508115]","[447.8674901590995, 26.79691933822644, 3.0665308738346777]",4.599999999999871,100.0,0.0,"[57.45111407985169, 108.34207481118246, 108.34207481118247]",24
376,289982995,settled,Rf4i_0003,unmatched,,"[0.44371958448672016, 0.8345991150536697, -0.14418709359260803, 0.29286059744506493]","[0.7070593145734939, 0.7071542414367628, -5.131300983302057e-05, -4.3125778206615235e-05]","[448.3859827488568, 26.793217209839803, 6.928013079905331]",4.769999999999928,100.0,0.0,"[57.45111407985169, 116.34424593747315, 116.34424593747316]",25
377,437091509,settled,Rf4i_0006,unmatched,,"[0.46244359947511104, -0.1983497310405094, -0.8436222101105, -0.18736293152311587]","[0.4999512049419838, -0.5000319220786832, -0.5000577274873951, -0.4999591370897211]","[447.7398283720913, 3.071665910989884, 33.21154151253191]",4.799999999999938,100.0,0.0,"[57.45111407985169, 111.86757353355243, 111.86757353355243]",32
378,3839845437,settled,Rf4i_0003,unmatched,,"[0.35226777543534865, 0.934847391708788, 0.031132634150594862, -0.03159948885586536]","[0.7070744491941683, 0.7071390988311052, 0.00012601094913014532, 4.819063033351112e-05]","[448.16090824145647, 26.77953862188389, 6.935759629050242]",4.669999999999894,100.0,0.0,"[57.45111407985169, 120.5430570974271, 120.54305709742711]",20
379,1660966759,settled,Rf4i_0005,unmatched,,"[-0.1517052857831241, -0.29127561974959143, -0.18264073679145526, 0.9267072789555645]","[-0.5000299191913945, -0.5000211108687325, -0.5000273341281063, 0.49992162758154945]","[448.0864901518208, 3.0716115985007613, 26.788791949223384]",4.729999999999914,100.0,0.0,"[57.45111407985169, 117.69770796414501, 117.69770796414501]",22
380,1637501604,settled,Rf4i_0005,unmatched,,"[0.18129149155088545, -0.6913895059743468, 0.032480297838960365, 0.6986121788031583]","[-0.5000168248937827, -0.5000190697510465, -0.49999295249360026, 0.4999711513329251]","[447.96325770270727, 3.081316281048723, 26.783475265624773]",4.609999999999874,100.0,0.0,"[57.45111407985169, 118.88272010245942, 118.8827201024594]",13
381,485279111,settled,Rf4i_0003,unmatched,,"[-0.9312632588279296, -0.3349799535042644, 0.12213209572889121, 0.07497282641286965]","[-0.7070957950416747, -0.707117766303054, -3.2945841533571496e-05, -1.1293056693922887e-05]","[447.97344415611246, 26.782843627172973, 6.934607400322595]",4.879999999999964,100.0,0.0,"[57.45111407985169, 120.66498050193627, 120.66498050193628]",21
382,3762580992,settled,Rf4i_0008,unmatched,,"[0.1773482491946259, -0.3470449091463339, 0.7076768376718273, 0.5893224270007174]","[-6.329449604852711e-06, -3.291412208814016e-05, 0.7071043688424001, 0.7071091927281031]","[447.94129891465974, 26.78426852874305, 3.0670808697959417]",4.699999999999904,100.0,0.0,"[57.45111407985169, 103.81456633962955, 103.81456633962956]",24
383,2423116493,settled,Rf4i_0016,unmatched,,"[0.29462108731827746, 0.6033356075849531, -0.42676698231237864, 0.6058502309444782]","[0.5000667008438111, 0.5000372197434323, -0.49992460453908266, 0.49997146254050023]","[448.0168490361898, 6.936288149141777, 33.21728918590136]",4.729999999999914,100.0,0.0,"[57.45111407985169, 111.96388045063209, 111.9638804506321]",35
384,4174505831,settled,Rf4i_0016,unmatched,,"[0.2244048008060311, 0.5715964015653734, -0.6853403945532466, 0.39144422678885216]","[0.5002264782165686, 0.49990557600915664, -0.499949527621117, 0.4999183487304946]","[448.0976266579332, 6.9356429847530485, 33.21614639010507]",4.990000000000001,100.0,0.0,"[57.45111407985169, 122.85497228637303, 122.85497228637304]",30
385,2525438779,settled,Rf4i_0020,unmatched,,"[-0.6897378057101372, -0.14439285100342594, -0.2628215548777614, -0.6590427104861286]","[-0.7070422785517856, 5.577808989698388e-05, 4.2497850579651116e-05, -0.707171274461171]","[447.5617652180115, 6.94822977564127, 40.00474778835227]",4.759999999999924,100.0,0.0,"[57.45111407985169, 116.74662344033464, 116.74662344033466]",33
386,1288210302,settled,Rf4i_0016,unmatched,,"[0.04615286212208781, -0.6333120855466261, 0.5372564310861841, -0.5551047134325727]","[-0.5000973997231717, -0.4999205612857522, 0.5000369917504645, -0.4999450270529817]","[447.7008560527956, 6.934272755931963, 33.218205923986694]",4.719999999999911,100.0,0.0,"[57.45111407985169, 124.27927123988162, 124.27927123988164]",26
387,2398396039,settled,Rf4i_0011,unmatched,,"[0.7576079537954379, -0.18841092674201143, 0.5765840312664487, -0.24100283383943177]","[6.215991465254545e-05, 1.1944749832182301e-05, 0.9999999933580471, -9.631912496890976e-05]","[447.81591714626336, 40.00364733140013, 3.064961052729392]",5.1500000000000545,100.0,0.0,"[57.45111407985169, 124.38997715743396, 124.38997715743398]",20
388,701727153,settled,Rf4i_0006,unmatched,,"[0.19212178778999547, -0.6549558889125926, -0.32855242530116996, -0.6528210367809931]","[0.499800026839918, -0.4998854815989707, -0.5000888484182602, -0.5002255312807222]","[448.22347678132496, 3.068794202429106, 33.216465400257206]",4.849999999999954,100.0,0.0,"[57.45111407985169, 112.69557964613719, 112.6955796461372]",40
389,1545886231,settled,Rf4i_0002,unmatched,,"[0.6603699745772341, -0.13748381202057905, -0.26800047012429995, -0.6878847622402371]","[0.7070095674016972, 2.901578177128053e-06, -1.9612050586788062e-05, -0.7072039813302902]","[447.6190701901441, 3.0899856742459333, 40.000047998079786]",4.659999999999891,100.0,0.0,"[57.45111407985169, 124.41781716944955, 124.41781716944956]",18
390,1745869872,settled,Rf4i_0008,unmatched,,"[-0.447504222096961, 0.26585095795835, 0.8533219872333381, 0.030080316856180497]","[-8.796619111040016e-05, -0.00011705477056767055, 0.7071418559991097, 0.7070716894730437]","[448.1262074273144, 26.794275870501295, 3.0724340172120916]",5.010000000000008,100.0,0.0,"[57.45111407985169, 117.08468459388658, 117.08468459388659]",23
391,406022352,settled,Rf4i_0012,unmatched,,"[-0.3653408397420556, 0.6171309206484219, -0.6060321330849663, 0.3440938117209992]","[0.00013199206909430273, 0.7070750603424856, -0.7071384869531415, 4.346706592445502e-05]","[447.9656306724179, 6.9253219262466335, 40.00068412311401]",4.849999999999954,100.0,0.0,"[57.45111407985169, 113.37152173655917, 113.37152173655919]",32
392,1249401832,settled,Rf4i_0011,unmatched,,"[-0.1733833582670486, 0.1891697261426468, -0.9649533349426495, -0.05493712014854206]","[-9.717427774963816e-06, -3.814233085741581e-05, -0.9999999989217858, 2.4640671678246e-05]","[448.34816993476073, 39.99593838889544, 3.0704343079866954]",4.729999999999914,100.0,0.0,"[57.45111407985169, 113.3519281537587, 113.35192815375872]",19
393,3632292210,unsettled,,not_evaluated,,"[-0.016288161035539764, 0.41417340070696734, 0.444247711431849, -0.79425377609708]","[0.3176745338310041, 0.31786174935666306, 0.631761308105669, -0.6316046615025812]","[448.19935302751304, 22.254372338917733, 23.32363557883056]",4.049999999999687,100.0,0.0,"[57.45111407985169, 121.83665217413694, 121.83665217413696]",15
394,2973749025,settled,Rf4i_0015,unmatched,,"[-0.257487360526622, 0.7199862692742867, -0.4075739458834495, -0.4992028744533857]","[-0.5001359594379402, 0.5000448743876745, -0.49986637518732135, -0.49995275040026943]","[447.85466254616733, 6.927786296021383, 26.78787369487104]",4.649999999999888,100.0,0.0,"[57.45111407985169, 111.95561415676076, 111.95561415676077]",32
395,1941028596,settled,Rf4i_0015,unmatched,,"[-0.3979706979410011, 0.5124873277994502, -0.5234674702789294, -0.552229906818808]","[-0.5000442558169381, 0.5000019617586026, -0.5000407076376322, -0.4999130636093538]","[447.5588193795949, 6.951246337919899, 26.788971730601205]",4.649999999999888,100.0,0.0,"[57.45111407985169, 103.39853500888071, 103.39853500888071]",26
396,3070380030,settled,Rf4i_0005,unmatched,,"[-0.06994234935673012, 0.3801467522525942, 0.7566750495891676, -0.5272943995980771]","[0.5000059585935405, 0.49991452940757164, 0.49998841390353826, -0.5000910823243954]","[447.978034047092, 3.0612170244997112, 26.78197155715932]",4.699999999999904,100.0,0.0,"[57.45111407985169, 108.728163723107, 108.72816372310702]",29
397,1915343937,settled,Rf4i_0015,unmatched,,"[0.4906712176433897, -0.7697750840218592, 0.18896804856236424, 0.36191042098566995]","[0.5000617364833165, -0.5000279890659427, 0.4999729769991746, 0.4999372881937721]","[447.6876996510552, 6.929999349323316, 26.79030560550407]",4.779999999999931,100.0,0.0,"[57.45111407985169, 115.61806092121466, 115.61806092121468]",41
398,354290017,settled,Rf4i_0005,unmatched,,"[-0.28835621042518916, -0.38855276042979314, -0.7424310043056404, 0.46332888116038073]","[-0.5000074205650881, -0.5000999599569281, -0.49997089414104634, 0.49992170831314053]","[448.0077040194774, 3.07637967817578, 26.79047039441818]",4.489999999999834,100.0,0.0,"[57.45111407985169, 107.84647204257034, 107.84647204257035]",27
399,3963352672,settled,Rf4i_0002,unmatched,,"[0.9251647455085984, -0.043595273119650155, -0.02004224774347514, -0.3765208548474078]","[0.7072063615367336, -2.9032401121990826e-05, 0.00018457754786562573, -0.7070071621208823]","[447.94531593006354, 3.070742380781619, 40.01235209449305]",4.749999999999921,100.0,0.0,"[57.45111407985169, 107.79092083423063, 107.79092083423065]",29
400,2241331819,settled,Rf4i_0020,unmatched,,"[0.5925854334590082, 0.24491752173755219, -0.09201458593482868, 0.7618341207726109]","[0.7071547938434284, 7.108239424709623e-05, 0.00015129492291080204, 0.7070587455094505]","[448.23277981391226, 6.932695633025964, 40.00002181086573]",4.819999999999944,100.0,0.0,"[57.45111407985169, 123.58521583085935, 123.58521583085937]",28
401,1248089024,settled,Rf4i_0015,unmatched,,"[0.2827366532360801, -0.6531151424436665, 0.5934076092222453, 0.3759893681273299]","[0.4999625749137601, -0.5000747613475793, 0.5000303232479344, 0.49993232800183124]","[447.83705647471066, 6.940256679216602, 26.787058215310655]",4.639999999999884,100.0,0.0,"[57.45111407985169, 117.44616267773196, 117.44616267773198]",19
402,1190590428,settled,Rf4i_0003,unmatched,,"[-0.8466737523926994, -0.520625593890875, -0.0190786065475082, 0.10829845228462341]","[-0.707093972592859, -0.7071195694202076, -0.0001610649666905772, 5.0238490986981285e-05]","[447.9937928974131, 26.78488604576944, 6.92963762806657]",4.689999999999901,100.0,0.0,"[57.45111407985169, 114.21711197031426, 114.21711197031425]",22
403,870255912,settled,Rf4i_0010,unmatched,,"[-0.016935335981255635, 0.22228673932136322, -0.7657847735540874, 0.6032209218104038]","[-9.18039163944895e-05, 4.037559132052949e-05, -0.7072253189342446, 0.7069882164507474]","[447.93517168638203, 33.22338027019342, 3.065899300035537]",4.689999999999901,100.0,0.0,"[57.45111407985169, 112.8002208893619, 112.80022088936191]",22
404,3990659583,settled,Rf4i_0012,unmatched,,"[-0.20215787328060575, -0.6371998885809219, 0.5616658613913516, 0.4874832883398513]","[0.00011841019975782793, -0.707083804479943, 0.7071297451911976, -5.3731054315700095e-05]","[448.12098169363475, 6.935035742825835, 39.99872339983916]",5.130000000000048,100.0,0.0,"[57.45111407985169, 120.11045809166498, 120.110458091665]",25
405,3397404430,settled,Rf4i_0015,unmatched,,"[0.41182468093020647, -0.4075472598130009, 0.478449909386871, 0.6598419109175645]","[0.5000625302266719, -0.49994695690914376, 0.5000363642774681, 0.49995413843747405]","[447.88799654200074, 6.938837258719036, 26.79051344644909]",4.779999999999931,100.0,0.0,"[57.45111407985169, 104.8223265363666, 104.82232653636662]",25
406,3645697704,settled,Rf4i_0020,unmatched,,"[0.8864963890943234, -0.051138257445942525, -0.1415384693951913, 0.4375795841094335]","[0.7071071670554425, 3.529315080434398e-05, -6.268499517508295e-06, 0.7071063944088796]","[448.02748883397373, 6.93564755141746, 39.98740076557716]",4.899999999999971,100.0,0.0,"[57.45111407985169, 115.17028402875393, 115.17028402875394]",45
407,51817196,settled,Rf4i_0020,unmatched,,"[0.7638451508528649, 0.27373350348973174, 0.43368309953207546, 0.39182843664804773]","[0.7071449044800732, 2.7808792374481992e-05, 4.22213398761666e-05, 0.7070686540300721]","[448.2486776885157, 6.953815019950023, 39.99854012278359]",4.659999999999891,100.0,0.0,"[57.45111407985169, 120.34854994217835, 120.34854994217835]",26
408,2309212288,settled,Rf4i_0005,unmatched,,"[0.8495889160767383, 0.3365625935702812, -0.2307471229477699, -0.33418566626970336]","[0.4998872191971545, 0.5000302713447564, 0.5000309339896453, -0.5000515582174185]","[448.19383181353174, 3.0718242717476634, 26.78170184282921]",5.170000000000061,100.0,0.0,"[57.45111407985169, 115.43061609334376, 115.43061609334377]",32
409,48961705,settled,Rf4i_0009,unmatched,,"[0.07809326247491846, -0.2879763649877445, 0.049014886336602684, 0.9531886468490268]","[1.6863105097408848e-05, -5.8032883459342774e-05, -1.8610375211960246e-05, 0.999999998000737]","[447.7259037616863, 40.010064497537535, 3.070199881476766]",4.659999999999891,100.0,0.0,"[57.45111407985169, 114.55640398204281, 114.55640398204282]",20
410,1554068286,settled,Rf4i_0004,unmatched,,"[0.6452777913563432, -0.48357184564960204, -0.23356384192165672, 0.5433440657853112]","[0.7070490529837294, -0.707164502647319, 3.936631739487329e-05, 3.6341085961066895e-05]","[448.1051123280626, 33.226970581115, 6.931809992992271]",5.130000000000048,100.0,0.0,"[57.45111407985169, 117.87959936383842, 117.87959936383844]",22
411,3534876538,settled,Rf4i_0008,unmatched,,"[-0.2977258657233537, 0.10832781411501317, -0.3707268817149146, -0.8730326298267885]","[0.00016917464886662126, 5.031129072441409e-05, -0.7072293271332345, -0.706984191967108]","[448.2885670454827, 26.793384444024827, 3.066838365016946]",4.899999999999971,100.0,0.0,"[57.45111407985169, 114.396412704019, 114.396412704019]",17
412,534105821,settled,Rf4i_0020,unmatched,,"[0.61992343084427, 0.12344665611091266, 0.04777704849200498, 0.7734165867258707]","[0.7071444987030279, -0.0001363606794671792, -6.174715586780775e-05, 0.7070690458131351]","[447.61781255313593, 6.939560906991684, 39.993737881723376]",4.789999999999934,100.0,0.0,"[57.45111407985169, 116.53032500655542, 116.53032500655542]",29
413,4091761413,settled,Rf4i_0015,unmatched,,"[0.5674666330929233, -0.4537568823728552, 0.5632140784565418, 0.3935431537376766]","[0.5000557152952716, -0.500021071100496, 0.49997227372016806, 0.49995093315957767]","[448.2499069939032, 6.925217009260517, 26.791826467315428]",4.729999999999914,100.0,0.0,"[57.45111407985169, 102.36666439413096, 102.36666439413096]",23
414,3173205562,settled,Rf4i_0016,unmatched,,"[-0.09130783514718892, -0.5669139993428666, 0.7439710281521406, -0.3417287021308819]","[-0.4999992722460661, -0.5000650700148987, 0.49998147794403613, -0.49995417311719276]","[447.97593316527326, 6.936314003986005, 33.20799298627361]",5.190000000000068,100.0,0.0,"[57.45111407985169, 122.3816995725989, 122.38169957259892]",26
415,251389692,settled,Rf4i_0002,unmatched,,"[0.6080055123042141, 0.07237173668191489, -0.4106834322929009, -0.6755965861203387]","[0.7070381497197394, 4.5459549253500564e-05, 6.797360014742768e-06, -0.7071754044988504]","[447.65448375519924, 3.08154263708622, 39.993024252945084]",4.609999999999874,100.0,0.0,"[57.45111407985169, 122.05582908416596, 122.05582908416596]",23
416,2745748030,settled,Rf4i_0015,unmatched,,"[-0.44688314577346244, 0.750365958923362, -0.42026706391498325, -0.24621530557810048]","[-0.5000422715933089, 0.5000859604269141, -0.4999939885990118, -0.49987775522476074]","[447.80146448790396, 6.928114931216969, 26.787549713221217]",4.629999999999881,100.0,0.0,"[57.45111407985169, 112.73918111109975, 112.73918111109977]",27
417,2132957445,settled,Rf4i_0008,unmatched,,"[0.02440900510333862, 0.4192243821668913, -0.3393466787833796, -0.8417237964233536]","[6.004223874228609e-05, 1.223166271530074e-05, -0.707097024931755, -0.7071165346518049]","[447.9305813113313, 26.790774157297676, 3.072008538757238]",4.4999999999998375,100.0,0.0,"[57.45111407985169, 120.98904129289686, 120.98904129289687]",18
418,2592582287,settled,Rf4i_0014,unmatched,,"[-0.17317025778823744, 0.877343216343861, -0.19804333936939197, 0.40132253647706384]","[-4.787779039771873e-05, 0.9999999926384086, 0.00011070408467700465, 1.3247856980193384e-05]","[448.02841084946164, 40.002769337984844, 6.928854734582456]",4.6199999999998775,100.0,0.0,"[57.45111407985169, 123.9906056117904, 123.99060561179041]",18
419,488833476,settled,Rf4i_0004,unmatched,,"[0.814050814904451, -0.47546433509702507, 0.2701807450712651, -0.19559473867381785]","[0.7069987480734605, -0.7072147965264053, 3.158997451624401e-05, 2.826213346673878e-05]","[447.8460197433638, 33.21402587223425, 6.931386580767675]",4.679999999999898,100.0,0.0,"[57.45111407985169, 120.97384726543872, 120.97384726543874]",16
420,1079718317,settled,Rf4i_0014,unmatched,,"[-0.06942338662369815, -0.7737009619714047, 0.02210873122520877, 0.6293476136745343]","[9.26541674930962e-05, -0.9999999931364619, 6.843463967209919e-05, 2.142385271548895e-05]","[447.76075183757894, 40.001007125728755, 6.927907313108765]",4.959999999999991,100.0,0.0,"[57.45111407985169, 116.07227324496793, 116.07227324496793]",32
421,1354260012,settled,Rf4i_0004,unmatched,,"[-0.4187518959274471, 0.7746345086352491, 0.30176239181627623, -0.3654144038949682]","[-0.7071224210694371, 0.7070911334687133, 3.4371539882699365e-05, -9.70021922849229e-05]","[448.14992235465934, 33.22309778391678, 6.9320949820379925]",5.080000000000031,100.0,0.0,"[57.45111407985169, 120.76459954570271, 120.76459954570272]",10
422,882229007,settled,Rf4i_0014,unmatched,,"[0.1273924501741963, -0.9584522427451846, 0.2029272869603875, 0.1547933403678503]","[1.6528914427209648e-06, -0.9999999945110436, 7.608239447204346e-05, -7.201840067529667e-05]","[448.3232699913024, 40.00380139777423, 6.930431067047785]",4.899999999999971,100.0,0.0,"[57.45111407985169, 117.11163956143663, 117.11163956143665]",13
423,4192697643,settled,Rf4i_0004,unmatched,,"[0.6550885994433101, -0.4372331383276803, -0.14355208181188908, 0.5992319329233069]","[0.7071167110736342, -0.7070968500882783, -2.3580345547169482e-05, -3.0977556015304726e-05]","[447.63379374429695, 33.22309747932718, 6.936231735143645]",5.200000000000071,100.0,0.0,"[57.45111407985169, 119.80254883238227, 119.80254883238229]",17
424,3669686380,settled,Rf4i_0014,unmatched,,"[-0.06116896501923223, 0.885354112653527, -0.3315742172768101, -0.32010153289734866]","[2.8565105363589786e-05, 0.9999999500240273, -0.00030549969957172074, 7.619653040716503e-05]","[447.62359540015393, 39.99783311302296, 6.9218579551333645]",5.020000000000011,100.0,0.0,"[57.45111407985169, 114.88593666007034, 114.88593666007036]",25
425,514171889,settled,Rf4i_0003,unmatched,,"[-0.8749889709778484, -0.4028463397589936, 0.14105621020290338, 0.22850004983172698]","[-0.7071696099767825, -0.7070439359681557, 0.00010061187747320566, 7.220245112654622e-05]","[447.7303546532401, 26.79593224024559, 6.931403395663087]",4.859999999999958,100.0,0.0,"[57.45111407985169, 117.04034855482548, 117.04034855482548]",20
426,551640303,settled,Rf4i_0012,unmatched,,"[-0.2697721665536638, 0.4464575027683721, -0.8515280409815804, 0.05290247439244444]","[-3.1084138403779894e-05, 0.7071303811939691, -0.7070831771109508, 6.060471961724221e-05]","[448.0250583323466, 6.940822102301344, 40.000832133932214]",4.869999999999961,100.0,0.0,"[57.45111407985169, 116.70647659956133, 116.70647659956134]",30
427,1447824218,settled,Rf4i_0008,unmatched,,"[0.054177171776904016, 0.03524804273418602, -0.8950143501031719, -0.44132949442685304]","[-5.169248394276682e-05, -1.0115349587141997e-05, -0.7070246464174517, -0.707188904454704]","[448.1187937461, 26.78968802912719, 3.0607433759942126]",4.669999999999894,100.0,0.0,"[57.45111407985169, 118.3996198881824, 118.39961988818241]",27
428,88904940,settled,Rf4i_0001,unmatched,,"[0.9031736958155836, -0.2856238255728287, 0.17222343768948123, -0.27025061140056533]","[0.9999999903089596, 9.893393166579296e-05, 1.2678028136017546e-05, 9.712582306620199e-05]","[448.23256075267096, 40.00367253203059, 6.929069496418912]",4.839999999999951,100.0,0.0,"[57.45111407985169, 121.76461175142444, 121.76461175142445]",27
429,1326025458,settled,Rf4i_0005,unmatched,,"[-0.5718926520009407, -0.20994557547447532, -0.2553657328752236, 0.7507662701527834]","[-0.4999462008632226, -0.4999795556365581, -0.4999785019164757, 0.5000957286452835]","[448.42514458107195, 3.0702963337277174, 26.785543436492013]",4.789999999999934,100.0,0.0,"[57.45111407985169, 119.82973432637732, 119.82973432637733]",25
430,1890205973,settled,Rf4i_0010,unmatched,,"[0.4550261583998374, -0.14329072983126753, -0.6002766520818873, 0.6419399527071591]","[-4.618610168538595e-06, -6.029886579286825e-05, -0.707114973042733, 0.7070985866493373]","[447.89028573711374, 33.217637927178316, 3.0731121029761876]",4.5599999999998575,100.0,0.0,"[57.45111407985169, 116.66498968377897, 116.66498968377897]",8
431,296743350,settled,Rf4i_0015,unmatched,,"[0.6332094678323993, -0.22651466425909744, 0.7306858552586184, 0.11762252185691]","[0.5000977658766406, -0.4999312585355056, 0.5000262296217222, 0.49994472793958245]","[447.86338061210927, 6.946085546572591, 26.788742943770913]",4.419999999999811,100.0,0.0,"[57.45111407985169, 114.64468711802607, 114.64468711802608]",20
432,4200615586,settled,Rf4i_0008,unmatched,,"[0.655926729555045, 0.4715822210767977, 0.3000995891145564, 0.5072578938102114]","[-2.610357448770695e-05, -2.115100415439608e-05, 0.7071320516801017, 0.707081508991664]","[448.0741279779018, 26.783768157799955, 3.0648737282433625]",5.290000000000101,100.0,0.0,"[57.45111407985169, 115.58070442690948, 115.58070442690948]",26
433,1827127625,settled,Rf4i_0002,unmatched,,"[0.8579350932580933, -0.2128157517921675, -0.14611278493536695, -0.44419352271706153]","[0.7070401332197096, 1.098599876756145e-05, -0.0001765404673810735, -0.7071734007507824]","[447.9683869742497, 3.068978318715231, 39.988818762772965]",4.749999999999921,100.0,0.0,"[57.45111407985169, 119.21647435706643, 119.21647435706643]",25
434,534635392,settled,Rf4i_0011,unmatched,,"[0.4023365553425705, -0.1994319114941423, 0.8810665716111402, -0.14857289558415035]","[5.006830995700547e-06, -0.0001441141449816108, 0.9999999893481661, 2.2576818627949044e-05]","[447.60220986946365, 40.006570077762596, 3.0618831254994316]",4.749999999999921,100.0,0.0,"[57.45111407985169, 123.3952371157986, 123.39523711579861]",24
435,2590583326,settled,Rf4i_0008,unmatched,,"[0.09030055180909459, -0.04441867200298009, -0.8023967719212277, -0.5882450274595253]","[-0.00012073607199478142, -1.3673052143642339e-05, -0.7070794012147601, -0.7071341496587652]","[447.93812535673544, 26.796226117435815, 3.070061685254295]",4.679999999999898,100.0,0.0,"[57.45111407985169, 110.48775790028236, 110.48775790028238]",22
436,2547354583,settled,Rf4i_0005,unmatched,,"[0.8152563941732772, 0.21622676966726295, -0.40583675953436604, -0.3519936369446071]","[0.5000475174924686, 0.49998127051068597, 0.49992706470231574, -0.5000441374181546]","[448.3532320189448, 3.0774573456940764, 26.781029408801942]",5.350000000000121,100.0,0.0,"[57.45111407985169, 122.54054310999116, 122.54054310999118]",39
437,3218085765,settled,Rf4i_0008,unmatched,,"[0.2954657990931379, 0.39282819469298863, -0.3980689292476701, -0.7745496101529676]","[-1.2583747036776227e-05, 5.2642653185497323e-05, -0.7071054466145683, -0.7071081136844721]","[447.9307501154269, 26.80031389868736, 3.0622754473903764]",4.279999999999764,100.0,0.0,"[57.45111407985169, 116.23150310563412, 116.23150310563413]",20
438,1304232084,settled,Rf4i_0015,unmatched,,"[-0.352213766853653, 0.21184664024323208, -0.8685438811426818, -0.27694401958883696]","[-0.5000142271984744, 0.5001076801584798, -0.4999753833373318, -0.49990268743256844]","[447.82298372621204, 6.925363835040346, 26.788586083299933]",4.519999999999844,100.0,0.0,"[57.45111407985169, 115.77683925937733, 115.77683925937734]",28
439,297768368,settled,Rf4i_0005,unmatched,,"[-0.22472066688496214, -0.872516407788627, -0.21434063640960546, 0.3771920354380955]","[-0.5000870694718805, -0.4998914081125691, -0.49999378902394304, 0.5000277132117181]","[447.6793709313931, 3.0745983694647587, 26.789025523181422]",4.319999999999777,100.0,0.0,"[57.45111407985169, 112.83642861423182, 112.83642861423182]",28
440,891232979,settled,Rf4i_0005,unmatched,,"[-0.34380334234946835, -0.7338992915597421, -0.0763126847783356, 0.5808334234351233]","[-0.4999056004740592, -0.4999048978739802, -0.5001568877382828, 0.5000325702834071]","[448.25002665986585, 3.0658431089100673, 26.78481996752994]",4.6199999999998775,100.0,0.0,"[57.45111407985169, 115.50109164377056, 115.50109164377058]",28
441,3841963349,settled,Rf4i_0016,unmatched,,"[-0.5133375855609958, -0.07907450326392841, 0.6897991190402434, -0.5043896525061499]","[-0.4999833836208066, -0.5000765301609214, 0.49995404791287434, -0.49998602986566937]","[447.75951061721656, 6.93367372940224, 33.22127228879886]",4.659999999999891,100.0,0.0,"[57.45111407985169, 116.64416628195951, 116.64416628195953]",31
442,18385099,settled,Rf4i_0010,unmatched,,"[0.12047864421829556, -0.12517628543684167, -0.7144336243554615, 0.6777908159910955]","[2.1893270098188866e-05, -1.2787517480766786e-05, -0.7071185477137435, 0.7070950140089876]","[447.5518107391557, 33.2179265541004, 3.0701445423175384]",4.709999999999908,100.0,0.0,"[57.45111407985169, 107.9200282013043, 107.9200282013043]",15
443,2691739939,settled,Rf4i_0012,unmatched,,"[-0.22267729535334213, 0.7891356077799049, -0.5696644964821498, 0.0562332296395906]","[-2.2413137311884353e-05, 0.7070212062680513, -0.7071923400127895, 8.724767174357731e-05]","[448.19622776278374, 6.942387281234204, 40.001995401600276]",4.869999999999961,100.0,0.0,"[57.45111407985169, 116.48334200985707, 116.48334200985708]",27
444,1648306844,settled,Rf4i_0006,unmatched,,"[0.40372342625092367, -0.4878801446397, -0.3946080481346454, -0.6657813814683657]","[0.500054777186786, -0.5000220434652712, -0.4998930629812192, -0.5000301005387007]","[447.97250020439554, 3.073928740422123, 33.21985483228483]",4.609999999999874,100.0,0.0,"[57.45111407985169, 111.57837318530221, 111.57837318530221]",26
445,3556173456,settled,Rf4i_0001,unmatched,,"[0.8819022092181918, -0.180298544692677, 0.353429474799875, -0.2546144821106211]","[0.9999999997601838, 5.793559711683229e-06, 1.222772756411128e-05, -1.7220622371805216e-05]","[447.84026484282265, 39.992974777952206, 6.935273981459492]",4.749999999999921,100.0,0.0,"[57.45111407985169, 122.45019465796527, 122.45019465796528]",29
446,4217925759,settled,Rf4i_0009,unmatched,,"[0.0961030644699224, -0.5789503453412914, -0.05326938281784191, 0.8079251645312798]","[5.014368727396246e-05, 7.236334103199951e-06, -0.00014131448242016788, 0.9999999887317316]","[448.41800108930266, 40.00901631987933, 3.0665335172964867]",4.579999999999864,100.0,0.0,"[57.45111407985169, 118.94824796163117, 118.94824796163118]",26
447,2301786321,settled,Rf4i_0009,unmatched,,"[0.2578223818748416, -0.7105505883403768, 0.20813108451813142, -0.620747076087221]","[3.357630284483992e-05, -1.0295073944659077e-05, 1.380118873344573e-05, -0.9999999992880853]","[447.9205629403231, 40.00556561949875, 3.0671321678832455]",5.200000000000071,100.0,0.0,"[57.45111407985169, 124.75270600717457, 124.75270600717458]",24
448,325454950,settled,Rf4i_0003,unmatched,,"[0.7956384402483112, 0.3843416545390062, -0.3939975078371101, -0.25299590669336963]","[0.7070284965777266, 0.7071850541557476, -6.206109701620277e-05, -1.881999460007222e-05]","[447.9684045421951, 26.789384797988873, 6.930802182147965]",5.000000000000004,100.0,0.0,"[57.45111407985169, 119.1846307065941, 119.18463070659412]",22
449,969502381,settled,Rf4i_0008,unmatched,,"[-0.30927980161513835, -0.15406158471051223, 0.5135925348162733, 0.7853876371642105]","[-0.00010174100932272556, -4.1690638922897705e-05, 0.707053549800123, 0.7071600000181731]","[447.6242995754009, 26.789278737438785, 3.0693203683451085]",4.4999999999998375,100.0,0.0,"[57.45111407985169, 109.12449470820292, 109.12449470820293]",17
450,2996715874,settled,Rf4i_0008,unmatched,,"[-0.19287291865651282, 0.48587151384416694, 0.6514239194558252, 0.5498870669914926]","[5.225614583057037e-05, 3.907886763243607e-05, 0.7071140604132703, 0.7070994988740944]","[448.00172608231566, 26.799648377135757, 3.0721490419717368]",4.990000000000001,100.0,0.0,"[57.45111407985169, 117.03097491004422, 117.03097491004424]",25
451,1609489958,settled,Rf4i_0001,unmatched,,"[-0.9949556450195594, -0.05813871976815337, 0.08029387326127228, -0.015363841451134974]","[-0.9999999426538043, -2.1165782422999903e-05, 0.00028421044230156356, 0.00018294486150333134]","[448.01178217069565, 40.00631959672471, 6.931432667851709]",4.6199999999998775,100.0,0.0,"[57.45111407985169, 115.73098918684319, 115.7309891868432]",21
452,2771918735,settled,Rf4i_0012,unmatched,,"[-0.11460745564524599, 0.43084029765301896, -0.8796516023320977, 0.16569498345862566]","[1.3141680123873942e-05, 0.7070385708468475, -0.7071749728207757, 0.00013029995803472843]","[447.93141444419234, 6.9337306261367075, 39.99948834723178]",4.749999999999921,100.0,0.0,"[57.45111407985169, 113.61673403068495, 113.61673403068497]",42
453,610631633,settled,Rf4i_0010,unmatched,,"[0.1514681535432902, -0.6127328788032343, 0.29993681550540857, -0.7152997444429585]","[4.6608829520872204e-05, 8.565582549910357e-05, 0.7070906974443286, -0.7071228578389965]","[447.912386389354, 33.217166446262084, 3.0705771594687765]",5.1500000000000545,100.0,0.0,"[57.45111407985169, 125.14011093128185, 125.14011093128182]",25
454,2319603761,settled,Rf4i_0011,unmatched,,"[-0.1570165804251357, 0.03132179366028071, 0.9537235132709428, -0.2545116872515474]","[-0.00011250810089413266, -7.163525799824821e-05, 0.9999999904312373, -3.671297133375869e-05]","[448.2037051585189, 39.99849246659268, 3.0643695161192697]",4.709999999999908,100.0,0.0,"[57.45111407985169, 124.04027492690771, 124.04027492690773]",23
455,1854309513,settled,Rf4i_0008,unmatched,,"[0.12356854996780049, -0.2678906918240119, -0.7278985147329342, -0.6189742667853777]","[3.2263107164198783e-06, -4.8451732950649535e-05, -0.7070649024382522, -0.7071486557874558]","[447.66350851326723, 26.792412805384107, 3.0669438496132555]",4.779999999999931,100.0,0.0,"[57.45111407985169, 101.71501297395707, 101.71501297395709]",17
456,989447075,settled,Rf4i_0001,unmatched,,"[0.9713800337355661, -0.21011797810244398, 0.016179182275794755, 0.10958786154915928]","[0.9999999746096692, 3.864727851060337e-05, -7.052949724421914e-05, -0.0002105056744369782]","[448.1677832888296, 40.00489662327697, 6.9302731932831785]",4.699999999999904,100.0,0.0,"[57.45111407985169, 123.18070334343408, 123.18070334343409]",24
457,2183323969,settled,Rf4i_0010,unmatched,,"[0.4719514165278837, -0.21436734646952207, 0.6328959274691771, -0.5751097688249347]","[-8.787365464946182e-06, -0.0001641002149817272, 0.7071711678823057, -0.7070423695294911]","[448.33715243116734, 33.22626637961981, 3.0736626416017367]",5.050000000000021,100.0,0.0,"[57.45111407985169, 116.09554135830794, 116.09554135830793]",25
458,3333157346,settled,Rf4i_0001,unmatched,,"[-0.9276509904190547, 0.24159716448372856, 0.27468312960690555, 0.07512408666549768]","[-0.999999997647883, 3.55404945194743e-06, -3.9029824458312095e-05, 5.628743737756681e-05]","[447.8902174367891, 39.99781823724038, 6.927969287600276]",4.769999999999928,100.0,0.0,"[57.45111407985169, 121.94094067599669, 121.9409406759967]",26
459,1536433214,settled,Rf4i_0008,unmatched,,"[0.08218339877503628, 0.2576184628040969, -0.6582543058704985, -0.7025524075762501]","[-9.887594179897041e-05, -3.400326045380209e-05, -0.7070944335631218, -0.7071191208639279]","[448.28177798844973, 26.77982628575157, 3.0659377817243825]",4.6199999999998775,100.0,0.0,"[57.45111407985169, 104.9673358733421, 104.96733587334211]",13
460,3003981838,settled,Rf4i_0001,unmatched,,"[-0.7818738120739928, -0.012854806092070811, 0.6135808908157429, -0.10966579402428699]","[-0.9999999973021922, -2.0338275811540986e-05, 9.597785760344641e-06, 6.992748257700354e-05]","[447.9478377599296, 40.004992875186595, 6.92837785488231]",5.020000000000011,100.0,0.0,"[57.45111407985169, 116.83540016466762, 116.83540016466763]",20
461,1671738075,settled,Rf4i_0008,unmatched,,"[0.16848477985767996, 0.6303939036957051, 0.6092136526744295, 0.4506385808324433]","[1.4052723397217637e-05, -2.16886663321203e-05, 0.7071125387016285, 0.707101023152322]","[447.6941849212086, 26.792679293845854, 3.0716284764152526]",5.200000000000071,100.0,0.0,"[57.45111407985169, 122.01570802962195, 122.01570802962195]",24
462,1427896573,settled,Rf4i_0011,unmatched,,"[-0.8276546587604369, 0.01672756570963244, -0.5591638238802129, 0.045208101499985595]","[0.00020557915551867872, 6.073000826406494e-05, -0.9999999768856787, -1.6664905496067492e-05]","[447.7657878470795, 40.009359749950264, 3.062848714528485]",5.0900000000000345,100.0,0.0,"[57.45111407985169, 115.29578850898807, 115.29578850898808]",18
463,617616967,settled,Rf4i_0015,unmatched,,"[-0.653353822706798, 0.3994512311384112, -0.04260644431797357, -0.6416791933661253]","[-0.5000121479039159, 0.49997703782543274, -0.5000374616020523, -0.4999733498801656]","[448.3543499832809, 6.936359791976236, 26.793167040028276]",5.050000000000021,100.0,0.0,"[57.45111407985169, 121.31050922467784, 121.31050922467786]",26
464,4137320547,settled,Rf4i_0006,unmatched,,"[0.42361130840775824, -0.7453039372078921, -0.42955826919711343, -0.2838224690468704]","[0.4999375829837407, -0.5000437245077964, -0.5000318572181099, -0.49998682829426033]","[447.97369712865526, 3.0759011294596155, 33.209470183411796]",4.769999999999928,100.0,0.0,"[57.45111407985169, 118.09939151152098, 118.09939151152099]",23
465,2545035017,settled,Rf4i_0006,unmatched,,"[-0.5569568557253328, 0.6963649029460673, 0.07238081643017763, 0.44680644603493136]","[-0.49998166412830275, 0.49990965349285854, 0.5000995565796262, 0.5000091073060613]","[448.0051400354561, 3.062069555536829, 33.21504124319324]",4.719999999999911,100.0,0.0,"[57.45111407985169, 116.02320794145761, 116.02320794145763]",22
466,1308104037,settled,Rf4i_0005,unmatched,,"[0.6202867767754898, 0.441811349337051, 0.34047399362073083, -0.5514748460468515]","[0.5000556103756305, 0.50006554739021, 0.4999196431058032, -0.4999591836161743]","[447.82438545969427, 3.074873599860778, 26.787034594570393]",4.749999999999921,100.0,0.0,"[57.45111407985169, 113.5188279977101, 113.51882799771012]",24
467,997398106,settled,Rf4i_0013,unmatched,,"[0.11084417898417434, -0.7964657463755247, -0.5903442692092394, 0.06963854283090477]","[-3.76873420981691e-05, -0.7070908502641124, -0.7071227006011307, 0.00011977897431109295]","[448.1157187046879, 3.069625793905472, 39.99948480154471]",4.669999999999894,100.0,0.0,"[57.45111407985169, 113.63861301578058, 113.63861301578058]",31
468,3869532184,settled,Rf4i_0005,unmatched,,"[-0.444034000270401, -0.15779409734244773, -0.714768004045331, 0.5167606117350677]","[-0.499960935773194, -0.499973385001511, -0.49998875058683223, 0.5000769203607998]","[447.87472676494366, 3.0679950958096853, 26.7890007751852]",4.979999999999998,100.0,0.0,"[57.45111407985169, 111.33667877943394, 111.33667877943395]",29
469,2215946165,settled,Rf4i_0006,unmatched,,"[0.36889047016788995, -0.7622059379761799, -0.12484839185158167, -0.5170829799802338]","[0.4999760832209498, -0.5000167121149541, -0.4999805530168515, -0.5000266497075455]","[448.16682340422216, 3.0742823073776417, 33.214756193643325]",4.789999999999934,100.0,0.0,"[57.45111407985169, 116.7204658596725, 116.72046585967252]",30
470,1197086404,settled,Rf4i_0015,unmatched,,"[0.755057280627056, -0.1767846178774512, 0.631366319746603, 0.0035031619473357]","[0.49997326712933693, -0.5000148365968012, 0.4999673057831791, 0.5000445864990442]","[448.096144096846, 6.93525813998567, 26.792393325911643]",4.599999999999871,100.0,0.0,"[57.45111407985169, 120.51314862718861, 120.51314862718861]",26
471,148282538,settled,Rf4i_0015,unmatched,,"[-0.4253381753982559, 0.7238946308654451, -0.5174617999902729, -0.16521890177546342]","[-0.5000163239847115, 0.49987761129849484, -0.5000321174155432, -0.500073925559267]","[448.0096135262756, 6.935310666282265, 26.77992424177999]",4.639999999999884,100.0,0.0,"[57.45111407985169, 118.09608181674272, 118.09608181674274]",25
472,4068892255,settled,Rf4i_0005,unmatched,,"[0.3748737161170823, 0.8447448672063396, 0.13016443113470874, -0.35907245391493114]","[0.49998644377740376, 0.49993406321325023, 0.5001079949905145, -0.49997148101114974]","[447.88176819190664, 3.093447172785665, 26.782732670519344]",4.5299999999998475,100.0,0.0,"[57.45111407985169, 116.07539763587087, 116.07539763587089]",25
473,1326143893,settled,Rf4i_0014,unmatched,,"[0.14356132151723644, 0.9476595487597521, -0.08740535376396882, -0.2714623928688525]","[2.99657993497561e-05, 0.9999999923982491, 5.9209145294614185e-05, -0.00010392222960817665]","[448.0230559960698, 40.0137147791295, 6.928573845911608]",4.709999999999908,100.0,0.0,"[57.45111407985169, 119.61863894442412, 119.61863894442413]",22
474,2736713625,settled,Rf4i_0005,unmatched,,"[0.017407009755828814, 0.4637843759830021, 0.32652442269539567, -0.8233971398959656]","[0.5000704047290804, 0.5000297070662499, 0.49991657570732845, -0.4999832994194837]","[447.5884819485262, 3.0740471824254287, 26.787551595838067]",4.419999999999811,100.0,0.0,"[57.45111407985169, 122.49704924118318, 122.49704924118316]",26
475,3271021467,settled,Rf4i_0020,unmatched,,"[-0.521156935288762, 0.18990290551240585, 0.14878659799666374, -0.8186543125977841]","[-0.7070978250419631, -3.2126847808756424e-06, -9.77413612820264e-05, -0.7071157304552278]","[447.9597251839082, 6.944371625837255, 40.00123956549252]",4.789999999999934,100.0,0.0,"[57.45111407985169, 114.45795504025256, 114.45795504025257]",29
476,3851873653,settled,Rf4i_0004,unmatched,,"[-0.6890452941250381, 0.5804733049738838, -0.022912083130372837, -0.43329246624360196]","[-0.7070351584750101, 0.707178381598817, 2.9895860881035133e-05, 0.00014277861571071473]","[447.93045390879354, 33.22785436887817, 6.932786394670956]",4.979999999999998,100.0,0.0,"[57.45111407985169, 114.17359538181005, 114.17359538181006]",22
477,1222532304,settled,Rf4i_0013,unmatched,,"[-0.4892347766941237, -0.673558720770075, -0.5376203582472012, -0.13391166247112982]","[-7.493825647167123e-05, -0.7070978426642457, -0.7071157123965655, 6.757015089219931e-05]","[447.86644572752766, 3.062015235179717, 39.99573333009772]",5.170000000000061,100.0,0.0,"[57.45111407985169, 118.85643486668184, 118.85643486668184]",31
478,2025214609,settled,Rf4i_0002,unmatched,,"[-0.6720498297597366, 0.25987250603860684, -0.3820612441455619, 0.5786575089351808]","[-0.7071039614119098, -4.247557583739085e-05, -4.530654101926275e-05, 0.7071095982227418]","[447.84746775172226, 3.075779523628055, 39.99299446133055]",4.789999999999934,100.0,0.0,"[57.45111407985169, 117.73022229512883, 117.73022229512884]",28
479,3974321818,settled,Rf4i_0003,unmatched,,"[0.5890076497595739, 0.578138251652458, 0.2804648250741726, 0.4900669672575945]","[0.7070623118744651, 0.7071512474674077, 1.8165624986632437e-05, -1.4269195780514112e-06]","[448.07642805875, 26.788181801037627, 6.931045897947647]",4.409999999999807,100.0,0.0,"[57.45111407985169, 119.13318331243424, 119.13318331243426]",21
480,2134301099,settled,Rf4i_0014,unmatched,,"[0.23258563386672154, -0.9707151930310784, -0.014332229697203118, 0.05839969288753257]","[-5.1718654567675265e-05, -0.9999999905976118, 5.154885856178959e-05, -0.00011607184137416715]","[448.29224875374484, 40.01259713674579, 6.927087910208563]",4.719999999999911,100.0,0.0,"[57.45111407985169, 123.42126579485253, 123.42126579485254]",21
481,978334388,settled,Rf4i_0008,unmatched,,"[-0.0529483899273966, -0.302997353705265, -0.8480072285136022, -0.4315933410519471]","[9.178268826326441e-05, 8.611700861815841e-05, -0.7071302075124202, -0.7070833428834543]","[448.05629390587296, 26.795535835090124, 3.0685772528698028]",4.829999999999948,100.0,0.0,"[57.45111407985169, 112.36849298244961, 112.36849298244962]",17
482,2325744455,settled,Rf4i_0013,unmatched,,"[0.18274323590751634, 0.8725818368775546, 0.3737068263916387, -0.2560254979288821]","[-3.3520991850062535e-05, 0.707153536641423, 0.7070600196603917, 5.558522586278151e-05]","[447.66143586305446, 3.0731494985165795, 40.00166507432295]",5.010000000000008,100.0,0.0,"[57.45111407985169, 114.76921728082988, 114.76921728082989]",42
483,348550585,settled,Rf4i_0015,unmatched,,"[-0.9150115933974345, 0.34906982214210186, -0.028151545384796382, -0.2002786401751746]","[-0.5000060894657038, 0.5000177968378893, -0.49993280423896125, -0.5000433027132415]","[448.1984173295383, 6.946524619049567, 26.78831021221681]",5.010000000000008,100.0,0.0,"[57.45111407985169, 123.27236692280643, 123.27236692280644]",24
484,1740214684,settled,Rf4i_0015,unmatched,,"[-0.08212628680529313, 0.5264601975169598, -0.73218323243745, -0.42426718890744497]","[-0.4999617847023189, 0.5000155151716061, -0.5000473506044422, -0.49997534497055296]","[448.077524343279, 6.944248073835903, 26.790147972653415]",4.729999999999914,100.0,0.0,"[57.45111407985169, 117.27460701688707, 117.27460701688709]",33
485,55311315,settled,Rf4i_0005,unmatched,,"[-0.7661319425224496, -0.4844520809690637, -0.32013599349819377, 0.27542870866786173]","[-0.4999411976804288, -0.4999617561316968, -0.5001317149449866, 0.49996530777020404]","[447.81547440103435, 3.057928531756607, 26.785451129578963]",5.130000000000048,100.0,0.0,"[57.45111407985169, 105.27366744901003, 105.27366744901003]",29
486,1316840683,settled,Rf4i_0012,unmatched,,"[0.07675491347951191, 0.6400061569458476, -0.7595435032536367, 0.08714625059836124]","[-3.841442239583981e-05, 0.7070592169729998, -0.7071543401814023, 3.715462746680706e-05]","[447.74812299776386, 6.938792319956835, 40.001911140886236]",4.739999999999918,100.0,0.0,"[57.45111407985169, 119.16044319580138, 119.16044319580139]",31
487,3906633774,settled,Rf4i_0015,unmatched,,"[-0.4126339930361076, 0.7677208856764828, -0.44529899126803724, -0.20505276848378087]","[-0.4999908011595886, 0.5000550334313694, -0.49996949288037307, -0.49998466824962495]","[448.34940091704397, 6.932357991904636, 26.776846751224845]",4.629999999999881,100.0,0.0,"[57.45111407985169, 115.1687613553362, 115.16876135533622]",38
488,3892948482,settled,Rf4i_0006,unmatched,,"[0.5881394421842769, -0.4614317568880165, -0.6511079169270512, -0.13126770660494644]","[0.49987266020646987, -0.5000066046016156, -0.5000708223202502, -0.5000498891078965]","[448.18650846440295, 3.0663091122076476, 33.21028654947428]",4.769999999999928,100.0,0.0,"[57.45111407985169, 120.84567147133345, 120.84567147133346]",20
489,726396242,settled,Rf4i_0011,unmatched,,"[-0.588104219804756, -0.17625190134214422, -0.7803869967171447, -0.1185952329392438]","[-6.954567715170069e-05, 2.793251810878639e-05, -0.9999999954293396, -5.936744969880541e-05]","[448.3056369529151, 39.996595643075906, 3.0662032052836787]",4.919999999999978,100.0,0.0,"[57.45111407985169, 120.02803426312103, 120.02803426312103]",19
490,2940707866,settled,Rf4i_0011,unmatched,,"[0.497173177018088, 0.03845020895787252, 0.8641151523332156, 0.06815729596294492]","[-6.563486768489707e-05, -4.923553889923938e-05, 0.9999999958362306, -3.9943271245351755e-05]","[448.10022586525906, 39.99797144817501, 3.070280085164849]",4.889999999999968,100.0,0.0,"[57.45111407985169, 116.40942310699094, 116.40942310699096]",21
491,304160197,settled,Rf4i_0001,unmatched,,"[0.9038276135597187, -0.022174154481154725, 0.42216816549128033, 0.06616639544146515]","[0.9999999993827418, 8.377118388995545e-06, -2.0065186801865146e-05, 2.759943489327732e-05]","[448.31677519084417, 39.99810887398135, 6.929702379057396]",4.679999999999898,100.0,0.0,"[57.45111407985169, 113.70272954618825, 113.70272954618827]",20
492,4041846957,settled,Rf4i_0006,unmatched,,"[-0.42387011570386224, 0.43694254873817007, 0.72414277921501, 0.32408728673946435]","[-0.5000129391418, 0.500007797464465, 0.49998689952653685, 0.4999923634090366]","[447.7481048785699, 3.079612271262135, 33.21562085805059]",4.809999999999941,100.0,0.0,"[57.45111407985169, 117.6229004140408, 117.62290041404081]",15
493,1321792822,settled,Rf4i_0003,unmatched,,"[0.8692626977408878, 0.4179941004244013, -0.14782251222700962, -0.2186590935806806]","[0.7070826088453859, 0.7071309443284237, -0.000108215568767972, 1.1444892964257436e-05]","[448.22021228216425, 26.779585853955044, 6.927036891718826]",4.859999999999958,100.0,0.0,"[57.45111407985169, 116.89342774287837, 116.89342774287839]",33
494,4197430582,settled,Rf4i_0014,unmatched,,"[0.03321905480953784, 0.9728731798589902, 0.2096095331892582, 0.0920766740537427]","[3.7942139983227596e-05, 0.9999999979071722, 4.7917094320171225e-06, -5.218322762615537e-05]","[448.3254729559324, 40.005379900642275, 6.931909857721387]",4.599999999999871,100.0,0.0,"[57.45111407985169, 113.10563551422547, 113.10563551422547]",15
495,2542721139,settled,Rf4i_0006,unmatched,,"[-0.6495938786809407, -0.005279080681094758, 0.6857852760822487, 0.3281744645706117]","[-0.4999108278341611, 0.5000389114635531, 0.5000119218804574, 0.5000383277449042]","[447.55604736248415, 3.068133131725473, 33.21471594137344]",4.549999999999854,100.0,0.0,"[57.45111407985169, 120.00949472444901, 120.00949472444903]",22
496,2692174792,settled,Rf4i_0005,unmatched,,"[0.47989987830095804, 0.40658434079067574, 0.7168406037565264, -0.30087344421951895]","[0.5000360482575366, 0.49990544349168764, 0.5000744006758397, -0.49998409154598644]","[447.89311915108505, 3.0719852323384274, 26.789429588006602]",4.599999999999871,100.0,0.0,"[57.45111407985169, 110.1008842634659, 110.1008842634659]",37
497,3415389587,settled,Rf4i_0005,unmatched,,"[0.014422751469727813, -0.6581796891617329, -0.4012873838272596, 0.6368358631516293]","[-0.5000345729347596, -0.5000319937468329, -0.5000029170099081, 0.4999305092521388]","[447.56506594642565, 3.0714483582944143, 26.788769863350335]",4.519999999999844,100.0,0.0,"[57.45111407985169, 118.98179970031943, 118.98179970031941]",24
498,1604256032,settled,Rf4i_0002,unmatched,,"[0.7194335288308407, -0.12594507376429795, -0.2512441202018914, -0.6351611040141603]","[0.7070770353082565, 5.497673886866083e-05, 3.863884581337172e-05, -0.7071365226208335]","[447.9877215598474, 3.072060539107909, 39.99403780059088]",4.779999999999931,100.0,0.0,"[57.45111407985169, 124.51967873652126, 124.51967873652127]",30
499,262656233,settled,Rf4i_0020,unmatched,,"[-0.36391009820553344, 0.39535104709640495, 0.3331361145539588, -0.7747821107664442]","[-0.7070643335913825, -3.2649535028562e-05, -0.00011054896156548914, -0.7071492168389281]","[447.7646707414082, 6.932104047618445, 40.002750805005746]",4.729999999999914,100.0,0.0,"[57.45111407985169, 122.0222874489254, 122.0222874489254]",20
500,4212216518,settled,Rf4i_0003,unmatched,,"[-0.29048204249306936, -0.9429696391518119, 0.01821415926537831, -0.16154469050145792]","[-0.7071391604613743, -0.707074388098415, 4.5517469626749074e-05, 0.00012395722982405655]","[448.1085387808168, 26.79270758470347, 6.930309689435477]",4.729999999999914,100.0,0.0,"[57.45111407985169, 121.33976221651243, 121.33976221651243]",21
501,3782923788,settled,Rf4i_0002,unmatched,,"[-0.7787440695715817, 0.09365545432764234, -0.38650657307348313, 0.48517934720345085]","[-0.7071047650102902, 4.147036323085149e-05, 1.473909568142722e-05, 0.7071087959873718]","[447.7111995027934, 3.0611854365119315, 40.00187825782373]",4.5299999999998475,100.0,0.0,"[57.45111407985169, 121.12127766398741, 121.12127766398743]",27
502,3362482467,settled,Rf4i_0006,unmatched,,"[0.7832846989191279, -0.38675165402377154, -0.48657950948779993, 0.011341053551597924]","[0.49995838387334, -0.5000499398245879, -0.4999354585668773, -0.500056206184575]","[448.3509359212153, 3.0661163429908274, 33.210330061944944]",4.889999999999968,100.0,0.0,"[57.45111407985169, 122.32376047629772, 122.3237604762977]",25
503,2700113713,settled,Rf4i_0014,unmatched,,"[0.03447712517487698, 0.9641850388290412, 0.23864003994039065, 0.11049647087199173]","[-2.2808037178259815e-05, 0.9999999835318047, 2.4122159036965574e-05, 0.0001784217062066886]","[447.80786282573376, 40.001094007784495, 6.925445029977193]",4.549999999999854,100.0,0.0,"[57.45111407985169, 112.642014250828, 112.64201425082801]",16
504,470461877,settled,Rf4i_0015,unmatched,,"[-0.3661237010024778, 0.6138259312149058, -0.3211534154736574, -0.6213144497450597]","[-0.49986007365912105, 0.49996087011562135, -0.5001203904112737, -0.5000586267725058]","[448.39742407201203, 6.933307795475621, 26.78782864137659]",4.769999999999928,100.0,0.0,"[57.45111407985169, 102.02022823629918, 102.02022823629915]",35
505,1077415524,settled,Rf4i_0001,unmatched,,"[-0.9281882426101508, -0.132775582072791, -0.2798262576919452, 0.2062389308341965]","[-0.9999999595894926, 2.9834119212638987e-05, 0.000230451173880525, 0.00016377788276017435]","[448.2998000368928, 40.01214519647943, 6.933303707656692]",4.4699999999998274,100.0,0.0,"[57.45111407985169, 112.811115456184, 112.81111545618401]",27
506,3461860755,settled,Rf4i_0011,unmatched,,"[-0.05646607210453661, 0.35164116118681604, -0.895910406203069, -0.2655270617419717]","[0.00013085054203128152, 8.865363723431496e-05, -0.9999999841707442, -8.171401202234691e-05]","[448.4161299277337, 40.00347312373957, 3.063852777863807]",4.919999999999978,100.0,0.0,"[57.45111407985169, 113.43452122833925, 113.43452122833926]",21
507,4041061826,settled,Rf4i_0005,unmatched,,"[-0.3481962430304041, -0.8253540043337292, -0.2323053652870821, 0.3789252711665267]","[-0.5000107204623159, -0.5000086147416619, -0.4999684770914384, 0.5000121863732406]","[447.8905884104019, 3.0716420375431, 26.78609938400831]",4.439999999999817,100.0,0.0,"[57.45111407985169, 111.36116757719118, 111.3611675771912]",36
508,306890977,settled,Rf4i_0002,unmatched,,"[-0.6281596778640454, 0.2934023739395993, -0.14503032828879558, 0.7059013174295615]","[-0.7070991292496875, -7.114222285436116e-05, 0.00014321100510994098, 0.7071144149596484]","[448.0027724173684, 3.0678048394681827, 39.99456271943663]",4.699999999999904,100.0,0.0,"[57.45111407985169, 119.41302339997536, 119.41302339997536]",30
509,1149764821,settled,Rf4i_0008,unmatched,,"[0.5506074498766016, 0.1942346200872333, 0.7633583094821048, 0.2763845868433636]","[4.439588519805637e-05, -7.515289644927092e-05, 0.7071365976967156, 0.7070769580314161]","[447.8585760849842, 26.7926044944498, 3.0680775849238078]",5.1500000000000545,100.0,0.0,"[57.45111407985169, 120.66855937926431, 120.66855937926432]",20
510,2826209534,settled,Rf4i_0005,unmatched,,"[-0.054747368474066145, -0.6743927245094147, 0.08177656121602812, 0.7317853324641148]","[-0.49991476275460134, -0.5000116774379961, -0.4999852040518417, 0.5000883403308762]","[448.25511650137815, 3.0837511088022165, 26.788749677835874]",4.539999999999851,100.0,0.0,"[57.45111407985169, 117.32917267130823, 117.32917267130824]",24
511,809482123,settled,Rf4i_0001,unmatched,,"[-0.9896455908076977, -0.0660978533166102, -0.015510723040940765, -0.12645985866102424]","[-0.9999999972224508, 3.6125314314945406e-05, -3.166131148477682e-05, 5.698790680763733e-05]","[448.3684194641849, 39.99749035241369, 6.928847577902078]",4.659999999999891,100.0,0.0,"[57.45111407985169, 116.41215626730123, 116.41215626730124]",18
512,1905413278,settled,Rf4i_0006,unmatched,,"[0.7481737568194641, 0.08510956857516272, -0.6001973035567936, -0.26973243732772156]","[0.4999653215814941, -0.5001408160315808, -0.49998649508961934, -0.49990733749683625]","[447.78214564875555, 3.0731040730577006, 33.194287164006894]",4.399999999999804,100.0,0.0,"[57.45111407985169, 122.17415415196227, 122.17415415196227]",30
513,3286044974,settled,Rf4i_0013,unmatched,,"[-0.5116328064185239, -0.4434826427084401, -0.6709170843675203, -0.30236614049266347]","[2.2058869749145367e-06, -0.7070350355726454, -0.7071785188543003, 3.064246118048456e-05]","[448.08239805776464, 3.0723132353933544, 39.99886299566607]",5.100000000000038,100.0,0.0,"[57.45111407985169, 120.35115285006339, 120.3511528500634]",36
514,1725715576,settled,Rf4i_0009,unmatched,,"[0.06505155144275046, -0.2850129164414062, 0.21597777360011147, -0.9316058900775555]","[0.00026716035666152216, -1.260047466240413e-05, 0.00020799505561771013, -0.9999999426023127]","[447.9702209618161, 40.00832281833099, 3.0703008991605634]",4.719999999999911,100.0,0.0,"[57.45111407985169, 123.25035123006899, 123.25035123006897]",26
515,1615467983,settled,Rf4i_0005,unmatched,,"[-0.6197829620305907, -0.4968457370711996, 0.10198844289142846, 0.5988420084190367]","[-0.5000400469937034, -0.5000237400215438, -0.5000503604766049, 0.4998858347709205]","[447.85796049131034, 3.077482515942885, 26.788867597060612]",4.789999999999934,100.0,0.0,"[57.45111407985169, 120.82626666576073, 120.82626666576073]",30
516,3814597079,settled,Rf4i_0002,unmatched,,"[0.667114342466612, -0.47649663241467166, 0.2707484495608343, -0.5045836803080551]","[0.7070956937618651, 2.802747238626591e-06, 5.7552358626527753e-05, -0.7071178660897329]","[448.3124582646954, 3.0757242185091225, 39.99982655826632]",4.829999999999948,100.0,0.0,"[57.45111407985169, 116.31947202633988, 116.3194720263399]",29
517,34287890,settled,Rf4i_0014,unmatched,,"[-0.020940699529930898, 0.9375278849134914, 0.13409955172815838, 0.3203439750317453]","[2.8069843753813808e-05, 0.9999999961307119, -3.5509036548198036e-05, -7.543055404850101e-05]","[447.83171297956574, 40.00346486384429, 6.930629215007894]",4.579999999999864,100.0,0.0,"[57.45111407985169, 113.2993608835083, 113.2993608835083]",25
518,3631687601,settled,Rf4i_0009,unmatched,,"[0.01632317933537506, -0.10891332960164436, -0.21908469273952824, 0.9694706482708464]","[-9.33792605960493e-05, -4.3185547407949354e-05, -0.00013490225875946685, 0.9999999856083513]","[447.7725635601996, 40.01173063228943, 3.066846381439052]",4.689999999999901,100.0,0.0,"[57.45111407985169, 123.12536091794506, 123.12536091794506]",16
519,2511762870,settled,Rf4i_0013,unmatched,,"[0.07168445665046755, -0.7412878042100359, -0.6643917565661196, 0.06274809806820239]","[-1.1235613743615087e-05, -0.7071186596863412, -0.7070949005421407, -5.12294213996768e-05]","[448.16746278595605, 3.066753730870765, 39.99922674352293]",4.659999999999891,100.0,0.0,"[57.45111407985169, 113.30240324431982, 113.30240324431983]",33
520,3838213929,settled,Rf4i_0004,unmatched,,"[0.8821667003735669, -0.4005839344237604, -0.23141838226947753, -0.08809061573954291]","[0.7071016814200631, -0.7071118509561838, 2.197723530558693e-05, 0.00020466372548841316]","[448.0556921057103, 33.2143679748354, 6.9307623784482395]",4.799999999999938,100.0,0.0,"[57.45111407985169, 122.41759116053032, 122.41759116053034]",26
521,1582246333,settled,Rf4i_0014,unmatched,,"[-0.04681754495458157, 0.978931168426654, 0.19652707016210968, 0.029647860981003544]","[6.822449853219079e-05, 0.9999999969887039, 2.2719109399049756e-05, -2.918650798763279e-05]","[447.64248378258253, 39.99907185892357, 6.9338425193888575]",4.629999999999881,100.0,0.0,"[57.45111407985169, 113.29198636357756, 113.29198636357758]",19
522,1534090043,settled,Rf4i_0015,unmatched,,"[-0.46539282176227803, 0.0937664437621731, -0.3668153027806936, -0.8000399422042925]","[-0.5001239863461027, 0.5001920334872685, -0.499885626268157, -0.4997982478637226]","[447.77158616421576, 6.932254751200694, 26.784782326294305]",4.949999999999988,100.0,0.0,"[57.45111407985169, 114.59598832705079, 114.5959883270508]",31
523,3898018603,settled,Rf4i_0015,unmatched,,"[0.48513314473120167, -0.6294995748038434, 0.5923599459209928, 0.13223392784559354]","[0.4999116563156387, -0.49992598208087147, 0.5000535134701785, 0.5001088201445373]","[448.12765629703256, 6.937149675333623, 26.784531351661993]",4.479999999999831,100.0,0.0,"[57.45111407985169, 119.09017296295059, 119.09017296295059]",24
524,2830597505,settled,Rf4i_0020,unmatched,,"[0.576867332971806, -0.29015814683690533, -0.547573958901899, 0.5321607741149939]","[0.7071205367210035, -7.251852543565668e-05, -8.000919897006614e-05, 0.707093017139182]","[447.7681500747472, 6.935145247953356, 39.99841766108522]",4.939999999999984,100.0,0.0,"[57.45111407985169, 121.21522408226173, 121.21522408226174]",32
525,3406774502,settled,Rf4i_0002,unmatched,,"[-0.8184929368826612, -0.28156105544036936, 0.10698870083035565, 0.4892301117338689]","[-0.7070645307104899, -0.00017561717810116338, 0.00011440566515246646, 0.7071489980768588]","[447.75320118006323, 3.0664545202352227, 39.994590621184656]",4.509999999999841,100.0,0.0,"[57.45111407985169, 113.29818786577155, 113.29818786577157]",30
526,2789814901,settled,Rf4i_0014,unmatched,,"[-0.26970363680921006, 0.9276292097826353, -0.15848816628110093, -0.20407228767959454]","[-9.374274002835431e-05, 0.9999999924962321, -7.848771715518456e-05, 7.714449614242297e-06]","[447.8740098495302, 40.01446224169834, 6.924766669562741]",4.949999999999988,100.0,0.0,"[57.45111407985169, 122.15329560614548, 122.15329560614549]",25
527,3760347501,settled,Rf4i_0009,unmatched,,"[-0.1002536087097096, 0.35093466032656606, 0.2054738778488905, 0.9080608810227965]","[-0.00012825225283713548, -1.7870849525336857e-05, -0.00011233411846026266, 0.999999985306519]","[447.5840682347155, 40.00516454671613, 3.063824124541342]",5.0300000000000145,100.0,0.0,"[57.45111407985169, 117.64152008583216, 117.64152008583217]",17
528,4270682813,settled,Rf4i_0003,unmatched,,"[-0.4929634617197576, -0.8456967034240723, -0.09130020337584438, -0.18288899390192767]","[-0.7070941252617371, -0.7071194282476363, 5.9272743034966e-05, 9.328353064080865e-05]","[448.1388754972306, 26.789250348009677, 6.93096358538507]",4.699999999999904,100.0,0.0,"[57.45111407985169, 116.01207453642806, 116.01207453642806]",18
529,2251849766,settled,Rf4i_0001,unmatched,,"[-0.9540381800532999, 0.14298004548502866, -0.23627115718417716, -0.11637782381766813]","[-0.999999953642416, -0.0001679982379902236, -0.0002061502930390018, 0.00014830311786206973]","[447.9837089231953, 40.008461417215635, 6.926328248674302]",4.709999999999908,100.0,0.0,"[57.45111407985169, 119.23370247308583, 119.23370247308581]",28
530,534416715,settled,Rf4i_0003,unmatched,,"[0.8539475834375602, 0.4980579942392897, -0.06957051044451185, 0.13368508963970963]","[0.7070791171604774, 0.7071344351416399, 7.574784126695988e-05, 8.351489917751698e-05]","[448.2585021702268, 26.78349532783951, 6.9318238743551195]",4.729999999999914,100.0,0.0,"[57.45111407985169, 115.78692186789849, 115.7869218678985]",15
531,2592423895,settled,Rf4i_0001,unmatched,,"[-0.7627362211012204, 0.22713702742415, -0.5529063964301926, 0.24685369063420926]","[-0.9999999950259177, -7.013672611646738e-05, 5.6598266711513805e-05, 4.2727514392104655e-05]","[447.8899743801702, 40.003263633587906, 6.928780060804014]",4.639999999999884,100.0,0.0,"[57.45111407985169, 124.66723803939747, 124.66723803939749]",28
532,907034003,settled,Rf4i_0016,unmatched,,"[0.3422772396015353, 0.6790099916879979, -0.547941234685763, 0.34864326434001264]","[0.5000272868092717, 0.5000290011306276, -0.49998565408464846, 0.49995805442458036]","[448.0132437323717, 6.939539955474123, 33.21233613985592]",4.839999999999951,100.0,0.0,"[57.45111407985169, 122.1957212940793, 122.1957212940793]",33
533,3984301831,settled,Rf4i_0014,unmatched,,"[-0.11390344336326703, 0.9654493302717585, -0.20652691217242056, -0.11081620286009315]","[3.6482830726197766e-05, 0.9999999908280982, 9.915180579223026e-05, 8.474506543128373e-05]","[447.6784825864049, 39.997741772476765, 6.927954680524154]",4.809999999999941,100.0,0.0,"[57.45111407985169, 116.98404032188749, 116.98404032188748]",17
534,4291204682,settled,Rf4i_0001,unmatched,,"[0.9102301720992834, 0.25705660167763955, -0.31181419162339175, 0.09041486181100448]","[0.9999999979596981, -1.122689422087558e-05, 1.6903615680376372e-05, -6.0570855228314624e-05]","[448.27701090360074, 40.00977073310956, 6.93462445454732]",4.929999999999981,100.0,0.0,"[57.45111407985169, 120.04760085390632, 120.04760085390632]",23
535,1157350213,unsettled,,not_evaluated,,"[0.09159539395124666, -0.38103529340517006, -0.903230823874266, 0.17491846040360173]","[-6.798414587932112e-05, -0.5079512852497572, -0.8613857798027971, -0.00015982741669922076]","[447.6363906450115, 22.050697231602385, 36.484422029615885]",4.309999999999774,100.0,0.0,"[57.45111407985169, 113.4746381578011, 113.47463815780108]",21
536,1755359008,settled,Rf4i_0011,unmatched,,"[0.09753683006993497, -0.2256443990971123, -0.9692314832589591, 0.012708414364118367]","[1.9329812107916414e-05, 3.820055421438485e-05, -0.9999999990678102, 5.608545259048044e-06]","[448.13123553619573, 39.992787249367865, 3.0695876375933033]",4.549999999999854,100.0,0.0,"[57.45111407985169, 112.23919010888889, 112.23919010888888]",29
537,1408581071,settled,Rf4i_0015,unmatched,,"[-0.45471816580131014, 0.36881043623739057, -0.67610896635819, -0.44731076157715893]","[-0.4999217873097848, 0.4999000306616764, -0.5000794494888294, -0.5000987003746307]","[447.80643025486194, 6.9285525959871705, 26.787728167060738]",4.649999999999888,100.0,0.0,"[57.45111407985169, 102.66134931185962, 102.66134931185964]",32
538,4025969406,settled,Rf4i_0004,unmatched,,"[0.5709753087547726, -0.565686932621656, -0.20846448437644396, 0.5572504372426795]","[0.7070751045298421, -0.7071384509869975, 7.199148576200744e-05, -5.0070438619154174e-05]","[447.81840022476854, 33.21424374402904, 6.934943289968618]",5.1200000000000445,100.0,0.0,"[57.45111407985169, 120.13449636686644, 120.13449636686646]",16
539,2979020610,settled,Rf4i_0015,unmatched,,"[0.8112307203794777, -0.24357840399230152, 0.375267764858577, 0.37649486594003445]","[0.49993399302293473, -0.5000169470519679, 0.5000051582839693, 0.5000438950436218]","[448.04759010458633, 6.929456263955369, 26.791483494073475]",4.869999999999961,100.0,0.0,"[57.45111407985169, 114.06911032837922, 114.06911032837924]",34
540,1028301620,settled,Rf4i_0011,unmatched,,"[0.28892918457711164, 0.24730923049045345, 0.9179907074772494, 0.112477250140836]","[1.937702543816816e-05, -8.479116878945536e-05, 0.9999999646292794, 0.00025134921620077483]","[448.3902872749342, 39.99399157664796, 3.063929940980266]",4.879999999999964,100.0,0.0,"[57.45111407985169, 117.35941775718958, 117.35941775718958]",33
541,1824536695,settled,Rf4i_0004,unmatched,,"[0.3578502322835677, -0.800703126013853, 0.2395142510307735, -0.41647405537369075]","[0.7070678145946578, -0.7071457441556895, 4.5679848611368534e-05, 4.2697305377426e-07]","[447.96968877456834, 33.21473476028159, 6.92338348679972]",4.219999999999744,100.0,0.0,"[57.45111407985169, 124.12824077760942, 124.12824077760943]",20
542,1733341495,settled,Rf4i_0010,unmatched,,"[-0.10725658997326243, 0.21456612060218364, -0.3731717225845471, 0.8962144103172625]","[-2.0074340924880474e-05, 0.0001188873147440761, -0.7071413601316507, 0.7070721902705452]","[448.33742089635496, 33.21792930147647, 3.0655285169822277]",4.839999999999951,100.0,0.0,"[57.45111407985169, 124.49233330215361, 124.49233330215363]",21
543,2081953756,settled,Rf4i_0009,unmatched,,"[0.25888675527262234, 0.11196108251609478, -0.02210478959212772, 0.9591421908264307]","[3.076705389620793e-05, -5.278075361697989e-05, 5.401375493581144e-05, 0.9999999966750474]","[447.64649239990837, 40.007231284704545, 3.0578763999119274]",4.769999999999928,100.0,0.0,"[57.45111407985169, 111.20343887684362, 111.20343887684362]",22
544,1596940682,settled,Rf4i_0013,unmatched,,"[-0.19632461640955656, -0.5756304342672571, -0.7748853172965169, 0.17221786543563297]","[9.165356800229479e-05, -0.7070905839146971, -0.7071229640729985, 0.00010686165461519215]","[448.2328558273003, 3.0632914877802424, 39.99927886241985]",4.979999999999998,100.0,0.0,"[57.45111407985169, 119.9494770039115, 119.94947700391151]",26
545,581162313,settled,Rf4i_0010,unmatched,,"[0.04461988653389065, 0.19339945396857908, 0.7698665327673556, -0.6065568717400935]","[-5.1902252245966674e-05, -1.1090854468598366e-05, 0.7072205140806922, -0.7069930280042305]","[447.93958494767554, 33.216869712917855, 3.064848423966251]",4.649999999999888,100.0,0.0,"[57.45111407985169, 111.81051574011089, 111.8105157401109]",27
546,3502698889,settled,Rf4i_0006,unmatched,,"[0.5283433173134485, -0.7298517633133956, -0.10698109618937755, -0.4203864742075638]","[0.5000830145585962, -0.4999869376310984, -0.4999616425718806, -0.49996839570625873]","[448.3451571665997, 3.0784198252972774, 33.21735899377268]",4.669999999999894,100.0,0.0,"[57.45111407985169, 113.93256260598196, 113.93256260598197]",30
547,1071262967,settled,Rf4i_0005,unmatched,,"[0.8300743687420142, 0.3050562345016756, -0.2379524964004282, -0.40161654050351286]","[0.5002442198734824, 0.5000307136654027, 0.4999395584180407, -0.4997853977490874]","[447.9347580120803, 3.0726995384134144, 26.791896875284397]",5.200000000000071,100.0,0.0,"[57.45111407985169, 114.08010259576128, 114.08010259576129]",26
548,2632182746,settled,Rf4i_0011,unmatched,,"[0.12463518999557266, 0.2666351509468831, -0.9139540700125686, 0.2793917028148142]","[5.316576947410529e-05, -4.212897268762728e-05, -0.9999999976220788, -1.2425505452344583e-05]","[447.80716954173, 40.009959793554444, 3.069693376802619]",4.5599999999998575,100.0,0.0,"[57.45111407985169, 119.3936941381777, 119.39369413817771]",18
549,2828869928,settled,Rf4i_0003,unmatched,,"[-0.28857867045607677, -0.9072533208270996, 0.09782974016625558, 0.289901888136324]","[-0.7071065711428746, -0.7071069892283526, -5.2969754676834846e-05, 5.0186387322570525e-06]","[448.3853666970488, 26.791946265572395, 6.934180461056445]",4.889999999999968,100.0,0.0,"[57.45111407985169, 120.89956864060319, 120.8995686406032]",24
550,242711853,settled,Rf4i_0015,unmatched,,"[0.4453195280059114, -0.6620938811624908, -0.15791792580823788, 0.5817079501022876]","[0.4999080820241595, -0.5000646993874871, 0.49997117801240065, 0.5000560239716354]","[448.3005752507173, 6.938942589098728, 26.788880839111705]",5.140000000000051,100.0,0.0,"[57.45111407985169, 122.67951480070525, 122.67951480070526]",33
551,1651512630,settled,Rf4i_0008,unmatched,,"[0.0865315596859267, 0.07213667043285749, -0.3591108145116115, -0.926470729628297]","[-1.6585493523235684e-05, -6.38012923232234e-05, -0.7070547385314735, -0.7071588169389577]","[448.2356651815037, 26.796549143752095, 3.0720477558348684]",4.739999999999918,100.0,0.0,"[57.45111407985169, 120.28692364227165, 120.28692364227166]",17
552,1631844025,settled,Rf4i_0011,unmatched,,"[-0.1638439152687643, 0.1823014535722178, 0.9657088863423422, -0.08560197599525166]","[8.879308894504626e-05, 1.911036715834813e-05, 0.9999999934245409, 7.001071013789672e-05]","[448.18533892139095, 39.995175649962775, 3.066474127240256]",4.509999999999841,100.0,0.0,"[57.45111407985169, 117.93528042515001, 117.93528042515003]",23
553,2736063736,settled,Rf4i_0002,unmatched,,"[-0.843944520795286, -0.07874995523921714, -0.028550908035474637, 0.5298499183917899]","[-0.7071583476181794, 3.843424865951518e-05, -6.260949724999359e-06, 0.7070552099217821]","[447.9702822389718, 3.0844693516639925, 40.002305225071765]",4.689999999999901,100.0,0.0,"[57.45111407985169, 114.85857750304376, 114.85857750304378]",19
554,2383909704,settled,Rf4i_0006,unmatched,,"[0.6518991038919032, -0.6526703844856946, -0.36014167870515257, -0.13909313002324686]","[0.5000448543033064, -0.5000157685048837, -0.5000194897772716, -0.49991987835465446]","[448.13583127142635, 3.073850864320264, 33.2109206897642]",4.719999999999911,100.0,0.0,"[57.45111407985169, 110.75148210498635, 110.75148210498635]",28
555,786084746,settled,Rf4i_0014,unmatched,,"[0.2039477377247787, 0.88653858841402, -0.044391204423401436, -0.41289716940136734]","[-2.4331893973553473e-05, 0.9999999973538501, 4.781661289643414e-06, -6.839147908215154e-05]","[447.917430438435, 40.00022710856469, 6.9258471538161634]",4.829999999999948,100.0,0.0,"[57.45111407985169, 120.16945108332992, 120.16945108332993]",19
556,3304824113,settled,Rf4i_0008,unmatched,,"[-0.13080897053962634, 0.016978959777673188, -0.9531859353290428, -0.2720979618485396]","[0.000124274950492026, 3.997539581257482e-05, -0.7071194092487966, -0.7070941408478346]","[447.6901045818444, 26.798517168134666, 3.0642638526996775]",4.669999999999894,100.0,0.0,"[57.45111407985169, 121.2586126945722, 121.25861269457218]",19
557,1346177025,settled,Rf4i_0008,unmatched,,"[-0.11499311941669005, 0.4206101350444942, 0.7451990628761969, 0.5045216085294161]","[0.00016897729200601733, 0.00013977786235339076, 0.7070824942610413, 0.7071310332734724]","[447.95631417714196, 26.789895406938697, 3.072361095972462]",4.869999999999961,100.0,0.0,"[57.45111407985169, 114.83405049501629, 114.83405049501629]",27
558,1189755357,settled,Rf4i_0008,unmatched,,"[0.44321918603854427, 0.24072236551575096, -0.6050649771751497, -0.6160404769687353]","[0.00012849916852278318, 0.00016503515830654234, -0.7070351298769719, -0.7071783943045868]","[447.71428888221817, 26.78723460422656, 3.0675333254872648]",4.479999999999831,100.0,0.0,"[57.45111407985169, 115.67661378257112, 115.67661378257112]",23
559,404206193,settled,Rf4i_0005,unmatched,,"[0.21300452584677976, 0.2149451527649457, 0.2569436815404462, -0.9178276514619095]","[0.499920384802956, 0.5000713435562396, 0.49997225919857685, -0.5000359989482687]","[448.2638616490928, 3.0799259439920417, 26.79067465068341]",4.829999999999948,100.0,0.0,"[57.45111407985169, 117.96192335961653, 117.96192335961653]",32
560,1249438590,settled,Rf4i_0008,unmatched,,"[-0.25983007503873057, -0.0960866751857659, 0.6624144666085784, 0.6960335892647606]","[5.474228681293103e-05, -0.00014118245177560662, 0.7071269558468007, 0.7070865897368116]","[448.2005148878597, 26.79228209665424, 3.0622459226145766]",4.609999999999874,100.0,0.0,"[57.45111407985169, 101.85843729127276, 101.85843729127278]",17
561,3893150923,settled,Rf4i_0002,unmatched,,"[0.5250380837594202, -0.2965867571242271, -0.10548193818621408, -0.7907242672494948]","[0.7071222059659952, -5.1895096741363594e-05, 7.134681465467395e-05, -0.7070913505667535]","[448.06624961982925, 3.072506664011196, 40.00278238536869]",4.889999999999968,100.0,0.0,"[57.45111407985169, 123.51430680489061, 123.5143068048906]",36
562,784341871,settled,Rf4i_0002,unmatched,,"[0.6092956200950023, 0.2465329145720911, -0.5075357975286466, -0.5571245673927846]","[0.7069952028583276, 6.439289085942818e-05, -4.20958934453503e-05, -0.7072183377266201]","[448.3955442636098, 3.069695057900796, 40.000557498014466]",4.549999999999854,100.0,0.0,"[57.45111407985169, 121.71189317990574, 121.71189317990574]",29
563,1442674168,settled,Rf4i_0009,unmatched,,"[0.32283344498595823, -0.05339721884669838, 0.10384039947967572, 0.9392254656118718]","[-5.108727830527294e-05, -3.538471802711981e-05, -1.1595021232541644e-05, 0.9999999980017836]","[448.1522645596622, 40.00104163591373, 3.065824561781019]",4.509999999999841,100.0,0.0,"[57.45111407985169, 112.0922579769086, 112.09225797690861]",14
564,914947571,settled,Rf4i_0012,unmatched,,"[0.008699331871120803, -0.7185529989891443, 0.5977778274188038, 0.3553414953466003]","[-3.265214858972107e-05, -0.707117370553013, 0.7070961900031844, -3.57632584461394e-05]","[447.80069054590604, 6.934253084321527, 39.99562267574394]",5.110000000000041,100.0,0.0,"[57.45111407985169, 121.01143082995812, 121.01143082995813]",47
565,4103205779,settled,Rf4i_0010,unmatched,,"[-0.32975880371071165, 0.06651764303843705, 0.39372305764285254, -0.8554628504033676]","[-0.00010603726462266039, -4.613561349248174e-05, 0.7071935737661291, -0.7070199684955824]","[447.8049102395418, 33.22385180846066, 3.0669026435140125]",4.5299999999998475,100.0,0.0,"[57.45111407985169, 118.9876492195746, 118.9876492195746]",19
566,2879595323,settled,Rf4i_0020,unmatched,,"[-0.43373184720898755, -0.09479036241635837, -0.023562481084522684, -0.895732259882827]","[-0.7070375924310165, -9.726073176966166e-05, -9.967996742930091e-05, -0.7071759494592602]","[447.79711051846766, 6.947225806040767, 40.00150158110269]",4.649999999999888,100.0,0.0,"[57.45111407985169, 110.78988593642424, 110.78988593642424]",29
567,3848514265,settled,Rf4i_0008,unmatched,,"[-0.2281102713768126, 0.6538138972962924, -0.039395776699347185, 0.7203756412961819]","[0.00011986532688762486, 2.421199040175681e-06, 0.7071060777658242, 0.7071074744429402]","[447.657073911166, 26.790136373329553, 3.071493605940001]",4.749999999999921,100.0,0.0,"[57.45111407985169, 121.06603176314076, 121.06603176314076]",19
568,1245831326,settled,Rf4i_0008,unmatched,,"[-0.388786402531299, -0.5092396166273795, 0.47217131459175427, 0.6054538758160402]","[8.334579652369278e-05, 2.6772924567125544e-05, 0.707143322987639, 0.707070232077895]","[447.8207651864411, 26.79685690740219, 3.0719041502198006]",4.389999999999801,100.0,0.0,"[57.45111407985169, 118.0106299141649, 118.01062991416491]",28
569,1886621264,settled,Rf4i_0005,unmatched,,"[-0.7028736851730464, -0.2706600985987688, -0.6461462310172245, 0.12331561888099102]","[-0.4999213447260733, -0.5000354728510663, -0.49994960812573724, 0.500093555560164]","[448.288723042089, 3.0703388124235387, 26.786510336695507]",4.669999999999894,100.0,0.0,"[57.45111407985169, 113.16201403665093, 113.16201403665094]",22
570,3916208710,settled,Rf4i_0013,unmatched,,"[-0.3292193713764832, -0.512177968271426, -0.7828183003384974, -0.12838941927968053]","[6.592606760469729e-05, -0.707021762717404, -0.7071917758002284, 0.000122222125488526]","[448.04284193866613, 3.067109161954573, 40.00257308809697]",5.050000000000021,100.0,0.0,"[57.45111407985169, 119.24523670934045, 119.24523670934046]",31
571,200935633,settled,Rf4i_0003,unmatched,,"[0.5617879019177501, 0.6795740462850371, -0.21259320806254298, -0.42116219768672375]","[0.707076518579217, 0.7071370171463524, 3.31735488318663e-05, -0.00018642631060938888]","[448.228044109232, 26.792203504669548, 6.925887775695151]",4.969999999999994,100.0,0.0,"[57.45111407985169, 115.97793676980542, 115.97793676980542]",28
572,840784676,settled,Rf4i_0004,unmatched,,"[0.8654110191946646, -0.44201200077430836, -0.21767084887705168, -0.09115130595382805]","[0.7070406662137589, -0.7071728655697467, 0.00018463515003389053, 2.0778313836289364e-05]","[448.09564855367904, 33.20520586588531, 6.919767281407769]",4.749999999999921,100.0,0.0,"[57.45111407985169, 121.58170740755787, 121.58170740755789]",16
573,110682437,settled,Rf4i_0005,unmatched,,"[0.4827598211213677, 0.6793758138798732, 0.5195958435911711, -0.1881797490398582]","[0.5000467385036282, 0.499930647825725, 0.49996722239194114, -0.500055380143162]","[447.66731967040306, 3.074739931929039, 26.77924631989608]",4.579999999999864,100.0,0.0,"[57.45111407985169, 116.66896490410453, 116.66896490410454]",18
574,3288537121,settled,Rf4i_0016,unmatched,,"[0.3556440857288201, 0.6668875589514781, -0.6287630502717741, 0.18285320509847525]","[0.5000135680876914, 0.4999825552809327, -0.4999629211437594, 0.5000409519473019]","[448.107635636219, 6.9349108271123585, 33.212893226010266]",4.869999999999961,100.0,0.0,"[57.45111407985169, 124.99446505426901, 124.99446505426903]",26
575,4008853645,settled,Rf4i_0005,unmatched,,"[0.39826557421314845, 0.7672577639207893, 0.40191914618957114, 0.30192889233425063]","[0.4998990200108581, 0.500001532688408, 0.5000221575642262, -0.500077273075115]","[447.57146111530164, 3.078301285970456, 26.789257761998314]",4.109999999999707,100.0,0.0,"[57.45111407985169, 115.18404273540014, 115.18404273540015]",29
576,3726675985,settled,Rf4i_0010,unmatched,,"[0.3748586046734741, -0.17909293368641002, -0.7152482362932548, 0.5619846155236276]","[-2.3543915404433683e-05, 1.6198265408051696e-05, -0.7072243006997698, 0.706989241561017]","[448.1985738582413, 33.223015294471544, 3.0645085432770385]",4.639999999999884,100.0,0.0,"[57.45111407985169, 117.18280490982514, 117.18280490982515]",21
577,849676372,settled,Rf4i_0003,unmatched,,"[-0.28458835823206236, -0.9489149051119783, 0.047744204428998675, -0.12763408697736886]","[-0.7071092629108376, -0.7071042934525059, 9.157981604965279e-05, -9.993083184112182e-06]","[448.1043106698667, 26.79050289041419, 6.931395849503219]",4.699999999999904,100.0,0.0,"[57.45111407985169, 121.32212908556153, 121.32212908556154]",13
578,1751227975,settled,Rf4i_0010,unmatched,,"[0.0022446443763873476, -0.018615092473756815, 0.5822536585823236, -0.8127909429683108]","[9.689728251299767e-06, -0.0001884442839572842, 0.7071366169894479, -0.7070769189469983]","[448.1373277958365, 33.22741820211411, 3.0677232766501192]",4.679999999999898,100.0,0.0,"[57.45111407985169, 117.15217966830626, 117.15217966830627]",31
579,1013355929,settled,Rf4i_0009,unmatched,,"[0.22953036583675168, -0.09964654803118614, 0.0956001665862809, 0.9634557513311086]","[-3.969751237015151e-05, 0.00010563491503150175, 1.498917865134084e-05, 0.9999999935203484]","[448.0070120057637, 40.00142101694374, 3.0627898939219813]",4.659999999999891,100.0,0.0,"[57.45111407985169, 114.6718003617859, 114.67180036178591]",17
580,2299907025,settled,Rf4i_0011,unmatched,,"[0.08455653425668659, -0.2328417642850038, 0.9625820044041526, 0.10986714757573443]","[7.596157121606796e-05, -0.00013262347119979978, 0.999999988032309, 2.4004925885641044e-05]","[447.7086636362699, 40.00977654672959, 3.0708313496175914]",4.759999999999924,100.0,0.0,"[57.45111407985169, 115.25477214229143, 115.25477214229144]",14
581,3406489006,settled,Rf4i_0016,unmatched,,"[0.4269850661988979, 0.36394401752977307, -0.5950713256595703, 0.5754290770591738]","[0.5000788152700073, 0.5000944773960796, -0.49999116991705356, 0.49983549513921505]","[448.3779087895793, 6.941436347348109, 33.21223123329252]",4.689999999999901,100.0,0.0,"[57.45111407985169, 106.9663054561269, 106.96630545612692]",30
582,2423796619,settled,Rf4i_0013,unmatched,,"[-0.16701013076321958, 0.49812904024453486, 0.8480761247043386, -0.06886190669726149]","[-1.926359740034318e-05, 0.7071344988176212, 0.7070790482774645, -0.0001403492097469515]","[447.61666600917835, 3.0746178580163854, 40.00152550254277]",4.789999999999934,100.0,0.0,"[57.45111407985169, 115.93111027720464, 115.93111027720464]",22
583,1783060612,settled,Rf4i_0010,unmatched,,"[-0.4255018339134278, -0.012993678735004564, 0.4336514100514712, -0.7941824779039209]","[-3.0561047730054414e-05, 8.717717989764617e-05, 0.7070984807295937, -0.7071150755118025]","[448.3242715135239, 33.20345893179605, 3.067554964643971]",4.379999999999797,100.0,0.0,"[57.45111407985169, 114.19250772054183, 114.19250772054183]",22
584,1163852597,settled,Rf4i_0013,unmatched,,"[-0.06512201765005957, -0.45662172925732786, -0.8836481508507021, 0.08013528988758817]","[-2.1489818851454352e-05, -0.7071693749362076, -0.7070441805610509, 3.775279271950617e-05]","[447.6117834752058, 3.0851118585870294, 40.00191222252845]",4.6199999999998775,100.0,0.0,"[57.45111407985169, 111.37885375468899, 111.378853754689]",32
585,300535037,settled,Rf4i_0012,unmatched,,"[-0.35142249661355834, 0.4728701792018044, -0.7428979686214585, 0.31780281734694765]","[-0.00010892129233735704, 0.7070761979838056, -0.7071373537273049, 3.666691709500107e-05]","[447.69621050251203, 6.930417241820454, 40.001893905499216]",4.839999999999951,100.0,0.0,"[57.45111407985169, 116.78500902624633, 116.78500902624631]",29
586,2202722907,settled,Rf4i_0010,unmatched,,"[0.5124774959073248, -0.5319461136587357, 0.5757058289795667, -0.35066072895446276]","[4.817956053632111e-05, -0.0001803824408574961, 0.7071289853661396, -0.7070845516598132]","[448.1533870763447, 33.208480778268594, 3.071579865565208]",5.270000000000095,100.0,0.0,"[57.45111407985169, 118.0319218458625, 118.03192184586251]",23
587,247068866,settled,Rf4i_0014,unmatched,,"[0.2663569656585872, -0.9303810532191625, -0.12659665487131766, 0.21775754781716367]","[6.844811386305167e-05, -0.99999999301755, -9.159548307036136e-05, -2.9833257845621794e-05]","[447.8128788441798, 40.00070966587281, 6.933638098926904]",4.699999999999904,100.0,0.0,"[57.45111407985169, 124.41193604697042, 124.41193604697044]",31
588,3592442215,settled,Rf4i_0002,unmatched,,"[0.4986228065315347, 0.1869661205412491, -0.41797164096076433, -0.7360154033231484]","[0.7071054728220889, -5.6802641264522456e-05, 0.00015394107105355274, -0.7071080705101991]","[447.95618418598224, 3.07685997341323, 39.99940800457178]",4.6199999999998775,100.0,0.0,"[57.45111407985169, 114.35299151188627, 114.35299151188629]",19
589,817587664,settled,Rf4i_0011,unmatched,,"[-0.07577032750485735, 0.2163005929188234, 0.9733798759676174, 0.002127917770489224]","[3.8715738078219464e-05, -0.00012228936187674844, 0.9999999864802532, -0.00010288778877541615]","[448.4016278085776, 40.00403989434056, 3.0619742416294686]",4.579999999999864,100.0,0.0,"[57.45111407985169, 111.21158644670636, 111.21158644670638]",26
590,956714543,unsettled,,not_evaluated,,"[-0.03263422553297066, 0.6172465985498278, -0.3550635453785339, 0.7013355278650559]","[0.601165298718892, 0.6009916064334558, -0.37248098279102404, 0.37238057155522036]","[448.5159220546256, 18.132057432941878, 32.820276035991014]",4.239999999999751,100.0,0.0,"[57.45111407985169, 123.13994309958966, 123.13994309958966]",17
591,390567019,settled,Rf4i_0008,unmatched,,"[-0.05576000439088655, 0.4339213101568298, 0.7614267507275267, 0.4783643190901987]","[-0.00015730196508889624, -0.00023148868049799315, 0.7070918314287394, 0.7071216752411382]","[447.9082975051349, 26.78681254021264, 3.0743237396115703]",4.799999999999938,100.0,0.0,"[57.45111407985169, 115.51085726183739, 115.51085726183739]",23
592,4117714206,settled,Rf4i_0006,unmatched,,"[0.6449494163759041, -0.5791058778370126, -0.1724574204003194, -0.4679049804392673]","[0.5000763941782693, -0.4999491094100141, -0.5000705962542157, -0.49990387750821386]","[448.234048095878, 3.073076632824981, 33.20768601647654]",4.699999999999904,100.0,0.0,"[57.45111407985169, 117.73429760415857, 117.73429760415858]",33
593,2521025845,settled,Rf4i_0012,unmatched,,"[0.2502199291952107, 0.6862156576978117, -0.6555637187440244, -0.19166186065675433]","[6.069401055232867e-05, 0.7070960079109408, -0.7071175516482202, -7.979620670578558e-06]","[448.1039438827773, 6.935258092869327, 40.00012101802679]",4.759999999999924,100.0,0.0,"[57.45111407985169, 115.16010183139716, 115.16010183139716]",31
594,118959254,settled,Rf4i_0002,unmatched,,"[-0.5054991243376068, 0.12293413704927827, -0.2517487032519535, 0.816076236422077]","[-0.7071079646808562, -5.254598445508278e-05, -2.6399482170140392e-05, 0.7071055952450693]","[447.62902716709345, 3.0687954830523787, 40.00515490361886]",4.719999999999911,100.0,0.0,"[57.45111407985169, 111.03922842273815, 111.03922842273815]",26
595,536323564,settled,Rf4i_0016,unmatched,,"[0.2987672183365751, 0.6164033511906383, -0.03367927294981921, 0.7277710934503702]","[0.5000288681021416, 0.4997725207960302, -0.5001661319100469, 0.5000323979621862]","[447.6354068142826, 6.945019588673633, 33.21479988977242]",4.649999999999888,100.0,0.0,"[57.45111407985169, 119.10025508468492, 119.10025508468493]",21
596,3098034090,settled,Rf4i_0005,unmatched,,"[-0.2106048733431788, -0.4854357699365941, -0.5301879847400127, 0.6624940765225706]","[-0.49992909124289275, -0.500175846737668, -0.49998275192192976, 0.4999122661526583]","[447.8290026763433, 3.0708050031516954, 26.782536877779723]",4.449999999999821,100.0,0.0,"[57.45111407985169, 106.70039380261878, 106.70039380261879]",22
597,318939885,settled,Rf4i_0008,unmatched,,"[-0.46175195073807324, 0.10705404599565982, 0.3483910274929797, 0.8086706741238544]","[-4.308957953835791e-05, -0.00023865187288474313, 0.707251177375374, 0.7069623139105218]","[448.0782872125376, 26.782265848464693, 3.063849480376328]",4.419999999999811,100.0,0.0,"[57.45111407985169, 117.72535685991913, 117.72535685991915]",22
598,3202722054,settled,Rf4i_0008,unmatched,,"[0.18155062225358312, 0.05267923178463344, 0.42013907835606906, 0.8875513646747609]","[0.00020473838331472316, 0.00010342897283993624, 0.7071859051911452, 0.7070276111182806]","[447.84119919039193, 26.790706485473553, 3.065789298447587]",4.759999999999924,100.0,0.0,"[57.45111407985169, 118.36968697180815, 118.36968697180816]",18
599,2576870985,settled,Rf4i_0015,unmatched,,"[-0.4516636024144685, 0.6309803758169514, -0.4832380895695982, -0.40539450462112636]","[-0.4999956091746724, 0.49998041761749223, -0.5001251803291161, -0.4998987665576457]","[448.239413517835, 6.942489672402541, 26.78342061908727]",4.659999999999891,100.0,0.0,"[57.45111407985169, 109.26910331936571, 109.26910331936573]",31
600,447954548,settled,Rf4i_0011,unmatched,,"[0.05575006052663945, -0.33589163307563924, 0.9332256004098558, 0.11471146551552941]","[-7.136781301013427e-05, 7.811948375591182e-05, 0.9999999916425464, -7.428922442201708e-05]","[448.0541632805329, 40.00562882588649, 3.0716013304236194]",4.979999999999998,100.0,0.0,"[57.45111407985169, 111.79837201050513, 111.79837201050515]",22
601,940726953,settled,Rf4i_0005,unmatched,,"[0.5127838771000137, 0.2725405650552121, 0.3368759618564963, -0.7411402850398325]","[0.49999794030593064, 0.5001204039254031, 0.49998041251019737, -0.4999012186156898]","[447.6653586186552, 3.0717179441774998, 26.78883245786884]",4.679999999999898,100.0,0.0,"[57.45111407985169, 116.84462061986639, 116.84462061986638]",25
602,219800231,settled,Rf4i_0010,unmatched,,"[-0.051373563678022885, -0.2384194692129483, 0.5599082053165334, -0.7918457648269988]","[-1.5940321487439846e-05, -4.725730790300364e-07, 0.7070920454137484, -0.7071215164724409]","[448.3636746794519, 33.21589778330389, 3.070271488882174]",4.669999999999894,100.0,0.0,"[57.45111407985169, 118.47101924030089, 118.4710192403009]",17
603,1224559636,settled,Rf4i_0015,unmatched,,"[-0.5159554415873885, 0.544496901531378, -0.6183230394090855, -0.23449888156450227]","[-0.5000588721550968, 0.49992933076354407, -0.49999344341947927, -0.5000183448222871]","[447.74489667732104, 6.9309437722517, 26.785688950252865]",4.679999999999898,100.0,0.0,"[57.45111407985169, 114.76693223258623, 114.76693223258624]",28
604,4023118421,settled,Rf4i_0020,unmatched,,"[0.40965602581074484, -0.3216666623403111, -0.04117597991695293, 0.8526529408461977]","[0.7070750144348004, -6.173163432677082e-05, 2.0539304098641824e-05, 0.7071385435184319]","[448.011146495679, 6.9341620468289475, 39.999978749942294]",4.719999999999911,100.0,0.0,"[57.45111407985169, 116.90771295259101, 116.90771295259101]",23
605,1928023996,settled,Rf4i_0015,unmatched,,"[0.2701948784625633, -0.44223581999339284, 0.6407685392582975, 0.5664255346152394]","[0.49999493390760463, -0.49998663367428525, 0.5000619638825465, 0.49995646259621157]","[447.7002141559443, 6.929932162197314, 26.791348864705384]",4.779999999999931,100.0,0.0,"[57.45111407985169, 107.25267066548348, 107.25267066548349]",20
606,3626385919,settled,Rf4i_0010,unmatched,,"[-0.22727184610678164, 0.5116337626984891, 0.5890445784282585, -0.582756283070785]","[3.732278375445652e-05, 2.6672315385195544e-05, 0.7070990047094777, -0.7071145560900747]","[447.65447475225886, 33.21284288997858, 3.070383405437334]",4.349999999999787,100.0,0.0,"[57.45111407985169, 117.36276398759856, 117.36276398759857]",15
607,2577297428,settled,Rf4i_0020,unmatched,,"[0.5535741985734218, -0.0935011453620174, -0.4399733339065075, 0.7008827348001787]","[0.7071061559134092, 5.183377238463427e-05, 4.3535828013217164e-05, 0.7071074032190959]","[448.08277054337634, 6.935091109580335, 40.00181151197059]",4.909999999999974,100.0,0.0,"[57.45111407985169, 120.00045301201277, 120.00045301201278]",27
608,2076254014,settled,Rf4i_0004,unmatched,,"[-0.7351439095736402, 0.6157884512551096, -0.2469555466334948, 0.13921556487896336]","[-0.7070933728036656, 0.7071201859408053, -5.9911869278367336e-05, 3.4391066683597815e-05]","[448.05297620717687, 33.21935129695428, 6.923701455344074]",4.629999999999881,100.0,0.0,"[57.45111407985169, 113.86784390265863, 113.86784390265865]",19
609,452233348,settled,Rf4i_0016,unmatched,,"[0.29905909259017793, 0.2413006443491481, -0.8201651007773044, 0.423871284286609]","[0.4999598171320118, 0.5000030045242224, -0.5000603286055136, 0.4999768439388185]","[448.0269450716271, 6.926848782365855, 33.21019102783721]",5.0300000000000145,100.0,0.0,"[57.45111407985169, 116.47902138741006, 116.47902138741006]",32
610,96115233,settled,Rf4i_0008,unmatched,,"[0.01596805096025928, -0.24776091960427232, -0.8946441276783356, -0.3714450603737326]","[5.791907522151307e-05, -5.3974731262229625e-06, -0.7070350714756825, -0.7071784812334327]","[448.02079762351093, 26.796769891199443, 3.071721989886516]",4.809999999999941,100.0,0.0,"[57.45111407985169, 115.7504097945827, 115.75040979458271]",25
611,3222166524,settled,Rf4i_0006,unmatched,,"[0.5102761807816077, -0.5864514971243014, -0.11103432962465044, -0.6191641450313526]","[0.5000255853988101, -0.4997697097692156, -0.5000429015841296, -0.5001617215652312]","[447.60912944426894, 3.05882385274534, 33.22046974046479]",4.639999999999884,100.0,0.0,"[57.45111407985169, 122.10609429989418, 122.1060942998942]",34
612,3216037984,settled,Rf4i_0006,unmatched,,"[-0.8538072858367715, 0.23931008038765292, 0.3766095808763793, 0.2681585867896432]","[-0.5000534232192774, 0.5000709692912304, 0.4999409179653454, 0.49993467387527685]","[448.29786034677954, 3.0717410818297557, 33.20828805788788]",4.319999999999777,100.0,0.0,"[57.45111407985169, 113.40722908896936, 113.40722908896936]",23
613,1866588208,settled,Rf4i_0010,unmatched,,"[0.0913958532145423, 0.04136570481144703, 0.5384939494883795, -0.8366360874627897]","[4.182756879902994e-05, 3.0540700967529595e-05, 0.7070756823115885, -0.7071378767972494]","[447.907389725043, 33.22644822661124, 3.0713310878110605]",4.679999999999898,100.0,0.0,"[57.45111407985169, 119.12526122477958, 119.12526122477959]",23
614,1833144678,settled,Rf4i_0004,unmatched,,"[0.6190268023519331, -0.6010870861268118, 0.21622287731930848, -0.4568892646859618]","[0.707127955824184, -0.7070855915404249, 4.487656192866951e-05, 0.00013532897812301714]","[447.7786939296872, 33.21368629776299, 6.922652191095288]",4.679999999999898,100.0,0.0,"[57.45111407985169, 118.47532047986358, 118.47532047986358]",12
615,1205690518,settled,Rf4i_0011,unmatched,,"[-0.6618533813516694, 0.035264487260398346, -0.7484741909013679, 0.022201420814120642]","[0.00018769923843894222, 4.27629994881884e-05, -0.999999981303268, -1.8269800403716393e-05]","[448.363112511701, 40.011738140533744, 3.0604375162962167]",4.939999999999984,100.0,0.0,"[57.45111407985169, 115.38811828695465, 115.38811828695466]",19
616,369857696,settled,Rf4i_0008,unmatched,,"[-0.12954261784404994, 0.7527893050896254, 0.08052108080394728, 0.640346256216864]","[-0.0001424571358201732, -0.00031758312024268714, 0.7070061851808195, 0.7072072772271162]","[447.62994915064144, 26.790456993480014, 3.0722612667144698]",4.809999999999941,100.0,0.0,"[57.45111407985169, 114.78324302309012, 114.78324302309014]",20
617,4153277340,settled,Rf4i_0003,unmatched,,"[-0.8578806105175065, -0.3593468864883421, 0.3459746782934644, -0.12333772840854022]","[-0.7071781812291562, -0.7070353717300167, 5.573966267879982e-05, 3.0182731369232663e-06]","[447.70327818660303, 26.794444116528176, 6.927850562227099]",4.729999999999914,100.0,0.0,"[57.45111407985169, 118.58340919081122, 118.58340919081124]",26
618,2533894697,settled,Rf4i_0015,unmatched,,"[-0.2425132989820442, 0.4498265645237411, -0.8056564159904082, -0.2996015704883817]","[-0.4998964572802237, 0.500063550801278, -0.5000023775273164, -0.5000375982121048]","[448.1684459459332, 6.931305902629308, 26.786215489753875]",4.769999999999928,100.0,0.0,"[57.45111407985169, 115.04412680075822, 115.04412680075824]",29
619,1831038023,settled,Rf4i_0008,unmatched,,"[-0.2075734006871383, -0.5066822775218267, 0.671322952129416, 0.4995116083903529]","[-7.839166908998885e-05, 4.6134634554301224e-05, 0.7071187237415475, 0.7070948325793838]","[447.6332254044807, 26.789654779651194, 3.069333728694914]",4.519999999999844,100.0,0.0,"[57.45111407985169, 115.53970437563868, 115.53970437563868]",21
620,3843606305,settled,Rf4i_0004,unmatched,,"[-0.8825006106086865, 0.4092270962118539, -0.22842687556967828, -0.0393321562946197]","[-0.7071325998223961, 0.7070809608455565, -2.9621734851298376e-05, -1.4166745174071238e-05]","[447.55308137346816, 33.218648089857666, 6.931988952619234]",4.659999999999891,100.0,0.0,"[57.45111407985169, 124.35883495116863, 124.35883495116865]",21
621,339420997,settled,Rf4i_0013,unmatched,,"[0.3338907115702825, -0.690545754793728, -0.6283784602883653, 0.1296304898898177]","[1.4799142329872638e-05, -0.7070034090276018, -0.7072101380400176, -7.599621579464215e-06]","[447.83312826499935, 3.0779265204505144, 39.99937790551446]",4.669999999999894,100.0,0.0,"[57.45111407985169, 120.10234728703469, 120.1023472870347]",41
622,318514168,settled,Rf4i_0011,unmatched,,"[0.4702166024432413, 0.27585662200913136, 0.8325093600382049, -0.0986287804305852]","[5.766196241802511e-05, -6.0706121822962096e-05, 0.9999999955075533, -4.443825445590696e-05]","[447.5978086422398, 39.99760237840895, 3.0604956825403438]",5.070000000000028,100.0,0.0,"[57.45111407985169, 111.04740573532737, 111.04740573532739]",22
623,2406135167,settled,Rf4i_0008,unmatched,,"[0.30370085785503587, 0.08961302071284508, 0.327763058386395, 0.8901161008621467]","[0.0001575894210217588, 0.00019269279765149475, 0.7071043543391787, 0.7071091642099071]","[448.41832876383376, 26.78692474627866, 3.0610253197751596]",4.889999999999968,100.0,0.0,"[57.45111407985169, 117.1664511053488, 117.16645110534881]",17
624,503826566,settled,Rf4i_0004,unmatched,,"[-0.8879109927937016, 0.4037290052106611, 0.10763674471210347, -0.1924351589899693]","[-0.7070827999826135, 0.7071307591690376, -5.8161646920601426e-05, -4.794876093616728e-06]","[448.10573720478897, 33.21600066761307, 6.933746722652675]",4.719999999999911,100.0,0.0,"[57.45111407985169, 123.6623199444644, 123.66231994446441]",23
625,1951490665,settled,Rf4i_0020,unmatched,,"[-0.37979554275908345, 0.21260781508691884, 0.30614412443480676, -0.8466575681692955]","[-0.7070944969833074, 0.0001447538199871063, 1.995387060951551e-06, -0.7071190503573451]","[447.954462878329, 6.933567163745002, 40.005873291104606]",4.929999999999981,100.0,0.0,"[57.45111407985169, 119.80959342766472, 119.80959342766474]",25
626,1304113979,settled,Rf4i_0009,unmatched,,"[0.09948409051905921, -0.45613823132516407, -0.11408373739586006, 0.8769411214665094]","[-7.574621985562136e-05, 5.724266120841891e-05, 3.8511513814848685e-05, 0.9999999947513256]","[447.84965914020466, 40.00069389261443, 3.0732708595032285]",4.5599999999998575,100.0,0.0,"[57.45111407985169, 121.02548573314604, 121.02548573314606]",19
627,1335222620,settled,Rf4i_0011,unmatched,,"[-0.19639680642520668, 0.19642498494383, 0.9301330988887067, -0.24020395098225877]","[0.0001929736639571952, -5.14770097610473e-05, 0.9999999762921948, -8.675766466738558e-05]","[448.13052996463193, 40.00170180578297, 3.0616009675064717]",4.649999999999888,100.0,0.0,"[57.45111407985169, 123.24323857755442, 123.24323857755444]",24
628,760072861,settled,Rf4i_0010,unmatched,,"[0.2349944290385704, -0.22175586461706412, 0.6329365821941642, -0.7035575582346796]","[-3.617837620531472e-05, -3.5938765125587135e-05, 0.7071811465427528, -0.7070324061696238]","[447.57401640961257, 33.211494696055475, 3.0618702554610286]",4.809999999999941,100.0,0.0,"[57.45111407985169, 109.43854379832294, 109.43854379832295]",25
629,4291316198,settled,Rf4i_0009,unmatched,,"[0.00045310346422546824, -0.3221131643259609, -0.12074992918595746, -0.9389687740637349]","[0.00016482243408633135, -1.4561291656749809e-05, -0.0001275139731911022, -0.9999999781808602]","[448.1026697575186, 40.001395544820475, 3.0740303623702574]",4.949999999999988,100.0,0.0,"[57.45111407985169, 117.85205204462154, 117.85205204462156]",15
630,3385771503,unsettled,,not_evaluated,,"[0.16321663743935153, 0.8999089523290272, -0.3797931339126148, -0.13885741684871736]","[0.00018290242791173665, 0.8796617359409618, -0.47559982847297644, -4.950861134770519e-06]","[448.0171062984631, 27.698163347900916, 37.26389743929971]",4.239999999999751,100.0,0.0,"[57.45111407985169, 114.158464659332, 114.15846465933201]",33
631,2885950628,settled,Rf4i_0005,unmatched,,"[0.3078809116531951, 0.20521297007126735, 0.30730450118607866, -0.8767330977583211]","[0.4999664361104592, 0.49992681415164, 0.5000834468950925, -0.5000232888543502]","[448.04597616797895, 3.068721471426641, 26.786077381725367]",4.839999999999951,100.0,0.0,"[57.45111407985169, 113.31579970924254, 113.31579970924254]",19
632,991867160,settled,Rf4i_0014,unmatched,,"[-0.2375625373328836, -0.9604688225999017, -0.11681093371613689, 0.08613296368920043]","[-8.86953253661369e-06, -0.9999999979146552, -6.36153712839649e-05, 6.716069267456539e-06]","[448.084843826155, 40.002201430701504, 6.933012001540426]",4.749999999999921,100.0,0.0,"[57.45111407985169, 119.60354601865689, 119.6035460186569]",24
633,303405335,settled,Rf4i_0008,unmatched,,"[-0.02279042232984286, 0.044058517012017934, 0.9582225775537128, 0.2816894311028513]","[1.060987414883141e-05, -2.8625749533328637e-05, 0.707143205189875, 0.7070703546478155]","[447.73635196286057, 26.790832550093075, 3.065893358446661]",4.729999999999914,100.0,0.0,"[57.45111407985169, 120.91316392817777, 120.91316392817777]",21
634,747624188,settled,Rf4i_0020,unmatched,,"[0.4488529877620475, -0.17881305492877836, -0.36350582461711256, 0.7965051175187475]","[0.7071120132076774, -5.299387197385161e-05, -0.00010035482720295904, 0.7071015400194968]","[447.68756289006933, 6.932809993605061, 40.00249874927689]",5.000000000000004,100.0,0.0,"[57.45111407985169, 114.64104693019978, 114.64104693019979]",23
635,2224256403,settled,Rf4i_0015,unmatched,,"[-0.7074316561155337, 0.5159224139634822, -0.45665515639945287, -0.1575772281439098]","[-0.5000482483107473, 0.4999914219956624, -0.5000765763039489, -0.4998837316058902]","[447.931097323832, 6.940235344924726, 26.7894150391335]",4.519999999999844,100.0,0.0,"[57.45111407985169, 113.70563185711487, 113.70563185711488]",34
636,3659359167,settled,Rf4i_0008,unmatched,,"[0.475642554762377, 0.008531275876956044, 0.5084562058079787, 0.7177490259181025]","[4.748785056257754e-05, 3.4149046202025524e-05, 0.707193820969161, 0.7070197282691517]","[447.96609204189764, 26.7958077640267, 3.065988365724271]",4.769999999999928,100.0,0.0,"[57.45111407985169, 114.67737036849267, 114.67737036849269]",24
637,1825701951,settled,Rf4i_0011,unmatched,,"[0.26664443488412504, 0.09287231278579614, 0.9568484641898873, 0.06867674599598332]","[2.0968910071199657e-05, -2.517011432073835e-05, 0.9999999740660216, 0.00022537685433983955]","[447.962217160675, 40.0053365308836, 3.059138618016124]",4.859999999999958,100.0,0.0,"[57.45111407985169, 116.92361726930538, 116.9236172693054]",30
638,741066932,settled,Rf4i_0006,unmatched,,"[-0.14380109630361193, 0.5897438042590014, 0.5912240676798182, 0.5310156229680344]","[-0.5000119771233853, 0.4998808654864202, 0.5001323297412051, 0.4999747951660616]","[447.6465921530304, 3.068960451309815, 33.20873329684116]",5.170000000000061,100.0,0.0,"[57.45111407985169, 121.75190593689383, 121.75190593689385]",22
639,3503504066,settled,Rf4i_0006,unmatched,,"[0.5187699492102906, -0.6177811041237394, -0.23828102636228377, -0.5407831355171334]","[0.5000417020147047, -0.49987729630410854, -0.4999598350335616, -0.5001211335658049]","[448.24657043620243, 3.0820690100943438, 33.215198184396534]",4.709999999999908,100.0,0.0,"[57.45111407985169, 115.87048774151448, 115.8704877415145]",33
640,3011375563,settled,Rf4i_0004,unmatched,,"[-0.5247529899489422, 0.6195718340292504, -0.4558137166205935, 0.36469013937560457]","[-0.7070694948289903, 0.7071440287087972, 0.00022811902274341714, 1.0270340482759767e-05]","[447.90652300764907, 33.21589791294194, 6.920482442686009]",4.489999999999834,100.0,0.0,"[57.45111407985169, 113.5299048368138, 113.52990483681381]",22
641,1512233073,settled,Rf4i_0016,unmatched,,"[-0.27085008450069903, -0.5333245905422038, 0.7126948784235688, -0.3664302431811122]","[-0.5000008092083535, -0.4999406523289705, 0.5000124568581074, -0.500046075803615]","[448.3039808741284, 6.940341850360788, 33.215193842661506]",4.879999999999964,100.0,0.0,"[57.45111407985169, 121.85486125484825, 121.85486125484826]",31
642,2951951071,settled,Rf4i_0011,unmatched,,"[0.2777554044515004, -0.309719604872192, 0.8976138231511166, -0.1456541319147266]","[3.1615980544141374e-05, -1.806295842765593e-05, 0.9999999906141163, 0.00013208302980887644]","[447.97772626411586, 40.00090836954205, 3.069499094766566]",4.669999999999894,100.0,0.0,"[57.45111407985169, 121.03136913997838, 121.0313691399784]",26
643,3173375156,settled,Rf4i_0006,unmatched,,"[0.20658466998426864, -0.650663487887515, -0.5944086293330616, -0.42501550681349876]","[0.5000043335938216, -0.49997892023437446, -0.49993382564419203, -0.5000829088115593]","[447.9750754964134, 3.0682136694249498, 33.215215344421416]",4.929999999999981,100.0,0.0,"[57.45111407985169, 123.3618021695911, 123.36180216959109]",32
644,32306830,settled,Rf4i_0015,unmatched,,"[-0.6986094149864885, 0.5782516452435902, -0.4198669161311812, 0.03580073747576859]","[-0.5000155758989515, 0.500011311053653, -0.4999797506410397, -0.4999933615817022]","[447.9020814934401, 6.938902301102039, 26.780625887029508]",4.279999999999764,100.0,0.0,"[57.45111407985169, 116.70956646653882, 116.7095664665388]",24
645,895153355,settled,Rf4i_0008,unmatched,,"[-0.19060827060911253, -0.37814759900373973, -0.36161796459736506, -0.8306053986241415]","[2.1005811734448043e-05, 2.7612866549897586e-05, -0.7070826421153146, -0.7071309185826281]","[448.0019626052713, 26.788950106368205, 3.0721395969109078]",5.040000000000018,100.0,0.0,"[57.45111407985169, 119.5952841661524, 119.59528416615241]",21
646,3593388868,settled,Rf4i_0005,unmatched,,"[0.22142497322908522, 0.2166201095432776, 0.635142299606034, -0.7075598692853604]","[0.4998338637084455, 0.5000385218579166, 0.5000203832353872, -0.5001071902078329]","[447.55955941861754, 3.0785560738607454, 26.786471892192818]",4.809999999999941,100.0,0.0,"[57.45111407985169, 104.9871625048166, 104.9871625048166]",29
647,75550316,settled,Rf4i_0010,unmatched,,"[-0.2862997747692738, 0.2598481907905693, -0.7213721391252358, 0.5745725311949853]","[0.00015998100497621737, -0.00020485547232110268, -0.7070821594966287, 0.7071313542489102]","[447.6424000697792, 33.220100319237204, 3.0712235870494418]",4.899999999999971,100.0,0.0,"[57.45111407985169, 113.68999776294477, 113.68999776294478]",21
648,2936757457,settled,Rf4i_0015,unmatched,,"[-0.6103894817246166, 0.37109450284833706, -0.5232037798726356, -0.46472718371393584]","[-0.4999260792552849, 0.4999262480880333, -0.5001446870599907, -0.5000029537500001]","[448.04667389875306, 6.928488640555305, 26.787878386859266]",4.799999999999938,100.0,0.0,"[57.45111407985169, 106.36278675084026, 106.36278675084027]",33
649,1838880854,settled,Rf4i_0015,unmatched,,"[-0.6784023744617863, -0.0988498696711346, -0.5712742979592471, -0.4512699835816463]","[-0.5000204538845667, 0.4999712079252898, -0.5000384219247882, -0.49996991263651647]","[448.41375485438533, 6.937132367985842, 26.79031093030199]",4.729999999999914,100.0,0.0,"[57.45111407985169, 120.27711328163454, 120.27711328163453]",24
650,1672810551,settled,Rf4i_0008,unmatched,,"[0.48681364714769565, 0.3945555621457038, -0.6249290389801788, -0.46562010004933935]","[3.935373515914775e-05, 6.684049497621136e-05, -0.7071306764267341, -0.7070828808844839]","[448.32476753113474, 26.789360486605087, 3.0670267879433655]",4.249999999999754,100.0,0.0,"[57.45111407985169, 119.23351760418001, 119.23351760418002]",22
651,3879484383,settled,Rf4i_0020,unmatched,,"[-0.7626412532388688, -0.3577434821654657, -0.447859840912783, -0.2996989868584001]","[-0.7071625670152333, 0.00024033221521368723, 0.00016778575494720376, -0.7070509302029045]","[447.6827563894267, 6.923273167410826, 39.99859952718307]",4.549999999999854,100.0,0.0,"[57.45111407985169, 119.27374104197342, 119.27374104197342]",29
652,230873740,settled,Rf4i_0001,unmatched,,"[0.9054548951501281, -0.2845109799386636, -0.19564783538213537, 0.2468336679897962]","[0.9999999811945111, -1.0651449503675056e-05, -0.00016733140047671107, -9.745628059809608e-05]","[448.315401708527, 39.99960920716937, 6.928886738295112]",4.779999999999931,100.0,0.0,"[57.45111407985169, 124.00720865211443, 124.00720865211444]",22
653,2079884426,settled,Rf4i_0005,unmatched,,"[0.8394310349645914, 0.2693330375425513, -0.24178989971722017, -0.40540460878129414]","[0.5000495391248277, 0.4999501491135624, 0.49989280958418963, -0.5001074741976962]","[448.38971093791514, 3.0753555410530202, 26.786396360880016]",5.220000000000078,100.0,0.0,"[57.45111407985169, 115.21695429506268, 115.21695429506269]",35
654,3975850094,settled,Rf4i_0003,unmatched,,"[0.4807614675171685, 0.6552872187456834, -0.5495107625156788, -0.1936620617950838]","[0.7070850884343284, 0.7071284219492717, 2.3319775475150184e-05, 0.00026840554966334196]","[447.71423470153127, 26.797120989421096, 6.934446781682018]",5.070000000000028,100.0,0.0,"[57.45111407985169, 120.3103576503593, 120.31035765035931]",12
655,1123490515,settled,Rf4i_0010,unmatched,,"[-0.06244286843504125, 0.13298112156545572, -0.4729946592036122, 0.8687306612832636]","[1.3679375271358207e-05, 5.344380631322476e-05, -0.7071288441146539, 0.7070847154179672]","[448.399148899254, 33.208222988422584, 3.0687559607760018]",4.679999999999898,100.0,0.0,"[57.45111407985169, 122.46677171598476, 122.46677171598478]",16
656,1957802489,settled,Rf4i_0004,unmatched,,"[-0.8523013335500537, 0.34785705271440737, 0.23829970511210874, -0.30950146728105843]","[-0.7070183924487227, 0.7071951501400402, -0.00011103345133517406, 5.403985914725906e-06]","[448.002670338294, 33.2119411027507, 6.928303851455099]",5.070000000000028,100.0,0.0,"[57.45111407985169, 122.46754134573706, 122.46754134573708]",21
657,1848857429,settled,Rf4i_0008,unmatched,,"[0.4047002669435426, -0.25709265837166206, -0.547330599681826, -0.6859666709098554]","[0.00018012051696528197, -0.00010555166913667202, -0.7069891330015481, -0.7072243789867285]","[447.99856863532807, 26.794414349479116, 3.0632350828093333]",4.719999999999911,100.0,0.0,"[57.45111407985169, 111.74810459485678, 111.74810459485678]",23
658,3054531549,settled,Rf4i_0002,unmatched,,"[0.7420221664256267, 0.08780540357961956, -0.5410633505390331, -0.38593233388602627]","[0.7071048071700756, 0.00010978260349315577, -8.630981374787558e-05, -0.7071087414078305]","[447.56893651898423, 3.0752746466768746, 39.99781725804837]",4.5899999999998675,100.0,0.0,"[57.45111407985169, 124.64674739164171, 124.64674739164172]",22
659,2001620538,settled,Rf4i_0016,unmatched,,"[-0.013667271276261574, 0.657999285484137, -0.1380674222777314, 0.7401267005748466]","[0.500028457010202, 0.4999743115627219, -0.5000092490042206, 0.49998798072315137]","[447.73797407981436, 6.934799066879372, 33.21960692218805]",4.479999999999831,100.0,0.0,"[57.45111407985169, 119.67509919513166, 119.67509919513168]",20
660,1618230679,settled,Rf4i_0010,unmatched,,"[0.2717351777618916, -0.2956507772804097, 0.8181601580938112, -0.41153926515961137]","[0.00013199384637355152, 0.00013312857128666702, 0.7070163299669722, -0.7071971959888145]","[448.19691524425326, 33.21412086429039, 3.065444798768068]",4.879999999999964,100.0,0.0,"[57.45111407985169, 121.67396117004806, 121.67396117004806]",19
661,2498729330,settled,Rf4i_0017,unmatched,,"[-0.7387230461151346, -0.12526626774130828, 0.5657817222933168, -0.3442203742130146]","[-0.6317966482123998, -0.6319241556081344, 0.3173690661271637, -0.317461387781405]","[447.7674425252466, 21.548059426696195, 30.778084499057442]",4.0299999999996805,100.0,0.0,"[57.45111407985169, 118.86169296954264, 118.86169296954266]",28
662,801359670,settled,Rf4i_0006,unmatched,,"[0.5201545776930955, -0.5993619606811081, -0.6079273170496118, -0.02507653441518706]","[0.5000541868272602, -0.49999543955860176, -0.4999953454939895, -0.49995502311855433]","[447.67283693981585, 3.072525022421512, 33.22140682822543]",4.799999999999938,100.0,0.0,"[57.45111407985169, 124.61908079940885, 124.61908079940886]",31
663,460050522,settled,Rf4i_0002,unmatched,,"[-0.43159420217306005, -0.27588044649597515, 0.04316033554187708, 0.8577608112566659]","[-0.7071247304465846, -0.00011147103383239857, -2.152979498671831e-06, 0.7070888226810113]","[448.4121037868463, 3.0749928164651235, 39.99613775837194]",4.579999999999864,100.0,0.0,"[57.45111407985169, 116.41780794021005, 116.41780794021005]",25
664,24185252,settled,Rf4i_0002,unmatched,,"[-0.8823119357992979, -0.09850590553688278, 0.22500939213918061, 0.401488490457212]","[-0.7071690851293512, -0.00010830146837310233, 7.940501574441576e-06, 0.7070444634144708]","[447.99801842957044, 3.0743031777328707, 39.99538624745792]",4.659999999999891,100.0,0.0,"[57.45111407985169, 117.37815611171625, 117.37815611171627]",37
665,2055269984,settled,Rf4i_0003,unmatched,,"[0.5271450856724299, 0.7677936786238437, -0.29311052402864035, 0.21609522535291723]","[0.7071209948408763, 0.707092526456026, -0.00010226742192373517, -0.0002173169528206509]","[447.8545449708214, 26.78949692197686, 6.9352422570412955]",4.839999999999951,100.0,0.0,"[57.45111407985169, 107.97908325481494, 107.97908325481495]",22
666,2572174639,settled,Rf4i_0010,unmatched,,"[0.6648910559496792, 0.23251016525203572, 0.7084928277910303, -0.043552494087720814]","[0.000239652314088179, -0.00012725131672330914, 0.7071033477511887, -0.7071101625439506]","[447.6692006414066, 33.21176160163798, 3.0652055249820767]",4.629999999999881,100.0,0.0,"[57.45111407985169, 116.05193055281929, 116.05193055281929]",16
667,4231113218,settled,Rf4i_0005,unmatched,,"[-0.32714810443199194, -0.26553553967436144, -0.22723901491828985, 0.8779677813196595]","[-0.49996334022518774, -0.5000432605159606, -0.4999857701940937, 0.5000076255887096]","[448.2475941824424, 3.0677241843053165, 26.788838726459723]",4.789999999999934,100.0,0.0,"[57.45111407985169, 109.6326555776783, 109.63265557767832]",30
668,2269359926,settled,Rf4i_0014,unmatched,,"[-0.20885908760357036, -0.8901486806034541, 0.0483529199096359, 0.4020885512937993]","[-0.00011456321366044747, -0.9999999932694419, -1.8276549090978644e-05, -1.5342947959720192e-06]","[448.11793841755485, 40.00774682502052, 6.933978394404825]",4.829999999999948,100.0,0.0,"[57.45111407985169, 120.28713049382476, 120.28713049382476]",16
669,791422006,settled,Rf4i_0015,unmatched,,"[0.4178617844510886, 0.3221307565748081, 0.3487388486073498, 0.7745995870357235]","[0.5000456614951845, -0.5000523203623881, 0.500062228990992, 0.49983975477806464]","[448.28617165800597, 6.934088314533314, 26.788062819180656]",5.220000000000078,100.0,0.0,"[57.45111407985169, 115.84674784918285, 115.84674784918286]",33
670,2789584226,settled,Rf4i_0011,unmatched,,"[-0.32203768413503847, -0.09291562367445043, 0.895757891321467, -0.29202091878741854]","[0.0001295553130667153, 3.414599585216394e-05, 0.9999999874524459, 8.452561714659753e-05]","[448.23858149342874, 40.00150684239219, 3.067204918092117]",4.659999999999891,100.0,0.0,"[57.45111407985169, 123.0433271227267, 123.0433271227267]",21
671,959163029,settled,Rf4i_0002,unmatched,,"[0.8565572897553921, 0.19600051919097283, -0.3610798207247458, -0.3122735482059784]","[0.7071630031856037, -6.789404133029244e-05, 3.281933875056064e-05, -0.7070505506954988]","[448.1756916243448, 3.0724412880573024, 40.00022488799811]",4.749999999999921,100.0,0.0,"[57.45111407985169, 120.02178990009709, 120.0217899000971]",21
672,1269286363,settled,Rf4i_0013,unmatched,,"[-0.22278797788535612, -0.8262023699346746, -0.4768502630653011, 0.20092035098176173]","[-2.8136186646066623e-05, -0.7071819164017861, -0.707031634401333, 6.540972638655862e-05]","[448.209494702617, 3.0798838533087523, 39.9916909002067]",5.0900000000000345,100.0,0.0,"[57.45111407985169, 118.45236615259658, 118.4523661525966]",32
673,339846494,settled,Rf4i_0009,unmatched,,"[-0.08833281860877842, 0.061391870416495166, 0.03633882288790775, 0.9935330096954575]","[-1.9388415279486537e-05, -5.921545581957683e-05, 4.974078994193036e-05, 0.9999999968217366]","[447.9530414112178, 40.00506286469746, 3.071421567121625]",4.719999999999911,100.0,0.0,"[57.45111407985169, 114.17682802062525, 114.17682802062527]",24
674,3620654759,settled,Rf4i_0020,unmatched,,"[-0.4813429093912272, 0.22554370352942188, 0.09490204981190052, -0.8416844077910204]","[-0.7070605738495275, -2.754342600380918e-05, -9.415281538224254e-05, -0.7071529786999303]","[447.950915356544, 6.929363490877381, 39.998463723875204]",4.739999999999918,100.0,0.0,"[57.45111407985169, 115.89171492306173, 115.89171492306174]",27
675,1118229367,settled,Rf4i_0016,unmatched,,"[-0.35991857214289824, -0.48385237718009744, 0.7578605277637142, -0.2489837725264248]","[-0.4999409617334084, -0.4999993130360567, 0.5000207737161841, -0.5000389460800176]","[448.38126346507215, 6.943114558129938, 33.2147840154393]",4.849999999999954,100.0,0.0,"[57.45111407985169, 121.83469128084656, 121.83469128084657]",28
676,614510698,settled,Rf4i_0004,unmatched,,"[0.5408724855206847, -0.7068822607308365, 0.20453650455646982, -0.40735640681663454]","[0.7071510033107846, -0.7070625466265541, 0.0001118145025063022, -3.423506695321432e-05]","[447.7210270148732, 33.21097414588848, 6.928477897143854]",4.709999999999908,100.0,0.0,"[57.45111407985169, 117.73352437333914, 117.73352437333914]",21
677,1838271581,settled,Rf4i_0010,unmatched,,"[-0.12691279253410218, 0.07788097071762332, 0.8830851733374935, -0.4449587330559608]","[-3.114464937870043e-05, 5.274019758166881e-06, 0.707065202711759, -0.7071483565111176]","[448.30030397642537, 33.21756405186879, 3.0701254201368178]",4.719999999999911,100.0,0.0,"[57.45111407985169, 123.21928654586767, 123.21928654586767]",16
678,896877213,settled,Rf4i_0020,unmatched,,"[0.4570635111793557, 0.37785478930814337, -0.003768496967547743, 0.8051735858657455]","[0.707184162654621, 3.089217399556752e-05, -1.730702398616243e-05, 0.7070293903626801]","[447.83409991206406, 6.942182268041938, 39.996413333931294]",4.879999999999964,100.0,0.0,"[57.45111407985169, 123.27172178366956, 123.27172178366958]",24
679,2115121010,settled,Rf4i_0005,unmatched,,"[0.28127320910761855, -0.44450024844831, 0.46518435559245397, -0.7119750180165917]","[0.4999207836068694, 0.5000083572300026, 0.5000254854101085, -0.5000453647004772]","[448.14660173635747, 3.069940733483035, 26.788386411994953]",5.0600000000000245,100.0,0.0,"[57.45111407985169, 119.46494086090014, 119.46494086090016]",28
680,1207846639,settled,Rf4i_0016,unmatched,,"[-0.26830697556454275, -0.6799392983449297, -0.12928932687703654, -0.670058346254485]","[-0.5000204487705193, -0.5000272174788324, 0.49996025746036066, -0.4999920734890454]","[447.98032745429475, 6.940909493479376, 33.21145713868434]",4.629999999999881,100.0,0.0,"[57.45111407985169, 122.56045468657837, 122.56045468657838]",28
681,3010240499,settled,Rf4i_0010,unmatched,,"[0.3808922698588771, -0.2069628001145944, 0.7443905927285974, -0.507907593551865]","[-3.59469852563854e-05, 0.00016547305024575132, 0.7070898296531074, -0.7071237120388649]","[447.6335938643395, 33.212642102107814, 3.06812555586038]",4.759999999999924,100.0,0.0,"[57.45111407985169, 119.23859107613491, 119.23859107613492]",20
682,1954751036,settled,Rf4i_0020,unmatched,,"[0.4288412192270202, 0.05806141530597197, -0.19458495559188416, 0.8802617655003849]","[0.7071601357254516, -3.3120802104831124e-05, 2.081606394253782e-05, 0.7070534215393239]","[447.6192960669783, 6.9364246645013115, 40.0032758937597]",5.000000000000004,100.0,0.0,"[57.45111407985169, 112.8632698642215, 112.8632698642215]",25
683,1984373932,settled,Rf4i_0016,unmatched,,"[-0.3985619353203301, -0.55517319696044, 0.5342309002269262, -0.4975223113923289]","[-0.49996324060968705, -0.49999935879625057, 0.500059435743494, -0.4999779594805125]","[448.26651252207483, 6.935681831000635, 33.2014468227752]",4.809999999999941,100.0,0.0,"[57.45111407985169, 113.26740146245852, 113.26740146245854]",31
684,2472346160,settled,Rf4i_0005,unmatched,,"[0.5216855084416874, 0.1681033179362908, 0.2930575820934824, -0.7833918293920803]","[0.49996441063632885, 0.4999812317220671, 0.5001085511877659, -0.4999457901129152]","[448.2976868086972, 3.0764445464797983, 26.789470940762936]",4.819999999999944,100.0,0.0,"[57.45111407985169, 117.93520136395243, 117.93520136395243]",22
685,1573955309,settled,Rf4i_0006,unmatched,,"[-0.6193383676590124, 0.38429802173753186, 0.5834598968312737, 0.35820324624956834]","[-0.499965055299559, 0.49996060685118443, 0.5001215300147172, 0.49995278806307586]","[448.3136973145284, 3.076816479668995, 33.21856656195188]",4.639999999999884,100.0,0.0,"[57.45111407985169, 106.48116240721488, 106.4811624072149]",26
686,4284683632,settled,Rf4i_0005,unmatched,,"[0.45315710631947115, 0.5277361964398244, 0.2103800227056479, -0.6869376900460198]","[0.5000339207991354, 0.5000269675500267, 0.4999897058614201, -0.4999494012453449]","[448.12525291333037, 3.0765596112605453, 26.78576241620777]",4.719999999999911,100.0,0.0,"[57.45111407985169, 113.36064099493412, 113.36064099493413]",33
687,1664694624,settled,Rf4i_0008,unmatched,,"[-0.17671571791651616, 0.6330224626739569, -0.08908301980255993, 0.7484105373218002]","[-1.0469640610411002e-05, -7.841057841184718e-06, 0.7070004061286879, 0.7072131401230995]","[448.04415113212923, 26.795951621288136, 3.0689505909835444]",4.819999999999944,100.0,0.0,"[57.45111407985169, 121.90236555359213, 121.90236555359215]",16
688,1909553120,settled,Rf4i_0009,unmatched,,"[-0.34526094914388883, 0.1559007805280971, -0.11240903271903165, -0.9186152801854336]","[-2.6980595435432964e-05, -5.205661217490215e-05, 3.780007893336146e-05, -0.9999999975666554]","[448.1665714524715, 40.00076874194379, 3.0702433310247983]",4.459999999999824,100.0,0.0,"[57.45111407985169, 109.45161598647333, 109.45161598647333]",22
689,2668664694,settled,Rf4i_0012,unmatched,,"[0.11631302817836991, -0.7209141450716977, 0.6512811007120145, 0.20636618610341087]","[-0.0001625935870936323, -0.707172680361252, 0.7070408485729034, 0.000110287427088959]","[447.7334567728575, 6.942720264179907, 40.001976661283855]",4.990000000000001,100.0,0.0,"[57.45111407985169, 120.84163635142548, 120.84163635142548]",28
690,931999062,settled,Rf4i_0011,unmatched,,"[0.40985524264100454, 0.27226453579317034, 0.8643033037923744, -0.10426169806117322]","[-4.8310493452200186e-05, 9.265434628125124e-05, 0.9999999936217585, -4.286900275937667e-05]","[448.08525462777544, 40.003232903927625, 3.0617294978858256]",5.0600000000000245,100.0,0.0,"[57.45111407985169, 110.19944645317713, 110.19944645317715]",29
691,2928446550,settled,Rf4i_0008,unmatched,,"[0.08829629227230848, -0.08328675959324888, -0.35542274088605197, -0.9267911068350115]","[-6.945179205147811e-05, -1.6664633133017803e-05, -0.7070827126731845, -0.7071308452736802]","[447.61489708497777, 26.80083301585486, 3.0735773768811816]",4.839999999999951,100.0,0.0,"[57.45111407985169, 119.91854910682598, 119.91854910682598]",11
692,4062086078,settled,Rf4i_0008,unmatched,,"[0.11302998519651891, 0.09536864003104563, 0.8851959380404075, 0.4410863818141144]","[1.3445188951549671e-05, -0.00014199647095408666, 0.7071121960578061, 0.7071013518884942]","[447.8607591003058, 26.792406932421965, 3.0661159964765985]",4.719999999999911,100.0,0.0,"[57.45111407985169, 118.12632457058831, 118.12632457058832]",9
693,3262843349,settled,Rf4i_0015,unmatched,,"[0.23701903657768664, -0.4535324717792806, 0.255514247423889, 0.8202699206389107]","[0.4999650548511208, -0.5000249377961489, 0.5000840128831778, 0.49992598008938394]","[447.7097146181295, 6.927049194495064, 26.787995486449905]",5.040000000000018,100.0,0.0,"[57.45111407985169, 112.7649089308089, 112.76490893080891]",27
694,1218851074,settled,Rf4i_0016,unmatched,,"[-0.6898747204057384, -0.30126227785830795, 0.6219437982928524, -0.2156381734521688]","[-0.5000361420077054, -0.5000748727128558, 0.4998966478852346, -0.4999923197413906]","[447.77797359361483, 6.9313060678021055, 33.21317262379914]",4.879999999999964,100.0,0.0,"[57.45111407985169, 110.33924089696445, 110.33924089696447]",29
695,651205762,settled,Rf4i_0006,unmatched,,"[0.6449485734097136, -0.08182203042582824, -0.6028448695667808, -0.4625197900963603]","[0.4999931100820589, -0.49998364295583125, -0.49998358631370104, -0.50003965849118]","[447.5886906232013, 3.0679889019068067, 33.215595482007046]",4.479999999999831,100.0,0.0,"[57.45111407985169, 121.44353895587295, 121.44353895587297]",20
696,4255050540,settled,Rf4i_0012,unmatched,,"[-0.25882804226598577, 0.6809913270748578, -0.6838292010292903, 0.040453439967739646]","[-7.313656606625101e-05, 0.7070884585212764, -0.7071250995616234, 6.856542207303737e-06]","[448.3621693628121, 6.936998159196121, 40.00373098511694]",4.909999999999974,100.0,0.0,"[57.45111407985169, 119.23556420285213, 119.23556420285215]",33
697,2395249347,settled,Rf4i_0006,unmatched,,"[0.6348411229845365, -0.4903602220541158, -0.11445046579517916, -0.5860244807804853]","[0.4999679897402084, -0.49995015671481874, -0.5000824317407713, -0.4999994114998537]","[448.3321081705602, 3.0696796039769056, 33.207447663336936]",4.649999999999888,100.0,0.0,"[57.45111407985169, 123.88696387040713, 123.88696387040714]",28
698,249202919,settled,Rf4i_0003,unmatched,,"[-0.8662809176125051, -0.3880906819206864, 0.23603906961474444, 0.20791477100528136]","[-0.7071050610197543, -0.7071084977604126, -4.8633571406164755e-05, -5.205802406657578e-05]","[448.354456340087, 26.790018855632166, 6.934616771575997]",4.879999999999964,100.0,0.0,"[57.45111407985169, 118.38730021894754, 118.38730021894756]",28
699,2371620818,settled,Rf4i_0003,unmatched,,"[-0.6854600836334261, -0.5263584251775121, 0.5015678560573432, -0.03899958666378184]","[-0.7071230122991344, -0.7070905298668219, 6.409898463596853e-05, 0.0001547287162035893]","[447.5932213269389, 26.78618298628162, 6.932009283859673]",5.1500000000000545,100.0,0.0,"[57.45111407985169, 119.31615236510572, 119.31615236510572]",17
700,3603842823,settled,Rf4i_0005,unmatched,,"[0.1945135409653445, 0.7046745058258995, 0.4915635600122643, -0.4732479156723422]","[0.5000400687121342, 0.49989156874863655, 0.49996338382184397, -0.5001049529986711]","[448.1748825455696, 3.070580023371806, 26.77684576132927]",4.639999999999884,100.0,0.0,"[57.45111407985169, 116.52379736325673, 116.52379736325675]",28
701,2673681171,settled,Rf4i_0001,unmatched,,"[0.7797691628533903, 0.1826904425636023, -0.5705104467956182, -0.1819397838734074]","[0.9999999852421338, 0.00016206043514197725, 3.422669935162256e-05, -4.561447844220191e-05]","[447.92507614515773, 40.00515794880615, 6.929453945686635]",5.0900000000000345,100.0,0.0,"[57.45111407985169, 121.70137441391151, 121.70137441391152]",17
702,4235238339,settled,Rf4i_0002,unmatched,,"[-0.7562445711375627, 0.24799993940147816, 0.08222943494976244, 0.5998570652327683]","[-0.7071354357898845, 2.6929791485108837e-05, 1.3254205557769234e-05, 0.7070781247849226]","[447.70837683403687, 3.0878999858127525, 39.99109641207574]",4.829999999999948,100.0,0.0,"[57.45111407985169, 123.23218482281314, 123.23218482281314]",33
703,3994960236,settled,Rf4i_0003,unmatched,,"[0.5313292307007738, 0.7813692565057293, 0.17265756090654222, 0.278101960173623]","[0.7071106053966741, 0.7071029426695966, 4.8019521221132067e-05, -0.0001337821805515449]","[448.0426190298247, 26.788890863064367, 6.931402515959181]",4.639999999999884,100.0,0.0,"[57.45111407985169, 112.73403205963484, 112.73403205963486]",21
704,3831792919,settled,Rf4i_0010,unmatched,,"[0.4401407278908014, -0.15233626782494392, 0.5535394359146462, -0.6904084979519137]","[8.613310461771939e-05, -2.8326792332167283e-05, 0.7070743686065046, -0.7071391864678368]","[448.0903714581726, 33.217274092774915, 3.075675297242019]",4.969999999999994,100.0,0.0,"[57.45111407985169, 112.92197998911094, 112.92197998911095]",22
705,2949590194,settled,Rf4i_0016,unmatched,,"[0.017602188927888177, 0.8092823677871741, -0.24878508131529067, 0.5318441458253315]","[0.49996649513237934, 0.5000012145428512, -0.5000307613589403, 0.5000015268931852]","[448.0501351689507, 6.932616938371862, 33.21289737137786]",4.799999999999938,100.0,0.0,"[57.45111407985169, 119.10199719052856, 119.10199719052858]",24
706,1922957456,settled,Rf4i_0008,unmatched,,"[-0.17983493385574306, 0.16984593387623137, -0.8817110177146157, -0.40174299813620656]","[1.0480054623451805e-05, 1.2819054184681763e-05, -0.7071030820598542, -0.7071104801000304]","[448.1268831378728, 26.785928345457553, 3.0708248451432727]",4.659999999999891,100.0,0.0,"[57.45111407985169, 117.90966766725703, 117.90966766725704]",23
707,2467004035,settled,Rf4i_0001,unmatched,,"[-0.8510412091524794, -0.15061605794523547, 0.48797472711500356, 0.12216517142934463]","[-0.9999999927126214, -1.5419905532369587e-05, 0.00011485495547497665, 3.384262217609458e-05]","[448.1555834702985, 40.006786114632995, 6.925000536738141]",4.939999999999984,100.0,0.0,"[57.45111407985169, 119.94995859542098, 119.949958595421]",19
708,3895465590,settled,Rf4i_0010,unmatched,,"[-0.008865959929603692, 0.08725246230030541, 0.920553074823044, -0.3806447674813083]","[0.00017845515363215658, 2.842560666849181e-06, 0.7071378097975318, -0.7070757286885385]","[447.6411948026779, 33.21311242245943, 3.071569818961943]",4.779999999999931,100.0,0.0,"[57.45111407985169, 124.30960043054168, 124.30960043054169]",25
709,3817935553,settled,Rf4i_0001,unmatched,,"[-0.9489519390650242, 0.22293354094083298, -0.12955939050887, 0.1816733827484993]","[-0.9999999968528602, 6.90535640756355e-05, -3.753980702996288e-05, 1.0800365202956463e-05]","[448.2004956444137, 39.998735344666215, 6.933402370994133]",4.709999999999908,100.0,0.0,"[57.45111407985169, 122.5909856238492, 122.5909856238492]",12
710,2350393894,settled,Rf4i_0015,unmatched,,"[0.6082563107633402, 0.02796229408013884, 0.7339208530504554, 0.30100257803553526]","[0.5000801637975483, -0.499855435571298, 0.499984976755927, 0.500079390021645]","[447.6459244921314, 6.937440926132673, 26.787257020862008]",4.809999999999941,100.0,0.0,"[57.45111407985169, 120.40012232863688, 120.4001223286369]",27
711,507274054,settled,Rf4i_0006,unmatched,,"[-0.5283622470933963, 0.487647568656346, 0.636099650849066, 0.28001860441704135]","[-0.49994973282698657, 0.49999137978920144, 0.5000999684094821, 0.49995890469072585]","[448.0273874209459, 3.0698333171193664, 33.206675794713725]",4.809999999999941,100.0,0.0,"[57.45111407985169, 117.32043722492728, 117.32043722492729]",43
712,2418103130,settled,Rf4i_0005,unmatched,,"[0.5388957797689139, 0.08448260675867462, 0.7139924401755003, -0.438940568955238]","[0.4999980341746091, 0.499980933016053, 0.5000742262880059, -0.4999467978139033]","[448.1449340302585, 3.077876001221747, 26.781533812359314]",4.879999999999964,100.0,0.0,"[57.45111407985169, 116.34150598624124, 116.34150598624126]",27
713,3567153921,settled,Rf4i_0009,unmatched,,"[0.1988727524070747, -0.4381407272501607, -0.2546711136222361, 0.8388235543671534]","[0.0002433568098278993, -2.9690317471871554e-05, -4.7483127269016844e-05, 0.9999999688206499]","[447.65412260482805, 40.01611463585549, 3.067568966494082]",4.609999999999874,100.0,0.0,"[57.45111407985169, 125.10172079586506, 125.10172079586506]",19
714,4274748223,settled,Rf4i_0004,unmatched,,"[0.9013150862583911, -0.41985594111574515, -0.10060076260099281, -0.0350940245189892]","[0.7071500387909293, -0.7070635208242655, -2.856536401918408e-06, 1.2223780289255526e-05]","[448.0976470548425, 33.22621469432181, 6.929856984091142]",4.719999999999911,100.0,0.0,"[57.45111407985169, 123.86539507757499, 123.865395077575]",17
715,1338308663,settled,Rf4i_0009,unmatched,,"[-0.2512912006807127, 0.11445045012758237, 0.3013030382493696, -0.9126720692930941]","[0.00016519177202301005, -1.1975959891803127e-05, 0.00017244368485341987, -0.9999999714157148]","[447.88918981897507, 40.02202010590568, 3.071248665359839]",4.819999999999944,100.0,0.0,"[57.45111407985169, 123.27430594710721, 123.27430594710721]",22
716,1277006266,settled,Rf4i_0012,unmatched,,"[0.32865400942607437, 0.5957578798403752, -0.6876782647442755, -0.25329369296247584]","[0.00010785333885175461, 0.7070854606139931, -0.7071280925897754, 2.0647047397452842e-05]","[447.5884751897136, 6.936267228303275, 39.997698449634605]",4.769999999999928,100.0,0.0,"[57.45111407985169, 117.36192323183938, 117.3619232318394]",28
717,3440375285,settled,Rf4i_0001,unmatched,,"[0.8875611663635753, 0.23820790771944308, 0.3862538725813326, 0.07937326110963647]","[0.9999999837609219, 2.4914567537356763e-05, 0.00014637411074826348, -0.00010213735989939021]","[447.79588857344334, 40.00739826274513, 6.928690806476099]",4.549999999999854,100.0,0.0,"[57.45111407985169, 120.76907874352405, 120.76907874352406]",17
718,2778763133,settled,Rf4i_0006,unmatched,,"[0.8756319323738309, 0.23263808462416577, -0.40106778977893365, 0.13525113157201868]","[0.5000803876041924, -0.5000360428330659, -0.4999636154398421, -0.4999199386279874]","[448.33446285737904, 3.083184994717915, 33.216747389672136]",4.509999999999841,100.0,0.0,"[57.45111407985169, 117.86021779788055, 117.86021779788055]",19
719,763136023,settled,Rf4i_0008,unmatched,,"[0.25131930339948066, -0.2951017507363295, 0.6878492538765465, 0.6136912647191838]","[0.0001043161668446424, 1.0087231906596994e-05, 0.7071918509176578, 0.7070216934522183]","[447.6323078760413, 26.798132817457425, 3.0703548654655455]",4.639999999999884,100.0,0.0,"[57.45111407985169, 99.20869628625121, 99.20869628625123]",17
720,3763933021,settled,Rf4i_0008,unmatched,,"[-0.04623430397558888, -0.06701270344375135, 0.7888818316337297, 0.6091281822664787]","[5.4256226961590936e-05, 1.641378214373157e-05, 0.7070474556351536, 0.7071660994891548]","[447.7040611285171, 26.7888377269039, 3.0671286667679607]",4.709999999999908,100.0,0.0,"[57.45111407985169, 108.92125012371187, 108.92125012371189]",26
721,3455780355,settled,Rf4i_0002,unmatched,,"[-0.8840207684311262, -0.0872379833482472, -0.3272251922323647, 0.32221186944658625]","[-0.7071171506826839, 7.12428820306981e-05, -2.727285821242936e-05, 0.7070964074233765]","[447.63971395023225, 3.077346930391144, 39.99938105086066]",4.409999999999807,100.0,0.0,"[57.45111407985169, 114.22593494036657, 114.22593494036659]",30
722,1499718306,settled,Rf4i_0016,unmatched,,"[0.3612539443898203, 0.6684707255139583, -0.19887294746240802, 0.6189442846987546]","[0.5001433088742492, 0.4998592948644492, -0.5001647159633503, 0.499832584803386]","[448.2544013293703, 6.927168833729409, 33.215043771488645]",4.649999999999888,100.0,0.0,"[57.45111407985169, 113.29086192893278, 113.2908619289328]",23
723,79361427,settled,Rf4i_0003,unmatched,,"[0.7460182460433417, 0.4331332622393408, -0.16442246222556398, 0.47834883466776185]","[0.7071221599506754, 0.7070913989997955, -1.0997837812998235e-05, -6.516326457106647e-05]","[447.96214555677915, 26.79548506110871, 6.934354351309343]",4.4999999999998375,100.0,0.0,"[57.45111407985169, 120.85689989250055, 120.85689989250055]",21
724,849183527,settled,Rf4i_0002,unmatched,,"[-0.597965345494862, 0.4341566937715529, -0.3987457477691585, 0.5430904523894513]","[-0.707119267226245, -0.00010784925962948127, 2.9290917601550325e-05, 0.7070942860948588]","[447.7300895520688, 3.069633391795095, 39.999106053885306]",4.879999999999964,100.0,0.0,"[57.45111407985169, 113.32048961632712, 113.32048961632714]",36
725,833658135,settled,Rf4i_0010,unmatched,,"[-0.22322301575031606, -0.6254522972279739, -0.046491102783879086, 0.7462033814540932]","[-4.120260720549829e-05, 1.629540291769871e-05, -0.707122532346472, 0.7070910282875309]","[447.9222601902889, 33.223039310822124, 3.0694856576706977]",4.749999999999921,100.0,0.0,"[57.45111407985169, 115.37343128609535, 115.37343128609534]",32
726,2766943526,settled,Rf4i_0008,unmatched,,"[-0.5008796812345071, -0.2940481208795292, 0.7384220044987085, 0.3426196007319862]","[-3.715941553067426e-05, -8.170899339249306e-05, 0.7071244623762297, 0.7070890938573061]","[448.38339945246435, 26.783412168185436, 3.0709224237445936]",4.399999999999804,100.0,0.0,"[57.45111407985169, 122.68422720431036, 122.68422720431037]",23
727,2503276600,settled,Rf4i_0011,unmatched,,"[-0.12838043991948922, -0.15768557088960727, 0.9650166796619405, 0.16551897581105576]","[-0.00015966874815574785, -2.8624791082343393e-05, 0.9999999763135559, 0.00014511857255190252]","[447.8207419364019, 40.007018762701115, 3.065552642397065]",4.709999999999908,100.0,0.0,"[57.45111407985169, 119.98672420056936, 119.98672420056937]",23
728,274262062,settled,Rf4i_0004,unmatched,,"[-0.2888088733633255, 0.9067311338231195, 0.2402429853663154, 0.19160217536533122]","[-0.7070864699779842, 0.7071270881441358, 2.242908397404042e-05, 6.843832981615061e-05]","[448.3658666822742, 33.22438882092034, 6.935649675707795]",4.979999999999998,100.0,0.0,"[57.45111407985169, 117.43419476192429, 117.43419476192429]",13
729,3693717378,settled,Rf4i_0005,unmatched,,"[-0.4080947709038988, -0.4131066308879288, -0.5424541860804435, 0.6070790932663737]","[-0.49997839705062397, -0.5000651721647427, -0.49999439099766957, 0.49996203359995717]","[447.7871220818714, 3.0720411332732183, 26.783888897810094]",4.699999999999904,100.0,0.0,"[57.45111407985169, 100.89812034177277, 100.89812034177275]",32
730,244256465,settled,Rf4i_0015,unmatched,,"[-0.41965871946026745, 0.6803774779211695, 0.017196036946970892, -0.6005641872705326]","[-0.4999569673546369, 0.5000144597641991, -0.5000365491010865, -0.4999920203196723]","[448.1389724941991, 6.9343990762691945, 26.789507266910306]",5.170000000000061,100.0,0.0,"[57.45111407985169, 121.58179216742873, 121.58179216742874]",32
731,476182520,settled,Rf4i_0005,unmatched,,"[0.1036601992641189, -0.6668421953979564, -0.4595244020197611, 0.5774195818239437]","[-0.4997722517683282, -0.49993344523897487, -0.500164965883491, 0.5001292368944952]","[448.34860576683644, 3.070445521376853, 26.79324907466303]",4.339999999999784,100.0,0.0,"[57.45111407985169, 120.36398236848908, 120.36398236848908]",22
732,299505894,settled,Rf4i_0005,unmatched,,"[0.579202363364909, 0.6811474595430645, 0.10658459271012398, -0.43497412018113246]","[0.49998558487247896, 0.4999086568746093, 0.500038248272044, -0.5000674954109448]","[448.1136212671433, 3.064823567107234, 26.788245955168648]",4.649999999999888,100.0,0.0,"[57.45111407985169, 110.3894989909463, 110.3894989909463]",49
733,927647419,settled,Rf4i_0011,unmatched,,"[0.00617218359995602, 0.30738817925260187, -0.906291643473959, 0.29001701393995705]","[6.742125549700329e-05, 0.00018657216907280727, -0.9999999802213446, 1.4230616978631878e-05]","[448.16129602192217, 40.00115797514383, 3.0654605551698952]",4.549999999999854,100.0,0.0,"[57.45111407985169, 119.64286619120392, 119.64286619120394]",17
734,2054887602,settled,Rf4i_0010,unmatched,,"[0.3733597105779809, 0.05758875730829268, -0.4407491559025929, 0.8142642342139097]","[-3.7130026396825504e-06, -8.371854561001203e-05, -0.7070747805419114, 0.7071387754175461]","[447.7228219382417, 33.208812881847244, 3.069508871268495]",4.359999999999791,100.0,0.0,"[57.45111407985169, 112.9953513355212, 112.99535133552122]",12
735,2921836587,settled,Rf4i_0014,unmatched,,"[0.2754056786538453, -0.9404034533507056, -0.09401578724089038, 0.1759377413767654]","[-8.792498317906399e-06, -0.99999999954779, 2.8509013505095826e-05, -3.787924543590389e-06]","[447.7986813253582, 40.00775031025258, 6.931029418911036]",4.709999999999908,100.0,0.0,"[57.45111407985169, 124.48325174867072, 124.48325174867074]",24
736,4082104990,settled,Rf4i_0009,unmatched,,"[-0.365030319869446, -0.1893794515799419, -0.17774880524233333, -0.8940322427799869]","[-5.633189265497052e-05, 5.301576645786241e-05, 0.00010285685898378908, -0.9999999917182565]","[448.3250478539536, 40.01532487675846, 3.0721868693427723]",4.759999999999924,100.0,0.0,"[57.45111407985169, 115.7982201784238, 115.79822017842382]",22
737,2103653974,settled,Rf4i_0003,unmatched,,"[0.935028749816513, 0.3245948714742076, 0.13098927296552268, -0.056579296541891304]","[0.7070951326578488, 0.7071184214596734, -6.744899517510673e-05, -8.279246332559832e-05]","[448.17004266478216, 26.793268853856404, 6.929546041590329]",4.849999999999954,100.0,0.0,"[57.45111407985169, 120.47445403724417, 120.47445403724419]",20
738,4054721125,settled,Rf4i_0010,unmatched,,"[0.3314452681763487, -0.23353500978133768, 0.6073874692324064, -0.6831441250785895]","[6.28820724744572e-05, 0.00017172423696087955, 0.7071359173079685, -0.7070776202155243]","[447.6302899854834, 33.2232091814846, 3.07268766707937]",4.909999999999974,100.0,0.0,"[57.45111407985169, 107.63124165957997, 107.63124165957998]",27
739,548968393,settled,Rf4i_0012,unmatched,,"[0.1739833845668215, -0.4541327469372948, 0.8058144553671144, -0.33787023185723425]","[5.959872390715667e-05, -0.7070926252390972, 0.707120932938875, -4.449863950881564e-05]","[448.03396198544937, 6.935950917869315, 40.00095451956398]",4.439999999999817,100.0,0.0,"[57.45111407985169, 114.67075993602523, 114.67075993602522]",20
740,1564990497,settled,Rf4i_0016,unmatched,,"[0.11176623498886057, 0.43491256596679395, -0.5962539075390001, 0.6654627310564188]","[0.5000852089061656, 0.49994054927813425, -0.49995681005086534, 0.5000174188011023]","[447.7963853379123, 6.932070982628392, 33.210462546436695]",4.689999999999901,100.0,0.0,"[57.45111407985169, 112.98832183173676, 112.98832183173677]",40
741,666536387,settled,Rf4i_0003,unmatched,,"[0.8328379747296384, 0.5225458757364239, -0.11627756712454848, -0.1407346545193621]","[0.7071088492716333, 0.707104697613099, 0.00014233459799528614, -4.0448692958244825e-05]","[447.98752941514164, 26.79064396759195, 6.932634250915363]",4.729999999999914,100.0,0.0,"[57.45111407985169, 113.82056848816059, 113.8205684881606]",16
742,2535867986,settled,Rf4i_0009,unmatched,,"[0.055606694092448415, 0.02990174770564514, 0.11232118714017658, 0.9916641225615043]","[3.4182399857030095e-05, 3.556735761657566e-05, -3.220655695336217e-05, 0.9999999982646322]","[447.5730887610237, 40.01475736511253, 3.0739171026106202]",4.649999999999888,100.0,0.0,"[57.45111407985169, 118.22843387992114, 118.22843387992116]",13
743,4190058861,settled,Rf4i_0003,unmatched,,"[0.6389330524725584, 0.6994797245503248, 0.04674223784673845, -0.3167141180973458]","[0.7069852369831207, 0.707228290919075, -0.00012508224275126212, 5.9716308803692275e-05]","[447.82679464140625, 26.794865264250213, 6.9240480844249275]",4.699999999999904,100.0,0.0,"[57.45111407985169, 105.26319772162331, 105.26319772162333]",23
744,4145498066,settled,Rf4i_0005,unmatched,,"[0.5331427153280388, -0.13489619692221552, 0.6897760063632064, -0.4709256015489013]","[0.4999491866603425, 0.5000353826170841, 0.5000285201725476, -0.49998690573124055]","[448.34981023550336, 3.0740466652969864, 26.788361150554834]",5.100000000000038,100.0,0.0,"[57.45111407985169, 120.83731724570569, 120.8373172457057]",26
745,439097313,settled,Rf4i_0003,unmatched,,"[-0.31229783943541295, -0.9478655253499281, -0.04306678203388648, -0.04654307276409306]","[-0.7071004106523803, -0.7071131459113101, 9.003170603313904e-05, 5.379355260876073e-06]","[448.3367338605668, 26.796601879665953, 6.930498964831904]",4.689999999999901,100.0,0.0,"[57.45111407985169, 120.88765706685237, 120.88765706685238]",22
746,848878887,settled,Rf4i_0015,unmatched,,"[-0.7330445846747963, 0.6200137340102204, -0.2603398618609048, -0.10223386348908145]","[-0.4999498431387737, 0.5001378244329758, -0.5000143253020732, -0.4998979750005776]","[448.1860395489656, 6.951198057742889, 26.786749612685437]",4.709999999999908,100.0,0.0,"[57.45111407985169, 112.81990708133027, 112.81990708133029]",37
747,3282409243,settled,Rf4i_0005,unmatched,,"[-0.36484502967256854, -0.38112029136195696, -0.4876938161083083, 0.695550263866757]","[-0.49997095052726115, -0.5000425337940313, -0.49997907052487706, 0.5000074420074085]","[447.7573910281746, 3.069253921293711, 26.78594197426782]",4.729999999999914,100.0,0.0,"[57.45111407985169, 103.23749411338508, 103.2374941133851]",36
748,1021812353,settled,Rf4i_0010,unmatched,,"[-0.02751463814164228, 0.23808994494372776, -0.5888537692642116, 0.7718855881722095]","[0.0001673456743038204, 0.0001602094508869334, -0.7070868664640356, 0.7071266573976888]","[447.85742426995955, 33.22335178732527, 3.061899215971007]",4.699999999999904,100.0,0.0,"[57.45111407985169, 117.18658556542277, 117.18658556542279]",19
749,3025522320,settled,Rf4i_0006,unmatched,,"[-0.006779130001992734, 0.8094588839319384, 0.39735742244128586, 0.432246963495285]","[-0.4999506208666165, 0.4999018123675997, 0.5001002218622408, 0.5000473205407777]","[447.9747396392138, 3.0684410313245714, 33.21111938074355]",5.380000000000131,100.0,0.0,"[57.45111407985169, 123.78048041649218, 123.7804804164922]",35
750,2691185665,settled,Rf4i_0016,unmatched,,"[-0.347779535447512, -0.7595016959896297, 0.11884014838012455, -0.5367341871408777]","[-0.4999941628312329, -0.49995808648627027, 0.5000859787260046, -0.49996176131113845]","[448.2047143045856, 6.94196548357765, 33.21322460588924]",4.509999999999841,100.0,0.0,"[57.45111407985169, 116.47773315107094, 116.47773315107095]",31
751,1229380122,settled,Rf4i_0006,unmatched,,"[0.48619715748621767, -0.6641977522402341, 0.06255628408896385, -0.564393817553243]","[0.4999325249980158, -0.49992907004651727, -0.5001629235946629, -0.49997544462980603]","[448.04758693256315, 3.0697398171301225, 33.20211194375911]",4.749999999999921,100.0,0.0,"[57.45111407985169, 123.32894259186203, 123.32894259186205]",12
752,2395213454,settled,Rf4i_0015,unmatched,,"[-0.44933477067353494, 0.12225715102068627, -0.8501988666400425, -0.24558774409985212]","[-0.49998960382645263, 0.49990256371739505, -0.49994641584397104, -0.50016137809612]","[447.7931121314804, 6.941724748136829, 26.782562954699486]",4.4999999999998375,100.0,0.0,"[57.45111407985169, 117.90388581542557, 117.90388581542558]",24
753,3006291426,settled,Rf4i_0006,unmatched,,"[-0.8032647886071603, -0.10041121216468736, 0.5539172969708682, -0.1945736260956228]","[-0.4999952734909533, 0.5000272940245077, 0.4998615862771507, 0.5001158128691052]","[447.9188617551717, 3.077547233038037, 33.20777211381614]",4.6199999999998775,100.0,0.0,"[57.45111407985169, 113.77091674943446, 113.77091674943448]",28
754,2038363769,settled,Rf4i_0015,unmatched,,"[-0.5612002152789947, 0.020352301138744127, -0.7190324086645994, -0.409429478053489]","[-0.4999866203739629, 0.5000519496447213, -0.5000624818926287, -0.49989893109199623]","[448.12452947689087, 6.935162729806343, 26.78739975017486]",4.829999999999948,100.0,0.0,"[57.45111407985169, 117.81531536222312, 117.81531536222312]",26
755,3549726088,settled,Rf4i_0008,unmatched,,"[0.3251935600628316, -0.17496902770656705, 0.7483285312602824, 0.5510348420371516]","[-3.0754451068565336e-05, -3.6403972621307235e-05, 0.7071196324892396, 0.7070939280443563]","[448.18578359008944, 26.786002941819874, 3.0577324151011656]",4.749999999999921,100.0,0.0,"[57.45111407985169, 109.31324133778945, 109.31324133778946]",25
756,1415504078,settled,Rf4i_0016,unmatched,,"[0.026030222451953543, 0.644775665048881, -0.1990092891583883, 0.7375514030279845]","[0.49998182275274305, 0.500026725015567, -0.5000700563589712, 0.4999213837396702]","[447.9821239297332, 6.944647663036362, 33.205068555840434]",4.629999999999881,100.0,0.0,"[57.45111407985169, 120.16809604977556, 120.16809604977557]",29
757,1167033059,settled,Rf4i_0011,unmatched,,"[-0.14038596652816046, 0.22510227837965416, 0.9577570236566346, -0.11100553277484694]","[-4.224686653064044e-06, 2.284431770610551e-05, 0.9999999874683408, 0.00015660015137725607]","[447.9577054633063, 40.0048471101766, 3.06780469396456]",4.639999999999884,100.0,0.0,"[57.45111407985169, 118.05985101356272, 118.05985101356274]",21
758,57751237,settled,Rf4i_0011,unmatched,,"[-0.24977854227901278, 0.18879418204542422, 0.9462315214486297, 0.08132247204667463]","[-0.0001102718686739143, -0.00015001632803313125, 0.9999999731013632, -0.00013832024083239696]","[448.0914098027604, 40.00773503667643, 3.0642789464352185]",4.549999999999854,100.0,0.0,"[57.45111407985169, 112.14729664052149, 112.1472966405215]",12
759,1367057463,settled,Rf4i_0005,unmatched,,"[-0.2682954155863644, 0.4446128882782166, -0.4818836406653182, 0.7057797860603408]","[-0.5001157087629149, -0.49992434355030785, -0.4999898240840084, 0.49997010349300225]","[447.969960497262, 3.0749673799335477, 26.775369259864867]",4.849999999999954,100.0,0.0,"[57.45111407985169, 119.23535877709159, 119.2353587770916]",24
760,3460723404,settled,Rf4i_0020,unmatched,,"[0.7525328538070888, 0.08332020185243715, -0.2968881536312691, 0.5819016000473309]","[0.7070980926009489, -3.9983621855085126e-05, 2.2136973455382495e-05, 0.7071154681884455]","[447.6320169314888, 6.932147709219738, 39.99730762549561]",4.929999999999981,100.0,0.0,"[57.45111407985169, 124.84031425653889, 124.84031425653889]",21
761,490291057,settled,Rf4i_0004,unmatched,,"[0.6050671852203282, -0.723040663150318, -0.30768659951572824, -0.12819850732027002]","[0.7072036579610332, -0.7070098868916276, 3.412238740657659e-05, -6.956784278461249e-05]","[447.89283988520486, 33.2124074886258, 6.935796630809347]",4.799999999999938,100.0,0.0,"[57.45111407985169, 108.21758853392109, 108.21758853392109]",23
762,2736550147,settled,Rf4i_0014,unmatched,,"[-0.12290483584257283, 0.9147122688500888, 0.06678560268850425, -0.37912471538422043]","[4.838205593858065e-05, 0.9999999876768578, 4.2010721315044464e-05, 0.00014331978359567114]","[447.9888526909968, 40.00912285001593, 6.931878179160137]",4.829999999999948,100.0,0.0,"[57.45111407985169, 120.38391738447476, 120.38391738447477]",19
763,3645682007,settled,Rf4i_0013,unmatched,,"[0.08237622614656674, 0.7623107531555448, 0.47199339798971696, 0.43510769384532433]","[0.00010138781464255923, 0.7070697614664445, 0.7071437574263705, -0.00022016632596768827]","[447.8663746575409, 3.0667413720110623, 39.993309199042315]",4.699999999999904,100.0,0.0,"[57.45111407985169, 125.03082534939699, 125.03082534939705]",31
764,4011650803,settled,Rf4i_0015,unmatched,,"[-0.11238713257916548, 0.5943727968817791, -0.13889353961568968, -0.7840909994449555]","[-0.49995435881668643, 0.4998947937556906, -0.5000361464828553, -0.5001146733367539]","[448.1142848239942, 6.940024459084291, 26.78559431099807]",4.939999999999984,100.0,0.0,"[57.45111407985169, 114.77877810818131, 114.77877810818133]",36
765,4175174794,settled,Rf4i_0006,unmatched,,"[0.6283567845402819, -0.3838002345637537, -0.49353374713503045, -0.46291421636180186]","[0.500015037074847, -0.49998478276043634, -0.49999916449000076, -0.5000010152153092]","[447.66525381767593, 3.0704078626734197, 33.21301593346512]",4.549999999999854,100.0,0.0,"[57.45111407985169, 113.8123063218421, 113.81230632184212]",29
766,1362896629,settled,Rf4i_0014,unmatched,,"[-0.1369099586496964, 0.8359536484781134, -0.4124440525900376, -0.3351523001588615]","[-6.98119114814295e-05, 0.9999999974781812, 6.115479723178829e-07, -1.302153958782003e-05]","[448.23625250374045, 40.00940214339177, 6.9324659975007235]",5.100000000000038,100.0,0.0,"[57.45111407985169, 117.67406529701839, 117.6740652970184]",26
767,1392627679,settled,Rf4i_0005,unmatched,,"[-0.5442430083840383, -0.06998565228722617, -0.49363300479666244, 0.674705871379849]","[-0.5001000824323475, -0.5000342854618494, -0.4998045014236026, 0.5000610775400551]","[448.07198728954955, 3.0766860141606505, 26.781636642166713]",4.809999999999941,100.0,0.0,"[57.45111407985169, 117.46689359734239, 117.46689359734239]",32
768,2030435075,settled,Rf4i_0011,unmatched,,"[-0.15391770369278407, 0.2984445877709614, -0.9416051474307936, 0.02489808932417896]","[-1.948596196427472e-05, 4.563951358782514e-06, -0.999999998830599, -4.40257850135317e-05]","[448.32176764102036, 40.009783354829786, 3.070093116491597]",4.789999999999934,100.0,0.0,"[57.45111407985169, 113.98675512574299, 113.986755125743]",21
769,1969071229,settled,Rf4i_0012,unmatched,,"[-0.292157474405667, 0.7386316240005625, -0.37135322396325127, 0.480795296594396]","[-4.157139615173188e-05, 0.7070576706476375, -0.7071558829596635, 7.64571446201412e-05]","[447.70685847279344, 6.93449749207781, 40.00041687883892]",4.449999999999821,100.0,0.0,"[57.45111407985169, 124.08958397897825, 124.08958397897825]",26
770,3971321240,settled,Rf4i_0005,unmatched,,"[0.16134477163431363, -0.59713412711119, -0.14540785866209355, 0.7721756623623495]","[-0.4999313197725167, -0.49995383618478917, -0.5000785619597067, 0.5000362677475853]","[448.36944020731147, 3.0765664823840955, 26.79146388051378]",4.579999999999864,100.0,0.0,"[57.45111407985169, 123.31800729724124, 123.31800729724124]",32
771,1847143231,settled,Rf4i_0011,unmatched,,"[0.37247343903267255, -0.17212231899601646, 0.8927953174030391, -0.1858869703390051]","[-1.0571162333466044e-05, -2.0341451877070593e-05, 0.9999999877670585, -0.00015472672316914463]","[448.0999308260473, 40.00208157681083, 3.0712788349681643]",4.839999999999951,100.0,0.0,"[57.45111407985169, 124.02918143163556, 124.02918143163556]",28
772,4250210521,settled,Rf4i_0020,unmatched,,"[0.7179714736657065, -0.32018305942895253, -0.20166750117733687, 0.5842345337498447]","[0.7071250483541138, 4.626022265987367e-05, -1.4180842500212888e-05, 0.7070885118916075]","[447.6642505392448, 6.932532986680725, 40.00272805531825]",4.799999999999938,100.0,0.0,"[57.45111407985169, 115.33389846909134, 115.33389846909135]",33
773,1265008604,settled,Rf4i_0016,unmatched,,"[0.1588790074721968, 0.4462089044889321, -0.7306042503802944, 0.49180535160333994]","[0.5000183813025624, 0.5000266277983668, -0.4999374749574046, 0.5000175106787497]","[447.9159944567185, 6.935000883482887, 33.216129368009504]",4.719999999999911,100.0,0.0,"[57.45111407985169, 116.51884539493166, 116.51884539493166]",20
774,2561878822,settled,Rf4i_0020,unmatched,,"[-0.8844363438236836, 0.2271251635155647, 0.06609453688063316, -0.4022661134328336]","[-0.7071452052723933, 6.879076517750617e-05, 0.0001978447283174506, -0.7070683239868398]","[448.21574705371245, 6.928424174078004, 39.996771053715946]",4.629999999999881,100.0,0.0,"[57.45111407985169, 115.47184690067924, 115.47184690067925]",24
775,2593056862,settled,Rf4i_0004,unmatched,,"[-0.6440080616705269, 0.6801245432667002, 0.34981776085047156, 0.017656623210441386]","[-0.7070644723978825, 0.707149045092984, 6.800524357847283e-05, 0.00023510013177369118]","[447.7076890569848, 33.21936026550125, 6.929908273969455]",4.749999999999921,100.0,0.0,"[57.45111407985169, 111.8276044676584, 111.82760446765842]",24
776,2876057514,settled,Rf4i_0007,unmatched,,"[0.5828207064822837, 0.0588372724123627, -0.6350018125597128, -0.5036178089746675]","[0.32466213739086536, -0.3246636025342139, -0.6281657812839607, -0.6281686023339692]","[448.01260170406175, 17.990716555375215, 28.868401269551534]",3.859999999999686,100.0,0.0,"[57.45111407985169, 122.75889657086398, 122.75889657086398]",18
777,3157771195,unsettled,,not_evaluated,,"[0.5983360677836528, 0.10378296890113489, -0.7104906983150071, -0.3555643583981888]","[0.2657741703807638, -0.26558101016017877, -0.6553104096610306, -0.6552854983826577]","[447.64818770046156, 21.35597199243815, 25.335554309478944]",3.939999999999677,100.0,0.0,"[57.45111407985169, 122.22162404138193, 122.22162404138193]",23
778,2345037609,settled,Rf4i_0005,unmatched,,"[0.6604384413014063, 0.10747290077092331, 0.443880841915452, -0.596020502190723]","[0.5000013813255141, 0.49994487920278874, 0.5000698462052042, -0.49998388508810016]","[448.14403492761977, 3.0715959477494814, 26.780464422485757]",5.020000000000011,100.0,0.0,"[57.45111407985169, 119.84343568766566, 119.84343568766568]",29
779,184414698,settled,Rf4i_0003,unmatched,,"[-0.35632809196677084, -0.93177754920896, -0.06878720385769516, 0.00944511783434199]","[-0.7070928533446087, -0.7071207051589042, 6.024739410168123e-05, 3.814191320841709e-05]","[448.3384278890265, 26.791226634930464, 6.928516744294365]",4.649999999999888,100.0,0.0,"[57.45111407985169, 120.34161777197353, 120.34161777197353]",22
780,1322610371,settled,Rf4i_0016,unmatched,,"[-0.3915866921210055, -0.4167497704200111, 0.43307521759641576, -0.6967247285064698]","[-0.49989719464020443, -0.5000006641738814, 0.5000417046074871, -0.5000604206191186]","[447.8559059568062, 6.933866975715481, 33.20433965420079]",4.679999999999898,100.0,0.0,"[57.45111407985169, 111.71175595219444, 111.71175595219444]",29
781,2871559337,settled,Rf4i_0012,unmatched,,"[-0.0016060938878102355, -0.8499218234626733, 0.5204304719878642, 0.0823555601692851]","[-1.474807111442227e-05, -0.7071927768670416, 0.7070207746358523, -1.9049839702892356e-05]","[447.57019662988654, 6.936039065017964, 39.99976614541491]",4.959999999999991,100.0,0.0,"[57.45111407985169, 114.89523604049906, 114.89523604049907]",34
782,3834652190,settled,Rf4i_0005,unmatched,,"[-0.38796054467225627, -0.5034752546116924, -0.5498540153702292, 0.5419039080432375]","[-0.5000028358778731, -0.4999304733901639, -0.5000584985782706, 0.5000081838226424]","[448.29075235358715, 3.068472806233076, 26.78125014595604]",4.5599999999998575,100.0,0.0,"[57.45111407985169, 104.673673273829, 104.67367327382901]",18
783,3919222154,settled,Rf4i_0005,unmatched,,"[-0.30245125319755284, -0.7544306213363382, -0.28171015049334985, 0.5098990764242572]","[-0.5000010176244338, -0.4999986951928769, -0.5000856281703502, 0.49991464439183764]","[447.7084691835294, 3.082241942562288, 26.783093222446492]",4.349999999999787,100.0,0.0,"[57.45111407985169, 105.82335737528288, 105.8233573752829]",25
784,2928265615,settled,Rf4i_0014,unmatched,,"[-0.16044831560608788, -0.841189383199689, 0.29634351733816594, 0.4228915692502515]","[-3.5272634922127336e-05, -0.999999976442073, -0.00021001940921455686, 4.199455418580453e-05]","[447.8084597681594, 40.00911903673134, 6.928115293240972]",4.979999999999998,100.0,0.0,"[57.45111407985169, 120.08572000337111, 120.08572000337112]",28
785,1004255327,settled,Rf4i_0005,unmatched,,"[-0.7918552891140278, -0.48308124432092175, -0.12326100465448263, 0.3527101320051027]","[-0.5000887608754967, -0.5000059617261734, -0.4999845526625268, 0.49992071029629065]","[448.2348061975166, 3.072659009706198, 26.789898593950962]",4.759999999999924,100.0,0.0,"[57.45111407985169, 109.64465218447975, 109.64465218447975]",31
786,4151959314,settled,Rf4i_0002,unmatched,,"[0.32961659258017734, -0.44109631094848434, 0.13135878999472297, -0.8243371971800095]","[0.7070275195749054, -1.0622363035506151e-05, -8.579598426815528e-05, -0.7071860286303537]","[448.08105902031997, 3.070730355578144, 39.99788499941399]",5.100000000000038,100.0,0.0,"[57.45111407985169, 121.56780899773456, 121.56780899773457]",33
787,3643437407,settled,Rf4i_0008,unmatched,,"[-0.3679797931408954, 0.033329154626742165, 0.5756948008932865, 0.729421370345214]","[6.902631276159421e-05, 1.0238761668002194e-05, 0.7071158083903551, 0.7070977504242187]","[448.3649480740655, 26.793031534430792, 3.0658897898864867]",4.6199999999998775,100.0,0.0,"[57.45111407985169, 110.56595038715024, 110.56595038715025]",23
788,193074623,settled,Rf4i_0002,unmatched,,"[0.333473225592462, 0.8262963374305321, -0.44231445523318763, -0.10192101477916964]","[0.7071509377223862, 2.800907065028823e-05, 7.378458771628797e-05, -0.7070626174884913]","[447.8969565089023, 3.0779423018675622, 40.00316100668414]",4.509999999999841,100.0,0.0,"[57.45111407985169, 112.94724310476636, 112.94724310476634]",31
789,1840744130,settled,Rf4i_0013,unmatched,,"[-0.003013295977485854, -0.9164638387372006, -0.385878694127883, -0.10574774585108596]","[6.779084759741826e-05, -0.7070636085354558, -0.7071499402632049, -0.0001042831081389512]","[447.8466029373356, 3.08567016227327, 40.00544154495382]",4.759999999999924,100.0,0.0,"[57.45111407985169, 112.10022329587032, 112.10022329587034]",24
790,929367818,settled,Rf4i_0016,unmatched,,"[0.07689805139311431, 0.6194549874432171, -0.12913616986127133, 0.7705102581129122]","[0.5001116688389923, 0.4998519718639732, -0.5000703964873693, 0.4999659223104525]","[447.5591209474494, 6.939352509101316, 33.21559195758568]",4.4999999999998375,100.0,0.0,"[57.45111407985169, 116.27907370984119, 116.2790737098412]",33
791,911894422,settled,Rf4i_0006,unmatched,,"[-0.6982777647420497, -0.11412682446000724, 0.6869509496557707, 0.16577582445144326]","[-0.4999040010707366, 0.4998815577584794, 0.5001197580860618, 0.5000946365422887]","[447.80902115203133, 3.0655665940241725, 33.208853820378316]",4.629999999999881,100.0,0.0,"[57.45111407985169, 120.0700239772277, 120.07002397722772]",23
792,2813630436,settled,Rf4i_0015,unmatched,,"[0.34525116620660357, 0.291654603545629, 0.2899276643120054, 0.8436119806701463]","[0.5001066639171162, -0.4999583751230398, 0.4999802207889846, 0.49995472461996066]","[448.1568356087041, 6.935884795808783, 26.783693148510043]",5.280000000000098,100.0,0.0,"[57.45111407985169, 117.8140197379086, 117.81401973790858]",34
793,3258326862,settled,Rf4i_0012,unmatched,,"[0.15155241457782917, 0.463115550262533, -0.8698966348433236, 0.07639173665339816]","[6.821643934744829e-05, 0.7071367386481232, -0.7070768191647878, -6.47511613125392e-07]","[447.8012699873495, 6.942131086016063, 40.001625364485136]",4.769999999999928,100.0,0.0,"[57.45111407985169, 116.73194283742507, 116.73194283742507]",24
794,376402550,settled,Rf4i_0013,unmatched,,"[-0.26313053826577254, 0.4562496417490367, 0.7970160287942423, -0.29557407545469244]","[5.458326438990307e-05, 0.7071041551447532, 0.7071094045290925, -2.8708957888647955e-05]","[447.8489615985307, 3.066943958155998, 39.994360596548375]",4.819999999999944,100.0,0.0,"[57.45111407985169, 114.44557647251732, 114.44557647251733]",24
795,3842851706,settled,Rf4i_0008,unmatched,,"[-0.6306123024957917, 0.1538519811917822, 0.7587299060057031, 0.054649991371421895]","[-1.8048808111403858e-06, -4.4709503528916894e-05, 0.7072540182237224, 0.7069595120685493]","[448.12935369473536, 26.791682559112058, 3.061235648195097]",4.649999999999888,100.0,0.0,"[57.45111407985169, 115.19632717657375, 115.19632717657375]",15
796,1816527500,settled,Rf4i_0014,unmatched,,"[-0.26996349254057417, -0.9012033727303118, -0.2599849606697233, -0.21762356007649683]","[4.2667893977869234e-05, -0.9999999982267602, 3.2797403648199275e-05, -2.5500211676562935e-05]","[447.564731700929, 39.99751827079205, 6.929925632316925]",4.689999999999901,100.0,0.0,"[57.45111407985169, 118.61576823871162, 118.61576823871164]",23
797,2293293225,settled,Rf4i_0004,unmatched,,"[-0.3936519694424518, 0.8116179663979275, -0.13515402938440954, 0.4099363266597991]","[-0.7071807140748507, 0.7070328335328221, 7.767382582429816e-06, 9.943239252346858e-05]","[448.136135219137, 33.2238734489283, 6.926530120751416]",4.4999999999998375,100.0,0.0,"[57.45111407985169, 124.07228825788086, 124.07228825788086]",18
798,349554575,settled,Rf4i_0008,unmatched,,"[0.04319524511180846, 0.011599100461029443, -0.6856641279883682, -0.726542727758097]","[0.00011783158324804588, 9.566383559683755e-05, -0.7070336735169069, -0.7071798650112548]","[448.3076355704877, 26.798370453822045, 3.064698989327855]",4.679999999999898,100.0,0.0,"[57.45111407985169, 101.81032402895967, 101.81032402895968]",20
799,1393430897,settled,Rf4i_0005,unmatched,,"[0.40293627404439963, 0.406187963639368, 0.6478008582825009, -0.5029987527441547]","[0.5000282222637359, 0.49993742040100164, 0.5000264680190274, -0.500007883840822]","[448.13730392609676, 3.0725178535606563, 26.789548027554975]",4.659999999999891,100.0,0.0,"[57.45111407985169, 103.53669410197627, 103.53669410197627]",26
800,2235878669,settled,Rf4i_0012,unmatched,,"[0.24249144715551083, -0.6473370825137739, 0.7223079800681069, -0.02058595610878343]","[-6.642513174332494e-05, -0.7071374345709167, 0.7070761222259528, 3.9925855156245216e-05]","[448.0971165158631, 6.933323768297379, 40.00261718524584]",4.909999999999974,100.0,0.0,"[57.45111407985169, 119.32201065772313, 119.32201065772314]",17
801,3616341429,settled,Rf4i_0016,unmatched,,"[-0.016108622453450877, 0.5241575278336051, -0.5047182381256154, 0.6857542551099413]","[0.499984572539586, 0.5000402650067671, -0.4999563633909379, 0.5000187949460282]","[448.1652577075282, 6.9337518595114185, 33.21471762856924]",4.849999999999954,100.0,0.0,"[57.45111407985169, 119.47535685189351, 119.47535685189352]",30
802,2901890060,settled,Rf4i_0003,unmatched,,"[-0.5153234759328452, -0.7348465806857323, 0.43106836411443006, 0.09285625162953134]","[-0.7071723475469364, -0.7070412074973399, 3.624146899741665e-05, -2.126533446722423e-05]","[448.3015376129613, 26.79058452666106, 6.929146741810138]",4.859999999999958,100.0,0.0,"[57.45111407985169, 116.33937534421631, 116.33937534421632]",21
803,903317644,settled,Rf4i_0008,unmatched,,"[0.3806152325204924, 0.3549790843641196, -0.42221367482912736, -0.7421977547962988]","[2.507435957171955e-05, -9.17929146329044e-05, -0.7072211736508981, -0.7069923638096691]","[447.7621856241652, 26.793237165352263, 3.063974308937234]",4.259999999999757,100.0,0.0,"[57.45111407985169, 114.21184760444113, 114.21184760444112]",30
804,261748224,settled,Rf4i_0015,unmatched,,"[0.6073531994118689, -0.481676980220278, 0.5182685683491363, 0.36125762130559586]","[0.4999841257075248, -0.5000554975771551, 0.4999709442722154, 0.49998942815513137]","[447.6417620048701, 6.93578726106767, 26.78936075354519]",4.599999999999871,100.0,0.0,"[57.45111407985169, 102.71392057724279, 102.7139205772428]",24
805,3757485644,settled,Rf4i_0010,unmatched,,"[-0.46408639041706307, 0.12400900187034086, -0.7767306422281417, 0.40735132147648895]","[8.205442289868636e-05, 0.00012580768554010247, -0.7070859437298701, 0.707127602076978]","[448.20658233757246, 33.21497473044032, 3.06157712049711]",5.1500000000000545,100.0,0.0,"[57.45111407985169, 123.61453089033385, 123.61453089033387]",22
806,2459300321,settled,Rf4i_0015,unmatched,,"[-0.3023952662426782, 0.3237351264050331, -0.8489692368047562, -0.28810398443042556]","[-0.5000813735333959, 0.49998611931989667, -0.5000574429992325, -0.4998750384180545]","[448.1816346142331, 6.945582653436717, 26.790211010234476]",4.379999999999797,100.0,0.0,"[57.45111407985169, 110.56310995789761, 110.56310995789762]",27
807,900242666,settled,Rf4i_0001,unmatched,,"[0.9362436743944617, 0.1817165933924474, -0.08337124411561313, -0.288922303564152]","[0.9999999792462707, 1.2535357283138079e-05, -3.3862276740195306e-06, -0.0002033195921274378]","[447.85273440019387, 40.00007713366333, 6.931651072636106]",4.629999999999881,100.0,0.0,"[57.45111407985169, 115.36325206791818, 115.3632520679182]",18
808,328348858,settled,Rf4i_0003,unmatched,,"[-0.6190823838403996, -0.43170850451213133, 0.6501504533297416, 0.08757372428713266]","[-0.707063390103574, -0.7071501693330629, 1.6310571874122996e-05, -1.10193979276918e-05]","[447.9925808433839, 26.799918929802825, 6.932717872030878]",5.370000000000128,100.0,0.0,"[57.45111407985169, 124.69189392043374, 124.69189392043374]",24
809,1553474154,settled,Rf4i_0006,unmatched,,"[0.10359371276990213, -0.7893752306748082, -0.4829995942980539, -0.36450854555079465]","[0.49990603108277043, -0.49991026871352473, -0.5000406675744339, -0.5001429936463753]","[448.0074623678522, 3.0681188529227463, 33.209323329414545]",5.310000000000108,100.0,0.0,"[57.45111407985169, 124.48313389482037, 124.48313389482038]",44
810,1442494840,settled,Rf4i_0012,unmatched,,"[0.31201293868009317, 0.50003338073906, -0.7536486285584268, -0.29090941702681444]","[5.68660713037069e-05, 0.7070720976078182, -0.7071414589678838, 5.0591527545942454e-05]","[447.66583297880203, 6.945061360209896, 40.00405726284861]",4.889999999999968,100.0,0.0,"[57.45111407985169, 117.01387215282385, 117.01387215282386]",33
811,3990831217,settled,Rf4i_0012,unmatched,,"[0.2733426921134199, -0.7015874727139076, 0.6366695552613991, -0.16646521619350974]","[1.2266480318265509e-05, -0.7071522220536605, 0.7070613327483802, -8.016351061696008e-05]","[447.79602485768095, 6.934190721756821, 40.003616696636456]",4.929999999999981,100.0,0.0,"[57.45111407985169, 116.07977951801949, 116.07977951801949]",34
812,2431699989,unsettled,,not_evaluated,,"[0.17344721513629868, 0.1827432617709468, 0.5962854258550948, -0.7622103743400414]","[0.4999462063674825, 0.49991323705124574, 0.5001329975211151, -0.5000075308935377]","[448.2243011836886, 3.0748793907842424, 26.790135404723582]",4.479999999999831,100.0,0.0,"[57.45111407985169, 111.42394789613549, 111.42394789613549]",27
813,1926362747,settled,Rf4i_0004,unmatched,,"[0.8047503699102742, -0.5172269162450497, -0.11253861894396196, 0.26867865283103326]","[0.7070891506376096, -0.7071244054040762, -8.887622254455385e-05, 2.082145395079782e-05]","[448.03766554112633, 33.219603562994386, 6.931317322831351]",4.919999999999978,100.0,0.0,"[57.45111407985169, 117.38140678816974, 117.38140678816976]",17
814,2263480944,settled,Rf4i_0012,unmatched,,"[-0.026306953825207702, -0.8321721463338888, 0.5135298938644082, -0.2075680879954735]","[0.0001525754060948196, -0.707060428043174, 0.7071530932292772, -0.0001747924892645507]","[448.1514710350835, 6.933654010976544, 40.000066033795456]",4.5899999999998675,100.0,0.0,"[57.45111407985169, 121.51096660447146, 121.51096660447146]",32
815,2732533349,settled,Rf4i_0001,unmatched,,"[0.9574942959753904, 0.11604176436625958, -0.09067729522294143, 0.2480254225445619]","[0.999999997012122, 4.042798721952219e-05, -5.227386806899962e-06, 6.568110952037687e-05]","[448.2024741670052, 39.99548225199999, 6.9345986067695655]",4.909999999999974,100.0,0.0,"[57.45111407985169, 114.89796138634799, 114.89796138634797]",23
816,789762371,settled,Rf4i_0008,unmatched,,"[0.4310996061007461, 0.2904541347288934, -0.6141148610307922, -0.5938454872269402]","[9.812491202812469e-05, 2.3969017002911656e-05, -0.707047564022407, -0.7071659861779046]","[447.675709666442, 26.79289674469185, 3.064744470895534]",4.4699999999998274,100.0,0.0,"[57.45111407985169, 114.99955087158531, 114.99955087158533]",16
817,857415767,settled,Rf4i_0002,unmatched,,"[0.4929514726326843, -0.5214882517666204, 0.27904449074365084, -0.6381089413918899]","[0.7070854281021202, -3.442893742319516e-05, 9.308640638556163e-05, -0.7071281266610816]","[447.6889385121191, 3.0660186469880326, 40.001102461961466]",4.809999999999941,100.0,0.0,"[57.45111407985169, 122.69086416227233, 122.69086416227235]",31
818,1814279234,settled,Rf4i_0005,unmatched,,"[0.06752254297908439, 0.2422686337739487, 0.9010294106317556, -0.3534014946990646]","[0.5000017976871131, 0.499987742762785, 0.5000722617102504, -0.49993818864398154]","[448.25137416419625, 3.070867522813903, 26.788908182057135]",4.539999999999851,100.0,0.0,"[57.45111407985169, 119.57462553321037, 119.57462553321038]",32
819,790041088,settled,Rf4i_0001,unmatched,,"[0.7935730239832247, -0.23344936952655115, -0.5048092129096586, 0.24680134933850478]","[0.9999999993757652, -1.628979455892786e-05, -7.948490924665898e-06, -3.033040962852063e-05]","[447.6332599972834, 40.004784119605795, 6.923397878889737]",5.010000000000008,100.0,0.0,"[57.45111407985169, 125.14093667171674, 125.1409366717168]",22
820,315618556,settled,Rf4i_0013,unmatched,,"[0.012552934920398582, 0.8480138297868738, 0.36518308059114246, -0.3838701420598461]","[0.00016655878885713272, 0.707138211461113, 0.7070753236592463, 9.392507890664746e-05]","[447.8724064485132, 3.0544823322617396, 39.99500803261257]",4.749999999999921,100.0,0.0,"[57.45111407985169, 117.8252482769224, 117.8252482769224]",36
821,3269845912,settled,Rf4i_0020,unmatched,,"[0.7777716428001235, 0.1283811862612407, -0.44555779470696755, 0.4243439574755573]","[0.7070061900340777, 7.185687252583626e-05, -1.419295390799355e-05, 0.7072073542382373]","[447.717287085726, 6.938618918772857, 40.00181492999367]",5.070000000000028,100.0,0.0,"[57.45111407985169, 122.85890584050304, 122.85890584050306]",34
822,3522819498,settled,Rf4i_0008,unmatched,,"[0.13041023961018636, -0.7145137268385542, -0.15145017210366415, -0.6704671124923759]","[1.5533679682266932e-05, 2.4692223561356696e-05, -0.7071084619283025, -0.7071050998390475]","[448.0629720598977, 26.79643884362913, 3.0707103152271213]",4.949999999999988,100.0,0.0,"[57.45111407985169, 111.1638647478438, 111.16386474784382]",14
823,3738436170,settled,Rf4i_0011,unmatched,,"[0.2742912649506295, -0.2822096081700994, -0.8912861599283453, 0.22523547710883984]","[4.3616125925759285e-05, 5.666820103084058e-05, -0.9999999950691741, -6.890573402817024e-05]","[447.549397050101, 40.010196136327615, 3.0684541140345334]",4.5299999999998475,100.0,0.0,"[57.45111407985169, 121.92189583140356, 121.92189583140356]",18
824,410172629,settled,Rf4i_0008,unmatched,,"[0.3546157266565474, 0.013883879429048904, -0.6309730588490037, -0.6898752954748997]","[0.0001322831412217118, 0.0001779579491231198, -0.7071103186296979, -0.7071032089585976]","[447.71599294135547, 26.78817918445987, 3.066690137992]",4.579999999999864,100.0,0.0,"[57.45111407985169, 109.5048955672862, 109.50489556728621]",25
825,3404775389,settled,Rf4i_0005,unmatched,,"[0.6021409344898768, -0.06674626191403271, 0.5214703782369879, -0.6008659385865817]","[0.4999536132556011, 0.4999819088950586, 0.5001221170868447, -0.49994234004622434]","[447.6979127191399, 3.0673028035876904, 26.79040840189082]",5.070000000000028,100.0,0.0,"[57.45111407985169, 119.92948684366277, 119.92948684366277]",33
826,869269750,settled,Rf4i_0014,unmatched,,"[-0.15468769276196398, -0.9115211001983778, -0.20989464635174815, -0.31803339295425204]","[-1.487912746226341e-06, -0.9999999949676436, -9.718616464082787e-05, -2.4846498532642592e-05]","[447.6101990634298, 39.99795426558478, 6.932146222274032]",4.749999999999921,100.0,0.0,"[57.45111407985169, 119.27461698389641, 119.27461698389642]",21
827,2991429464,settled,Rf4i_0005,unmatched,,"[-0.5489088942851251, -0.4032734075502577, 0.03768896459558421, 0.7311970503805372]","[-0.5000301650288207, -0.4998993356711602, -0.49994448637869093, 0.5001259829246326]","[448.2411221350319, 3.079118106186524, 26.785973055446167]",4.659999999999891,100.0,0.0,"[57.45111407985169, 120.94620648888728, 120.9462064888873]",30
828,2771908924,unsettled,,not_evaluated,,"[-0.7389579476458161, 0.3421219953129573, 0.5776396756246475, -0.05679874187353187]","[-0.39828586888711737, 0.39826775659291813, 0.5844139424323684, 0.5841331223222447]","[447.89361035846343, 12.645015523857213, 32.03887274907545]",4.259999999999757,100.0,0.0,"[57.45111407985169, 123.01655115254617, 123.01655115254619]",24
829,255470810,settled,Rf4i_0001,unmatched,,"[-0.9154696723146558, -0.164181234465625, 0.007536104595736204, 0.36729144891892374]","[-0.9999999840369852, 0.00014333654621239304, -0.00010096886423620457, -3.4437658229025114e-05]","[447.6974756543775, 39.99994556524651, 6.936615019324767]",4.4699999999998274,100.0,0.0,"[57.45111407985169, 110.01867744159726, 110.01867744159728]",20
830,2021639551,settled,Rf4i_0009,unmatched,,"[-0.34543261414584014, 0.05210044336923012, 0.3432315446139134, -0.8718680861615752]","[-0.0002282644127574729, -2.8066139019920205e-05, 8.907828043173843e-06, -0.9999999735141498]","[448.3795742177054, 40.00528741257389, 3.0592623740034917]",5.050000000000021,100.0,0.0,"[57.45111407985169, 118.74075326445919, 118.7407532644592]",20
831,651020664,settled,Rf4i_0003,unmatched,,"[0.0756818332635065, -0.774085924955174, 0.18955994400860776, -0.5992747854929498]","[-0.7071705919008291, -0.7070429503245312, -0.00013530912435885667, 4.514924639248408e-05]","[447.63049587853254, 26.804236562921197, 6.935905688092378]",4.799999999999938,100.0,0.0,"[57.45111407985169, 122.22053237812011, 122.22053237812011]",28
832,2521713783,settled,Rf4i_0011,unmatched,,"[-0.5065582247263176, -0.04434755212228694, -0.8534016420621019, -0.11461979283086583]","[-6.498918056046679e-05, -7.221669849521994e-05, -0.9999999915062241, -8.68832923857819e-05]","[447.82768184598825, 39.995743578935695, 3.0698540519982083]",4.919999999999978,100.0,0.0,"[57.45111407985169, 118.2266331973425, 118.2266331973425]",23
833,1390613592,settled,Rf4i_0016,unmatched,,"[-0.31808432194865294, -0.360744281429727, 0.8330604728818863, -0.27330601176707336]","[-0.4999919069703728, -0.4998893717245807, 0.5000756421397106, -0.5000430592853882]","[447.9644891539711, 6.9371438241609145, 33.21634272990595]",4.979999999999998,100.0,0.0,"[57.45111407985169, 115.59722586973527, 115.59722586973525]",21
834,2201560545,settled,Rf4i_0003,unmatched,,"[-0.49268336303607696, -0.8575563518653537, -0.1364275913741798, 0.05698876621481443]","[-0.707126814540194, -0.7070867166694353, 0.00020759434652378728, 1.3132517296565727e-05]","[448.328863285451, 26.795930997841673, 6.926772081023019]",4.719999999999911,100.0,0.0,"[57.45111407985169, 114.91208705562272, 114.91208705562273]",33
835,1733610838,settled,Rf4i_0001,unmatched,,"[0.933328729096697, 0.24078483671468087, 0.094274575342167, 0.2490631451963197]","[0.9999999899059588, -0.00013001401774347657, -1.7172166417661123e-05, 5.4676814621845704e-05]","[448.11816649763375, 40.006030083719295, 6.931901039814163]",4.829999999999948,100.0,0.0,"[57.45111407985169, 119.31569941673301, 119.31569941673303]",26
836,4057973372,settled,Rf4i_0003,unmatched,,"[-0.9362565697560981, -0.3191572023110337, -0.1386331679133244, 0.048406203691826986]","[-0.7071047608449968, -0.7071087971407689, 5.160388720693021e-05, -5.944336631077962e-05]","[447.8884535586816, 26.790311910593694, 6.935419854783333]",4.799999999999938,100.0,0.0,"[57.45111407985169, 120.57333815906502, 120.57333815906503]",21
837,1049088550,settled,Rf4i_0014,unmatched,,"[-0.2985014385404711, 0.8416771729573497, 0.24460506638696494, -0.3776834510666589]","[-6.322047438760259e-06, 0.9999999696692531, 0.0002319295013441525, 8.26452126120658e-05]","[447.9045007253433, 39.99932812391807, 6.927537252079813]",4.919999999999978,100.0,0.0,"[57.45111407985169, 124.19282243441631, 124.1928224344163]",17
838,4151715388,settled,Rf4i_0011,unmatched,,"[-0.05848826288872228, 0.33353550026198525, -0.9360448600269542, 0.09567242646847915]","[-1.9645862379552662e-05, -1.3523272580251433e-05, -0.9999999990020141, 3.7777416343525696e-05]","[447.8020194340368, 40.0074103113131, 3.0684778310831398]",4.709999999999908,100.0,0.0,"[57.45111407985169, 114.57370268072954, 114.57370268072955]",25
839,1058135528,settled,Rf4i_0008,unmatched,,"[-0.3686608373472068, 0.16863467661175469, 0.398686593963824, 0.8226180964724944]","[4.292222723908945e-05, -0.00010984962334487092, 0.7070899516161386, 0.707123600521316]","[447.9469107067363, 26.795389776021974, 3.0639075135811544]",4.689999999999901,100.0,0.0,"[57.45111407985169, 112.63111672539118, 112.6311167253912]",21
840,3093900153,settled,Rf4i_0009,unmatched,,"[0.3030056044096427, 0.42204349005597586, 0.2242803135340926, 0.8244787669544726]","[0.00015357927970133245, -6.482725784817664e-05, 4.1746626142391926e-05, 0.9999999852340253]","[448.08896386650395, 40.011906083845666, 3.071932182502023]",5.000000000000004,100.0,0.0,"[57.45111407985169, 120.28034383318486, 120.28034383318486]",18
841,728316358,settled,Rf4i_0003,unmatched,,"[0.3840331144981177, 0.9003152367821304, -0.19825093141067207, 0.05145492767085645]","[0.7071832641962548, 0.7070302850844531, 7.356666544092172e-05, 3.744426288174174e-05]","[448.0704612354307, 26.790798782442124, 6.932754661893938]",4.5899999999998675,100.0,0.0,"[57.45111407985169, 118.49327406984139, 118.4932740698414]",25
842,4246793081,settled,Rf4i_0015,unmatched,,"[-0.5487920213062103, 0.4448274047159202, -0.09678850678790442, -0.7011332842749022]","[-0.5001501627320535, 0.49987649650536065, -0.4998750830239291, -0.5000981946902494]","[447.6750998530173, 6.936098033946735, 26.787552436302235]",5.000000000000004,100.0,0.0,"[57.45111407985169, 119.60916161958313, 119.60916161958315]",41
843,1208846367,settled,Rf4i_0003,unmatched,,"[-0.4269867495516249, -0.6814935301266007, -0.04209566062964502, -0.5928548215702353]","[-0.7071083551021726, -0.7071051907228724, -0.00013589676828967837, -7.02106721593987e-05]","[448.3491488128458, 26.788392316348663, 6.929432050130102]",4.459999999999824,100.0,0.0,"[57.45111407985169, 122.93499211713917, 122.93499211713919]",27
844,2094361518,settled,Rf4i_0016,unmatched,,"[0.454999045629448, 0.15518384815777372, -0.8447071013896332, 0.23529503736619822]","[0.500061307762154, 0.4999237868349288, -0.49993776785606225, 0.5000771181597166]","[448.1357824958045, 6.9431001254300595, 33.22167008709396]",5.0600000000000245,100.0,0.0,"[57.45111407985169, 118.16858615466394, 118.16858615466396]",30
845,1813902428,settled,Rf4i_0010,unmatched,,"[-0.37122801695149316, 0.3149778818305276, -0.536490794779554, 0.6893158350891256]","[-0.00011715295859821007, -6.191059367033347e-05, -0.707150739912264, 0.7070628073119108]","[447.6911196470393, 33.220291476707814, 3.0629392418873476]",5.000000000000004,100.0,0.0,"[57.45111407985169, 111.52520008207841, 111.52520008207843]",23
846,256306198,settled,Rf4i_0006,unmatched,,"[0.6027470823016317, -0.5832330633428373, 0.031765834920367934, -0.5436231050391547]","[0.5001007112009471, -0.4998595966963262, -0.5001240126070863, -0.49991562714190085]","[447.7789512904408, 3.090394829269448, 33.21512746813826]",4.659999999999891,100.0,0.0,"[57.45111407985169, 123.01569847557141, 123.01569847557143]",20
847,1252793217,settled,Rf4i_0008,unmatched,,"[-0.3428014306370549, -0.38046800862750096, -0.40789653833367195, -0.7558780904217424]","[-0.0001879356825466305, 3.016713001624538e-06, -0.7070547424625897, -0.707158791101574]","[447.62458026981295, 26.802730728171742, 3.0678342771971976]",5.0900000000000345,100.0,0.0,"[57.45111407985169, 117.12920300940927, 117.12920300940928]",18
848,3006607485,settled,Rf4i_0013,unmatched,,"[-0.44749560199152477, -0.48362124840305704, -0.7378950366888786, -0.14618169899556457]","[-0.0001289091283656938, -0.7070562593393614, -0.7071572792912918, -0.00010888895488847866]","[447.74169931668337, 3.0576701857739015, 40.00426913172789]",5.0600000000000245,100.0,0.0,"[57.45111407985169, 120.80016476296898, 120.80016476296898]",27
849,2867213443,settled,Rf4i_0011,unmatched,,"[0.5874113053436852, 0.05635745471717812, -0.8002026813813683, 0.10699282388224654]","[0.00013394954530410587, 3.643115787932416e-06, -0.9999999910210019, 1.4977432536274568e-06]","[447.7838053245042, 40.00325733131941, 3.062040350888161]",4.4699999999998274,100.0,0.0,"[57.45111407985169, 116.52529553223613, 116.52529553223614]",16
850,2495832973,settled,Rf4i_0002,unmatched,,"[0.3262025162052073, -0.6578051041473078, 0.17771235512448658, -0.6552119368687124]","[0.7070322006021812, -5.570468510165382e-06, 3.6814134069143134e-05, -0.7071813529253488]","[448.04764298923465, 3.0834029678963524, 39.999225133083605]",5.1500000000000545,100.0,0.0,"[57.45111407985169, 124.48214583055758, 124.48214583055757]",26
851,265160720,settled,Rf4i_0004,unmatched,,"[0.8435873026476047, -0.3709199350210046, -0.02365782574005351, -0.3875811810408313]","[0.7071911396619324, -0.7070223518991055, -0.0002762276344818737, 9.796432448985759e-05]","[447.5653885174101, 33.20451060692829, 6.9330871039558986]",4.329999999999781,100.0,0.0,"[57.45111407985169, 113.88167311240427, 113.88167311240429]",13
852,1758450250,settled,Rf4i_0001,unmatched,,"[0.9413323467127771, 0.30018672090032433, -0.15370639037251485, 0.01247762741785174]","[0.9999999919412687, -7.722840066058656e-05, 7.299274260435498e-05, -6.94643534616124e-05]","[447.6992065175296, 39.99992604952563, 6.925774229260991]",4.789999999999934,100.0,0.0,"[57.45111407985169, 121.32794008187234, 121.32794008187234]",13
853,2129291007,unsettled,,not_evaluated,,"[-0.03753887711357162, 0.6384621255893187, 0.6921458417195642, 0.33450124167682416]","[-0.34043711240079777, 0.3403382836881295, 0.6198050924969696, 0.6197693703880888]","[448.1707364864263, 16.968668840972335, 29.665112031633175]",4.639999999999884,100.0,0.0,"[57.45111407985169, 123.52909315495852, 123.52909315495853]",30
854,3856770388,settled,Rf4i_0013,unmatched,,"[-0.25213650424446543, -0.701757853708884, -0.6657290505739787, -0.0277115356331983]","[6.229351013526055e-05, -0.7071040751963504, -0.7071094841925725, -1.8031826550700365e-05]","[447.69213794223754, 3.0689005147178787, 39.99838720074389]",4.779999999999931,100.0,0.0,"[57.45111407985169, 119.37186912293492, 119.37186912293492]",33
855,1491966553,settled,Rf4i_0005,unmatched,,"[-0.6096693218837025, -0.4457254391332099, -0.5365245649855478, 0.37652827520711146]","[-0.5000901146786036, -0.4999143724368638, -0.5000468566970719, 0.4999486359009051]","[447.9787483079309, 3.0711956489536205, 26.78989471315495]",4.709999999999908,100.0,0.0,"[57.45111407985169, 100.96885440858894, 100.96885440858895]",26
856,1018470395,settled,Rf4i_0008,unmatched,,"[0.4554128693224524, 0.3307092876332764, 0.45886088160517285, 0.6875152193668916]","[-0.00010273944786373668, -2.3149578271486337e-05, 0.7071164694220123, 0.7070970849755013]","[448.18165525236736, 26.777566042206427, 3.06876700949954]",5.1800000000000646,100.0,0.0,"[57.45111407985169, 112.24537128860729, 112.2453712886073]",26
857,752446852,settled,Rf4i_0003,unmatched,,"[-0.7753197505773834, -0.339162850235583, 0.5320819122821735, -0.02714192341829914]","[-0.7070966368467513, -0.7071169226025363, -3.5339659618105483e-06, 6.258309228460158e-05]","[447.9084346679347, 26.781168807061068, 6.933908437898086]",5.010000000000008,100.0,0.0,"[57.45111407985169, 119.5570420393826, 119.55704203938261]",22
858,3085755170,settled,Rf4i_0008,unmatched,,"[0.2870725734139959, 0.25024436237980596, -0.6767794375637842, -0.6300291180425219]","[3.3571322205244725e-05, 0.00010942311082035028, -0.707087468327853, -0.7071260842546092]","[447.66822873279654, 26.789384956803655, 3.07108519255808]",4.449999999999821,100.0,0.0,"[57.45111407985169, 105.33976312249676, 105.33976312249678]",25
859,285489008,unsettled,,not_evaluated,,"[0.3494928370664176, -0.07694225131568626, 0.0618235084376707, -0.931725550044753]","[0.42537475941665365, 0.00016452968581093239, -3.34170650810024e-05, -0.9050172848429506]","[447.99104334600713, 27.884421695725194, 32.74916234998946]",4.0899999999997005,100.0,0.0,"[57.45111407985169, 110.2149536072544, 110.21495360725442]",24
860,3332121111,settled,Rf4i_0016,unmatched,,"[0.3402458092039916, 0.33697252244392834, -0.8027813352863759, 0.3552807849472308]","[0.49998594741912383, 0.50002585415906, -0.4999587406428222, 0.5000294543431887]","[448.07847714025417, 6.94854779371005, 33.2150648568945]",5.0300000000000145,100.0,0.0,"[57.45111407985169, 112.43838972840578, 112.4383897284058]",42
861,4081109628,settled,Rf4i_0008,unmatched,,"[-0.12945047511210567, 0.16348273552005468, 0.7041245185904645, 0.6787669938939845]","[1.870748168336656e-05, 5.875823453238561e-05, 0.7072330767834959, 0.7069804603387918]","[447.95147612866356, 26.792540738055273, 3.0678557109997016]",4.779999999999931,100.0,0.0,"[57.45111407985169, 99.43185052640845, 99.43185052640845]",24
862,3384837160,settled,Rf4i_0002,unmatched,,"[0.2687275791925676, -0.16483984670014942, -0.14897767382090257, -0.9372400790747728]","[0.7071518512588494, -7.663252451912921e-06, 7.069517186918543e-05, -0.7070617046656178]","[447.5528714435284, 3.0734100633872488, 40.000124514091354]",4.939999999999984,100.0,0.0,"[57.45111407985169, 111.96168322089281, 111.96168322089282]",26
863,3022828123,settled,Rf4i_0003,unmatched,,"[0.3539696974690416, 0.8967636949489357, -0.13840987716161407, -0.22663414261605436]","[0.7070960101756297, 0.7071175516147304, 1.94472435492421e-05, 1.4625311925836604e-05]","[448.1608843481706, 26.8070320344197, 6.932389320515398]",4.909999999999974,100.0,0.0,"[57.45111407985169, 120.44979946736643, 120.44979946736645]",19
864,2197473996,settled,Rf4i_0008,unmatched,,"[-0.29618725117093264, 0.23096601621633117, 0.8837445268345094, 0.27914767218627]","[6.731263587614333e-05, 4.487242355458165e-05, 0.7071320870525878, 0.7070814697869873]","[448.33224046806265, 26.783799144450914, 3.067890383362325]",4.849999999999954,100.0,0.0,"[57.45111407985169, 113.520883424011, 113.52088342401102]",27
865,2371567213,settled,Rf4i_0001,unmatched,,"[-0.8719734789042677, -0.21012196795995688, 0.2727863314750347, -0.3479922815647152]","[-0.9999999889203239, 3.2560645590226345e-05, 1.0995091495664332e-05, -0.00014483875290971504]","[448.2392908239129, 40.004957800024215, 6.9295745407961515]",5.070000000000028,100.0,0.0,"[57.45111407985169, 117.27864917682167, 117.27864917682167]",28
866,292549026,settled,Rf4i_0005,unmatched,,"[-0.41240616483951276, -0.35153133331546, -0.1763722075237171, 0.8217297130523091]","[-0.4999919278081305, -0.500002267988259, -0.5000645167348234, 0.49994127978801084]","[448.3147141405309, 3.076069999895903, 26.790475704671618]",4.779999999999931,100.0,0.0,"[57.45111407985169, 115.50062615305661, 115.50062615305661]",33
867,94154559,settled,Rf4i_0008,unmatched,,"[-0.23853106088105577, -0.31041063527998763, -0.7544951487540574, -0.5267686788397972]","[-3.3184216882281577e-05, -2.4648048517095237e-05, -0.7071984523982956, -0.7070150968803547]","[448.262204307646, 26.795626849586828, 3.059675225229937]",4.959999999999991,100.0,0.0,"[57.45111407985169, 108.72953035102734, 108.72953035102732]",19
868,2674077932,settled,Rf4i_0009,unmatched,,"[0.24002683723339482, 0.1464301042618074, 0.022173247800655688, 0.9594027772815652]","[6.171677176025625e-05, -4.3344288005415825e-05, 0.00012520066494072936, 0.9999999893185532]","[447.8636026653031, 40.00723223968249, 3.074157479860319]",4.779999999999931,100.0,0.0,"[57.45111407985169, 114.23242978865484, 114.23242978865483]",24
869,616383569,settled,Rf4i_0003,unmatched,,"[-0.8750405999561124, -0.41172617187828964, 0.07875326495354029, -0.2420401435259313]","[-0.7071436961020057, -0.707069862491909, 3.380032805422317e-05, 3.842401706899423e-05]","[448.3683943964614, 26.79784832460116, 6.937657756282616]",4.849999999999954,100.0,0.0,"[57.45111407985169, 116.12875594989562, 116.12875594989563]",21
870,1209062005,settled,Rf4i_0015,unmatched,,"[0.701149044596514, -0.4604335593045607, 0.20497041658198253, 0.5043590814625407]","[0.4998936643712636, -0.5000713403402014, 0.4999780782827259, 0.5000568968912811]","[447.6799421709375, 6.935437818114692, 26.79308733568995]",4.869999999999961,100.0,0.0,"[57.45111407985169, 116.4146490878753, 116.41464908787532]",20
871,3023774950,settled,Rf4i_0008,unmatched,,"[0.35215076468575207, 0.07578336168804366, -0.4051888740909775, -0.8402789401950909]","[-0.00011438042059519482, -3.3371674787924244e-05, -0.7070406250009242, -0.7071729211457076]","[447.7147003743193, 26.787476714585086, 3.069989270360387]",4.359999999999791,100.0,0.0,"[57.45111407985169, 110.95363181313226, 110.95363181313228]",18
872,711993328,settled,Rf4i_0012,unmatched,,"[0.14145945968594764, -0.730383443588849, 0.6302754560840633, 0.22199571179344949]","[-7.805463181746564e-05, -0.7071027087841835, 0.7071108492187919, 7.390796648266508e-06]","[448.3304745695069, 6.927444939588048, 39.998518151667255]",4.990000000000001,100.0,0.0,"[57.45111407985169, 121.23049107923362, 121.23049107923362]",27
873,2494180298,settled,Rf4i_0015,unmatched,,"[0.5054583382569515, -0.6799397746818389, 0.34407924974820103, -0.4047261308401603]","[0.49991409112356744, -0.5000331955121724, 0.49994749758075385, 0.5001051934790572]","[447.91534829475376, 6.932878562584418, 26.7890288015462]",4.569999999999861,100.0,0.0,"[57.45111407985169, 117.53914656188715, 117.53914656188715]",43
874,2540672877,settled,Rf4i_0011,unmatched,,"[0.776589373390443, -0.15424382296249706, 0.6104496590694767, -0.02165645300857539]","[-2.0924757011364135e-05, -7.331449511926991e-07, 0.9999999996039126, -1.880935232561778e-05]","[448.22962016959764, 40.00842830038882, 3.0715982638804262]",5.0900000000000345,100.0,0.0,"[57.45111407985169, 120.67685519335787, 120.67685519335785]",14
875,3729267110,settled,Rf4i_0002,unmatched,,"[-0.3886037083533229, -0.7035834699448852, 0.5934766828956262, 0.041747880587701035]","[-0.7070408965563453, 6.520847106076101e-05, -0.00010997842283377396, 0.7071726481202462]","[447.8104689154779, 3.0704014811472926, 39.998495129689154]",4.579999999999864,100.0,0.0,"[57.45111407985169, 122.80629878383084, 122.80629878383085]",19
876,2245489004,settled,Rf4i_0020,unmatched,,"[-0.7698115704787045, -0.1622092770394392, 0.35841225589542, -0.5026121280106651]","[-0.7072151774335127, -4.58677205274143e-05, -2.3790340116326485e-05, -0.7069983664322409]","[447.80485961323404, 6.942908879975562, 40.0010513467771]",5.0900000000000345,100.0,0.0,"[57.45111407985169, 124.40447282117755, 124.40447282117755]",25
877,732591320,settled,Rf4i_0006,unmatched,,"[0.5805538513683136, -0.32809511427750826, -0.26803236022996346, -0.6953196930320625]","[0.5001350067835215, -0.49983920325288983, -0.5001031227846076, -0.49992260647248893]","[447.7827103928347, 3.079794717034968, 33.21444048307725]",4.719999999999911,100.0,0.0,"[57.45111407985169, 123.79839852923443, 123.79839852923443]",28
878,20080919,unsettled,,not_evaluated,,"[0.34744503420333317, 0.4507829125682593, 0.8124848224943764, -0.12627401617198783]","[2.6716323462575958e-05, 0.42200288398376185, 0.9065944875853207, 1.659926740328919e-05]","[447.67037868239237, 28.100278505150374, 32.58092764465748]",4.459999999999824,100.0,0.0,"[57.45111407985169, 117.75519553705894, 117.75519553705895]",22
879,1914700835,settled,Rf4i_0001,unmatched,,"[0.8827138027193332, -0.15349909388919725, -0.3389577734260767, 0.2869878020021166]","[0.9999999924739962, -9.86781781397411e-05, 5.1734247177797385e-05, -5.136333846211816e-05]","[448.3586813616946, 40.00201446351546, 6.929088949095375]",4.929999999999981,100.0,0.0,"[57.45111407985169, 122.48930687307819, 122.4893068730782]",24
880,910532442,settled,Rf4i_0004,unmatched,,"[-0.7578845855451424, 0.5991817817734482, 0.25731973936574776, 0.019460193128720063]","[-0.7071016123437149, 0.7071119498405122, -2.0178329118714084e-07, -1.4615989402277926e-05]","[447.6884191874976, 33.223752705494604, 6.923795617973258]",4.719999999999911,100.0,0.0,"[57.45111407985169, 114.82731063125816, 114.82731063125817]",16
881,305688743,settled,Rf4i_0004,unmatched,,"[0.5088588775201294, -0.8379428703504597, 0.13612036932205998, 0.142778268141243]","[0.7071126716717318, -0.7071008904748424, -1.5839377640880503e-05, 2.546726421970291e-07]","[447.86417579751856, 33.21078550483941, 6.935143456133811]",4.649999999999888,100.0,0.0,"[57.45111407985169, 120.13416266886371, 120.13416266886372]",17
882,3833901011,settled,Rf4i_0006,unmatched,,"[0.6658115689949964, -0.5720634512106734, -0.07775283095098386, -0.4726445383800201]","[0.5000647066802633, -0.49987694903586233, -0.4999852654093385, -0.5000730539920478]","[448.32329341410946, 3.06951978010986, 33.210301793267135]",4.709999999999908,100.0,0.0,"[57.45111407985169, 119.47743743077093, 119.47743743077093]",21
883,940842501,settled,Rf4i_0009,unmatched,,"[-0.15476270569017284, 0.261752323020326, -0.1287733230575111, 0.9439023559614871]","[4.725122812315741e-05, 4.855095181332571e-05, -1.548046991136984e-05, 0.9999999975852408]","[448.22623554701033, 39.99748725445719, 3.0702051199069555]",4.919999999999978,100.0,0.0,"[57.45111407985169, 120.92236801883007, 120.92236801883007]",20
884,2720272236,settled,Rf4i_0004,unmatched,,"[-0.9339430194929941, 0.33644656385373783, -0.05642516677177487, -0.10663182717228038]","[-0.7071133376144338, 0.7071002166622591, -7.394817760583705e-05, 7.678299909782971e-05]","[447.68012873610394, 33.20822612915097, 6.920981267630157]",4.939999999999984,100.0,0.0,"[57.45111407985169, 124.86167820018436, 124.86167820018436]",8
885,2174765832,settled,Rf4i_0004,unmatched,,"[0.7584658715267024, -0.4700288327205854, 0.10017222663587377, -0.44019080311993675]","[0.7071430655612649, -0.7070704898889235, 8.145199084222399e-05, 2.285667509863143e-05]","[447.7310006437936, 33.21145224580844, 6.931797349640178]",4.459999999999824,100.0,0.0,"[57.45111407985169, 115.98987922368752, 115.98987922368752]",24
886,1061608303,settled,Rf4i_0013,unmatched,,"[-0.4689307766989574, 0.36625135030648165, 0.7222223966399722, -0.35264526773346316]","[-6.595088683777013e-05, 0.7070660873055771, 0.7071474696436602, -3.071047558084659e-06]","[447.9536510866706, 3.06929580868702, 39.99756886157004]",4.779999999999931,100.0,0.0,"[57.45111407985169, 121.91402993707995, 121.91402993707993]",24
887,3154141855,settled,Rf4i_0008,unmatched,,"[0.27090988559165213, 0.4422585803127909, -0.7396988208773515, -0.4287899677243961]","[-0.000140531207652117, -0.00010408938852962676, -0.7070910351795309, -0.7071225052175318]","[447.98740255541463, 26.786438507941323, 3.063657900163219]",4.259999999999757,100.0,0.0,"[57.45111407985169, 110.30698075781227, 110.30698075781228]",20
888,2921790412,settled,Rf4i_0008,unmatched,,"[0.3416504075113855, 0.18124356735981575, -0.5118659550465788, -0.7670847491654661]","[-4.8738351242777485e-05, 0.00011930967643347669, -0.707185652946956, -0.7070278888811685]","[447.9743488881339, 26.791075383593828, 3.061045214083921]",4.549999999999854,100.0,0.0,"[57.45111407985169, 107.8044949839144, 107.8044949839144]",22
889,2154312058,settled,Rf4i_0006,unmatched,,"[0.7256893593025631, -0.20402254438647918, -0.37672815407176513, -0.5383545793496913]","[0.5000655294791421, -0.49995467851081754, -0.5000131124195161, -0.49996667195968075]","[448.3736693617085, 3.073481459087332, 33.214328005701915]",4.329999999999781,100.0,0.0,"[57.45111407985169, 124.2179032941955, 124.21790329419551]",30
890,3592569166,settled,Rf4i_0013,unmatched,,"[0.10273452874389172, -0.7756451790115862, -0.5748782509724327, -0.2394476340219959]","[-7.902631633787422e-05, -0.707028399283602, -0.7071851485747507, 4.468351758054307e-05]","[448.36275521625004, 3.0749823726317174, 39.99846186900281]",4.729999999999914,100.0,0.0,"[57.45111407985169, 124.22994308884876, 124.22994308884877]",32
891,1454938154,settled,Rf4i_0009,unmatched,,"[-0.16718081934912513, 0.4446266140871033, -0.15011444180695008, 0.8670775063673264]","[1.0434360921851571e-05, 0.00019698854906220406, 3.56157037551582e-05, 0.9999999799090784]","[448.08086249924855, 40.00024333618593, 3.062802756770844]",4.779999999999931,100.0,0.0,"[57.45111407985169, 122.735497325793, 122.73549732579299]",21
892,1296548187,settled,Rf4i_0006,unmatched,,"[0.31314276895349097, -0.5781882807260639, -0.5626663257674945, -0.5010454312040842]","[0.5001443289564163, -0.5000457412932844, -0.49988482109956084, -0.4999250668464683]","[447.7271891419993, 3.0700070246378677, 33.21468827058715]",4.990000000000001,100.0,0.0,"[57.45111407985169, 117.54706580240068, 117.5470658024007]",26
893,4254865545,settled,Rf4i_0003,unmatched,,"[-0.5867148895206743, -0.6821284832765666, 0.3941724191729146, 0.18733519338588187]","[-0.7071214601435168, -0.7070920975088321, -5.668130860048138e-05, -5.5066237476558706e-05]","[447.77144965614895, 26.782389689060413, 6.927704069538113]",4.829999999999948,100.0,0.0,"[57.45111407985169, 114.17852459306003, 114.17852459306005]",20
894,1038362872,settled,Rf4i_0005,unmatched,,"[0.4220587536149921, 0.2365411686124719, 0.34472372914068605, -0.8044129751662044]","[0.49997505177714685, 0.49988461617402563, 0.5001055243883604, -0.5000347813794853]","[447.99012697038233, 3.0604861576523645, 26.788559603044778]",4.789999999999934,100.0,0.0,"[57.45111407985169, 112.96890753277745, 112.96890753277746]",32
895,2137408216,settled,Rf4i_0014,unmatched,,"[-0.15315413144856377, 0.9076297849365145, -0.3780756789344609, -0.09904931354925715]","[0.00010603860994298566, 0.9999999652585447, 0.00016454220970552047, -0.00017653493674361426]","[448.3632624649468, 40.0012990737228, 6.9273931970210425]",4.719999999999911,100.0,0.0,"[57.45111407985169, 111.68181321775891, 111.68181321775893]",20
896,2161823873,settled,Rf4i_0006,unmatched,,"[-0.5223970600271564, 0.3040328086274699, 0.5806908141981769, 0.5454021830346245]","[-0.5000162716833099, 0.5000156574048864, 0.4999542991299355, 0.5000137689937915]","[447.98593374328084, 3.0708518905472397, 33.21876406946717]",4.459999999999824,100.0,0.0,"[57.45111407985169, 113.3712578614874, 113.37125786148741]",26
897,611351195,settled,Rf4i_0014,unmatched,,"[-0.04573037853383769, 0.8616864055672583, 0.18915695116025852, -0.46864156747719876]","[-0.00016226757886919082, 0.999999978620891, 0.00011897389666204461, -4.767245043093955e-05]","[448.30739499566, 40.005234765546795, 6.9355707724251054]",4.849999999999954,100.0,0.0,"[57.45111407985169, 119.05558220517145, 119.05558220517143]",22
898,2763017489,settled,Rf4i_0015,unmatched,,"[-0.42473500215462706, 0.8115024029006092, -0.06368051566992698, -0.39624338474636855]","[-0.49991486416033554, 0.5001244233239548, -0.49992594830622317, -0.500034734790053]","[447.64187058425813, 6.9337077140710806, 26.78974927392676]",5.040000000000018,100.0,0.0,"[57.45111407985169, 122.22267011070369, 122.2226701107037]",23
899,2132063619,settled,Rf4i_0003,unmatched,,"[0.5955343919741106, 0.7230138530547521, -0.2696667085859822, 0.2233150746083904]","[0.7071521612848792, 0.7070613936900475, -7.786350970395706e-05, -1.6747710376741054e-05]","[448.3184371404513, 26.79809082494573, 6.934411070367819]",4.839999999999951,100.0,0.0,"[57.45111407985169, 104.29379255131423, 104.29379255131424]",24
900,1360639973,settled,Rf4i_0008,unmatched,,"[-0.1489656769715508, -0.1288165080424097, 0.7582996753381918, 0.621447613819669]","[-7.626610105040954e-05, -0.00011871006338703971, 0.7071669717178459, 0.7070465714525559]","[447.5902651447117, 26.7946764953808, 3.068853635082589]",4.639999999999884,100.0,0.0,"[57.45111407985169, 106.83310102430893, 106.83310102430893]",14
901,1669509337,settled,Rf4i_0009,unmatched,,"[-0.015275918508966315, 0.1874018656583203, -0.11433169238248563, 0.9754872890911727]","[4.262009554312219e-05, 0.00011785814718355786, -0.0003148690228050309, 0.9999999425752399]","[448.4088038726626, 40.036120250669306, 3.066623349015342]",4.729999999999914,100.0,0.0,"[57.45111407985169, 119.33520995655064, 119.33520995655066]",15
902,582273668,settled,Rf4i_0012,unmatched,,"[-0.006376614660577938, 0.509344379935385, -0.8209002523185972, -0.258167420789247]","[-1.6938288782698376e-05, 0.7071257879680984, -0.7070877732126067, 2.6015914061859312e-05]","[447.6623886781135, 6.929703058949271, 39.9978659220559]",4.969999999999994,100.0,0.0,"[57.45111407985169, 114.83009314709673, 114.83009314709675]",36
903,680248275,settled,Rf4i_0014,unmatched,,"[0.06401976516295559, -0.8705445669058692, -0.015573167883228054, -0.4876587978712505]","[-4.297989813297327e-05, -0.9999999976048533, 2.529584947241758e-05, 4.799105941641349e-05]","[447.67397561836793, 40.003376302025245, 6.927597565018307]",4.4999999999998375,100.0,0.0,"[57.45111407985169, 115.83573663376004, 115.83573663376002]",24
904,2896868767,settled,Rf4i_0009,unmatched,,"[-0.08519660861891312, 0.3927029312463917, 0.12431391456233111, 0.9072331543305265]","[-4.893445998283008e-05, 8.189745572238106e-05, -7.548037669385599e-05, 0.9999999926004691]","[448.2865969189032, 40.022820101935494, 3.0681356958176984]",5.000000000000004,100.0,0.0,"[57.45111407985169, 115.91744149188929, 115.91744149188929]",18
905,3134066944,settled,Rf4i_0002,unmatched,,"[0.37534820722239215, 0.6025807220421286, -0.4933938528436443, -0.5025661177737984]","[0.7070956981312513, -2.9250343739508455e-05, -3.260250071062532e-06, -0.7071178634556381]","[447.68496389587034, 3.082249437928855, 39.998821930483345]",4.6199999999998775,100.0,0.0,"[57.45111407985169, 117.9444095119885, 117.94440951198851]",29
906,405083464,settled,Rf4i_0008,unmatched,,"[0.25971912770264904, -0.31468704929943936, -0.8472140700697216, -0.34021516013323705]","[6.008971944115871e-05, -6.13732463655703e-06, -0.707099841908341, -0.7071137178168433]","[447.5719271100847, 26.78624293794464, 3.070607004594297]",4.829999999999948,100.0,0.0,"[57.45111407985169, 110.74479642040933, 110.74479642040934]",22
907,897742626,settled,Rf4i_0003,unmatched,,"[0.626555782251434, 0.7589459830048849, -0.1386752386173409, -0.11044466851082534]","[0.7070983055350345, 0.7071152404358791, 0.00012635355886694843, 8.418770744700321e-05]","[448.3349980300732, 26.783244758102313, 6.930665411795328]",4.729999999999914,100.0,0.0,"[57.45111407985169, 106.56276131988947, 106.56276131988947]",19
908,480836371,settled,Rf4i_0003,unmatched,,"[-0.39743928281978835, -0.8706917564322766, -0.2664878160766326, -0.113675527864515]","[-0.7071136221277062, -0.7070999387219821, -4.4466203549226035e-05, 9.141199713125214e-06]","[447.74817715731194, 26.791867011705556, 6.934902079193693]",4.609999999999874,100.0,0.0,"[57.45111407985169, 115.70185851853164, 115.70185851853164]",15
909,4082109974,settled,Rf4i_0005,unmatched,,"[-0.35956502737734314, -0.6791764426160904, -0.41884548866301663, 0.48373629955702296]","[-0.49999305784856946, -0.500054629535336, -0.5000603173935692, 0.4998919768827641]","[448.19994621665325, 3.07284541373915, 26.79127783497362]",4.539999999999851,100.0,0.0,"[57.45111407985169, 108.47916916138733, 108.47916916138735]",21
910,163555050,settled,Rf4i_0008,unmatched,,"[-0.08549674306774306, -0.25654355067407436, -0.9235012688874048, -0.2720682265456595]","[-1.7619972233207104e-05, -9.21226909892936e-05, -0.7070083092585246, -0.7072052331836556]","[447.60828283705524, 26.789833749375507, 3.0703961708630176]",5.020000000000011,100.0,0.0,"[57.45111407985169, 117.47109930254258, 117.4710993025426]",19
911,3400140363,settled,Rf4i_0005,unmatched,,"[0.298407216867827, 0.6810207916951393, -0.18813418040157473, -0.6416925621859357]","[0.49997157916246027, 0.500001380124327, 0.5000009623033111, -0.5000260769193212]","[447.74624140596086, 3.0718890199976108, 26.78825016677531]",4.579999999999864,100.0,0.0,"[57.45111407985169, 120.49958960782527, 120.49958960782529]",26
912,3646276102,settled,Rf4i_0010,unmatched,,"[0.1578073356304914, -0.029444688123654007, -0.8111580053567837, 0.5623633571883132]","[-0.00015983300512020793, 4.312312462809165e-05, -0.7070513620798493, 0.7071621765725572]","[448.2331164828668, 33.23447482475157, 3.060964218054919]",4.719999999999911,100.0,0.0,"[57.45111407985169, 118.84977288256263, 118.84977288256265]",13
913,3701323139,settled,Rf4i_0004,unmatched,,"[0.43512701954760485, -0.8749978402768437, 0.017281183183099957, 0.21152923457118053]","[0.7070988045579761, -0.7071147392624205, -0.0001042902726218764, 0.00012342633080031362]","[448.1620746917871, 33.2119520202137, 6.934550118989538]",4.889999999999968,100.0,0.0,"[57.45111407985169, 124.07310924226802, 124.07310924226803]",17
914,1849545706,settled,Rf4i_0009,unmatched,,"[-0.1443496569257474, -0.07006434235886033, -0.13212818355624098, -0.9781596534233906]","[-1.4607250589937504e-05, -1.0047372598430656e-05, 8.439360156480618e-05, -0.9999999962816993]","[447.7358190381498, 40.004519266263586, 3.0707927549689025]",4.669999999999894,100.0,0.0,"[57.45111407985169, 118.94218463994231, 118.94218463994233]",21
915,3498837148,settled,Rf4i_0011,unmatched,,"[-0.5578877223062083, -0.13152919957495132, 0.7954835629912004, 0.19663992465923258]","[2.941671308651003e-05, 4.0252043028765616e-05, 0.9999999986853578, -1.19881029836849e-05]","[448.3803436311623, 40.003866792694254, 3.0697479726711463]",4.459999999999824,100.0,0.0,"[57.45111407985169, 120.57607904144868, 120.5760790414487]",23
916,1014845009,settled,Rf4i_0003,unmatched,,"[-0.745802360550032, -0.5147483048332637, -0.3726324374151737, -0.19989519317709512]","[-0.7070918936586125, -0.7071216665606481, 5.0252473332013103e-05, -8.80101939806921e-06]","[447.5673250345915, 26.794307295050984, 6.926691859472074]",4.609999999999874,100.0,0.0,"[57.45111407985169, 113.81122956079946, 113.81122956079948]",22
917,2482104573,settled,Rf4i_0002,unmatched,,"[0.3913632031713356, -0.4132908864732887, 0.05822251723444586, -0.8201436611036385]","[0.7071169588237333, -0.0001669074805374549, 9.935688279866162e-05, -0.7070965767234187]","[447.87685536937977, 3.0566473666127534, 39.99463184738407]",5.100000000000038,100.0,0.0,"[57.45111407985169, 122.3956268788312, 122.3956268788312]",36
918,3315867884,settled,Rf4i_0005,unmatched,,"[-0.1839291797226305, -0.6204871287494828, -0.28946619847613464, 0.7052482540514071]","[-0.49996121499336693, -0.4999945712000513, -0.500013838999918, 0.5000303721589292]","[447.7043434586548, 3.0726476571505854, 26.786298187117968]",4.519999999999844,100.0,0.0,"[57.45111407985169, 111.17892118749137, 111.17892118749138]",21
919,3442982133,settled,Rf4i_0009,unmatched,,"[0.23981023435833115, -0.548473364990924, -0.29699985204060114, 0.7439483229905124]","[-2.5959261701846703e-05, -1.6232350332624455e-05, 6.48254819492215e-05, 0.9999999974301422]","[447.7548035277118, 40.00030933833958, 3.0711301657748677]",4.459999999999824,100.0,0.0,"[57.45111407985169, 124.68191891972742, 124.68191891972744]",13
920,1199431505,settled,Rf4i_0001,unmatched,,"[-0.8158875984840971, -0.2102551437771241, 0.5335186587691745, 0.07401379533745744]","[-0.9999999914588902, -0.00011153994252171044, -4.7198296264184976e-05, 4.912618319263817e-05]","[448.264762994159, 40.00819187770481, 6.928702099471495]",4.949999999999988,100.0,0.0,"[57.45111407985169, 120.75983356505358, 120.7598335650536]",33
921,632241106,settled,Rf4i_0010,unmatched,,"[0.3439409857046222, -0.642522102943294, 0.42830294546408776, -0.5342532475227891]","[1.081071626166108e-05, 0.00011171858177944083, 0.7071158941624613, -0.7070976591850023]","[448.3272034417193, 33.21841032793027, 3.0711139330218407]",5.230000000000081,100.0,0.0,"[57.45111407985169, 122.87445901367354, 122.87445901367356]",21
922,2435629658,settled,Rf4i_0014,unmatched,,"[0.06889857665360942, -0.9502832120531101, 0.29954207769895674, 0.04989335339424206]","[1.2748718836579483e-05, -0.9999999964247795, -8.359213670594556e-05, 5.154836900768762e-07]","[448.00698191430973, 40.00284274139139, 6.933487282085878]",4.889999999999968,100.0,0.0,"[57.45111407985169, 112.50297822592775, 112.50297822592776]",26
923,532196825,settled,Rf4i_0003,unmatched,,"[-0.6950144125489437, -0.5621898949957045, 0.04051416346358294, 0.446381104968402]","[-0.7071241095383005, -0.7070894417869867, 0.00012248275598547576, 4.583427143045604e-06]","[447.554335709735, 26.79478722703881, 6.936434065841901]",4.759999999999924,100.0,0.0,"[57.45111407985169, 115.43470288698366, 115.43470288698366]",26
924,1237745114,settled,Rf4i_0002,unmatched,,"[0.5054962235886736, -0.15892594248449782, 0.059291712564358896, -0.8459909015847566]","[0.7070713999366965, 0.00010305931910504789, -0.0001991382090347422, -0.707142125116522]","[447.6102854630582, 3.0737998527506223, 39.99835600821392]",4.799999999999938,100.0,0.0,"[57.45111407985169, 115.96142386219168, 115.96142386219167]",17
925,3654135522,settled,Rf4i_0013,unmatched,,"[-0.17188747446428582, -0.802046862922551, -0.5512943459664053, 0.15247973604337633]","[7.212197176033078e-05, -0.7070878467520592, -0.7071257114316511, 2.4978184942560077e-06]","[448.24516176375647, 3.0729039839973646, 40.00524384674283]",4.819999999999944,100.0,0.0,"[57.45111407985169, 120.01169688877144, 120.01169688877145]",33
926,2381318096,settled,Rf4i_0016,unmatched,,"[-0.5170317207267107, -0.3574316863165864, 0.7774632856296821, -0.021717018146083986]","[-0.5000881570291696, -0.49998178342116245, 0.5000275210840798, -0.4999025201023423]","[447.9570584126915, 6.933755830731312, 33.20691735925395]",5.020000000000011,100.0,0.0,"[57.45111407985169, 121.90422327960356, 121.90422327960356]",32
927,4252327569,settled,Rf4i_0015,unmatched,,"[-0.5938434617044568, 0.29873492790902884, -0.7069009853476849, -0.24165757333989488]","[-0.4998605291163865, 0.49993449687721514, -0.5000696950026708, -0.5001352321158224]","[447.85090509440863, 6.931194489707715, 26.79061039294242]",4.389999999999801,100.0,0.0,"[57.45111407985169, 106.25305448456353, 106.25305448456355]",22
928,448373238,settled,Rf4i_0015,unmatched,,"[0.7884541013488514, -0.40302143424833886, 0.28563962431868045, 0.36650219456596705]","[0.5000230714139444, -0.49994173221574123, 0.5000591498826432, 0.49997603848738364]","[448.2665454510212, 6.9408636385580555, 26.777532683384965]",4.769999999999928,100.0,0.0,"[57.45111407985169, 110.5363396927324, 110.53633969273241]",29
929,4163985961,settled,Rf4i_0008,unmatched,,"[-0.20818845328680213, -0.43720394741641244, -0.3935430195887992, -0.7814308465977562]","[0.0001782015548883742, 0.000184386825177435, -0.7070238548068688, -0.7071896513522665]","[448.3609555498531, 26.80004839021416, 3.069540275160338]",5.000000000000004,100.0,0.0,"[57.45111407985169, 118.37107271263527, 118.37107271263528]",32
930,1782478245,settled,Rf4i_0001,unmatched,,"[0.982926824091041, -0.15458372000973902, -0.09896879710297664, 0.012802702458472474]","[0.9999999782902804, -1.3019149070740205e-05, -3.445137589895136e-05, 0.0002050927675915637]","[448.0350239206389, 40.00857996186823, 6.927887873335908]",4.649999999999888,100.0,0.0,"[57.45111407985169, 120.97962811993382, 120.97962811993384]",26
931,1354485428,settled,Rf4i_0002,unmatched,,"[0.6252493974171248, -0.5377268504911364, 0.15699341782723672, -0.543383926933184]","[0.7070622422565499, 4.8908189871909726e-05, -2.434360118587537e-05, -0.7071513152010098]","[448.3194320802718, 3.0844542619723088, 39.99760735761511]",5.1800000000000646,100.0,0.0,"[57.45111407985169, 122.02943698427806, 122.02943698427808]",32
932,1539041800,settled,Rf4i_0015,unmatched,,"[0.5189080859766876, -0.3427938742346433, 0.5790952658656788, 0.5271389106745705]","[0.4999257273039294, -0.5000295058089982, 0.49999898645047886, 0.5000457719534684]","[448.35799302736365, 6.928602138945615, 26.789742265721436]",4.769999999999928,100.0,0.0,"[57.45111407985169, 105.18774603349199, 105.187746033492]",18
933,4907026,settled,Rf4i_0006,unmatched,,"[0.8033477739737046, -0.29541706437491144, -0.23093159359111526, -0.4626356138572464]","[0.5000265124558982, -0.5000532042338461, -0.5000196562057175, -0.4999006133068562]","[447.6124266603058, 3.07477914319902, 33.20165306140471]",4.5599999999998575,100.0,0.0,"[57.45111407985169, 121.61207976300257, 121.61207976300258]",26
934,3726456469,settled,Rf4i_0002,unmatched,,"[0.5807768950428274, -0.04906896716112144, -0.23937648823391416, -0.776523876984444]","[0.7070911988211777, 0.00015988373240160848, -0.00011884022588446502, -0.7071223351470541]","[448.2411693299391, 3.069413539658457, 40.002615978584494]",4.699999999999904,100.0,0.0,"[57.45111407985169, 120.5993806648662, 120.59938066486622]",32
935,2047942954,settled,Rf4i_0010,unmatched,,"[-0.28294765020971263, -0.1436882472102388, 0.5005332941519883, -0.8054568494337921]","[2.4345368738881712e-05, 6.350956880457614e-05, 0.7071187159928254, -0.7070948429075804]","[447.74363795719194, 33.20939921002761, 3.070921173532047]",4.429999999999814,100.0,0.0,"[57.45111407985169, 114.49891317578795, 114.49891317578796]",24
936,4254301963,settled,Rf4i_0009,unmatched,,"[0.3038722453484271, -0.025687035362984778, 0.16983128235100062, -0.9371014727638521]","[2.5689900596592707e-05, 2.602753613187147e-05, -4.5065842371764305e-05, -0.9999999983158332]","[448.0518215576053, 39.9954098636142, 3.072943723255117]",4.629999999999881,100.0,0.0,"[57.45111407985169, 115.82696076619789, 115.8269607661979]",14
937,1459226125,settled,Rf4i_0016,unmatched,,"[0.4604083854515282, 0.5448114214671944, -0.6943530242693504, -0.09528122235162023]","[0.49986804820074204, 0.5000355272755351, -0.5000883807236163, 0.5000080172512135]","[448.2167322365834, 6.938099927941671, 33.204848841168975]",5.320000000000111,100.0,0.0,"[57.45111407985169, 124.39241076783257, 124.39241076783259]",27
938,1841421639,settled,Rf4i_0003,unmatched,,"[0.7090456664466742, 0.46634607542200573, -0.4944423411910551, -0.18788920157686734]","[0.707157303428073, 0.7070562550205821, 2.1077501087013454e-05, -5.873543258427817e-07]","[448.1090565339563, 26.796558360796656, 6.936610848842376]",5.140000000000051,100.0,0.0,"[57.45111407985169, 122.33511886740607, 122.33511886740608]",23
939,3160233957,settled,Rf4i_0003,unmatched,,"[0.3129738432553121, 0.8901846929444, 0.08598840649996693, -0.3197257885017726]","[0.7070864019530482, 0.7071271586108384, 2.5609952083283094e-05, -3.2744236583504005e-05]","[447.6411561650456, 26.79382201575265, 6.934813578071948]",4.649999999999888,100.0,0.0,"[57.45111407985169, 118.8200938675738, 118.8200938675738]",33
940,3176744478,settled,Rf4i_0001,unmatched,,"[0.9411517485950612, -0.005105745018358934, 0.06893140360805404, 0.3308410178331731]","[0.9999999980942625, 4.0239160460508134e-05, 4.09213452893236e-05, 2.275364555165416e-05]","[448.0543680509309, 40.00352266991089, 6.928239290496761]",4.629999999999881,100.0,0.0,"[57.45111407985169, 109.23792121600698, 109.237921216007]",25
941,1176149115,settled,Rf4i_0005,unmatched,,"[0.21298006003399966, 0.68283184635136, 0.45358883626869745, -0.5316364653113214]","[0.5001100401408041, 0.4998623645141371, 0.500029810759371, -0.4999977526395963]","[448.03147272014917, 3.0620012800253154, 26.785334998506446]",4.569999999999861,100.0,0.0,"[57.45111407985169, 113.21581468656561, 113.21581468656561]",40
942,1821676408,settled,Rf4i_0015,unmatched,,"[-0.4913145553095996, 0.46595232564875577, -0.7080044099470261, -0.20056967233111198]","[-0.5000614977014345, 0.5001210849732152, -0.49980000285091397, -0.5000173557308174]","[448.4019152271572, 6.938750950524531, 26.78695118593267]",4.689999999999901,100.0,0.0,"[57.45111407985169, 115.11670777811305, 115.11670777811307]",26
943,3127130715,settled,Rf4i_0014,unmatched,,"[-0.198134299826156, -0.8317782014430749, -0.12616575606531844, -0.5029612557970933]","[0.0001561642011796098, -0.999999983703243, 3.839295487029215e-06, -9.0506994265502e-05]","[447.6576201801312, 40.004166282593175, 6.92769326317965]",4.599999999999871,100.0,0.0,"[57.45111407985169, 120.55815340731698, 120.558153407317]",16
944,945943334,settled,Rf4i_0009,unmatched,,"[0.10215366597241832, -0.5032207212506908, 0.015334375666051182, 0.8579617655555885]","[-4.1426557631341066e-05, -3.335877155600061e-05, -1.2219979483595495e-05, 0.9999999985108525]","[448.3080561177587, 40.0099606673949, 3.0611610859022087]",4.659999999999891,100.0,0.0,"[57.45111407985169, 115.71975361199084, 115.71975361199085]",14
945,1696026980,settled,Rf4i_0006,unmatched,,"[-0.41595288256800134, 0.11589643483537436, 0.8825609318024368, 0.1861113041484448]","[-0.4999185795299833, 0.5001149800979288, 0.499885427495813, 0.5000809733430183]","[447.87540712338324, 3.0665458587090835, 33.21632468351222]",4.879999999999964,100.0,0.0,"[57.45111407985169, 116.1851435773021, 116.18514357730211]",32
946,517407065,settled,Rf4i_0005,unmatched,,"[0.7637132916041776, -0.009298409402024383, 0.35026757211793114, -0.5421883212798986]","[0.49989035387141156, 0.5000931329840954, 0.50001150537786, -0.5000049869133639]","[447.6334011875382, 3.0712387858880774, 26.781622731821443]",5.230000000000081,100.0,0.0,"[57.45111407985169, 121.31415934855222, 121.31415934855222]",28
947,2860701354,settled,Rf4i_0004,unmatched,,"[-0.8367152485523688, 0.5350335570810564, 5.9400040692597696e-05, 0.11681901432889721]","[-0.7070556110014095, 0.7071579081681019, -0.00023530968052856707, 2.2273134431816114e-05]","[447.82959572576624, 33.21572961608485, 6.9298105761888085]",4.679999999999898,100.0,0.0,"[57.45111407985169, 119.05422771760736, 119.05422771760736]",18
948,2049044537,settled,Rf4i_0014,unmatched,,"[0.0987533718354664, -0.901992500056389, 0.3962240127370742, 0.14022779012621636]","[1.041081849702307e-06, -0.9999999911883403, 0.00013239947909543526, 9.623591598773085e-06]","[447.5509171579129, 40.004279132790046, 6.929355275179197]",4.679999999999898,100.0,0.0,"[57.45111407985169, 113.54933821116651, 113.54933821116653]",19
949,3277919375,settled,Rf4i_0003,unmatched,,"[-0.9358033684590618, -0.33506737411673654, 0.0347045930592444, -0.10391102734445888]","[-0.7071199754506472, -0.7070935789219248, -4.972711355447079e-05, -9.215896038489158e-05]","[448.3793943261112, 26.78897028568103, 6.934743109356162]",4.859999999999958,100.0,0.0,"[57.45111407985169, 120.98011298228919, 120.9801129822892]",24
950,3767874527,settled,Rf4i_0006,unmatched,,"[0.29572191510327905, -0.5850125236040742, -0.7368775949800176, -0.1652885542634663]","[0.4999830617283937, -0.49996939194239287, -0.5000422678805868, -0.5000052754104649]","[447.999202880083, 3.0689608840000875, 33.21184746660181]",4.729999999999914,100.0,0.0,"[57.45111407985169, 124.61619590383546, 124.61619590383548]",39
951,2604283791,settled,Rf4i_0015,unmatched,,"[-0.7630191667262589, -0.17467652330325062, -0.5594042469053924, -0.2726843449104938]","[-0.4999339824068726, 0.5002122173247833, -0.49996701214835926, -0.4998867248060015]","[447.8139280369042, 6.928312100910968, 26.786708738389272]",4.919999999999978,100.0,0.0,"[57.45111407985169, 121.16385855904255, 121.16385855904257]",28
952,1406294563,settled,Rf4i_0009,unmatched,,"[-0.15589463678544954, -0.12868922420085716, 0.17568740712833444, 0.963467633484715]","[-0.00021203060430668996, -3.027181494348472e-05, -4.1368379573409305e-05, 0.9999999762076484]","[447.75265266295395, 40.006625267071925, 3.0661024312744964]",4.769999999999928,100.0,0.0,"[57.45111407985169, 119.22355247481683, 119.22355247481681]",25
953,44424466,settled,Rf4i_0005,unmatched,,"[0.3941199706189341, -0.3608479463958368, -0.7637214424601282, 0.3621985183126224]","[-0.5000461423714077, -0.49995494301732707, -0.4999666142083145, 0.5000322940861818]","[447.568158262116, 3.0812626576295354, 26.780677768855856]",4.339999999999784,100.0,0.0,"[57.45111407985169, 120.43520688676479, 120.4352068867648]",31
954,1713030523,settled,Rf4i_0001,unmatched,,"[-0.965612442120421, 0.16876771383453884, -0.1626224548640008, 0.11253447277748073]","[-0.9999999968504993, -3.0761618913424504e-05, -5.397806538403615e-05, 4.938717030700257e-05]","[448.1863544294666, 40.00265587530529, 6.934762062119661]",4.719999999999911,100.0,0.0,"[57.45111407985169, 121.95792667210627, 121.95792667210628]",21
955,539293064,settled,Rf4i_0008,unmatched,,"[0.3601778551839492, -0.09994546774870804, 0.7619420111283524, 0.5288924160821971]","[-0.00011834718303535552, 1.0993728567554317e-05, 0.7070637316992757, 0.7071498180644444]","[447.8643767879641, 26.79081642215548, 3.071931357281765]",4.719999999999911,100.0,0.0,"[57.45111407985169, 112.89123489977766, 112.89123489977764]",26
956,409549919,settled,Rf4i_0015,unmatched,,"[-0.12781638378808588, 0.7504596205993281, -0.34172492240734204, -0.5510874769861365]","[-0.5001289216702262, 0.49983104222720065, -0.5000317828200195, -0.5000082070375247]","[448.34206397222454, 6.94045263798666, 26.783296073760024]",4.679999999999898,100.0,0.0,"[57.45111407985169, 113.19114167356459, 113.1911416735646]",17
957,1998402436,settled,Rf4i_0014,unmatched,,"[0.04250734306132721, -0.9165292873697363, -0.17463643493482933, -0.3573084196777952]","[2.334785636820047e-06, -0.9999999883994758, 7.202682052270816e-05, -0.00013419289979108874]","[447.77274672803804, 40.00529605157491, 6.925859428283513]",4.569999999999861,100.0,0.0,"[57.45111407985169, 112.45757051622529, 112.4575705162253]",15
958,1646097515,settled,Rf4i_0008,unmatched,,"[-0.2630617164172866, 0.5050333130958403, 0.785657284547487, 0.24183158862418952]","[-0.0002899633119949619, 4.036846726743205e-05, 0.7071085797389888, 0.7071049220244298]","[448.2227704620027, 26.794399879789108, 3.072526220743242]",5.0300000000000145,100.0,0.0,"[57.45111407985169, 122.28369536926188, 122.28369536926189]",24
959,339018233,settled,Rf4i_0003,unmatched,,"[0.6029047267049746, 0.6862009194018124, -0.308242769892203, 0.26574533587269156]","[0.7070514284990499, 0.7071621282739925, -2.995707334324527e-05, -2.9916957168224515e-05]","[448.27188457706154, 26.784853337706387, 6.934125558254392]",4.829999999999948,100.0,0.0,"[57.45111407985169, 105.90723243277208, 105.90723243277209]",23
960,4191144452,settled,Rf4i_0002,unmatched,,"[-0.8802459513021449, -0.08330896156144689, -0.16608516754831343, 0.4366261550344685]","[-0.7070189406245435, 6.423958737556757e-05, 3.1942418474599984e-05, 0.7071946071988287]","[447.5859632023469, 3.06506100756156, 39.993753200391325]",4.6199999999998775,100.0,0.0,"[57.45111407985169, 116.03828415133243, 116.03828415133245]",32
961,2181600747,settled,Rf4i_0001,unmatched,,"[0.9275709258668005, 0.08697132850709806, -0.32813304736827575, -0.15613093456815608]","[0.9999999904710049, 0.00011469239707281776, -7.683091311164163e-05, 8.094375468781223e-07]","[447.64402291269124, 40.01353105364934, 6.9303072364066995]",4.659999999999891,100.0,0.0,"[57.45111407985169, 117.93577195636495, 117.93577195636495]",20
962,3323234542,unsettled,,not_evaluated,,"[-0.08017064571695091, -0.3550445554208694, -0.9142289434921265, -0.17804906658726002]","[-8.499732755020526e-06, -0.7071105299145762, -0.7071030316021262, -3.3328133869169124e-05]","[447.7178671667627, 3.0711739721693205, 39.99622336135575]",4.389999999999801,100.0,0.0,"[57.45111407985169, 112.24019242896506, 112.24019242896507]",29
963,1792986731,settled,Rf4i_0003,unmatched,,"[-0.5692068889460848, -0.6151083552423721, 0.2128356235893417, 0.5023407471215919]","[-0.707106005960376, -0.7071075549535574, -2.7771205948046163e-05, -3.5932253257792146e-05]","[447.56650720020207, 26.78933285996498, 6.932463498127841]",4.849999999999954,100.0,0.0,"[57.45111407985169, 118.9280132147013, 118.9280132147013]",22
964,3396828661,settled,Rf4i_0012,unmatched,,"[-0.4385289352711518, 0.5485884905873648, -0.7022745891188045, 0.11641925271638232]","[-8.328844291641958e-05, 0.707063272416271, -0.70715028005284, 5.730811211206481e-05]","[447.88558768041077, 6.934259315913811, 39.997407082814945]",4.879999999999964,100.0,0.0,"[57.45111407985169, 120.7348100260067, 120.7348100260067]",32
965,2901089897,settled,Rf4i_0015,unmatched,,"[0.4190709948200383, 0.3272250406963257, 0.28175293110921773, 0.7986980404716139]","[0.49998469934935363, -0.49999320814335757, 0.5000176436877704, 0.5000044482081929]","[448.36255069512936, 6.945895402924139, 26.790664275882275]",5.270000000000095,100.0,0.0,"[57.45111407985169, 117.71423640082705, 117.71423640082706]",28
966,1777789208,settled,Rf4i_0015,unmatched,,"[0.6411688332735277, -0.4390430396314748, 0.5150426975449305, 0.3617661624522945]","[0.500081493342519, -0.49989687559234114, 0.5000131338203816, 0.5000084797245469]","[448.27371590402356, 6.92483882207633, 26.780390824808617]",4.679999999999898,100.0,0.0,"[57.45111407985169, 100.81798088879789, 100.81798088879788]",34
967,4293855749,settled,Rf4i_0005,unmatched,,"[0.5166972535183565, 0.6321968208504625, 0.5736405816836968, -0.06547985154798126]","[0.4999739460655086, 0.499971913908131, 0.5000394575443172, -0.5000146792420292]","[448.0874016945754, 3.0783734484895464, 26.78171243287279]",4.549999999999854,100.0,0.0,"[57.45111407985169, 119.42389660215694, 119.42389660215694]",35
968,2977016398,settled,Rf4i_0015,unmatched,,"[-0.7697554513004683, 0.271934197101798, -0.5773849482776028, -0.012448258604438496]","[-0.5001665832925298, 0.4998720134493159, -0.49981782118422613, -0.5001434841665506]","[448.20358137673776, 6.932604641913292, 26.783095833614684]",4.569999999999861,100.0,0.0,"[57.45111407985169, 122.51877251797873, 122.51877251797875]",24
969,3277550680,settled,Rf4i_0004,unmatched,,"[0.8795958511380817, -0.404251198907489, 0.18305854803349653, -0.17141083639723378]","[0.7071070114423905, -0.7071065392621905, 0.00012231633867193503, -3.924758303150422e-05]","[448.21736787446054, 33.21467656801909, 6.933152733320699]",4.639999999999884,100.0,0.0,"[57.45111407985169, 123.46134116042305, 123.46134116042306]",16
970,3168146097,settled,Rf4i_0002,unmatched,,"[0.4713364866275963, -0.5102437468845695, 0.132809033664927, -0.707004240238867]","[0.7071622311635751, -8.566557496771962e-05, 3.661180243469853e-05, -0.7070513207234249]","[447.59110245852605, 3.0621142977496385, 39.992461834231534]",5.110000000000041,100.0,0.0,"[57.45111407985169, 124.70260928097933, 124.70260928097935]",31
971,2312136952,settled,Rf4i_0008,unmatched,,"[-0.238977339792555, -0.18809170192532146, -0.5365157169026477, -0.7871862729042902]","[6.055160135640114e-05, -8.172690522656456e-05, -0.7070863974636218, -0.7071271570065271]","[447.7114393038371, 26.78781711169015, 3.0636884680738263]",4.769999999999928,100.0,0.0,"[57.45111407985169, 111.3577514894637, 111.35775148946371]",21
972,4119843294,settled,Rf4i_0003,unmatched,,"[-0.6782363959592157, -0.6128690115579294, 0.3186176021708939, 0.25073848818067446]","[-0.7071061867920352, -0.7071073751007207, -2.452495605012595e-05, 8.781963991122412e-06]","[448.02920169414585, 26.786435242771446, 6.931101336304941]",4.979999999999998,100.0,0.0,"[57.45111407985169, 110.73656430071654, 110.73656430071655]",35
973,356519578,settled,Rf4i_0016,unmatched,,"[0.2643802208224408, 0.477257519620779, -0.3229105049716565, 0.7733415575166313]","[0.5000416870382409, 0.4997107749511729, -0.5002623834215052, 0.499985000130087]","[447.83108511043923, 6.938522455084046, 33.21342596165215]",4.399999999999804,100.0,0.0,"[57.45111407985169, 111.954406013858, 111.954406013858]",25
974,1943136294,settled,Rf4i_0015,unmatched,,"[-0.3629926831460144, 0.45628115459666085, -0.28675605289603895, -0.7601412934908084]","[-0.5000175518717196, 0.5000005078890274, -0.49997380664374286, -0.5000081325349539]","[448.437961779962, 6.941409796239813, 26.785741089402958]",4.949999999999988,100.0,0.0,"[57.45111407985169, 109.45805760368296, 109.45805760368297]",28
975,3565683129,settled,Rf4i_0003,unmatched,,"[-0.547998248022544, -0.8120182559963203, 0.16486811997466025, -0.1146419430615943]","[-0.7071428312059892, -0.7070707289448835, 9.26403127157749e-06, 2.1389406503424805e-05]","[447.91961090617644, 26.792206174144464, 6.931319030103188]",4.729999999999914,100.0,0.0,"[57.45111407985169, 112.0662453840143, 112.0662453840143]",28
976,1751546072,settled,Rf4i_0005,unmatched,,"[-0.3280221644267384, 0.36617063802881317, 0.7613309747857608, -0.42272410662527027]","[0.5000256999926636, 0.4999566384268638, 0.4999409590061351, -0.5000766906663249]","[448.3613213377943, 3.07084783717255, 26.787886514628177]",4.509999999999841,100.0,0.0,"[57.45111407985169, 117.90466446163134, 117.90466446163136]",35
977,1397927952,settled,Rf4i_0015,unmatched,,"[0.904925349199759, -0.2134010861924796, 0.2823914184143395, 0.23627351860397244]","[0.49999019318176996, -0.4999421441937041, 0.5000998697027614, 0.4999677784661119]","[447.99945563007776, 6.932866599895037, 26.788611948539675]",4.789999999999934,100.0,0.0,"[57.45111407985169, 116.79644077540196, 116.79644077540196]",29
978,4035434587,settled,Rf4i_0002,unmatched,,"[-0.6767719944343353, 0.14128449179956656, 0.30945224413417693, 0.652884115694839]","[-0.7070985269465138, 2.2401329130970018e-05, 2.939220001972856e-06, 0.7071150349692842]","[447.7236474835578, 3.0775986225685044, 39.99991528641271]",4.749999999999921,100.0,0.0,"[57.45111407985169, 124.73495996469613, 124.73495996469615]",29
979,2114130661,settled,Rf4i_0011,unmatched,,"[-0.11671079965840357, -0.12666230183669927, -0.982019919426621, -0.07727954700862226]","[-9.368123563131438e-06, 0.00010948767290347439, -0.9999999939345744, -7.4524527275495376e-06]","[448.408751189438, 40.00903506255432, 3.061184279260259]",4.919999999999978,100.0,0.0,"[57.45111407985169, 116.51522582213875, 116.51522582213875]",23
980,3638443810,settled,Rf4i_0011,unmatched,,"[0.059547317185544554, 0.39640322724174526, 0.893284933349204, -0.20337312088779458]","[-0.0001332492657663795, -0.00010364591063721784, 0.9999999851911039, -3.346565959872779e-05]","[447.7478743416865, 40.011483642367516, 3.0670814202395995]",4.689999999999901,100.0,0.0,"[57.45111407985169, 109.57791563191554, 109.57791563191556]",32
981,1276054237,settled,Rf4i_0010,unmatched,,"[0.19847170397213157, 0.14485266137657626, -0.7549022116539003, 0.6080701769159308]","[0.00012980055417746716, -0.00021990972691732225, -0.7071476133002558, 0.7070659006028223]","[448.08853814606886, 33.22086072600215, 3.0682880090381612]",4.639999999999884,100.0,0.0,"[57.45111407985169, 113.22280511860795, 113.22280511860797]",21
982,218439059,settled,Rf4i_0006,unmatched,,"[-0.31928362511020086, 0.6061291818978068, 0.5454370968132035, 0.4828703293932732]","[-0.49998344511451165, 0.5000123827542959, 0.50005368239686, 0.499950483973299]","[447.83974278865577, 3.070117256673421, 33.21230428749251]",4.969999999999994,100.0,0.0,"[57.45111407985169, 118.02277918086322, 118.02277918086324]",28
983,2213472531,unsettled,,not_evaluated,,"[0.10514992183552246, 0.24068664568741632, 0.4737389502858386, -0.8405860095836687]","[0.4999280599089936, 0.5001113532009754, 0.5000878239136969, -0.499872721488563]","[447.9865213326701, 3.0755957172402537, 26.784387944411403]",4.4999999999998375,100.0,0.0,"[57.45111407985169, 119.88464339187988, 119.88464339187989]",19
984,787746249,settled,Rf4i_0016,unmatched,,"[-0.5694810868307036, -0.2375977186895554, 0.403312307451908, -0.6757054080540255]","[-0.49999423483371586, -0.5000471393118056, 0.49993116307974894, -0.5000274550270778]","[448.0487374779085, 6.938830515511833, 33.213571110196646]",4.579999999999864,100.0,0.0,"[57.45111407985169, 122.48118773504038, 122.4811877350404]",29
985,620666044,settled,Rf4i_0005,unmatched,,"[0.3512700169167964, -0.04610390148788196, 0.2607949201033328, -0.8980366446482936]","[0.5000732059510216, 0.49998320729891454, 0.4999591460890086, -0.49998443310857926]","[448.28173469849816, 3.0805642943460017, 26.784958718461034]",4.969999999999994,100.0,0.0,"[57.45111407985169, 115.89317296388892, 115.89317296388893]",46
986,1382691233,settled,Rf4i_0015,unmatched,,"[0.47408594454505865, -0.6966516414024221, 0.33101000622289733, -0.4246779762319307]","[0.4999784095157006, -0.5000479011549837, 0.5000309772728757, 0.4999427050534682]","[448.2396015174821, 6.932139909727226, 26.783799604424637]",4.5599999999998575,100.0,0.0,"[57.45111407985169, 119.40577777544115, 119.40577777544114]",36
987,3286462226,settled,Rf4i_0012,unmatched,,"[-0.3448778936984663, -0.42718010711039134, 0.8219048655539987, 0.1518182680243951]","[-2.513473772079931e-05, -0.7071169267414614, 0.7070966306054807, -7.918542935008284e-05]","[447.8455247885455, 6.938767858591887, 39.997169861296946]",4.809999999999941,100.0,0.0,"[57.45111407985169, 120.72687506771626, 120.72687506771626]",28
988,2525897259,settled,Rf4i_0012,unmatched,,"[-0.18660777978837914, -0.7443077658333969, 0.6395441794809863, -0.046548133523710164]","[7.003451692787445e-06, -0.7070952565771603, 0.7071183033307404, -5.631772902271476e-05]","[447.68116857095225, 6.933219397329479, 40.00070995124283]",4.839999999999951,100.0,0.0,"[57.45111407985169, 121.55726665863078, 121.55726665863078]",40
989,3052397492,settled,Rf4i_0010,unmatched,,"[0.3577418947578834, -0.03461281949819094, 0.8397397400760982, -0.4070133393371179]","[-1.4582703973697875e-05, -3.139082082281863e-05, 0.7070952622067124, -0.7071182991316106]","[448.0375423800597, 33.214958300353636, 3.0638379011029127]",5.010000000000008,100.0,0.0,"[57.45111407985169, 123.60287065413816, 123.60287065413814]",19
990,958294864,settled,Rf4i_0016,unmatched,,"[-0.030561851898347012, -0.4924964696048103, 0.3778133004972502, -0.7834349434399235]","[-0.5000424718617257, -0.5000066865646978, 0.5000407881048738, -0.49991004186399807]","[447.55546499448604, 6.934910836936982, 33.21114056896707]",4.859999999999958,100.0,0.0,"[57.45111407985169, 122.78947469103554, 122.78947469103554]",16
991,2025461898,settled,Rf4i_0008,unmatched,,"[-0.3979758930455951, -0.005549041121273697, -0.43366712258227247, -0.8084041213949913]","[0.00011125568479156134, 7.706523271422405e-05, -0.7071620664083161, -0.7070514786889586]","[447.9269015926412, 26.793782399316708, 3.057907485735154]",5.070000000000028,100.0,0.0,"[57.45111407985169, 109.74361953954644, 109.74361953954644]",22
992,2542739526,settled,Rf4i_0014,unmatched,,"[-0.2306445065743204, 0.9168653108316615, -0.19133692885921558, -0.2637257913731088]","[-5.035810774362244e-05, 0.9999999986868879, 5.0462044344223855e-06, -8.051162622960232e-06]","[447.8417092373054, 40.01356400706641, 6.929056669767078]",5.020000000000011,100.0,0.0,"[57.45111407985169, 119.49645477719315, 119.49645477719316]",11
993,662844678,settled,Rf4i_0005,unmatched,,"[0.015319791156266027, -0.6766081749749832, -0.37969078318171673, 0.6307151422970638]","[-0.5000958776268896, -0.4999089185117895, -0.5000104673619229, 0.4999847186679564]","[447.90056160225697, 3.074431769735021, 26.78845532296832]",4.4999999999998375,100.0,0.0,"[57.45111407985169, 119.27178435779116, 119.27178435779118]",43
994,4118277549,settled,Rf4i_0012,unmatched,,"[-0.321344111537062, -0.6565169609170431, 0.5522363378719223, 0.4009469654985733]","[-4.432241099634736e-05, -0.7071280960726416, 0.7070854635200425, -3.2539997370293065e-05]","[447.75286077773734, 6.9383810151261995, 40.00043446524299]",4.889999999999968,100.0,0.0,"[57.45111407985169, 117.09256439296387, 117.09256439296387]",24
995,111249246,settled,Rf4i_0015,unmatched,,"[-0.6279501010244584, -0.002943014146429479, -0.6948500248436215, -0.3505045681099255]","[-0.5001288828112429, 0.5001032447352306, -0.49987092547933154, -0.49989689241253416]","[448.2741048637159, 6.9247220999988555, 26.790793593226685]",4.879999999999964,100.0,0.0,"[57.45111407985169, 119.0516854774775, 119.05168547747752]",28
996,746129938,settled,Rf4i_0015,unmatched,,"[-0.47377988456087816, 0.707079339833246, -0.49704674862137505, -0.16886668662404006]","[-0.499952577536568, 0.5000354099861777, -0.5000092560019929, -0.5000027528792523]","[447.8024920596793, 6.935508762188316, 26.788373941612534]",4.599999999999871,100.0,0.0,"[57.45111407985169, 116.5509639843084, 116.55096398430841]",28
997,3176734675,settled,Rf4i_0002,unmatched,,"[-0.44694209170526156, 0.4952759132457724, -0.012535065867450861, 0.7448405255787244]","[-0.707131205452165, 1.3797162375360833e-05, -3.26559923877951e-05, 0.707082355188554]","[448.06911962782135, 3.0656435736308336, 39.99672437120792]",5.110000000000041,100.0,0.0,"[57.45111407985169, 124.30876060983934, 124.30876060983935]",37
998,2924323672,settled,Rf4i_0001,unmatched,,"[0.7808029314754367, 0.10050712330818726, -0.580673385897103, 0.20751751558476023]","[0.999999990068382, -0.0001172604171866957, 7.79624244341405e-05, 5.9237491715768975e-06]","[447.9270331640829, 39.99774175458371, 6.919773391771664]",5.240000000000085,100.0,0.0,"[57.45111407985169, 114.30419347671123, 114.30419347671125]",21
999,3932611806,settled,Rf4i_0008,unmatched,,"[0.18863484293005242, 0.33663714806484407, 0.7901304930925778, 0.47622067412157004]","[-2.61739083812218e-06, 5.714841830123385e-06, 0.7070958315719904, 0.707117730603614]","[447.68929376137027, 26.791437294112043, 3.0697747882755446]",4.879999999999964,100.0,0.0,"[57.45111407985169, 110.14394206295115, 110.14394206295117]",19
