trial,seed,status,pose_id,match_status,roadmap_pose_id,initial_quat_xyzw,final_quat_xyzw,final_pos_chute_mm,sim_time_s,actual_drop_height_mm,actual_lateral_mm,initial_pos_chute_mm,roughness_impulse_count
0,2684470948,settled,Kl2a_0003,unmatched,,"[0.349089743713377, 0.08400502135107916, 0.056934439305736904, -0.9315782183171066]","[-0.028838119198369042, 0.706525060690147, 0.028673833291263055, -0.7065185862964044]","[457.8923967499358, 9.842719723025075, 10.725731682743326]",5.360000000000125,100.0,0.0,"[50.0, 109.24228312037803, 109.24228312037805]",21
1,4091952314,settled,Kl2a_0001,unmatched,,"[-0.17049489125704653, 0.20532709385459424, 0.2597125984666087, 0.9280741580187418]","[-6.893721815254272e-05, 0.00024714447634084646, -0.29422795000397306, 0.9557352392811135]","[458.03611383713263, 9.52793533982408, 39.98622947455883]",5.050000000000021,100.0,0.0,"[50.0, 113.7601345502243, 113.76013455022431]",33
2,233227757,settled,Kl2a_0006,unmatched,,"[-0.20480810163161187, 0.4982271422400755, 0.5959252640682177, -0.5955639645634782]","[-0.12526593213208265, 0.6959395713483159, 0.1252442776347818, -0.69590978596248]","[458.07690844342585, 9.642875810295363, 10.68099975336149]",5.190000000000068,100.0,0.0,"[50.0, 99.32879637763892, 99.32879637763891]",31
3,3276785861,settled,Kl2a_0007,unmatched,,"[-0.06476159517851178, 0.4273534090302821, -0.8690822779070483, 0.24056390794969013]","[-0.6759286947139437, 0.2077142861973776, -0.6758729505555455, 0.20777615281634063]","[458.36099281457984, 9.526672655991149, 10.578020023360997]",4.539999999999851,100.0,0.0,"[50.0, 108.7479388194132, 108.74793881941322]",27
4,3644269654,settled,Kl2a_0002,unmatched,,"[-0.014279672063401007, -0.3020425176314726, -0.9375844928891162, 0.1717606683803424]","[0.7065499391416512, -0.028102958650164184, -0.7065485001096187, 0.02804682168953243]","[457.88558681210543, 9.84810743928399, 13.407129148182138]",5.140000000000051,100.0,0.0,"[50.0, 111.22710244044913, 111.22710244044914]",33
5,1206282609,settled,Kl2a_0002,unmatched,,"[0.5013371598926143, -0.8114746127900386, -0.0032762861669307047, -0.30026533409139416]","[0.00026139788623089083, -0.7070868422813263, 0.0001548908980562869, -0.7071266542512576]","[457.8588039981771, 9.983286260525528, 13.238646247882366]",5.040000000000018,100.0,0.0,"[50.0, 112.73683429897919, 112.7368342989792]",35
6,3543069911,settled,Kl2a_0008,unmatched,,"[-0.13404834235336777, 0.26953815910033546, -0.46707971399657333, 0.8313944692346683]","[0.3307819462246547, 0.6249735577712805, 0.3307912593853996, 0.6249547974475906]","[458.2533273000292, 10.578081963217482, 9.518756742360397]",4.929999999999981,100.0,0.0,"[50.0, 110.92872540740535, 110.92872540740537]",25
7,3479688010,settled,Kl2a_0007,unmatched,,"[-0.32606207839901974, -0.08560879807848332, -0.6532843717329692, 0.6779190101856776]","[-0.6757899287845534, 0.20792860042301245, -0.6758689579947516, 0.2080260101491747]","[458.36538798893827, 9.537234223751858, 10.573434372474043]",4.729999999999914,100.0,0.0,"[50.0, 110.31602843144064, 110.31602843144066]",23
8,877132087,settled,Kl2a_0007,unmatched,,"[0.5724358435648497, -0.17574059521237254, 0.22115948882353434, 0.769753810448453]","[0.20805463275177524, -0.6758311891110775, -0.2080774917041939, 0.6757730618050133]","[458.3488415288938, 9.522088210195877, 10.57203939789507]",5.1200000000000445,100.0,0.0,"[50.0, 113.99670545297268, 113.99670545297268]",25
9,1244265337,settled,Kl2a_0001,unmatched,,"[-0.9163656239680553, -0.3124533183594708, 0.1567298713931644, -0.19514792970686085]","[-0.9557525307056874, 0.2941718325079274, -0.0001455862586551282, 0.00010868874502795167]","[458.1859951032506, 9.527084419938975, 40.001797080246384]",4.969999999999994,100.0,0.0,"[50.0, 113.76994361696418, 113.7699436169642]",27
10,2740186692,settled,Kl2a_0008,unmatched,,"[0.6454694822641096, -0.13579899155073316, -0.5987883368552699, -0.45429099595480205]","[0.6250365918793401, 0.3306608275718057, -0.6250097816985759, -0.3306893537785671]","[458.5668950012362, 10.586331055159814, 9.520733164537116]",4.990000000000001,100.0,0.0,"[50.0, 109.57460488843482, 109.57460488843483]",27
11,3884972972,settled,Kl2a_0009,unmatched,,"[-0.6012548493196739, -0.6463381036093496, -0.20334873870383272, -0.42354333008537154]","[-0.40373397022275426, -0.5805533997498631, -0.4036246188359179, -0.5805547333340826]","[457.9405807717824, 10.676059434401386, 9.641678030190988]",5.0300000000000145,100.0,0.0,"[50.0, 103.06066007163247, 103.06066007163247]",28
12,829139639,settled,Kl2a_0007,unmatched,,"[0.5209095300472875, 0.10632951834513299, -0.4095752090978097, 0.7413470463466431]","[0.20772516878161798, -0.6759090199266662, -0.20783778882606252, 0.6758703311821839]","[458.44207206068893, 9.519863236759951, 10.572261565605224]",5.290000000000101,100.0,0.0,"[50.0, 113.97168795987955, 113.97168795987956]",32
13,2545567356,settled,Kl2a_0009,unmatched,,"[-0.20435424223634752, -0.592516211079748, -0.6028523939159808, -0.4936930974172911]","[-0.4040245735829643, -0.5803173762811578, -0.4040050370783337, -0.5803238895156663]","[458.3416110190808, 10.689718446386992, 9.643885035874375]",5.010000000000008,100.0,0.0,"[50.0, 102.3988532616407, 102.39885326164071]",31
14,2718398101,settled,Kl2a_0006,unmatched,,"[0.04456266628605246, 0.22721982493144482, -0.0337641677325857, -0.9722372657478868]","[-0.12519367814913887, 0.6958993123598248, 0.1252177930906189, -0.6959678112543193]","[457.8316584119438, 9.643469222667504, 10.68393360910906]",5.260000000000091,100.0,0.0,"[50.0, 113.23723497965221, 113.23723497965223]",35
15,176092387,settled,Kl2a_0008,unmatched,,"[0.6150094261867407, 0.09473742193381708, -0.6668593261385558, -0.40998398228323635]","[0.6249919942159415, 0.3307497477280099, -0.62502972731267, -0.33064701952276476]","[457.8022180011477, 10.581852280321963, 9.524773517265247]",4.869999999999961,100.0,0.0,"[50.0, 97.5511790220929, 97.55117902209287]",20
16,3528048386,settled,Kl2a_0020,unmatched,,"[0.05964849127147125, -0.7507736843900195, 0.5184949801332069, 0.4048998492135285]","[-0.16441074783573703, -0.687576372387014, 0.16429659166058153, 0.6879058570036486]","[458.6818723388212, 10.256209245837907, 10.64735851686105]",4.769999999999928,100.0,0.0,"[50.0, 111.65552829488983, 111.65552829488985]",41
17,569531098,settled,Kl2a_0017,unmatched,,"[-0.11874297779359728, -0.7836385736386496, 0.3947598820333435, 0.4647314565072098]","[-0.25764368607029564, -0.6585097499224416, 0.25752062211676036, 0.6585345620920675]","[458.41417585585674, 10.410584951358224, 10.532272612787038]",4.849999999999954,100.0,0.0,"[50.0, 102.03590996434858, 102.03590996434859]",25
18,1337295874,settled,Kl2a_0014,unmatched,,"[0.7540801171321847, 0.10513828949510484, 0.3578000943176255, 0.5406368555086236]","[0.6028372704855941, 0.36964521879580964, 0.6027484537438179, 0.3696538097251444]","[458.5281699134247, 10.654226668207423, 10.244094771685969]",5.0300000000000145,100.0,0.0,"[50.0, 109.43630581246931, 109.43630581246933]",20
19,612016888,settled,Kl2a_0017,unmatched,,"[0.12009615038615984, 0.8091503209928758, -0.26528910017446583, -0.5103668935463713]","[0.28282965077538896, 0.6479897708852901, -0.2828801245002234, -0.6481477305622838]","[458.058583145392, 10.533468746212373, 10.411505959914688]",4.819999999999944,100.0,0.0,"[50.0, 96.20706609064977, 96.20706609064979]",37
20,232150720,settled,Kl2a_0003,unmatched,,"[-0.5359830145526445, 0.08906100796225318, -0.8028613047566096, -0.24536517743217254]","[-0.7064471132394996, 0.028188515509813883, -0.7066362641809207, 0.02833855912644309]","[458.12907452660556, 9.846860221040002, 10.72460662281217]",4.799999999999938,100.0,0.0,"[50.0, 98.89490132187079, 98.89490132187078]",29
21,2324106676,settled,Kl2a_0001,unmatched,,"[-0.04500258594739219, 0.0025524340432222146, -0.32651812985035056, -0.944115545480283]","[-0.00018459641134588314, 0.0001927850598521519, 0.29414231611363967, -0.9557615950797507]","[457.8819611549909, 9.527637020957984, 39.99853237834968]",4.889999999999968,100.0,0.0,"[50.0, 113.47292227000622, 113.47292227000624]",32
22,1658700540,settled,Kl2a_0008,unmatched,,"[0.3856602856164407, 0.1640545618070452, -0.897042914685939, -0.1402364220176025]","[0.6248804189604995, 0.3308366005591621, -0.6249735410297312, -0.33087713541882413]","[458.61750213994594, 10.576012696211027, 9.523388886795509]",4.929999999999981,100.0,0.0,"[50.0, 108.22310051540279, 108.2231005154028]",37
23,609942288,settled,Kl2a_0022,unmatched,,"[-0.6615657420037585, 0.6011805735348285, -0.4450209339615182, 0.05356356361715848]","[-0.7037680828499931, -0.06862523951971986, -0.7037695207434685, -0.06862596982932229]","[457.88961916379475, 10.057230878640082, 10.718962276666002]",5.1200000000000445,100.0,0.0,"[50.0, 105.0001019552159, 105.00010195521588]",38
24,3405943863,settled,Kl2a_0007,unmatched,,"[0.7845222555156509, 0.5211125294606916, 0.14359868610630752, -0.30388481302667647]","[0.6757379516949905, -0.20811637666268282, 0.6757339527434385, -0.20844524344197363]","[457.9459631769903, 9.53015986527975, 10.571145572996276]",5.1500000000000545,100.0,0.0,"[50.0, 110.35730478331092, 110.35730478331094]",30
25,2257503667,settled,Kl2a_0009,unmatched,,"[0.6034227644478223, 0.39225425648930207, -0.5079168677173587, -0.4733265480620753]","[0.5805065720576729, 0.4037016442231959, -0.5805413475258971, -0.4037435399633706]","[457.8066313499017, 10.680563588056359, 9.638500735901491]",4.829999999999948,100.0,0.0,"[50.0, 90.12400564289673, 90.12400564289675]",29
26,4018327298,settled,Kl2a_0018,unmatched,,"[-0.7659205575247773, -0.2830695053767261, 0.5022718464389246, -0.28453531759966677]","[-0.6757046213014368, 0.20842375376681788, 0.675689101050552, -0.20839156014370552]","[457.9911176634203, 9.527989124752946, 12.348245325150664]",5.070000000000028,100.0,0.0,"[50.0, 108.51950298697206, 108.51950298697206]",31
27,2224437599,settled,Kl2a_0018,unmatched,,"[-0.6123369115304546, 0.06270447467512338, 0.5201098551092568, -0.5921126533450277]","[-0.675816336284729, 0.2080301678910101, 0.6758159885043741, -0.20801076544203168]","[458.0825566146122, 9.524348690950506, 12.3542320786185]",5.1200000000000445,100.0,0.0,"[50.0, 109.01319770120054, 109.01319770120055]",40
28,168388230,settled,Kl2a_0020,unmatched,,"[0.611570761245609, 0.02118769316912591, 0.654066567917755, 0.44466752791262565]","[0.6876933722945057, 0.1644165099489718, 0.6877278339736099, 0.16454623464660947]","[458.4494886947984, 10.246675347530154, 10.648752575595703]",4.929999999999981,100.0,0.0,"[50.0, 102.34025518396493, 102.34025518396494]",24
29,911875363,settled,Kl2a_0007,unmatched,,"[0.4179313099460675, -0.6409283940444419, -0.2553852315313794, 0.59103519132962]","[0.20823571179971317, -0.6757361896469495, -0.20826798389327997, 0.6757536068847263]","[457.8540421669193, 9.52871944878442, 10.579855038401892]",5.020000000000011,100.0,0.0,"[50.0, 91.77573364750685, 91.77573364750687]",25
30,3699796293,settled,Kl2a_0012,unmatched,,"[-0.30739590938505207, 0.5248451890741236, -0.7006219887471803, 0.37306046598779463]","[-0.4994447887714429, 0.5005422998032022, -0.49943381584571317, 0.5005778387689177]","[457.80084592160415, 13.251511501740042, 9.979572524518927]",4.819999999999944,100.0,0.0,"[50.0, 104.58243311145168, 104.58243311145169]",28
31,3195154224,settled,Kl2a_0020,unmatched,,"[0.12201026212475458, -0.7550394894311968, 0.42152916537896845, 0.48717761450074515]","[-0.16480494902212087, -0.6876320641304595, 0.16485473389270144, 0.687622272669135]","[458.48033420932853, 10.240535371934193, 10.640677832020057]",4.799999999999938,100.0,0.0,"[50.0, 109.64854193006028, 109.64854193006028]",26
32,3621210587,settled,Kl2a_0008,unmatched,,"[-0.19518508667563716, -0.23685537345835786, 0.3018603443143305, -0.9025977213209435]","[-0.3308732978597905, -0.6248919424629902, -0.3308836810076061, -0.624939125556301]","[458.5545668550066, 10.58043975549977, 9.515075281244211]",5.000000000000004,100.0,0.0,"[50.0, 112.92480887510398, 112.92480887510399]",19
33,1945778437,settled,Kl2a_0020,unmatched,,"[0.5994480898969989, 0.5232689771236637, 0.5614537647935656, -0.22720307017715616]","[0.6876570833427944, 0.16455681561754146, 0.6877327630727663, 0.16453703764986763]","[458.3380912127347, 10.24130817413202, 10.63882063019096]",5.0900000000000345,100.0,0.0,"[50.0, 112.48130525691374, 112.48130525691376]",19
34,2384190687,settled,Kl2a_0022,unmatched,,"[0.6271519910898339, 0.7556355349822913, 0.01241359428343946, -0.18852379431002778]","[0.0684945435623942, 0.7037942640750838, -0.0684751448708536, -0.703770762316897]","[458.16450591911143, 10.055798246108726, 10.711644788361655]",4.719999999999911,100.0,0.0,"[50.0, 113.78418369047927, 113.78418369047928]",19
35,3249086786,settled,Kl2a_0006,unmatched,,"[-0.1597703233753325, 0.4897195982284835, -0.5779003828038035, -0.6329923431090553]","[-0.12534054548065474, 0.6959057442626355, 0.12535262568698263, -0.6959106709874899]","[458.56118796455837, 9.645192812296676, 10.687405057169922]",5.200000000000071,100.0,0.0,"[50.0, 110.26900760795311, 110.26900760795313]",25
36,439485575,settled,Kl2a_0018,unmatched,,"[0.5212781417789312, 0.09256863769634534, -0.808698544051474, 0.25633339826790696]","[0.6757357672788266, -0.20834249177018324, -0.6756592914238265, 0.2084684648951482]","[458.019947811404, 9.526427331211734, 12.353043934612163]",5.230000000000081,100.0,0.0,"[50.0, 102.38041484362029, 102.3804148436203]",33
37,2217192537,settled,Kl2a_0003,unmatched,,"[-0.21740486374478168, -0.112592853649051, -0.6073056375673959, 0.7558027765932958]","[0.02991829402957627, -0.7064899250948915, -0.029951700643451762, 0.7064557856301692]","[458.16802578524675, 9.852513572343401, 10.734720875629371]",5.510000000000175,100.0,0.0,"[50.0, 112.98863946154857, 112.98863946154857]",39
38,3412522237,settled,Kl2a_0013,unmatched,,"[-0.24621569511367875, -0.5467507847628059, 0.7917514866850981, -0.11649461005935267]","[-0.4491481753840871, -0.5460823422563889, 0.4492346327467065, 0.5461210825136249]","[457.836223261559, 10.716000923504726, 10.050103986857424]",4.829999999999948,100.0,0.0,"[50.0, 113.52122727683987, 113.52122727683988]",25
39,555567425,settled,Kl2a_0013,unmatched,,"[-0.4612726253349569, -0.6958366341102525, -0.5223568792301665, 0.17373034987483388]","[-0.5462880042124462, -0.4489461525774372, -0.5462856826372693, -0.44898632661255033]","[458.18800917764037, 10.728168676000726, 10.043968317529332]",5.170000000000061,100.0,0.0,"[50.0, 113.14538835859598, 113.145388358596]",21
40,3399977417,settled,Kl2a_0013,unmatched,,"[0.8655048205669646, 0.02649245432845738, 0.32018421698658933, 0.38429366717613994]","[0.5461932729916863, 0.44896441644777785, 0.5463079720085922, 0.4490561891592128]","[458.336359919201, 10.73160681967954, 10.044986286845903]",5.320000000000111,100.0,0.0,"[50.0, 106.45992204621652, 106.4599220462165]",33
41,2903099886,settled,Kl2a_0001,unmatched,,"[-0.9275430186800664, -0.235950465654843, 0.17719537592713272, -0.22933191013283477]","[-0.9556135217775217, 0.29462308595574416, -0.00017381086001534707, 6.330609176424806e-05]","[458.54374544058174, 9.514362112687172, 39.99786066481016]",5.100000000000038,100.0,0.0,"[50.0, 112.63521619984668, 112.6352161998467]",30
42,151712926,settled,Kl2a_0012,unmatched,,"[0.7767554207616434, -0.4945431487690227, -0.02057994009867571, -0.3894284997127939]","[0.4997218779526803, -0.5002626371637733, 0.49970672154796175, -0.5003084358605012]","[458.617379923525, 13.247528137067599, 9.981910001538445]",5.110000000000041,100.0,0.0,"[50.0, 108.21019528645449, 108.2101952864545]",25
43,1207582415,settled,Kl2a_0018,unmatched,,"[-0.43303184102989717, 0.26753182802764564, -0.22157253360287404, 0.831754626076253]","[-0.20829738104162, 0.6757321525023475, -0.20822987578609425, 0.675750381395271]","[457.93719243194994, 9.521378035366, 12.354850605835015]",4.859999999999958,100.0,0.0,"[50.0, 106.05322148896438, 106.0532214889644]",34
44,2486821540,settled,Kl2a_0008,unmatched,,"[0.1594260365462531, -0.38474526354833694, 0.9006348849824816, 0.12414195503884198]","[-0.6250619232407549, -0.33066167088957443, 0.624965870036424, 0.33072361997398836]","[458.4827611272551, 10.577692624103987, 9.523262464999462]",5.580000000000198,100.0,0.0,"[50.0, 108.86902772045593, 108.86902772045595]",24
45,1259821421,settled,Kl2a_0017,unmatched,,"[-0.32259113934371036, 0.05897052116106503, -0.5412481782532801, -0.7742789187291779]","[-0.6585099915683045, -0.2576008883429545, -0.6585194027469267, -0.25760157129851435]","[457.8297234489315, 10.420778605144617, 10.529949891474033]",4.569999999999861,100.0,0.0,"[50.0, 110.60752446742488, 110.6075244674249]",29
46,597594931,settled,Kl2a_0009,unmatched,,"[-0.17871979468227023, -0.894261750835104, -0.36951140635140683, -0.17837173699402925]","[-0.4038752977613348, -0.580390656161754, -0.4038717064113361, -0.5804473058415532]","[458.25778879372086, 10.693298149016442, 9.633677584420875]",5.220000000000078,100.0,0.0,"[50.0, 106.58109862110018, 106.5810986211002]",36
47,2865206418,settled,Kl2a_0011,unmatched,,"[-0.02304740513733, -0.04508619876411423, 0.7730641006988977, 0.632303683373775]","[-0.5197186498374738, -0.4794469290880833, 0.5196523305155003, 0.4795671200039978]","[457.8682659850392, 10.731610811763176, 9.848801243689875]",5.310000000000108,100.0,0.0,"[50.0, 113.52577778173105, 113.52577778173107]",33
48,3003750881,settled,Kl2a_0012,unmatched,,"[-0.3199398432093655, 0.16753826196273716, 0.4776615276337274, -0.8008800737465539]","[-0.5004181646468635, 0.4996127079560176, 0.5003843862383035, -0.4995840955727434]","[458.2548688362733, 13.256181862136021, 9.981107083402526]",5.0900000000000345,100.0,0.0,"[50.0, 108.94087231762396, 108.94087231762396]",27
49,3312495928,settled,Kl2a_0003,unmatched,,"[-0.0645330648177024, -0.0038038643413784616, 0.42946817366907813, -0.9007652868348409]","[-0.02850018896643111, 0.7065365842200525, 0.02826126216740371, -0.7065373984781299]","[457.893029780509, 9.839150873307432, 10.726828211649725]",5.420000000000145,100.0,0.0,"[50.0, 113.61975573493403, 113.61975573493405]",28
50,3078168926,settled,Kl2a_0008,unmatched,,"[0.0747193812888315, 0.25057809186231017, 0.15564422601431893, 0.9525767732035362]","[0.3308677639430657, 0.624909168124056, 0.33090452505267454, 0.6249137937967765]","[457.9169381718469, 10.576129852339962, 9.523609937249866]",4.859999999999958,100.0,0.0,"[50.0, 113.8089308722491, 113.80893087224912]",35
51,1005097259,settled,Kl2a_0019,unmatched,,"[-0.6801311659388386, -0.5348920800158797, 0.3007708324979351, -0.40105980373687483]","[0.20850511747578343, 0.6757375049520227, -0.6758505588424353, 0.20767874831092614]","[457.9581109770712, 40.01687120077396, 9.51593523656841]",5.540000000000185,100.0,0.0,"[50.0, 112.73068848553929, 112.7306884855393]",21
52,1646080115,settled,Kl2a_0011,unmatched,,"[-0.5522257028074862, -0.16147308682972467, 0.6507326016280868, -0.495500046989705]","[-0.5202954792797551, -0.4789563216969859, 0.5201563316128097, 0.4788850037646283]","[458.39080648697427, 10.739941880422355, 9.838501320728465]",4.939999999999984,100.0,0.0,"[50.0, 110.33054260930004, 110.33054260930005]",26
53,2175304393,settled,Kl2a_0010,unmatched,,"[0.4635177847490668, -0.3631238729793856, 0.7637832286457282, 0.2644380754227277]","[0.5456342133704768, -0.44978828723101627, 0.5457280768296162, -0.4496161340846416]","[458.3025524853861, 13.478197200125846, 10.050336408773479]",4.789999999999934,100.0,0.0,"[50.0, 110.74787049593074, 110.74787049593075]",33
54,3907648593,settled,Kl2a_0015,unmatched,,"[-0.5606148293844427, 0.6692917164969598, 0.42495561750449845, -0.23910737013771846]","[-0.6249647216292915, 0.3306628350767995, 0.6250986001753912, -0.33065529827383966]","[458.27679545235384, 12.35784940232212, 9.516732406012197]",5.040000000000018,100.0,0.0,"[50.0, 102.08221472514406, 102.08221472514407]",28
55,1971688097,settled,Kl2a_0008,unmatched,,"[-0.7670451610843334, -0.5854990613356909, 0.19452063009749831, 0.17605196533582376]","[-0.6248287951716553, -0.330963403851781, 0.624835321455979, 0.3311087783435892]","[458.58646303499387, 10.58374729327042, 9.520746068225632]",4.6199999999998775,100.0,0.0,"[50.0, 112.19526281323276, 112.19526281323276]",23
56,268300483,settled,Kl2a_0022,unmatched,,"[0.16069949385948554, -0.1473121650444817, 0.9459423078805231, -0.2401415184112949]","[0.7036769064399099, 0.06867304761733958, 0.7038432491950745, 0.06875685010692073]","[458.5586904159316, 10.067430403416221, 10.715101282890341]",4.709999999999908,100.0,0.0,"[50.0, 113.33722055933461, 113.33722055933463]",24
57,3139098279,settled,Kl2a_0022,unmatched,,"[0.8218696626780811, -0.0530459906765047, 0.5409598824621232, 0.1705250304475304]","[0.7037814684294725, 0.06862977831165593, 0.703758617711781, 0.0685959635878931]","[457.9737462782158, 10.0559042883353, 10.719532954813925]",4.869999999999961,100.0,0.0,"[50.0, 96.94682581549021, 96.94682581549023]",20
58,3174456534,settled,Kl2a_0009,unmatched,,"[0.08486702368824024, 0.578487481595668, -0.8085728801483829, 0.06602817138123637]","[0.5806945057830414, 0.4035276915611592, -0.5805409399129575, -0.40364775508070305]","[457.9389162819228, 10.686131882134916, 9.643898904846282]",5.010000000000008,100.0,0.0,"[50.0, 113.78204608332216, 113.78204608332216]",26
59,997026310,settled,Kl2a_0020,unmatched,,"[0.11339847940532417, -0.26350367621587667, -0.34201138662076364, 0.8948378673877303]","[-0.18928465804495123, -0.6812220763860597, 0.18930253590885715, 0.681375337660197]","[458.11793613359544, 10.366666806102023, 10.552879766282183]",5.080000000000031,100.0,0.0,"[50.0, 111.89979799712755, 111.89979799712755]",43
60,4280428995,settled,Kl2a_0007,unmatched,,"[0.040082764222048275, -0.3945078544329628, 0.8849169822152643, -0.24429256924853357]","[0.6757913706103497, -0.20815125394779097, 0.6757316440871344, -0.20824462554372378]","[458.5206975524302, 9.529963712607605, 10.574525877736177]",4.509999999999841,100.0,0.0,"[50.0, 107.42698880181177, 107.42698880181179]",26
61,345698675,settled,Kl2a_0014,unmatched,,"[0.1799933627723881, -0.12901717489034167, -0.7131556542542776, -0.6651059845967076]","[0.3688580018820352, 0.6033014530109775, -0.3687556947784151, -0.6033161433369111]","[458.3966658604363, 10.650558511363446, 10.251064855565819]",5.320000000000111,100.0,0.0,"[50.0, 114.60128869159345, 114.60128869159347]",35
62,2296661869,settled,Kl2a_0007,unmatched,,"[0.17970682933787863, 0.07114079317206774, 0.5188104045949198, -0.8327545899724789]","[-0.20807917339855922, 0.6758434529264891, 0.20794163385356998, -0.6757950589080101]","[458.61499352774626, 9.520678188553564, 10.573746727795138]",5.750000000000255,100.0,0.0,"[50.0, 113.73866771601061, 113.73866771601061]",27
63,1808063307,settled,Kl2a_0007,unmatched,,"[0.2033581204969602, 0.7445317657791194, 0.5727615353710702, -0.2761560214319879]","[-0.20816442460525164, 0.6757971697812716, 0.20796928442692852, -0.6758065805978358]","[458.4915097100497, 9.51759884200145, 10.577353471569538]",5.250000000000088,100.0,0.0,"[50.0, 113.90803263997958, 113.9080326399796]",30
64,3884888703,settled,Kl2a_0008,unmatched,,"[0.6793004957295425, 0.4230084733751552, -0.5069137185358015, -0.32039530257889964]","[0.6250851593041439, 0.3306604981557062, -0.6249496770190286, -0.3307114751122875]","[457.920160344575, 10.579411056286679, 9.520883394271994]",4.799999999999938,100.0,0.0,"[50.0, 93.21728688221904, 93.21728688221906]",22
65,2494461129,settled,Kl2a_0014,unmatched,,"[0.6988770933263098, 0.586695007864493, -0.028007765136989552, -0.40813642481734236]","[0.3456519817046019, 0.6167708724600725, -0.34577921923298477, -0.6168915058380608]","[458.35731116338735, 10.543679462221888, 10.370970875895713]",4.629999999999881,100.0,0.0,"[50.0, 107.11590830023204, 107.11590830023205]",31
66,3862701690,settled,Kl2a_0007,unmatched,,"[0.32442249600288015, -0.49395592226430945, -0.12500221364868, 0.7969517159340374]","[0.20820934702983113, -0.6757395043744188, -0.20821121773561901, 0.6757759087495476]","[458.5935495636337, 9.515837988102549, 10.576569472572315]",5.040000000000018,100.0,0.0,"[50.0, 97.23708234465983, 97.23708234465984]",32
67,1989052338,settled,Kl2a_0020,unmatched,,"[-0.42870128489106196, -0.8600027388149851, 0.11578295519546317, 0.25140565795081565]","[-0.16408918534347697, -0.6877233161433347, 0.16417143545061402, 0.6878656260260532]","[458.0026933771228, 10.242217570829029, 10.648664636611652]",4.669999999999894,100.0,0.0,"[50.0, 112.13856073463204, 112.13856073463205]",26
68,2910179760,settled,Kl2a_0007,unmatched,,"[0.6874480246775395, -0.6293776814475954, 0.0713303005926424, -0.35526178471651215]","[0.6757348001419671, -0.208291131149683, 0.6757363929178777, -0.2082729263438174]","[458.48202452143397, 9.5169124136355, 10.581289606197164]",5.080000000000031,100.0,0.0,"[50.0, 108.69081055128501, 108.69081055128503]",29
69,1983180500,settled,Kl2a_0018,unmatched,,"[0.5537040183723525, -0.21712226630328488, -0.041601373278368714, -0.8028319296434271]","[0.20823662129255585, -0.675743451753752, 0.20819452665769314, -0.6757687000996455]","[458.33681882306826, 9.51659970767992, 12.360947137027363]",4.949999999999988,100.0,0.0,"[50.0, 113.0645225782502, 113.0645225782502]",28
70,2796940620,settled,Kl2a_0007,unmatched,,"[0.6429623651661133, 0.4498104375355989, 0.5600263962080593, -0.2657826232360657]","[0.6759070440489697, -0.20751431505589288, 0.6760184296518675, -0.20757302238704034]","[457.8705473524972, 9.535417422454271, 10.576697287083771]",4.949999999999988,100.0,0.0,"[50.0, 112.0753444347069, 112.07534443470689]",27
71,2835193311,settled,Kl2a_0008,unmatched,,"[-0.03739039526881122, -0.9208521173882708, -0.08934805188513095, -0.3776906960298498]","[-0.33073993190956297, -0.6250332795865837, -0.33074786111452137, -0.624940276520778]","[458.33912189076653, 10.577817964770968, 9.517125278254339]",5.160000000000058,100.0,0.0,"[50.0, 110.26999234499311, 110.2699923449931]",36
72,1671370085,settled,Kl2a_0007,unmatched,,"[-0.8264346652783222, -0.1321621962163896, -0.3527524311990733, 0.41845503964071346]","[-0.6757270785519268, 0.20820583529892212, -0.6758416694147464, 0.208041542346342]","[458.05455135091836, 9.524680708898973, 10.574974372660924]",5.080000000000031,100.0,0.0,"[50.0, 110.21812516832046, 110.21812516832047]",32
73,3953588250,settled,Kl2a_0018,unmatched,,"[0.4702031123833249, 0.021406761150447595, -0.8422546634947904, 0.26278863275141723]","[0.675698089883432, -0.20847259324924372, -0.6756542270293683, 0.2084769404254669]","[458.59741396470946, 9.526641177259433, 12.34566234692903]",5.300000000000105,100.0,0.0,"[50.0, 106.15817469756122, 106.15817469756124]",36
74,358542842,settled,Kl2a_0007,unmatched,,"[0.10735659184234503, 0.2029367794254412, -0.02907667244048502, -0.9728544458778069]","[-0.2078707162105366, 0.6758416236581657, 0.20798471100486102, -0.6758477824639492]","[458.6010419347127, 9.526401170382075, 10.571838252057209]",5.360000000000125,100.0,0.0,"[50.0, 113.2304876177501, 113.23048761775011]",28
75,3497188667,settled,Kl2a_0006,unmatched,,"[0.2919765679122567, -0.048747198747361525, 0.9150532874671483, 0.2739541485358981]","[0.6959544467956349, -0.12507582811506154, 0.6959447331891613, -0.12515739511902899]","[458.3993244895137, 9.652299029480073, 10.684201514973156]",4.709999999999908,100.0,0.0,"[50.0, 111.77603866800648, 111.77603866800649]",24
76,253549709,settled,Kl2a_0020,unmatched,,"[0.30010673307083396, 0.5155344203869836, -0.6703577212910298, 0.44133970551866974]","[0.16451893708671073, 0.6877017061468087, -0.16455321632896439, -0.6876933340511745]","[458.5888584589591, 10.251164973734403, 10.644587883265043]",4.659999999999891,100.0,0.0,"[50.0, 114.89138454484629, 114.8913845448463]",27
77,1953331372,settled,Kl2a_0008,unmatched,,"[-0.14150696466078264, -0.1808100534266529, 0.05662958103217592, -0.971636039926712]","[-0.3308890216394286, -0.624898284175417, -0.3309399289960396, -0.6248946736764667]","[458.0986047511552, 10.576477276093465, 9.517312558157148]",4.979999999999998,100.0,0.0,"[50.0, 113.99748958668518, 113.99748958668519]",26
78,890775398,settled,Kl2a_0018,unmatched,,"[0.6001554371354401, -0.15560007509735826, -0.7567404099813465, 0.2072342148578009]","[0.6756957573449616, -0.20847612428755014, -0.6756591454459205, 0.2084650289217577]","[458.4111073613784, 9.527102684571753, 12.342797738794832]",5.1500000000000545,100.0,0.0,"[50.0, 94.35009839727769, 94.3500983972777]",44
79,642810498,settled,Kl2a_0018,unmatched,,"[0.2022732219215205, -0.9256380572142716, -0.08491884377451847, -0.3083318353690952]","[0.20828417505306723, -0.6757911598065245, 0.2083567581858221, -0.6756563268912019]","[458.59033659022015, 9.530623979232443, 12.345689933052665]",5.280000000000098,100.0,0.0,"[50.0, 112.62777170652822, 112.62777170652822]",42
80,1233062494,settled,Kl2a_0019,unmatched,,"[0.6484705890085933, -0.1699505138861542, -0.1394193506500166, -0.7288106494042248]","[-0.20814352336590675, 0.6757922441871651, 0.6757347571249919, 0.20823941603483642]","[458.47912940903495, 39.997059691628415, 9.51307574793038]",5.370000000000128,100.0,0.0,"[50.0, 113.61207829401681, 113.61207829401683]",16
81,908446902,settled,Kl2a_0018,unmatched,,"[0.22250656114612832, 0.8486682401872814, -0.3923837536671801, 0.2762028931825312]","[-0.2083694622001521, 0.6757287878060554, -0.2084545879007298, 0.6756622361326075]","[458.39321043261435, 9.527865694227007, 12.353526948853746]",5.340000000000118,100.0,0.0,"[50.0, 110.51908635419473, 110.51908635419473]",35
82,3109591194,settled,Kl2a_0017,unmatched,,"[-0.7393603768084694, -0.47008268318612156, -0.4348076896123711, -0.2081124148822611]","[-0.6584939011649109, -0.2578062158138126, -0.6584135482745811, -0.25770785138379926]","[458.0102721749828, 10.409448872346768, 10.526600838623896]",4.990000000000001,100.0,0.0,"[50.0, 102.8931409957818, 102.89314099578179]",25
83,2446198906,settled,Kl2a_0012,unmatched,,"[0.46838088924676186, -0.6025678945606854, 0.5917783634461127, -0.25947956295276087]","[0.4998107885556042, -0.5002614211903337, 0.49980020217146365, -0.5001274277835767]","[458.26248104932114, 13.25028353526862, 9.976645898577805]",4.849999999999954,100.0,0.0,"[50.0, 103.41088302321415, 103.41088302321417]",37
84,3358664237,settled,Kl2a_0001,unmatched,,"[0.024765616581336785, 0.0070959192151057865, -0.5881586200781739, -0.8083351716915311]","[5.6641536124835135e-05, 9.779100526918771e-05, 0.2940150368940014, -0.9558007874598529]","[458.6496617360365, 9.52824220869331, 39.99732069786203]",4.939999999999984,100.0,0.0,"[50.0, 113.15489902898736, 113.15489902898737]",27
85,896344283,settled,Kl2a_0020,unmatched,,"[-0.38634312381259117, -0.4288502954339026, -0.23248445573040505, 0.7828009917167457]","[-0.1646513568369065, -0.6876978878474223, 0.1646967596744197, 0.6876310952063661]","[458.0930558018176, 10.251753890788843, 10.638654664577675]",4.969999999999994,100.0,0.0,"[50.0, 110.76189285658998, 110.76189285659]",25
86,1869944201,settled,Kl2a_0022,unmatched,,"[0.670371325755256, 0.3999286459601908, 0.031112881082000495, -0.6242526350576072]","[0.06862792589024355, 0.7038095012436757, -0.06877501697326993, -0.7037132873461026]","[457.88940512953866, 10.053089472069521, 10.713807319350357]",4.949999999999988,100.0,0.0,"[50.0, 112.62040501900704, 112.62040501900705]",34
87,3190319407,settled,Kl2a_0019,unmatched,,"[-0.4447457840659689, 0.06240244522790489, 0.13797312136129672, 0.8827630147253258]","[0.20804259444735207, -0.6757654186950612, -0.6757953905235323, -0.2082305643719237]","[458.57881823570625, 40.00994083108214, 9.519144345129872]",5.410000000000141,100.0,0.0,"[50.0, 110.91600378818937, 110.91600378818939]",15
88,987968938,settled,Kl2a_0003,unmatched,,"[-0.8775247888270632, -0.11605795115981574, -0.46151621007641014, -0.05902190104792356]","[-0.7065523531831712, 0.02857065554538879, -0.7064999215014801, 0.02872891873065489]","[458.25533569874193, 9.848865616669737, 10.728826746839985]",4.899999999999971,100.0,0.0,"[50.0, 104.1661198870463, 104.16611988704632]",28
89,48960437,settled,Kl2a_0019,unmatched,,"[0.2114012471439735, 0.6114095541866983, 0.6451706556466325, -0.406500547167762]","[-0.2080923383815298, 0.6758111651242822, 0.6757593284301605, 0.20814941229771866]","[458.42190580550533, 40.00686280244333, 9.517713139398902]",5.1500000000000545,100.0,0.0,"[50.0, 114.8625672971254, 114.86256729712541]",17
90,2405484524,settled,Kl2a_0008,unmatched,,"[-0.3417230195255686, -0.4212427763487342, 0.8142340509593118, 0.20688840363521335]","[-0.6249923046893037, -0.33083887221293073, 0.6249252218187217, 0.33075478355853066]","[458.4657634848894, 10.58339211837454, 9.518568586494482]",4.899999999999971,100.0,0.0,"[50.0, 103.34221912167641, 103.34221912167642]",27
91,3763400334,settled,Kl2a_0019,unmatched,,"[0.10769911928143597, 0.8032662467918286, -0.5638345914346622, 0.15891755715678432]","[0.20827650040898157, 0.6756811768760234, -0.6759535612155492, 0.207756178422776]","[458.57754422728925, 40.0114350405192, 9.52391058129463]",5.0300000000000145,100.0,0.0,"[50.0, 113.70863020464495, 113.70863020464496]",16
92,4209925572,settled,Kl2a_0020,unmatched,,"[-0.2551440352611338, -0.7322693535047043, 0.09629130523668734, 0.6240281241452846]","[-0.1647270181380448, -0.6876625449719114, 0.16475327054596664, 0.687634782120938]","[458.41713120111194, 10.254478081249324, 10.65085226284086]",4.849999999999954,100.0,0.0,"[50.0, 91.22926985987927, 91.22926985987928]",30
93,4172993659,settled,Kl2a_0011,unmatched,,"[0.02061258821177018, -0.08279958466112873, -0.5816412641634049, -0.8089578417999006]","[0.5195809018043056, 0.4796076319974106, -0.5195577432920273, -0.47965816702664055]","[458.18098936266983, 10.73498380138464, 9.847830099478719]",5.390000000000135,100.0,0.0,"[50.0, 114.3783443598653, 114.37834435986531]",31
94,2147595062,settled,Kl2a_0015,unmatched,,"[0.2212092258062878, -0.37459868996068196, -0.8561954135913807, 0.2786964543064874]","[0.6250909320516059, -0.3306178263272323, -0.6250247278727772, 0.33060137496548836]","[458.20447906610934, 12.354643879460284, 9.520126438965304]",5.350000000000121,100.0,0.0,"[50.0, 105.27679554833976, 105.27679554833978]",29
95,3425188374,unsettled,,not_evaluated,,"[0.5059250338539225, 0.5109554085324367, 0.07321181329946617, 0.6910893292511195]","[0.6854417163321502, 0.17342339458220973, 0.685510141781846, 0.17369463214922043]","[458.16607161550724, 10.292144528138417, 10.608035453896374]",5.0600000000000245,100.0,0.0,"[50.0, 105.95990206005403, 105.95990206005403]",34
96,3309235867,settled,Kl2a_0008,unmatched,,"[-0.24306734196876895, -0.9520584383161628, 0.18532314741948006, -0.012582858568879786]","[-0.3308271178692888, -0.6248914910140998, -0.3308856922390144, -0.6249629598720097]","[457.97787240066634, 10.584230697205653, 9.521978505889425]",5.630000000000215,100.0,0.0,"[50.0, 113.49692354441936, 113.49692354441937]",42
97,3869940862,settled,Kl2a_0020,unmatched,,"[0.4370446962991622, 0.5315879670277385, -0.0712213307553231, -0.7220344097018713]","[0.1648458736838592, 0.6876896853661081, -0.1648229476027104, -0.687562455718768]","[458.4743229526404, 10.243096463392144, 10.645836532853567]",4.879999999999964,100.0,0.0,"[50.0, 103.59609332549033, 103.59609332549034]",23
98,3445858407,settled,Kl2a_0007,unmatched,,"[0.3661788719150667, -0.41659059920173236, 0.7948487591076118, 0.24613158384254633]","[0.6757641519240826, -0.20816683354869983, 0.675798879557464, -0.2080991464987539]","[458.3851434116994, 9.516623251043189, 10.5788064352276]",5.050000000000021,100.0,0.0,"[50.0, 111.83390499519895, 111.83390499519896]",23
99,683688611,settled,Kl2a_0007,unmatched,,"[-0.682405748726563, 0.305727349839879, -0.6632158721570864, 0.03158937453857804]","[-0.6758876140584775, 0.2075558943068508, -0.6759740714241728, 0.20773911202046078]","[458.5324890488794, 9.52798230734288, 10.580133527009254]",4.959999999999991,100.0,0.0,"[50.0, 96.18058494265777, 96.18058494265779]",28
100,3671515462,settled,Kl2a_0002,unmatched,,"[0.6402118711341894, -0.3304223695691226, -0.27371010904364496, 0.6372068690421518]","[0.7071329106484266, -0.0003956170393662473, -0.7070803911344566, 0.0004589533598315099]","[458.4436563957931, 9.97650379641715, 13.24135742571084]",4.779999999999931,100.0,0.0,"[50.0, 108.4148937652585, 108.41489376525851]",29
101,3027130951,settled,Kl2a_0020,unmatched,,"[0.4323985038399516, -0.027103271289900536, 0.5777234325488388, 0.6917604947135565]","[0.6877220740508785, 0.16426667391551553, 0.6877659146833621, 0.1644167123611531]","[458.3682423138972, 10.243523092571742, 10.646385755529721]",4.789999999999934,100.0,0.0,"[50.0, 106.21674401908379, 106.2167440190838]",25
102,3369736057,settled,Kl2a_0014,unmatched,,"[0.392632373983932, 0.52958689597549, 0.7336367340362236, 0.1647867742977288]","[0.6169902835486009, 0.3455503388403812, 0.6169209572069567, 0.3454366597406353]","[458.5596848470806, 10.555925932956045, 10.36349855320956]",4.909999999999974,100.0,0.0,"[50.0, 106.67753503188254, 106.67753503188256]",35
103,1655287705,settled,Kl2a_0008,unmatched,,"[-0.338374559147956, -0.8339932412337537, -0.3591333831681041, -0.24694360569181797]","[-0.3307621939042315, -0.6249842583379905, -0.3307255949202524, -0.6249893029308716]","[458.4550301511989, 10.573735838782264, 9.51871760048697]",5.190000000000068,100.0,0.0,"[50.0, 105.232727113777, 105.232727113777]",23
104,3004971955,settled,Kl2a_0009,unmatched,,"[0.5983807723644567, 0.14162009627689387, 0.0638763219609358, 0.7860050986398133]","[0.4038220297037864, 0.5804109087601663, 0.4038987954042203, 0.5804452673501026]","[458.53625198152366, 10.683471300050766, 9.638299909664736]",5.110000000000041,100.0,0.0,"[50.0, 113.65164045591767, 113.65164045591767]",25
105,1256815592,settled,Kl2a_0006,unmatched,,"[-0.8963728679837667, 0.2073247730587596, -0.3124893183533954, -0.23639489405171335]","[-0.6960825311860187, 0.12489124094852827, -0.6959070580048506, 0.1248385130119532]","[458.41421088767817, 9.644101377266495, 10.676141332789031]",4.949999999999988,100.0,0.0,"[50.0, 108.13167069626783, 108.13167069626785]",30
106,267482411,settled,Kl2a_0014,unmatched,,"[0.4002740386498517, -0.1331578089714626, 0.5374979806924249, 0.7301682084591344]","[0.6168301506293932, 0.3456223726434948, 0.6169182374056665, 0.34565536182603496]","[458.50736547472417, 10.544081594645766, 10.368441399451013]",4.599999999999871,100.0,0.0,"[50.0, 109.18542556894774, 109.18542556894775]",25
107,2210323869,settled,Kl2a_0008,unmatched,,"[-0.03946429185382657, -0.17456744636691948, 0.9180226636504986, 0.35384059315100097]","[-0.6251337382641643, -0.33055380614500635, 0.6249397125820666, 0.3307451377794768]","[457.880155228864, 10.577986850626559, 9.521754792403518]",4.979999999999998,100.0,0.0,"[50.0, 113.69453062494256, 113.69453062494257]",25
108,3218958405,settled,Kl2a_0006,unmatched,,"[-0.404214603219616, -0.0038812743139640593, -0.9040684339258072, 0.13876511460971241]","[-0.6959390284575527, 0.12532147715382366, -0.6958633915810645, 0.1254493375464362]","[458.12586160814254, 9.639949411931529, 10.682097552103563]",4.719999999999911,100.0,0.0,"[50.0, 107.58198629960485, 107.58198629960485]",19
109,3163371865,settled,Kl2a_0003,unmatched,,"[0.8462289503461226, -0.5167025404202564, -0.06457889602577149, 0.11289204802573749]","[0.7065116726627795, -0.028987904080867016, 0.7065103213287705, -0.02905380636263946]","[458.28194140956026, 9.847771308074913, 10.727579739828224]",5.500000000000171,100.0,0.0,"[50.0, 113.94098035760452, 113.94098035760453]",22
110,1394697297,settled,Kl2a_0018,unmatched,,"[-0.527043442183119, 0.08164700032060408, 0.5638111724638022, -0.6306155240678819]","[-0.6755848845913363, 0.20853585028538563, 0.6757343423498486, -0.20852088966451204]","[457.9671468096154, 9.534639163674733, 12.33471100014415]",5.280000000000098,100.0,0.0,"[50.0, 106.65746414273467, 106.65746414273468]",45
111,4178031102,unsettled,,not_evaluated,,"[0.14205173309217967, 0.22217751906063563, 0.8725296558567031, -0.4112790473634079]","[-8.50664461293782e-06, -0.00016089382191050716, -0.2944704378412311, 0.9556605753500605]","[458.0219697441965, 9.529619851167933, 40.004074399019125]",4.929999999999981,100.0,0.0,"[50.0, 112.51728761695401, 112.51728761695402]",23
112,643453088,settled,Kl2a_0001,unmatched,,"[0.16125469630250971, -0.1583389287120832, -0.45793045026355916, -0.8597821871242212]","[-0.0001504686879434947, 0.00014599072798569815, 0.294314899582785, -0.9557084785275564]","[458.18502868473325, 9.524613074120923, 40.004744755356114]",4.889999999999968,100.0,0.0,"[50.0, 114.51982848302666, 114.51982848302667]",24
113,3249835323,settled,Kl2a_0013,unmatched,,"[-0.4388154353499695, -0.6030056891706321, 0.6417647301759779, -0.17878250369827034]","[-0.44913105802075237, -0.5461318308282532, 0.44913983449541994, 0.5461636431938386]","[458.5645730329889, 10.71851052003105, 10.05479943405376]",4.709999999999908,100.0,0.0,"[50.0, 113.8125108383751, 113.8125108383751]",28
114,349764347,settled,Kl2a_0019,unmatched,,"[-0.30489753517779516, -0.43322652470872064, -0.6190352861678763, 0.5797823607271656]","[0.20800532395498664, -0.6758749426279277, -0.6757036588853326, -0.20821002017926685]","[458.31734968499353, 40.01052220714701, 9.516282042370875]",5.260000000000091,100.0,0.0,"[50.0, 114.43693338184306, 114.43693338184308]",18
115,317791015,settled,Kl2a_0011,unmatched,,"[0.5443368254782056, 0.8017468445001573, -0.08128455950703292, 0.2330069487120453]","[0.4797189359060145, 0.5195463141220598, 0.47976729335731816, 0.5193887890973161]","[458.23554792986624, 10.73415082057882, 9.830751649103513]",5.380000000000131,100.0,0.0,"[50.0, 114.27003241498049, 114.2700324149805]",32
116,4067508317,settled,Kl2a_0013,unmatched,,"[0.5955590242325951, 0.7207480982005338, 0.2068895066340097, 0.28814642048821065]","[0.5462523365743331, 0.44900729839833764, 0.5462420467866054, 0.4490216666203177]","[458.2748698841655, 10.714630618993764, 10.05153162539655]",5.170000000000061,100.0,0.0,"[50.0, 109.1453236528361, 109.1453236528361]",29
117,2385507088,settled,Kl2a_0012,unmatched,,"[0.7935180967557761, -0.5842239107778282, 0.16865601414313822, -0.02380338400102947]","[0.4796895957604312, -0.5195579280240642, 0.47957312251581075, -0.5195835556548828]","[458.30695757360917, 13.405048736768721, 9.844933504059549]",5.190000000000068,100.0,0.0,"[50.0, 113.91375935441135, 113.91375935441135]",25
118,1526028037,settled,Kl2a_0002,unmatched,,"[0.2630177601705282, -0.7900518183688993, 0.4937222272738805, -0.25075514834713364]","[0.00024377986091353446, -0.7071066417923771, 0.00018471623266672069, -0.7071068544317752]","[458.19535402958223, 9.977304337523611, 13.242767784072933]",5.140000000000051,100.0,0.0,"[50.0, 108.36234854880774, 108.36234854880776]",37
119,297824171,settled,Kl2a_0008,unmatched,,"[-0.933932999720975, 0.21481804800681226, 0.26642393429049765, 0.10315350464185136]","[-0.6250213067190086, -0.33074338588347735, 0.6249559117714089, 0.3307374898368239]","[457.7905991103036, 10.576281447234003, 9.515573968122563]",4.799999999999938,100.0,0.0,"[50.0, 113.55733875213592, 113.55733875213592]",31
120,1353143832,settled,Kl2a_0011,unmatched,,"[0.5671219962586049, 0.5721035472805955, -0.5847319661804703, 0.09570109861091201]","[0.5198546446831597, 0.47936752896404344, -0.519854623207505, -0.4792797630883616]","[458.10245760161393, 10.73176565565082, 9.844512463883307]",4.749999999999921,100.0,0.0,"[50.0, 110.44848782839105, 110.44848782839107]",28
121,1739382006,settled,Kl2a_0020,unmatched,,"[0.9563955010837077, 0.2085247552370943, 0.03434642180192158, -0.2016070317959121]","[0.6877883029312986, 0.1640140543157457, 0.6878533474238401, 0.164025646700795]","[458.39495190326454, 10.244637309920844, 10.651367867537608]",5.010000000000008,100.0,0.0,"[50.0, 113.4756640588769, 113.47566405887689]",25
122,580680804,settled,Kl2a_0008,unmatched,,"[-0.16968873215430308, -0.36406722040316836, 0.42312173284399845, -0.8121753458477228]","[-0.33091349084947663, -0.6249043709449422, -0.33086471697781533, -0.6249154565274488]","[457.8467927308369, 10.573588844764569, 9.521699207160266]",4.889999999999968,100.0,0.0,"[50.0, 109.62292821878755, 109.62292821878756]",22
123,2823014988,settled,Kl2a_0017,unmatched,,"[-0.41227841655831576, -0.6776159921022714, -0.6077500533991811, 0.03876786144108055]","[-0.6587485159258547, -0.25714618008601736, -0.6586415706713123, -0.25713326547975124]","[458.05144010103203, 10.418758488285302, 10.519329497634667]",5.050000000000021,100.0,0.0,"[50.0, 112.49446199178294, 112.49446199178296]",29
124,3517474495,settled,Kl2a_0007,unmatched,,"[-0.23672114932782023, 0.04142403951345284, -0.8289665791097921, -0.5050361938815002]","[-0.6757957683982028, 0.2080733314161131, -0.6757868528680885, 0.2081290408836007]","[458.10677317508265, 9.530031747280413, 10.582584973637289]",4.909999999999974,100.0,0.0,"[50.0, 113.07825660294208, 113.07825660294209]",25
125,1323262800,settled,Kl2a_0018,unmatched,,"[-0.6415921793379193, -0.5698607289892506, 0.4583733999693336, -0.23132671953065048]","[-0.6757239489521746, 0.20839472351066798, 0.6756386933507726, -0.2085213180292415]","[458.3221728528691, 9.525506249174951, 12.346622608852908]",5.0300000000000145,100.0,0.0,"[50.0, 111.60265872566862, 111.60265872566863]",34
126,975802718,settled,Kl2a_0018,unmatched,,"[0.1828500380211907, -0.3326974519297312, -0.8638549380056043, -0.3311086153491733]","[0.6757798647880714, -0.20821769804091292, -0.6756990548142024, 0.20832127086006513]","[458.5843815555318, 9.522367973237897, 12.349799172449485]",5.7100000000002415,100.0,0.0,"[50.0, 109.42019563749597, 109.42019563749598]",32
127,2199045525,settled,Kl2a_0006,unmatched,,"[-0.22696590219673, 0.3044849169639917, -0.8281543798994311, 0.4122326256312622]","[-0.6957037312157358, 0.12631676138547485, -0.6957335040667463, 0.12647246927531375]","[458.25633305691014, 9.651889363099825, 10.683426522634347]",4.729999999999914,100.0,0.0,"[50.0, 108.2412544982909, 108.24125449829091]",33
128,1193102617,settled,Kl2a_0003,unmatched,,"[0.264923181569912, 0.29490665124873133, -0.18009117139264283, -0.9002293846029246]","[-0.02879975381474567, 0.7065558800962375, 0.028923867110526663, -0.7064791379743738]","[458.1764528854846, 9.840641284196828, 10.73171588420341]",5.010000000000008,100.0,0.0,"[50.0, 107.73987398798671, 107.73987398798673]",22
129,884894373,settled,Kl2a_0014,unmatched,,"[0.24323434425598156, -0.33171914018306525, 0.7142081939729147, 0.5663092101251029]","[-0.3448653318319105, -0.6172737778766137, 0.3449487194483626, 0.6172935825013364]","[458.30712106165015, 10.544293789118003, 10.374785146291746]",5.170000000000061,100.0,0.0,"[50.0, 109.7737500377393, 109.77375003773932]",32
130,3411013638,settled,Kl2a_0015,unmatched,,"[0.3126121128521153, -0.6949372831241458, -0.027806151001005218, -0.6469641855533245]","[0.33051245352873637, -0.625151738139719, 0.33045928109896733, -0.6250947815322543]","[458.2158858250207, 12.359396249755704, 9.526721596689159]",5.050000000000021,100.0,0.0,"[50.0, 99.09741892703913, 99.09741892703914]",35
131,805745625,settled,Kl2a_0007,unmatched,,"[-0.3424978912137264, 0.6707485143263009, 0.13948719511167293, -0.6429113060470228]","[-0.20816531518918174, 0.675740030152483, 0.20815676959441395, -0.6758057209536839]","[457.8126703639347, 9.515000595220139, 10.572513907751834]",5.040000000000018,100.0,0.0,"[50.0, 93.12187296900537, 93.12187296900538]",28
132,3780170430,settled,Kl2a_0011,unmatched,,"[-0.45454422231488245, -0.5278795953913799, 0.4315643283729163, 0.5731360337700163]","[-0.5196396503641156, -0.4795707051661157, 0.5197195584269146, 0.4794561013319856]","[458.0959965786546, 10.731308657577395, 9.847528449189607]",4.839999999999951,100.0,0.0,"[50.0, 86.0054755228876, 86.00547552288761]",25
133,3127142703,settled,Kl2a_0020,unmatched,,"[0.8109661425997057, 0.5741242930685939, -0.029942342788381628, 0.10871369634863957]","[0.6876802402738135, 0.1646018876975554, 0.6877079230365217, 0.16449899177850627]","[458.36175098604906, 10.247937907551636, 10.656206850481244]",5.400000000000138,100.0,0.0,"[50.0, 114.3457774903795, 114.34577749037952]",22
134,2145807442,settled,Kl2a_0001,unmatched,,"[-0.9662686388106635, 0.17809795131962475, 0.1504178008414682, -0.10945557352988719]","[-0.9555971485258312, 0.29467590783756065, -0.0004402022693756197, 7.274181837096938e-05]","[458.27674310174666, 9.527140765359222, 40.012637954623]",5.070000000000028,100.0,0.0,"[50.0, 113.93994846037188, 113.9399484603719]",33
135,7356014,settled,Kl2a_0012,unmatched,,"[0.4988490939016427, -0.7433352498905929, -0.3422532345282446, 0.2854207617510581]","[0.5194833199489491, -0.47977400115453006, -0.519501027330641, 0.47965891080370804]","[458.5376420907665, 13.401511211849366, 9.84632743988526]",4.969999999999994,100.0,0.0,"[50.0, 104.85499420770998, 104.85499420770999]",38
136,1854214563,settled,Kl2a_0015,unmatched,,"[-0.4786522849747108, 0.042381572721339654, -0.04037269627946136, 0.8760512757694499]","[-0.3301409176987254, 0.6252881027340756, -0.330172435215488, 0.625306265812312]","[457.9046298038389, 12.350294686766066, 9.532726896242812]",4.859999999999958,100.0,0.0,"[50.0, 111.53476131966762, 111.53476131966761]",25
137,3246756741,settled,Kl2a_0017,unmatched,,"[-0.08399953635894963, -0.5055213412894473, 0.5871633428450268, 0.626603112194197]","[-0.2830131193353071, -0.6479677335614763, 0.28314984856473197, 0.647971877325762]","[458.462289939799, 10.53687542927387, 10.415374529765174]",4.939999999999984,100.0,0.0,"[50.0, 101.56873195804823, 101.56873195804823]",35
138,4269520782,settled,Kl2a_0009,unmatched,,"[-0.5194752963382888, -0.681171635858136, -0.44299430503509846, -0.2643986851386907]","[-0.40356203093052334, -0.5806319871839195, -0.40357269614656577, -0.580631777958351]","[458.48888556451794, 10.69232646717704, 9.63594444124025]",5.140000000000051,100.0,0.0,"[50.0, 100.3187642545744, 100.31876425457442]",30
139,3093880402,settled,Kl2a_0019,unmatched,,"[-0.05416076341648033, -0.7478633609396701, 0.6225989594738519, -0.22391413696379583]","[-0.20868705518341668, -0.6756385937816712, 0.6757559955398322, -0.20812505395451458]","[458.06525300295414, 40.014256891944584, 9.526409598855658]",4.979999999999998,100.0,0.0,"[50.0, 114.09848979885707, 114.09848979885709]",19
140,721312908,settled,Kl2a_0007,unmatched,,"[0.9460509825279109, 0.08363880904516226, 0.11253047497721545, -0.29211124641287545]","[0.6757534825773546, -0.20816814166555564, 0.675777277314008, -0.20820261056517164]","[457.96755605420094, 9.527076326003227, 10.570977487417382]",5.100000000000038,100.0,0.0,"[50.0, 110.96870040918796, 110.96870040918796]",29
141,2185234596,settled,Kl2a_0018,unmatched,,"[0.658049694064986, 0.4307563872776133, -0.5116749430735624, 0.3458443112025753]","[0.6757392376908787, -0.2083233926546747, -0.675701672873299, 0.2083388969780285]","[458.1296123699455, 9.527924324381694, 12.349674798362908]",5.130000000000048,100.0,0.0,"[50.0, 113.12492158830274, 113.12492158830275]",37
142,1811372632,settled,Kl2a_0007,unmatched,,"[-0.7830079767653161, 0.2912889024962417, -0.5406254869584637, 0.09886033813084501]","[-0.6758387688510373, 0.20784943879954915, -0.6758632948808863, 0.20796484304174806]","[458.61290328342244, 9.522161498246998, 10.576373835452356]",4.899999999999971,100.0,0.0,"[50.0, 98.25070255294406, 98.25070255294408]",32
143,158871473,settled,Kl2a_0014,unmatched,,"[0.2953320344710821, 0.049810363611343736, -0.7414813692062492, -0.6004192670227223]","[0.34555463719815793, 0.6168194565692596, -0.34556094581695707, -0.6170197593550331]","[458.11352432518447, 10.541223141334237, 10.370969719311008]",5.0900000000000345,100.0,0.0,"[50.0, 111.61625135912497, 111.61625135912497]",35
144,3933942357,settled,Kl2a_0007,unmatched,,"[-0.5223161875567112, 0.16004639687034006, -0.6757715829697406, -0.4948774784889842]","[-0.6757897107398568, 0.20813013065135574, -0.67572370197956, 0.2082968894540415]","[458.3695987091862, 9.523012540566643, 10.581059728256756]",4.889999999999968,100.0,0.0,"[50.0, 109.20771289255305, 109.20771289255306]",18
145,2247311752,settled,Kl2a_0006,unmatched,,"[0.17245837010463527, -0.918707757440569, -0.27106461152521216, 0.22969140902101487]","[0.12551162373662367, -0.6958766636976104, -0.12549281454923006, 0.6958836502782573]","[458.4493688602857, 9.653898297568157, 10.685584364572582]",4.839999999999951,100.0,0.0,"[50.0, 109.4735311823832, 109.4735311823832]",29
146,2639539135,settled,Kl2a_0009,unmatched,,"[0.24645239917756623, 0.9491774324123663, 0.19576363711496306, -0.00012297239657634696]","[0.40406665796582414, 0.5802337594625716, 0.40416284635336824, 0.5802683120141958]","[458.2721914697947, 10.694950226290912, 9.643105355010274]",5.390000000000135,100.0,0.0,"[50.0, 113.54520063741933, 113.54520063741934]",29
147,588020478,settled,Kl2a_0014,unmatched,,"[-0.5541136395536193, -0.535687911217833, 0.6371731857264717, 0.0026206157474491726]","[-0.36984113273584585, -0.6026653365082362, 0.3700385016524075, 0.6025641343483051]","[458.4097148142845, 10.65266389696, 10.242000664194096]",4.749999999999921,100.0,0.0,"[50.0, 107.66594494483213, 107.66594494483215]",22
148,2481404281,settled,Kl2a_0019,unmatched,,"[0.47312332071797125, -0.36721755019782076, -0.5034863658683956, -0.6227415785092134]","[-0.20808864644619002, 0.6757881281439162, 0.6757795789085076, 0.208162152684331]","[458.61341972615674, 40.00782445708726, 9.523379225778696]",5.540000000000185,100.0,0.0,"[50.0, 114.11400972253975, 114.11400972253976]",16
149,3605935409,settled,Kl2a_0006,unmatched,,"[0.43758170113077044, -0.04842813697409204, 0.8423244287835887, 0.3109124105903791]","[0.695828606090619, -0.125794375047045, 0.6958404219823615, -0.12571568433540298]","[458.1439979290439, 9.637940499685902, 10.68413071480776]",4.719999999999911,100.0,0.0,"[50.0, 105.64204492587625, 105.64204492587626]",32
150,1724216363,settled,Kl2a_0001,unmatched,,"[0.9038264397716476, -0.3574809547607453, -0.07814863091813816, 0.2218060532056667]","[0.955722854128447, -0.2942671916545956, 0.0007959630257432238, -0.00011160266271520447]","[458.1563913336592, 9.52624948364361, 40.01676027786633]",5.050000000000021,100.0,0.0,"[50.0, 112.869871629074, 112.869871629074]",20
151,3705963873,settled,Kl2a_0008,unmatched,,"[-0.24027385609289806, -0.5535180547836926, -0.6057941642682696, -0.5185553660364869]","[-0.3308659085608522, -0.6248899767298558, -0.3308870910149855, -0.6249431978463346]","[457.90217884784875, 10.575127117861957, 9.518709159398625]",4.969999999999994,100.0,0.0,"[50.0, 99.30399920680826, 99.30399920680827]",31
152,3077038052,settled,Kl2a_0011,unmatched,,"[0.1080488437677232, 0.9024479935694852, 0.290136968917735, 0.2995556801833302]","[0.47965870371410946, 0.519539789371929, 0.47962542423273596, 0.5195819354444877]","[457.9342613827362, 10.730495370307969, 9.842610284645355]",5.1200000000000445,100.0,0.0,"[50.0, 106.60164647291293, 106.60164647291293]",31
153,3012538924,settled,Kl2a_0014,unmatched,,"[-0.2967683441627183, 0.032054318743469104, 0.7489957090204642, 0.5915289497748546]","[-0.3697032985156883, -0.6027593588938109, 0.3696489294781978, 0.6027937418953222]","[458.15409526704906, 10.648088069081462, 10.24585416349836]",5.160000000000058,100.0,0.0,"[50.0, 112.73322141468934, 112.73322141468935]",28
154,339579960,settled,Kl2a_0022,unmatched,,"[0.10943307599770635, -0.7653763970695862, 0.4390938896072842, 0.457624222256652]","[-0.06870347634074628, -0.7038402192215162, 0.06871453883791967, 0.7036810998578806]","[458.6047919630806, 10.0462756114957, 10.715726301713232]",4.779999999999931,100.0,0.0,"[50.0, 110.12466327179528, 110.12466327179528]",21
155,3595527923,settled,Kl2a_0011,unmatched,,"[0.2823598288094946, 0.23222413686361007, -0.7567781334317684, -0.5418779697424069]","[0.5198032076962315, 0.4794011908557143, -0.5197880617818504, -0.47937406511397623]","[458.1923063962356, 10.735651584706053, 9.842465113460904]",4.990000000000001,100.0,0.0,"[50.0, 108.68564939638759, 108.6856493963876]",42
156,863450078,settled,Kl2a_0010,unmatched,,"[0.7155061920956329, -0.5773152119456528, -0.01774451200080499, 0.39299257934827014]","[0.449122038874243, -0.5461027900331419, -0.4493373244209073, 0.5460376413744034]","[458.2534190828517, 13.474156069739509, 10.050608593105213]",4.699999999999904,100.0,0.0,"[50.0, 107.88241818664346, 107.88241818664348]",34
157,1293846983,settled,Kl2a_0008,unmatched,,"[-0.18121937706311114, -0.3645890702557667, 0.8980017844289259, -0.16681469476445587]","[-0.6250030633121573, -0.3307559091343864, 0.624961715484897, 0.3307484748283504]","[457.937431176402, 10.582747831412979, 9.513793749196982]",4.909999999999974,100.0,0.0,"[50.0, 108.18206339988798, 108.182063399888]",19
158,297175216,settled,Kl2a_0007,unmatched,,"[-0.8477666509896012, -0.1312003505967588, -0.01452264579268696, 0.5136801205345047]","[-0.6757021465271608, 0.2082787752701622, -0.675764715577857, 0.2082993282046942]","[458.61651277074617, 9.525321351448301, 10.578663522247616]",5.280000000000098,100.0,0.0,"[50.0, 112.67334745317673, 112.67334745317675]",32
159,1619853330,settled,Kl2a_0009,unmatched,,"[0.15586584480866492, 0.8197316892259058, 0.5503561712418267, -0.029221240168093774]","[0.40391552147419313, 0.5803685133600571, 0.4039689503335214, 0.5803737824703151]","[458.12279790814824, 10.689438741644159, 9.646881013578865]",5.290000000000101,100.0,0.0,"[50.0, 113.44703402221218, 113.4470340222122]",29
160,1315304267,settled,Kl2a_0006,unmatched,,"[-0.4261424284512491, 0.323448349614014, -0.8134978350905626, 0.22804619731232195]","[-0.6959376187795119, 0.12534472106687689, -0.6958800909456307, 0.12534125694945983]","[458.191246024941, 9.645140670495538, 10.681532041509524]",4.779999999999931,100.0,0.0,"[50.0, 99.25527819847149, 99.2552781984715]",34
161,3174143715,settled,Kl2a_0006,unmatched,,"[0.21028905661679084, 0.04956162990199746, 0.6021092416687611, -0.7686264493274656]","[-0.12494180696190743, 0.696004134099774, 0.12493086783047239, -0.6959598181305027]","[458.4849807167546, 9.64312638732794, 10.682103868555084]",5.5900000000002015,100.0,0.0,"[50.0, 113.44217082338211, 113.44217082338213]",37
162,1039824701,settled,Kl2a_0003,unmatched,,"[0.01929008521369939, -0.13940476716176264, -0.33327631338561314, 0.9322666477146534]","[0.02859730857186704, -0.7065228566088326, -0.02862492902217073, 0.7065325615074057]","[458.4103415720508, 9.84119546028451, 10.732324261430323]",5.230000000000081,100.0,0.0,"[50.0, 114.09173683463239, 114.0917368346324]",30
163,721441559,settled,Kl2a_0007,unmatched,,"[0.46336501333295005, -0.46209886921724336, -0.18784827917029898, 0.732441481280148]","[0.20773470235411046, -0.6758706223569045, -0.20781492219674685, 0.6759128297237004]","[457.9093427583839, 9.522087727002305, 10.566829749009193]",5.000000000000004,100.0,0.0,"[50.0, 103.48752966089674, 103.48752966089675]",38
164,4105799406,settled,Kl2a_0009,unmatched,,"[0.8527785751162813, 0.07031150942377336, -0.23963750908264853, -0.45869255248571367]","[0.5804104955083843, 0.40384140283912184, -0.5805393457499567, -0.40374477840939865]","[458.2780432717618, 10.687116672157453, 9.646157590460932]",4.669999999999894,100.0,0.0,"[50.0, 109.52443867869819, 109.5244386786982]",27
165,1633137197,settled,Kl2a_0006,unmatched,,"[0.7236837473945174, -0.25836959954595595, -0.3369182255788813, -0.5440708529780555]","[-0.1251375686241705, 0.6959707802663797, 0.12526034719627754, -0.6958987766582907]","[458.6444515863384, 9.633217892926341, 10.68273307051952]",5.290000000000101,100.0,0.0,"[50.0, 113.9038174298672, 113.90381742986722]",28
166,1521883525,settled,Kl2a_0018,unmatched,,"[-0.5517513661834995, 0.22633379929291328, 0.7597306458933603, -0.2591385476974333]","[-0.6757296309599349, 0.20820580761089236, 0.6757829298023523, -0.20822401232229548]","[458.5242442770596, 9.521382585965927, 12.35312637207067]",5.160000000000058,100.0,0.0,"[50.0, 95.38676486390753, 95.38676486390754]",29
167,3988848284,settled,Kl2a_0022,unmatched,,"[0.7716485919791595, -0.43616381321231806, 0.404354639949391, 0.22542604927574153]","[0.7037844240327105, 0.06853054091952138, 0.7037613945438335, 0.06863635334094387]","[458.48710664047036, 10.049136883865241, 10.715233698251279]",5.1800000000000646,100.0,0.0,"[50.0, 108.53393449150656, 108.53393449150657]",25
168,2356674901,settled,Kl2a_0003,unmatched,,"[-0.27157585302068527, 0.8944891783916432, 0.23089258753045264, -0.2698597391605915]","[-0.02874139968588635, 0.7064698884642581, 0.02879930424391222, -0.7065725926700396]","[457.98333678115625, 9.857125555000929, 10.732416729870625]",4.779999999999931,100.0,0.0,"[50.0, 109.52275968853435, 109.52275968853436]",28
169,3622559309,settled,Kl2a_0020,unmatched,,"[-0.28730237314646756, 0.13582052279844167, -0.8446638484557238, 0.4307587666932988]","[-0.6876646559208432, -0.1647088113221749, -0.6876510392827784, -0.16469479847104834]","[457.83607344166114, 10.248365815798325, 10.643220591022056]",4.789999999999934,100.0,0.0,"[50.0, 110.92664356647674, 110.92664356647676]",26
170,855568988,settled,Kl2a_0008,unmatched,,"[-0.05865782718403258, -0.1040160805530854, 0.9877741037645836, -0.10021094864582358]","[-0.6248509452331127, -0.3309479725955143, 0.6249742989806861, 0.33081998320809547]","[458.0565987123562, 10.578081316394298, 9.522838365955812]",5.170000000000061,100.0,0.0,"[50.0, 113.86583319124553, 113.86583319124553]",30
171,2610361744,settled,Kl2a_0007,unmatched,,"[0.8768837609624777, 0.09896632620723421, 0.0167945194244441, -0.47010475444803335]","[0.6758963321284291, -0.20780043775240573, 0.6758627888049984, -0.20782833539720932]","[458.29055120489, 9.529993114732337, 10.57748578953549]",5.070000000000028,100.0,0.0,"[50.0, 111.5443614463859, 111.54436144638592]",36
172,3797455899,settled,Kl2a_0007,unmatched,,"[-0.4969180501798989, 0.4726899551502556, 0.24221087694672733, -0.686272940450193]","[-0.20765802295107824, 0.675957821188442, 0.20761651883458798, -0.6759101645819737]","[458.061597947302, 9.52748533182097, 10.563383304186837]",5.050000000000021,100.0,0.0,"[50.0, 102.43448458878957, 102.43448458878957]",28
173,3701701166,settled,Kl2a_0014,unmatched,,"[0.038018151991904496, 0.4712419557531807, 0.8264302886090928, 0.30577543610716856]","[0.6029823849277517, 0.36941417362579737, 0.6029304604945332, 0.36935114944867864]","[458.1588223659914, 10.660247575827013, 10.241378267301501]",4.719999999999911,100.0,0.0,"[50.0, 109.86608245500322, 109.86608245500324]",31
174,1820757617,settled,Kl2a_0022,unmatched,,"[-0.5010353124202004, 0.6673439701378755, -0.2903095196649054, -0.46833324035406926]","[0.06870450241717085, 0.7037197561973234, -0.06863410796369807, -0.7038093174356364]","[458.11169867939486, 10.046498723535473, 10.719963685999033]",4.779999999999931,100.0,0.0,"[50.0, 113.06269388518666, 113.06269388518668]",21
175,3255375637,settled,Kl2a_0016,unmatched,,"[0.16079504159719665, 0.03163046504438766, 0.9836813166119124, -0.07426665218983812]","[-0.0002731754896289629, 0.00014952184580330208, 0.9572027391868706, -0.289418069773678]","[458.35368717247366, 9.544453650612882, 40.00738305246043]",4.919999999999978,100.0,0.0,"[50.0, 114.03572374289924, 114.03572374289925]",25
176,1973362254,settled,Kl2a_0007,unmatched,,"[0.4370329981051625, 0.6281019972483824, 0.25933110964107237, -0.5892685425102347]","[-0.20795647821331714, 0.6758436330589805, 0.20797673461194066, -0.6758218438929794]","[458.4149303329424, 9.52183185435762, 10.570036832718014]",5.1500000000000545,100.0,0.0,"[50.0, 111.89123317064555, 111.89123317064556]",35
177,817567550,settled,Kl2a_0008,unmatched,,"[-0.6508066209752018, 0.08221533458115264, 0.55707091057372, 0.5092773129122438]","[-0.6247076900043126, -0.331072255022006, 0.6249577745252789, 0.33099734751887444]","[458.4883876368813, 10.579074967203345, 9.51987371595032]",4.979999999999998,100.0,0.0,"[50.0, 109.76203828550544, 109.76203828550545]",27
178,3034277235,settled,Kl2a_0007,unmatched,,"[0.8184751723934598, -0.1985326357737203, 0.4910595501215825, -0.22258414800390608]","[0.6758074093700257, -0.20818925959440512, 0.6757397010598291, -0.20812840757974624]","[458.25718117008984, 9.524284736188397, 10.577587920524914]",4.939999999999984,100.0,0.0,"[50.0, 99.07160258689763, 99.07160258689764]",22
179,422340604,settled,Kl2a_0017,unmatched,,"[-0.10515306509406758, -0.6939169060083207, 0.5688745799846401, 0.4287235387804846]","[-0.2834811139291771, -0.6477684561834747, 0.2834556171298924, 0.6478328475283285]","[457.9638858201528, 10.540608515339432, 10.405299108231837]",4.829999999999948,100.0,0.0,"[50.0, 108.29094212333327, 108.29094212333328]",40
180,2537213971,settled,Kl2a_0009,unmatched,,"[0.23132630909009871, 0.46561995068971057, -0.8276594625733378, 0.21134335630740153]","[0.5804392363103186, 0.4037745107937879, -0.5804850875436537, -0.403848363280289]","[458.07249383345896, 10.686040364589756, 9.64046502444294]",5.000000000000004,100.0,0.0,"[50.0, 112.29929570026951, 112.29929570026951]",24
181,2777209301,settled,Kl2a_0017,unmatched,,"[0.32930012781810725, 0.01867638849719574, 0.9112679827706169, -0.24658321497792762]","[0.648100121645759, 0.2827351225524365, 0.6481557846623751, 0.28270331021534234]","[457.84516749723963, 10.523092683153251, 10.412890593989394]",4.779999999999931,100.0,0.0,"[50.0, 110.6769881077361, 110.67698810773611]",16
182,3393578195,settled,Kl2a_0008,unmatched,,"[-0.15397492832795756, 0.3309463782688252, -0.9275545927691834, -0.08005431649787881]","[0.6249974307312881, 0.3307734517502062, -0.6249623753769954, -0.33074032799113895]","[458.131148998641, 10.571696551056656, 9.521665865514683]",5.160000000000058,100.0,0.0,"[50.0, 109.07727197739587, 109.07727197739588]",37
183,968986378,settled,Kl2a_0011,unmatched,,"[-0.4905117620949998, -0.29508233684492746, 0.22153130108786623, 0.7894608973007544]","[-0.5195254884663495, -0.4797870334611877, 0.5194604314025962, 0.479644169737674]","[458.37346411880907, 10.734751576842292, 9.840740829335882]",5.020000000000011,100.0,0.0,"[50.0, 106.54943336605984, 106.54943336605986]",26
184,688328363,settled,Kl2a_0013,unmatched,,"[0.6574786135502686, 0.48651254614584893, 0.39037759997999605, 0.4226496712415117]","[0.5464272475031348, 0.44890990585803403, 0.5462790391985124, 0.4488611934006206]","[458.5618822692729, 10.716311689482351, 10.034008848403257]",4.979999999999998,100.0,0.0,"[50.0, 95.70442499880224, 95.70442499880224]",39
185,4152859901,settled,Kl2a_0006,unmatched,,"[0.8341644144507744, 0.048874222441177215, 0.5394240533290614, -0.10393618587774474]","[0.6958603635608555, -0.12552494003420173, 0.6959246550497025, -0.12534240443009229]","[457.99018297686416, 9.646473215288072, 10.68541472872871]",4.819999999999944,100.0,0.0,"[50.0, 98.4313744172209, 98.43137441722091]",24
186,1795468969,settled,Kl2a_0003,unmatched,,"[0.6958911543690574, 0.6723588408308361, 0.1118583646721971, -0.22617868308126884]","[0.7065370619473075, -0.028014730041448416, 0.706563324976146, -0.028085989286909724]","[457.9087832302632, 9.851414465855935, 10.727068913786074]",5.050000000000021,100.0,0.0,"[50.0, 112.8335934574034, 112.83359345740341]",24
187,2590496957,settled,Kl2a_0009,unmatched,,"[0.1047572316295402, 0.8643758926302282, 0.4643415446167823, 0.16207149226163065]","[0.4040148953858811, 0.5803111836452587, 0.4040136571367916, 0.5803308188348516]","[458.6157343375567, 10.687255161074786, 9.643750109075018]",5.240000000000085,100.0,0.0,"[50.0, 110.09306876808868, 110.0930687680887]",27
188,3299187091,settled,Kl2a_0003,unmatched,,"[0.20222460773203968, 0.2009896358457774, -0.3863384758428723, -0.8771835363215675]","[-0.028428631147002392, 0.706548695668971, 0.028451712780865362, -0.7065205259717644]","[458.04404234360436, 9.844241280798707, 10.722485643851668]",5.170000000000061,100.0,0.0,"[50.0, 111.81698911478446, 111.81698911478448]",29
189,1977285233,settled,Kl2a_0008,unmatched,,"[-0.32756654353009235, 0.8699542333514705, 0.3587758928499423, 0.08461471587927127]","[0.33087929219978385, 0.6248990038902631, 0.33083302443290974, 0.6249557095306042]","[458.3354171259408, 10.58368568729191, 9.514566251707814]",5.200000000000071,100.0,0.0,"[50.0, 108.37318636248945, 108.37318636248946]",32
190,2229299064,settled,Kl2a_0007,unmatched,,"[-0.619164876115041, -0.029487633076919168, 0.09038781523465148, -0.7794840463653336]","[-0.20807957941632355, 0.6757803368826478, 0.20795774753764854, -0.6758530906578504]","[458.6157083463584, 9.529090065350848, 10.571772525862881]",5.050000000000021,100.0,0.0,"[50.0, 113.86100109425348, 113.8610010942535]",17
191,621973311,settled,Kl2a_0008,unmatched,,"[0.16166114230001008, 0.06193822841095333, -0.8426691729137268, -0.5098411477631677]","[0.6250746661599699, 0.33067655677613594, -0.6249812346556256, -0.3306556106465019]","[458.1134998084464, 10.581356145663673, 9.513718452813745]",5.160000000000058,100.0,0.0,"[50.0, 113.75924389347188, 113.75924389347189]",29
192,3137073118,settled,Kl2a_0006,unmatched,,"[-0.9517371159511713, -0.13330978245545402, -0.10058018127309286, -0.2575045458971512]","[-0.6959534597423324, 0.12513173628819874, -0.6959236422336657, 0.12522425734021164]","[457.99912415041456, 9.653048126485116, 10.684346884047901]",5.100000000000038,100.0,0.0,"[50.0, 111.97606227612027, 111.97606227612029]",18
193,1722482046,settled,Kl2a_0021,unmatched,,"[0.08813421819190732, -0.994524617110877, -0.03387195651061283, 0.0447865616709708]","[0.17563998060250693, -0.9844544628104434, 8.853642215306269e-05, -5.277726902015723e-06]","[458.4188885624479, 9.648324701299808, 40.00188700897267]",4.939999999999984,100.0,0.0,"[50.0, 113.64076387132685, 113.64076387132684]",36
194,2843863878,settled,Kl2a_0007,unmatched,,"[-0.792454714480961, 0.19954686388438475, -0.5738415226829097, 0.0538746828831977]","[-0.6759068389805872, 0.20769474908128066, -0.675923119925654, 0.2077035680321946]","[457.85348144423824, 9.521183361201265, 10.579589238276446]",4.879999999999964,100.0,0.0,"[50.0, 96.19641644321784, 96.19641644321786]",31
195,3220027874,settled,Kl2a_0018,unmatched,,"[0.7896857943755625, -0.03461262758727217, -0.1393528469326443, 0.5964722090967093]","[0.6757322508312289, -0.20823410831447992, -0.6757670132374367, 0.20823886558754728]","[458.25327804819926, 9.52317974595253, 12.356557411380916]",4.869999999999961,100.0,0.0,"[50.0, 113.64894864987549, 113.64894864987549]",32
196,2854411774,settled,Kl2a_0018,unmatched,,"[0.25812684870484337, -0.42701643641739917, -0.8403627789845408, 0.21170236820704633]","[0.6757546541259695, -0.20826959576537218, -0.6757537490695907, 0.20817370997609808]","[458.2029123460025, 9.529325373988813, 12.356240242517165]",5.5900000000002015,100.0,0.0,"[50.0, 106.04647217914523, 106.04647217914524]",33
197,656915034,settled,Kl2a_0008,unmatched,,"[0.12784497927697372, 0.19566603027633855, -0.8798667290965462, 0.4137692652898647]","[0.6250769850251878, 0.33059584687747, -0.6250436538879267, -0.33061394337447353]","[457.8905342631358, 10.586389387967134, 9.521642678591492]",5.000000000000004,100.0,0.0,"[50.0, 114.0629122481593, 114.06291224815931]",29
198,3284494407,settled,Kl2a_0007,unmatched,,"[0.06860253914579117, 0.045309811010266335, -0.15727795108926526, 0.9841261904604139]","[0.20816559608499033, -0.6757183074037311, -0.2082088314747515, 0.675811316967936]","[458.2486814669028, 9.518760468394328, 10.576531918955855]",5.670000000000228,100.0,0.0,"[50.0, 113.93943060288261, 113.93943060288262]",34
199,1067328885,settled,Kl2a_0006,unmatched,,"[-0.25591978843345803, -0.19766273096154707, 0.15568931420534965, -0.9333784570683347]","[-0.12542414914424124, 0.6958855414725363, 0.12533069111481407, -0.6959197610684734]","[458.1795348668569, 9.64402996781649, 10.681506552163981]",5.370000000000128,100.0,0.0,"[50.0, 111.3308081349821, 111.33080813498212]",30
200,1022616554,settled,Kl2a_0003,unmatched,,"[-0.8238360682547088, 0.3606969984141823, -0.22922594801049753, 0.37235369306119537]","[-0.7063850039594504, 0.03179414810206061, -0.706394797064073, 0.0318708175056543]","[457.98713347470704, 9.853195522574868, 10.733189340146694]",5.0300000000000145,100.0,0.0,"[50.0, 105.33579532916833, 105.33579532916835]",29
201,2676922396,settled,Kl2a_0007,unmatched,,"[0.5670889684174194, 0.5750736296769055, 0.14364165261314565, -0.5718981535064273]","[-0.20826940221797982, 0.6757542987826025, 0.208176297869468, -0.6757533668299116]","[458.3653103079507, 9.514803592836481, 10.57532988942206]",5.050000000000021,100.0,0.0,"[50.0, 111.40371410072737, 111.40371410072736]",28
202,2816620340,settled,Kl2a_0018,unmatched,,"[-0.7565840465540268, 0.6103532874587686, 0.21623990110412925, 0.09104806510126615]","[-0.675580799356153, 0.20870536689664068, 0.6756241147493721, -0.20872160630602538]","[457.79635136728757, 9.53227831692308, 12.351185850370564]",5.100000000000038,100.0,0.0,"[50.0, 114.4302810353011, 114.43028103530112]",26
203,955953799,settled,Kl2a_0022,unmatched,,"[0.11073782713774945, 0.9170597891921606, -0.07497005608619735, -0.37565671480498297]","[0.06852125741748372, 0.7037984099433163, -0.06856641367512231, -0.7037551295435925]","[457.8615138786911, 10.058176727795567, 10.719607561311834]",4.739999999999918,100.0,0.0,"[50.0, 108.52062314940036, 108.52062314940038]",29
204,2242742075,settled,Kl2a_0009,unmatched,,"[-0.5055708590298321, -0.21761777531037735, 0.4139789610763628, 0.725025537588115]","[-0.580710965313226, -0.40346194882808717, 0.580655451953847, 0.40352506332209037]","[458.61659294913994, 10.681732561869493, 9.642126748754055]",4.979999999999998,100.0,0.0,"[50.0, 103.76916402186757, 103.76916402186757]",25
205,563646561,settled,Kl2a_0003,unmatched,,"[0.1809966848044624, -0.019574520890661435, 0.7801086826909813, 0.5985711999518831]","[0.706433704570933, -0.029966784749043632, 0.7065076207892504, -0.030006576357609758]","[457.96015618855176, 9.847019369097145, 10.733595367610327]",4.739999999999918,100.0,0.0,"[50.0, 113.8367393332209, 113.8367393332209]",30
206,1252269686,settled,Kl2a_0014,unmatched,,"[-0.011368646951402817, -0.28266853817251103, 0.7576322028925588, 0.5881859370420873]","[-0.3453310068130772, -0.6169893106552428, 0.3453944184922199, 0.6170683770418447]","[458.09939706801526, 10.552288473716338, 10.371807983870516]",4.909999999999974,100.0,0.0,"[50.0, 111.9711574278653, 111.9711574278653]",31
207,4027616480,settled,Kl2a_0011,unmatched,,"[-0.68043651234536, -0.516815929602009, -0.050263332945028244, -0.5170890106530511]","[-0.4790637116357983, -0.520022713089908, -0.4791804976166531, -0.5200580628816369]","[458.4820238427964, 10.734671787894952, 9.839419089847006]",5.1200000000000445,100.0,0.0,"[50.0, 106.92305256579633, 106.92305256579634]",32
208,3293718972,settled,Kl2a_0014,unmatched,,"[-0.08516311405964443, 0.5620827045333399, 0.651702175353801, 0.5020901830421239]","[0.6170947340843473, 0.34532504309937817, 0.6169814779189003, 0.34536728229348945]","[458.4330660931079, 10.549339714548164, 10.372258769356092]",4.849999999999954,100.0,0.0,"[50.0, 111.57608713716127, 111.57608713716128]",28
209,1890189631,settled,Kl2a_0022,unmatched,,"[-0.3394955856316147, 0.8200204556643811, -0.259860350300175, -0.3805020341213674]","[0.06864987733623928, 0.7037832431380611, -0.06858800950401792, -0.7037556578614973]","[458.59708816087647, 10.050386717615872, 10.714026426150092]",4.5599999999998575,100.0,0.0,"[50.0, 107.11086726930888, 107.11086726930888]",31
210,3852779429,settled,Kl2a_0019,unmatched,,"[-0.07873436011047828, 0.8811833971798156, -0.4645710261040449, -0.03860677113237618]","[0.2079190238565316, 0.6757657312459607, -0.6759820239184918, 0.20774662291170637]","[457.9745788064197, 40.004861798603905, 9.522774735728904]",5.0600000000000245,100.0,0.0,"[50.0, 111.2769692694735, 111.27696926947351]",19
211,3574699569,settled,Kl2a_0021,unmatched,,"[-0.014546357465746501, -0.03992950916464047, 0.7826885063450515, -0.6209611419547136]","[-0.00023203151075533449, 0.00012586667086206263, 0.984580013724945, -0.174934636056861]","[458.52089037774044, 9.663166482631306, 40.00803752138172]",4.669999999999894,100.0,0.0,"[50.0, 113.63605643358315, 113.63605643358315]",28
212,2869775536,settled,Kl2a_0004,unmatched,,"[-0.3863819961020629, 0.2479889883113953, 0.7960141815311683, 0.39442595954848136]","[-0.7037562468448566, -0.06882131756972368, 0.7037419989364099, 0.06883291514816578]","[458.42006721833405, 10.052490653591436, 13.476184601131099]",5.210000000000075,100.0,0.0,"[50.0, 108.1588521962551, 108.15885219625511]",31
213,4134650688,settled,Kl2a_0015,unmatched,,"[-0.7081233746404337, 0.6882251021543365, -0.14514896229160873, 0.0619618737464115]","[-0.3304049767067466, 0.6251507373929678, -0.3305120835756741, 0.6251246831752124]","[458.4491843115979, 12.354220582085338, 9.51964726957364]",5.390000000000135,100.0,0.0,"[50.0, 113.91889120653897, 113.91889120653899]",38
214,2427166635,settled,Kl2a_0018,unmatched,,"[-0.7325272346230783, -0.4320528088242486, 0.4107407595996201, -0.3286734691545241]","[-0.6758308143173748, 0.20810438122967787, 0.6757498342925973, -0.2081043929994133]","[458.3759339953747, 9.526027040806401, 12.354189795591944]",5.070000000000028,100.0,0.0,"[50.0, 111.8844680554384, 111.88446805543842]",32
215,1727678526,settled,Kl2a_0003,unmatched,,"[-0.817861978484829, -0.44515403845660717, -0.3381080399473218, 0.13646471894828646]","[-0.7065077057359819, 0.028521886026748353, -0.70656055879949, 0.028382045417995442]","[458.50198370158324, 9.844832189341915, 10.729253659950803]",5.050000000000021,100.0,0.0,"[50.0, 109.36995679631103, 109.36995679631102]",38
216,1757121035,settled,Kl2a_0017,unmatched,,"[-0.9059781301467139, -0.3465295566639513, 0.21530600688523707, -0.11297883630699883]","[-0.6586665045492456, -0.25720247952918146, -0.658683842885482, -0.2571787616241538]","[458.47962091150436, 10.410758272081154, 10.528473779918464]",5.690000000000235,100.0,0.0,"[50.0, 114.32631080491255, 114.32631080491257]",34
217,3717735769,settled,Kl2a_0010,unmatched,,"[0.5094001570299311, -0.5002641495458026, -0.18323984826967746, -0.6757739405327805]","[0.5459323357386291, -0.4494285735114498, 0.5458763531007825, -0.4494339208736007]","[458.27376734325514, 13.487258759488972, 10.049360215333754]",4.899999999999971,100.0,0.0,"[50.0, 112.27251198446513, 112.27251198446514]",26
218,3836871440,settled,Kl2a_0003,unmatched,,"[-0.4194565967077174, -0.8442144356203974, -0.1926679974710818, 0.2724650306351189]","[0.0285418478489666, -0.7065314750160939, -0.028501612266615906, 0.7065311711673822]","[457.79813356054086, 9.84876739961127, 10.733090604184754]",4.769999999999928,100.0,0.0,"[50.0, 110.55899147345986, 110.55899147345987]",28
219,2749509740,settled,Kl2a_0015,unmatched,,"[-0.1597855590775447, 0.9155824751788669, -0.36890595336263704, -0.009257636265270899]","[-0.33061171678443046, 0.6250694519127085, -0.3307100436341563, 0.6249919519880975]","[458.23737267835503, 12.360139802758859, 9.522397232079005]",5.550000000000188,100.0,0.0,"[50.0, 108.71493218857229, 108.7149321885723]",39
220,2774629600,settled,Kl2a_0013,unmatched,,"[-0.30825961786575184, -0.5268689113523266, 0.49770258237844495, 0.616179598605392]","[-0.44901969098370453, -0.5462375111007899, 0.4491250479170615, 0.5461616884300933]","[458.5299421375171, 10.714425951735292, 10.052487247488274]",4.839999999999951,100.0,0.0,"[50.0, 92.82424636819358, 92.8242463681936]",30
221,4108662306,settled,Kl2a_0009,unmatched,,"[-0.3062271054652854, -0.3870148795577624, -0.8664927602010577, 0.07506490124149866]","[-0.40387551308351216, -0.5804248998491198, -0.40381956261671514, -0.5804491936549777]","[457.8694796377364, 10.686925959860563, 9.642753057328745]",4.789999999999934,100.0,0.0,"[50.0, 108.39930290672129, 108.39930290672127]",28
222,3915063510,settled,Kl2a_0009,unmatched,,"[0.46725796019968024, 0.8012846212229413, -0.1304090628171751, 0.3501520109278076]","[0.40396701492404663, 0.5804035931071972, 0.40391763608478237, 0.5803385763683917]","[457.95432182700057, 10.684831398872724, 9.64245316606762]",5.300000000000105,100.0,0.0,"[50.0, 110.8870285636848, 110.8870285636848]",30
223,4074036573,settled,Kl2a_0008,unmatched,,"[-0.22252096209612113, -0.8929375005362474, -0.2719299177765263, -0.2814270089773681]","[-0.3307341448283446, -0.6250349745702808, -0.33068128915979444, -0.6249768723786573]","[457.9131521896241, 10.574502280918805, 9.519938042225723]",5.110000000000041,100.0,0.0,"[50.0, 107.35975686206692, 107.35975686206693]",29
224,1229361572,settled,Kl2a_0022,unmatched,,"[-0.5077338642986794, -0.31380879933589584, 0.060137209423592304, -0.8000711696758213]","[-0.7037187122949305, -0.06885051333934428, -0.7037688300170545, -0.06891309509302138]","[457.9379928738803, 10.058538812763311, 10.718758797436827]",4.979999999999998,100.0,0.0,"[50.0, 112.12171219178188, 112.1217121917819]",22
225,1745034590,settled,Kl2a_0019,unmatched,,"[-0.40236593803313664, 0.6784087334039052, -0.5993055388273092, -0.1367337320595452]","[0.20869141073543027, 0.6757013542102932, -0.6756797009205784, 0.20816463860970683]","[457.84320138035525, 40.00703806162072, 9.519809290006751]",5.110000000000041,100.0,0.0,"[50.0, 114.80535112060987, 114.80535112060987]",16
226,4151795851,settled,Kl2a_0011,unmatched,,"[0.37827042312259135, 0.7093878632050035, -0.5596843583528156, -0.20108148980772006]","[0.5198377645380176, 0.4793452529558505, -0.5198010423232337, -0.4793784553236496]","[458.21805717236913, 10.729585223942783, 9.836875447469868]",4.849999999999954,100.0,0.0,"[50.0, 106.62517426593293, 106.62517426593294]",28
227,2697486113,settled,Kl2a_0012,unmatched,,"[-0.638297706726111, 0.517839873353241, 0.35548034649844024, -0.4450299163056749]","[-0.5003219830541557, 0.49969775575252584, 0.5003218964992724, -0.4996579490531673]","[458.0325869369368, 13.251591437602334, 9.977563596397149]",4.919999999999978,100.0,0.0,"[50.0, 96.11402658500596, 96.11402658500597]",31
228,2966183571,settled,Kl2a_0007,unmatched,,"[-0.4050248111058649, 0.5694886344768997, -0.6901580810227609, 0.18793461838968]","[-0.6758207052715997, 0.20818084845385834, -0.6757112796737468, 0.20818591495319008]","[458.05095367188477, 9.527362549354367, 10.578428192196641]",5.020000000000011,100.0,0.0,"[50.0, 108.31548431037999, 108.31548431037999]",28
229,2500031451,settled,Kl2a_0007,unmatched,,"[0.76319034690919, -0.2277529373624901, -0.35234984779530726, -0.49144549918176267]","[-0.20823711621077484, 0.675753362263745, 0.20818523342314857, -0.6757615003875357]","[458.46356878796854, 9.521353991056197, 10.57151836997561]",5.230000000000081,100.0,0.0,"[50.0, 113.25950336048444, 113.25950336048446]",32
230,2561181116,settled,Kl2a_0004,unmatched,,"[0.5557099502907066, 0.18332897211156124, -0.733061527964434, 0.3466954504328954]","[0.7037843635190577, 0.06852320791694305, -0.7037667193723245, -0.06858968105161567]","[457.9608121767161, 10.055504990483746, 13.47955463143332]",4.909999999999974,100.0,0.0,"[50.0, 106.18732917844684, 106.18732917844686]",20
231,65157401,settled,Kl2a_0007,unmatched,,"[0.7007348822005915, 0.34419107347733346, 0.6134359061064913, -0.1191617342318908]","[0.6757298919167452, -0.20802737291076445, 0.6758771451961777, -0.20809567485052316]","[457.92953547669526, 9.521123259283563, 10.577314243615112]",4.949999999999988,100.0,0.0,"[50.0, 104.5757919358872, 104.57579193588717]",30
232,2234388547,settled,Kl2a_0007,unmatched,,"[0.6047940157947055, 0.6077553528195518, 0.07337389496054626, -0.5093858077296758]","[-0.2078344369454707, 0.6758205087886209, 0.2078819135993213, -0.675911678193633]","[458.4157548426833, 9.516347698419278, 10.575993261869057]",4.979999999999998,100.0,0.0,"[50.0, 108.50230930156823, 108.50230930156825]",35
233,2166876674,settled,Kl2a_0003,unmatched,,"[0.337147373849726, 0.47287700853367526, -0.8005264802242199, 0.14790651630775833]","[-0.028991735934088353, 0.7066166484339023, 0.02890846956841947, -0.7064111350982365]","[458.25367774768375, 9.843696180973039, 10.72066539669151]",4.879999999999964,100.0,0.0,"[50.0, 112.1745704697316, 112.17457046973162]",32
234,372911645,settled,Kl2a_0018,unmatched,,"[0.45729859765411696, -0.2994543659042598, -0.817463624635389, -0.18154420321901665]","[0.6757055165403398, -0.20844122615281152, -0.6756764898608347, 0.20841207068259385]","[457.8778015742876, 9.52258556540251, 12.358662969454793]",5.310000000000108,100.0,0.0,"[50.0, 106.50098628224207, 106.50098628224208]",25
235,2861615969,settled,Kl2a_0009,unmatched,,"[-0.23990956037846306, -0.901204257015366, -0.03228041700793559, -0.35948889364511455]","[-0.4034910623289865, -0.5807245839137415, -0.403485937657486, -0.5806487908981618]","[457.94906598743603, 10.68590962892129, 9.641226943577438]",5.220000000000078,100.0,0.0,"[50.0, 111.24537212154775, 111.24537212154776]",36
236,2387200314,settled,Kl2a_0009,unmatched,,"[0.013659507951663442, 0.4204500321245355, -0.9053954738728021, 0.05739533273394037]","[0.580466597251719, 0.4037987623047277, -0.5803916422769023, -0.40391908918903685]","[458.70021263998575, 10.689476633206047, 9.645287984280131]",5.0300000000000145,100.0,0.0,"[50.0, 109.60518292814312, 109.60518292814312]",16
237,1385614205,settled,Kl2a_0007,unmatched,,"[-0.04519506248186818, -0.48284814014254235, -0.26943042102355846, 0.8319989952609412]","[0.20772813164611095, -0.6759246912723536, -0.20784870534814295, 0.6758503907939171]","[458.06471797006395, 9.528600072516065, 10.575796149582521]",5.050000000000021,100.0,0.0,"[50.0, 102.97046337267345, 102.97046337267345]",26
238,1583315686,settled,Kl2a_0013,unmatched,,"[0.6752684329575351, 0.1680356411288354, 0.18105246852978027, 0.6949795467499522]","[0.5461124506027218, 0.4492239122330516, 0.5461124865925424, 0.449132742028937]","[458.2082907864532, 10.720610226850193, 10.046225307308568]",5.130000000000048,100.0,0.0,"[50.0, 112.95118821083703, 112.95118821083705]",33
239,3858463115,unsettled,,not_evaluated,,"[-0.02604605381927596, 0.9764416198827186, -0.2089560607397276, -0.047124629668476824]","[0.9556095244317246, -0.2946355819194687, 0.0004676384654440645, -0.0003033094371446276]","[458.4584116166646, 9.524834825260426, 40.002752009946605]",5.1200000000000445,100.0,0.0,"[50.0, 113.2870241202724, 113.2870241202724]",22
240,341800848,settled,Kl2a_0009,unmatched,,"[0.559550952873797, 0.4583146987576111, 0.5125176614239061, 0.462791545697754]","[0.40392563333987863, 0.580423107579065, 0.403980837394408, 0.5803038703449703]","[458.3977619592613, 10.691023648812582, 9.644944750328284]",5.010000000000008,100.0,0.0,"[50.0, 85.36350795012086, 85.36350795012085]",34
241,2423485330,settled,Kl2a_0006,unmatched,,"[-0.8623942645929769, 0.4774291536592661, -0.15922513505175553, -0.0546341651449517]","[-0.6957644839398593, 0.12610870830537116, -0.6957811302984709, 0.12608328714795775]","[457.8000956733007, 9.652868101550986, 10.688633281184227]",5.160000000000058,100.0,0.0,"[50.0, 114.00519685917666, 114.00519685917668]",27
242,3180880856,settled,Kl2a_0007,unmatched,,"[0.10224891412479975, -0.955790906892587, -0.16146386686159142, 0.22346883800621423]","[0.20801268771711903, -0.6758777482648525, -0.20783630102376677, 0.6758136304676692]","[458.03510003063064, 9.518634787137886, 10.57029767496218]",4.879999999999964,100.0,0.0,"[50.0, 112.22066529116768, 112.22066529116768]",22
243,2801613835,settled,Kl2a_0006,unmatched,,"[-0.14433092329872946, 0.7897983796467177, 0.5282216439799444, -0.2763494145430388]","[-0.12608359118616802, 0.6957209338711433, 0.12611923337146275, -0.6958227139012194]","[458.3419477403577, 9.6401124385482, 10.673626771464933]",4.919999999999978,100.0,0.0,"[50.0, 110.78467612905592, 110.78467612905594]",27
244,90147713,settled,Kl2a_0021,unmatched,,"[-0.210859600307379, -0.9719644633107304, -0.07201725142344272, 0.07507880204630919]","[0.1751652730313344, -0.9845390401517615, -6.813123456939074e-05, 2.9984014403308668e-05]","[458.09415640131004, 9.643612823333898, 39.99866111178613]",4.979999999999998,100.0,0.0,"[50.0, 114.02713629036272, 114.0271362903627]",30
245,1005713428,settled,Kl2a_0008,unmatched,,"[0.6667427871336417, 0.021383060332239117, -0.7075360080632618, -0.23321581813846876]","[0.6248592861646374, 0.33095377999052594, -0.6250377377012238, -0.3306785364264493]","[458.30928402661107, 10.57958892776623, 9.521046612858077]",4.909999999999974,100.0,0.0,"[50.0, 93.79468552552109, 93.79468552552107]",30
246,2629818591,settled,Kl2a_0006,unmatched,,"[0.05151306419367056, -0.9158602742422736, 0.24549129762624153, 0.313497025619112]","[0.12614266732448423, -0.6957644731003054, -0.12614262567938808, 0.6957642297778959]","[457.94712710911193, 9.656716258932388, 10.683972764252813]",4.929999999999981,100.0,0.0,"[50.0, 107.75858041409671, 107.75858041409673]",35
247,3392212039,settled,Kl2a_0022,unmatched,,"[-0.13576075001630175, -0.3113963090186456, 0.34394700026860947, 0.8753866679878102]","[-0.06862005736161036, -0.7037920719802873, 0.0686386839771849, 0.7037447962203797]","[458.36788813407605, 10.055186855207142, 10.719064796449276]",5.070000000000028,100.0,0.0,"[50.0, 110.17729763060896, 110.17729763060898]",36
248,2276997534,settled,Kl2a_0002,unmatched,,"[-0.5611092435708998, -0.34654972379426824, 0.7170849059217052, -0.2254971029008315]","[-0.7071501869785785, 0.001471444120077298, 0.7070603318150276, -0.0014611919744425275]","[457.9395985992219, 9.985623458296322, 13.247999417400656]",4.739999999999918,100.0,0.0,"[50.0, 109.37041255284797, 109.37041255284798]",20
249,3484193762,settled,Kl2a_0020,unmatched,,"[0.6459184252746818, -0.4977225913968061, -0.5385794684465182, -0.21211734033734517]","[0.19123817176034993, 0.6806901867075241, -0.19140058394215834, -0.6807750346835846]","[458.0762613444434, 10.374666567119695, 10.545712248534972]",4.859999999999958,100.0,0.0,"[50.0, 111.64492171819536, 111.64492171819538]",29
250,2295828995,settled,Kl2a_0019,unmatched,,"[-0.013476426495046517, 0.8381611037621863, -0.5451108033376667, 0.01259214650648228]","[0.2081951999300875, 0.6757137143800194, -0.6759612749452472, 0.20770673965768363]","[458.23791310726017, 40.00219642716924, 9.521362744121264]",5.020000000000011,100.0,0.0,"[50.0, 113.257395774538, 113.257395774538]",16
251,3771793615,settled,Kl2a_0007,unmatched,,"[0.23254083200101008, -0.6380020625267856, 0.7262400279824832, -0.10702126620372046]","[0.6758054066595588, -0.20813708985530324, 0.6758438646596575, -0.2078486823585185]","[457.9792938350334, 9.523753881248247, 10.57694842388975]",4.959999999999991,100.0,0.0,"[50.0, 114.18581535481978, 114.1858153548198]",22
252,3118298281,settled,Kl2a_0011,unmatched,,"[-0.14263487038408665, 0.7213743627836406, 0.5770605745656794, 0.3553525232089105]","[0.479711074738566, 0.5194580163244034, 0.4797381049985669, 0.519511313314609]","[457.91969702364497, 10.736603212268324, 9.839134634196656]",4.849999999999954,100.0,0.0,"[50.0, 113.7956459970316, 113.79564599703161]",21
253,1906367210,settled,Kl2a_0007,unmatched,,"[-0.6176317723461163, 0.026733677711732354, -0.29175170048315346, 0.7298611166035553]","[-0.6759370691495961, 0.2078464988376692, -0.6758040678872305, 0.20784074022541543]","[458.44998804351945, 9.520491955762248, 10.5760986066476]",4.819999999999944,100.0,0.0,"[50.0, 114.39695064770899, 114.39695064770899]",25
254,2833079087,settled,Kl2a_0018,unmatched,,"[-0.6668495150154875, 0.25735878105545934, 0.037236704706548183, 0.6983492034504332]","[-0.2080196194856655, 0.6758754173869258, -0.20790875610721724, 0.6757915412425917]","[458.48498744667256, 9.523929517204069, 12.360801036695204]",5.0300000000000145,100.0,0.0,"[50.0, 114.861226628312, 114.86122662831201]",24
255,2368896303,settled,Kl2a_0007,unmatched,,"[-0.7155871487157034, 0.006217157027642254, -0.4538640368280027, 0.5309461513426882]","[-0.6759001352314127, 0.20782547373489152, -0.6758772382008668, 0.20774392540576217]","[458.3863142832124, 9.535243364794487, 10.577365364266667]",4.829999999999948,100.0,0.0,"[50.0, 110.47400514703347, 110.47400514703348]",30
256,1598618583,settled,Kl2a_0015,unmatched,,"[-0.6568789595911407, 0.7116914753260162, 0.16538963778309454, -0.18614925223786338]","[-0.6251611577809023, 0.3304066188920803, 0.6251871322218165, -0.3303725816386804]","[458.4309544066043, 12.357087223647866, 9.521715272007599]",4.829999999999948,100.0,0.0,"[50.0, 112.60518146260429, 112.6051814626043]",43
257,1244567859,settled,Kl2a_0013,unmatched,,"[0.565260253583024, 0.7320121545565798, -0.09164890005678931, 0.36910639444348603]","[0.5462476875039808, 0.4490988278498237, 0.5461994912927776, 0.4489875526470405]","[458.40540190820093, 10.721078926762313, 10.047238063795534]",5.230000000000081,100.0,0.0,"[50.0, 110.38010798323482, 110.38010798323484]",25
258,3419669745,settled,Kl2a_0018,unmatched,,"[-0.35962053045550435, 0.37637508056528163, 0.452864258304126, 0.723829286748632]","[-0.20838313043676895, 0.6757204841106857, -0.2084921449645475, 0.6756547371185044]","[457.9710370909144, 9.522182895694048, 12.356480366019952]",5.1200000000000445,100.0,0.0,"[50.0, 112.53570581047896, 112.53570581047897]",24
259,4100535516,settled,Kl2a_0015,unmatched,,"[-0.04495724533447707, 0.8754213017997509, -0.38056707385774335, 0.29459309690235463]","[-0.33039745452498315, 0.6251544605971642, -0.33049885801526907, 0.6251319279076086]","[458.2809320240983, 12.363621112802647, 9.520258534624409]",5.380000000000131,100.0,0.0,"[50.0, 105.73220513176385, 105.73220513176386]",38
260,3322081678,settled,Kl2a_0007,unmatched,,"[-0.257573637444613, 0.29792073162711874, 0.01884675617382141, -0.9189906739146148]","[-0.20785993747372347, 0.675826875148478, 0.20790633317610455, -0.6758899598645699]","[458.57401892258844, 9.526169325140009, 10.577247681450482]",5.250000000000088,100.0,0.0,"[50.0, 107.93858969134855, 107.93858969134857]",20
261,3513997404,settled,Kl2a_0011,unmatched,,"[-0.31160099473242947, -0.3848583634180207, -0.8382718690394293, 0.2282304400515085]","[-0.4794374437740489, -0.5197098567272476, -0.47958806653965497, -0.5196505448478863]","[457.896824276557, 10.735508214539209, 9.829834559193035]",4.809999999999941,100.0,0.0,"[50.0, 110.26495790539074, 110.26495790539076]",14
262,3617040745,settled,Kl2a_0007,unmatched,,"[0.5076541819216592, -0.1836471652187958, 0.7481985211268992, -0.38569407989762045]","[0.6757924059764203, -0.20795805280995044, 0.6758345450608583, -0.20810031234593995]","[457.9144192723818, 9.527657632404539, 10.577241616548132]",4.889999999999968,100.0,0.0,"[50.0, 98.86465962862377, 98.86465962862378]",20
263,2022730149,settled,Kl2a_0022,unmatched,,"[-0.9298814207432338, -0.20301241814567073, -0.28420845445175663, -0.11546452205476868]","[-0.703757870922648, -0.06869021825245475, -0.7037484040952005, -0.06888175930034124]","[458.0955600039073, 10.061810227721192, 10.717334372685912]",5.050000000000021,100.0,0.0,"[50.0, 111.36094827427038, 111.3609482742704]",19
264,1323970333,settled,Kl2a_0019,unmatched,,"[0.5994108140143483, -0.43447983992292233, -0.3543480176053207, -0.5712892675014887]","[-0.20786447524710802, 0.6758064521993944, 0.6758588501713154, 0.20806925227197684]","[458.4381753614066, 39.999959950476324, 9.51733368881574]",5.610000000000208,100.0,0.0,"[50.0, 114.03481587729927, 114.03481587729928]",23
265,1607122480,settled,Kl2a_0009,unmatched,,"[-0.13729706028893218, -0.4824437451248737, -0.8624230310070737, 0.06800048245766428]","[-0.4037527831365487, -0.5805291429136848, -0.40381827972762646, -0.5804312201244985]","[457.83594790451656, 10.683209751520133, 9.640363491662544]",4.879999999999964,100.0,0.0,"[50.0, 112.00713623970333, 112.00713623970334]",33
266,1954191936,settled,Kl2a_0020,unmatched,,"[-0.3750395254128309, 0.8965561916206081, 0.1285035455493662, -0.19753275279333296]","[0.1650924827432224, 0.6876392689310215, -0.16515017961733686, -0.6874751821979107]","[458.0040040052007, 10.253174413451633, 10.644315226004545]",4.679999999999898,100.0,0.0,"[50.0, 113.04158837997758, 113.0415883799776]",39
267,1883267586,settled,Kl2a_0002,unmatched,,"[-0.31654266807496767, 0.7193013611458268, 0.15715600459856857, 0.5980871854172737]","[-0.02663235032342995, 0.7065986543662773, -0.026561904935550135, 0.7066141272082035]","[458.4506799933235, 9.855166367735121, 13.400047149489302]",4.899999999999971,100.0,0.0,"[50.0, 104.60149148345832, 104.60149148345833]",32
268,474705099,settled,Kl2a_0018,unmatched,,"[0.21873165072784517, -0.6332189067608778, 0.30525693972011464, -0.6767632391339983]","[0.20854895524967865, -0.6756743640826319, 0.20856391778904357, -0.6756275447184519]","[458.5700702973248, 9.526256756157299, 12.346769716707458]",5.170000000000061,100.0,0.0,"[50.0, 88.09931018686983, 88.09931018686986]",25
269,1696503777,settled,Kl2a_0007,unmatched,,"[-0.5875972952099113, 0.4340333022380417, -0.6364929058043413, 0.2474293678427903]","[-0.675765751777799, 0.20816707296772027, -0.6757271522043007, 0.20832650870713487]","[457.7943732369398, 9.52926330533159, 10.578028195918234]",4.939999999999984,100.0,0.0,"[50.0, 95.3640224365725, 95.36402243657251]",19
270,1623912174,settled,Kl2a_0019,unmatched,,"[0.7522539142905933, 0.1549308557746745, 0.05438614146876464, 0.6380851243992035]","[-0.20870811268128844, -0.6756441972226083, 0.6757963828194, -0.20795454173604083]","[458.098803312623, 40.02198927636411, 9.521495539483395]",5.440000000000151,100.0,0.0,"[50.0, 113.98695039865356, 113.98695039865358]",14
271,2380680176,settled,Kl2a_0020,unmatched,,"[0.336042588214607, 0.7287339870388978, -0.08053921844792626, -0.5912153493712904]","[0.16470379847051528, 0.6876326162817562, -0.16477410726218647, -0.6876652800387995]","[458.0648118635822, 10.236148690397675, 10.650954227049963]",4.879999999999964,100.0,0.0,"[50.0, 94.34183827235353, 94.34183827235351]",22
272,3622048588,settled,Kl2a_0014,unmatched,,"[-0.19616592677403716, -0.3327489655198184, 0.5132945907767422, 0.7663717884928376]","[-0.3696907173771904, -0.602833171290703, 0.3696137851000599, 0.6027491940606302]","[458.47900087350064, 10.646318380780938, 10.244353842515215]",4.969999999999994,100.0,0.0,"[50.0, 108.08444851707297, 108.08444851707299]",23
273,3881848330,settled,Kl2a_0009,unmatched,,"[-0.5152420723142735, -0.7359701103176574, -0.3787059312666199, -0.22238574877853687]","[-0.4037969957496258, -0.5805400197590954, -0.4037812893376562, -0.5804153185973866]","[458.24532530319726, 10.679432520473153, 9.641212578195264]",5.080000000000031,100.0,0.0,"[50.0, 105.21712289839526, 105.21712289839527]",29
274,3493192325,settled,Kl2a_0019,unmatched,,"[0.5774921102786998, 0.09648544528746568, 0.025557378206479065, -0.8102717086463924]","[-0.20803587390737024, 0.6757947186361685, 0.675770798196469, 0.20822200108529812]","[458.0512781178344, 40.012658608397686, 9.51810404665211]",5.330000000000115,100.0,0.0,"[50.0, 113.75831732651822, 113.75831732651822]",19
275,1815346335,settled,Kl2a_0019,unmatched,,"[0.2777221504941907, -0.6680519952292304, 0.6669217686384065, 0.17830393520992774]","[-0.20865654106109235, -0.6755832441500251, 0.6758429816771883, -0.2080528591820744]","[458.0539749402701, 40.02127313187108, 9.519138964963926]",5.110000000000041,100.0,0.0,"[50.0, 114.19019664607853, 114.19019664607855]",22
276,3637393240,settled,Kl2a_0019,unmatched,,"[0.7553196358765062, -0.24492385367212738, -0.15447209870656786, -0.5879140449784855]","[-0.20797357014962192, 0.6758385865622054, 0.6757351502953943, 0.2082575465333292]","[458.31203903627363, 40.007573102965175, 9.513637778062863]",5.420000000000145,100.0,0.0,"[50.0, 114.23000563520186, 114.23000563520188]",18
277,3360495833,settled,Kl2a_0020,unmatched,,"[0.10811116254835264, 0.5111839287283958, -0.2434273997192518, -0.8171573095849841]","[0.16487772006338913, 0.6876190228807759, -0.1648030685021018, -0.6876302534149273]","[458.4033105208291, 10.258845599392457, 10.648713716964638]",4.869999999999961,100.0,0.0,"[50.0, 100.33577333063766, 100.33577333063768]",26
278,1560027829,settled,Kl2a_0013,unmatched,,"[-0.2068224005022676, -0.8508258359786609, 0.4010009992602897, 0.26929183068548773]","[-0.44875208800596705, -0.5464543885489657, 0.4488065987641857, 0.5464263917963554]","[457.79460081506113, 10.71782655780549, 10.053404013103496]",4.579999999999864,100.0,0.0,"[50.0, 104.1272074940648, 104.12720749406482]",22
279,446415368,settled,Kl2a_0002,unmatched,,"[-0.6447038919539761, 0.0033417160762772937, 0.7642309258427562, 0.017228366683615156]","[-0.70710267054536, 0.0002774509283738624, 0.7071107830699942, -0.00027711864275595244]","[458.2781661032327, 9.983518432225999, 13.244407809782482]",4.779999999999931,100.0,0.0,"[50.0, 92.55909392911974, 92.55909392911973]",20
280,2051490765,settled,Kl2a_0017,unmatched,,"[0.5677612886585218, -0.042225915797724375, -0.632701809267735, -0.5249309589700275]","[0.2575133888990968, 0.6584941916084021, -0.25746216236168706, -0.658623936027035]","[457.9185881953663, 10.415006632286282, 10.532539477318913]",4.990000000000001,100.0,0.0,"[50.0, 106.74207268617945, 106.74207268617947]",36
281,425018833,settled,Kl2a_0007,unmatched,,"[0.6177933086006123, -0.09183552083351545, 0.46035819729377525, -0.6308470457614677]","[0.6758278259820952, -0.2079229912713793, 0.6758158240535075, -0.20808111708647534]","[458.43754550606445, 9.528479244399515, 10.581987602544707]",4.839999999999951,100.0,0.0,"[50.0, 110.17452913793058, 110.17452913793059]",22
282,768002776,settled,Kl2a_0019,unmatched,,"[0.5416438597008607, -0.6263103578778557, 0.49528465035784297, 0.2627743898921201]","[-0.20828291990639167, -0.6756619684299836, 0.6760360425931036, -0.2075437274591628]","[458.0876556704729, 40.01804856281349, 9.524082986387938]",5.230000000000081,100.0,0.0,"[50.0, 114.64746002133587, 114.64746002133587]",15
283,124666021,settled,Kl2a_0019,unmatched,,"[-0.6417760342896773, 0.38975195315750033, 0.3408201163805919, 0.5657372049738714]","[0.20793150726807771, -0.6758519654707459, -0.6757600276920974, -0.20817539246541875]","[458.20372177887225, 40.00841247599162, 9.522305385867627]",5.360000000000125,100.0,0.0,"[50.0, 114.04273448055419, 114.04273448055419]",22
284,3632654363,settled,Kl2a_0007,unmatched,,"[0.7051862874546008, 0.08985479266585855, 0.5677062028398622, -0.4151482668615129]","[0.6757892861284551, -0.2081132071623137, 0.6758167230444527, -0.20801319816796884]","[458.10698888599336, 9.5184009851531, 10.574963994960388]",4.889999999999968,100.0,0.0,"[50.0, 107.21507740063768, 107.2150774006377]",25
285,703561134,settled,Kl2a_0008,unmatched,,"[-0.07417779627216181, -0.49461589080912516, -0.8617672132428539, 0.08491198548465884]","[-0.3308459989801827, -0.624937105976988, -0.33086245752775706, -0.6249196530199742]","[458.2588698406205, 10.582047746091074, 9.517362588003767]",4.939999999999984,100.0,0.0,"[50.0, 112.26273473086258, 112.26273473086259]",21
286,3121521016,settled,Kl2a_0011,unmatched,,"[0.010537906009646474, -0.8102638762609328, -0.3503888545444036, -0.4696690898649817]","[-0.47930478438655294, -0.519922715313431, -0.4793106523379011, -0.5198159215729016]","[458.1162948656612, 10.73587846775823, 9.845322950216003]",5.100000000000038,100.0,0.0,"[50.0, 104.2012113221458, 104.20121132214578]",18
287,2633462982,settled,Kl2a_0022,unmatched,,"[-0.6696015768829735, -0.5238860473033524, -0.12537979712777328, 0.5113287046009672]","[-0.06838369621040592, -0.7038048685831043, 0.06853664993166596, 0.7037649498713804]","[458.1407193530363, 10.04995955115996, 10.719285823242101]",4.879999999999964,100.0,0.0,"[50.0, 111.56451729026777, 111.56451729026776]",27
288,3761640212,settled,Kl2a_0018,unmatched,,"[-0.5021713166671637, 0.3763741243342449, 0.7778556823101909, 0.03327198139794165]","[-0.6755296142712376, 0.20896775257346112, 0.6755169104792064, -0.20897158247852188]","[458.33991457266904, 9.5471863875035, 12.338773414880308]",5.310000000000108,100.0,0.0,"[50.0, 105.06185394899907, 105.06185394899909]",20
289,1285634449,settled,Kl2a_0001,unmatched,,"[-0.06179464665889061, 0.12239474429666039, 0.989804171696417, 0.038583026128440265]","[2.8691336650399357e-06, -9.725516723055327e-06, -0.29436605319262116, 0.955692746977281]","[458.27679727505847, 9.521515662316821, 39.997953755881056]",5.010000000000008,100.0,0.0,"[50.0, 113.82393955570295, 113.82393955570296]",28
290,1184822575,settled,Kl2a_0014,unmatched,,"[0.08288139339956037, 0.8356324246838398, -0.34553634299367453, -0.41887201042288746]","[0.3694147481148019, 0.6029129085825521, -0.3693358368454878, -0.6030089619246534]","[457.93302986983, 10.651525562361336, 10.239308269569477]",4.689999999999901,100.0,0.0,"[50.0, 101.93380367895455, 101.93380367895456]",34
291,3115268231,settled,Kl2a_0020,unmatched,,"[-0.8358054346397688, -0.3199395351726686, -0.40994245749741026, -0.17611118874480403]","[-0.6876931703426155, -0.16454186050771724, -0.6877002372217387, -0.1645371183956549]","[457.8415248613223, 10.252738121469926, 10.649110256885145]",5.040000000000018,100.0,0.0,"[50.0, 105.17291751621453, 105.1729175162145]",15
292,159930596,settled,Kl2a_0007,unmatched,,"[0.07029200069442101, 0.8121000458651979, 0.19429839282092132, -0.5457111733246133]","[-0.20807660495020605, 0.6758385548386662, 0.20812033128091517, -0.6757457376658038]","[458.0843941686997, 9.525624804013779, 10.573498534153591]",5.0300000000000145,100.0,0.0,"[50.0, 97.47097580711764, 97.47097580711761]",24
293,2990616242,settled,Kl2a_0008,unmatched,,"[0.39931632781484955, -0.8914822639433736, -0.10430196937727094, -0.18688751322355332]","[-0.3308675481223541, -0.6248674871607527, -0.3308696870413362, -0.6249740308893456]","[458.3421498498767, 10.570137215200797, 9.50904188951586]",5.130000000000048,100.0,0.0,"[50.0, 114.65671991946883, 114.65671991946883]",37
294,188957523,settled,Kl2a_0009,unmatched,,"[0.47510104677309783, 0.5299293470096674, 0.42235268641611745, 0.5613128279400916]","[0.40379461090975477, 0.5804129565355693, 0.40382245318480836, 0.580515407538579]","[458.17401982144173, 10.683579598453894, 9.631888369201617]",5.020000000000011,100.0,0.0,"[50.0, 86.82064125144854, 86.82064125144855]",31
295,481643049,settled,Kl2a_0022,unmatched,,"[-0.21476873217317644, -0.056308315502426265, -0.9350997853314761, 0.27621034875441053]","[-0.7037582413129233, -0.06857347421391531, -0.703785665769873, -0.06861306781678987]","[458.5142559609519, 10.057055466985853, 10.71549854030129]",4.519999999999844,100.0,0.0,"[50.0, 113.39668612995685, 113.39668612995685]",30
296,2386476367,settled,Kl2a_0011,unmatched,,"[0.41604402109894867, 0.7547056021612667, 0.10448879305651773, 0.4963959293747375]","[0.4794251340316472, 0.519737065116926, 0.4794611907164632, 0.5197517586301492]","[457.9520472980047, 10.734562577821364, 9.841569780078055]",5.0600000000000245,100.0,0.0,"[50.0, 102.3270944165178, 102.32709441651777]",27
297,533239478,settled,Kl2a_0007,unmatched,,"[-0.4048579522964122, 0.7546106910868032, 0.5160774362278959, 0.017799527417749247]","[-0.2079018607062209, 0.6758343712840942, 0.20783017726479397, -0.6758929917701535]","[457.8933947766817, 9.525757013163057, 10.578162084304477]",4.849999999999954,100.0,0.0,"[50.0, 112.64345342441165, 112.64345342441166]",33
298,1781618497,settled,Kl2a_0002,unmatched,,"[-0.05099139373989536, 0.34612407464907746, 0.82357526110958, -0.446454691991326]","[-0.7070671188321067, 0.0005908581198298124, 0.707145821089088, -0.0007266838277699417]","[457.94953918656455, 9.979501946558887, 13.24758078618957]",5.080000000000031,100.0,0.0,"[50.0, 109.64130641423424, 109.64130641423422]",21
299,3019699939,settled,Kl2a_0019,unmatched,,"[-0.7295158589622052, 0.11959716108047205, -0.0508877389231582, -0.6715009818395025]","[0.20835615714211234, 0.6757509083070513, -0.6758038172149058, 0.20793658249795477]","[457.91458540996257, 40.008818636300575, 9.520979519922722]",5.310000000000108,100.0,0.0,"[50.0, 113.96764455407494, 113.96764455407495]",27
300,2541693149,settled,Kl2a_0020,unmatched,,"[0.08045852992811474, 0.40327625655887533, -0.378121920292795, -0.8294085237395116]","[0.1645491624690568, 0.6876967753456008, -0.16463293385984779, -0.687671953331451]","[457.93899552055177, 10.25642054001255, 10.65077766942092]",4.949999999999988,100.0,0.0,"[50.0, 107.12038236808297, 107.12038236808299]",33
301,2084280921,settled,Kl2a_0007,unmatched,,"[0.619849051548462, 0.00741623529008566, 0.671735423160493, -0.4055905250618995]","[0.6757342731620797, -0.2084200184217712, 0.6756956221226589, -0.20827797348605387]","[457.9162164887709, 9.526234923599645, 10.58028137447892]",4.879999999999964,100.0,0.0,"[50.0, 101.9968261194595, 101.99682611945948]",34
302,1270096408,settled,Kl2a_0019,unmatched,,"[0.4349517640743151, 0.5834549578223276, 0.4957376592549344, -0.473963551676314]","[-0.20803080153373746, 0.6757833781975797, 0.6757260800751507, 0.20840891552754878]","[458.00075827327527, 40.014388664270164, 9.520281382350516]",5.190000000000068,100.0,0.0,"[50.0, 113.72300969201598, 113.72300969201599]",14
303,386839995,settled,Kl2a_0007,unmatched,,"[-0.00029784170792755655, 0.7696289460833465, 0.4092458033581264, -0.4900908783835057]","[-0.20818424586203982, 0.675785776870059, 0.2081820355603825, -0.6757463604229921]","[458.05786054918957, 9.523937408829623, 10.579030630946963]",5.080000000000031,100.0,0.0,"[50.0, 105.35406006296103, 105.35406006296103]",38
304,1683487450,settled,Kl2a_0008,unmatched,,"[0.8246709982353464, 0.4049014931673811, -0.354562797520974, -0.17394754414605393]","[0.6250394063564244, 0.3307020145326883, -0.6250079725081729, -0.33064626474051284]","[458.4210734072688, 10.582317906213543, 9.520092033235253]",4.749999999999921,100.0,0.0,"[50.0, 107.54996899328277, 107.54996899328277]",30
305,600956363,settled,Kl2a_0007,unmatched,,"[0.05725477910805818, -0.7446815581501165, -0.42402949309232957, 0.5122209056728005]","[0.20805105898637516, -0.6758366089907548, -0.20808223634765197, 0.6757672807402599]","[457.83290712060614, 9.515520303284712, 10.580009083156098]",5.1500000000000545,100.0,0.0,"[50.0, 104.09597225272555, 104.09597225272553]",33
306,2578686602,settled,Kl2a_0017,unmatched,,"[-0.6455400009938469, 0.5753806031681371, -0.45602070897125385, -0.21038151440677957]","[-0.6585267798919572, -0.25743928621153933, -0.6586017544217234, -0.257509656426028]","[457.9717115275313, 10.416026478725191, 10.529212227152689]",5.1200000000000445,100.0,0.0,"[50.0, 112.49014881133162, 112.49014881133162]",26
307,550025147,settled,Kl2a_0009,unmatched,,"[0.7099573476934985, 0.4430098413877016, -0.5402946446097417, -0.08823005097861712]","[0.580545238649488, 0.40371716094353416, -0.5805214404082356, -0.4037010491284967]","[458.6559930319147, 10.686025976633212, 9.645012209194524]",4.799999999999938,100.0,0.0,"[50.0, 99.3735529327599, 99.37355293275992]",28
308,1509445469,settled,Kl2a_0003,unmatched,,"[0.9208464586619982, -0.10826634392482577, 0.1606188773439282, 0.3384106596778303]","[0.706606030872805, -0.028450876102504408, 0.7064558702334083, -0.028610630820350286]","[458.0467223161808, 9.851246900167354, 10.723665347052744]",5.190000000000068,100.0,0.0,"[50.0, 108.7004312736585, 108.70043127365851]",25
309,552659270,settled,Kl2a_0008,unmatched,,"[-0.34640532390679185, -0.6487665398120545, -0.24996936788830862, -0.6297782494710692]","[-0.3309045838392931, -0.6248139583065996, -0.3308659227832582, -0.6250099319532181]","[458.2995055062448, 10.577662649003585, 9.509931954512798]",5.020000000000011,100.0,0.0,"[50.0, 87.69994783254276, 87.69994783254275]",35
310,3395655849,settled,Kl2a_0011,unmatched,,"[0.5603417992438583, 0.49806016357495975, 0.09112456464104907, 0.6554765100282535]","[0.4796722346999979, 0.5195742816866258, 0.47961360373784884, 0.5195458634012311]","[458.60037468334406, 10.727408244119951, 9.837624601059597]",5.050000000000021,100.0,0.0,"[50.0, 106.60434705860386, 106.60434705860388]",36
311,1961580372,settled,Kl2a_0018,unmatched,,"[-0.5267491122142659, -0.6341667673888417, 0.5046523934663464, -0.2563081069528572]","[-0.6758213634728407, 0.2081125001412259, 0.6757454141824525, -0.20814131538467928]","[458.5516355208235, 9.525380918235482, 12.361013614189138]",5.020000000000011,100.0,0.0,"[50.0, 113.56477424309428, 113.56477424309428]",25
312,3285284101,settled,Kl2a_0001,unmatched,,"[-0.2519624256778158, 0.2653646457256403, 0.5632789689319362, 0.7408193733997723]","[0.00023168398313699878, -0.00036606080859859225, -0.2943383461413155, 0.9557011825423319]","[458.0526250071556, 9.51047244083631, 40.00485126403523]",5.050000000000021,100.0,0.0,"[50.0, 111.15479538624882, 111.15479538624882]",19
313,1198512540,settled,Kl2a_0007,unmatched,,"[-0.5722362350782845, 0.014963805074935542, 0.16570812642957897, -0.8030333695658658]","[-0.2082063561073694, 0.6757727954994464, 0.20809352790068034, -0.6757797908973038]","[457.8138555781277, 9.515430477842914, 10.57565394414741]",5.240000000000085,100.0,0.0,"[50.0, 113.75292710873039, 113.7529271087304]",36
314,3013583232,settled,Kl2a_0013,unmatched,,"[-0.17446144255530435, -0.5956220013565717, 0.7794641289237983, 0.08504885820855318]","[-0.4486852963988096, -0.5465086498797807, 0.4485817692200151, 0.5466115592681268]","[458.298898788411, 10.721372832280645, 10.050492102459854]",4.939999999999984,100.0,0.0,"[50.0, 113.30263637546139, 113.3026363754614]",23
315,236571778,settled,Kl2a_0009,unmatched,,"[-0.6240787190797052, -0.5692921078989122, 0.39592930131645515, 0.3601003146831605]","[-0.580892239364577, -0.40319366492498343, 0.5808547667430877, 0.4032453530571685]","[458.0817786328551, 10.689134851993213, 9.64514472920367]",4.799999999999938,100.0,0.0,"[50.0, 98.70501596261762, 98.70501596261764]",18
316,4101237787,settled,Kl2a_0011,unmatched,,"[0.22137631792077062, -0.872870171370165, -0.27042651689298136, -0.3405285432341773]","[-0.47929487278424104, -0.5198839298869556, -0.47936435776346226, -0.5198143292311752]","[458.5795491726716, 10.739266600408317, 9.841522020814786]",5.080000000000031,100.0,0.0,"[50.0, 107.84989770625273, 107.84989770625275]",25
317,3459630954,settled,Kl2a_0014,unmatched,,"[0.14984913631728244, -0.7555079338458067, -0.5355197552076315, -0.3463691528172838]","[-0.602930083435315, -0.36949794566502375, -0.602886271936778, -0.369424858053955]","[457.82402863556615, 10.652646210608374, 10.242718623492626]",4.929999999999981,100.0,0.0,"[50.0, 113.41667464738585, 113.41667464738586]",22
318,1119814818,settled,Kl2a_0009,unmatched,,"[-0.6971165871654177, -0.13189122910838355, 0.449280586155775, 0.5429365731709773]","[-0.5805970006275983, -0.4035637640053203, 0.580625775988362, 0.4036299288977559]","[458.37232137356915, 10.690221284843632, 9.641510932538965]",4.889999999999968,100.0,0.0,"[50.0, 106.41347590096389, 106.4134759009639]",21
319,342980811,settled,Kl2a_0022,unmatched,,"[0.030532435525299394, 0.7782847485238531, 0.3908315324615853, 0.4905011048201471]","[0.7038335971337236, 0.06821510938649389, 0.7037919264882322, 0.06813142158486613]","[458.4208535903128, 10.03923544173617, 10.71724291860766]",4.949999999999988,100.0,0.0,"[50.0, 104.3168924953056, 104.31689249530561]",29
320,3566514477,settled,Kl2a_0018,unmatched,,"[0.4167803399879383, -0.48067880125688306, 0.1608241271501632, -0.7545711618847971]","[0.20833772861150726, -0.6757451155871189, 0.20832563874045257, -0.6756954623501121]","[457.9091389052695, 9.52387646316088, 12.353217504835538]",5.1200000000000445,100.0,0.0,"[50.0, 101.71238380379702, 101.71238380379704]",32
321,4025272107,settled,Kl2a_0007,unmatched,,"[0.21014813389143402, -0.13121837656388724, 0.9665897820764848, 0.06575479191069845]","[0.6757052896063519, -0.20818655715916037, 0.6758354329361161, -0.20815183545735166]","[457.94913561054386, 9.528334077366178, 10.5784296683534]",4.879999999999964,100.0,0.0,"[50.0, 112.90404864107703, 112.90404864107704]",31
322,1181857748,settled,Kl2a_0018,unmatched,,"[0.5202040659321218, -0.02133506390474298, -0.8182722554790269, 0.24364535856267633]","[0.6756599074283608, -0.20847500114275377, -0.6757054468604237, 0.20843227311427348]","[457.985961031872, 9.528573423935542, 12.352658749158575]",5.250000000000088,100.0,0.0,"[50.0, 102.88863009292368, 102.88863009292369]",26
323,268707656,settled,Kl2a_0009,unmatched,,"[0.10301261730232424, 0.7022709010576099, -0.7036647303319815, -0.03255655834201603]","[0.5807348732056443, 0.40344124809157283, -0.5807890907642715, -0.4033189785149579]","[458.5527500484029, 10.687418434031969, 9.644882124478784]",4.729999999999914,100.0,0.0,"[50.0, 114.02116932227129, 114.02116932227129]",26
324,975960072,settled,Kl2a_0012,unmatched,,"[0.7582962679941282, -0.5242043249157421, -0.3859285340466686, 0.035436736508854615]","[0.5002041727267853, -0.4998425593027406, -0.500154307789143, 0.49979882942676246]","[458.3672988667355, 13.262733661226475, 9.974512086868947]",4.859999999999958,100.0,0.0,"[50.0, 109.10365892642234, 109.10365892642236]",30
325,2687390525,settled,Kl2a_0009,unmatched,,"[0.529971148785165, 0.0935671250492551, -0.7368673974424962, -0.4091481555032011]","[0.5805942756363835, 0.4036376563225659, -0.5805478353071809, -0.403672070394814]","[458.5333971531732, 10.682812144836374, 9.641572728893676]",4.879999999999964,100.0,0.0,"[50.0, 100.30379058732083, 100.30379058732085]",24
326,745340072,settled,Kl2a_0014,unmatched,,"[0.7861852005525131, -0.41018944092891435, 0.2594748041369611, 0.3825314091688619]","[0.6170508368292387, 0.3452953584073706, 0.6170655451218252, 0.34532519927477984]","[457.90922985286727, 10.54368550021001, 10.371054207586607]",5.1500000000000545,100.0,0.0,"[50.0, 112.12715996202145, 112.12715996202147]",21
327,2708790030,settled,Kl2a_0013,unmatched,,"[-0.40010769300529814, -0.46229958432576546, -0.7355170739389548, 0.2919033440618327]","[-0.5462738072517644, -0.4490272021833105, -0.5461950225085461, -0.4490328457885673]","[458.1915765263396, 10.719288908207368, 10.04212194181068]",4.869999999999961,100.0,0.0,"[50.0, 113.26680677904862, 113.26680677904862]",19
328,3867797169,settled,Kl2a_0012,unmatched,,"[0.27252022960366223, -0.4710032195972138, -0.05749293677220416, -0.8370085147757659]","[0.49942557167029245, -0.500547664859678, 0.49944658614614745, -0.5005789060201038]","[457.8711732919813, 13.24362812049375, 9.979946779621741]",4.679999999999898,100.0,0.0,"[50.0, 101.60054639439642, 101.60054639439643]",36
329,2098479478,settled,Kl2a_0022,unmatched,,"[0.15298370120063826, 0.6826603934028278, -0.3570083518569619, -0.6189634974297159]","[0.06863845439205365, 0.7037782098405927, -0.06854241849954787, -0.703766247271403]","[458.35765455541423, 10.04712176395574, 10.718907564425038]",4.929999999999981,100.0,0.0,"[50.0, 94.58238121920886, 94.58238121920887]",35
330,931152868,settled,Kl2a_0003,unmatched,,"[-0.07699985549756341, 0.8909419945389845, -0.24586779421207117, -0.37395509408155014]","[-0.028428289633012114, 0.7065278854648671, 0.02842080245054965, -0.7065425941846338]","[458.3614913422978, 9.855636723597721, 10.73046471074425]",4.779999999999931,100.0,0.0,"[50.0, 105.19251326494353, 105.19251326494354]",29
331,1558597429,settled,Kl2a_0018,unmatched,,"[-0.05032807851328375, 0.6995851474338736, -0.399069134252301, 0.5905857533755833]","[-0.2082947571502513, 0.6757613111801173, -0.20823343211840648, 0.6757209351529933]","[458.38207242312944, 9.521429808490675, 12.351610640420601]",5.220000000000078,100.0,0.0,"[50.0, 101.53710371759185, 101.53710371759186]",28
332,4250729804,settled,Kl2a_0021,unmatched,,"[-0.5179918142254788, 0.8470059183462957, 0.021460460551873155, -0.11749426928428096]","[-0.1758055818713545, 0.9844248784314611, -6.004347398702592e-05, 0.00022913502302705085]","[457.91211971660823, 9.648608015600397, 39.999601226326135]",5.0300000000000145,100.0,0.0,"[50.0, 114.07167312970219, 114.0716731297022]",28
333,4147647222,settled,Kl2a_0018,unmatched,,"[0.12615750889557242, 0.8556727900390604, -0.30344808093154096, 0.39978446882663954]","[-0.20815439479594683, 0.6757399344750091, -0.2081361591014152, 0.6758155282008204]","[458.2246108181498, 9.52513447184878, 12.353781261939554]",5.450000000000155,100.0,0.0,"[50.0, 105.30938653193456, 105.30938653193458]",27
334,546835206,settled,Kl2a_0022,unmatched,,"[0.4747277603993977, -0.6651193289938975, 0.40724489525343527, 0.4079233101881997]","[-0.06857056333023663, -0.7037295938656459, 0.06852075318938274, 0.7038235879427649]","[458.0398304654677, 10.055489622795355, 10.718047896014829]",4.719999999999911,100.0,0.0,"[50.0, 114.38116140084601, 114.38116140084601]",34
335,3200495743,settled,Kl2a_0007,unmatched,,"[-0.7212814251850905, 0.5185469572284966, -0.03279668505260917, -0.45802460226672564]","[-0.2076667336989795, 0.6759328304762552, 0.20769443500105197, -0.675908542680701]","[458.2120979087466, 9.522216925425345, 10.574909521900762]",4.789999999999934,100.0,0.0,"[50.0, 110.12028850694459, 110.1202885069446]",37
336,2348890405,settled,Kl2a_0018,unmatched,,"[-0.3176050939804824, -0.28922093024306683, 0.616076618705389, -0.6602483303057408]","[-0.6756469277100235, 0.2085328456318733, 0.6756976705226166, -0.2084416930918309]","[457.9314301361549, 9.541785197119177, 12.354582924529879]",5.550000000000188,100.0,0.0,"[50.0, 112.18389723709372, 112.18389723709373]",36
337,4061647453,settled,Kl2a_0008,unmatched,,"[0.2508877114037342, -0.15163781220023995, 0.7535005001501298, -0.588471177247642]","[-0.33089225885268575, -0.6248482718705938, -0.33104749422272395, -0.6248859949947312]","[458.388136953624, 10.578853828307926, 9.515652401560613]",4.839999999999951,100.0,0.0,"[50.0, 111.58803306871931, 111.58803306871933]",30
338,2968043584,settled,Kl2a_0014,unmatched,,"[-0.35150377954755807, -0.700554371236003, 0.6195805777205756, -0.04229153127220831]","[-0.36985385529252635, -0.6026090950331688, 0.36987128469828323, 0.6027152205347082]","[457.8803930958292, 10.653391538548389, 10.242600891286077]",4.549999999999854,100.0,0.0,"[50.0, 113.33375989804877, 113.33375989804878]",36
339,3422452170,settled,Kl2a_0019,unmatched,,"[0.3118768852079661, -0.6471205612970246, 0.6816277895163125, 0.13910910889911815]","[-0.20835936956990797, -0.6757087847349933, 0.6759433410615033, -0.20761649987176206]","[458.34377214183417, 40.008009447256214, 9.524908617138426]",5.160000000000058,100.0,0.0,"[50.0, 114.61401930884706, 114.61401930884705]",23
340,1734648617,settled,Kl2a_0007,unmatched,,"[0.3134098285251556, -0.38860391678069645, 0.2746942883010107, 0.8217690206021003]","[0.2081135345157851, -0.675760500837263, -0.2081305850382668, 0.6758092643868886]","[458.2125499766819, 9.525659869886324, 10.57868203767819]",5.210000000000075,100.0,0.0,"[50.0, 108.8578626589703, 108.85786265897032]",29
341,2090830508,settled,Kl2a_0008,unmatched,,"[0.19578986618197766, 0.057011685569233625, -0.8839591859764658, -0.4207518907109296]","[0.6250444971098238, 0.3307645470375194, -0.6250319610550686, -0.33052872600645095]","[458.45369829816843, 10.586473850473126, 9.514900875724617]",5.160000000000058,100.0,0.0,"[50.0, 113.99847146420748, 113.9984714642075]",24
342,3952832875,settled,Kl2a_0018,unmatched,,"[-0.44287830183887705, -0.037070952885603164, 0.87693113035891, -0.18296542520353493]","[-0.6759158253935202, 0.20776775436354686, 0.6759243301077962, -0.20759734390798995]","[457.78911623532707, 9.518902491419896, 12.351748427717881]",5.270000000000095,100.0,0.0,"[50.0, 107.62357845833458, 107.62357845833456]",31
343,3817366363,settled,Kl2a_0008,unmatched,,"[0.6329807026932204, -0.4246937457648563, -0.5796698736189316, -0.28801647512742096]","[0.6249563489048099, 0.33071490857246716, -0.6250580026824665, -0.33069578844321584]","[458.22014275961664, 10.581817964401077, 9.521129942830774]",4.959999999999991,100.0,0.0,"[50.0, 111.97142111007528, 111.9714211100753]",22
344,401891113,settled,Kl2a_0007,unmatched,,"[0.445830858310104, -0.29384339024250955, 0.3955308816009174, 0.7472925996484009]","[0.20804045119489759, -0.6758247478309016, -0.20785132653445318, 0.6758534655853958]","[458.5593948195512, 9.521764399646248, 10.578126713124293]",5.260000000000091,100.0,0.0,"[50.0, 113.29030831150801, 113.29030831150803]",40
345,225434681,settled,Kl2a_0019,unmatched,,"[-0.3912896982650508, 0.6237061331187186, -0.5782994858442289, -0.351358415601564]","[0.20867350092470585, 0.6757136620214986, -0.6759501968475922, 0.20726251072257204]","[458.2279153016029, 40.01460170647187, 9.509819716903477]",5.1500000000000545,100.0,0.0,"[50.0, 113.70949874072171, 113.70949874072173]",17
346,2594131664,settled,Kl2a_0008,unmatched,,"[0.9287638649349177, 0.1673585554405621, -0.2524568204596961, -0.21366878788298235]","[0.6250607400103413, 0.33064695453461806, -0.6250295271202658, -0.3306202549489729]","[458.04909732523026, 10.577556738512072, 9.5189318578879]",4.699999999999904,100.0,0.0,"[50.0, 110.4289123967455, 110.42891239674552]",23
347,1003632784,settled,Kl2a_0018,unmatched,,"[-0.5534335173751268, 0.1501665188983372, -0.19810919181889083, 0.7949302526414607]","[-0.2081689751428987, 0.6757360175767758, -0.2082394553713923, 0.675783132050557]","[458.38956415139785, 9.520348307367264, 12.346120340489835]",5.020000000000011,100.0,0.0,"[50.0, 112.67389670229622, 112.67389670229623]",36
348,1582205474,settled,Kl2a_0009,unmatched,,"[0.453668244587904, 0.3920223605087072, 0.1535447506293244, 0.785447389879099]","[0.4037829470368829, 0.5804714984912664, 0.4038624545707987, 0.5804371532815271]","[457.84394072698194, 10.676068357354936, 9.643110002814218]",5.050000000000021,100.0,0.0,"[50.0, 104.89739576907334, 104.89739576907336]",28
349,1175386389,settled,Kl2a_0011,unmatched,,"[-0.169876418588353, -0.4905923723818673, 0.6427253288901665, 0.5633518245034387]","[-0.5199858693988758, -0.4791540501216887, 0.5198836967473704, 0.47931934420985545]","[458.2076322428018, 10.73297683609372, 9.847047204088028]",4.929999999999981,100.0,0.0,"[50.0, 100.26004760370535, 100.26004760370536]",32
350,3426315339,settled,Kl2a_0007,unmatched,,"[0.7619549124828563, -0.10773591762875073, 0.2103228261383814, -0.6029776050576822]","[0.6757425420113476, -0.20816321047316635, 0.6757975824842316, -0.20817714146854452]","[458.01139336158803, 9.523309645983515, 10.580940098694272]",4.969999999999994,100.0,0.0,"[50.0, 113.8133729442286, 113.81337294422862]",31
351,1950208217,settled,Kl2a_0007,unmatched,,"[0.32467456317231624, -0.555252933700564, 0.724202560419202, -0.24861870228937888]","[0.6757119112470135, -0.2082205951595599, 0.6756588320069474, -0.20866897105538879]","[458.36087257011013, 9.521646430305383, 10.581763412950844]",4.979999999999998,100.0,0.0,"[50.0, 108.62027410430387, 108.62027410430389]",28
352,3843021671,settled,Kl2a_0007,unmatched,,"[-0.6004387263867339, 0.46022149587923483, -0.1398662779784892, -0.638832477939405]","[-0.20794260739248477, 0.6758712823990438, 0.2078473357578795, -0.6758382696159181]","[458.00464430066006, 9.52594414089288, 10.57829096498307]",5.010000000000008,100.0,0.0,"[50.0, 114.10117895162882, 114.10117895162884]",35
353,4285819425,settled,Kl2a_0017,unmatched,,"[0.10798352907547408, 0.7503078307153173, -0.5097169204095255, -0.40689848569871895]","[0.2834462443229795, 0.647791943137284, -0.28341366953715963, -0.6478429724131469]","[457.8710508375938, 10.528844902097466, 10.413487991794941]",4.789999999999934,100.0,0.0,"[50.0, 107.58245652944217, 107.58245652944218]",33
354,3497012217,settled,Kl2a_0008,unmatched,,"[-0.03614389212516662, -0.47092224253230175, 0.8776470309927155, -0.08161831620453769]","[-0.62506565056895, -0.33075011086419726, 0.6250791905514392, 0.330413834731075]","[457.8583382629528, 10.588461848559916, 9.514948296713483]",5.010000000000008,100.0,0.0,"[50.0, 111.46815612350498, 111.468156123505]",30
355,2873029230,settled,Kl2a_0012,unmatched,,"[0.4628663485147122, -0.8593102772631258, 0.024602172352034594, 0.21618354220011224]","[0.479952943877338, -0.5192894085668073, 0.47996758313793697, -0.5192444520171017]","[458.21748336617816, 13.410434609673299, 9.849983314362587]",5.530000000000181,100.0,0.0,"[50.0, 113.46438883813359, 113.4643888381336]",38
356,1554565609,settled,Kl2a_0007,unmatched,,"[-0.652094966003504, 0.3679621994719656, -0.4952347691569995, -0.44058880885770996]","[-0.6757656324618854, 0.20817557783429055, -0.6758172054807654, 0.20802606459988673]","[458.65230392309815, 9.52836226294005, 10.58049898137889]",5.1800000000000646,100.0,0.0,"[50.0, 113.66394134519614, 113.66394134519612]",31
357,2965863122,settled,Kl2a_0006,unmatched,,"[-0.12769327799571875, -0.940130401887314, -0.03815505373810864, 0.31367729608013967]","[0.12561181008252967, -0.6958756173340759, -0.1257306562121146, 0.69582368489164]","[458.4644047732167, 9.635931129273125, 10.679848796465555]",4.869999999999961,100.0,0.0,"[50.0, 111.12271431620245, 111.12271431620246]",29
358,288631476,settled,Kl2a_0003,unmatched,,"[0.15646738306889113, 0.4577879066219654, -0.17363200094501036, -0.8577879218280493]","[-0.028749502449070874, 0.7065203144079788, 0.028713475016919232, -0.7065253341460832]","[458.3487485411457, 9.844784285281152, 10.730881243743118]",4.949999999999988,100.0,0.0,"[50.0, 102.9457553115298, 102.94575531152981]",34
359,3535010220,settled,Kl2a_0007,unmatched,,"[-0.38296168635250694, 0.6040267022354994, 0.08806163065029556, -0.6933521752902795]","[-0.20811549815949656, 0.6757480953319375, 0.20815783328688317, -0.6758126719161114]","[458.46574460319783, 9.520534967508421, 10.5789235320217]",5.0300000000000145,100.0,0.0,"[50.0, 99.17335818661931, 99.17335818661932]",30
360,2618921339,settled,Kl2a_0007,unmatched,,"[0.7111506376373382, -0.1553816167939371, 0.3915002002004868, -0.5628933442433726]","[0.6756864620145795, -0.20823048551863135, 0.6757868350311924, -0.2083267230804044]","[457.79953674012353, 9.511269247657118, 10.578191944625525]",4.849999999999954,100.0,0.0,"[50.0, 109.43133826642892, 109.43133826642894]",31
361,1660890013,settled,Kl2a_0013,unmatched,,"[0.45280857555295406, 0.20066766691702484, 0.5321230520114401, 0.6866891137027097]","[0.5463558360360274, 0.44893210876286116, 0.5462767524482895, 0.4489286935423644]","[458.60156079085573, 10.727386324086961, 10.046568816084235]",4.919999999999978,100.0,0.0,"[50.0, 101.81124086211338, 101.81124086211338]",29
362,4217470258,settled,Kl2a_0019,unmatched,,"[-0.705585590940385, 0.12040932334872317, -0.01745986958392375, 0.6981015124336307]","[0.20800497344523144, -0.6758357038482211, -0.6757324099413331, -0.20824442989166964]","[458.28197758571537, 40.00974404640298, 9.521653948457898]",5.320000000000111,100.0,0.0,"[50.0, 114.53172907590267, 114.53172907590269]",22
363,3876941340,settled,Kl2a_0007,unmatched,,"[-0.12107567680190418, 0.9796114234016763, 0.025284708254459297, -0.1583124226218193]","[-0.2079023730769299, 0.675782085569802, 0.20790855660011495, -0.6759210073554207]","[458.0081381219856, 9.53273025630036, 10.565882150808568]",4.629999999999881,100.0,0.0,"[50.0, 114.0202294552658, 114.02022945526582]",36
364,1763217951,settled,Kl2a_0006,unmatched,,"[0.3073770505126439, 0.9100429245687035, 0.09833167340130129, -0.26013862893981854]","[-0.1251099324021226, 0.6959569949176401, 0.12503949549453297, -0.6959572476855291]","[458.42686596403547, 9.643038423304368, 10.68289270860143]",5.020000000000011,100.0,0.0,"[50.0, 112.23883472257835, 112.23883472257836]",30
365,4219013935,settled,Kl2a_0007,unmatched,,"[0.7454283172530326, -0.3094702124605008, -0.041500737105532565, -0.5889333580776878]","[0.675765672654806, -0.20804722651442858, 0.675860404883369, -0.2080139906639462]","[458.08366662311965, 9.527941299565768, 10.580873626115327]",5.0600000000000245,100.0,0.0,"[50.0, 114.61114661477305, 114.61114661477306]",25
366,2392790572,settled,Kl2a_0007,unmatched,,"[0.506298281140592, -0.4800913546943908, 0.6900901351759378, -0.19222368999330575]","[0.6758213864235693, -0.2077515017459144, 0.6759569503936937, -0.20781474536062047]","[458.4911279847602, 9.52058391662093, 10.577927680698417]",4.979999999999998,100.0,0.0,"[50.0, 102.54868379895073, 102.54868379895073]",37
367,1164810619,settled,Kl2a_0008,unmatched,,"[-0.38137065741942194, -0.17571490907316958, -0.402914362951204, -0.8132285708929016]","[-0.3306086599574517, -0.6249848466748781, -0.33072938016128883, -0.6250679422959131]","[458.1013353751498, 10.579645783805253, 9.516110915449572]",4.909999999999974,100.0,0.0,"[50.0, 106.23984036793858, 106.2398403679386]",23
368,2725202999,settled,Kl2a_0020,unmatched,,"[0.6020706777101422, 0.6374296419236787, -0.13537127254050507, -0.4613772525921334]","[0.16483345933894866, 0.6875671106942033, -0.16494391152197613, -0.6876590034499738]","[458.565715113756, 10.255388111869966, 10.644107658372667]",4.809999999999941,100.0,0.0,"[50.0, 102.93951211859505, 102.93951211859506]",44
369,654768980,settled,Kl2a_0020,unmatched,,"[0.36951331627604517, 0.16361525016927125, -0.050278802764462525, -0.9133246963699704]","[0.16466373148647423, 0.687670237036442, -0.1646251017696574, -0.6876729429710928]","[458.65937196296005, 10.251611251381844, 10.646671623356736]",5.240000000000085,100.0,0.0,"[50.0, 107.2320229027658, 107.2320229027658]",37
370,2221380443,settled,Kl2a_0018,unmatched,,"[-0.35836865151581215, 0.05949061892660346, 0.9295317164905558, 0.0632737221015895]","[-0.6757743130864873, 0.20827220490671303, 0.6756715133163459, -0.20837411674337475]","[458.1884736210669, 9.524408711134184, 12.358460878729172]",5.410000000000141,100.0,0.0,"[50.0, 111.24360911941096, 111.24360911941095]",53
371,476349535,settled,Kl2a_0008,unmatched,,"[0.09604740000755455, 0.7008195225679995, 0.19012996826416934, 0.6807918102527497]","[0.3307654013500823, 0.6249034253210051, 0.3308457868773079, 0.625004818859286]","[458.49966761743946, 10.574461827674709, 9.516634313269916]",5.0600000000000245,100.0,0.0,"[50.0, 88.31361376932468, 88.31361376932466]",40
372,3612281220,settled,Kl2a_0008,unmatched,,"[0.6715049193823535, 0.5474979878976362, 0.17480186313158846, 0.46773005584317984]","[0.33079111027403957, 0.6250116336228639, 0.3307623419998913, 0.6249271736086488]","[457.8014005263041, 10.578620656533168, 9.517077827171695]",5.280000000000098,100.0,0.0,"[50.0, 101.15773440584903, 101.15773440584904]",29
373,1017460157,settled,Kl2a_0002,unmatched,,"[0.7624564013137765, 0.3983607319822863, -0.4894468025699346, 0.14286633880746705]","[0.7065569332821985, -0.027333275601877288, -0.7066034921376514, 0.02723411416960375]","[458.3556663235713, 9.849498678689997, 13.400615160470089]",4.389999999999801,100.0,0.0,"[50.0, 105.31284185371402, 105.31284185371403]",18
374,3334185002,settled,Kl2a_0007,unmatched,,"[0.29294854975408346, -0.3482776720377911, 0.3091249391142775, 0.8350602267947566]","[0.2081571208876837, -0.6758041915041965, -0.20813520654079873, 0.6757507259095832]","[458.5543654938334, 9.520105251743042, 10.575228148731194]",5.1800000000000646,100.0,0.0,"[50.0, 108.1708844269648, 108.1708844269648]",32
375,36137377,settled,Kl2a_0017,unmatched,,"[-0.20545604068213918, -0.3180872002026298, 0.5867492465968921, 0.7157748738482309]","[-0.2830778341502911, -0.6479610014204796, 0.28320114088728304, 0.6479279236543914]","[458.01315452756654, 10.530840798263402, 10.420123213250555]",4.959999999999991,100.0,0.0,"[50.0, 108.40780233615885, 108.40780233615885]",31
376,289982995,settled,Kl2a_0009,unmatched,,"[0.44371958448672016, 0.8345991150536697, -0.14418709359260803, 0.29286059744506493]","[0.40366117008253627, 0.5806168976192199, 0.40357417496399667, 0.5805769227835014]","[458.2150574429104, 10.685675661747036, 9.644481458608158]",5.310000000000108,100.0,0.0,"[50.0, 112.40664475519401, 112.40664475519401]",28
377,437091509,settled,Kl2a_0002,unmatched,,"[0.46244359947511104, -0.1983497310405094, -0.8436222101105, -0.18736293152311587]","[0.7070946164990692, -3.149321611417566e-05, -0.7071189449628289, -9.313021177848047e-07]","[458.09450109467895, 9.988458034278635, 13.242836877964606]",5.020000000000011,100.0,0.0,"[50.0, 104.18145870430669, 104.18145870430666]",31
378,3839845437,settled,Kl2a_0008,unmatched,,"[0.35226777543534865, 0.934847391708788, 0.031132634150594862, -0.03159948885586536]","[0.3309134283688532, 0.6248967730578714, 0.33070277294711337, 0.6250088014677242]","[458.03603290581526, 10.577531493161779, 9.507116880600133]",5.5600000000001915,100.0,0.0,"[50.0, 113.5003377680449, 113.50033776804491]",31
379,1660966759,settled,Kl2a_0022,unmatched,,"[-0.1517052857831241, -0.29127561974959143, -0.18264073679145526, 0.9267072789555645]","[-0.06851405755340471, -0.7037733377795968, 0.06840803305989888, 0.7037963156773486]","[458.48488542841477, 10.040951452046489, 10.718768485432603]",5.140000000000051,100.0,0.0,"[50.0, 110.68265459393066, 110.68265459393068]",25
380,1637501604,settled,Kl2a_0007,unmatched,,"[0.18129149155088545, -0.6913895059743468, 0.032480297838960365, 0.6986121788031583]","[0.20802618405585147, -0.6758335412126656, -0.20814484735534386, 0.6757587245744815]","[457.78854175193493, 9.529381356376089, 10.576061924591535]",5.080000000000031,100.0,0.0,"[50.0, 94.0303615590527, 94.03036155905268]",22
381,485279111,settled,Kl2a_0008,unmatched,,"[-0.9312632588279296, -0.3349799535042644, 0.12213209572889121, 0.07497282641286965]","[-0.6249275746710601, -0.3306813205473471, 0.6250702528589692, 0.3307605926461521]","[458.15904959017337, 10.582146691011394, 9.519493870787489]",4.519999999999844,100.0,0.0,"[50.0, 113.96983528112625, 113.96983528112627]",23
382,3762580992,settled,Kl2a_0014,unmatched,,"[0.1773482491946259, -0.3470449091463339, 0.7076768376718273, 0.5893224270007174]","[-0.3694243173387367, -0.6028960059977898, 0.36954614579342887, 0.6028911392946019]","[458.25099195704297, 10.653179779065827, 10.248115198499987]",5.190000000000068,100.0,0.0,"[50.0, 108.38426308672263, 108.38426308672264]",31
383,2423116493,settled,Kl2a_0008,unmatched,,"[0.29462108731827746, 0.6033356075849531, -0.42676698231237864, 0.6058502309444782]","[0.3308349940292278, 0.6249982864788818, 0.33079080944772943, 0.6249022235590608]","[457.97419161714953, 10.578064909510736, 9.520790039683892]",5.190000000000068,100.0,0.0,"[50.0, 112.32910279984854, 112.32910279984856]",39
384,4174505831,settled,Kl2a_0019,unmatched,,"[0.2244048008060311, 0.5715964015653734, -0.6853403945532466, 0.39144422678885216]","[0.20895608277921338, 0.6756096960360928, -0.6756346050164895, 0.20834292547575803]","[457.8360443841785, 40.01174819931442, 9.519900990760195]",5.0600000000000245,100.0,0.0,"[50.0, 114.88737880556984, 114.88737880556984]",13
385,2525438779,settled,Kl2a_0011,unmatched,,"[-0.6897378057101372, -0.14439285100342594, -0.2628215548777614, -0.6590427104861286]","[-0.47959346748596354, -0.5196043494029398, -0.4795717379319317, -0.5196271492169018]","[457.87229186069084, 10.735867765519721, 9.839561559745572]",5.0900000000000345,100.0,0.0,"[50.0, 111.97677872459494, 111.97677872459494]",31
386,1288210302,settled,Kl2a_0015,unmatched,,"[0.04615286212208781, -0.6333120855466261, 0.5372564310861841, -0.5551047134325727]","[0.3306980257890628, -0.6249769820616831, 0.33070051107961135, -0.6250438061479938]","[458.605201118221, 12.347979896956883, 9.52034124445939]",5.110000000000041,100.0,0.0,"[50.0, 107.60497047370256, 107.60497047370256]",27
387,2398396039,settled,Kl2a_0007,unmatched,,"[0.7576079537954379, -0.18841092674201143, 0.5765840312664487, -0.24100283383943177]","[0.6758290312821228, -0.20805186803107345, 0.6757694852704658, -0.20809887905113286]","[458.4449429044524, 9.524267367150506, 10.571107010837796]",4.919999999999978,100.0,0.0,"[50.0, 91.80147507732518, 91.8014750773252]",25
388,701727153,settled,Kl2a_0008,unmatched,,"[0.19212178778999547, -0.6549558889125926, -0.32855242530116996, -0.6528210367809931]","[-0.330700214125918, -0.624983501159564, -0.3307549101532351, -0.6250073448087875]","[458.23767121118726, 10.573125098172646, 9.520969541050258]",4.919999999999978,100.0,0.0,"[50.0, 107.38481623029996, 107.38481623029996]",41
389,1545886231,settled,Kl2a_0019,unmatched,,"[0.6603699745772341, -0.13748381202057905, -0.26800047012429995, -0.6878847622402371]","[-0.20809369911430184, 0.6757858300151434, 0.6757744745245061, 0.20818113248034256]","[458.56430781626955, 40.00838875181707, 9.516529444507846]",5.5600000000001915,100.0,0.0,"[50.0, 114.01467459811408, 114.0146745981141]",11
390,1745869872,settled,Kl2a_0015,unmatched,,"[-0.447504222096961, 0.26585095795835, 0.8533219872333381, 0.030080316856180497]","[-0.6253513315222775, 0.330024259133687, 0.6253120632712866, -0.33015833182578036]","[458.563799854228, 12.347929293823656, 9.537569622564302]",5.340000000000118,100.0,0.0,"[50.0, 102.4339364948873, 102.4339364948873]",38
391,406022352,settled,Kl2a_0018,unmatched,,"[-0.3653408397420556, 0.6171309206484219, -0.6060321330849663, 0.3440938117209992]","[-0.2084003455715781, 0.6757110079412906, -0.20829344601968613, 0.6757201862145723]","[458.10331086467585, 9.518819804986439, 12.348017207667109]",5.200000000000071,100.0,0.0,"[50.0, 104.0783262171915, 104.07832621719152]",33
392,1249401832,settled,Kl2a_0007,unmatched,,"[-0.1733833582670486, 0.1891697261426468, -0.9649533349426495, -0.05493712014854206]","[-0.675783165735443, 0.20801699549289707, -0.6758295396465097, 0.20808766382435517]","[457.9860753485216, 9.521891600375142, 10.578436298821455]",4.909999999999974,100.0,0.0,"[50.0, 112.65223808987564, 112.65223808987565]",26
393,3632292210,settled,Kl2a_0022,unmatched,,"[-0.016288161035539764, 0.41417340070696734, 0.444247711431849, -0.79425377609708]","[0.06846286468553239, 0.703722383821907, -0.06860259940832475, -0.7038333084058215]","[458.5206173033537, 10.04496373472991, 10.717540005602615]",5.0600000000000245,100.0,0.0,"[50.0, 106.92292951775126, 106.92292951775127]",24
394,2973749025,settled,Kl2a_0003,unmatched,,"[-0.257487360526622, 0.7199862692742867, -0.4075739458834495, -0.4992028744533857]","[-0.029274764210634855, 0.7065199467222425, 0.029324164705237663, -0.7064790488247699]","[458.28738062380825, 9.850697829505775, 10.729418340184033]",4.819999999999944,100.0,0.0,"[50.0, 111.86028954036168, 111.86028954036169]",32
395,1941028596,settled,Kl2a_0022,unmatched,,"[-0.3979706979410011, 0.5124873277994502, -0.5234674702789294, -0.552229906818808]","[0.06884902776434153, 0.7036904039893319, -0.06885923936109715, -0.7038025517599712]","[458.4248355811798, 10.049296135616116, 10.718174298350432]",4.819999999999944,100.0,0.0,"[50.0, 114.05538223846875, 114.05538223846877]",28
396,3070380030,settled,Kl2a_0002,unmatched,,"[-0.06994234935673012, 0.3801467522525942, 0.7566750495891676, -0.5272943995980771]","[-0.7070473428200228, 0.0006075388116653923, 0.7071657524471339, -0.0005333606813907043]","[458.5549474961357, 9.986864573400851, 13.249141695703008]",5.1500000000000545,100.0,0.0,"[50.0, 108.07799294205428, 108.0779929420543]",31
397,1915343937,settled,Kl2a_0022,unmatched,,"[0.4906712176433897, -0.7697750840218592, 0.18896804856236424, 0.36191042098566995]","[-0.06884439120361534, -0.7037668551341293, 0.0688995476709841, 0.7037226127851478]","[457.8728565398983, 10.057374883256568, 10.717227279571226]",4.579999999999864,100.0,0.0,"[50.0, 107.86849842948176, 107.86849842948176]",38
398,354290017,settled,Kl2a_0009,unmatched,,"[-0.28835621042518916, -0.38855276042979314, -0.7424310043056404, 0.46332888116038073]","[-0.4039224856163008, -0.5804605883687701, -0.403844055825819, -0.580363773454446]","[458.1801167801974, 10.683810213309961, 9.640998405020955]",4.929999999999981,100.0,0.0,"[50.0, 113.29518625574616, 113.29518625574616]",27
399,3963352672,settled,Kl2a_0007,unmatched,,"[0.9251647455085984, -0.043595273119650155, -0.02004224774347514, -0.3765208548474078]","[0.6756642176049461, -0.20818394100126272, 0.675835364054864, -0.208287955605475]","[457.97126779182236, 9.524442553061428, 10.57613188062574]",5.220000000000078,100.0,0.0,"[50.0, 108.22113601049257, 108.22113601049259]",29
400,2241331819,settled,Kl2a_0011,unmatched,,"[0.5925854334590082, 0.24491752173755219, -0.09201458593482868, 0.7618341207726109]","[0.47970010172079497, 0.5194787727341336, 0.47983619457947935, 0.5194100917956653]","[458.4324743107995, 10.739377604655036, 9.836428526084372]",5.1800000000000646,100.0,0.0,"[50.0, 113.90396582821973, 113.90396582821971]",26
401,1248089024,settled,Kl2a_0019,unmatched,,"[0.2827366532360801, -0.6531151424436665, 0.5934076092222453, 0.3759893681273299]","[-0.20833486149202662, -0.6757049556013021, 0.6758335575117645, -0.2080105790673474]","[458.19203593116436, 40.01022038601315, 9.518872991004313]",5.100000000000038,100.0,0.0,"[50.0, 113.83237634299617, 113.83237634299618]",9
402,1190590428,settled,Kl2a_0008,unmatched,,"[-0.8466737523926994, -0.520625593890875, -0.0190786065475082, 0.10829845228462341]","[-0.3309774122932174, -0.6248315324170677, -0.33107449657262217, -0.6248433294580406]","[458.42328814145696, 10.576878136987316, 9.51903250548614]",5.6200000000002115,100.0,0.0,"[50.0, 114.02292059046792, 114.02292059046793]",41
403,870255912,settled,Kl2a_0020,unmatched,,"[-0.016935335981255635, 0.22228673932136322, -0.7657847735540874, 0.6032209218104038]","[-0.6876875082443681, -0.16456458865933965, -0.6876691650703082, -0.16466786746520967]","[458.5332071390914, 10.24220234050546, 10.645872153306135]",4.699999999999904,100.0,0.0,"[50.0, 112.87847134895011, 112.87847134895013]",27
404,3990659583,settled,Kl2a_0017,unmatched,,"[-0.20215787328060575, -0.6371998885809219, 0.5616658613913516, 0.4874832883398513]","[-0.28260132779469277, -0.6481453806956642, 0.28270565586297264, 0.6481678541509411]","[457.79941691197075, 10.53044943948471, 10.413987512526143]",4.889999999999968,100.0,0.0,"[50.0, 102.59102955419718, 102.59102955419719]",24
405,3397404430,settled,Kl2a_0006,unmatched,,"[0.41182468093020647, -0.4075472598130009, 0.478449909386871, 0.6598419109175645]","[0.12552926380885684, -0.6958817179936088, -0.12558246593571926, 0.695859240607879]","[457.8414306067633, 9.651760958616748, 10.686095926823072]",5.100000000000038,100.0,0.0,"[50.0, 113.84438088627451, 113.84438088627451]",28
406,3645697704,settled,Kl2a_0015,unmatched,,"[0.8864963890943234, -0.051138257445942525, -0.1415384693951913, 0.4375795841094335]","[0.6251750653506237, -0.3303732693642838, -0.6251838226766125, 0.33038587805300595]","[458.09332323085806, 12.353612423721238, 9.524374720255976]",4.749999999999921,100.0,0.0,"[50.0, 109.44075920617013, 109.44075920617013]",45
407,51817196,settled,Kl2a_0013,unmatched,,"[0.7638451508528649, 0.27373350348973174, 0.43368309953207546, 0.39182843664804773]","[0.5461142634855358, 0.44927360874291294, 0.5459780478686064, 0.44924426201161066]","[458.1427137394076, 10.724693374568902, 10.045287187015271]",5.0600000000000245,100.0,0.0,"[50.0, 97.03055047485539, 97.03055047485536]",25
408,2309212288,settled,Kl2a_0008,unmatched,,"[0.8495889160767383, 0.3365625935702812, -0.2307471229477699, -0.33418566626970336]","[0.6247984164201573, 0.33113127901818756, -0.6246978358787421, -0.3312576470710667]","[458.4605179295754, 10.586732346080257, 9.524560872729868]",4.699999999999904,100.0,0.0,"[50.0, 106.81326532700302, 106.81326532700302]",28
409,48961705,settled,Kl2a_0006,unmatched,,"[0.07809326247491846, -0.2879763649877445, 0.049014886336602684, 0.9531886468490268]","[0.12576225769405927, -0.6958636918945866, -0.12582489846020328, 0.6957913996091132]","[458.48211996024, 9.646840852537927, 10.685794134167116]",5.0900000000000345,100.0,0.0,"[50.0, 111.6852621510331, 111.68526215103311]",28
410,1554068286,settled,Kl2a_0007,unmatched,,"[0.6452777913563432, -0.48357184564960204, -0.23356384192165672, 0.5433440657853112]","[0.2078847052931698, -0.6758090243830699, -0.20788456864236785, 0.6759068855899841]","[457.88553401312305, 9.520335972495207, 10.574323578841009]",5.0600000000000245,100.0,0.0,"[50.0, 103.50090754886197, 103.50090754886199]",36
411,3534876538,settled,Kl2a_0022,unmatched,,"[-0.2977258657233537, 0.10832781411501317, -0.3707268817149146, -0.8730326298267885]","[0.06861158922150773, 0.7037487823028715, -0.06867578990749398, -0.7037852919124599]","[458.0968050332399, 10.047546611293937, 10.716495986529543]",4.959999999999991,100.0,0.0,"[50.0, 110.945495091354, 110.94549509135402]",28
412,534105821,settled,Kl2a_0011,unmatched,,"[0.61992343084427, 0.12344665611091266, 0.04777704849200498, 0.7734165867258707]","[0.47944436773873955, 0.5197506650143261, 0.4794684231485679, 0.5197137439631475]","[458.471668716707, 10.731735392357555, 9.84546255129914]",5.100000000000038,100.0,0.0,"[50.0, 113.95938530652282, 113.95938530652283]",25
413,4091761413,settled,Kl2a_0019,unmatched,,"[0.5674666330929233, -0.4537568823728552, 0.5632140784565418, 0.3935431537376766]","[-0.20788365478422266, -0.6757570153566268, 0.6760716147030621, -0.20751870774137982]","[458.10480645068026, 40.0110539973106, 9.517646743519323]",5.230000000000081,100.0,0.0,"[50.0, 113.84135503082231, 113.84135503082233]",14
414,3173205562,settled,Kl2a_0019,unmatched,,"[-0.09130783514718892, -0.5669139993428666, 0.7439710281521406, -0.3417287021308819]","[-0.20831315570466086, -0.6757214344428769, 0.6758551944729503, -0.2079084613447878]","[458.63135468235095, 40.00272777253769, 9.522782829034167]",4.979999999999998,100.0,0.0,"[50.0, 114.62289544587307, 114.62289544587308]",15
415,251389692,settled,Kl2a_0009,unmatched,,"[0.6080055123042141, 0.07237173668191489, -0.4106834322929009, -0.6755965861203387]","[0.5804231933081421, 0.4039274558366149, -0.5803402561995351, -0.40392661972887706]","[458.2493630540995, 10.683809000797869, 9.644916608980875]",4.959999999999991,100.0,0.0,"[50.0, 110.15010004199837, 110.15010004199839]",23
416,2745748030,settled,Kl2a_0011,unmatched,,"[-0.44688314577346244, 0.750365958923362, -0.42026706391498325, -0.24621530557810048]","[0.5196144670079144, 0.4796258721837164, -0.5195178910313799, -0.47964673386399453]","[457.9071560644047, 10.733639982986432, 9.84733083617678]",4.759999999999924,100.0,0.0,"[50.0, 113.50366338159691, 113.50366338159692]",25
417,2132957445,settled,Kl2a_0020,unmatched,,"[0.02440900510333862, 0.4192243821668913, -0.3393466787833796, -0.8417237964233536]","[0.16459903947065627, 0.6876604848601108, -0.16461293674608898, -0.6877010940976632]","[458.0487773056035, 10.24445984051772, 10.654779311444283]",4.919999999999978,100.0,0.0,"[50.0, 106.73920935170959, 106.7392093517096]",34
418,2592582287,settled,Kl2a_0002,unmatched,,"[-0.17317025778823744, 0.877343216343861, -0.19804333936939197, 0.40132253647706384]","[-0.027567885909322243, 0.7065505385074504, -0.02765512838818532, 0.7065844196379903]","[458.2056667359594, 9.847675021391641, 13.393940867053074]",4.939999999999984,100.0,0.0,"[50.0, 106.32611185896091, 106.3261118589609]",22
419,488833476,settled,Kl2a_0007,unmatched,,"[0.814050814904451, -0.47546433509702507, 0.2701807450712651, -0.19559473867381785]","[0.6757795304955678, -0.208125451109999, 0.6757751892489633, -0.20816751994241872]","[458.1202905078506, 9.522898459843338, 10.57485866951177]",5.0900000000000345,100.0,0.0,"[50.0, 110.26810743023186, 110.26810743023188]",26
420,1079718317,settled,Kl2a_0003,unmatched,,"[-0.06942338662369815, -0.7737009619714047, 0.02210873122520877, 0.6293476136745343]","[0.02862868375363367, -0.7065718076684024, -0.028675580069180723, 0.7064802829396137]","[457.8082207365294, 9.847974412913, 10.7306413621929]",4.849999999999954,100.0,0.0,"[50.0, 91.49641365155861, 91.49641365155863]",43
421,1354260012,settled,Kl2a_0007,unmatched,,"[-0.4187518959274471, 0.7746345086352491, 0.30176239181627623, -0.3654144038949682]","[-0.20821435457011905, 0.6757761242140699, 0.20817807622674975, -0.6757479567647161]","[458.1270369842008, 9.522247921518625, 10.574636544666182]",5.000000000000004,100.0,0.0,"[50.0, 103.31354769470862, 103.31354769470863]",17
422,882229007,settled,Kl2a_0016,unmatched,,"[0.1273924501741963, -0.9584522427451846, 0.2029272869603875, 0.1547933403678503]","[0.29396784617118765, -0.9558152960782891, -0.00013620322401197704, -8.154095486380408e-05]","[457.9735067289306, 9.522278474670907, 39.99799002791541]",5.0600000000000245,100.0,0.0,"[50.0, 112.67203476268328, 112.6720347626833]",28
423,4192697643,settled,Kl2a_0012,unmatched,,"[0.6550885994433101, -0.4372331383276803, -0.14355208181188908, 0.5992319329233069]","[0.5004022056976614, -0.4996210856859027, -0.5003100660797917, 0.49966612958073287]","[458.4438742373158, 13.239758626633407, 9.97679468703367]",4.889999999999968,100.0,0.0,"[50.0, 109.21441912917903, 109.21441912917905]",28
424,3669686380,settled,Kl2a_0014,unmatched,,"[-0.06116896501923223, 0.885354112653527, -0.3315742172768101, -0.32010153289734866]","[0.3455683837799011, 0.6169117056812469, -0.34543530745187556, -0.6169901845984503]","[458.3393280373568, 10.543427051951946, 10.373005241760266]",4.4999999999998375,100.0,0.0,"[50.0, 105.61328420064346, 105.61328420064346]",33
425,514171889,settled,Kl2a_0008,unmatched,,"[-0.8749889709778484, -0.4028463397589936, 0.14105621020290338, 0.22850004983172698]","[-0.6249364101947372, -0.3307810474087698, 0.6249540975808661, 0.3308636544030757]","[458.0483145815151, 10.576004229903566, 9.523923271005712]",4.829999999999948,100.0,0.0,"[50.0, 112.04443170586136, 112.04443170586137]",26
426,551640303,settled,Kl2a_0018,unmatched,,"[-0.2697721665536638, 0.4464575027683721, -0.8515280409815804, 0.05290247439244444]","[-0.2081333476801241, 0.6757471929861597, -0.20808276238569803, 0.6758311954569185]","[458.5040382047754, 9.527464394289703, 12.355356590391363]",5.0900000000000345,100.0,0.0,"[50.0, 108.54884885010874, 108.54884885010875]",31
427,1447824218,settled,Kl2a_0008,unmatched,,"[0.054177171776904016, 0.03524804273418602, -0.8950143501031719, -0.44132949442685304]","[0.6248510003510822, 0.33090654223553223, -0.6249863830727715, -0.33083849328575854]","[458.0462681506058, 10.58116825976886, 9.523067675559211]",5.230000000000081,100.0,0.0,"[50.0, 113.61584122031496, 113.61584122031498]",35
428,88904940,settled,Kl2a_0020,unmatched,,"[0.9031736958155836, -0.2856238255728287, 0.17222343768948123, -0.27025061140056533]","[0.6876617669529717, 0.16440390555102155, 0.6877906875587001, 0.16442816126873847]","[458.463906166013, 10.257350263970485, 10.647284092467492]",5.1800000000000646,100.0,0.0,"[50.0, 110.6682116508955, 110.66821165089551]",33
429,1326025458,settled,Kl2a_0019,unmatched,,"[-0.5718926520009407, -0.20994557547447532, -0.2553657328752236, 0.7507662701527834]","[0.207919620175928, -0.6758344408946537, -0.6757624121031743, -0.20823640996475215]","[458.4981986635169, 39.99960981457505, 9.519896921663976]",5.280000000000098,100.0,0.0,"[50.0, 113.81695963241344, 113.81695963241346]",15
430,1890205973,settled,Kl2a_0018,unmatched,,"[0.4550261583998374, -0.14329072983126753, -0.6002766520818873, 0.6419399527071591]","[0.6756791559609464, -0.20836592525225073, -0.675751305696293, 0.2083302480280573]","[457.945829692054, 9.532326588023183, 12.356430767459242]",5.240000000000085,100.0,0.0,"[50.0, 102.60897727718331, 102.60897727718333]",25
431,296743350,settled,Kl2a_0007,unmatched,,"[0.6332094678323993, -0.22651466425909744, 0.7306858552586184, 0.11762252185691]","[0.6758121326007176, -0.2078750380146682, 0.6758986560384419, -0.2079108865968751]","[458.2855158677897, 9.52613936842822, 10.573767552372445]",4.939999999999984,100.0,0.0,"[50.0, 100.56394645432798, 100.56394645432799]",20
432,4200615586,settled,Kl2a_0009,unmatched,,"[0.655926729555045, 0.4715822210767977, 0.3000995891145564, 0.5072578938102114]","[0.4035605089784744, 0.5806462440601405, 0.4036377737327966, 0.5805733394394873]","[458.5072614738018, 10.679721023418077, 9.64311512981948]",5.100000000000038,100.0,0.0,"[50.0, 97.89883180777595, 97.89883180777592]",32
433,1827127625,settled,Kl2a_0007,unmatched,,"[0.8579350932580933, -0.2128157517921675, -0.14611278493536695, -0.44419352271706153]","[0.675851889300462, -0.20805837789804293, 0.6757518434326446, -0.20807542193352327]","[458.65367644925936, 9.52303393342413, 10.571912246435046]",5.350000000000121,100.0,0.0,"[50.0, 111.1578467727659, 111.15784677276591]",23
434,534635392,settled,Kl2a_0007,unmatched,,"[0.4023365553425705, -0.1994319114941423, 0.8810665716111402, -0.14857289558415035]","[0.6756563248151334, -0.20846974844212093, 0.6757582974628674, -0.20827774276641442]","[458.46362120519944, 9.527181496966252, 10.57971974923116]",4.899999999999971,100.0,0.0,"[50.0, 105.07612545598965, 105.07612545598967]",31
435,2590583326,settled,Kl2a_0009,unmatched,,"[0.09030055180909459, -0.04441867200298009, -0.8023967719212277, -0.5882450274595253]","[0.5806575745847139, 0.40367334634481067, -0.5805959230630857, -0.40347612649412534]","[458.2452466038714, 10.68290259098939, 9.63618527248749]",5.310000000000108,100.0,0.0,"[50.0, 114.60038501386153, 114.60038501386154]",27
436,2547354583,settled,Kl2a_0011,unmatched,,"[0.8152563941732772, 0.21622676966726295, -0.40583675953436604, -0.3519936369446071]","[0.5198554334474472, 0.479361733684314, -0.5199567904740757, -0.4791738647236866]","[458.15266775618556, 10.73054719087518, 9.846367352138312]",4.859999999999958,100.0,0.0,"[50.0, 98.25318758649716, 98.25318758649718]",38
437,3218085765,settled,Kl2a_0014,unmatched,,"[0.2954657990931379, 0.39282819469298863, -0.3980689292476701, -0.7745496101529676]","[0.34523699788356754, 0.6170882177374994, -0.3452960537311656, -0.6170771281611257]","[458.32021488907014, 10.53683125667675, 10.371740555391654]",4.819999999999944,100.0,0.0,"[50.0, 102.16278404219639, 102.1627840421964]",27
438,1304232084,settled,Kl2a_0007,unmatched,,"[-0.352213766853653, 0.21184664024323208, -0.8685438811426818, -0.27694401958883696]","[-0.6757609114268825, 0.20818834150408047, -0.6757745109447024, 0.20816727746391284]","[458.4061182337628, 9.527241990884868, 10.581670291653307]",4.819999999999944,100.0,0.0,"[50.0, 107.20286901276853, 107.20286901276855]",29
439,297768368,settled,Kl2a_0007,unmatched,,"[-0.22472066688496214, -0.872516407788627, -0.21434063640960546, 0.3771920354380955]","[0.20798976024357618, -0.6758614770907093, -0.20803994007439824, 0.6757743016365932]","[458.2472718533739, 9.528580187185105, 10.572973469653842]",4.899999999999971,100.0,0.0,"[50.0, 105.97406842966973, 105.97406842966973]",36
440,891232979,settled,Kl2a_0003,unmatched,,"[-0.34380334234946835, -0.7338992915597421, -0.0763126847783356, 0.5808334234351233]","[0.02860987428573558, -0.7065037395328891, -0.028608128961985335, 0.7065518495317187]","[458.07733241715357, 9.845196467594551, 10.730761693512504]",4.899999999999971,100.0,0.0,"[50.0, 102.0269193385686, 102.02691933856859]",29
441,3841963349,settled,Kl2a_0008,unmatched,,"[-0.5133375855609958, -0.07907450326392841, 0.6897991190402434, -0.5043896525061499]","[-0.6251081897875541, -0.3305202722534959, 0.625085356368396, 0.330551656997507]","[458.2566302491649, 10.587849090979509, 9.518998019577564]",4.990000000000001,100.0,0.0,"[50.0, 107.129082362476, 107.12908236247601]",29
442,18385099,settled,Kl2a_0012,unmatched,,"[0.12047864421829556, -0.12517628543684167, -0.7144336243554615, 0.6777908159910955]","[0.5002231665211655, -0.49981930602130825, -0.5002029279353437, 0.49975441557711664]","[458.27247012274154, 13.257654534029834, 9.975271729257678]",5.320000000000111,100.0,0.0,"[50.0, 113.70880245721331, 113.70880245721332]",29
443,2691739939,settled,Kl2a_0018,unmatched,,"[-0.22267729535334213, 0.7891356077799049, -0.5696644964821498, 0.0562332296395906]","[-0.2086581116045811, 0.6756340347663047, -0.20857942224155598, 0.6756293866791118]","[458.48295977513385, 9.533005630657602, 12.356745632238322]",5.440000000000151,100.0,0.0,"[50.0, 113.80730406883573, 113.80730406883573]",30
444,1648306844,settled,Kl2a_0018,unmatched,,"[0.40372342625092367, -0.4878801446397, -0.3946080481346454, -0.6657813814683657]","[0.20840216006452286, -0.6757229928081475, 0.20839363322074375, -0.6756767498618697]","[457.98072690769567, 9.530426375449798, 12.350308374031034]",5.0600000000000245,100.0,0.0,"[50.0, 113.5708784336369, 113.57087843363692]",31
445,3556173456,settled,Kl2a_0006,unmatched,,"[0.8819022092181918, -0.180298544692677, 0.353429474799875, -0.2546144821106211]","[0.6959027096059235, -0.12494303962216188, 0.6960921995031741, -0.12475698539136823]","[458.18748043150634, 9.647696943775737, 10.680000614154228]",4.899999999999971,100.0,0.0,"[50.0, 105.69859233871769, 105.6985923387177]",34
446,4217925759,settled,Kl2a_0006,unmatched,,"[0.0961030644699224, -0.5789503453412914, -0.05326938281784191, 0.8079251645312798]","[0.1257611469617799, -0.6958634025333121, -0.1257215833144339, 0.6958105650380216]","[458.45719281878416, 9.655305717645232, 10.684774409695583]",4.959999999999991,100.0,0.0,"[50.0, 95.31393161156858, 95.31393161156859]",40
447,2301786321,settled,Kl2a_0018,unmatched,,"[0.2578223818748416, -0.7105505883403768, 0.20813108451813142, -0.620747076087221]","[0.2079814373921992, -0.67583309396237, 0.20797540193675132, -0.6758251127287087]","[457.9277333828558, 9.515236701807183, 12.359141027417863]",5.130000000000048,100.0,0.0,"[50.0, 90.2249696275665, 90.22496962756651]",36
448,325454950,settled,Kl2a_0008,unmatched,,"[0.7956384402483112, 0.3843416545390062, -0.3939975078371101, -0.25299590669336963]","[0.6248372396271008, 0.33101779859294533, -0.6248575378285628, -0.3309965232577099]","[458.31916072537535, 10.575544005197674, 9.522891102602854]",4.809999999999941,100.0,0.0,"[50.0, 103.10805237176415, 103.10805237176416]",25
449,969502381,settled,Kl2a_0017,unmatched,,"[-0.30927980161513835, -0.15406158471051223, 0.5135925348162733, 0.7853876371642105]","[-0.28287088887762707, -0.6480438631850208, 0.28301560286346805, 0.648016496819057]","[458.093896410825, 10.527375704446483, 10.419167185475317]",5.1200000000000445,100.0,0.0,"[50.0, 109.55491107129609, 109.55491107129609]",28
450,2996715874,settled,Kl2a_0002,unmatched,,"[-0.19287291865651282, 0.48587151384416694, 0.6514239194558252, 0.5498870669914926]","[-0.02720085930917507, 0.7065396029557708, -0.02722779566395825, 0.7066261740490696]","[458.10049580162826, 9.841557848983728, 13.397141167736327]",4.709999999999908,100.0,0.0,"[50.0, 112.25827387738381, 112.25827387738383]",29
451,1609489958,settled,Kl2a_0020,unmatched,,"[-0.9949556450195594, -0.05813871976815337, 0.08029387326127228, -0.015363841451134974]","[-0.6875998795458459, -0.16458239510264736, -0.6877740932504894, -0.16457775525350174]","[458.16491334988854, 10.245279353932522, 10.64098028553811]",5.500000000000171,100.0,0.0,"[50.0, 114.36981624023026, 114.36981624023028]",30
452,2771918735,settled,Kl2a_0007,unmatched,,"[-0.11460745564524599, 0.43084029765301896, -0.8796516023320977, 0.16569498345862566]","[-0.6762170359884783, 0.20683352006620873, -0.6761998541061753, 0.20664987907754878]","[457.9241260657843, 9.524595394169111, 10.575630169026912]",4.5899999999998675,100.0,0.0,"[50.0, 108.11975549183188, 108.11975549183187]",40
453,610631633,settled,Kl2a_0018,unmatched,,"[0.1514681535432902, -0.6127328788032343, 0.29993681550540857, -0.7152997444429585]","[0.20817839431104795, -0.6758074840341592, 0.2080211770121011, -0.6757759914202293]","[457.8609421099524, 9.518121311506686, 12.360616843446731]",5.1500000000000545,100.0,0.0,"[50.0, 92.7111567800551, 92.71115678005512]",44
454,2319603761,settled,Kl2a_0015,unmatched,,"[-0.1570165804251357, 0.03132179366028071, 0.9537235132709428, -0.2545116872515474]","[-0.6252547559878964, 0.33020139477141847, 0.6252463094422379, -0.33028863367422684]","[458.25826937811365, 12.357115375484717, 9.532484805965751]",5.430000000000148,100.0,0.0,"[50.0, 114.76612104539518, 114.7661210453952]",33
455,1854309513,settled,Kl2a_0017,unmatched,,"[0.12356854996780049, -0.2678906918240119, -0.7278985147329342, -0.6189742667853777]","[-0.6584200609693758, -0.2577395964117568, -0.6584650288968977, -0.2578315913040836]","[458.2886751416135, 10.428477105642388, 10.527861574209158]",4.5599999999998575,100.0,0.0,"[50.0, 113.1181007386703, 113.11810073867031]",17
456,989447075,settled,Kl2a_0001,unmatched,,"[0.9713800337355661, -0.21011797810244398, 0.016179182275794755, 0.10958786154915928]","[0.9556759951729092, -0.29441988656676715, 0.0005491802998736361, -0.00014506991313861795]","[458.1568990353456, 9.526177184276362, 40.004255651625826]",4.829999999999948,100.0,0.0,"[50.0, 113.98818464166472, 113.98818464166473]",29
457,2183323969,settled,Kl2a_0007,unmatched,,"[0.4719514165278837, -0.21436734646952207, 0.6328959274691771, -0.5751097688249347]","[0.6756297132564574, -0.2084590918007014, 0.6757207899217056, -0.20849631094628582]","[458.5269458750384, 9.520091328079687, 10.581127990188447]",4.909999999999974,100.0,0.0,"[50.0, 100.31974860786912, 100.31974860786913]",31
458,3333157346,settled,Kl2a_0002,unmatched,,"[-0.9276509904190547, 0.24159716448372856, 0.27468312960690555, 0.07512408666549768]","[-0.7065852494067321, 0.02753908374131067, 0.7065575938972029, -0.027481824788590375]","[458.5769847830847, 9.85267966908443, 13.395502142614756]",4.689999999999901,100.0,0.0,"[50.0, 113.47310351546247, 113.47310351546247]",27
459,1536433214,settled,Kl2a_0008,unmatched,,"[0.08218339877503628, 0.2576184628040969, -0.6582543058704985, -0.7025524075762501]","[0.6250273374143813, 0.3306291396920614, -0.6250115375540591, -0.33073520737213274]","[457.94152796291286, 10.5864579262933, 9.524554558079444]",4.919999999999978,100.0,0.0,"[50.0, 112.23272306883204, 112.23272306883206]",20
460,3003981838,settled,Kl2a_0002,unmatched,,"[-0.7818738120739928, -0.012854806092070811, 0.6135808908157429, -0.10966579402428699]","[-0.7065222998910411, 0.028244007851357417, 0.7065595065090784, -0.02832277420758364]","[457.94443547543506, 9.844998424365627, 13.405265731603153]",4.649999999999888,100.0,0.0,"[50.0, 94.76970880545994, 94.76970880545996]",23
461,1671738075,settled,Kl2a_0009,unmatched,,"[0.16848477985767996, 0.6303939036957051, 0.6092136526744295, 0.4506385808324433]","[0.4037830890912367, 0.5804443335362589, 0.4037322539738534, 0.5805547861578427]","[458.5872979082887, 10.678493890269351, 9.64039254390103]",5.020000000000011,100.0,0.0,"[50.0, 105.7499831072758, 105.74998310727581]",27
462,1427896573,settled,Kl2a_0003,unmatched,,"[-0.8276546587604369, 0.01672756570963244, -0.5591638238802129, 0.045208101499985595]","[-0.7064901282537085, 0.028757155574592772, -0.7065584073404044, 0.028634624144702556]","[457.80878562613884, 9.852119256092069, 10.733050253396215]",4.839999999999951,100.0,0.0,"[50.0, 97.50898481602273, 97.50898481602275]",22
463,617616967,settled,Kl2a_0007,unmatched,,"[-0.653353822706798, 0.3994512311384112, -0.04260644431797357, -0.6416791933661253]","[-0.2078607457743295, 0.6758400405348697, 0.20797008307263065, -0.675856933472409]","[458.26842198817155, 9.522616835535764, 10.575103031218964]",4.889999999999968,100.0,0.0,"[50.0, 114.1597400191226, 114.15974001912261]",26
464,4137320547,settled,Kl2a_0006,unmatched,,"[0.42361130840775824, -0.7453039372078921, -0.42955826919711343, -0.2838224690468704]","[-0.6960211149467574, 0.1250396680664373, -0.695879134213138, 0.12518753741839284]","[457.82969705878764, 9.65331981028948, 10.680922519228993]",4.649999999999888,100.0,0.0,"[50.0, 113.7570565197249, 113.75705651972491]",20
465,2545035017,settled,Kl2a_0002,unmatched,,"[-0.5569568557253328, 0.6963649029460673, 0.07238081643017763, 0.44680644603493136]","[-0.027855596295404537, 0.7065585253628717, -0.027880115819186445, 0.7065563071220725]","[457.79638568772543, 9.851520237525724, 13.399605912316398]",5.0300000000000145,100.0,0.0,"[50.0, 106.99467877967642, 106.99467877967642]",26
466,1308104037,settled,Kl2a_0019,unmatched,,"[0.6202867767754898, 0.441811349337051, 0.34047399362073083, -0.5514748460468515]","[-0.20782346205683258, 0.675852802118869, 0.6758007735805058, 0.2081482954885172]","[457.9346686244456, 40.00170356722137, 9.519548899922015]",5.260000000000091,100.0,0.0,"[50.0, 113.95125618167602, 113.95125618167603]",15
467,997398106,settled,Kl2a_0007,unmatched,,"[0.11084417898417434, -0.7964657463755247, -0.5903442692092394, 0.06963854283090477]","[0.20829893290322543, -0.6757370112690941, -0.20827793746850726, 0.6757302323533811]","[458.25575719916213, 9.518434043543659, 10.574493326520217]",5.140000000000051,100.0,0.0,"[50.0, 113.83321946924089, 113.8332194692409]",35
468,3869532184,settled,Kl2a_0014,unmatched,,"[-0.444034000270401, -0.15779409734244773, -0.714768004045331, 0.5167606117350677]","[-0.6028905654610386, -0.36941133038681856, -0.6029727862607303, -0.3694347765017282]","[458.0333199197764, 10.658660299355384, 10.24485461922736]",4.769999999999928,100.0,0.0,"[50.0, 109.0619151443726, 109.0619151443726]",22
469,2215946165,settled,Kl2a_0008,unmatched,,"[0.36889047016788995, -0.7622059379761799, -0.12484839185158167, -0.5170829799802338]","[-0.33083975065410054, -0.6249637478030108, -0.33079954731100525, -0.6249296222919677]","[458.3628199276391, 10.568063851223997, 9.520820867210393]",5.190000000000068,100.0,0.0,"[50.0, 103.44549467506152, 103.44549467506154]",33
470,1197086404,settled,Kl2a_0006,unmatched,,"[0.755057280627056, -0.1767846178774512, 0.631366319746603, 0.0035031619473357]","[0.6955484109162458, -0.12712390526631084, 0.6956425591228433, -0.12701712765902498]","[458.52555346633517, 9.651460487757825, 10.68282924251677]",4.849999999999954,100.0,0.0,"[50.0, 91.3750143955527, 91.37501439555268]",24
471,148282538,settled,Kl2a_0019,unmatched,,"[-0.4253381753982559, 0.7238946308654451, -0.5174617999902729, -0.16521890177546342]","[0.20874987073728377, 0.6756239804429901, -0.6759157551031195, 0.20759002991694328]","[458.5654620705714, 40.020614908774064, 9.52155954619849]",5.160000000000058,100.0,0.0,"[50.0, 114.44989688359583, 114.44989688359583]",13
472,4068892255,settled,Kl2a_0007,unmatched,,"[0.3748737161170823, 0.8447448672063396, 0.13016443113470874, -0.35907245391493114]","[-0.20817095358516205, 0.6757649734750768, 0.20816629107904103, -0.6757761093484063]","[457.85286666402624, 9.516544443257642, 10.573187268458225]",4.899999999999971,100.0,0.0,"[50.0, 108.61237819411271, 108.6123781941127]",27
473,1326143893,settled,Kl2a_0007,unmatched,,"[0.14356132151723644, 0.9476595487597521, -0.08740535376396882, -0.2714623928688525]","[-0.20795622219128887, 0.6757865340791401, 0.20800012666175563, -0.6758718201833276]","[458.50677491685656, 9.52756312555834, 10.577980469131967]",4.849999999999954,100.0,0.0,"[50.0, 112.03156316019077, 112.03156316019077]",35
474,2736713625,settled,Kl2a_0007,unmatched,,"[0.017407009755828814, 0.4637843759830021, 0.32652442269539567, -0.8233971398959656]","[-0.2082342621256604, 0.6757254469394619, 0.208339082307739, -0.6757428795175096]","[458.5140390893053, 9.510827865822558, 10.574401246048804]",5.110000000000041,100.0,0.0,"[50.0, 104.2604969020769, 104.26049690207691]",32
475,3271021467,settled,Kl2a_0007,unmatched,,"[-0.521156935288762, 0.18990290551240585, 0.14878659799666374, -0.8186543125977841]","[-0.20807692470476027, 0.6757943629768852, 0.20819219244014148, -0.6757676992732359]","[458.3447869858908, 9.524432139673992, 10.577946118838181]",5.290000000000101,100.0,0.0,"[50.0, 111.46379894633307, 111.46379894633309]",37
476,3851873653,settled,Kl2a_0007,unmatched,,"[-0.6890452941250381, 0.5804733049738838, -0.022912083130372837, -0.43329246624360196]","[-0.20828596677955483, 0.6757644131290248, 0.20820730857322023, -0.6757285924450637]","[458.03150412040316, 9.518537234062913, 10.571883536493063]",4.719999999999911,100.0,0.0,"[50.0, 108.11883890012119, 108.1188389001212]",35
477,1222532304,settled,Kl2a_0013,unmatched,,"[-0.4892347766941237, -0.673558720770075, -0.5376203582472012, -0.13391166247112982]","[-0.5462789951628408, -0.44896319575031535, -0.5462674498934745, -0.44900242927229383]","[458.1423744033494, 10.720749553661905, 10.047023098254554]",5.040000000000018,100.0,0.0,"[50.0, 105.07388557696612, 105.07388557696613]",31
478,2025214609,settled,Kl2a_0010,unmatched,,"[-0.6720498297597366, 0.25987250603860684, -0.3820612441455619, 0.5786575089351808]","[-0.5459455338870495, 0.4493467705169739, -0.5460156928102409, 0.4493304096761129]","[458.41385722233906, 13.480902229146588, 10.051557444595918]",4.809999999999941,100.0,0.0,"[50.0, 106.85346189832164, 106.85346189832165]",31
479,3974321818,settled,Kl2a_0009,unmatched,,"[0.5890076497595739, 0.578138251652458, 0.2804648250741726, 0.4900669672575945]","[0.40371205665146936, 0.5805207809747798, 0.40366229835742806, 0.5805763920927816]","[457.93008360252924, 10.683641508842625, 9.638738158256862]",5.010000000000008,100.0,0.0,"[50.0, 96.34080247578555, 96.34080247578557]",40
480,2134301099,settled,Kl2a_0021,unmatched,,"[0.23258563386672154, -0.9707151930310784, -0.014332229697203118, 0.05839969288753257]","[0.17410837007061417, -0.9847264964063425, -5.2153014156508526e-05, 5.167892836319132e-06]","[458.61084600571155, 9.650870485556702, 39.99840002053344]",4.939999999999984,100.0,0.0,"[50.0, 113.69953963253697, 113.69953963253698]",34
481,978334388,settled,Kl2a_0020,unmatched,,"[-0.0529483899273966, -0.302997353705265, -0.8480072285136022, -0.4315933410519471]","[-0.6877376888555529, -0.16466261741028887, -0.687592502941118, -0.16468042887478865]","[458.4055854306073, 10.25527697340116, 10.639861690529548]",4.909999999999974,100.0,0.0,"[50.0, 110.84769004351837, 110.84769004351838]",18
482,2325744455,settled,Kl2a_0007,unmatched,,"[0.18274323590751634, 0.8725818368775546, 0.3737068263916387, -0.2560254979288821]","[-0.2080386446355221, 0.675835802327561, 0.20803528942561866, -0.6757863634197393]","[458.3711375791474, 9.518745542598529, 10.580436525355017]",5.040000000000018,100.0,0.0,"[50.0, 109.2380182850288, 109.23801828502882]",43
483,348550585,settled,Kl2a_0007,unmatched,,"[-0.9150115933974345, 0.34906982214210186, -0.028151545384796382, -0.2002786401751746]","[-0.6757697768150526, 0.20820036129040767, -0.675733885952939, 0.20825833399126745]","[458.27044859267994, 9.521484123084946, 10.576954487886562]",5.480000000000165,100.0,0.0,"[50.0, 113.52195634224218, 113.52195634224218]",25
484,1740214684,settled,Kl2a_0013,unmatched,,"[-0.08212628680529313, 0.5264601975169598, -0.73218323243745, -0.42426718890744497]","[0.4491062869912251, 0.5462256345948684, -0.4488725167987783, -0.5463099511807551]","[458.2665492455484, 10.726469553705394, 10.048922232878704]",5.0600000000000245,100.0,0.0,"[50.0, 112.15163952593952, 112.15163952593953]",33
485,55311315,settled,Kl2a_0003,unmatched,,"[-0.7661319425224496, -0.4844520809690637, -0.32013599349819377, 0.27542870866786173]","[-0.7065032123447723, 0.028284281162287976, -0.7065752394903877, 0.028366200393277412]","[458.6384562620953, 9.853059753335113, 10.730747051652148]",5.1500000000000545,100.0,0.0,"[50.0, 109.20183088442825, 109.20183088442826]",28
486,1316840683,unsettled,,not_evaluated,,"[0.07675491347951191, 0.6400061569458476, -0.7595435032536367, 0.08714625059836124]","[0.20852073750733044, 0.6756557698797726, -0.6757982692072977, 0.2080987313608417]","[458.2056841614312, 40.01998944518971, 9.525719126465026]",5.0300000000000145,100.0,0.0,"[50.0, 113.79978234261878, 113.79978234261877]",18
487,3906633774,settled,Kl2a_0009,unmatched,,"[-0.4126339930361076, 0.7677208856764828, -0.44529899126803724, -0.20505276848378087]","[0.5806316581149574, 0.40353383787907626, -0.5805884961520772, -0.4036636191399074]","[458.5950089578305, 10.692363135281207, 9.645948782362618]",4.759999999999924,100.0,0.0,"[50.0, 113.4611489210013, 113.46114892100131]",32
488,3892948482,settled,Kl2a_0012,unmatched,,"[0.5881394421842769, -0.4614317568880165, -0.6511079169270512, -0.13126770660494644]","[0.5000041663703625, -0.5000434228529783, -0.4998832936514993, 0.5000690968275138]","[457.9656582438338, 13.255243675939905, 9.977438167299251]",4.979999999999998,100.0,0.0,"[50.0, 109.19830885969526, 109.19830885969527]",21
489,726396242,settled,Kl2a_0020,unmatched,,"[-0.588104219804756, -0.17625190134214422, -0.7803869967171447, -0.1185952329392438]","[-0.6877640337707089, -0.16419279944032236, -0.6877851087329186, -0.16423459644252952]","[457.9836541615264, 10.255587851891661, 10.646445092177906]",4.919999999999978,100.0,0.0,"[50.0, 92.90157245042818, 92.90157245042819]",23
490,2940707866,settled,Kl2a_0006,unmatched,,"[0.497173177018088, 0.03845020895787252, 0.8641151523332156, 0.06815729596294492]","[0.6958781920016327, -0.12560477649232524, 0.6958343440353929, -0.12566442487707635]","[458.2003083007737, 9.638333481232092, 10.685236242968974]",4.769999999999928,100.0,0.0,"[50.0, 102.10180576321835, 102.10180576321834]",24
491,304160197,settled,Kl2a_0006,unmatched,,"[0.9038276135597187, -0.022174154481154725, 0.42216816549128033, 0.06616639544146515]","[0.6959657566134939, -0.12524954463362045, 0.6958699592086544, -0.12533641554402145]","[458.4035611812286, 9.64806067949911, 10.68216927072329]",4.909999999999974,100.0,0.0,"[50.0, 106.40369422559093, 106.40369422559091]",22
492,4041846957,settled,Kl2a_0018,unmatched,,"[-0.42387011570386224, 0.43694254873817007, 0.72414277921501, 0.32408728673946435]","[-0.6756102348316931, 0.2088443785204546, 0.6755171616552543, -0.2088334275452532]","[458.12578230582056, 9.536709432045264, 12.342885243326162]",5.390000000000135,100.0,0.0,"[50.0, 113.26767008502128, 113.2676700850213]",18
493,1321792822,settled,Kl2a_0008,unmatched,,"[0.8692626977408878, 0.4179941004244013, -0.14782251222700962, -0.2186590935806806]","[0.6249546518445033, 0.3307653723124047, -0.6250705597755024, -0.33062478267500167]","[457.8229812418885, 10.581241276945304, 9.52471786289976]",4.799999999999938,100.0,0.0,"[50.0, 112.16058103248687, 112.16058103248689]",39
494,4197430582,settled,Kl2a_0009,unmatched,,"[0.03321905480953784, 0.9728731798589902, 0.2096095331892582, 0.0920766740537427]","[0.40360059495296297, 0.5805875174097611, 0.40374865774501556, 0.5805271016504595]","[458.4496570933856, 10.685647868655881, 9.645046766094897]",5.210000000000075,100.0,0.0,"[50.0, 112.82240773422018, 112.82240773422019]",24
495,2542721139,settled,Kl2a_0011,unmatched,,"[-0.6495938786809407, -0.005279080681094758, 0.6857852760822487, 0.3281744645706117]","[-0.5195954928849621, -0.47960080392339705, 0.5197424029945368, 0.4794490871605966]","[458.3559647997136, 10.727871676916525, 9.839900710400528]",4.949999999999988,100.0,0.0,"[50.0, 98.86824736936445, 98.86824736936447]",27
496,2692174792,settled,Kl2a_0022,unmatched,,"[0.47989987830095804, 0.40658434079067574, 0.7168406037565264, -0.30087344421951895]","[0.7037653831848072, 0.06856144921662655, 0.7037905013219724, 0.0685021412878768]","[458.51758084436824, 10.058817225487322, 10.72020227529505]",4.779999999999931,100.0,0.0,"[50.0, 112.40436899422427, 112.40436899422428]",33
497,3415389587,settled,Kl2a_0007,unmatched,,"[0.014422751469727813, -0.6581796891617329, -0.4012873838272596, 0.6368358631516293]","[0.20801651293441228, -0.6758191836377792, -0.20790041497082035, 0.6758512993467825]","[458.57619093192466, 9.526379588535525, 10.57212635481933]",5.130000000000048,100.0,0.0,"[50.0, 101.82288348495203, 101.82288348495204]",34
498,1604256032,settled,Kl2a_0019,unmatched,,"[0.7194335288308407, -0.12594507376429795, -0.2512441202018914, -0.6351611040141603]","[-0.20802704842981595, 0.6758075363181215, 0.6757707155066645, 0.2081894835019785]","[458.4613253480252, 39.999753530318856, 9.522905895962188]",5.530000000000181,100.0,0.0,"[50.0, 114.0149121753043, 114.01491217530432]",20
499,262656233,settled,Kl2a_0006,unmatched,,"[-0.36391009820553344, 0.39535104709640495, 0.3331361145539588, -0.7747821107664442]","[-0.12550080449226475, 0.6958969257701264, 0.12556027879174628, -0.6958531692571505]","[458.16903070211754, 9.648860220022847, 10.68490430577784]",5.070000000000028,100.0,0.0,"[50.0, 98.91809988025437, 98.91809988025439]",21
500,4212216518,settled,Kl2a_0008,unmatched,,"[-0.29048204249306936, -0.9429696391518119, 0.01821415926537831, -0.16154469050145792]","[-0.33066532542101945, -0.625015405165249, -0.33072084531931256, -0.6250119265594941]","[458.30569280873624, 10.579348323382138, 9.5229273730178]",5.350000000000121,100.0,0.0,"[50.0, 114.92210485952059, 114.9221048595206]",35
501,3782923788,settled,Kl2a_0007,unmatched,,"[-0.7787440695715817, 0.09365545432764234, -0.38650657307348313, 0.48517934720345085]","[-0.6757999051997973, 0.2081977175661012, -0.675725669208441, 0.2081898616768255]","[458.53943010139443, 9.51953731621744, 10.571138664081476]",4.899999999999971,100.0,0.0,"[50.0, 108.22246585565055, 108.22246585565057]",27
502,3362482467,settled,Kl2a_0018,unmatched,,"[0.7832846989191279, -0.38675165402377154, -0.48657950948779993, 0.011341053551597924]","[0.675702598629957, -0.20834146054407465, -0.6756971536008057, 0.20845428908721025]","[458.1495532596574, 9.524486730699698, 12.357316688955361]",5.080000000000031,100.0,0.0,"[50.0, 104.72856298854524, 104.72856298854525]",27
503,2700113713,settled,Kl2a_0009,unmatched,,"[0.03447712517487698, 0.9641850388290412, 0.23864003994039065, 0.11049647087199173]","[0.40376275264651884, 0.5804931167026753, 0.40382434212074336, 0.5804560980357335]","[458.22684306209106, 10.683114240682272, 9.639419251759149]",5.200000000000071,100.0,0.0,"[50.0, 112.08217208508117, 112.08217208508118]",31
504,470461877,settled,Kl2a_0007,unmatched,,"[-0.3661237010024778, 0.6138259312149058, -0.3211534154736574, -0.6213144497450597]","[-0.20802767803969646, 0.6757867219477864, 0.20813321604234608, -0.6758086681808304]","[458.3703212283087, 9.517967737253546, 10.57174180953044]",4.959999999999991,100.0,0.0,"[50.0, 111.88283455138402, 111.88283455138404]",35
505,1077415524,settled,Kl2a_0007,unmatched,,"[-0.9281882426101508, -0.132775582072791, -0.2798262576919452, 0.2062389308341965]","[-0.6757139748125964, 0.20834041981860388, -0.6757761493943535, 0.20816217144935378]","[457.95495341858515, 9.522719069959049, 10.574360263994492]",5.050000000000021,100.0,0.0,"[50.0, 109.97218621279468, 109.9721862127947]",35
506,3461860755,settled,Kl2a_0009,unmatched,,"[-0.05646607210453661, 0.35164116118681604, -0.895910406203069, -0.2655270617419717]","[0.5807719090373739, 0.40335865091309087, -0.5808137567289554, -0.4033127426713088]","[458.3704718074764, 10.693121410589985, 9.646949353490056]",5.210000000000075,100.0,0.0,"[50.0, 109.39163586303754, 109.39163586303755]",28
507,4041061826,settled,Kl2a_0007,unmatched,,"[-0.3481962430304041, -0.8253540043337292, -0.2323053652870821, 0.3789252711665267]","[0.20804944166644562, -0.675838359983808, -0.20799695504376653, 0.675792281466131]","[458.12240057033785, 9.532364552394489, 10.576116194877857]",4.899999999999971,100.0,0.0,"[50.0, 106.51315958817806, 106.51315958817806]",37
508,306890977,settled,Kl2a_0018,unmatched,,"[-0.6281596778640454, 0.2934023739395993, -0.14503032828879558, 0.7059013174295615]","[-0.20799985908793864, 0.6758342941482219, -0.2079099337954485, 0.675838386673726]","[458.24317485225436, 9.524291377336555, 12.356925427456144]",5.080000000000031,100.0,0.0,"[50.0, 112.79885315780655, 112.79885315780656]",33
509,1149764821,settled,Kl2a_0017,unmatched,,"[0.5506074498766016, 0.1942346200872333, 0.7633583094821048, 0.2763845868433636]","[0.6585229091240041, 0.25746614594381567, 0.6585868325587045, 0.2575308638435193]","[458.19923264309045, 10.421929869594258, 10.524943547505034]",4.919999999999978,100.0,0.0,"[50.0, 95.46928097783237, 95.46928097783238]",20
510,2826209534,settled,Kl2a_0022,unmatched,,"[-0.054747368474066145, -0.6743927245094147, 0.08177656121602812, 0.7317853324641148]","[-0.06860255115518235, -0.7037507239899388, 0.06865266616742091, 0.7037864874283553]","[457.8519144253029, 10.055313226432443, 10.71414583393581]",4.869999999999961,100.0,0.0,"[50.0, 86.76956546460477, 86.76956546460478]",30
511,809482123,settled,Kl2a_0001,unmatched,,"[-0.9896455908076977, -0.0660978533166102, -0.015510723040940765, -0.12645985866102424]","[-0.9557489790065722, 0.2941801399004729, -0.0013486540310686523, 0.00033992401736987476]","[458.5853967543049, 9.525075457949335, 40.01586390133434]",4.889999999999968,100.0,0.0,"[50.0, 113.94993127944068, 113.94993127944068]",26
512,1905413278,settled,Kl2a_0008,unmatched,,"[0.7481737568194641, 0.08510956857516272, -0.6001973035567936, -0.26973243732772156]","[0.6250263458324543, 0.3306447589361119, -0.6250032467470782, -0.33073713423052575]","[458.4688861795185, 10.571482491072942, 9.521413832078618]",4.829999999999948,100.0,0.0,"[50.0, 94.57892383830693, 94.57892383830695]",30
513,3286044974,settled,Kl2a_0014,unmatched,,"[-0.5116328064185239, -0.4434826427084401, -0.6709170843675203, -0.30236614049266347]","[-0.6169734875176539, -0.3454205225575199, -0.616953549341547, -0.3455382703135222]","[458.2837370057474, 10.545264836235418, 10.367846445658975]",4.949999999999988,100.0,0.0,"[50.0, 94.35601742403482, 94.3560174240348]",30
514,1725715576,settled,Kl2a_0015,unmatched,,"[0.06505155144275046, -0.2850129164414062, 0.21597777360011147, -0.9316058900775555]","[0.33029358857331526, -0.6252449175847614, 0.3302879037129431, -0.6252078366772893]","[458.05209894403816, 12.357392962250257, 9.525696385986102]",4.819999999999944,100.0,0.0,"[50.0, 113.14822373827339, 113.1482237382734]",31
515,1615467983,settled,Kl2a_0020,unmatched,,"[-0.6197829620305907, -0.4968457370711996, 0.10198844289142846, 0.5988420084190367]","[-0.1641311295054127, -0.6878377224871082, 0.16416194799881223, 0.6877434802891707]","[458.65204331673544, 10.246043388880851, 10.649609218008676]",4.879999999999964,100.0,0.0,"[50.0, 106.50929448440463, 106.50929448440463]",34
516,3814597079,settled,Kl2a_0015,unmatched,,"[0.667114342466612, -0.47649663241467166, 0.2707484495608343, -0.5045836803080551]","[0.33061099074377676, -0.625093101893554, 0.3305079238437316, -0.6250755946611734]","[458.59493470766375, 12.35235566378633, 9.524858429308948]",5.0900000000000345,100.0,0.0,"[50.0, 101.45467362764126, 101.45467362764124]",31
517,34287890,settled,Kl2a_0008,unmatched,,"[-0.020940699529930898, 0.9375278849134914, 0.13409955172815838, 0.3203439750317453]","[0.33088570363381387, 0.6249014768742474, 0.3309029535345855, 0.6249128184580859]","[458.57486656911044, 10.58226565885483, 9.52156300243698]",5.1200000000000445,100.0,0.0,"[50.0, 111.6906138031289, 111.69061380312891]",44
518,3631687601,settled,Kl2a_0007,unmatched,,"[0.01632317933537506, -0.10891332960164436, -0.21908469273952824, 0.9694706482708464]","[0.20818368999857742, -0.6757722052610934, -0.20822594965213437, 0.6757465735811036]","[457.96334617527737, 9.529583035112523, 10.577113697526181]",5.380000000000131,100.0,0.0,"[50.0, 114.08073868756162, 114.08073868756163]",31
519,2511762870,settled,Kl2a_0019,unmatched,,"[0.07168445665046755, -0.7412878042100359, -0.6643917565661196, 0.06274809806820239]","[0.20800126218733703, -0.6758104554522733, -0.6756973513777033, -0.20844373958222498]","[457.8558062797436, 40.01400683500615, 9.515499885690762]",5.0900000000000345,100.0,0.0,"[50.0, 114.5314138900085, 114.5314138900085]",16
520,3838213929,settled,Kl2a_0015,unmatched,,"[0.8821667003735669, -0.4005839344237604, -0.23141838226947753, -0.08809061573954291]","[0.6250687610228121, -0.33062401549115733, -0.6250794520426262, 0.3305336337016247]","[458.58832181666656, 12.35496231616531, 9.504293531127685]",4.990000000000001,100.0,0.0,"[50.0, 114.22549611955158, 114.2254961195516]",40
521,1582246333,settled,Kl2a_0008,unmatched,,"[-0.04681754495458157, 0.978931168426654, 0.19652707016210968, 0.029647860981003544]","[0.33075524710010074, 0.6249835786589837, 0.33089404421955027, 0.6249044922405276]","[458.11358129234645, 10.577994849269786, 9.51935916931702]",5.1800000000000646,100.0,0.0,"[50.0, 113.38811028333005, 113.38811028333004]",32
522,1534090043,settled,Kl2a_0008,unmatched,,"[-0.46539282176227803, 0.0937664437621731, -0.3668153027806936, -0.8000399422042925]","[-0.3307659067999925, -0.6249576100257874, -0.330775798819702, -0.6249874170611937]","[457.9147605831757, 10.578143867691557, 9.51588541398021]",4.5899999999998675,100.0,0.0,"[50.0, 111.39486888829441, 111.39486888829443]",27
523,3898018603,settled,Kl2a_0007,unmatched,,"[0.48513314473120167, -0.6294995748038434, 0.5923599459209928, 0.13223392784559354]","[0.6757403581146639, -0.20824393765163007, 0.6757480601062515, -0.2082642314682187]","[458.49309733782724, 9.536092632234354, 10.57910540622999]",5.170000000000061,100.0,0.0,"[50.0, 114.12225800373712, 114.12225800373713]",25
524,2830597505,settled,Kl2a_0018,unmatched,,"[0.576867332971806, -0.29015814683690533, -0.547573958901899, 0.5321607741149939]","[0.6757678833536446, -0.20809729475817884, -0.6757867231387478, 0.2081960339955019]","[458.534904020602, 9.52417694857575, 12.359388700579325]",5.190000000000068,100.0,0.0,"[50.0, 97.3795231918142, 97.37952319181422]",32
525,3406774502,settled,Kl2a_0011,unmatched,,"[-0.8184929368826612, -0.28156105544036936, 0.10698870083035565, 0.4892301117338689]","[-0.5200688271105874, -0.4790179508643556, 0.5201825493553691, 0.47904105582265155]","[458.3607170103526, 10.735791166653355, 9.842315381159253]",4.679999999999898,100.0,0.0,"[50.0, 109.43248929684616, 109.43248929684617]",31
526,2789814901,settled,Kl2a_0003,unmatched,,"[-0.26970363680921006, 0.9276292097826353, -0.15848816628110093, -0.20407228767959454]","[-0.028859531305574924, 0.7064992797443428, 0.028782843116964555, -0.7065390598655192]","[457.78923457255587, 9.853129761196445, 10.730076016450226]",4.4699999999998274,100.0,0.0,"[50.0, 112.70684661187568, 112.70684661187569]",30
527,3760347501,settled,Kl2a_0004,unmatched,,"[-0.1002536087097096, 0.35093466032656606, 0.2054738778488905, 0.9080608810227965]","[0.06952094314831017, 0.7037301218572543, 0.06952449447668332, 0.7036313656470305]","[458.1612530001477, 10.052287347867349, 13.478550944895275]",4.819999999999944,100.0,0.0,"[50.0, 111.13938278807393, 111.13938278807395]",27
528,4270682813,settled,Kl2a_0008,unmatched,,"[-0.4929634617197576, -0.8456967034240723, -0.09130020337584438, -0.18288899390192767]","[-0.3305844583092457, -0.6249944927385209, -0.33067078037609754, -0.6251020996416219]","[458.2543226300822, 10.57763964995148, 9.514319210516405]",5.270000000000095,100.0,0.0,"[50.0, 113.19008899588326, 113.19008899588327]",26
529,2251849766,settled,Kl2a_0006,unmatched,,"[-0.9540381800532999, 0.14298004548502866, -0.23627115718417716, -0.11637782381766813]","[-0.6958200145789221, 0.12567389753885974, -0.6958339128174446, 0.12591959562334193]","[458.0958415748903, 9.646449436282566, 10.683417625346028]",5.110000000000041,100.0,0.0,"[50.0, 112.57863266356134, 112.57863266356135]",30
530,534416715,settled,Kl2a_0014,unmatched,,"[0.8539475834375602, 0.4980579942392897, -0.06957051044451185, 0.13368508963970963]","[0.6168040109141537, 0.3456055161098059, 0.616980123308025, 0.34560840093594625]","[458.47921609879967, 10.552107333036897, 10.369251939731674]",5.440000000000151,100.0,0.0,"[50.0, 114.63004844510266, 114.63004844510267]",19
531,2592423895,settled,Kl2a_0007,unmatched,,"[-0.7627362211012204, 0.22713702742415, -0.5529063964301926, 0.24685369063420926]","[-0.6758409164729864, 0.2079806814868012, -0.6757952495916473, 0.20804776465658753]","[458.595134468121, 9.52098874095228, 10.576973455196285]",4.929999999999981,100.0,0.0,"[50.0, 93.56341770875288, 93.5634177087529]",36
532,907034003,settled,Kl2a_0009,unmatched,,"[0.3422772396015353, 0.6790099916879979, -0.547941234685763, 0.34864326434001264]","[0.5805433132043428, 0.40369043192032855, -0.5806042985513116, -0.40361137889489984]","[458.32248180009395, 10.69729805708771, 9.6469836487787]",4.679999999999898,100.0,0.0,"[50.0, 113.91575441826238, 113.91575441826237]",28
533,3984301831,settled,Kl2a_0016,unmatched,,"[-0.11390344336326703, 0.9654493302717585, -0.20652691217242056, -0.11081620286009315]","[-0.29393779593955444, 0.9558245423089872, -0.00012169183759080934, 4.0362217191822196e-05]","[458.0960996994862, 9.529224298152538, 39.99737222783375]",4.959999999999991,100.0,0.0,"[50.0, 113.06880108790193, 113.06880108790195]",27
534,4291204682,settled,Kl2a_0008,unmatched,,"[0.9102301720992834, 0.25705660167763955, -0.31181419162339175, 0.09041486181100448]","[0.624999338441392, 0.3306538290927054, -0.6250471288796207, -0.33069617314613337]","[458.3522791073344, 10.585991355656493, 9.515433077528062]",4.759999999999924,100.0,0.0,"[50.0, 112.4262760051887, 112.4262760051887]",27
535,1157350213,settled,Kl2a_0002,unmatched,,"[0.09159539395124666, -0.38103529340517006, -0.903230823874266, 0.17491846040360173]","[0.7065957277682562, -0.026513565519111076, -0.7066243087003236, 0.026487632904850844]","[458.1895121958203, 9.846915519068437, 13.38245915768436]",5.080000000000031,100.0,0.0,"[50.0, 107.57360190231827, 107.57360190231826]",21
536,1755359008,settled,Kl2a_0008,unmatched,,"[0.09753683006993497, -0.2256443990971123, -0.9692314832589591, 0.012708414364118367]","[0.6247485224425893, 0.3311136707839156, -0.6249282090946706, -0.33093466757583745]","[458.36271069276586, 10.572001748698087, 9.52332345160928]",5.430000000000148,100.0,0.0,"[50.0, 112.48165098809488, 112.4816509880949]",43
537,1408581071,settled,Kl2a_0007,unmatched,,"[-0.45471816580131014, 0.36881043623739057, -0.67610896635819, -0.44731076157715893]","[-0.6757854797834713, 0.208225346689117, -0.6756875822904067, 0.2083326221420099]","[458.0800649912314, 9.524860784887231, 10.57572055803214]",5.070000000000028,100.0,0.0,"[50.0, 113.36286724382039, 113.3628672438204]",32
538,4025969406,settled,Kl2a_0007,unmatched,,"[0.5709753087547726, -0.565686932621656, -0.20846448437644396, 0.5572504372426795]","[0.20828505772414263, -0.6757265525662837, -0.20826499035726004, 0.675748958324929]","[458.2309947985222, 9.5233140442349, 10.571427468932974]",4.990000000000001,100.0,0.0,"[50.0, 101.02098241595928, 101.0209824159593]",29
539,2979020610,settled,Kl2a_0020,unmatched,,"[0.8112307203794777, -0.24357840399230152, 0.375267764858577, 0.37649486594003445]","[0.6876553211763583, 0.16464179817641478, 0.6876687982982275, 0.16472662625740925]","[458.26066754573316, 10.255649220303455, 10.643921916828761]",5.130000000000048,100.0,0.0,"[50.0, 110.45328517870578, 110.4532851787058]",31
540,1028301620,settled,Kl2a_0022,unmatched,,"[0.28892918457711164, 0.24730923049045345, 0.9179907074772494, 0.112477250140836]","[0.7037633240250087, 0.06857081514781352, 0.7037711011547112, 0.06871291179043654]","[458.64700358844607, 10.047465635307738, 10.715418933607637]",4.799999999999938,100.0,0.0,"[50.0, 108.46807971313899, 108.468079713139]",36
541,1824536695,settled,Kl2a_0018,unmatched,,"[0.3578502322835677, -0.800703126013853, 0.2395142510307735, -0.41647405537369075]","[0.20831455596043566, -0.6756461173495905, 0.20839638178044684, -0.6757797850973705]","[458.006365198977, 9.529356705187807, 12.350395051115743]",5.1500000000000545,100.0,0.0,"[50.0, 102.51494799246302, 102.51494799246304]",33
542,1733341495,settled,Kl2a_0015,unmatched,,"[-0.10725658997326243, 0.21456612060218364, -0.3731717225845471, 0.8962144103172625]","[-0.3302237990491598, 0.6252722668805157, -0.33028349305876165, 0.6252196806119785]","[457.9098563610921, 12.356634041572388, 9.5307381315555]",4.939999999999984,100.0,0.0,"[50.0, 113.02340850731453, 113.02340850731453]",30
543,2081953756,settled,Kl2a_0007,unmatched,,"[0.25888675527262234, 0.11196108251609478, -0.02210478959212772, 0.9591421908264307]","[0.20827690270567728, -0.6756869732051621, -0.20833742900828137, 0.6757687191002524]","[457.9389262362289, 9.52585779409713, 10.575907163277114]",5.220000000000078,100.0,0.0,"[50.0, 111.5782824594821, 111.5782824594821]",31
544,1596940682,settled,Kl2a_0008,unmatched,,"[-0.19632461640955656, -0.5756304342672571, -0.7748853172965169, 0.17221786543563297]","[-0.33089720486267354, -0.6248561395274569, -0.3309764358083195, -0.6249131488843347]","[458.07452535477177, 10.572066174707276, 9.523640416041681]",4.919999999999978,100.0,0.0,"[50.0, 113.87118082107129, 113.8711808210713]",19
545,581162313,settled,Kl2a_0018,unmatched,,"[0.04461988653389065, 0.19339945396857908, 0.7698665327673556, -0.6065568717400935]","[-0.6758263716059618, 0.20816867620192703, 0.6757352287643947, -0.20810194207884958]","[457.859665966292, 9.522839491843273, 12.353116962170676]",5.570000000000195,100.0,0.0,"[50.0, 113.67705597494565, 113.67705597494566]",38
546,3502698889,settled,Kl2a_0009,unmatched,,"[0.5283433173134485, -0.7298517633133956, -0.10698109618937755, -0.4203864742075638]","[-0.40371956611115206, -0.5804972156374659, -0.4038521668670748, -0.5804626791559824]","[458.51948594314126, 10.681097510882235, 9.632524731130532]",5.0600000000000245,100.0,0.0,"[50.0, 108.00570258580599, 108.005702585806]",33
547,1071262967,settled,Kl2a_0009,unmatched,,"[0.8300743687420142, 0.3050562345016756, -0.2379524964004282, -0.40161654050351286]","[0.580527607738565, 0.4037438215524048, -0.5805152362792928, -0.4037086618580232]","[458.5303228252816, 10.693529588331264, 9.646481883239941]",4.699999999999904,100.0,0.0,"[50.0, 103.41636515581271, 103.41636515581273]",22
548,2632182746,settled,Kl2a_0008,unmatched,,"[0.12463518999557266, 0.2666351509468831, -0.9139540700125686, 0.2793917028148142]","[0.6248498761909734, 0.33094558568623517, -0.6249088859250492, -0.3309479352267268]","[457.9678838854909, 10.57234406042753, 9.524503117243517]",4.909999999999974,100.0,0.0,"[50.0, 111.8174834709051, 111.81748347090512]",22
549,2828869928,settled,Kl2a_0022,unmatched,,"[-0.28857867045607677, -0.9072533208270996, 0.09782974016625558, 0.289901888136324]","[-0.06745860522958275, -0.7038593277079856, 0.06748013822048096, 0.7039018499227621]","[457.99232207471164, 10.053839615610356, 10.718781995181306]",4.729999999999914,100.0,0.0,"[50.0, 111.39101377061253, 111.39101377061255]",33
550,242711853,settled,Kl2a_0006,unmatched,,"[0.4453195280059114, -0.6620938811624908, -0.15791792580823788, 0.5817079501022876]","[0.12507792095243717, -0.695950210139321, -0.12528431093697656, 0.695925757628138]","[457.9843544657689, 9.631142216212233, 10.679794156142348]",4.899999999999971,100.0,0.0,"[50.0, 96.70116633887342, 96.70116633887343]",32
551,1651512630,settled,Kl2a_0003,unmatched,,"[0.0865315596859267, 0.07213667043285749, -0.3591108145116115, -0.926470729628297]","[-0.02889169417829371, 0.7064565306079666, 0.02878427110241699, -0.7065804314485121]","[457.9077448376022, 9.841688800991447, 10.730542904559607]",5.300000000000105,100.0,0.0,"[50.0, 113.98772955703664, 113.98772955703666]",29
552,1631844025,settled,Kl2a_0008,unmatched,,"[-0.1638439152687643, 0.1823014535722178, 0.9657088863423422, -0.08560197599525166]","[-0.6247921019741776, -0.3311292841288588, 0.6247249003832651, 0.33122050864056996]","[458.5174692367475, 10.57635677097192, 9.527479646642886]",5.280000000000098,100.0,0.0,"[50.0, 112.63415298909806, 112.63415298909807]",34
553,2736063736,settled,Kl2a_0007,unmatched,,"[-0.843944520795286, -0.07874995523921714, -0.028550908035474637, 0.5298499183917899]","[-0.6757272256302072, 0.20830276702895084, -0.6757101618324197, 0.2083709456392395]","[458.42002640794897, 9.535650256465221, 10.578190119585969]",5.190000000000068,100.0,0.0,"[50.0, 113.10347063372404, 113.10347063372406]",19
554,2383909704,settled,Kl2a_0006,unmatched,,"[0.6518991038919032, -0.6526703844856946, -0.36014167870515257, -0.13909313002324686]","[0.12518112133581444, -0.6959101790342426, -0.12521827669144509, 0.6959591171613901]","[458.2401688330132, 9.641292606269806, 10.68574336347609]",4.599999999999871,100.0,0.0,"[50.0, 110.1358441927666, 110.1358441927666]",29
555,786084746,settled,Kl2a_0003,unmatched,,"[0.2039477377247787, 0.88653858841402, -0.044391204423401436, -0.41289716940136734]","[-0.02874209407349679, 0.7064586917821389, 0.028697323773973746, -0.7065879085025096]","[458.25731913048503, 9.842731226244522, 10.732068823972066]",4.769999999999928,100.0,0.0,"[50.0, 106.98155883480129, 106.98155883480129]",33
556,3304824113,settled,Kl2a_0021,unmatched,,"[-0.13080897053962634, 0.016978959777673188, -0.9531859353290428, -0.2720979618485396]","[0.0004968141627456485, -7.04274763583812e-05, -0.9844881759483346, 0.1754502198162749]","[458.61900589522855, 9.657771933482682, 40.014628557491015]",4.899999999999971,100.0,0.0,"[50.0, 114.12763890768392, 114.12763890768393]",27
557,1346177025,settled,Kl2a_0009,unmatched,,"[-0.11499311941669005, 0.4206101350444942, 0.7451990628761969, 0.5045216085294161]","[0.4038313704807768, 0.5804390583978771, 0.40381807953831905, 0.5804667797038753]","[458.19224655179676, 10.68644396314978, 9.639716684240655]",4.629999999999881,100.0,0.0,"[50.0, 109.59669929930652, 109.59669929930654]",35
558,1189755357,settled,Kl2a_0011,unmatched,,"[0.44321918603854427, 0.24072236551575096, -0.6050649771751497, -0.6160404769687353]","[0.5199031301492052, 0.4791640602256573, -0.5200558005660096, -0.47921237770613595]","[458.14741906815857, 10.732934697146979, 9.846215915735664]",4.899999999999971,100.0,0.0,"[50.0, 100.8735863356731, 100.87358633567311]",32
559,404206193,settled,Kl2a_0006,unmatched,,"[0.21300452584677976, 0.2149451527649457, 0.2569436815404462, -0.9178276514619095]","[-0.12519471383987973, 0.6959095058615755, 0.12534663930379625, -0.695934237764814]","[458.4663285222542, 9.636318427180342, 10.684033521210555]",5.330000000000115,100.0,0.0,"[50.0, 111.5052940434416, 111.50529404344161]",33
560,1249438590,settled,Kl2a_0017,unmatched,,"[-0.25983007503873057, -0.0960866751857659, 0.6624144666085784, 0.6960335892647606]","[-0.25753740485702703, -0.6585428072506225, 0.2574772081835495, 0.6585600529822487]","[457.9107453218332, 10.405206302613747, 10.530157810470287]",5.160000000000058,100.0,0.0,"[50.0, 111.717155556111, 111.71715555611101]",29
561,3893150923,settled,Kl2a_0018,unmatched,,"[0.5250380837594202, -0.2965867571242271, -0.10548193818621408, -0.7907242672494948]","[0.20783297488389688, -0.6758081232267501, 0.20786566583424593, -0.6759295082321329]","[458.00432105766873, 9.524760663909303, 12.355314987858199]",4.979999999999998,100.0,0.0,"[50.0, 112.79360879263304, 112.79360879263305]",37
562,784341871,settled,Kl2a_0009,unmatched,,"[0.6092956200950023, 0.2465329145720911, -0.5075357975286466, -0.5571245673927846]","[0.5805309826910596, 0.403694650942719, -0.5805184019587117, -0.40374842652732745]","[458.36808860775545, 10.686024784172657, 9.643627207792267]",4.839999999999951,100.0,0.0,"[50.0, 99.47248166911568, 99.4724816691157]",29
563,1442674168,settled,Kl2a_0007,unmatched,,"[0.32283344498595823, -0.05339721884669838, 0.10384039947967572, 0.9392254656118718]","[0.20815915907278187, -0.6757179716787756, -0.20817878045697524, 0.675822892932668]","[458.54910004339246, 9.530463811393767, 10.571421531114058]",5.1200000000000445,100.0,0.0,"[50.0, 110.44387711266614, 110.44387711266614]",26
564,914947571,settled,Kl2a_0017,unmatched,,"[0.008699331871120803, -0.7185529989891443, 0.5977778274188038, 0.3553414953466003]","[-0.25757455175365523, -0.6584361899728951, 0.2574756548714125, 0.6586527318484442]","[458.34716111758433, 10.403738485653047, 10.53255804293885]",4.829999999999948,100.0,0.0,"[50.0, 112.626294806192, 112.62629480619199]",47
565,4103205779,settled,Kl2a_0007,unmatched,,"[-0.32975880371071165, 0.06651764303843705, 0.39372305764285254, -0.8554628504033676]","[-0.2076294361897559, 0.6758987753629744, 0.2077273278922672, -0.6759439473337225]","[458.2323507852245, 9.520386799311883, 10.578326113511856]",5.310000000000108,100.0,0.0,"[50.0, 109.88323542721345, 109.88323542721346]",36
566,2879595323,settled,Kl2a_0007,unmatched,,"[-0.43373184720898755, -0.09479036241635837, -0.023562481084522684, -0.895732259882827]","[-0.20812566144577108, 0.6757484024354571, 0.20810856493580518, -0.6758244083000019]","[458.2166165402554, 9.5223913652549, 10.577558431426182]",5.220000000000078,100.0,0.0,"[50.0, 109.99737160411543, 109.99737160411544]",29
567,3848514265,settled,Kl2a_0018,unmatched,,"[-0.2281102713768126, 0.6538138972962924, -0.039395776699347185, 0.7203756412961819]","[-0.20849231954365627, 0.67568048117081, -0.20861299009029372, 0.6756237565551375]","[457.9316231979866, 9.53118299735457, 12.357324445269949]",5.200000000000071,100.0,0.0,"[50.0, 93.07544355412288, 93.0754435541229]",30
568,1245831326,settled,Kl2a_0013,unmatched,,"[-0.388786402531299, -0.5092396166273795, 0.47217131459175427, 0.6054538758160402]","[-0.448968182636974, -0.5462480610668874, 0.4489771249831927, 0.5463150812508706]","[458.5553513579477, 10.724753540579732, 10.051811596416202]",4.819999999999944,100.0,0.0,"[50.0, 89.86924309931518, 89.8692430993152]",36
569,1886621264,settled,Kl2a_0007,unmatched,,"[-0.7028736851730464, -0.2706600985987688, -0.6461462310172245, 0.12331561888099102]","[-0.6757450013950238, 0.20831524899056963, -0.6757214954551729, 0.20826404084109443]","[458.30921422355647, 9.531740637778135, 10.581199118937192]",4.889999999999968,100.0,0.0,"[50.0, 102.30301794385909, 102.3030179438591]",22
570,3916208710,settled,Kl2a_0013,unmatched,,"[-0.3292193713764832, -0.512177968271426, -0.7828183003384974, -0.12838941927968053]","[-0.5466095812331339, -0.44863823452262064, -0.5465359043988256, -0.44859804439110285]","[458.15075845147504, 10.722045319654496, 10.051637959755126]",4.929999999999981,100.0,0.0,"[50.0, 108.77552010403112, 108.77552010403113]",24
571,200935633,settled,Kl2a_0013,unmatched,,"[0.5617879019177501, 0.6795740462850371, -0.21259320806254298, -0.42116219768672375]","[0.4489773686175182, 0.5462723203978946, -0.4490094868333417, -0.5462566751720737]","[458.1310249787112, 10.717482942834978, 10.054278898526645]",4.819999999999944,100.0,0.0,"[50.0, 103.44799786202947, 103.44799786202945]",34
572,840784676,settled,Kl2a_0008,unmatched,,"[0.8654110191946646, -0.44201200077430836, -0.21767084887705168, -0.09115130595382805]","[0.6249773511874561, 0.33078041561359534, -0.6249790417750437, -0.3307398138887374]","[458.51420234222024, 10.58281153915489, 9.522520017774735]",4.839999999999951,100.0,0.0,"[50.0, 114.40173756631611, 114.40173756631611]",26
573,110682437,settled,Kl2a_0014,unmatched,,"[0.4827598211213677, 0.6793758138798732, 0.5195958435911711, -0.1881797490398582]","[0.6169599599660004, 0.34548034392744603, 0.616915629414822, 0.3455703198225202]","[458.3582938536992, 10.547667900356744, 10.367485970066985]",5.080000000000031,100.0,0.0,"[50.0, 113.13255729729853, 113.13255729729853]",15
574,3288537121,settled,Kl2a_0019,unmatched,,"[0.3556440857288201, 0.6668875589514781, -0.6287630502717741, 0.18285320509847525]","[0.2083067001832164, 0.6757157557834623, -0.6759290874797786, 0.2076930541532812]","[457.94454387239335, 40.011254006327526, 9.52480762266672]",4.889999999999968,100.0,0.0,"[50.0, 114.12245099398041, 114.12245099398042]",15
575,4008853645,settled,Kl2a_0008,unmatched,,"[0.39826557421314845, 0.7672577639207893, 0.40191914618957114, 0.30192889233425063]","[0.33071278421514594, 0.6250579496750259, 0.3307323741048203, 0.6249381654401565]","[458.0527790176927, 10.572957723298286, 9.52210735258956]",5.100000000000038,100.0,0.0,"[50.0, 101.06669050035494, 101.06669050035495]",35
576,3726675985,settled,Kl2a_0018,unmatched,,"[0.3748586046734741, -0.17909293368641002, -0.7152482362932548, 0.5619846155236276]","[0.6759188773296159, -0.20812209466776233, -0.6756970415351704, 0.2079720487017257]","[458.0152652243847, 9.524215249764083, 12.344571387847601]",5.250000000000088,100.0,0.0,"[50.0, 106.20560332981324, 106.20560332981323]",36
577,849676372,settled,Kl2a_0008,unmatched,,"[-0.28458835823206236, -0.9489149051119783, 0.047744204428998675, -0.12763408697736886]","[-0.33089064789329437, -0.6249301154600359, -0.3308143325648965, -0.624928481746115]","[458.1801909256249, 10.578128090034749, 9.518817797268513]",5.450000000000155,100.0,0.0,"[50.0, 114.83953361603207, 114.83953361603209]",24
578,1751227975,settled,Kl2a_0003,unmatched,,"[0.0022446443763873476, -0.018615092473756815, 0.5822536585823236, -0.8127909429683108]","[-0.02848171722302892, 0.7065874830553993, 0.028490806183217893, -0.7064780212692349]","[458.1156799809157, 9.847096044399265, 10.726135397594884]",5.480000000000165,100.0,0.0,"[50.0, 113.11218013114325, 113.11218013114326]",56
579,1013355929,settled,Kl2a_0007,unmatched,,"[0.22953036583675168, -0.09964654803118614, 0.0956001665862809, 0.9634557513311086]","[0.20801776138518302, -0.6758120084022111, -0.20800899523608024, 0.675824680038058]","[457.89053493536807, 9.525453205447379, 10.569447562301319]",5.250000000000088,100.0,0.0,"[50.0, 112.6999920734461, 112.69999207344608]",29
580,2299907025,settled,Kl2a_0008,unmatched,,"[0.08455653425668659, -0.2328417642850038, 0.9625820044041526, 0.10986714757573443]","[-0.6249179648023805, -0.33094429898533256, 0.6249088721188479, 0.3308206610589897]","[457.80725888031304, 10.584965693179072, 9.520601168368831]",5.190000000000068,100.0,0.0,"[50.0, 112.72187473092596, 112.72187473092598]",20
581,3406489006,settled,Kl2a_0015,unmatched,,"[0.4269850661988979, 0.36394401752977307, -0.5950713256595703, 0.5754290770591738]","[0.6252220800132067, -0.3302994710432632, -0.6252084663703088, 0.33032405857186165]","[457.8369408680246, 12.356505313893473, 9.524425334718504]",5.280000000000098,100.0,0.0,"[50.0, 114.83063284165446, 114.83063284165448]",37
582,2423796619,settled,Kl2a_0018,unmatched,,"[-0.16701013076321958, 0.49812904024453486, 0.8480761247043386, -0.06886190669726149]","[-0.6757925938687303, 0.20786116053114215, 0.6759223884384105, -0.20791111760205355]","[458.03494504951203, 9.51888242807293, 12.35698822392307]",5.460000000000158,100.0,0.0,"[50.0, 111.0684314124496, 111.06843141244958]",26
583,1783060612,settled,Kl2a_0007,unmatched,,"[-0.4255018339134278, -0.012993678735004564, 0.4336514100514712, -0.7941824779039209]","[-0.208088597317507, 0.6757872436584126, 0.2082977646882748, -0.6757386907680113]","[458.2747367814741, 9.515764374509796, 10.574792457057912]",5.250000000000088,100.0,0.0,"[50.0, 109.8299531654291, 109.82995316542909]",44
584,1163852597,settled,Kl2a_0019,unmatched,,"[-0.06512201765005957, -0.45662172925732786, -0.8836481508507021, 0.08013528988758817]","[0.20794431750628023, -0.6757910875658839, -0.6757560443936825, -0.2083730674745914]","[457.9596412621178, 40.00221772778587, 9.511999399933083]",5.0300000000000145,100.0,0.0,"[50.0, 111.0903833583364, 111.09038335833641]",17
585,300535037,settled,Kl2a_0006,unmatched,,"[-0.35142249661355834, 0.4728701792018044, -0.7428979686214585, 0.31780281734694765]","[-0.6960108452255914, 0.12511619062105392, -0.695890799985406, 0.1251033039871676]","[458.5882236138728, 9.64426062003602, 10.67568089546695]",4.779999999999931,100.0,0.0,"[50.0, 103.41664210668091, 103.41664210668092]",24
586,2202722907,settled,Kl2a_0007,unmatched,,"[0.5124774959073248, -0.5319461136587357, 0.5757058289795667, -0.35066072895446276]","[0.675869286192276, -0.20782462842258473, 0.6758722993235206, -0.2078611719636339]","[458.00660752599424, 9.52545381275447, 10.573963533752567]",4.929999999999981,100.0,0.0,"[50.0, 95.87790837304055, 95.87790837304057]",26
587,247068866,settled,Kl2a_0006,unmatched,,"[0.2663569656585872, -0.9303810532191625, -0.12659665487131766, 0.21775754781716367]","[0.125536157987146, -0.695897799137786, -0.12545271898557891, 0.6958653185007408]","[457.98577126086843, 9.637991254691343, 10.686505747922954]",4.849999999999954,100.0,0.0,"[50.0, 112.7300055262846, 112.73000552628461]",39
588,3592442215,settled,Kl2a_0008,unmatched,,"[0.4986228065315347, 0.1869661205412491, -0.41797164096076433, -0.7360154033231484]","[0.6251228022682398, 0.33055590368781596, -0.625037604186111, -0.3305786895350653]","[458.5777371631274, 10.578279931912814, 9.515064319424797]",5.0300000000000145,100.0,0.0,"[50.0, 104.57163080860398, 104.571630808604]",21
589,817587664,settled,Kl2a_0002,unmatched,,"[-0.07577032750485735, 0.2163005929188234, 0.9733798759676174, 0.002127917770489224]","[-0.7070886140984879, 0.00014768401513021168, 0.7071248922902145, -0.0002381286711910513]","[458.52582682576485, 9.984570375105774, 13.253083088781876]",5.360000000000125,100.0,0.0,"[50.0, 112.82599571409224, 112.82599571409226]",31
590,956714543,settled,Kl2a_0015,unmatched,,"[-0.03263422553297066, 0.6172465985498278, -0.3550635453785339, 0.7013355278650559]","[-0.3304355914722191, 0.6251773977840406, -0.3303852625804097, 0.6251488778347554]","[458.5029466217558, 12.360627040862212, 9.530514828930867]",5.100000000000038,100.0,0.0,"[50.0, 97.4096497225514, 97.40964972255142]",27
591,390567019,settled,Kl2a_0009,unmatched,,"[-0.05576000439088655, 0.4339213101568298, 0.7614267507275267, 0.4783643190901987]","[0.403237967491942, 0.5808321785806196, 0.4034782666039814, 0.5807223177014169]","[458.30894232717344, 10.681140506982256, 9.645650161632933]",4.689999999999901,100.0,0.0,"[50.0, 108.75062265348657, 108.75062265348659]",28
592,4117714206,settled,Kl2a_0015,unmatched,,"[0.6449494163759041, -0.5791058778370126, -0.1724574204003194, -0.4679049804392673]","[0.33043395459405317, -0.6251796160721717, 0.3304271115247847, -0.6251254060335212]","[458.0533086479893, 12.36056584740137, 9.523808105178597]",5.410000000000141,100.0,0.0,"[50.0, 112.8729797473901, 112.8729797473901]",37
593,2521025845,settled,Kl2a_0014,unmatched,,"[0.2502199291952107, 0.6862156576978117, -0.6555637187440244, -0.19166186065675433]","[0.3696799514378976, 0.6027930776501019, -0.369582533307426, -0.6028150546527993]","[458.2601592963698, 10.649718604751213, 10.246948985475868]",4.809999999999941,100.0,0.0,"[50.0, 111.220596333138, 111.22059633313802]",31
594,118959254,settled,Kl2a_0018,unmatched,,"[-0.5054991243376068, 0.12293413704927827, -0.2517487032519535, 0.816076236422077]","[-0.2081764748808768, 0.6757837777005617, -0.20822872304706794, 0.6757363687127673]","[457.9172391857674, 9.518457509649846, 12.358943215581457]",4.939999999999984,100.0,0.0,"[50.0, 111.23335973580532, 111.23335973580534]",31
595,536323564,settled,Kl2a_0008,unmatched,,"[0.2987672183365751, 0.6164033511906383, -0.03367927294981921, 0.7277710934503702]","[0.3306159312118835, 0.6250906997056664, 0.3306510124957093, 0.6249997048846838]","[458.498275906585, 10.583764184174996, 9.520845745166168]",5.040000000000018,100.0,0.0,"[50.0, 100.79141296061432, 100.79141296061434]",24
596,3098034090,settled,Kl2a_0017,unmatched,,"[-0.2106048733431788, -0.4854357699365941, -0.5301879847400127, 0.6624940765225706]","[-0.2575324324939749, -0.65858952201597, 0.2574569811854153, 0.6585231890703661]","[458.45843299483874, 10.420083139583886, 10.525916963833726]",5.110000000000041,100.0,0.0,"[50.0, 111.93386505099838, 111.93386505099839]",29
597,318939885,settled,Kl2a_0020,unmatched,,"[-0.46175195073807324, 0.10705404599565982, 0.3483910274929797, 0.8086706741238544]","[-0.1918234279923276, -0.6805491941046488, 0.1917226476936428, 0.6806607034625436]","[458.3028843995913, 10.376749513383476, 10.54441870581392]",5.240000000000085,100.0,0.0,"[50.0, 111.60522724430501, 111.60522724430503]",33
598,3202722054,settled,Kl2a_0009,unmatched,,"[0.18155062225358312, 0.05267923178463344, 0.42013907835606906, 0.8875513646747609]","[0.40369015051649937, 0.5804995945384587, 0.4037119158868949, 0.580578308316444]","[457.9646918223974, 10.69475367140113, 9.643227455257907]",4.889999999999968,100.0,0.0,"[50.0, 113.58936679118945, 113.58936679118946]",27
599,2576870985,settled,Kl2a_0019,unmatched,,"[-0.4516636024144685, 0.6309803758169514, -0.4832380895695982, -0.40539450462112636]","[0.20852225141227787, 0.6755992439058605, -0.6758645922670868, 0.2080653388227579]","[458.1677069252246, 40.01475587647835, 9.51761859051757]",5.160000000000058,100.0,0.0,"[50.0, 114.42516355786138, 114.4251635578614]",21
600,447954548,settled,Kl2a_0009,unmatched,,"[0.05575006052663945, -0.33589163307563924, 0.9332256004098558, 0.11471146551552941]","[-0.5808112596877262, -0.4033827914131651, 0.5805808774545004, 0.4035671554349316]","[458.405050721592, 10.679671787036119, 9.640205639991256]",5.210000000000075,100.0,0.0,"[50.0, 109.96814572131777, 109.96814572131778]",29
601,940726953,settled,Kl2a_0019,unmatched,,"[0.5127838771000137, 0.2725405650552121, 0.3368759618564963, -0.7411402850398325]","[-0.20775327485193232, 0.6759141491165134, 0.6756795838675315, 0.20841242706949337]","[458.3686270510607, 40.00682379374467, 9.519579346491343]",5.260000000000091,100.0,0.0,"[50.0, 113.98987756592291, 113.98987756592292]",19
602,219800231,settled,Kl2a_0008,unmatched,,"[-0.051373563678022885, -0.2384194692129483, 0.5599082053165334, -0.7918457648269988]","[-0.3306323870971323, -0.6250483713909883, -0.33072470134799953, -0.6249943439281685]","[458.52665264153956, 10.570977187017673, 9.519182774413103]",4.899999999999971,100.0,0.0,"[50.0, 114.1812603559162, 114.18126035591621]",27
603,1224559636,settled,Kl2a_0007,unmatched,,"[-0.5159554415873885, 0.544496901531378, -0.6183230394090855, -0.23449888156450227]","[-0.6758002886885256, 0.20804651003151023, -0.6758382102643639, 0.20797435663772518]","[458.6261836338162, 9.526994322820913, 10.577867749315542]",5.110000000000041,100.0,0.0,"[50.0, 113.66899081925229, 113.6689908192523]",28
604,4023118421,settled,Kl2a_0015,unmatched,,"[0.40965602581074484, -0.3216666623403111, -0.04117597991695293, 0.8526529408461977]","[0.6253008539201226, -0.3302606904355711, -0.6252564729007275, 0.3301227976610026]","[457.90220517228494, 12.352006309845354, 9.527576518371744]",5.280000000000098,100.0,0.0,"[50.0, 106.74654114114774, 106.74654114114774]",25
605,1928023996,settled,Kl2a_0017,unmatched,,"[0.2701948784625633, -0.44223581999339284, 0.6407685392582975, 0.5664255346152394]","[-0.25760522216675025, -0.6585183417589683, 0.2576023298154446, 0.6585090604943054]","[458.28882882243795, 10.419238568558551, 10.531719552314945]",5.240000000000085,100.0,0.0,"[50.0, 112.85739124119162, 112.85739124119162]",28
606,3626385919,settled,Kl2a_0007,unmatched,,"[-0.22727184610678164, 0.5116337626984891, 0.5890445784282585, -0.582756283070785]","[-0.20800107621897454, 0.6757735159859197, 0.20804808046277173, -0.6758562743657356]","[457.8261902756082, 9.525046467080042, 10.576837782133]",5.1500000000000545,100.0,0.0,"[50.0, 98.90994192302689, 98.9099419230269]",35
607,2577297428,settled,Kl2a_0015,unmatched,,"[0.5535741985734218, -0.0935011453620174, -0.4399733339065075, 0.7008827348001787]","[0.6250872861531798, -0.3303927503418358, -0.625233219712237, 0.33043900523315906]","[457.8594159486556, 12.352180207388082, 9.521405063913294]",5.200000000000071,100.0,0.0,"[50.0, 110.0023092516462, 110.00230925164621]",27
608,2076254014,settled,Kl2a_0013,unmatched,,"[-0.7351439095736402, 0.6157884512551096, -0.2469555466334948, 0.13921556487896336]","[0.5463920591485003, 0.4488060779071802, 0.5463657522650223, 0.4489023132986868]","[458.39945284883186, 10.721400225371283, 10.033625554627642]",5.200000000000071,100.0,0.0,"[50.0, 111.86018222168245, 111.86018222168246]",30
609,452233348,settled,Kl2a_0011,unmatched,,"[0.29905909259017793, 0.2413006443491481, -0.8201651007773044, 0.423871284286609]","[0.5191742923472256, 0.4798766072704147, -0.5194036238939157, -0.47999622024164046]","[457.8206226130862, 10.739278521600976, 9.84729563767134]",4.809999999999941,100.0,0.0,"[50.0, 110.46359410441802, 110.46359410441804]",31
610,96115233,settled,Kl2a_0001,unmatched,,"[0.01596805096025928, -0.24776091960427232, -0.8946441276783356, -0.3714450603737326]","[-0.00017436119904296055, 0.0004696287897052731, 0.29432656808314367, -0.955704776783799]","[458.544351402951, 9.527442536081528, 39.99963619097852]",5.160000000000058,100.0,0.0,"[50.0, 112.427046937656, 112.42704693765602]",31
611,3222166524,settled,Kl2a_0002,unmatched,,"[0.5102761807816077, -0.5864514971243014, -0.11103432962465044, -0.6191641450313526]","[0.00024642493546433997, -0.7071753079475601, 0.00019638950312056425, -0.7070381775655313]","[458.5870931455645, 9.980951057091133, 13.232581134127814]",4.939999999999984,100.0,0.0,"[50.0, 110.44028008970444, 110.44028008970446]",36
612,3216037984,settled,Kl2a_0017,unmatched,,"[-0.8538072858367715, 0.23931008038765292, 0.3766095808763793, 0.2681585867896432]","[-0.25763790004512377, -0.6585418801163119, 0.2576605633875056, 0.6584499515286223]","[458.5273858913273, 10.412489122055526, 10.53248382159491]",4.869999999999961,100.0,0.0,"[50.0, 106.52691310693146, 106.52691310693146]",26
613,1866588208,settled,Kl2a_0006,unmatched,,"[0.0913958532145423, 0.04136570481144703, 0.5384939494883795, -0.8366360874627897]","[-0.12503550270565494, 0.6959231236141501, 0.12512826289727513, -0.6959885393500232]","[458.20929367124927, 9.650626699222705, 10.672063291328499]",5.520000000000178,100.0,0.0,"[50.0, 114.01464909469017, 114.01464909469018]",38
614,1833144678,settled,Kl2a_0015,unmatched,,"[0.6190268023519331, -0.6010870861268118, 0.21622287731930848, -0.4568892646859618]","[0.33059914883791175, -0.6250725268404771, 0.33056269720997444, -0.6250734694339348]","[458.4105241382367, 12.360892479832698, 9.521626375911602]",5.170000000000061,100.0,0.0,"[50.0, 100.72851158339928, 100.7285115833993]",25
615,1205690518,settled,Kl2a_0003,unmatched,,"[-0.6618533813516694, 0.035264487260398346, -0.7484741909013679, 0.022201420814120642]","[-0.706545861158813, 0.028746856496548262, -0.7064974904952473, 0.028772560623550797]","[458.48103477504554, 9.850527539113406, 10.72790589675961]",4.819999999999944,100.0,0.0,"[50.0, 88.22043531321633, 88.22043531321634]",25
616,369857696,settled,Kl2a_0002,unmatched,,"[-0.12954261784404994, 0.7527893050896254, 0.08052108080394728, 0.640346256216864]","[-0.0002465344784005896, 0.7070859909121963, -0.00024738005927482654, 0.7071274846020162]","[458.1486201385234, 9.977912528037102, 13.24492552034877]",4.939999999999984,100.0,0.0,"[50.0, 93.63544468145415, 93.63544468145413]",27
617,4153277340,settled,Kl2a_0008,unmatched,,"[-0.8578806105175065, -0.3593468864883421, 0.3459746782934644, -0.12333772840854022]","[-0.6249606392476356, -0.3306632647582814, 0.6250567429455626, 0.33074170107330986]","[458.64991462908887, 10.580815341052844, 9.521909173555319]",4.729999999999914,100.0,0.0,"[50.0, 111.05013535985934, 111.05013535985935]",30
618,2533894697,settled,Kl2a_0011,unmatched,,"[-0.2425132989820442, 0.4498265645237411, -0.8056564159904082, -0.2996015704883817]","[0.5197214917650017, 0.4794947926309252, -0.5197193470692469, -0.47944354737476985]","[457.88116839395894, 10.732020651471656, 9.842568498530419]",5.310000000000108,100.0,0.0,"[50.0, 112.63831679777927, 112.63831679777928]",29
619,1831038023,settled,Kl2a_0011,unmatched,,"[-0.2075734006871383, -0.5066822775218267, 0.671322952129416, 0.4995116083903529]","[-0.5197404988086632, -0.4794394634242568, 0.5197250311870395, 0.47947211260636796]","[457.84874714929185, 10.73169751694377, 9.83950062120197]",4.879999999999964,100.0,0.0,"[50.0, 101.03257227155598, 101.03257227155599]",29
620,3843606305,settled,Kl2a_0006,unmatched,,"[-0.8825006106086865, 0.4092270962118539, -0.22842687556967828, -0.0393321562946197]","[-0.6956836661874406, 0.12660220181709547, -0.6956760009090204, 0.12661366772310848]","[458.0564909867536, 9.663332762527327, 10.685159434440667]",5.110000000000041,100.0,0.0,"[50.0, 113.21290512765744, 113.21290512765742]",30
621,339420997,settled,Kl2a_0018,unmatched,,"[0.3338907115702825, -0.690545754793728, -0.6283784602883653, 0.1296304898898177]","[0.6757659322481478, -0.20840910142911825, -0.6756428374143574, 0.20835740328813784]","[458.30619666058834, 9.534137997783358, 12.349046466321933]",5.270000000000095,100.0,0.0,"[50.0, 112.26225672524147, 112.26225672524149]",45
622,318514168,settled,Kl2a_0020,unmatched,,"[0.4702166024432413, 0.27585662200913136, 0.8325093600382049, -0.0986287804305852]","[0.6877302116057831, 0.16441472843493704, 0.687758900739708, 0.16426395700712748]","[457.82973744708215, 10.252508504694408, 10.651120301815297]",4.769999999999928,100.0,0.0,"[50.0, 103.18906627993955, 103.18906627993957]",26
623,2406135167,settled,Kl2a_0014,unmatched,,"[0.30370085785503587, 0.08961302071284508, 0.327763058386395, 0.8901161008621467]","[0.6169846475769848, 0.3454976607434361, 0.6169806517200374, 0.34539280026983127]","[457.8561367690102, 10.540773673483955, 10.372512641838226]",4.779999999999931,100.0,0.0,"[50.0, 110.72601552777385, 110.72601552777387]",19
624,503826566,settled,Kl2a_0007,unmatched,,"[-0.8879109927937016, 0.4037290052106611, 0.10763674471210347, -0.1924351589899693]","[-0.6757043332571356, 0.2081607710721773, -0.6758347534520425, 0.20818293261116155]","[458.0575225564881, 9.524089074403863, 10.575557950217112]",5.6500000000002215,100.0,0.0,"[50.0, 113.05705669984746, 113.05705669984748]",34
625,1951490665,settled,Kl2a_0006,unmatched,,"[-0.37979554275908345, 0.21260781508691884, 0.30614412443480676, -0.8466575681692955]","[-0.12534655595021096, 0.6959268220564184, 0.12540072798544477, -0.6958798435610816]","[457.9612591664652, 9.640679242750176, 10.682872975621109]",5.270000000000095,100.0,0.0,"[50.0, 105.44398834505522, 105.4439883450552]",26
626,1304113979,settled,Kl2a_0007,unmatched,,"[0.09948409051905921, -0.45613823132516407, -0.11408373739586006, 0.8769411214665094]","[0.2080635912965849, -0.675837973296045, -0.20802520592441612, 0.6757796160938613]","[458.0647211261704, 9.52026878120123, 10.573898833490219]",5.160000000000058,100.0,0.0,"[50.0, 104.0948219396523, 104.0948219396523]",32
627,1335222620,settled,Kl2a_0008,unmatched,,"[-0.19639680642520668, 0.19642498494383, 0.9301330988887067, -0.24020395098225877]","[-0.6249256891254622, -0.33092373642421236, 0.62490928224382, 0.3308258646291403]","[458.5436975163487, 10.577784805493419, 9.52248784039821]",5.0600000000000245,100.0,0.0,"[50.0, 111.66752041083117, 111.66752041083119]",29
628,760072861,settled,Kl2a_0018,unmatched,,"[0.2349944290385704, -0.22175586461706412, 0.6329365821941642, -0.7035575582346796]","[0.20799614894217597, -0.675821100792019, 0.20799313515021825, -0.6758271210005345]","[458.08104486010836, 9.527045403596675, 12.360656474774377]",5.050000000000021,100.0,0.0,"[50.0, 110.44319894527322, 110.44319894527324]",32
629,4291316198,settled,Kl2a_0008,unmatched,,"[0.00045310346422546824, -0.3221131643259609, -0.12074992918595746, -0.9389687740637349]","[-0.33098165967971205, -0.6248036794136873, -0.33103204953091137, -0.6248914188322207]","[458.51944968244504, 10.577796317410124, 9.519938639882614]",4.809999999999941,100.0,0.0,"[50.0, 112.61885004466248, 112.6188500446625]",26
630,3385771503,settled,Kl2a_0011,unmatched,,"[0.16321663743935153, 0.8999089523290272, -0.3797931339126148, -0.13885741684871736]","[0.5198492932700569, 0.47930928655750377, -0.5198165269483617, -0.47938512536133443]","[458.59906450325263, 10.736444372027686, 9.845694221153725]",4.579999999999864,100.0,0.0,"[50.0, 107.07245619068652, 107.07245619068654]",39
631,2885950628,settled,Kl2a_0007,unmatched,,"[0.3078809116531951, 0.20521297007126735, 0.30730450118607866, -0.8767330977583211]","[-0.2081774724838001, 0.675760641532829, 0.2081603807888394, -0.6757802536144731]","[457.8550274607368, 9.52746398140775, 10.575650779809418]",5.490000000000168,100.0,0.0,"[50.0, 109.03913110450434, 109.03913110450435]",23
632,991867160,settled,Kl2a_0021,unmatched,,"[-0.2375625373328836, -0.9604688225999017, -0.11681093371613689, 0.08613296368920043]","[0.17390481175869316, -0.9847624523854613, -4.2085920296031094e-05, -0.00016446191353645947]","[457.8203811070606, 9.653373750895973, 40.00009048644396]",5.110000000000041,100.0,0.0,"[50.0, 114.06323099882071, 114.06323099882073]",40
633,303405335,settled,Kl2a_0001,unmatched,,"[-0.02279042232984286, 0.044058517012017934, 0.9582225775537128, 0.2816894311028513]","[5.3764846372705843e-05, -0.0004650350193342728, -0.29437498074858265, 0.9556898825252069]","[458.5109184544853, 9.521351783203505, 40.00938854518551]",4.979999999999998,100.0,0.0,"[50.0, 113.60041461631207, 113.60041461631208]",30
634,747624188,settled,Kl2a_0010,unmatched,,"[0.4488529877620475, -0.17881305492877836, -0.36350582461711256, 0.7965051175187475]","[0.44921971988616577, -0.5460078956224734, -0.44931280933968987, 0.5460723583432773]","[458.42014410080935, 13.485968644855102, 10.048701420121]",5.270000000000095,100.0,0.0,"[50.0, 106.74323161723746, 106.74323161723747]",24
635,2224256403,settled,Kl2a_0017,unmatched,,"[-0.7074316561155337, 0.5159224139634822, -0.45665515639945287, -0.1575772281439098]","[-0.6585426240926138, -0.2574407204488963, -0.6585851003606203, -0.2575102974464506]","[457.98710748645374, 10.411873525281871, 10.531093910972697]",5.130000000000048,100.0,0.0,"[50.0, 109.28652053320175, 109.28652053320177]",33
636,3659359167,settled,Kl2a_0014,unmatched,,"[0.475642554762377, 0.008531275876956044, 0.5084562058079787, 0.7177490259181025]","[0.6168308528202672, 0.34563697112368974, 0.6169053586329948, 0.34566249679616656]","[458.01656165006557, 10.545250536732452, 10.369322996869872]",4.759999999999924,100.0,0.0,"[50.0, 107.58073473400864, 107.58073473400866]",25
637,1825701951,settled,Kl2a_0006,unmatched,,"[0.26664443488412504, 0.09287231278579614, 0.9568484641898873, 0.06867674599598332]","[0.6958199482797685, -0.12589916050226108, 0.6958141890961285, -0.12580387598664566]","[458.48827795449733, 9.64327417532098, 10.683724477097195]",4.669999999999894,100.0,0.0,"[50.0, 112.12316561304063, 112.12316561304063]",37
638,741066932,settled,Kl2a_0008,unmatched,,"[-0.14380109630361193, 0.5897438042590014, 0.5912240676798182, 0.5310156229680344]","[0.3306274066732397, 0.6250487999803664, 0.33062287534365, 0.6250504218854103]","[458.231160636875, 10.581470436595609, 9.515502842849703]",4.959999999999991,100.0,0.0,"[50.0, 112.29608768576654, 112.29608768576655]",23
639,3503504066,settled,Kl2a_0009,unmatched,,"[0.5187699492102906, -0.6177811041237394, -0.23828102636228377, -0.5407831355171334]","[-0.40388691033298196, -0.580402223769534, -0.40395457729658324, -0.5803699869791653]","[458.25158676663386, 10.689326155932546, 9.63494210205619]",5.020000000000011,100.0,0.0,"[50.0, 112.87906128965855, 112.87906128965857]",34
640,3011375563,settled,Kl2a_0012,unmatched,,"[-0.5247529899489422, 0.6195718340292504, -0.4558137166205935, 0.36469013937560457]","[-0.49998277220322396, 0.5000992711206713, -0.4998707031854165, 0.5000472243913267]","[458.1855676669484, 13.253874762744916, 9.975823006017896]",4.819999999999944,100.0,0.0,"[50.0, 94.94450657371227, 94.94450657371229]",31
641,1512233073,settled,Kl2a_0009,unmatched,,"[-0.27085008450069903, -0.5333245905422038, 0.7126948784235688, -0.3664302431811122]","[-0.5806123743897538, -0.4035783422543103, 0.5805749047481557, 0.4036664122086769]","[458.304313825051, 10.695101065569132, 9.642319919122276]",4.649999999999888,100.0,0.0,"[50.0, 114.55734121685192, 114.55734121685194]",23
642,2951951071,settled,Kl2a_0003,unmatched,,"[0.2777554044515004, -0.309719604872192, 0.8976138231511166, -0.1456541319147266]","[0.7065345896025541, -0.028572327227046723, 0.7065232131210742, -0.028590997412717145]","[457.80505563229, 9.846137716044318, 10.728086918441615]",4.709999999999908,100.0,0.0,"[50.0, 106.73197456436485, 106.73197456436486]",28
643,3173375156,settled,Kl2a_0011,unmatched,,"[0.20658466998426864, -0.650663487887515, -0.5944086293330616, -0.42501550681349876]","[-0.47943826973542003, -0.5197264999437374, -0.47940993617071526, -0.5197974835165419]","[457.79538854610684, 10.729848833426741, 9.845985112237095]",4.869999999999961,100.0,0.0,"[50.0, 114.0002324071483, 114.00023240714832]",30
644,32306830,settled,Kl2a_0006,unmatched,,"[-0.6986094149864885, 0.5782516452435902, -0.4198669161311812, 0.03580073747576859]","[-0.6960031423533363, 0.12502291034639929, -0.6958901272793149, 0.12524307756509648]","[458.444028324055, 9.64875906153469, 10.676925622691362]",4.949999999999988,100.0,0.0,"[50.0, 106.52710174250393, 106.52710174250394]",27
645,895153355,settled,Kl2a_0008,unmatched,,"[-0.19060827060911253, -0.37814759900373973, -0.36161796459736506, -0.8306053986241415]","[-0.33064031409577277, -0.625033853453918, -0.3306503052737403, -0.6250440307318975]","[458.0309207792955, 10.58799933574248, 9.518895707789756]",4.899999999999971,100.0,0.0,"[50.0, 106.33660504267326, 106.33660504267327]",30
646,3593388868,settled,Kl2a_0021,unmatched,,"[0.22142497322908522, 0.2166201095432776, 0.635142299606034, -0.7075598692853604]","[-2.7314437719680444e-05, -2.520937350053431e-05, 0.984933469341572, -0.17293368552478]","[457.8143120202373, 9.665142523701055, 40.002518148440686]",4.749999999999921,100.0,0.0,"[50.0, 111.35034609256576, 111.35034609256577]",27
647,75550316,settled,Kl2a_0012,unmatched,,"[-0.2862997747692738, 0.2598481907905693, -0.7213721391252358, 0.5745725311949853]","[-0.5001229227416016, 0.5000142638933475, -0.499906631890791, 0.49995615552085887]","[457.9496587255909, 13.243541024656952, 9.979362519518295]",4.709999999999908,100.0,0.0,"[50.0, 107.93057337457175, 107.93057337457176]",32
648,2936757457,settled,Kl2a_0018,unmatched,,"[-0.6103894817246166, 0.37109450284833706, -0.5232037798726356, -0.46472718371393584]","[-0.2081251863381546, 0.6757435855107043, -0.20809497514353908, 0.6758335555244767]","[458.08191947731325, 9.523731242965468, 12.343032295094837]",5.610000000000208,100.0,0.0,"[50.0, 113.90208891145113, 113.90208891145113]",33
649,1838880854,settled,Kl2a_0017,unmatched,,"[-0.6784023744617863, -0.0988498696711346, -0.5712742979592471, -0.4512699835816463]","[-0.6585590180722527, -0.2574015695510221, -0.6586294308686795, -0.2573941034716611]","[458.445172515315, 10.417815804483721, 10.530707074387198]",4.979999999999998,100.0,0.0,"[50.0, 101.83056314911325, 101.83056314911323]",24
650,1672810551,settled,Kl2a_0009,unmatched,,"[0.48681364714769565, 0.3945555621457038, -0.6249290389801788, -0.46562010004933935]","[0.5803186796573745, 0.40404211093236103, -0.5802592221383903, -0.40407850444857074]","[458.08498247500137, 10.691328874095491, 9.642536981864119]",4.769999999999928,100.0,0.0,"[50.0, 90.87886581021073, 90.87886581021074]",26
651,3879484383,settled,Kl2a_0017,unmatched,,"[-0.7626412532388688, -0.3577434821654657, -0.447859840912783, -0.2996989868584001]","[-0.658541471172563, -0.2575407412570927, -0.6585140003771944, -0.2575950477898368]","[458.2372781304935, 10.411444496250756, 10.526546883459297]",4.929999999999981,100.0,0.0,"[50.0, 98.88995162184881, 98.8899516218488]",29
652,230873740,settled,Kl2a_0015,unmatched,,"[0.9054548951501281, -0.2845109799386636, -0.19564783538213537, 0.2468336679897962]","[0.6249592608029645, -0.33074018550906287, -0.6250030401454075, 0.33076887978623526]","[457.83948497742, 12.36546804192986, 9.518637075294862]",4.899999999999971,100.0,0.0,"[50.0, 110.54450517941058, 110.54450517941058]",28
653,2079884426,settled,Kl2a_0008,unmatched,,"[0.8394310349645914, 0.2693330375425513, -0.24178989971722017, -0.40540460878129414]","[0.625123286702559, 0.33037726927390637, -0.6251321739991488, -0.3305775270649914]","[457.9091991732584, 10.582813340090267, 9.523601672664775]",4.699999999999904,100.0,0.0,"[50.0, 103.56095205466582, 103.56095205466583]",29
654,3975850094,settled,Kl2a_0009,unmatched,,"[0.4807614675171685, 0.6552872187456834, -0.5495107625156788, -0.1936620617950838]","[0.5808673907474102, 0.4031330524916141, -0.580817186948851, -0.4033958498793865]","[458.5944618094777, 10.702569450054584, 9.645160496929428]",4.769999999999928,100.0,0.0,"[50.0, 103.14182101975021, 103.14182101975022]",14
655,1123490515,settled,Kl2a_0007,unmatched,,"[-0.06244286843504125, 0.13298112156545572, -0.4729946592036122, 0.8687306612832636]","[0.208043635452085, -0.6757784140467973, -0.20810334608096945, 0.6758212620258257]","[458.57586154423655, 9.527911875203708, 10.578410634563893]",5.760000000000258,100.0,0.0,"[50.0, 113.8484562278369, 113.84845622783692]",25
656,1957802489,settled,Kl2a_0015,unmatched,,"[-0.8523013335500537, 0.34785705271440737, 0.23829970511210874, -0.30950146728105843]","[-0.6251517758919045, 0.3304937456572973, 0.6250982644203387, -0.33047133158458425]","[458.27871287478786, 12.35460714466706, 9.513419583299148]",5.0600000000000245,100.0,0.0,"[50.0, 107.54348297503572, 107.5434829750357]",31
657,1848857429,settled,Kl2a_0007,unmatched,,"[0.4047002669435426, -0.25709265837166206, -0.547330599681826, -0.6859666709098554]","[-0.20825013811101273, 0.6757841408999758, 0.20819689638364788, -0.675723114316095]","[457.9153123610433, 9.528054756128096, 10.578337544271465]",5.5900000000002015,100.0,0.0,"[50.0, 112.06124753416677, 112.06124753416678]",32
658,3054531549,settled,Kl2a_0014,unmatched,,"[0.7420221664256267, 0.08780540357961956, -0.5410633505390331, -0.38593233388602627]","[0.34545093076112543, 0.6171175949674815, -0.34524091619839725, -0.6169588626483251]","[457.9349892320723, 10.546538404314996, 10.370349041206495]",4.829999999999948,100.0,0.0,"[50.0, 100.99685282761644, 100.99685282761645]",32
659,2001620538,settled,Kl2a_0002,unmatched,,"[-0.013667271276261574, 0.657999285484137, -0.1380674222777314, 0.7401267005748466]","[-0.0006375004673211116, 0.7070713721589741, -0.0006464929715738478, 0.7071416055594647]","[457.86394860912304, 9.98223313704127, 13.248871421396512]",4.949999999999988,100.0,0.0,"[50.0, 91.41892592356919, 91.4189259235692]",22
660,1618230679,settled,Kl2a_0003,unmatched,,"[0.2717351777618916, -0.2956507772804097, 0.8181601580938112, -0.41153926515961137]","[0.7065126086252737, -0.029177700913225166, 0.7064933950346448, -0.02925198105002025]","[458.08370213844603, 9.850229566884387, 10.727050575906247]",4.769999999999928,100.0,0.0,"[50.0, 107.30563905950467, 107.30563905950468]",19
661,2498729330,settled,Kl2a_0012,unmatched,,"[-0.7387230461151346, -0.12526626774130828, 0.5657817222933168, -0.3442203742130146]","[-0.5000707668240544, 0.4999352281229949, 0.500042865788978, -0.4999511258344736]","[458.2190675737964, 13.247449702601232, 9.973700357727726]",4.919999999999978,100.0,0.0,"[50.0, 106.15508795134339, 106.1550879513434]",33
662,801359670,settled,Kl2a_0018,unmatched,,"[0.5201545776930955, -0.5993619606811081, -0.6079273170496118, -0.02507653441518706]","[0.6756523037164083, -0.20875590795041965, -0.675502450288883, 0.2088333666640025]","[458.48110366225313, 9.521120850677718, 12.344550763445431]",5.260000000000091,100.0,0.0,"[50.0, 111.46191986576034, 111.46191986576035]",37
663,460050522,settled,Kl2a_0011,unmatched,,"[-0.43159420217306005, -0.27588044649597515, 0.04316033554187708, 0.8577608112566659]","[-0.5196986882874962, -0.4795755447228188, 0.5195766684451871, 0.4795421315207534]","[458.50974889818315, 10.73928394668749, 9.842769883636992]",5.0600000000000245,100.0,0.0,"[50.0, 108.52346408305391, 108.52346408305391]",27
664,24185252,settled,Kl2a_0009,unmatched,,"[-0.8823119357992979, -0.09850590553688278, 0.22500939213918061, 0.401488490457212]","[-0.5804963273279405, -0.4037543604971195, 0.5805484753244251, 0.4036953035852909]","[458.244698179361, 10.684974197904715, 9.642789389616421]",4.609999999999874,100.0,0.0,"[50.0, 106.97015716541199, 106.970157165412]",33
665,2055269984,settled,Kl2a_0008,unmatched,,"[0.5271450856724299, 0.7677936786238437, -0.29311052402864035, 0.21609522535291723]","[0.33088840443298634, 0.6249067536325394, 0.3307416926773485, 0.6249914765828056]","[457.81410768801425, 10.577297069009344, 9.521081558932574]",5.570000000000195,100.0,0.0,"[50.0, 111.14872828070142, 111.1487282807014]",30
666,2572174639,settled,Kl2a_0006,unmatched,,"[0.6648910559496792, 0.23251016525203572, 0.7084928277910303, -0.043552494087720814]","[0.6958996482852885, -0.1253347617525657, 0.695874873464467, -0.12559075401338934]","[458.45490982607583, 9.640792650006576, 10.679232863436354]",4.779999999999931,100.0,0.0,"[50.0, 97.59357949224635, 97.59357949224632]",22
667,4231113218,settled,Kl2a_0003,unmatched,,"[-0.32714810443199194, -0.26553553967436144, -0.22723901491828985, 0.8779677813196595]","[0.028276472150023133, -0.7065892825295205, -0.02829122432414816, 0.706492486558355]","[458.03289195539423, 9.837719009632732, 10.723352147848894]",5.230000000000081,100.0,0.0,"[50.0, 107.49900212774655, 107.49900212774656]",32
668,2269359926,settled,Kl2a_0003,unmatched,,"[-0.20885908760357036, -0.8901486806034541, 0.0483529199096359, 0.4020885512937993]","[0.028269300848137224, -0.7065744396256065, -0.02821311426683562, 0.7065107416598025]","[458.34283253893784, 9.83444250502691, 10.729612073299606]",4.759999999999924,100.0,0.0,"[50.0, 107.50272535997287, 107.50272535997289]",32
669,791422006,settled,Kl2a_0009,unmatched,,"[0.4178617844510886, 0.3221307565748081, 0.3487388486073498, 0.7745995870357235]","[0.40408644402080107, 0.5803357875854211, 0.4039830086305455, 0.5802777336276532]","[458.2939877785812, 10.691665929597281, 9.64151731667049]",4.990000000000001,100.0,0.0,"[50.0, 99.27455345715228, 99.27455345715227]",30
670,2789584226,settled,Kl2a_0015,unmatched,,"[-0.32203768413503847, -0.09291562367445043, 0.895757891321467, -0.29202091878741854]","[-0.62512498354455, 0.33032041922415617, 0.625243187017838, -0.3304211444199369]","[458.0485145325066, 12.351245686272993, 9.531686960932985]",5.260000000000091,100.0,0.0,"[50.0, 112.14074067068283, 112.14074067068282]",36
671,959163029,settled,Kl2a_0011,unmatched,,"[0.8565572897553921, 0.19600051919097283, -0.3610798207247458, -0.3122735482059784]","[0.5193202049822886, 0.4798219399728363, -0.519418424604839, -0.4798769954883073]","[458.5869560248994, 10.72056195340734, 9.84257618293152]",4.839999999999951,100.0,0.0,"[50.0, 102.74450206540523, 102.74450206540524]",21
672,1269286363,settled,Kl2a_0008,unmatched,,"[-0.22278797788535612, -0.8262023699346746, -0.4768502630653011, 0.20092035098176173]","[-0.3310331717696384, -0.6249108830280002, -0.33087614567622115, -0.6248395023393978]","[458.5457026711878, 10.57920742158807, 9.513345976990315]",5.400000000000138,100.0,0.0,"[50.0, 112.73363083874783, 112.73363083874784]",32
673,339846494,settled,Kl2a_0020,unmatched,,"[-0.08833281860877842, 0.061391870416495166, 0.03633882288790775, 0.9935330096954575]","[-0.16438326778814424, -0.6878249208938995, 0.16438740041970845, 0.6876422049669747]","[458.31275100592416, 10.252767588691073, 10.652227812866895]",5.380000000000131,100.0,0.0,"[50.0, 113.91400558397059, 113.9140055839706]",41
674,3620654759,settled,Kl2a_0007,unmatched,,"[-0.4813429093912272, 0.22554370352942188, 0.09490204981190052, -0.8416844077910204]","[-0.20814991411526873, 0.6757644228129913, 0.20815153702515954, -0.6757876854072549]","[458.2893660738884, 9.52154765802106, 10.572377658849293]",5.250000000000088,100.0,0.0,"[50.0, 109.6995707638231, 109.69957076382312]",31
675,1118229367,settled,Kl2a_0014,unmatched,,"[-0.35991857214289824, -0.48385237718009744, 0.7578605277637142, -0.2489837725264248]","[-0.3696675968328464, -0.6028942384914792, 0.3695070657594529, 0.6027677275696227]","[458.4697742755486, 10.640632872553619, 10.238989818668099]",4.759999999999924,100.0,0.0,"[50.0, 113.24776208276008, 113.24776208276009]",28
676,614510698,settled,Kl2a_0018,unmatched,,"[0.5408724855206847, -0.7068822607308365, 0.20453650455646982, -0.40735640681663454]","[0.2081768557516845, -0.6756941381679582, 0.20829309466405707, -0.6758060484266716]","[458.59476161990665, 9.518675191581696, 12.349984992668448]",5.190000000000068,100.0,0.0,"[50.0, 103.9303567972996, 103.9303567972996]",36
677,1838271581,settled,Kl2a_0015,unmatched,,"[-0.12691279253410218, 0.07788097071762332, 0.8830851733374935, -0.4449587330559608]","[-0.6251257209338997, 0.3305510637819117, 0.6250493384123967, -0.3305558225319044]","[458.1965141029544, 12.35297764950892, 9.5242015299095]",5.430000000000148,100.0,0.0,"[50.0, 113.76014365314822, 113.76014365314823]",28
678,896877213,settled,Kl2a_0017,unmatched,,"[0.4570635111793557, 0.37785478930814337, -0.003768496967547743, 0.8051735858657455]","[0.6585045996867903, 0.257536092475751, 0.6586177610846695, 0.2574286270939559]","[458.04086117243537, 10.418178518508785, 10.528232880241466]",4.969999999999994,100.0,0.0,"[50.0, 109.23717934662216, 109.23717934662217]",21
679,2115121010,settled,Kl2a_0018,unmatched,,"[0.28127320910761855, -0.44450024844831, 0.46518435559245397, -0.7119750180165917]","[0.20771034127083962, -0.6758510484441803, 0.2077367304262987, -0.675963923059393]","[458.33316275753197, 9.520400226465423, 12.35708389460504]",5.1500000000000545,100.0,0.0,"[50.0, 99.22505754139415, 99.22505754139416]",32
680,1207846639,settled,Kl2a_0009,unmatched,,"[-0.26830697556454275, -0.6799392983449297, -0.12928932687703654, -0.670058346254485]","[-0.40393389104131083, -0.5804173549436809, -0.4037491383760895, -0.5804651057634499]","[458.3744002819516, 10.686543145647933, 9.64358819436275]",5.050000000000021,100.0,0.0,"[50.0, 90.2898971469659, 90.28989714696591]",34
681,3010240499,settled,Kl2a_0007,unmatched,,"[0.3808922698588771, -0.2069628001145944, 0.7443905927285974, -0.507907593551865]","[0.6757832038998175, -0.20802644404871676, 0.6758275131163493, -0.208084676077588]","[458.2205574436523, 9.522696326364619, 10.576743806310793]",4.849999999999954,100.0,0.0,"[50.0, 105.68866265216953, 105.68866265216953]",25
682,1954751036,settled,Kl2a_0007,unmatched,,"[0.4288412192270202, 0.05806141530597197, -0.19458495559188416, 0.8802617655003849]","[0.20786231658154639, -0.6758898157042583, -0.20784681444245331, 0.6758445946360311]","[457.8495940765903, 9.523583561755798, 10.573560395822845]",5.380000000000131,100.0,0.0,"[50.0, 109.88189418626703, 109.88189418626702]",25
683,1984373932,settled,Kl2a_0019,unmatched,,"[-0.3985619353203301, -0.55517319696044, 0.5342309002269262, -0.4975223113923289]","[0.20874677557638313, 0.6755989441196876, -0.675770630516758, 0.20814635553333607]","[458.29545103002937, 40.011613060268935, 9.522770411002526]",5.5900000000002015,100.0,0.0,"[50.0, 113.75992683783832, 113.75992683783834]",18
684,2472346160,settled,Kl2a_0019,unmatched,,"[0.5216855084416874, 0.1681033179362908, 0.2930575820934824, -0.7833918293920803]","[-0.20799527137851098, 0.6758799058416948, 0.6756998896429055, 0.20821618356930563]","[458.10957463967236, 40.004236489504855, 9.518346354141126]",5.330000000000115,100.0,0.0,"[50.0, 113.81615920622622, 113.81615920622623]",14
685,1573955309,settled,Kl2a_0008,unmatched,,"[-0.6193383676590124, 0.38429802173753186, 0.5834598968312737, 0.35820324624956834]","[-0.62496238848413, -0.33061340243519904, 0.6250794350401102, 0.3307453567328941]","[457.82088449789995, 10.585371794232257, 9.521764299249568]",5.0900000000000345,100.0,0.0,"[50.0, 112.8526104018924, 112.85261040189242]",27
686,4284683632,settled,Kl2a_0003,unmatched,,"[0.45315710631947115, 0.5277361964398244, 0.2103800227056479, -0.6869376900460198]","[-0.028254913905316148, 0.7065359750462098, 0.028351778645624187, -0.7065442324818273]","[458.04839994448815, 9.847814900787682, 10.72605211177896]",4.969999999999994,100.0,0.0,"[50.0, 111.989201563579, 111.98920156357902]",36
687,1664694624,settled,Kl2a_0018,unmatched,,"[-0.17671571791651616, 0.6330224626739569, -0.08908301980255993, 0.7484105373218002]","[-0.20813133252531665, 0.675785166512116, -0.2081510092646752, 0.675772827572643]","[458.2211870734643, 9.520204813972473, 12.35236519904257]",5.160000000000058,100.0,0.0,"[50.0, 91.23558619961365, 91.23558619961364]",28
688,1909553120,settled,Kl2a_0007,unmatched,,"[-0.34526094914388883, 0.1559007805280971, -0.11240903271903165, -0.9186152801854336]","[-0.2079401684896611, 0.67583412958588, 0.20812704248652125, -0.6757900930031464]","[458.54767782948005, 9.515159195698212, 10.577052581776522]",5.270000000000095,100.0,0.0,"[50.0, 108.50136333313448, 108.50136333313449]",30
689,2668664694,settled,Kl2a_0019,unmatched,,"[0.11631302817836991, -0.7209141450716977, 0.6512811007120145, 0.20636618610341087]","[-0.20845788147025854, -0.6755905731510918, 0.6760324664997235, -0.20761212238357252]","[458.5406841623679, 40.00820573525101, 9.522499591393059]",5.040000000000018,100.0,0.0,"[50.0, 113.86846054797905, 113.86846054797907]",19
690,931999062,settled,Kl2a_0014,unmatched,,"[0.40985524264100454, 0.27226453579317034, 0.8643033037923744, -0.10426169806117322]","[0.6166849211106417, 0.3459400157830142, 0.6167841065685645, 0.3458360586162573]","[458.0859866528563, 10.542546085990399, 10.366008407517795]",4.699999999999904,100.0,0.0,"[50.0, 103.29799863471447, 103.29799863471449]",29
691,2928446550,settled,Kl2a_0017,unmatched,,"[0.08829629227230848, -0.08328675959324888, -0.35542274088605197, -0.9267911068350115]","[0.28337879314805475, 0.6478233399101173, -0.2834212029283217, -0.647837789567972]","[458.3815356048103, 10.535761387245971, 10.414727067216203]",5.440000000000151,100.0,0.0,"[50.0, 114.67031788630358, 114.6703178863036]",23
692,4062086078,unsettled,,not_evaluated,,"[0.11302998519651891, 0.09536864003104563, 0.8851959380404075, 0.4410863818141144]","[2.5447577843451533e-05, -2.4522161843357208e-05, 0.1329591099342047, 0.9911215232435368]","[457.8336481591038, 10.169474130861376, 39.99435311598369]",5.140000000000051,100.0,0.0,"[50.0, 113.96502723657218, 113.9650272365722]",15
693,3262843349,settled,Kl2a_0007,unmatched,,"[0.23701903657768664, -0.4535324717792806, 0.255514247423889, 0.8202699206389107]","[0.20794608761717753, -0.6758341745317291, -0.20800808017571834, 0.6758248528733887]","[458.46227610969237, 9.519125807555142, 10.574346738418738]",5.250000000000088,100.0,0.0,"[50.0, 105.51056242836094, 105.51056242836096]",27
694,1218851074,settled,Kl2a_0004,unmatched,,"[-0.6898747204057384, -0.30126227785830795, 0.6219437982928524, -0.2156381734521688]","[-0.7037972607841891, -0.06848811352908243, 0.7037692669229525, 0.06846614457255204]","[458.5468207300203, 10.043806026853007, 13.479537362264937]",4.729999999999914,100.0,0.0,"[50.0, 107.05033100657297, 107.05033100657299]",25
695,651205762,settled,Kl2a_0011,unmatched,,"[0.6449485734097136, -0.08182203042582824, -0.6028448695667808, -0.4625197900963603]","[0.5196397941702484, 0.47950930616283904, -0.5196951084154108, -0.47954384982713427]","[458.5001283177815, 10.726382169263367, 9.843719944662816]",4.979999999999998,100.0,0.0,"[50.0, 108.02880296927997, 108.02880296927998]",22
696,4255050540,settled,Kl2a_0007,unmatched,,"[-0.25882804226598577, 0.6809913270748578, -0.6838292010292903, 0.040453439967739646]","[-0.6757118551590251, 0.20826274265545147, -0.6757453729045189, 0.20834660980517755]","[458.37379585283117, 9.521832135800688, 10.580927744984805]",5.050000000000021,100.0,0.0,"[50.0, 114.70454407517795, 114.70454407517796]",32
697,2395249347,settled,Kl2a_0018,unmatched,,"[0.6348411229845365, -0.4903602220541158, -0.11445046579517916, -0.5860244807804853]","[0.20837356929636947, -0.6756518597420919, 0.2085150764122776, -0.6757192338201762]","[458.3981827494417, 9.530190687777187, 12.350418767501544]",5.350000000000121,100.0,0.0,"[50.0, 113.85443867964992, 113.85443867964993]",33
698,249202919,settled,Kl2a_0008,unmatched,,"[-0.8662809176125051, -0.3880906819206864, 0.23603906961474444, 0.20791477100528136]","[-0.6250930184389284, -0.3306032533795799, 0.6249455752295058, 0.3307615986701134]","[458.4467189479395, 10.57853143920863, 9.518537722994916]",4.779999999999931,100.0,0.0,"[50.0, 110.56852686111583, 110.56852686111584]",32
699,2371620818,settled,Kl2a_0008,unmatched,,"[-0.6854600836334261, -0.5263584251775121, 0.5015678560573432, -0.03899958666378184]","[-0.6250414451930232, -0.3305608828882893, 0.6250648828445163, 0.3306759542659596]","[457.98888521838046, 10.588536489161848, 9.520219233986735]",4.6199999999998775,100.0,0.0,"[50.0, 104.56606667119196, 104.56606667119196]",17
700,3603842823,settled,Kl2a_0007,unmatched,,"[0.1945135409653445, 0.7046745058258995, 0.4915635600122643, -0.4732479156723422]","[-0.2078152233284064, 0.6759013359707783, 0.2078378117071496, -0.6758503244141156]","[458.5816584803286, 9.520023289648478, 10.57868153667899]",5.270000000000095,100.0,0.0,"[50.0, 112.43296357938569, 112.4329635793857]",28
701,2673681171,settled,Kl2a_0008,unmatched,,"[0.7797691628533903, 0.1826904425636023, -0.5705104467956182, -0.1819397838734074]","[0.6249185375449235, 0.3307778420326209, -0.6250153837401395, -0.3307848405551904]","[457.9110950183098, 10.582407386096547, 9.523366140946326]",4.829999999999948,100.0,0.0,"[50.0, 96.16243427805236, 96.16243427805237]",18
702,4235238339,settled,Kl2a_0007,unmatched,,"[-0.7562445711375627, 0.24799993940147816, 0.08222943494976244, 0.5998570652327683]","[-0.6757409725122259, 0.20809400337744777, -0.6758665763909557, 0.20802738940857426]","[457.85071128677305, 9.521283861538226, 10.575769417635883]",4.919999999999978,100.0,0.0,"[50.0, 114.68939746455806, 114.68939746455807]",29
703,3994960236,settled,Kl2a_0013,unmatched,,"[0.5313292307007738, 0.7813692565057293, 0.17265756090654222, 0.278101960173623]","[0.5463842935044868, 0.44884658839034075, 0.5464103025422223, 0.4488170286182022]","[458.3099417804068, 10.71909085101419, 10.039779815925643]",5.1500000000000545,100.0,0.0,"[50.0, 110.11905015842595, 110.11905015842596]",32
704,3831792919,settled,Kl2a_0012,unmatched,,"[0.4401407278908014, -0.15233626782494392, 0.5535394359146462, -0.6904084979519137]","[0.4995064527252622, -0.5004472785432584, 0.4994556656790015, -0.5005895155770016]","[458.5310245657298, 13.251312238013197, 9.977973366281018]",4.569999999999861,100.0,0.0,"[50.0, 103.80668498543601, 103.80668498543602]",28
705,2949590194,settled,Kl2a_0015,unmatched,,"[0.017602188927888177, 0.8092823677871741, -0.24878508131529067, 0.5318441458253315]","[-0.33059057271262193, 0.6250457898485198, -0.33059244243793817, 0.6250890103250092]","[458.41597937934665, 12.359334137023884, 9.526762913056345]",5.170000000000061,100.0,0.0,"[50.0, 98.44868564905401, 98.44868564905403]",29
706,1922957456,settled,Kl2a_0011,unmatched,,"[-0.17983493385574306, 0.16984593387623137, -0.8817110177146157, -0.40174299813620656]","[0.5198850706369331, 0.47932104708783135, -0.5197342381596872, -0.4794237883459954]","[458.4906571422477, 10.735656954303332, 9.847622885174257]",5.220000000000078,100.0,0.0,"[50.0, 112.93273121955562, 112.93273121955562]",29
707,2467004035,settled,Kl2a_0008,unmatched,,"[-0.8510412091524794, -0.15061605794523547, 0.48797472711500356, 0.12216517142934463]","[-0.6251154887596806, -0.33047727865455867, 0.625046574275752, 0.33065416070566783]","[458.024676856761, 10.585095942382926, 9.522310629279232]",4.779999999999931,100.0,0.0,"[50.0, 103.87187654497363, 103.87187654497362]",23
708,3895465590,settled,Kl2a_0021,unmatched,,"[-0.008865959929603692, 0.08725246230030541, 0.920553074823044, -0.3806447674813083]","[-0.00041712962243321133, 0.000120511803215817, 0.9844518989557127, -0.17565383605909218]","[458.33710906029467, 9.66108735563192, 40.01155708975479]",4.679999999999898,100.0,0.0,"[50.0, 113.87867903161217, 113.87867903161218]",29
709,3817935553,settled,Kl2a_0007,unmatched,,"[-0.9489519390650242, 0.22293354094083298, -0.12955939050887, 0.1816733827484993]","[-0.6757144149687585, 0.2084430300561688, -0.6756988609566833, 0.20830886185247244]","[457.9094814074804, 9.52636745974589, 10.577669551439797]",4.990000000000001,100.0,0.0,"[50.0, 113.19451971359548, 113.1945197135955]",16
710,2350393894,settled,Kl2a_0022,unmatched,,"[0.6082563107633402, 0.02796229408013884, 0.7339208530504554, 0.30100257803553526]","[0.7037535911074129, 0.06858542292707763, 0.7038197741490048, 0.06829823044690402]","[458.5807950389118, 10.050852959240197, 10.719170577530866]",4.839999999999951,100.0,0.0,"[50.0, 95.49883400308752, 95.49883400308754]",23
711,507274054,settled,Kl2a_0009,unmatched,,"[-0.5283622470933963, 0.487647568656346, 0.636099650849066, 0.28001860441704135]","[-0.5804969598597138, -0.4038514559284222, 0.5804279903350453, 0.4037705154834166]","[457.88601807760546, 10.689823657504553, 9.639814625858499]",5.0600000000000245,100.0,0.0,"[50.0, 113.23383938461173, 113.23383938461174]",43
712,2418103130,settled,Kl2a_0006,unmatched,,"[0.5388957797689139, 0.08448260675867462, 0.7139924401755003, -0.438940568955238]","[0.6959417279125977, -0.12509743616464183, 0.6959624686234794, -0.12510789376603565]","[458.3052441687602, 9.641783532229738, 10.689456327439336]",4.689999999999901,100.0,0.0,"[50.0, 105.05924909299942, 105.05924909299944]",21
713,3567153921,settled,Kl2a_0007,unmatched,,"[0.1988727524070747, -0.4381407272501607, -0.2546711136222361, 0.8388235543671534]","[0.20809707815085485, -0.6758000553352826, -0.20804974851239327, 0.6757996695899132]","[458.16350098924903, 9.520015509410207, 10.574663128279843]",5.100000000000038,100.0,0.0,"[50.0, 103.09612701612008, 103.09612701612006]",32
714,4274748223,settled,Kl2a_0003,unmatched,,"[0.9013150862583911, -0.41985594111574515, -0.10060076260099281, -0.0350940245189892]","[0.7065641690998357, -0.0283847317179175, 0.7065101413256799, -0.028369035118041785]","[458.360951880886, 9.862723375628603, 10.720618238496638]",5.510000000000175,100.0,0.0,"[50.0, 114.64880855336864, 114.64880855336865]",20
715,1338308663,settled,Kl2a_0007,unmatched,,"[-0.2512912006807127, 0.11445045012758237, 0.3013030382493696, -0.9126720692930941]","[-0.20790656335163984, 0.6758574987424681, 0.20788984445741776, -0.6758500683438273]","[457.99086208033464, 9.524326362028086, 10.568287236140973]",5.250000000000088,100.0,0.0,"[50.0, 111.95504786432511, 111.9550478643251]",29
716,1277006266,settled,Kl2a_0011,unmatched,,"[0.32865400942607437, 0.5957578798403752, -0.6876782647442755, -0.25329369296247584]","[0.5195342108430028, 0.47963027030039573, -0.5196253269143039, -0.4796128930757706]","[458.5665512717812, 10.732332457459048, 9.842129336387329]",4.849999999999954,100.0,0.0,"[50.0, 106.93294037482258, 106.93294037482259]",26
717,3440375285,settled,Kl2a_0022,unmatched,,"[0.8875611663635753, 0.23820790771944308, 0.3862538725813326, 0.07937326110963647]","[0.7037336168648113, 0.06881451447918036, 0.7037582898130463, 0.06890448904666535]","[458.11263799746007, 10.049873957941626, 10.71332020488233]",4.979999999999998,100.0,0.0,"[50.0, 107.99488229762915, 107.99488229762916]",19
718,2778763133,settled,Kl2a_0002,unmatched,,"[0.8756319323738309, 0.23263808462416577, -0.40106778977893365, 0.13525113157201868]","[0.7070872217686243, -0.0002928123548799344, -0.7071262579407986, 0.00017436483732602426]","[458.3532793482778, 9.982947666176955, 13.249716075161666]",4.739999999999918,100.0,0.0,"[50.0, 108.6446181081361, 108.64461810813609]",21
719,763136023,settled,Kl2a_0020,unmatched,,"[0.25131930339948066, -0.2951017507363295, 0.6878492538765465, 0.6136912647191838]","[-0.16462701824680956, -0.6876208610341689, 0.1647302700900618, 0.6877059214881375]","[458.4515755770746, 10.235677484216533, 10.651273543596528]",5.1800000000000646,100.0,0.0,"[50.0, 108.80322226905817, 108.80322226905818]",26
720,3763933021,settled,Kl2a_0013,unmatched,,"[-0.04623430397558888, -0.06701270344375135, 0.7888818316337297, 0.6091281822664787]","[-0.44850803056630595, -0.5466710304239183, 0.44851295660580515, 0.5466511307676076]","[458.17981891381044, 10.720410221651777, 10.055116649216318]",5.220000000000078,100.0,0.0,"[50.0, 113.809804199337, 113.80980419933701]",31
721,3455780355,settled,Kl2a_0007,unmatched,,"[-0.8840207684311262, -0.0872379833482472, -0.3272251922323647, 0.32221186944658625]","[-0.6757817765606605, 0.20800770358983006, -0.6759164221355353, 0.20781909441458918]","[458.4499013323387, 9.518812687624754, 10.58008276660971]",5.1200000000000445,100.0,0.0,"[50.0, 105.4652068530261, 105.46520685302612]",36
722,1499718306,settled,Kl2a_0004,unmatched,,"[0.3612539443898203, 0.6684707255139583, -0.19887294746240802, 0.6189442846987546]","[0.06910675692099463, 0.7037144849462643, 0.06898055624774344, 0.7037413322268549]","[458.32066431590886, 10.055786606783762, 13.483787931466527]",5.080000000000031,100.0,0.0,"[50.0, 108.42165490681037, 108.42165490681039]",29
723,79361427,settled,Kl2a_0019,unmatched,,"[0.7460182460433417, 0.4331332622393408, -0.16442246222556398, 0.47834883466776185]","[-0.2084111328880921, -0.6756969218098859, 0.6757641020069443, -0.20818584962406855]","[458.48941720091875, 39.99292276273648, 9.523133942413414]",5.500000000000171,100.0,0.0,"[50.0, 112.47277052160722, 112.47277052160723]",18
724,849183527,settled,Kl2a_0012,unmatched,,"[-0.597965345494862, 0.4341566937715529, -0.3987457477691585, 0.5430904523894513]","[-0.47958400229280485, 0.5195691209037784, -0.4794410635027275, 0.5197916697826772]","[458.4157589399932, 13.395677885666545, 9.847523824236669]",4.789999999999934,100.0,0.0,"[50.0, 97.54221300399864, 97.54221300399865]",36
725,833658135,settled,Kl2a_0007,unmatched,,"[-0.22322301575031606, -0.6254522972279739, -0.046491102783879086, 0.7462033814540932]","[0.2083125605382302, -0.6756919282869499, -0.20821703197661032, 0.67578988063208]","[458.45858394671643, 9.521429458886232, 10.578962445690395]",5.100000000000038,100.0,0.0,"[50.0, 97.67413514013165, 97.67413514013167]",47
726,2766943526,settled,Kl2a_0008,unmatched,,"[-0.5008796812345071, -0.2940481208795292, 0.7384220044987085, 0.3426196007319862]","[-0.6247255924679768, -0.3312534921260668, 0.6246898298296092, 0.3312879028538096]","[458.4478076366527, 10.583561437381066, 9.525321285961871]",4.799999999999938,100.0,0.0,"[50.0, 94.79824674357651, 94.79824674357653]",33
727,2503276600,settled,Kl2a_0008,unmatched,,"[-0.12838043991948922, -0.15768557088960727, 0.9650166796619405, 0.16551897581105576]","[-0.6249912857449846, -0.330637119333543, 0.6250446942314127, 0.33073269913149983]","[458.19095171285215, 10.586529558464791, 9.521438444160788]",5.040000000000018,100.0,0.0,"[50.0, 113.23720208304847, 113.23720208304849]",27
728,274262062,settled,Kl2a_0011,unmatched,,"[-0.2888088733633255, 0.9067311338231195, 0.2402429853663154, 0.19160217536533122]","[0.47971490012474916, 0.5194335680938672, 0.4796966307093691, 0.5195705201622345]","[457.92715300184676, 10.726578023132475, 9.843034046844313]",4.949999999999988,100.0,0.0,"[50.0, 112.41142469432735, 112.41142469432737]",20
729,3693717378,settled,Kl2a_0019,unmatched,,"[-0.4080947709038988, -0.4131066308879288, -0.5424541860804435, 0.6070790932663737]","[0.20801133168081404, -0.6758268506541463, -0.6757198970787441, -0.2083074038990556]","[458.49090217182504, 40.00308740462978, 9.522283383156477]",5.240000000000085,100.0,0.0,"[50.0, 114.91285351434125, 114.91285351434126]",23
730,244256465,settled,Kl2a_0007,unmatched,,"[-0.41965871946026745, 0.6803774779211695, 0.017196036946970892, -0.6005641872705326]","[-0.20812086322942397, 0.6757725174085009, 0.2079345753442344, -0.6758553272560851]","[457.88249948801894, 9.524919762626073, 10.570601049262775]",4.979999999999998,100.0,0.0,"[50.0, 101.39523739889486, 101.39523739889488]",32
731,476182520,settled,Kl2a_0007,unmatched,,"[0.1036601992641189, -0.6668421953979564, -0.4595244020197611, 0.5774195818239437]","[0.20805773211428297, -0.675814192847801, -0.20810043907045248, 0.6757820389087161]","[457.8031526377355, 9.516805440402862, 10.574894472816837]",5.0900000000000345,100.0,0.0,"[50.0, 102.69029843014017, 102.69029843014019]",29
732,299505894,settled,Kl2a_0007,unmatched,,"[0.579202363364909, 0.6811474595430645, 0.10658459271012398, -0.43497412018113246]","[-0.2083095712753204, 0.6757683718717596, 0.20822502614369165, -0.6757118976163898]","[458.42600904744165, 9.526782334567207, 10.570955011980871]",4.929999999999981,100.0,0.0,"[50.0, 106.80328394285146, 106.80328394285148]",50
733,927647419,settled,Kl2a_0008,unmatched,,"[0.00617218359995602, 0.30738817925260187, -0.906291643473959, 0.29001701393995705]","[0.6250742522243989, 0.33060146387881895, -0.6250081981174713, -0.33068051586575575]","[458.5240546413096, 10.575598947413239, 9.522173669245452]",5.0300000000000145,100.0,0.0,"[50.0, 110.82086488798208, 110.8208648879821]",24
734,2054887602,settled,Kl2a_0007,unmatched,,"[0.3733597105779809, 0.05758875730829268, -0.4407491559025929, 0.8142642342139097]","[0.20779802713642448, -0.6759120238982317, -0.2077942460135711, 0.6758583188743464]","[457.92504381192305, 9.522905780655487, 10.575867427296608]",5.400000000000138,100.0,0.0,"[50.0, 108.83463911611284, 108.83463911611285]",31
735,2921836587,settled,Kl2a_0006,unmatched,,"[0.2754056786538453, -0.9404034533507056, -0.09401578724089038, 0.1759377413767654]","[0.12567862627419243, -0.6958093120774023, -0.12577281749085148, 0.6958703058074954]","[458.61293255556603, 9.644070479734786, 10.680750413580771]",4.789999999999934,100.0,0.0,"[50.0, 113.63100517422225, 113.63100517422227]",35
736,4082104990,settled,Kl2a_0008,unmatched,,"[-0.365030319869446, -0.1893794515799419, -0.17774880524233333, -0.8940322427799869]","[-0.33078540208900103, -0.6249467712473907, -0.33091262911673236, -0.6249155004985324]","[458.3315845138817, 10.572726557369233, 9.5201477701774]",4.819999999999944,100.0,0.0,"[50.0, 106.50637160994081, 106.50637160994083]",29
737,2103653974,settled,Kl2a_0007,unmatched,,"[0.935028749816513, 0.3245948714742076, 0.13098927296552268, -0.056579296541891304]","[0.6757993385060468, -0.20809494153725117, 0.675796263298351, -0.20806527796195018]","[457.80258903880724, 9.523542236440456, 10.581412966791207]",5.110000000000041,100.0,0.0,"[50.0, 114.1119876328841, 114.11198763288411]",36
738,4054721125,settled,Kl2a_0002,unmatched,,"[0.3314452681763487, -0.23353500978133768, 0.6073874692324064, -0.6831441250785895]","[0.00030710130930367013, -0.7071177556032887, 0.00037129965967530604, -0.7070956424246414]","[458.2300129833414, 9.986061566542103, 13.248348392962114]",4.839999999999951,100.0,0.0,"[50.0, 107.02308332234826, 107.02308332234826]",36
739,548968393,settled,Kl2a_0007,unmatched,,"[0.1739833845668215, -0.4541327469372948, 0.8058144553671144, -0.33787023185723425]","[0.6757326776016988, -0.2081726803864779, 0.6757827096698503, -0.20824796006977556]","[458.347812118924, 9.524384950771678, 10.577123058953397]",4.689999999999901,100.0,0.0,"[50.0, 107.49035281210256, 107.49035281210257]",20
740,1564990497,settled,Kl2a_0018,unmatched,,"[0.11176623498886057, 0.43491256596679395, -0.5962539075390001, 0.6654627310564188]","[-0.20831420818938168, 0.6757537450829393, -0.20834726520177935, 0.6756874157151015]","[457.8986888645265, 9.526547931481659, 12.34853200924228]",4.959999999999991,100.0,0.0,"[50.0, 109.29275264371017, 109.29275264371019]",43
741,666536387,settled,Kl2a_0008,unmatched,,"[0.8328379747296384, 0.5225458757364239, -0.11627756712454848, -0.1407346545193621]","[0.6247284235288488, 0.33126891693305105, -0.6246768239369151, -0.33129166476875155]","[458.6696523380673, 10.579035047595298, 9.5255844700151]",4.599999999999871,100.0,0.0,"[50.0, 113.58564816307454, 113.58564816307455]",20
742,2535867986,settled,Kl2a_0001,unmatched,,"[0.055606694092448415, 0.02990174770564514, 0.11232118714017658, 0.9916641225615043]","[6.690929594121986e-05, -0.0001531300116279083, -0.2942390513350191, 0.9557318414407955]","[458.20608484428794, 9.522791158000588, 39.99494710358081]",4.889999999999968,100.0,0.0,"[50.0, 113.60896172892302, 113.60896172892303]",18
743,4190058861,settled,Kl2a_0003,unmatched,,"[0.6389330524725584, 0.6994797245503248, 0.04674223784673845, -0.3167141180973458]","[-0.028523129280586423, 0.7065194274206962, 0.028673070304376658, -0.7065370371130555]","[458.4322181727802, 9.846915942528678, 10.728688343537941]",4.739999999999918,100.0,0.0,"[50.0, 110.92746870004648, 110.92746870004649]",32
744,4145498066,settled,Kl2a_0006,unmatched,,"[0.5331427153280388, -0.13489619692221552, 0.6897760063632064, -0.4709256015489013]","[0.6959382645680504, -0.12509562802273755, 0.6959635278591829, -0.12512307400878303]","[457.8284985505448, 9.659874206569379, 10.682968469523402]",4.709999999999908,100.0,0.0,"[50.0, 98.09647822553237, 98.09647822553238]",21
745,439097313,settled,Kl2a_0008,unmatched,,"[-0.31229783943541295, -0.9478655253499281, -0.04306678203388648, -0.04654307276409306]","[-0.3309426252968234, -0.6247981930271345, -0.3309307391178484, -0.62497123346486]","[457.8281709294588, 10.588493997782757, 9.508868538610075]",5.480000000000165,100.0,0.0,"[50.0, 113.60855325940692, 113.6085532594069]",35
746,848878887,settled,Kl2a_0015,unmatched,,"[-0.7330445846747963, 0.6200137340102204, -0.2603398618609048, -0.10223386348908145]","[-0.3301706616181103, 0.625344632692165, -0.3301741817292654, 0.6252331039613712]","[458.6636478563043, 12.34793765126491, 9.535474886566327]",5.360000000000125,100.0,0.0,"[50.0, 112.18511333573524, 112.18511333573525]",42
747,3282409243,settled,Kl2a_0007,unmatched,,"[-0.36484502967256854, -0.38112029136195696, -0.4876938161083083, 0.695550263866757]","[0.20775918475721053, -0.6759329876219667, -0.20774809529081112, 0.6758634819965506]","[457.80477218153817, 9.523768529342776, 10.577352819213363]",5.280000000000098,100.0,0.0,"[50.0, 113.83126614860959, 113.8312661486096]",38
748,1021812353,settled,Kl2a_0002,unmatched,,"[-0.02751463814164228, 0.23808994494372776, -0.5888537692642116, 0.7718855881722095]","[-0.02685974136950328, 0.7065759773399762, -0.026921666184178072, 0.7066145812460202]","[458.3163040793905, 9.85444282934441, 13.395314933742386]",4.689999999999901,100.0,0.0,"[50.0, 113.36307358901088, 113.3630735890109]",30
749,3025522320,settled,Kl2a_0017,unmatched,,"[-0.006779130001992734, 0.8094588839319384, 0.39735742244128586, 0.432246963495285]","[0.6584873242490978, 0.25772933265264414, 0.6584336232905266, 0.25775026404292084]","[458.27513412033863, 10.415580212124475, 10.531724001318043]",5.020000000000011,100.0,0.0,"[50.0, 106.47823991770449, 106.4782399177045]",31
750,2691185665,settled,Kl2a_0004,unmatched,,"[-0.347779535447512, -0.7595016959896297, 0.11884014838012455, -0.5367341871408777]","[-0.06890062440529103, -0.7037757064486909, -0.06898308734580873, -0.7037000729213033]","[458.0218947277373, 10.055917292219801, 13.48365493972639]",5.1200000000000445,100.0,0.0,"[50.0, 103.44490350924953, 103.44490350924954]",32
751,1229380122,settled,Kl2a_0018,unmatched,,"[0.48619715748621767, -0.6641977522402341, 0.06255628408896385, -0.564393817553243]","[0.2082730369906382, -0.675684364338778, 0.20825979818798648, -0.6757964473933677]","[458.0550119077945, 9.52360727152679, 12.358078576213313]",5.170000000000061,100.0,0.0,"[50.0, 102.13090675175813, 102.13090675175813]",17
752,2395213454,settled,Kl2a_0007,unmatched,,"[-0.44933477067353494, 0.12225715102068627, -0.8501988666400425, -0.24558774409985212]","[-0.6760082934662817, 0.2074160202772938, -0.6760010562121377, 0.2073980561558119]","[457.7914359330214, 9.53257671817007, 10.57982478430515]",4.819999999999944,100.0,0.0,"[50.0, 104.16169206598845, 104.16169206598845]",26
753,3006291426,settled,Kl2a_0018,unmatched,,"[-0.8032647886071603, -0.10041121216468736, 0.5539172969708682, -0.1945736260956228]","[-0.6756504132285216, 0.20857688431378477, 0.675624694035481, -0.2086228061443545]","[458.06897673944366, 9.52208418957338, 12.34721050848648]",4.979999999999998,100.0,0.0,"[50.0, 98.61808012719794, 98.61808012719796]",34
754,2038363769,settled,Kl2a_0022,unmatched,,"[-0.5612002152789947, 0.020352301138744127, -0.7190324086645994, -0.409429478053489]","[-0.7038100952519137, -0.06825618454239898, -0.7037786007285443, -0.06846987841217808]","[458.1885801692111, 10.05256725936078, 10.72220678941339]",4.819999999999944,100.0,0.0,"[50.0, 101.36965596499557, 101.36965596499559]",20
755,3549726088,settled,Kl2a_0017,unmatched,,"[0.3251935600628316, -0.17496902770656705, 0.7483285312602824, 0.5510348420371516]","[-0.25742792269591186, -0.6585998802474672, 0.25739424834733854, 0.6585782134812829]","[458.263749218028, 10.40806928052828, 10.531492853743034]",5.220000000000078,100.0,0.0,"[50.0, 109.17470500444178, 109.17470500444178]",37
756,1415504078,settled,Kl2a_0002,unmatched,,"[0.026030222451953543, 0.644775665048881, -0.1990092891583883, 0.7375514030279845]","[-0.00023549952137383312, 0.7071440870750602, -0.0001809796077427428, 0.7070694109499694]","[457.9646129164693, 9.97506113198576, 13.248527788422843]",4.979999999999998,100.0,0.0,"[50.0, 93.8556542915758, 93.85565429157582]",30
757,1167033059,settled,Kl2a_0015,unmatched,,"[-0.14038596652816046, 0.22510227837965416, 0.9577570236566346, -0.11100553277484694]","[-0.6250267100808682, 0.3306886234884183, 0.6250780459386428, -0.33055117979875626]","[457.84642225240714, 12.36180929118563, 9.50678415264376]",5.500000000000171,100.0,0.0,"[50.0, 112.02528953409796, 112.02528953409795]",32
758,57751237,settled,Kl2a_0002,unmatched,,"[-0.24977854227901278, 0.18879418204542422, 0.9462315214486297, 0.08132247204667463]","[-0.7070881376564783, 0.0005955904138345568, 0.7071248423329541, -0.0006842610224726541]","[458.3419338709991, 9.984099856884434, 13.243993795871367]",5.080000000000031,100.0,0.0,"[50.0, 112.32973660248483, 112.32973660248484]",20
759,1367057463,settled,Kl2a_0018,unmatched,,"[-0.2682954155863644, 0.4446128882782166, -0.4818836406653182, 0.7057797860603408]","[-0.2081657859171931, 0.675824183260364, -0.2081439121832767, 0.6757253811386543]","[458.410743206601, 9.522985911397795, 12.35528316828875]",5.140000000000051,100.0,0.0,"[50.0, 99.71837442912253, 99.71837442912255]",30
760,3460723404,settled,Kl2a_0018,unmatched,,"[0.7525328538070888, 0.08332020185243715, -0.2968881536312691, 0.5819016000473309]","[0.6758049552611854, -0.20815296800809632, -0.6757423724513736, 0.20816399887501386]","[457.98745734402485, 9.521241008913657, 12.359921087151001]",5.000000000000004,100.0,0.0,"[50.0, 113.41038352820689, 113.4103835282069]",21
761,490291057,settled,Kl2a_0007,unmatched,,"[0.6050671852203282, -0.723040663150318, -0.30768659951572824, -0.12819850732027002]","[0.20779328845631007, -0.6759229690573609, -0.20768939398966613, 0.6758810581732557]","[457.88698335487067, 9.529450124824287, 10.571751686646984]",4.659999999999891,100.0,0.0,"[50.0, 111.93651501457651, 111.93651501457653]",30
762,2736550147,settled,Kl2a_0007,unmatched,,"[-0.12290483584257283, 0.9147122688500888, 0.06678560268850425, -0.37912471538422043]","[-0.2080326215464232, 0.6757971358305002, 0.2081249060517412, -0.6757992919919118]","[458.38645962559974, 9.5165770677865, 10.570518095397567]",4.919999999999978,100.0,0.0,"[50.0, 108.42990523658361, 108.42990523658362]",31
763,3645682007,settled,Kl2a_0013,unmatched,,"[0.08237622614656674, 0.7623107531555448, 0.47199339798971696, 0.43510769384532433]","[0.5463697291346175, 0.44888858145573785, 0.546427675737988, 0.44877160751500356]","[457.95886880804255, 10.721058585303147, 10.049469486965604]",4.889999999999968,100.0,0.0,"[50.0, 106.6076694927512, 106.60766949275121]",30
764,4011650803,settled,Kl2a_0006,unmatched,,"[-0.11238713257916548, 0.5943727968817791, -0.13889353961568968, -0.7840909994449555]","[-0.12542460763431706, 0.6958425550719695, 0.12536193657686648, -0.6959570325877802]","[458.41145174437486, 9.644079685236594, 10.683883809809409]",4.979999999999998,100.0,0.0,"[50.0, 95.82244602619329, 95.8224460261933]",36
765,4175174794,settled,Kl2a_0014,unmatched,,"[0.6283567845402819, -0.3838002345637537, -0.49353374713503045, -0.46291421636180186]","[0.34527164879070216, 0.6170931456720907, -0.3453534504291833, -0.6170206904006797]","[457.88674333444305, 10.55204243403499, 10.373537956102611]",5.070000000000028,100.0,0.0,"[50.0, 113.87283722810896, 113.87283722810898]",38
766,1362896629,settled,Kl2a_0009,unmatched,,"[-0.1369099586496964, 0.8359536484781134, -0.4124440525900376, -0.3351523001588615]","[0.5806492595224296, 0.4035965254510058, -0.5804886821035975, -0.40371917468651175]","[458.5064817705758, 10.68083340121471, 9.639987245296307]",4.699999999999904,100.0,0.0,"[50.0, 110.23990801151643, 110.23990801151645]",33
767,1392627679,settled,Kl2a_0007,unmatched,,"[-0.5442430083840383, -0.06998565228722617, -0.49363300479666244, 0.674705871379849]","[-0.6760305144570156, 0.20743167243394775, -0.6759683598657179, 0.20741654045588923]","[458.5929271011114, 9.527882785885136, 10.57628675524735]",4.799999999999938,100.0,0.0,"[50.0, 112.8666988452027, 112.86669884520272]",30
768,2030435075,settled,Kl2a_0007,unmatched,,"[-0.15391770369278407, 0.2984445877709614, -0.9416051474307936, 0.02489808932417896]","[-0.6758770885110867, 0.2078287712184852, -0.6758422005018028, 0.20792951474110694]","[457.823817850772, 9.523390984730131, 10.576777563339986]",4.869999999999961,100.0,0.0,"[50.0, 110.17889347137347, 110.17889347137347]",23
769,1969071229,settled,Kl2a_0015,unmatched,,"[-0.292157474405667, 0.7386316240005625, -0.37135322396325127, 0.480795296594396]","[-0.3302002258701884, 0.6252750986241301, -0.3302544747284894, 0.6252446271641771]","[458.5237794298429, 12.35124203490452, 9.511054773945652]",5.1500000000000545,100.0,0.0,"[50.0, 95.25033482875939, 95.2503348287594]",31
770,3971321240,settled,Kl2a_0007,unmatched,,"[0.16134477163431363, -0.59713412711119, -0.14540785866209355, 0.7721756623623495]","[0.20798911344626267, -0.6758241682585301, -0.20812203020886022, 0.67578653643532]","[457.8515812811602, 9.523639537617541, 10.573460401905066]",5.050000000000021,100.0,0.0,"[50.0, 92.47283199700178, 92.47283199700179]",35
771,1847143231,settled,Kl2a_0007,unmatched,,"[0.37247343903267255, -0.17212231899601646, 0.8927953174030391, -0.1858869703390051]","[0.6759534037280079, -0.20750325947235065, 0.6759958158742481, -0.20750674740205627]","[457.98107650567397, 9.529689891283715, 10.575015904404447]",4.799999999999938,100.0,0.0,"[50.0, 107.1671122701793, 107.1671122701793]",34
772,4250210521,settled,Kl2a_0018,unmatched,,"[0.7179714736657065, -0.32018305942895253, -0.20166750117733687, 0.5842345337498447]","[0.6756914563200993, -0.20835079619535046, -0.6757501632703058, 0.20830918947790586]","[458.289633976676, 9.527398455765688, 12.35574326160357]",5.100000000000038,100.0,0.0,"[50.0, 110.59693056958717, 110.59693056958719]",34
773,1265008604,settled,Kl2a_0007,unmatched,,"[0.1588790074721968, 0.4462089044889321, -0.7306042503802944, 0.49180535160333994]","[-0.6759397598822612, 0.20755240878898995, -0.6759412666563165, 0.20767966353799264]","[458.04683698620516, 9.532162056392517, 10.577040230775575]",4.509999999999841,100.0,0.0,"[50.0, 112.98006561267775, 112.98006561267776]",20
774,2561878822,settled,Kl2a_0015,unmatched,,"[-0.8844363438236836, 0.2271251635155647, 0.06609453688063316, -0.4022661134328336]","[-0.6252623393002639, 0.3301876301007165, 0.6252061348680817, -0.3303640793193901]","[458.55932729737077, 12.347156833398186, 9.52859548240669]",4.639999999999884,100.0,0.0,"[50.0, 107.4327821243655, 107.43278212436552]",22
775,2593056862,settled,Kl2a_0022,unmatched,,"[-0.6440080616705269, 0.6801245432667002, 0.34981776085047156, 0.017656623210441386]","[0.06852394760527618, 0.70376096982617, -0.06844675140321956, -0.7038039557833303]","[457.8926081943538, 10.049402413770256, 10.714304941178451]",4.769999999999928,100.0,0.0,"[50.0, 110.31690403370304, 110.31690403370305]",36
776,2876057514,settled,Kl2a_0009,unmatched,,"[0.5828207064822837, 0.0588372724123627, -0.6350018125597128, -0.5036178089746675]","[0.5805149601628986, 0.4036532633056807, -0.5806123522297068, -0.4036777433647169]","[457.8392862465886, 10.691733791667263, 9.644674182733619]",4.909999999999974,100.0,0.0,"[50.0, 102.29031712021298, 102.29031712021299]",29
777,3157771195,settled,Kl2a_0008,unmatched,,"[0.5983360677836528, 0.10378296890113489, -0.7104906983150071, -0.3555643583981888]","[0.6248222096039836, 0.33108942010097586, -0.6248376244253224, -0.3309908539300067]","[457.9788421893196, 10.577328081439743, 9.51842958978083]",4.839999999999951,100.0,0.0,"[50.0, 94.92840220128952, 94.9284022012895]",29
778,2345037609,settled,Kl2a_0007,unmatched,,"[0.6604384413014063, 0.10747290077092331, 0.443880841915452, -0.596020502190723]","[0.6758646401642312, -0.20782769131152765, 0.6758757666861814, -0.20786194193781857]","[457.8723164614581, 9.523578797581086, 10.568978131332946]",4.839999999999951,100.0,0.0,"[50.0, 113.81380956399494, 113.81380956399495]",28
779,184414698,settled,Kl2a_0008,unmatched,,"[-0.35632809196677084, -0.93177754920896, -0.06878720385769516, 0.00944511783434199]","[-0.3310231311827393, -0.6248563346425264, -0.3310591626198556, -0.6248024315929973]","[457.88401598269917, 10.574544924067332, 9.518095481702078]",5.390000000000135,100.0,0.0,"[50.0, 113.75249421786803, 113.75249421786805]",33
780,1322610371,settled,Kl2a_0013,unmatched,,"[-0.3915866921210055, -0.4167497704200111, 0.43307521759641576, -0.6967247285064698]","[-0.546294480172045, -0.44898274545562594, -0.546279502567463, -0.44894937386227535]","[458.2093279591007, 10.727805320658794, 10.047336588325088]",5.270000000000095,100.0,0.0,"[50.0, 113.44245793991857, 113.44245793991858]",29
781,2871559337,settled,Kl2a_0009,unmatched,,"[-0.0016060938878102355, -0.8499218234626733, 0.5204304719878642, 0.0823555601692851]","[-0.5806298882340415, -0.40358434482767974, 0.5805895251600812, 0.40361418802332577]","[457.7974613856108, 10.695365628722298, 9.645202527770449]",4.689999999999901,100.0,0.0,"[50.0, 112.77874860404275, 112.77874860404276]",24
782,3834652190,settled,Kl2a_0019,unmatched,,"[-0.38796054467225627, -0.5034752546116924, -0.5498540153702292, 0.5419039080432375]","[0.20794828824469275, -0.6757985487377851, -0.6757529005672105, -0.20835510148543857]","[458.24572486941383, 40.00263919748643, 9.52007445792259]",5.160000000000058,100.0,0.0,"[50.0, 114.63234666871331, 114.63234666871332]",10
783,3919222154,settled,Kl2a_0007,unmatched,,"[-0.30245125319755284, -0.7544306213363382, -0.28171015049334985, 0.5098990764242572]","[0.207712340687801, -0.6758841943715048, -0.2077959446700707, 0.6759119652021629]","[458.600129711967, 9.52964924331403, 10.569899579933617]",5.0600000000000245,100.0,0.0,"[50.0, 108.95196932842316, 108.95196932842317]",31
784,2928265615,settled,Kl2a_0017,unmatched,,"[-0.16044831560608788, -0.841189383199689, 0.29634351733816594, 0.4228915692502515]","[-0.2585506765334046, -0.65817899984333, 0.25877267769976847, 0.6580187330961365]","[457.8429259437991, 10.422783785509834, 10.524453145546572]",4.799999999999938,100.0,0.0,"[50.0, 100.62945181973613, 100.62945181973615]",34
785,1004255327,settled,Kl2a_0006,unmatched,,"[-0.7918552891140278, -0.48308124432092175, -0.12326100465448263, 0.3527101320051027]","[-0.6958921030567423, 0.1254168176408771, -0.6958536720971669, 0.12566809374295432]","[458.139321402098, 9.658622572810598, 10.685185716052832]",5.050000000000021,100.0,0.0,"[50.0, 108.87631407137413, 108.87631407137414]",27
786,4151959314,settled,Kl2a_0015,unmatched,,"[0.32961659258017734, -0.44109631094848434, 0.13135878999472297, -0.8243371971800095]","[0.33067866181390465, -0.6250368252638455, 0.33077548620337255, -0.6249545322757337]","[458.5417630902479, 12.353043639574091, 9.517904977505358]",4.859999999999958,100.0,0.0,"[50.0, 98.590141476168, 98.59014147616801]",33
787,3643437407,settled,Kl2a_0014,unmatched,,"[-0.3679797931408954, 0.033329154626742165, 0.5756948008932865, 0.729421370345214]","[-0.36984958656624656, -0.6026710465901169, 0.3698645642834138, 0.6026600177597566]","[457.99818765800904, 10.65592796330686, 10.242349533069719]",5.130000000000048,100.0,0.0,"[50.0, 109.29324061444078, 109.29324061444079]",41
788,193074623,settled,Kl2a_0008,unmatched,,"[0.333473225592462, 0.8262963374305321, -0.44231445523318763, -0.10192101477916964]","[0.6250080773235902, 0.33073065940711743, -0.6249942660346313, -0.3307027390757974]","[458.6184616183531, 10.58281430181386, 9.524043514104694]",4.519999999999844,100.0,0.0,"[50.0, 107.13491550436375, 107.13491550436376]",30
789,1840744130,settled,Kl2a_0009,unmatched,,"[-0.003013295977485854, -0.9164638387372006, -0.385878694127883, -0.10574774585108596]","[-0.4037755081585066, -0.5805558678123448, -0.40372985429177166, -0.5804501943436144]","[457.90652103063803, 10.683682538927464, 9.642116566053131]",5.240000000000085,100.0,0.0,"[50.0, 108.10232806011663, 108.10232806011665]",28
790,929367818,settled,Kl2a_0002,unmatched,,"[0.07689805139311431, 0.6194549874432171, -0.12913616986127133, 0.7705102581129122]","[-0.02715695304630486, 0.7065691358506623, -0.02716115650138151, 0.7066008970713217]","[457.8524843265918, 9.836436990635583, 13.394844909707903]",4.909999999999974,100.0,0.0,"[50.0, 94.5547268538378, 94.55472685383779]",40
791,911894422,settled,Kl2a_0008,unmatched,,"[-0.6982777647420497, -0.11412682446000724, 0.6869509496557707, 0.16577582445144326]","[-0.6249594954360848, -0.33080769556779954, 0.624956061870108, 0.3307896890007339]","[458.4905961949229, 10.584301056739058, 9.521471442975104]",4.919999999999978,100.0,0.0,"[50.0, 85.9408827541143, 85.94088275411431]",28
792,2813630436,settled,Kl2a_0011,unmatched,,"[0.34525116620660357, 0.291654603545629, 0.2899276643120054, 0.8436119806701463]","[0.47948406167359536, 0.5197393510474945, 0.47947024786166903, 0.5196867546793845]","[458.0705729428535, 10.731734410744728, 9.841793010081798]",4.869999999999961,100.0,0.0,"[50.0, 104.15383694589798, 104.15383694589796]",32
793,3258326862,settled,Kl2a_0009,unmatched,,"[0.15155241457782917, 0.463115550262533, -0.8698966348433236, 0.07639173665339816]","[0.5805183700436657, 0.4036837812905675, -0.5804941566471226, -0.4038122841907372]","[458.40562991128274, 10.686212290238961, 9.646776441888544]",5.0300000000000145,100.0,0.0,"[50.0, 111.4602783901846, 111.46027839018461]",22
794,376402550,settled,Kl2a_0018,unmatched,,"[-0.26313053826577254, 0.4562496417490367, 0.7970160287942423, -0.29557407545469244]","[-0.6757069675722798, 0.20846863406755764, 0.6756259296406698, -0.2085438222088145]","[457.8297986180504, 9.531315055802102, 12.351092371779743]",5.360000000000125,100.0,0.0,"[50.0, 106.026232592232, 106.026232592232]",29
795,3842851706,settled,Kl2a_0002,unmatched,,"[-0.6306123024957917, 0.1538519811917822, 0.7587299060057031, 0.054649991371421895]","[-0.7065414566765056, 0.027642125470151466, 0.7065898034606268, -0.027675486308409467]","[458.457605408657, 9.853338516268781, 13.399370556011114]",4.749999999999921,100.0,0.0,"[50.0, 94.20644432416148, 94.2064443241615]",21
796,1816527500,settled,Kl2a_0008,unmatched,,"[-0.26996349254057417, -0.9012033727303118, -0.2599849606697233, -0.21762356007649683]","[-0.3306506131686228, -0.6250136774261204, -0.3307445132119585, -0.6250089135537797]","[457.8585927235565, 10.575106996067005, 9.521533454848981]",5.170000000000061,100.0,0.0,"[50.0, 109.68080996940719, 109.6808099694072]",27
797,2293293225,settled,Kl2a_0012,unmatched,,"[-0.3936519694424518, 0.8116179663979275, -0.13515402938440954, 0.4099363266597991]","[-0.49914294804485937, 0.5007670138677188, -0.49922804476055177, 0.5008593361051099]","[458.2120154573995, 13.265988577440584, 9.971542605390493]",4.859999999999958,100.0,0.0,"[50.0, 106.56772960455358, 106.56772960455359]",32
798,349554575,settled,Kl2a_0001,unmatched,,"[0.04319524511180846, 0.011599100461029443, -0.6856641279883682, -0.726542727758097]","[-0.0001770244783060315, 0.00043603775933881417, 0.2944813145246556, -0.955657121529075]","[457.9917318791546, 9.530022209868672, 40.007229913983814]",4.879999999999964,100.0,0.0,"[50.0, 113.41247023401229, 113.4124702340123]",29
799,1393430897,settled,Kl2a_0011,unmatched,,"[0.40293627404439963, 0.406187963639368, 0.6478008582825009, -0.5029987527441547]","[0.47951468641722755, 0.5195797592111328, 0.4796525480259941, 0.5196498556725101]","[458.1722255218691, 10.732976719064979, 9.841950464278504]",4.909999999999974,100.0,0.0,"[50.0, 114.68271527134492, 114.68271527134493]",24
800,2235878669,settled,Kl2a_0018,unmatched,,"[0.24249144715551083, -0.6473370825137739, 0.7223079800681069, -0.02058595610878343]","[0.20810321411538335, -0.6757411251862409, 0.20810182021489027, -0.6758406738500797]","[458.5337357666357, 9.519833512809315, 12.355683955033195]",5.360000000000125,100.0,0.0,"[50.0, 114.67390686415216, 114.67390686415217]",21
801,3616341429,settled,Kl2a_0018,unmatched,,"[-0.016108622453450877, 0.5241575278336051, -0.5047182381256154, 0.6857542551099413]","[-0.20820748615740647, 0.6757708084696932, -0.20828411260283358, 0.6757227135190002]","[458.49439370269914, 9.529803302463934, 12.338034658672475]",5.100000000000038,100.0,0.0,"[50.0, 103.61172873301243, 103.61172873301244]",31
802,2901890060,settled,Kl2a_0008,unmatched,,"[-0.5153234759328452, -0.7348465806857323, 0.43106836411443006, 0.09285625162953134]","[-0.6249014724377325, -0.3309342974112942, 0.6248999463518721, 0.33087867503281965]","[458.27229958225774, 10.577777930597058, 9.52078437306292]",4.569999999999861,100.0,0.0,"[50.0, 104.80537946786255, 104.80537946786256]",23
803,903317644,settled,Kl2a_0014,unmatched,,"[0.3806152325204924, 0.3549790843641196, -0.42221367482912736, -0.7421977547962988]","[0.36944256407266696, 0.602937091758693, -0.369500206160098, -0.6028670275281507]","[458.43865012199973, 10.649909984115899, 10.244281505799492]",4.859999999999958,100.0,0.0,"[50.0, 100.03904763069858, 100.03904763069859]",43
804,261748224,settled,Kl2a_0018,unmatched,,"[0.6073531994118689, -0.481676980220278, 0.5182685683491363, 0.36125762130559586]","[0.20812183328465908, -0.6758185928619493, 0.20822857995921173, -0.6757184254854218]","[458.36870303213897, 9.51986341167595, 12.354233700538519]",5.600000000000205,100.0,0.0,"[50.0, 113.7129360954798, 113.71293609547982]",24
805,3757485644,settled,Kl2a_0006,unmatched,,"[-0.46408639041706307, 0.12400900187034086, -0.7767306422281417, 0.40735132147648895]","[-0.6958822050451874, 0.1254543502541453, -0.695882671102143, 0.12552478147164756]","[458.4622527384883, 9.648546170174814, 10.686468220967079]",4.769999999999928,100.0,0.0,"[50.0, 103.12832297200292, 103.12832297200293]",27
806,2459300321,settled,Kl2a_0007,unmatched,,"[-0.3023952662426782, 0.3237351264050331, -0.8489692368047562, -0.28810398443042556]","[-0.6758393762723185, 0.20813675973032852, -0.675697679275234, 0.2082135273003797]","[457.9130026289446, 9.516948939493979, 10.575387126034821]",4.849999999999954,100.0,0.0,"[50.0, 108.74740546539749, 108.7474054653975]",29
807,900242666,settled,Kl2a_0009,unmatched,,"[0.9362436743944617, 0.1817165933924474, -0.08337124411561313, -0.288922303564152]","[0.5805206869305869, 0.4037006075346582, -0.5805349513842233, -0.4037334786008027]","[458.2911819132951, 10.685669944680912, 9.647242145447871]",4.5299999999998475,100.0,0.0,"[50.0, 111.12685092120209, 111.1268509212021]",22
808,328348858,settled,Kl2a_0014,unmatched,,"[-0.6190823838403996, -0.43170850451213133, 0.6501504533297416, 0.08757372428713266]","[-0.34505432015735255, -0.6172393715526072, 0.34497242039823783, 0.6172091246171522]","[458.3705237617461, 10.551828537234465, 10.370429566267763]",4.829999999999948,100.0,0.0,"[50.0, 100.20841534518931, 100.20841534518932]",24
809,1553474154,settled,Kl2a_0022,unmatched,,"[0.10359371276990213, -0.7893752306748082, -0.4829995942980539, -0.36450854555079465]","[-0.7037921626928423, -0.0684064896835058, -0.7037848489931564, -0.06843997537252897]","[458.11849040529864, 10.059390509636412, 10.721917812308375]",4.779999999999931,100.0,0.0,"[50.0, 111.82913490551013, 111.82913490551014]",29
810,1442494840,settled,Kl2a_0009,unmatched,,"[0.31201293868009317, 0.50003338073906, -0.7536486285584268, -0.29090941702681444]","[0.5805987683260042, 0.4037151856629381, -0.5804485709674555, -0.4037308206531987]","[458.1918180862872, 10.690551111238376, 9.637711966042025]",4.849999999999954,100.0,0.0,"[50.0, 104.36161508511985, 104.36161508511987]",31
811,3990831217,settled,Kl2a_0018,unmatched,,"[0.2733426921134199, -0.7015874727139076, 0.6366695552613991, -0.16646521619350974]","[0.20847327226071427, -0.6757230800094689, 0.20837366494762577, -0.6756608836181961]","[457.9213124883823, 9.533988953804398, 12.350868485866181]",5.350000000000121,100.0,0.0,"[50.0, 112.79501378508128, 112.79501378508128]",38
812,2431699989,settled,Kl2a_0012,unmatched,,"[0.17344721513629868, 0.1827432617709468, 0.5962854258550948, -0.7622103743400414]","[-0.5000101956829563, 0.4999902418735485, 0.5000143138587388, -0.4999852479630742]","[458.4670785299837, 13.251498141726387, 9.981288953256156]",5.500000000000171,100.0,0.0,"[50.0, 112.86862684668156, 112.86862684668158]",34
813,1926362747,settled,Kl2a_0015,unmatched,,"[0.8047503699102742, -0.5172269162450497, -0.11253861894396196, 0.26867865283103326]","[0.6250673016753217, -0.3305823114013672, -0.6250947267725105, 0.3305492192186548]","[458.07225820373975, 12.354873214436799, 9.524640825978391]",4.849999999999954,100.0,0.0,"[50.0, 111.53018707741148, 111.53018707741147]",30
814,2263480944,settled,Kl2a_0018,unmatched,,"[-0.026306953825207702, -0.8321721463338888, 0.5135298938644082, -0.2075680879954735]","[0.20827125304484098, -0.6757354481378876, 0.20848702082977294, -0.67567584789642]","[457.8403922709844, 9.524619330476904, 12.353625695148017]",5.420000000000145,100.0,0.0,"[50.0, 112.17454754870845, 112.17454754870843]",36
815,2732533349,settled,Kl2a_0001,unmatched,,"[0.9574942959753904, 0.11604176436625958, -0.09067729522294143, 0.2480254225445619]","[0.9556999936805358, -0.294341364712142, 0.0007870845922538229, -0.00025218299383550363]","[458.6919827235595, 9.522679126097087, 40.01569967167328]",5.0600000000000245,100.0,0.0,"[50.0, 112.05105992783088, 112.05105992783089]",25
816,789762371,settled,Kl2a_0009,unmatched,,"[0.4310996061007461, 0.2904541347288934, -0.6141148610307922, -0.5938454872269402]","[0.580408525356563, 0.40386349343441824, -0.5804432496873533, -0.4038636604805546]","[458.31020319381486, 10.688309986176439, 9.642760873292017]",4.819999999999944,100.0,0.0,"[50.0, 99.83648440965513, 99.83648440965513]",21
817,857415767,settled,Kl2a_0018,unmatched,,"[0.4929514726326843, -0.5214882517666204, 0.27904449074365084, -0.6381089413918899]","[0.20826387827306114, -0.6757513180511671, 0.208170343318999, -0.675759884368127]","[457.8301821542626, 9.528550601881133, 12.357084529527636]",5.200000000000071,100.0,0.0,"[50.0, 98.66019523446835, 98.66019523446835]",34
818,1814279234,settled,Kl2a_0015,unmatched,,"[0.06752254297908439, 0.2422686337739487, 0.9010294106317556, -0.3534014946990646]","[-0.6250285585919272, 0.33077279481304, 0.6248772713304783, -0.3308429460191713]","[458.18769487468245, 12.353575541035177, 9.512289776144666]",5.600000000000205,100.0,0.0,"[50.0, 112.73503143825485, 112.73503143825486]",41
819,790041088,settled,Kl2a_0018,unmatched,,"[0.7935730239832247, -0.23344936952655115, -0.5048092129096586, 0.24680134933850478]","[0.6757960083164289, -0.20811882411429183, -0.6757599062459514, 0.20817026517571813]","[457.85879394808734, 9.527170670878451, 12.352060198431875]",5.140000000000051,100.0,0.0,"[50.0, 98.10878658402899, 98.108786584029]",28
820,315618556,settled,Kl2a_0015,unmatched,,"[0.012552934920398582, 0.8480138297868738, 0.36518308059114246, -0.3838701420598461]","[-0.6249454511224851, 0.3308309615332386, 0.6250209894393272, -0.3306702598852685]","[458.06108475950833, 12.352711034990095, 9.513994625197856]",4.959999999999991,100.0,0.0,"[50.0, 105.3923693540641, 105.39236935406409]",39
821,3269845912,settled,Kl2a_0018,unmatched,,"[0.7777716428001235, 0.1283811862612407, -0.44555779470696755, 0.4243439574755573]","[0.6758721107468205, -0.20803955761477758, -0.6757533099089743, 0.20802378837323188]","[457.88389008518755, 9.517053953896449, 12.361307981461415]",5.1200000000000445,100.0,0.0,"[50.0, 109.86744196220579, 109.86744196220579]",35
822,3522819498,settled,Kl2a_0004,unmatched,,"[0.13041023961018636, -0.7145137268385542, -0.15145017210366415, -0.6704671124923759]","[-0.06898956779529439, -0.7037227862910413, -0.06896387572305474, -0.7037461640644636]","[457.9750342043707, 10.05866599706073, 13.483475330935805]",4.929999999999981,100.0,0.0,"[50.0, 97.57064956243426, 97.57064956243427]",25
823,3738436170,settled,Kl2a_0015,unmatched,,"[0.2742912649506295, -0.2822096081700994, -0.8912861599283453, 0.22523547710883984]","[0.6250371570144304, -0.3307369023946964, -0.625003595128931, 0.33062389481341337]","[457.81778312440684, 12.361151512004984, 9.521988830656174]",5.140000000000051,100.0,0.0,"[50.0, 107.28132667479707, 107.28132667479709]",35
824,410172629,settled,Kl2a_0014,unmatched,,"[0.3546157266565474, 0.013883879429048904, -0.6309730588490037, -0.6898752954748997]","[0.3699364708436179, 0.6026235511931722, -0.3700164386754609, -0.6025609497777202]","[458.3277576752659, 10.649439829059638, 10.244543655159626]",5.020000000000011,100.0,0.0,"[50.0, 109.57764270600568, 109.57764270600569]",40
825,3404775389,settled,Kl2a_0007,unmatched,,"[0.6021409344898768, -0.06674626191403271, 0.5214703782369879, -0.6008659385865817]","[0.6761231334969187, -0.20705819556494326, 0.6761406749759306, -0.20692558962774718]","[457.9096578177691, 9.538996827886915, 10.575721960701932]",4.809999999999941,100.0,0.0,"[50.0, 108.9114725429888, 108.91147254298882]",30
826,869269750,settled,Kl2a_0008,unmatched,,"[-0.15468769276196398, -0.9115211001983778, -0.20989464635174815, -0.31803339295425204]","[-0.3306888848185545, -0.6249761582142963, -0.33080994121444607, -0.6249915566748518]","[458.59922697391073, 10.571098671520712, 9.518244515744483]",5.080000000000031,100.0,0.0,"[50.0, 109.11890292960662, 109.11890292960663]",33
827,2991429464,settled,Kl2a_0020,unmatched,,"[-0.5489088942851251, -0.4032734075502577, 0.03768896459558421, 0.7311970503805372]","[-0.16477814269473187, -0.6876070640296247, 0.16484422881566999, 0.6876562145525927]","[458.20696833971516, 10.2454848129574, 10.64692290403969]",4.979999999999998,100.0,0.0,"[50.0, 110.32836988967318, 110.32836988967317]",36
828,2771908924,settled,Kl2a_0018,unmatched,,"[-0.7389579476458161, 0.3421219953129573, 0.5776396756246475, -0.05679874187353187]","[-0.6757004332830421, 0.20828191146006714, 0.6757765447466604, -0.2082633702548648]","[458.0356335287562, 9.523560682076916, 12.357996646310726]",5.110000000000041,100.0,0.0,"[50.0, 97.75364237219651, 97.7536423721965]",29
829,255470810,settled,Kl2a_0007,unmatched,,"[-0.9154696723146558, -0.164181234465625, 0.007536104595736204, 0.36729144891892374]","[-0.675725290852913, 0.2083677688881768, -0.6756953307219757, 0.20836032307238708]","[457.9087567708359, 9.525758115212662, 10.580281460453627]",5.0300000000000145,100.0,0.0,"[50.0, 108.79390851128225, 108.79390851128227]",27
830,2021639551,settled,Kl2a_0007,unmatched,,"[-0.34543261414584014, 0.05210044336923012, 0.3432315446139134, -0.8718680861615752]","[-0.20814907468868163, 0.6757321030224454, 0.20815448561110128, -0.6758193529125123]","[457.88238803934996, 9.51989280275177, 10.575883653118424]",5.300000000000105,100.0,0.0,"[50.0, 109.38429532045154, 109.38429532045156]",31
831,651020664,settled,Kl2a_0018,unmatched,,"[0.0756818332635065, -0.774085924955174, 0.18955994400860776, -0.5992747854929498]","[0.20818512224802, -0.6757552864555311, 0.20810812658519623, -0.6757993454799879]","[458.192672521212, 9.52078680458952, 12.357460989052582]",5.190000000000068,100.0,0.0,"[50.0, 93.97884141018366, 93.97884141018368]",37
832,2521713783,settled,Kl2a_0022,unmatched,,"[-0.5065582247263176, -0.04434755212228694, -0.8534016420621019, -0.11461979283086583]","[-0.7037688445406346, -0.0687864021957688, -0.7037350396617985, -0.06881016116177315]","[458.60761959884616, 10.054746140037851, 10.719723315407995]",4.809999999999941,100.0,0.0,"[50.0, 101.39281174901491, 101.39281174901492]",26
833,1390613592,settled,Kl2a_0011,unmatched,,"[-0.31808432194865294, -0.360744281429727, 0.8330604728818863, -0.27330601176707336]","[-0.5193937456207358, -0.47975828046732133, 0.5194648617651161, 0.4798107822094564]","[458.094867838106, 10.73617454884561, 9.846553568493546]",4.909999999999974,100.0,0.0,"[50.0, 109.80728653485122, 109.80728653485123]",20
834,2201560545,settled,Kl2a_0013,unmatched,,"[-0.49268336303607696, -0.8575563518653537, -0.1364275913741798, 0.05698876621481443]","[-0.5462310924372898, -0.4490120011281723, -0.5462010484433302, -0.4490926754880846]","[457.92170588742954, 10.715874448443456, 10.046753188946358]",5.280000000000098,100.0,0.0,"[50.0, 114.05885781622541, 114.05885781622543]",37
835,1733610838,settled,Kl2a_0006,unmatched,,"[0.933328729096697, 0.24078483671468087, 0.094274575342167, 0.2490631451963197]","[0.6958856193216544, -0.12554958411315184, 0.6958919613555999, -0.12535902389133555]","[458.56688131525874, 9.657185429990479, 10.68720076100628]",5.140000000000051,100.0,0.0,"[50.0, 112.20604134415342, 112.20604134415343]",28
836,4057973372,settled,Kl2a_0007,unmatched,,"[-0.9362565697560981, -0.3191572023110337, -0.1386331679133244, 0.048406203691826986]","[-0.675796504713465, 0.20803887678218994, -0.6757977526459651, 0.20812570115901485]","[457.80940068141854, 9.523049217257624, 10.581695571067922]",5.0600000000000245,100.0,0.0,"[50.0, 114.08401872484335, 114.08401872484336]",30
837,1049088550,settled,Kl2a_0007,unmatched,,"[-0.2985014385404711, 0.8416771729573497, 0.24460506638696494, -0.3776834510666589]","[-0.20792130178452625, 0.6757664475982484, 0.20804885217710212, -0.6758876501848974]","[458.0488427800828, 9.518956173215921, 10.571872215538441]",4.959999999999991,100.0,0.0,"[50.0, 104.90781535768569, 104.9078153576857]",28
838,4151715388,settled,Kl2a_0008,unmatched,,"[-0.05848826288872228, 0.33353550026198525, -0.9360448600269542, 0.09567242646847915]","[0.6249860077482989, 0.3306509567895959, -0.6250825437694295, -0.33065729746628525]","[458.0303012772184, 10.576874251255495, 9.52049334686907]",5.110000000000041,100.0,0.0,"[50.0, 109.9433444734619, 109.94334447346192]",34
839,1058135528,settled,Kl2a_0019,unmatched,,"[-0.3686608373472068, 0.16863467661175469, 0.398686593963824, 0.8226180964724944]","[0.20813643774102086, -0.6757368377135653, -0.675786990992629, -0.20825679399836508]","[458.27402815915855, 40.00631233308791, 9.5185176514194]",5.570000000000195,100.0,0.0,"[50.0, 109.46134636230568, 109.46134636230569]",16
840,3093900153,settled,Kl2a_0008,unmatched,,"[0.3030056044096427, 0.42204349005597586, 0.2242803135340926, 0.8244787669544726]","[0.33092374615996195, 0.624883164939757, 0.3309279250849056, 0.6248977618789563]","[458.5139712517463, 10.576012009494, 9.51667819177389]",4.919999999999978,100.0,0.0,"[50.0, 100.25853436508596, 100.25853436508596]",27
841,728316358,settled,Kl2a_0001,unmatched,,"[0.3840331144981177, 0.9003152367821304, -0.19825093141067207, 0.05145492767085645]","[0.9562032103247833, -0.292703093615754, 0.0005444246299213945, -0.0001521649359860766]","[457.8034801374559, 9.528217036616452, 40.010574592267986]",5.050000000000021,100.0,0.0,"[50.0, 113.39340145098906, 113.39340145098907]",28
842,4246793081,settled,Kl2a_0007,unmatched,,"[-0.5487920213062103, 0.4448274047159202, -0.09678850678790442, -0.7011332842749022]","[-0.20817140656184044, 0.6757249341997462, 0.20817324542025037, -0.6758138639314926]","[457.8040997032522, 9.52236413725876, 10.571971183517801]",4.949999999999988,100.0,0.0,"[50.0, 112.555147990246, 112.55514799024598]",41
843,1208846367,settled,Kl2a_0008,unmatched,,"[-0.4269867495516249, -0.6814935301266007, -0.04209566062964502, -0.5928548215702353]","[-0.330658675523527, -0.6250205792385836, -0.3306700417817186, -0.6250371503337773]","[458.3398395113269, 10.579577459222543, 9.516868564603854]",5.110000000000041,100.0,0.0,"[50.0, 100.0342968205343, 100.03429682053431]",40
844,2094361518,settled,Kl2a_0002,unmatched,,"[0.454999045629448, 0.15518384815777372, -0.8447071013896332, 0.23529503736619822]","[0.7070963378829869, -0.00048731100842083763, -0.7071169487984792, 0.0003901312330509832]","[457.9300403863806, 9.985078199521686, 13.252474180596886]",4.909999999999974,100.0,0.0,"[50.0, 105.49483783396002, 105.49483783396003]",28
845,1813902428,settled,Kl2a_0012,unmatched,,"[-0.37122801695149316, 0.3149778818305276, -0.536490794779554, 0.6893158350891256]","[-0.4797505325779122, 0.5193798496888526, -0.47991879983892904, 0.5193861220609928]","[458.5615130653965, 13.405148359183046, 9.848290441724584]",4.779999999999931,100.0,0.0,"[50.0, 102.18481862440747, 102.18481862440748]",31
846,256306198,settled,Kl2a_0018,unmatched,,"[0.6027470823016317, -0.5832330633428373, 0.031765834920367934, -0.5436231050391547]","[0.20847864948277878, -0.675715157139681, 0.20839740453019054, -0.675659826322842]","[458.175098460507, 9.53763173201504, 12.348592959280731]",5.240000000000085,100.0,0.0,"[50.0, 107.89370767119468, 107.89370767119469]",29
847,1252793217,settled,Kl2a_0008,unmatched,,"[-0.3428014306370549, -0.38046800862750096, -0.40789653833367195, -0.7558780904217424]","[-0.33066941469329114, -0.6249856225262264, -0.33083363779846453, -0.6249798508135571]","[457.98419988953435, 10.578399492963923, 9.519953014121143]",4.959999999999991,100.0,0.0,"[50.0, 100.23621068240482, 100.2362106824048]",29
848,3006607485,settled,Kl2a_0017,unmatched,,"[-0.44749560199152477, -0.48362124840305704, -0.7378950366888786, -0.14618169899556457]","[-0.6587353630769202, -0.2571030079153241, -0.6585812074476824, -0.2573646400529097]","[457.9068985541802, 10.430261684371766, 10.525124525107344]",4.909999999999974,100.0,0.0,"[50.0, 104.63144972171324, 104.63144972171325]",21
849,2867213443,settled,Kl2a_0002,unmatched,,"[0.5874113053436852, 0.05635745471717812, -0.8002026813813683, 0.10699282388224654]","[0.7066467290461468, -0.02669456222342681, -0.7065584990185257, 0.026699965182925167]","[458.0099624230389, 9.847119952558362, 13.394021535182938]",4.689999999999901,100.0,0.0,"[50.0, 97.55709469920156, 97.55709469920157]",25
850,2495832973,settled,Kl2a_0018,unmatched,,"[0.3262025162052073, -0.6578051041473078, 0.17771235512448658, -0.6552119368687124]","[0.20820730342129318, -0.675771482475081, 0.20812164635808741, -0.6757721528686012]","[458.0584655481902, 9.515831003783537, 12.35614602536876]",5.190000000000068,100.0,0.0,"[50.0, 91.03910885090244, 91.03910885090242]",26
851,265160720,settled,Kl2a_0007,unmatched,,"[0.8435873026476047, -0.3709199350210046, -0.02365782574005351, -0.3875811810408313]","[0.676056615133865, -0.2072901938220342, 0.6759997748047093, -0.20737052139334378]","[457.8044406885347, 9.528344163380078, 10.574500431180542]",5.220000000000078,100.0,0.0,"[50.0, 108.67922826513112, 108.6792282651311]",25
852,1758450250,settled,Kl2a_0001,unmatched,,"[0.9413323467127771, 0.30018672090032433, -0.15370639037251485, 0.01247762741785174]","[0.9557217245498907, -0.2942686990498726, 0.0013005020410046253, -0.0004761064165371698]","[458.329868331498, 9.519513003780606, 40.02581427657431]",5.1800000000000646,100.0,0.0,"[50.0, 114.913610959538, 114.91361095953802]",23
853,2129291007,settled,Kl2a_0009,unmatched,,"[-0.03753887711357162, 0.6384621255893187, 0.6921458417195642, 0.33450124167682416]","[0.40377177655944846, 0.5804754515774346, 0.4038265392069129, 0.5804659583491246]","[458.3137884854082, 10.68784643548404, 9.640970076836497]",4.729999999999914,100.0,0.0,"[50.0, 113.54479757558931, 113.5447975755893]",38
854,3856770388,settled,Kl2a_0009,unmatched,,"[-0.25213650424446543, -0.701757853708884, -0.6657290505739787, -0.0277115356331983]","[-0.40382453853922984, -0.5803832039179195, -0.40389491214460194, -0.5804739258806144]","[458.0030100061391, 10.671746428758231, 9.6410707748349]",5.000000000000004,100.0,0.0,"[50.0, 113.70868744460103, 113.70868744460104]",34
855,1491966553,settled,Kl2a_0006,unmatched,,"[-0.6096693218837025, -0.4457254391332099, -0.5365245649855478, 0.37652827520711146]","[-0.6958115161915205, 0.1257835048445885, -0.69584218740575, 0.12581134317163148]","[458.241200130288, 9.645408181035837, 10.685365965996342]",4.819999999999944,100.0,0.0,"[50.0, 113.78289999314977, 113.78289999314978]",20
856,1018470395,settled,Kl2a_0011,unmatched,,"[0.4554128693224524, 0.3307092876332764, 0.45886088160517285, 0.6875152193668916]","[0.479241966623553, 0.5199166749627774, 0.4792880299116029, 0.5199007337039383]","[458.61551045258295, 10.731906249324865, 9.840329507833376]",5.000000000000004,100.0,0.0,"[50.0, 96.60201268705076, 96.60201268705077]",28
857,752446852,settled,Kl2a_0008,unmatched,,"[-0.7753197505773834, -0.339162850235583, 0.5320819122821735, -0.02714192341829914]","[-0.6249115991837574, -0.33083440413366516, 0.6249836021500992, 0.3308014318146286]","[458.53001071106894, 10.577425025349424, 9.520179261999898]",4.769999999999928,100.0,0.0,"[50.0, 101.97589921251739, 101.9758992125174]",25
858,3085755170,settled,Kl2a_0013,unmatched,,"[0.2870725734139959, 0.25024436237980596, -0.6767794375637842, -0.6300291180425219]","[0.44901681986827724, 0.5462095345621018, -0.4491272046224305, -0.5461902543041873]","[458.52360142866456, 10.711674224426616, 10.054485651342619]",5.000000000000004,100.0,0.0,"[50.0, 108.0505565854148, 108.05055658541481]",35
859,285489008,settled,Kl2a_0015,unmatched,,"[0.3494928370664176, -0.07694225131568626, 0.0618235084376707, -0.931725550044753]","[0.33092612513178804, -0.6248948472413403, 0.3308345448381959, -0.6249342633735057]","[458.2730384610484, 12.354879242844786, 9.51523298551191]",4.609999999999874,100.0,0.0,"[50.0, 109.05850538043748, 109.0585053804375]",29
860,3332121111,settled,Kl2a_0013,unmatched,,"[0.3402458092039916, 0.33697252244392834, -0.8027813352863759, 0.3552807849472308]","[0.4485440368375861, 0.5465502686605387, -0.44869023272002706, -0.5465968586684187]","[458.41340155492185, 10.716411696961792, 10.050071019697802]",4.909999999999974,100.0,0.0,"[50.0, 109.96562202507262, 109.96562202507263]",42
861,4081109628,settled,Kl2a_0009,unmatched,,"[-0.12945047511210567, 0.16348273552005468, 0.7041245185904645, 0.6787669938939845]","[-0.5807538004427075, -0.4034005537905374, 0.5806400450792895, 0.4035469669358949]","[458.51409704247806, 10.701860507035537, 9.645654722423473]",5.330000000000115,100.0,0.0,"[50.0, 114.72419197560117, 114.72419197560119]",28
862,3384837160,settled,Kl2a_0001,unmatched,,"[0.2687275791925676, -0.16483984670014942, -0.14897767382090257, -0.9372400790747728]","[-1.2676803324174202e-05, 0.00016639561579476214, 0.29416556107173397, -0.9557544636731495]","[457.85865934798335, 9.53518688267075, 40.00069203388483]",4.959999999999991,100.0,0.0,"[50.0, 111.05122260463642, 111.05122260463644]",26
863,3022828123,settled,Kl2a_0022,unmatched,,"[0.3539696974690416, 0.8967636949489357, -0.13840987716161407, -0.22663414261605436]","[0.06852225277027, 0.7038170192553239, -0.0685679564148838, -0.7037362713651507]","[458.4924999180749, 10.067977137017717, 10.716505936153954]",4.699999999999904,100.0,0.0,"[50.0, 112.41705899584035, 112.41705899584036]",31
864,2197473996,settled,Kl2a_0008,unmatched,,"[-0.29618725117093264, 0.23096601621633117, 0.8837445268345094, 0.27914767218627]","[-0.6251168524376521, -0.33064135440328035, 0.6249321429294912, 0.3307038437792356]","[457.79906320179, 10.580659941225326, 9.518383803387044]",5.050000000000021,100.0,0.0,"[50.0, 110.67700369934435, 110.67700369934434]",38
865,2371567213,settled,Kl2a_0018,unmatched,,"[-0.8719734789042677, -0.21012196795995688, 0.2727863314750347, -0.3479922815647152]","[-0.6756283349669839, 0.20869989787058202, 0.6755850980941469, -0.2086994989253011]","[458.5622473441715, 9.535808397333861, 12.348381995499594]",4.969999999999994,100.0,0.0,"[50.0, 108.60842506710453, 108.60842506710455]",32
866,292549026,settled,Kl2a_0014,unmatched,,"[-0.41240616483951276, -0.35153133331546, -0.1763722075237171, 0.8217297130523091]","[-0.34528015812874413, -0.6171593030354444, 0.34531129246551245, 0.6169733530511602]","[458.49012350285176, 10.550442287717022, 10.366500395080813]",4.959999999999991,100.0,0.0,"[50.0, 110.74811740462854, 110.74811740462856]",35
867,94154559,settled,Kl2a_0013,unmatched,,"[-0.23853106088105577, -0.31041063527998763, -0.7544951487540574, -0.5267686788397972]","[-0.546625066999119, -0.448611007341456, -0.5465180419967849, -0.4486281645107597]","[458.47748691544115, 10.725146301889497, 10.052627104894107]",4.899999999999971,100.0,0.0,"[50.0, 107.67931563116575, 107.67931563116576]",26
868,2674077932,settled,Kl2a_0008,unmatched,,"[0.24002683723339482, 0.1464301042618074, 0.022173247800655688, 0.9594027772815652]","[0.33100133340045246, 0.6248914418112139, 0.3309330927797035, 0.6248456540150417]","[458.530292881506, 10.571714194322006, 9.521780150679856]",4.769999999999928,100.0,0.0,"[50.0, 111.5772429354079, 111.5772429354079]",31
869,616383569,settled,Kl2a_0020,unmatched,,"[-0.8750405999561124, -0.41172617187828964, 0.07875326495354029, -0.2420401435259313]","[-0.6876410718357375, -0.16466685399261105, -0.6876964674963388, -0.1646455347521799]","[458.12021404726977, 10.247088587249419, 10.64997311342071]",5.360000000000125,100.0,0.0,"[50.0, 112.89164922771677, 112.89164922771678]",28
870,1209062005,settled,Kl2a_0007,unmatched,,"[0.701149044596514, -0.4604335593045607, 0.20497041658198253, 0.5043590814625407]","[0.20816790928809883, -0.675778032909254, -0.20821185953402063, 0.6757499488193146]","[457.9478933113173, 9.52338556587643, 10.571306522600008]",4.949999999999988,100.0,0.0,"[50.0, 114.53474243379668, 114.53474243379667]",17
871,3023774950,settled,Kl2a_0020,unmatched,,"[0.35215076468575207, 0.07578336168804366, -0.4051888740909775, -0.8402789401950909]","[0.16476763846137965, 0.687605308225354, -0.16474555456562856, -0.6876841336449748]","[458.0401878590757, 10.255102457991592, 10.64587343129892]",5.020000000000011,100.0,0.0,"[50.0, 108.93120117187848, 108.9312011718785]",30
872,711993328,settled,Kl2a_0019,unmatched,,"[0.14145945968594764, -0.730383443588849, 0.6302754560840633, 0.22199571179344949]","[-0.20857977715404152, -0.6756325578708897, 0.6758178094378051, -0.20805146419551096]","[458.0105818978139, 40.007483144127804, 9.527275193652903]",5.0300000000000145,100.0,0.0,"[50.0, 113.90843554135006, 113.90843554135004]",13
873,2494180298,settled,Kl2a_0015,unmatched,,"[0.5054583382569515, -0.6799397746818389, 0.34407924974820103, -0.4047261308401603]","[0.33039627502404106, -0.6252502541354465, 0.3304139012442328, -0.6250816546807019]","[457.87834547728016, 12.350540628901484, 9.52886429327203]",5.070000000000028,100.0,0.0,"[50.0, 98.98418396812471, 98.98418396812473]",52
874,2540672877,settled,Kl2a_0006,unmatched,,"[0.776589373390443, -0.15424382296249706, 0.6104496590694767, -0.02165645300857539]","[0.6959041639495144, -0.12525997726248034, 0.6959597453809054, -0.1251693472990716]","[458.4726074262511, 9.65208036769199, 10.684730882616137]",4.779999999999931,100.0,0.0,"[50.0, 93.19749094821815, 93.19749094821816]",18
875,3729267110,settled,Kl2a_0013,unmatched,,"[-0.3886037083533229, -0.7035834699448852, 0.5934766828956262, 0.041747880587701035]","[-0.44912225002734696, -0.5461429469332711, 0.44916304885367525, 0.546140679303315]","[457.7993078770953, 10.720541268201087, 10.047641022510277]",4.759999999999924,100.0,0.0,"[50.0, 111.18135903681046, 111.18135903681046]",22
876,2245489004,settled,Kl2a_0018,unmatched,,"[-0.7698115704787045, -0.1622092770394392, 0.35841225589542, -0.5026121280106651]","[-0.6757336076624395, 0.20826963458791795, 0.6757299624984743, -0.2083191507421487]","[457.8142965544523, 9.526275344100359, 12.35330796851327]",5.000000000000004,100.0,0.0,"[50.0, 112.78787373138941, 112.78787373138942]",25
877,732591320,settled,Kl2a_0019,unmatched,,"[0.5805538513683136, -0.32809511427750826, -0.26803236022996346, -0.6953196930320625]","[-0.20791831734343436, 0.6758258234231751, 0.6757383052626794, 0.20834388041933008]","[457.92615669478005, 40.00420667437703, 9.521863677239056]",5.430000000000148,100.0,0.0,"[50.0, 113.84793737123857, 113.84793737123859]",17
878,20080919,settled,Kl2a_0011,unmatched,,"[0.34744503420333317, 0.4507829125682593, 0.8124848224943764, -0.12627401617198783]","[0.479546139472232, 0.5196241022917176, 0.4794531114818107, 0.519760527863761]","[458.13048441782064, 10.7389074550259, 9.839979125226188]",4.859999999999958,100.0,0.0,"[50.0, 111.27178810594111, 111.27178810594111]",24
879,1914700835,settled,Kl2a_0015,unmatched,,"[0.8827138027193332, -0.15349909388919725, -0.3389577734260767, 0.2869878020021166]","[0.6250173128682049, -0.3305670324591101, -0.6251064327125198, 0.33063687551090587]","[458.42857278929705, 12.357267657496438, 9.514908661991361]",5.080000000000031,100.0,0.0,"[50.0, 105.21852099991295, 105.21852099991297]",34
880,910532442,settled,Kl2a_0002,unmatched,,"[-0.7578845855451424, 0.5991817817734482, 0.25731973936574776, 0.019460193128720063]","[-0.7065853778776942, 0.027693768141486164, 0.7065424566528761, -0.027711295936505093]","[458.3678257469374, 9.847861087510486, 13.401540284166721]",4.749999999999921,100.0,0.0,"[50.0, 113.55739457061837, 113.55739457061838]",22
881,305688743,settled,Kl2a_0021,unmatched,,"[0.5088588775201294, -0.8379428703504597, 0.13612036932205998, 0.142778268141243]","[0.175484695917598, -0.9844819280723334, 6.519459257009474e-05, -0.0006712282432155062]","[457.9098930485322, 9.641547763250962, 40.008159587908544]",4.809999999999941,100.0,0.0,"[50.0, 113.73694008288821, 113.73694008288822]",26
882,3833901011,settled,Kl2a_0018,unmatched,,"[0.6658115689949964, -0.5720634512106734, -0.07775283095098386, -0.4726445383800201]","[0.20821735224164173, -0.6757236942176694, 0.20829955741626988, -0.6757620274020225]","[458.5979801251441, 9.529696278745895, 12.356198328685288]",5.540000000000185,100.0,0.0,"[50.0, 110.81718837969811, 110.81718837969812]",30
883,940842501,settled,Kl2a_0015,unmatched,,"[-0.15476270569017284, 0.261752323020326, -0.1287733230575111, 0.9439023559614871]","[-0.3303852977423302, 0.6251396737877964, -0.3304802053068573, 0.6251630004986994]","[458.4610778965315, 12.347781189884723, 9.524426306185672]",4.969999999999994,100.0,0.0,"[50.0, 112.23147512086774, 112.23147512086776]",28
884,2720272236,settled,Kl2a_0007,unmatched,,"[-0.9339430194929941, 0.33644656385373783, -0.05642516677177487, -0.10663182717228038]","[-0.6758158566023426, 0.20791332248653044, -0.6758756227990657, 0.20793537650777233]","[458.5304944106919, 9.52653521823727, 10.577426810255503]",5.420000000000145,100.0,0.0,"[50.0, 114.07137174193697, 114.07137174193699]",19
885,2174765832,settled,Kl2a_0015,unmatched,,"[0.7584658715267024, -0.4700288327205854, 0.10017222663587377, -0.44019080311993675]","[0.33045309198720324, -0.625110477408559, 0.3304814319292751, -0.6251557151463278]","[457.81206579454386, 12.360056467613026, 9.524158493603268]",5.300000000000105,100.0,0.0,"[50.0, 106.69573296136758, 106.69573296136757]",35
886,1061608303,settled,Kl2a_0015,unmatched,,"[-0.4689307766989574, 0.36625135030648165, 0.7222223966399722, -0.35264526773346316]","[-0.624917859876077, 0.3308111978587671, 0.6249238461410423, -0.33092568093673036]","[458.3740681975303, 12.36664063576727, 9.520276320163552]",5.130000000000048,100.0,0.0,"[50.0, 93.63050073995616, 93.63050073995618]",32
887,3154141855,settled,Kl2a_0009,unmatched,,"[0.27090988559165213, 0.4422585803127909, -0.7396988208773515, -0.4287899677243961]","[0.5804193014797199, 0.40382369819088465, -0.5804751191753437, -0.40384216132989637]","[458.6270672815177, 10.688353944593034, 9.644688781565286]",4.909999999999974,100.0,0.0,"[50.0, 100.01473180176622, 100.01473180176623]",31
888,2921790412,settled,Kl2a_0014,unmatched,,"[0.3416504075113855, 0.18124356735981575, -0.5118659550465788, -0.7670847491654661]","[0.34599072645558154, 0.6166998972958011, -0.34598318927230687, -0.6166581602663265]","[457.9562241207487, 10.545325861772055, 10.374009245231933]",4.939999999999984,100.0,0.0,"[50.0, 107.7753495686144, 107.77534956861442]",30
889,2154312058,settled,Kl2a_0022,unmatched,,"[0.7256893593025631, -0.20402254438647918, -0.37672815407176513, -0.5383545793496913]","[0.06851878872338465, 0.7037857050097676, -0.06864239734543298, -0.7037606683400661]","[458.39353238181485, 10.058179179329569, 10.713336032270824]",5.110000000000041,100.0,0.0,"[50.0, 113.73976408304672, 113.73976408304674]",39
890,3592569166,settled,Kl2a_0009,unmatched,,"[0.10273452874389172, -0.7756451790115862, -0.5748782509724327, -0.2394476340219959]","[-0.40390607751390395, -0.5803973932636043, -0.4038413965655669, -0.5804402405589381]","[458.225478658554, 10.684274355844401, 9.639737889999264]",4.990000000000001,100.0,0.0,"[50.0, 113.82125132465849, 113.8212513246585]",32
891,1454938154,settled,Kl2a_0015,unmatched,,"[-0.16718081934912513, 0.4446266140871033, -0.15011444180695008, 0.8670775063673264]","[-0.3305837162091591, 0.625050539105536, -0.33075100459328843, 0.6250040024685853]","[458.266551696085, 12.352760275865098, 9.52032348404738]",5.020000000000011,100.0,0.0,"[50.0, 105.26908406558152, 105.26908406558151]",30
892,1296548187,settled,Kl2a_0018,unmatched,,"[0.31314276895349097, -0.5781882807260639, -0.5626663257674945, -0.5010454312040842]","[0.20865377203991464, -0.6757052218407874, 0.2085422978008774, -0.6755709930262975]","[457.97977887789835, 9.540878062884984, 12.348409331782134]",5.070000000000028,100.0,0.0,"[50.0, 114.08239366743857, 114.08239366743858]",25
893,4254865545,settled,Kl2a_0011,unmatched,,"[-0.5867148895206743, -0.6821284832765666, 0.3941724191729146, 0.18733519338588187]","[-0.5197336210885262, -0.4794604452371134, 0.5196938190437801, 0.47949241809535237]","[458.03643409306875, 10.731498507307979, 9.847395274144887]",4.839999999999951,100.0,0.0,"[50.0, 105.16202977204044, 105.16202977204046]",23
894,1038362872,settled,Kl2a_0018,unmatched,,"[0.4220587536149921, 0.2365411686124719, 0.34472372914068605, -0.8044129751662044]","[-0.6757896414529567, 0.208132750290223, 0.6757209270616418, -0.20830349851230878]","[458.4511615995288, 9.518398154426615, 12.353453876153475]",5.720000000000245,100.0,0.0,"[50.0, 112.11270148773137, 112.11270148773139]",27
895,2137408216,settled,Kl2a_0009,unmatched,,"[-0.15315413144856377, 0.9076297849365145, -0.3780756789344609, -0.09904931354925715]","[0.5809144946435317, 0.403145548595522, -0.5809478964341849, -0.4031272233295113]","[458.4162251570217, 10.683571334906457, 9.64105042425823]",4.879999999999964,100.0,0.0,"[50.0, 108.17731999542248, 108.1773199954225]",18
896,2161823873,settled,Kl2a_0017,unmatched,,"[-0.5223970600271564, 0.3040328086274699, 0.5806908141981769, 0.5454021830346245]","[-0.2573880590300372, -0.658582409684589, 0.25749742493140176, 0.6585709323045525]","[458.30489856335987, 10.412323506957025, 10.53687956188001]",5.220000000000078,100.0,0.0,"[50.0, 113.7024764800737, 113.70247648007371]",31
897,611351195,settled,Kl2a_0007,unmatched,,"[-0.04573037853383769, 0.8616864055672583, 0.18915695116025852, -0.46864156747719876]","[-0.20803141645489645, 0.6758164638656552, 0.20804894099122667, -0.675803725269638]","[458.498769833537, 9.522743808653116, 10.571780961000622]",4.979999999999998,100.0,0.0,"[50.0, 101.59041253924848, 101.59041253924849]",41
898,2763017489,settled,Kl2a_0003,unmatched,,"[-0.42473500215462706, 0.8115024029006092, -0.06368051566992698, -0.39624338474636855]","[-0.02833836638986925, 0.7065703480725166, 0.028578270271273826, -0.7064973904292488]","[458.29837723914125, 9.84177861680657, 10.726677947839356]",4.789999999999934,100.0,0.0,"[50.0, 107.67070069563476, 107.67070069563478]",25
899,2132063619,settled,Kl2a_0008,unmatched,,"[0.5955343919741106, 0.7230138530547521, -0.2696667085859822, 0.2233150746083904]","[0.3308098107973516, 0.6249600359956246, 0.33087253809526723, 0.6249105424162438]","[458.1923505075129, 10.5636972511263, 9.51278481248033]",5.600000000000205,100.0,0.0,"[50.0, 111.7477770700011, 111.7477770700011]",42
900,1360639973,settled,Kl2a_0009,unmatched,,"[-0.1489656769715508, -0.1288165080424097, 0.7582996753381918, 0.621447613819669]","[-0.5805006249836228, -0.40388801922201417, 0.5802750544726819, 0.4039484539879655]","[458.3909385687048, 10.685797576006639, 9.638525624359204]",5.0600000000000245,100.0,0.0,"[50.0, 113.41602698393048, 113.4160269839305]",22
901,1669509337,settled,Kl2a_0001,unmatched,,"[-0.015275918508966315, 0.1874018656583203, -0.11433169238248563, 0.9754872890911727]","[0.000182669598915719, -0.00044190834967079706, -0.2943315171445221, 0.955703264284596]","[458.4099900611687, 9.526461599291341, 40.00282408521334]",5.170000000000061,100.0,0.0,"[50.0, 114.86216621847937, 114.86216621847937]",26
902,582273668,settled,Kl2a_0009,unmatched,,"[-0.006376614660577938, 0.509344379935385, -0.8209002523185972, -0.258167420789247]","[0.5804619871276778, 0.4038082959287082, -0.5804971643573016, -0.4037645152958252]","[458.276011597211, 10.690534069368564, 9.643710276856869]",5.100000000000038,100.0,0.0,"[50.0, 112.03807496864893, 112.03807496864894]",32
903,680248275,settled,Kl2a_0002,unmatched,,"[0.06401976516295559, -0.8705445669058692, -0.015573167883228054, -0.4876587978712505]","[0.0005472721639048218, -0.7071929156099559, 0.0005352684831749778, -0.7070202218408747]","[458.44098368865855, 9.982149104816962, 13.250278023751275]",5.000000000000004,100.0,0.0,"[50.0, 105.03099882509238, 105.0309988250924]",34
904,2896868767,settled,Kl2a_0015,unmatched,,"[-0.08519660861891312, 0.3927029312463917, 0.12431391456233111, 0.9072331543305265]","[-0.33072955275059357, 0.6249719076487898, -0.3307240280875471, 0.6250197555539923]","[458.3412418634716, 12.364722583707898, 9.519743160561294]",4.949999999999988,100.0,0.0,"[50.0, 109.65691467097086, 109.65691467097088]",31
905,3134066944,settled,Kl2a_0013,unmatched,,"[0.37534820722239215, 0.6025807220421286, -0.4933938528436443, -0.5025661177737984]","[0.4488272469324006, 0.5463915276418054, -0.44887109859853064, -0.5463745398307688]","[458.627998708376, 10.722456523621513, 10.053672866906945]",4.859999999999958,100.0,0.0,"[50.0, 91.82631134574558, 91.82631134574557]",33
906,405083464,settled,Kl2a_0002,unmatched,,"[0.25971912770264904, -0.31468704929943936, -0.8472140700697216, -0.34021516013323705]","[0.7065570647208534, -0.027667772626097903, -0.7065790095776312, 0.027526566717557516]","[458.65398653524255, 9.854309085156096, 13.385977999841042]",5.1200000000000445,100.0,0.0,"[50.0, 108.95137618987725, 108.95137618987725]",29
907,897742626,settled,Kl2a_0009,unmatched,,"[0.626555782251434, 0.7589459830048849, -0.1386752386173409, -0.11044466851082534]","[0.5806717222976452, 0.40351048310217164, -0.580589459587424, -0.40362794795023993]","[458.2396392238223, 10.685144468575364, 9.644188649226285]",4.5299999999998475,100.0,0.0,"[50.0, 113.6714002033791, 113.67140020337911]",25
908,480836371,settled,Kl2a_0008,unmatched,,"[-0.39743928281978835, -0.8706917564322766, -0.2664878160766326, -0.113675527864515]","[-0.330969384950609, -0.6247889521554494, -0.33105143707804896, -0.6249023743741656]","[458.2307869014571, 10.5740947842793, 9.515845116845714]",5.140000000000051,100.0,0.0,"[50.0, 111.54901116309536, 111.54901116309537]",29
909,4082109974,settled,Kl2a_0007,unmatched,,"[-0.35956502737734314, -0.6791764426160904, -0.41884548866301663, 0.48373629955702296]","[0.20799897854442972, -0.6758720732270516, -0.20788793943444384, 0.6758076428939983]","[458.346924960129, 9.521521354076228, 10.575632312730706]",5.240000000000085,100.0,0.0,"[50.0, 113.40863329914642, 113.40863329914643]",26
910,163555050,settled,Kl2a_0022,unmatched,,"[-0.08549674306774306, -0.25654355067407436, -0.9235012688874048, -0.2720682265456595]","[-0.7037373807462112, -0.06886376702072888, -0.7037481430980067, -0.06892047314321356]","[458.57251418395447, 10.061036423124747, 10.714675260896634]",4.599999999999871,100.0,0.0,"[50.0, 112.07998203267292, 112.07998203267293]",20
911,3400140363,settled,Kl2a_0020,unmatched,,"[0.298407216867827, 0.6810207916951393, -0.18813418040157473, -0.6416925621859357]","[0.16466742262729053, 0.687717197923686, -0.16472682688664347, -0.6876007330632631]","[458.2945538224239, 10.23837556055156, 10.649812627955916]",4.869999999999961,100.0,0.0,"[50.0, 88.13155531658009, 88.13155531658008]",28
912,3646276102,settled,Kl2a_0018,unmatched,,"[0.1578073356304914, -0.029444688123654007, -0.8111580053567837, 0.5623633571883132]","[0.6757232503432546, -0.20852746131089525, -0.6755873673895045, 0.2085571764492874]","[458.55172819210276, 9.534784735806273, 12.348896826559038]",5.470000000000161,100.0,0.0,"[50.0, 114.16555205463668, 114.16555205463668]",26
913,3701323139,settled,Kl2a_0006,unmatched,,"[0.43512701954760485, -0.8749978402768437, 0.017281183183099957, 0.21152923457118053]","[0.12500200286877267, -0.6959818151213286, -0.12501226200166396, 0.695956713200213]","[457.8951868854832, 9.63738086680476, 10.684258751478774]",4.659999999999891,100.0,0.0,"[50.0, 113.54194656427383, 113.54194656427383]",26
914,1849545706,settled,Kl2a_0008,unmatched,,"[-0.1443496569257474, -0.07006434235886033, -0.13212818355624098, -0.9781596534233906]","[-0.3310707270341527, -0.6248538800808966, -0.331196642007399, -0.6247068004847944]","[457.9324247843806, 10.570014313292326, 9.522235028893515]",4.749999999999921,100.0,0.0,"[50.0, 113.72848866809898, 113.72848866809899]",31
915,3498837148,settled,Kl2a_0008,unmatched,,"[-0.5578877223062083, -0.13152919957495132, 0.7954835629912004, 0.19663992465923258]","[-0.6250039982531634, -0.33073650580891434, 0.6250637142755896, 0.33057331862821865]","[457.9597651828804, 10.579671265324478, 9.521493612728676]",4.859999999999958,100.0,0.0,"[50.0, 98.57417268809402, 98.57417268809404]",37
916,1014845009,settled,Kl2a_0014,unmatched,,"[-0.745802360550032, -0.5147483048332637, -0.3726324374151737, -0.19989519317709512]","[-0.6169575288859707, -0.34553407986767326, -0.6170343190995022, -0.34530892872083513]","[458.32720852220785, 10.55482105617074, 10.370616884361587]",5.050000000000021,100.0,0.0,"[50.0, 106.26391629633093, 106.26391629633095]",28
917,2482104573,settled,Kl2a_0015,unmatched,,"[0.3913632031713356, -0.4132908864732887, 0.05822251723444586, -0.8201436611036385]","[0.3307358904518466, -0.6249969994865692, 0.3307750477373078, -0.6249643103363515]","[457.8582782403952, 12.36517903682467, 9.517258809245282]",5.010000000000008,100.0,0.0,"[50.0, 104.18304905933053, 104.18304905933054]",36
918,3315867884,settled,Kl2a_0007,unmatched,,"[-0.1839291797226305, -0.6204871287494828, -0.28946619847613464, 0.7052482540514071]","[0.20756840874932123, -0.6759218041802699, -0.20756863042833554, 0.6759884126115392]","[457.84418947513524, 9.529844485250601, 10.576154106921507]",5.140000000000051,100.0,0.0,"[50.0, 105.17760753735276, 105.17760753735277]",24
919,3442982133,settled,Kl2a_0007,unmatched,,"[0.23981023435833115, -0.548473364990924, -0.29699985204060114, 0.7439483229905124]","[0.20782933917235583, -0.6759185124000844, -0.20778990901710825, 0.6758435352096672]","[458.42863553860906, 9.52612475713067, 10.575575512763514]",5.040000000000018,100.0,0.0,"[50.0, 94.08765038641641, 94.08765038641643]",28
920,1199431505,settled,Kl2a_0008,unmatched,,"[-0.8158875984840971, -0.2102551437771241, 0.5335186587691745, 0.07401379533745744]","[-0.6248986577422994, -0.33094482274154163, 0.6250057879998918, 0.3306734897433973]","[457.95213507735934, 10.584778808176152, 9.524928357534803]",4.719999999999911,100.0,0.0,"[50.0, 101.48657125373181, 101.48657125373182]",38
921,632241106,settled,Kl2a_0015,unmatched,,"[0.3439409857046222, -0.642522102943294, 0.42830294546408776, -0.5342532475227891]","[0.330458849970635, -0.6251750619472002, 0.3303533005285982, -0.6251558103587149]","[458.0601191769139, 12.362480508809742, 9.526526372924568]",5.050000000000021,100.0,0.0,"[50.0, 92.93726017179443, 92.9372601717944]",35
922,2435629658,settled,Kl2a_0001,unmatched,,"[0.06889857665360942, -0.9502832120531101, 0.29954207769895674, 0.04989335339424206]","[-0.9557038886138725, 0.294329445159068, -0.0004936120880314754, 0.00010652598122501411]","[458.31470480278597, 9.514929676769134, 40.009824432564024]",5.200000000000071,100.0,0.0,"[50.0, 111.19593214223336, 111.19593214223337]",36
923,532196825,settled,Kl2a_0017,unmatched,,"[-0.6950144125489437, -0.5621898949957045, 0.04051416346358294, 0.446381104968402]","[-0.2575070108550854, -0.6585812551607423, 0.25762361867866546, 0.6584762264579411]","[458.62232991539275, 10.407291019673536, 10.529122169905538]",4.679999999999898,100.0,0.0,"[50.0, 104.98524260211077, 104.98524260211079]",32
924,1237745114,settled,Kl2a_0018,unmatched,,"[0.5054962235886736, -0.15892594248449782, 0.059291712564358896, -0.8459909015847566]","[0.20802609949570178, -0.6758137329239022, 0.20803148914503772, -0.6758134652728983]","[457.98368981674616, 9.526130529929624, 12.361935125155838]",4.929999999999981,100.0,0.0,"[50.0, 111.45315036393347, 111.45315036393349]",20
925,3654135522,settled,Kl2a_0008,unmatched,,"[-0.17188747446428582, -0.802046862922551, -0.5512943459664053, 0.15247973604337633]","[-0.3305854905825913, -0.6251168565280532, -0.3305036365590981, -0.6250675926025636]","[458.6376832635884, 10.573769300754073, 9.5082617182646]",5.210000000000075,100.0,0.0,"[50.0, 113.76062708786027, 113.76062708786029]",33
926,2381318096,settled,Kl2a_0009,unmatched,,"[-0.5170317207267107, -0.3574316863165864, 0.7774632856296821, -0.021717018146083986]","[-0.580717243485783, -0.4034405890024214, 0.5807580538734833, 0.4033897087491665]","[457.797859460104, 10.690165405187598, 9.645064303977376]",4.899999999999971,100.0,0.0,"[50.0, 104.21660117424895, 104.21660117424896]",26
927,4252327569,settled,Kl2a_0007,unmatched,,"[-0.5938434617044568, 0.29873492790902884, -0.7069009853476849, -0.24165757333989488]","[-0.6758882465155729, 0.20784417567746674, -0.6758870732243285, 0.20773189718314755]","[458.3835102517959, 9.525925597305461, 10.57589120383333]",4.959999999999991,100.0,0.0,"[50.0, 108.1033866192693, 108.10338661926932]",22
928,448373238,settled,Kl2a_0014,unmatched,,"[0.7884541013488514, -0.40302143424833886, 0.28563962431868045, 0.36650219456596705]","[0.6030134670974818, 0.36928643429670993, 0.6030299721882789, 0.36926567750889]","[458.21005053396107, 10.656955097380788, 10.242186016658717]",5.200000000000071,100.0,0.0,"[50.0, 111.70050796454663, 111.70050796454665]",22
929,4163985961,settled,Kl2a_0008,unmatched,,"[-0.20818845328680213, -0.43720394741641244, -0.3935430195887992, -0.7814308465977562]","[-0.33086673229399993, -0.6249005973645777, -0.33101502946684874, -0.6248643846000074]","[458.0152497875174, 10.578488487891157, 9.515942098900654]",4.979999999999998,100.0,0.0,"[50.0, 102.50754429410512, 102.50754429410513]",43
930,1782478245,settled,Kl2a_0003,unmatched,,"[0.982926824091041, -0.15458372000973902, -0.09896879710297664, 0.012802702458472474]","[0.7065506029267906, -0.0288625590969043, 0.7064794805285753, -0.028981749054207334]","[458.3023639835713, 9.842375559123132, 10.728629801760206]",5.410000000000141,100.0,0.0,"[50.0, 114.57881490150204, 114.57881490150204]",30
931,1354485428,settled,Kl2a_0018,unmatched,,"[0.6252493974171248, -0.5377268504911364, 0.15699341782723672, -0.543383926933184]","[0.20842975749314463, -0.6756289969910623, 0.20845596983315307, -0.6757430008939195]","[457.9584830231773, 9.52321639577584, 12.34844401399155]",5.210000000000075,100.0,0.0,"[50.0, 104.72940745614034, 104.72940745614035]",37
932,1539041800,settled,Kl2a_0007,unmatched,,"[0.5189080859766876, -0.3427938742346433, 0.5790952658656788, 0.5271389106745705]","[0.675894670442977, -0.2079440548746406, 0.6757645310297643, -0.208009526491444]","[458.2447266031762, 9.525073434450919, 10.573383904546459]",5.040000000000018,100.0,0.0,"[50.0, 113.96231859404065, 113.96231859404067]",18
933,4907026,settled,Kl2a_0007,unmatched,,"[0.8033477739737046, -0.29541706437491144, -0.23093159359111526, -0.4626356138572464]","[0.6758661925025767, -0.2079205633812691, 0.6757989419747803, -0.2080137475770608]","[458.5258340457107, 9.530504066950629, 10.576530846639447]",5.370000000000128,100.0,0.0,"[50.0, 112.44087360018686, 112.44087360018688]",28
934,3726456469,unsettled,,not_evaluated,,"[0.5807768950428274, -0.04906896716112144, -0.23937648823391416, -0.776523876984444]","[-0.2078561700236828, 0.6759132319061141, 0.6756867895851474, 0.20828940899007406]","[458.2595231283385, 40.01300667159633, 9.51525351370626]",5.430000000000148,100.0,0.0,"[50.0, 113.73566859017575, 113.73566859017575]",19
935,2047942954,settled,Kl2a_0007,unmatched,,"[-0.28294765020971263, -0.1436882472102388, 0.5005332941519883, -0.8054568494337921]","[-0.2081238234005178, 0.6757742851966535, 0.20800174404289876, -0.6758319791747166]","[458.0095143452971, 9.522452469608552, 10.565755205194385]",5.460000000000158,100.0,0.0,"[50.0, 112.2540733112073, 112.25407331120732]",36
936,4254301963,settled,Kl2a_0007,unmatched,,"[0.3038722453484271, -0.025687035362984778, 0.16983128235100062, -0.9371014727638521]","[-0.20810612816664983, 0.6757413980646276, 0.20812384947535226, -0.6758327201613645]","[457.9454057645786, 9.523672009253039, 10.570428406335868]",5.780000000000265,100.0,0.0,"[50.0, 111.11667324801117, 111.11667324801115]",28
937,1459226125,settled,Kl2a_0008,unmatched,,"[0.4604083854515282, 0.5448114214671944, -0.6943530242693504, -0.09528122235162023]","[0.624981081742161, 0.3308526456979636, -0.624837726378914, -0.3309274693836786]","[458.40668041475595, 10.572375254118286, 9.522248431562497]",4.849999999999954,100.0,0.0,"[50.0, 107.30475223406775, 107.30475223406775]",25
938,1841421639,settled,Kl2a_0008,unmatched,,"[0.7090456664466742, 0.46634607542200573, -0.4944423411910551, -0.18788920157686734]","[0.6248151171183914, 0.3310146148974422, -0.6248147907632194, -0.3311221396828413]","[458.54026781398136, 10.575749687918755, 9.523355543290355]",4.819999999999944,100.0,0.0,"[50.0, 99.11602703608415, 99.11602703608413]",25
939,3160233957,settled,Kl2a_0006,unmatched,,"[0.3129738432553121, 0.8901846929444, 0.08598840649996693, -0.3197257885017726]","[-0.12525723147225615, 0.6959733738110309, 0.1252649392680765, -0.695873827572328]","[458.2734297640795, 9.647233389054845, 10.683337268199246]",4.859999999999958,100.0,0.0,"[50.0, 110.64476816595615, 110.64476816595614]",42
940,3176744478,settled,Kl2a_0003,unmatched,,"[0.9411517485950612, -0.005105745018358934, 0.06893140360805404, 0.3308410178331731]","[0.7064576301076908, -0.028215995420682705, 0.7066337475821065, -0.02811087410794802]","[458.5082686528054, 9.84135225705376, 10.728322634368244]",5.300000000000105,100.0,0.0,"[50.0, 109.98804948550098, 109.988049485501]",29
941,1176149115,settled,Kl2a_0007,unmatched,,"[0.21298006003399966, 0.68283184635136, 0.45358883626869745, -0.5316364653113214]","[-0.20824517080720248, 0.6757450806068396, 0.20818636928212622, -0.6757669498549491]","[458.60008350060014, 9.522617585171115, 10.57135410278541]",5.1800000000000646,100.0,0.0,"[50.0, 111.6946239803896, 111.6946239803896]",41
942,1821676408,settled,Kl2a_0007,unmatched,,"[-0.4913145553095996, 0.46595232564875577, -0.7080044099470261, -0.20056967233111198]","[-0.6757805892874933, 0.2080458141399409, -0.6758647803127542, 0.2079527184094745]","[458.452614110142, 9.523833300245267, 10.57399945944674]",5.050000000000021,100.0,0.0,"[50.0, 111.96945435010804, 111.96945435010805]",26
943,3127130715,settled,Kl2a_0008,unmatched,,"[-0.198134299826156, -0.8317782014430749, -0.12616575606531844, -0.5029612557970933]","[-0.33134178398861314, -0.6246910534084354, -0.33129808898898966, -0.6246721429733729]","[458.15928332887336, 10.57085996703785, 9.522995453216748]",5.0900000000000345,100.0,0.0,"[50.0, 102.64640029756903, 102.64640029756903]",21
944,945943334,settled,Kl2a_0007,unmatched,,"[0.10215366597241832, -0.5032207212506908, 0.015334375666051182, 0.8579617655555885]","[0.20827851585846177, -0.6757676700928119, -0.20827087340224135, 0.6757080428568218]","[457.8784802400466, 9.51991301804308, 10.5733005129044]",5.100000000000038,100.0,0.0,"[50.0, 101.07101633243215, 101.07101633243214]",23
945,1696026980,settled,Kl2a_0002,unmatched,,"[-0.41595288256800134, 0.11589643483537436, 0.8825609318024368, 0.1861113041484448]","[-0.7065402761996371, 0.027839819762629697, 0.7065707306450744, -0.027992590787754484]","[458.5191830524284, 9.842040283790311, 13.400299324522658]",4.829999999999948,100.0,0.0,"[50.0, 108.21885897279688, 108.2188589727969]",32
946,517407065,settled,Kl2a_0012,unmatched,,"[0.7637132916041776, -0.009298409402024383, 0.35026757211793114, -0.5421883212798986]","[0.4994402902170004, -0.500537175814626, 0.49951948462138596, -0.500501964650551]","[457.8333012664101, 13.258282537838086, 9.979500838304784]",4.899999999999971,100.0,0.0,"[50.0, 111.8267289790487, 111.82672897904871]",28
947,2860701354,settled,Kl2a_0003,unmatched,,"[-0.8367152485523688, 0.5350335570810564, 5.9400040692597696e-05, 0.11681901432889721]","[-0.7065776299760111, 0.028849690025447267, -0.7064508835151001, 0.029032695080774967]","[458.21855938431804, 9.841542940342752, 10.720856334241464]",5.270000000000095,100.0,0.0,"[50.0, 113.8386550899953, 113.8386550899953]",20
948,2049044537,settled,Kl2a_0014,unmatched,,"[0.0987533718354664, -0.901992500056389, 0.3962240127370742, 0.14022779012621636]","[-0.3457482209032703, -0.616785692807431, 0.34593032189024114, 0.6167380232215255]","[458.66381356475307, 10.538855346474852, 10.367873080090176]",4.4999999999998375,100.0,0.0,"[50.0, 109.01215326679227, 109.01215326679225]",26
949,3277919375,settled,Kl2a_0022,unmatched,,"[-0.9358033684590618, -0.33506737411673654, 0.0347045930592444, -0.10391102734445888]","[-0.7038369523845087, -0.0686585252350834, -0.7036788079489136, -0.06881632520141243]","[458.0656676916174, 10.054504194381531, 10.714498069693578]",5.320000000000111,100.0,0.0,"[50.0, 113.96185119130934, 113.96185119130932]",30
950,3767874527,settled,Kl2a_0019,unmatched,,"[0.29572191510327905, -0.5850125236040742, -0.7368775949800176, -0.1652885542634663]","[0.20797861210504948, -0.6758635134930434, -0.6757455464259532, -0.20813784980436867]","[458.0122930257996, 40.00515149121737, 9.51817010896629]",4.959999999999991,100.0,0.0,"[50.0, 113.81371789223853, 113.81371789223853]",23
951,2604283791,settled,Kl2a_0017,unmatched,,"[-0.7630191667262589, -0.17467652330325062, -0.5594042469053924, -0.2726843449104938]","[-0.6480080909633541, -0.2829466212728999, -0.6480328933539383, -0.28298426226135387]","[457.8677193066533, 10.527992903955386, 10.41214419522213]",4.979999999999998,100.0,0.0,"[50.0, 92.03861693003512, 92.0386169300351]",24
952,1406294563,settled,Kl2a_0003,unmatched,,"[-0.15589463678544954, -0.12868922420085716, 0.17568740712833444, 0.963467633484715]","[0.02874406421130296, -0.7065252137320412, -0.028706441208743022, 0.7065209419165429]","[458.4737851007817, 9.845800397125874, 10.731795922595149]",5.250000000000088,100.0,0.0,"[50.0, 113.52694931133365, 113.52694931133367]",36
953,44424466,settled,Kl2a_0018,unmatched,,"[0.3941199706189341, -0.3608479463958368, -0.7637214424601282, 0.3621985183126224]","[0.6756267489598842, -0.20844149927078723, -0.6757503820729887, 0.20842758598576624]","[458.0359159355055, 9.526992889095407, 12.352343916534942]",5.190000000000068,100.0,0.0,"[50.0, 98.59446445770858, 98.5944644577086]",35
954,1713030523,settled,Kl2a_0007,unmatched,,"[-0.965612442120421, 0.16876771383453884, -0.1626224548640008, 0.11253447277748073]","[-0.6758316093562768, 0.20794757457481364, -0.6758271233499756, 0.20800755122796383]","[458.45058082668595, 9.526751615778464, 10.578991377113283]",5.100000000000038,100.0,0.0,"[50.0, 113.65023295389841, 113.65023295389842]",30
955,539293064,settled,Kl2a_0007,unmatched,,"[0.3601778551839492, -0.09994546774870804, 0.7619420111283524, 0.5288924160821971]","[0.6757370943418288, -0.2083500789908933, 0.6757050747038673, -0.20830812738439197]","[458.4001950728322, 9.527926812213147, 10.578402878666592]",4.819999999999944,100.0,0.0,"[50.0, 108.9378835021976, 108.93788350219761]",33
956,409549919,settled,Kl2a_0003,unmatched,,"[-0.12781638378808588, 0.7504596205993281, -0.34172492240734204, -0.5510874769861365]","[-0.02879744586509203, 0.7064804081507202, 0.028637173651018477, -0.7065663820874302]","[458.0217699228229, 9.837547580169812, 10.725800428662557]",4.849999999999954,100.0,0.0,"[50.0, 106.53932616860939, 106.5393261686094]",20
957,1998402436,settled,Kl2a_0011,unmatched,,"[0.04250734306132721, -0.9165292873697363, -0.17463643493482933, -0.3573084196777952]","[-0.47961949365359097, -0.5196301494056569, -0.4793794962240335, -0.5197546995806]","[457.92018644801067, 10.731783361356735, 9.843591922776682]",5.050000000000021,100.0,0.0,"[50.0, 109.65658782000659, 109.65658782000659]",25
958,1646097515,settled,Kl2a_0019,unmatched,,"[-0.2630617164172866, 0.5050333130958403, 0.785657284547487, 0.24183158862418952]","[-0.20786557077717915, 0.6758581260925011, 0.6757128724398521, 0.20837421121457073]","[458.65577115671056, 40.011501629402375, 9.520855546441826]",4.959999999999991,100.0,0.0,"[50.0, 113.52631790216867, 113.52631790216869]",20
959,339018233,settled,Kl2a_0019,unmatched,,"[0.6029047267049746, 0.6862009194018124, -0.308242769892203, 0.26574533587269156]","[-0.20863070288495852, -0.6756520438480611, 0.6758608589972789, -0.20779712397703304]","[458.3008991594847, 40.009175748949026, 9.51836476135845]",5.5900000000002015,100.0,0.0,"[50.0, 109.63443000737271, 109.63443000737273]",21
960,4191144452,settled,Kl2a_0007,unmatched,,"[-0.8802459513021449, -0.08330896156144689, -0.16608516754831343, 0.4366261550344685]","[-0.6758125785596184, 0.20804552426840436, -0.6758443795752767, 0.20791535077765147]","[457.85803534350345, 9.523888941781504, 10.581858061809069]",5.0600000000000245,100.0,0.0,"[50.0, 110.60515100451099, 110.605151004511]",34
961,2181600747,settled,Kl2a_0008,unmatched,,"[0.9275709258668005, 0.08697132850709806, -0.32813304736827575, -0.15613093456815608]","[0.62494353969977, 0.3306995390419534, -0.6250842228078833, -0.3306858047476881]","[458.5848924269937, 10.57748621975869, 9.51773108250433]",4.779999999999931,100.0,0.0,"[50.0, 110.71941266437415, 110.71941266437416]",28
962,3323234542,settled,Kl2a_0013,unmatched,,"[-0.08017064571695091, -0.3550445554208694, -0.9142289434921265, -0.17804906658726002]","[-0.5460949237053863, -0.44916150235540775, -0.5460381452965016, -0.4493068249940099]","[457.9626241102104, 10.733127776454833, 10.040943678727347]",4.749999999999921,100.0,0.0,"[50.0, 108.90478162190267, 108.90478162190267]",30
963,1792986731,settled,Kl2a_0013,unmatched,,"[-0.5692068889460848, -0.6151083552423721, 0.2128356235893417, 0.5023407471215919]","[-0.4491226879479421, -0.546195201537305, 0.4490697397622243, 0.5461647936455869]","[458.1607877548268, 10.72004000775176, 10.050015638295942]",4.849999999999954,100.0,0.0,"[50.0, 98.2877639340703, 98.28776393407027]",29
964,3396828661,settled,Kl2a_0007,unmatched,,"[-0.4385289352711518, 0.5485884905873648, -0.7022745891188045, 0.11641925271638232]","[-0.6758070729018192, 0.20810769532159307, -0.6757456295470342, 0.2081918142288329]","[457.80835387458944, 9.527377543346088, 10.580857907562352]",5.050000000000021,100.0,0.0,"[50.0, 108.91633730541331, 108.91633730541332]",31
965,2901089897,settled,Kl2a_0009,unmatched,,"[0.4190709948200383, 0.3272250406963257, 0.28175293110921773, 0.7986980404716139]","[0.4037403124372127, 0.5804631581246357, 0.4038090947863209, 0.5805122713095117]","[457.8216172611096, 10.683206840832405, 9.636959430945764]",4.969999999999994,100.0,0.0,"[50.0, 101.36233368192005, 101.36233368192006]",28
966,1777789208,settled,Kl2a_0007,unmatched,,"[0.6411688332735277, -0.4390430396314748, 0.5150426975449305, 0.3617661624522945]","[0.6758608090531607, -0.2078469393133635, 0.6758581897751232, -0.20791229862123992]","[458.10961707531305, 9.523786119201654, 10.575824974918396]",5.140000000000051,100.0,0.0,"[50.0, 113.22237190681552, 113.22237190681552]",34
967,4293855749,settled,Kl2a_0020,unmatched,,"[0.5166972535183565, 0.6321968208504625, 0.5736405816836968, -0.06547985154798126]","[0.6877245008148223, 0.16426489765036822, 0.687821472639617, 0.16417574776679547]","[458.2105075548609, 10.252674738684938, 10.647346793030573]",5.050000000000021,100.0,0.0,"[50.0, 110.93017876168497, 110.93017876168499]",33
968,2977016398,settled,Kl2a_0006,unmatched,,"[-0.7697554513004683, 0.271934197101798, -0.5773849482776028, -0.012448258604438496]","[-0.6959616745004212, 0.12509195051071725, -0.6959213445588502, 0.12523112125744246]","[457.97664091932785, 9.649868301460629, 10.677336369433961]",4.819999999999944,100.0,0.0,"[50.0, 96.0875418224757, 96.08754182247567]",20
969,3277550680,settled,Kl2a_0006,unmatched,,"[0.8795958511380817, -0.404251198907489, 0.18305854803349653, -0.17141083639723378]","[0.6958657687504413, -0.12531833236340748, 0.695952140512948, -0.1253665249197653]","[458.3965485401513, 9.647920012536636, 10.682086684373717]",5.010000000000008,100.0,0.0,"[50.0, 112.6650236046256, 112.66502360462562]",28
970,3168146097,settled,Kl2a_0002,unmatched,,"[0.4713364866275963, -0.5102437468845695, 0.132809033664927, -0.707004240238867]","[0.027984372544544084, -0.706529860609337, 0.02801207459353086, -0.7065746631726936]","[457.8268804851536, 9.837399319245897, 13.404399556780644]",4.919999999999978,100.0,0.0,"[50.0, 104.11076013916946, 104.11076013916947]",31
971,2312136952,settled,Kl2a_0011,unmatched,,"[-0.238977339792555, -0.18809170192532146, -0.5365157169026477, -0.7871862729042902]","[-0.47983682350245127, -0.5193328892419051, -0.47985211914430814, -0.5194149754439598]","[458.0159053962258, 10.729909765801297, 9.848927195603768]",4.879999999999964,100.0,0.0,"[50.0, 111.03007629254647, 111.03007629254648]",24
972,4119843294,settled,Kl2a_0008,unmatched,,"[-0.6782363959592157, -0.6128690115579294, 0.3186176021708939, 0.25073848818067446]","[-0.6250856751881416, -0.33064779321978965, 0.6249510504390778, 0.33072060726323305]","[457.9665094497334, 10.58012261123131, 9.521415256333094]",4.749999999999921,100.0,0.0,"[50.0, 106.86992980877683, 106.86992980877685]",41
973,356519578,settled,Kl2a_0014,unmatched,,"[0.2643802208224408, 0.477257519620779, -0.3229105049716565, 0.7733415575166313]","[0.6028408155080753, 0.3695030747835105, 0.6027651876891151, 0.36976283938924426]","[458.4921695245884, 10.662493979599061, 10.245805159717568]",4.919999999999978,100.0,0.0,"[50.0, 108.12100012989278, 108.12100012989279]",24
974,1943136294,settled,Kl2a_0007,unmatched,,"[-0.3629926831460144, 0.45628115459666085, -0.28675605289603895, -0.7601412934908084]","[-0.20810918332242673, 0.6758481569780591, 0.2081664584895345, -0.6757118928109512]","[457.88752802425853, 9.518442597043125, 10.568911667816643]",5.1500000000000545,100.0,0.0,"[50.0, 111.10148600642378, 111.1014860064238]",29
975,3565683129,settled,Kl2a_0001,unmatched,,"[-0.547998248022544, -0.8120182559963203, 0.16486811997466025, -0.1146419430615943]","[-0.955793965154878, 0.2940361800167776, -0.0007465626793761032, 0.0002523070009535777]","[458.30905018882993, 9.522023829471905, 40.01643057136437]",4.990000000000001,100.0,0.0,"[50.0, 114.7010684239548, 114.70106842395481]",33
976,1751546072,settled,Kl2a_0018,unmatched,,"[-0.3280221644267384, 0.36617063802881317, 0.7613309747857608, -0.42272410662527027]","[-0.6757029120546943, 0.2084809371618472, 0.6756727318512202, -0.2083929771216701]","[458.3893118059342, 9.523421999191653, 12.35295512748614]",5.1800000000000646,100.0,0.0,"[50.0, 101.79573748303179, 101.79573748303179]",40
977,1397927952,settled,Kl2a_0022,unmatched,,"[0.904925349199759, -0.2134010861924796, 0.2823914184143395, 0.23627351860397244]","[0.7037560207220255, 0.06871637885088, 0.7037659545805068, 0.06869500526610586]","[457.98912386228955, 10.053780469460989, 10.717111342225262]",5.0300000000000145,100.0,0.0,"[50.0, 109.16133732424078, 109.16133732424079]",29
978,4035434587,settled,Kl2a_0005,unmatched,,"[-0.6767719944343353, 0.14128449179956656, 0.30945224413417693, 0.652884115694839]","[-0.6960940401740054, 0.12444398411220996, 0.1243245133585438, 0.6960676672785997]","[458.53346383259685, 40.00516946362324, 9.640143718962554]",5.020000000000011,100.0,0.0,"[50.0, 114.09739879030755, 114.09739879030755]",20
979,2114130661,settled,Kl2a_0015,unmatched,,"[-0.11671079965840357, -0.12666230183669927, -0.982019919426621, -0.07727954700862226]","[0.6250931250107148, -0.33052523103082415, -0.6251008515676543, 0.33054588499292004]","[458.482465842109, 12.357005495526614, 9.522976438795414]",5.760000000000258,100.0,0.0,"[50.0, 113.88224104258356, 113.88224104258356]",32
980,3638443810,settled,Kl2a_0018,unmatched,,"[0.059547317185544554, 0.39640322724174526, 0.893284933349204, -0.20337312088779458]","[-0.6757795992998465, 0.20827879658942292, 0.6756765193220126, -0.20833414818097054]","[458.23498739750625, 9.523715691797635, 12.347890319051787]",5.460000000000158,100.0,0.0,"[50.0, 108.57861023530964, 108.57861023530965]",26
981,1276054237,settled,Kl2a_0004,unmatched,,"[0.19847170397213157, 0.14485266137657626, -0.7549022116539003, 0.6080701769159308]","[0.7038453740840858, 0.06784239751325516, -0.7038322899674714, -0.06796474144166414]","[458.04262238300805, 10.053535898066146, 13.477977862574198]",4.969999999999994,100.0,0.0,"[50.0, 114.2419578793042, 114.24195787930421]",28
982,218439059,settled,Kl2a_0018,unmatched,,"[-0.31928362511020086, 0.6061291818978068, 0.5454370968132035, 0.4828703293932732]","[-0.20818832495665202, 0.6757631142150295, -0.20820116855318394, 0.6757618724308418]","[457.925319000987, 9.524964903968543, 12.342825241087265]",5.020000000000011,100.0,0.0,"[50.0, 114.04640859161978, 114.04640859161978]",27
983,2213472531,settled,Kl2a_0012,unmatched,,"[0.10514992183552246, 0.24068664568741632, 0.4737389502858386, -0.8405860095836687]","[-0.5005082752861687, 0.499484636441934, 0.5006164574521382, -0.4993893539680289]","[458.24303639723433, 13.250187599328788, 9.977293460402473]",5.310000000000108,100.0,0.0,"[50.0, 112.63532677094753, 112.63532677094754]",30
984,787746249,settled,Kl2a_0019,unmatched,,"[-0.5694810868307036, -0.2375977186895554, 0.403312307451908, -0.6757054080540255]","[0.20776448947434029, 0.6759060151583811, -0.6760573526880604, 0.2071990141448472]","[458.5571809466013, 40.00329913767241, 9.516329347736898]",5.390000000000135,100.0,0.0,"[50.0, 114.86213195482034, 114.86213195482036]",17
985,620666044,settled,Kl2a_0015,unmatched,,"[0.3512700169167964, -0.04610390148788196, 0.2607949201033328, -0.8980366446482936]","[0.33070203976743073, -0.6250161291655285, 0.3306886796681908, -0.6250087969908174]","[458.0359295314169, 12.360273606506246, 9.516590087857242]",4.869999999999961,100.0,0.0,"[50.0, 109.34116498489624, 109.34116498489625]",49
986,1382691233,settled,Kl2a_0018,unmatched,,"[0.47408594454505865, -0.6966516414024221, 0.33101000622289733, -0.4246779762319307]","[0.20805631569667166, -0.6757851680445965, 0.20794298352583945, -0.6758599646021621]","[458.5435350607187, 9.518511141242223, 12.359054671786952]",5.1800000000000646,100.0,0.0,"[50.0, 98.34348730153712, 98.34348730153714]",42
987,3286462226,settled,Kl2a_0009,unmatched,,"[-0.3448778936984663, -0.42718010711039134, 0.8219048655539987, 0.1518182680243951]","[-0.5807201302875493, -0.40354617873218135, 0.5805003721088698, 0.4036507523725551]","[457.9450316967871, 10.680649909263508, 9.64008476186082]",4.949999999999988,100.0,0.0,"[50.0, 104.96198340003374, 104.96198340003376]",26
988,2525897259,settled,Kl2a_0019,unmatched,,"[-0.18660777978837914, -0.7443077658333969, 0.6395441794809863, -0.046548133523710164]","[-0.20843197318194884, -0.6756908119565302, 0.67587640097871, -0.2078199456093428]","[457.85201529440775, 40.00690602072232, 9.524412743952434]",4.929999999999981,100.0,0.0,"[50.0, 114.10046031207128, 114.10046031207129]",18
989,3052397492,settled,Kl2a_0020,unmatched,,"[0.3577418947578834, -0.03461281949819094, 0.8397397400760982, -0.4070133393371179]","[0.6877676960683919, 0.16446535263701825, 0.687667906532115, 0.16443720489139863]","[458.33735408724436, 10.245275550439592, 10.645339341206034]",4.789999999999934,100.0,0.0,"[50.0, 109.45288617244698, 109.45288617244698]",19
990,958294864,settled,Kl2a_0015,unmatched,,"[-0.030561851898347012, -0.4924964696048103, 0.3778133004972502, -0.7834349434399235]","[0.3303376032256295, -0.6251369900686923, 0.33037796130990316, -0.6252449233889984]","[458.04767868233125, 12.358883371994267, 9.51932620114416]",4.959999999999991,100.0,0.0,"[50.0, 104.5729707408471, 104.57297074084711]",19
991,2025461898,settled,Kl2a_0014,unmatched,,"[-0.3979758930455951, -0.005549041121273697, -0.43366712258227247, -0.8084041213949913]","[-0.6030812968910795, -0.3693150053573097, -0.6029726917218873, -0.3692198656569901]","[457.8843897433212, 10.657529131463876, 10.242697625183721]",4.809999999999941,100.0,0.0,"[50.0, 107.53119983617528, 107.53119983617529]",22
992,2542739526,settled,Kl2a_0020,unmatched,,"[-0.2306445065743204, 0.9168653108316615, -0.19133692885921558, -0.2637257913731088]","[0.1647282350991988, 0.6876260951160733, -0.1646882506463635, -0.6876865143185262]","[458.1793793821575, 10.245136365238263, 10.652065251426874]",4.719999999999911,100.0,0.0,"[50.0, 110.80459457909446, 110.80459457909447]",21
993,662844678,settled,Kl2a_0006,unmatched,,"[0.015319791156266027, -0.6766081749749832, -0.37969078318171673, 0.6307151422970638]","[0.12516613559890494, -0.6959669134858308, -0.12519623456418838, 0.6959090433980517]","[458.0127642728275, 9.641791294883614, 10.67978048889462]",5.0300000000000145,100.0,0.0,"[50.0, 100.8885763548777, 100.88857635487771]",46
994,4118277549,settled,Kl2a_0013,unmatched,,"[-0.321344111537062, -0.6565169609170431, 0.5522363378719223, 0.4009469654985733]","[-0.4487004794526121, -0.5465359022085569, 0.4486649234584055, 0.5465035899188019]","[458.20037953666736, 10.725197200666598, 10.05243098538814]",4.889999999999968,100.0,0.0,"[50.0, 100.8739498552145, 100.87394985521452]",21
995,111249246,settled,Kl2a_0020,unmatched,,"[-0.6279501010244584, -0.002943014146429479, -0.6948500248436215, -0.3505045681099255]","[-0.687676413556496, -0.16451089634489846, -0.6877404276965469, -0.16447011684085322]","[458.1340712797866, 10.25231585622757, 10.649442310198385]",4.969999999999994,100.0,0.0,"[50.0, 99.51782727336177, 99.51782727336176]",22
996,746129938,settled,Kl2a_0018,unmatched,,"[-0.47377988456087816, 0.707079339833246, -0.49704674862137505, -0.16886668662404006]","[-0.2078831525804515, 0.6758766302726339, -0.2078308118007551, 0.6758562932981843]","[458.05009904385537, 9.527909218258827, 12.363635556304997]",5.5600000000001915,100.0,0.0,"[50.0, 114.02278628885776, 114.02278628885776]",33
997,3176734675,settled,Kl2a_0010,unmatched,,"[-0.44694209170526156, 0.4952759132457724, -0.012535065867450861, 0.7448405255787244]","[-0.5460034901544761, 0.4493017114440905, -0.5461281865082651, 0.4491683033493525]","[458.353963333666, 13.482430955077398, 10.049054523238649]",4.769999999999928,100.0,0.0,"[50.0, 106.45986622800616, 106.45986622800618]",37
998,2924323672,settled,Kl2a_0018,unmatched,,"[0.7808029314754367, 0.10050712330818726, -0.580673385897103, 0.20751751558476023]","[0.6756528046297161, -0.208313708105772, -0.6757981089033914, 0.20831611222807955]","[458.2108443178986, 9.528786622329067, 12.341191585334883]",5.130000000000048,100.0,0.0,"[50.0, 99.1864225785621, 99.18642257856212]",26
999,3932611806,settled,Kl2a_0014,unmatched,,"[0.18863484293005242, 0.33663714806484407, 0.7901304930925778, 0.47622067412157004]","[0.6028080090293174, 0.36961838791741386, 0.6028096594878988, 0.3696285513749258]","[458.2051029025237, 10.659055268326279, 10.235076188391773]",4.859999999999958,100.0,0.0,"[50.0, 107.87279395532528, 107.87279395532529]",23
