trial,seed,status,pose_id,match_status,roadmap_pose_id,initial_quat_xyzw,final_quat_xyzw,final_pos_chute_mm,sim_time_s,actual_drop_height_mm,actual_lateral_mm,initial_pos_chute_mm,roughness_impulse_count
0,2684470948,settled,Rk4i_0017,unmatched,,"[0.349089743713377, 0.08400502135107916, 0.056934439305736904, -0.9315782183171066]","[1.139188966259308e-05, 0.00031037206602412784, 0.00043125197076970075, -0.9999998587805616]","[477.87463452054567, 9.992074950182088, 11.359184507128722]",5.1500000000000545,100.0,0.0,"[50.0, 88.98726422316832, 88.98726422316831]",15
1,4091952314,settled,Rk4i_0017,unmatched,,"[-0.17049489125704653, 0.20532709385459424, 0.2597125984666087, 0.9280741580187418]","[4.377789387249864e-05, -0.00012768831420930946, -0.00029022181400899217, 0.9999999487752433]","[478.23616457366467, 10.017944526409309, 11.35140317020153]",5.200000000000071,100.0,0.0,"[50.0, 88.61343839674903, 88.61343839674905]",28
2,233227757,settled,Rk4i_0020,unmatched,,"[-0.20480810163161187, 0.4982271422400755, 0.5959252640682177, -0.5955639645634782]","[-0.5001130992823833, 0.5001590143971444, 0.4997372074479663, -0.49999057164666083]","[477.9970258080431, 7.648432755494445, 9.995842198065532]",5.360000000000125,100.0,0.0,"[50.0, 88.42104044275752, 88.4210404427575]",24
3,3276785861,settled,Rk4i_0016,unmatched,,"[-0.06476159517851178, 0.4273534090302821, -0.8690822779070483, 0.24056390794969013]","[-5.394653551410772e-05, 0.00010398603364447645, -0.9999998523319844, -0.0005306719191524635]","[478.2415912914484, 10.01816933362778, 11.353994332216237]",5.250000000000088,100.0,0.0,"[50.0, 94.79218809157527, 94.79218809157526]",27
4,3644269654,settled,Rk4i_0016,unmatched,,"[-0.014279672063401007, -0.3020425176314726, -0.9375844928891162, 0.1717606683803424]","[1.627111286871328e-05, 0.00026136409425814294, -0.9999999625123996, -7.999537664018007e-05]","[478.12809447208207, 10.010429387924969, 11.35487000603631]",5.140000000000051,100.0,0.0,"[50.0, 89.17813001090245, 89.17813001090246]",32
5,1206282609,settled,Rk4i_0007,unmatched,,"[0.5013371598926143, -0.8114746127900386, -0.0032762861669307047, -0.30026533409139416]","[0.5002522271668135, -0.499581831788637, -0.500074298479617, -0.5000913902093015]","[477.92781043057033, 11.370742096072508, 7.644231738547744]",5.210000000000075,100.0,0.0,"[50.0, 94.70470114450713, 94.70470114450714]",26
6,3543069911,settled,Rk4i_0013,unmatched,,"[-0.13404834235336777, 0.26953815910033546, -0.46707971399657333, 0.8313944692346683]","[-0.00021952318266291185, -6.884194773182363e-05, -0.7073730747953757, 0.7068403498137996]","[478.34657255162534, 7.646377588885492, 11.354183322866323]",5.280000000000098,100.0,0.0,"[50.0, 89.22163720125185, 89.22163720125187]",23
7,3479688010,settled,Rk4i_0013,unmatched,,"[-0.32606207839901974, -0.08560879807848332, -0.6532843717329692, 0.6779190101856776]","[-0.0001494701430331813, 0.0003533318069758873, -0.7072112400798634, 0.7070022027688546]","[477.6827780706713, 7.644647151564369, 11.35168450739926]",5.240000000000085,100.0,0.0,"[50.0, 88.77097853230305, 88.77097853230306]",24
8,877132087,settled,Rk4i_0022,unmatched,,"[0.5724358435648497, -0.17574059521237254, 0.22115948882353434, 0.769753810448453]","[0.4998966440882942, -0.5000311905015596, 0.5000011657064315, 0.5000709830084765]","[478.24645903945867, 18.65261584693475, 7.356059968412557]",5.190000000000068,100.0,0.0,"[50.0, 94.08647710728957, 94.08647710728958]",19
9,1244265337,settled,Rk4i_0004,unmatched,,"[-0.9163656239680553, -0.3124533183594708, 0.1567298713931644, -0.19514792970686085]","[-0.7070815178259368, -0.7071320433354941, 1.32118732567299e-05, 1.620447295280769e-05]","[478.3220226443356, 7.357975449511996, 18.64500444548985]",5.140000000000051,100.0,0.0,"[50.0, 94.74832036159658, 94.7483203615966]",27
10,2740186692,settled,Rk4i_0007,unmatched,,"[0.6454694822641096, -0.13579899155073316, -0.5987883368552699, -0.45429099595480205]","[0.5001109026853238, -0.4999128118470144, -0.5000590029151024, -0.4999172523228578]","[478.2132526293191, 11.350406733429983, 7.648208686725466]",5.0300000000000145,100.0,0.0,"[50.0, 89.42936839298416, 89.42936839298417]",20
11,3884972972,settled,Rk4i_0021,unmatched,,"[-0.6012548493196739, -0.6463381036093496, -0.20334873870383272, -0.42354333008537154]","[-0.4999199955967352, -0.5000634294807618, -0.5001509873580707, -0.4998655362627501]","[477.80064353779267, 7.353519453099092, 10.003220927669242]",5.200000000000071,100.0,0.0,"[50.0, 93.16453944097601, 93.16453944097603]",28
12,829139639,settled,Rk4i_0020,unmatched,,"[0.5209095300472875, 0.10632951834513299, -0.4095752090978097, 0.7413470463466431]","[0.4999408269334566, -0.49988475464034393, -0.500195393122509, 0.4999789699000085]","[478.2887335201747, 7.6530028907373335, 10.001674306495284]",5.230000000000081,100.0,0.0,"[50.0, 93.75231398164095, 93.75231398164097]",26
13,2545567356,settled,Rk4i_0021,unmatched,,"[-0.20435424223634752, -0.592516211079748, -0.6028523939159808, -0.4936930974172911]","[-0.49994981437673985, -0.5000166484340496, -0.5000781921532546, -0.49995533413113635]","[477.9105184400408, 7.351750104038456, 10.002734001156696]",5.020000000000011,100.0,0.0,"[50.0, 86.89502353027831, 86.89502353027832]",28
14,2718398101,settled,Rk4i_0017,unmatched,,"[0.04456266628605246, 0.22721982493144482, -0.0337641677325857, -0.9722372657478868]","[1.3803638434728429e-05, 0.00020309544310806265, -8.38717641583689e-05, -0.9999999757636137]","[478.2535000144163, 10.008091137487032, 11.354348211536353]",5.050000000000021,100.0,0.0,"[50.0, 87.09206301962557, 87.09206301962556]",28
15,176092387,settled,Rk4i_0006,unmatched,,"[0.6150094261867407, 0.09473742193381708, -0.6668593261385558, -0.40998398228323635]","[0.7069219866119159, 0.00023174006699322458, -0.7072914189647462, -0.00031591144247800074]","[478.27300985520094, 10.006456456034568, 7.643772905939907]",5.220000000000078,100.0,0.0,"[50.0, 88.33745122268955, 88.33745122268954]",17
16,3528048386,settled,Rk4i_0010,unmatched,,"[0.05964849127147125, -0.7507736843900195, 0.5184949801332069, 0.4048998492135285]","[-0.5002267856201272, -0.49989111128335784, 0.49990480038086926, 0.4999772298457284]","[478.2912380192453, 7.346029284535254, 10.002618516546427]",5.350000000000121,100.0,0.0,"[50.0, 95.11079056528811, 95.11079056528813]",40
17,569531098,settled,Rk4i_0010,unmatched,,"[-0.11874297779359728, -0.7836385736386496, 0.3947598820333435, 0.4647314565072098]","[-0.5001285107852171, -0.49988526113637444, 0.5001322360328246, 0.4998539235408548]","[477.9569671295269, 7.363907646469463, 9.992754442615158]",5.0300000000000145,100.0,0.0,"[50.0, 92.85789436916217, 92.85789436916214]",24
18,1337295874,settled,Rk4i_0021,unmatched,,"[0.7540801171321847, 0.10513828949510484, 0.3578000943176255, 0.5406368555086236]","[0.5000453742891375, 0.49991915443458007, 0.5000798368855748, 0.4999556174521374]","[478.1321320752448, 7.3543498672840935, 10.000979622944264]",5.0600000000000245,100.0,0.0,"[50.0, 94.45667236384669, 94.4566723638467]",24
19,612016888,settled,Rk4i_0012,unmatched,,"[0.12009615038615984, 0.8091503209928758, -0.26528910017446583, -0.5103668935463713]","[0.00012070909323183554, 0.7070696290905468, 0.00010310326579288098, -0.7071439135118028]","[477.7572449089767, 9.996088012078225, 7.356003856166794]",5.110000000000041,100.0,0.0,"[50.0, 90.15494258942387, 90.15494258942385]",24
20,232150720,settled,Rk4i_0005,unmatched,,"[-0.5359830145526445, 0.08906100796225318, -0.8028613047566096, -0.24536517743217254]","[-0.7071330074582435, 0.00016065808264653647, -0.7070805312299697, 7.942030031388159e-05]","[478.2484824189763, 10.011335176096459, 7.34646288619446]",5.130000000000048,100.0,0.0,"[50.0, 91.11474695368469, 91.1147469536847]",30
21,2324106676,settled,Rk4i_0017,unmatched,,"[-0.04500258594739219, 0.0025524340432222146, -0.32651812985035056, -0.944115545480283]","[-5.41357499022066e-05, 5.6435665701708396e-05, 0.00034833510233883605, -0.9999999362734944]","[478.1185749680105, 10.014208227202204, 11.349333330444662]",5.1500000000000545,100.0,0.0,"[50.0, 86.68556034628448, 86.6855603462845]",22
22,1658700540,settled,Rk4i_0006,unmatched,,"[0.3856602856164407, 0.1640545618070452, -0.897042914685939, -0.1402364220176025]","[0.7069959174094824, 0.0001063991608621362, -0.7072176139362185, -8.935269994830854e-05]","[478.1592771782108, 9.995843853351733, 7.642602466307423]",5.210000000000075,100.0,0.0,"[50.0, 89.03861419715687, 89.03861419715686]",30
23,609942288,settled,Rk4i_0008,unmatched,,"[-0.6615657420037585, 0.6011805735348285, -0.4450209339615182, 0.05356356361715848]","[-0.49989355385240086, 0.5000286291768388, -0.5001529492559497, 0.49992482651987147]","[477.7564460492741, 7.649128662616403, 9.997862044644029]",5.260000000000091,100.0,0.0,"[50.0, 93.78118335720794, 93.78118335720795]",42
24,3405943863,settled,Rk4i_0009,unmatched,,"[0.7845222555156509, 0.5211125294606916, 0.14359868610630752, -0.30388481302667647]","[0.500325777211972, 0.49986942376768306, 0.5000054959565818, -0.49979913950767596]","[478.0964642636284, 11.349471090456092, 7.350347840407649]",5.350000000000121,100.0,0.0,"[50.0, 94.4027205106584, 94.40272051065841]",26
25,2257503667,settled,Rk4i_0010,unmatched,,"[0.6034227644478223, 0.39225425648930207, -0.5079168677173587, -0.4733265480620753]","[0.4998862214690244, 0.5001644156075548, -0.5000682164013512, -0.49988108775042306]","[478.3109831141944, 7.359667697841936, 9.995388184751256]",5.200000000000071,100.0,0.0,"[50.0, 84.9261241852555, 84.92612418525552]",29
26,4018327298,settled,Rk4i_0006,unmatched,,"[-0.7659205575247773, -0.2830695053767261, 0.5022718464389246, -0.28453531759966677]","[-0.7071281937813719, 0.00011418992203476863, 0.7070853582904464, 2.4727059359574977e-05]","[478.31072001088097, 9.998346020176305, 7.647980292312807]",5.100000000000038,100.0,0.0,"[50.0, 94.00632870688385, 94.00632870688386]",22
27,2224437599,settled,Rk4i_0020,unmatched,,"[-0.6123369115304546, 0.06270447467512338, 0.5201098551092568, -0.5921126533450277]","[-0.5002651004144202, 0.49977688192084874, 0.500071327420205, -0.4998865522266211]","[477.87951117307796, 7.650653861003327, 10.004186320083866]",5.280000000000098,100.0,0.0,"[50.0, 93.2232703337241, 93.22327033372412]",37
28,168388230,settled,Rk4i_0021,unmatched,,"[0.611570761245609, 0.02118769316912591, 0.654066567917755, 0.44466752791262565]","[0.49994003756804334, 0.4997932341306366, 0.5001133102757351, 0.500153335327026]","[478.0298886990861, 7.354905009269955, 9.998218333632334]",5.080000000000031,100.0,0.0,"[50.0, 92.84067446185314, 92.84067446185313]",28
29,911875363,settled,Rk4i_0020,unmatched,,"[0.4179313099460675, -0.6409283940444419, -0.2553852315313794, 0.59103519132962]","[0.4997633410393992, -0.5002311600184235, -0.5002042781245303, 0.4998010300566389]","[477.9491299930973, 7.665014109183528, 9.997763125050739]",5.140000000000051,100.0,0.0,"[50.0, 88.11313142730152, 88.11313142730154]",21
30,3699796293,settled,Rk4i_0008,unmatched,,"[-0.30739590938505207, 0.5248451890741236, -0.7006219887471803, 0.37306046598779463]","[-0.5000911503188799, 0.4997774081651538, -0.5000651951216967, 0.5000661799085799]","[477.63752111069755, 7.647272174474213, 10.001562967053875]",5.050000000000021,100.0,0.0,"[50.0, 90.32000474021596, 90.32000474021598]",23
31,3195154224,settled,Rk4i_0012,unmatched,,"[0.12201026212475458, -0.7550394894311968, 0.42152916537896845, 0.48717761450074515]","[0.00019668553934026892, -0.7069782787163343, -0.0002033591169706417, 0.7072352037216172]","[477.81954097079, 10.009354559982118, 7.34883945794815]",5.130000000000048,100.0,0.0,"[50.0, 94.61173853272881, 94.61173853272882]",17
32,3621210587,settled,Rk4i_0017,unmatched,,"[-0.19518508667563716, -0.23685537345835786, 0.3018603443143305, -0.9025977213209435]","[-8.133231239826344e-06, 5.712537026844974e-05, 1.3931847158815289e-05, -0.9999999982382233]","[477.6881385779216, 10.000350874345376, 11.353342372492095]",5.220000000000078,100.0,0.0,"[50.0, 92.82326750746395, 92.82326750746397]",17
33,1945778437,settled,Rk4i_0009,unmatched,,"[0.5994480898969989, 0.5232689771236637, 0.5614537647935656, -0.22720307017715616]","[0.4998050078599696, 0.5000990183593501, 0.500157999311458, -0.49993789782218945]","[478.28023783397504, 11.357663094734493, 7.3499582643222166]",5.0900000000000345,100.0,0.0,"[50.0, 88.70148469914311, 88.70148469914312]",15
34,2384190687,settled,Rk4i_0004,unmatched,,"[0.6271519910898339, 0.7556355349822913, 0.01241359428343946, -0.18852379431002778]","[0.7072291595819431, 0.7069843362944213, -0.0001168291410520994, -0.00022454911943942113]","[477.84295557027474, 7.362405894961344, 18.64583622048256]",5.110000000000041,100.0,0.0,"[50.0, 94.414039919836, 94.41403991983601]",19
35,3249086786,settled,Rk4i_0011,unmatched,,"[-0.1597703233753325, 0.4897195982284835, -0.5779003828038035, -0.6329923431090553]","[0.00014343801816846247, 7.168315820388349e-05, -0.7069362361940692, -0.7072772668782894]","[477.50170806215436, 7.356584120247153, 11.355670333286614]",5.050000000000021,100.0,0.0,"[50.0, 94.07691236785132, 94.07691236785134]",25
36,439485575,settled,Rk4i_0006,unmatched,,"[0.5212781417789312, 0.09256863769634534, -0.808698544051474, 0.25633339826790696]","[0.7072535180749213, -0.0003914235657980769, -0.7069598904004819, 0.0001460245801026272]","[477.772440693121, 10.01053060828112, 7.649844552330863]",5.100000000000038,100.0,0.0,"[50.0, 91.43297969947291, 91.43297969947292]",25
37,2217192537,settled,Rk4i_0013,unmatched,,"[-0.21740486374478168, -0.112592853649051, -0.6073056375673959, 0.7558027765932958]","[-0.00010797895425498916, 0.00019224309818482999, -0.7075047799804998, 0.706708523853987]","[477.6435257266885, 7.641394325804037, 11.358482912676715]",5.200000000000071,100.0,0.0,"[50.0, 87.81370021709377, 87.81370021709375]",29
38,3412522237,settled,Rk4i_0006,unmatched,,"[-0.24621569511367875, -0.5467507847628059, 0.7917514866850981, -0.11649461005935267]","[-0.7071838984889508, 0.00024268916205280602, 0.7070294926720102, 0.0004138984173225891]","[478.16803163197613, 10.007775477192235, 7.645849017867564]",5.290000000000101,100.0,0.0,"[50.0, 94.29875578559553, 94.29875578559555]",20
39,555567425,settled,Rk4i_0014,unmatched,,"[-0.4612726253349569, -0.6958366341102525, -0.5223568792301665, 0.17373034987483388]","[-1.9239988746300373e-05, -0.7070737602542234, -0.7071397919526838, -0.00010875151058248755]","[478.21537320658024, 11.359365649145245, 9.996483579916514]",5.190000000000068,100.0,0.0,"[50.0, 91.04475096154351, 91.04475096154353]",13
40,3399977417,settled,Rk4i_0005,unmatched,,"[0.8655048205669646, 0.02649245432845738, 0.32018421698658933, 0.38429366717613994]","[0.7070329511875425, -0.00029073513981822674, 0.7071805332054197, -0.00012191559006793917]","[478.3161625899986, 10.006891571763514, 7.35431485571212]",5.300000000000105,100.0,0.0,"[50.0, 93.97843127712994, 93.97843127712996]",30
41,2903099886,settled,Rk4i_0001,unmatched,,"[-0.9275430186800664, -0.235950465654843, 0.17719537592713272, -0.22933191013283477]","[-0.9999999903597323, -6.363527169574259e-05, -0.00011733267035313259, -3.8263977444552566e-05]","[477.57515604528123, 10.018803714985347, 18.65237434441589]",5.220000000000078,100.0,0.0,"[50.0, 94.98538506681479, 94.9853850668148]",25
42,151712926,settled,Rk4i_0002,unmatched,,"[0.7767554207616434, -0.4945431487690227, -0.02057994009867571, -0.3894284997127939]","[0.7071223522808497, 0.0001146376358807393, -0.00012632271860468083, -0.7070911891726421]","[477.70909837681086, 11.356510625931529, 9.996493079872558]",5.260000000000091,100.0,0.0,"[50.0, 94.72286716710296, 94.72286716710298]",19
43,1207582415,settled,Rk4i_0008,unmatched,,"[-0.43303184102989717, 0.26753182802764564, -0.22157253360287404, 0.831754626076253]","[-0.5002058049426125, 0.49979438513448504, -0.5001583193920579, 0.4998413556646422]","[478.04977662259887, 7.639994833708102, 10.003826981726773]",5.070000000000028,100.0,0.0,"[50.0, 89.40021014061688, 89.40021014061689]",30
44,2486821540,settled,Rk4i_0016,unmatched,,"[0.1594260365462531, -0.38474526354833694, 0.9006348849824816, 0.12414195503884198]","[2.488251862868974e-08, -1.941932412802272e-05, 0.9999999523984723, 0.00030793821196844486]","[478.3194337677366, 10.011384909834987, 11.353430487827298]",5.360000000000125,100.0,0.0,"[50.0, 93.84590319175022, 93.84590319175024]",21
45,1259821421,settled,Rk4i_0011,unmatched,,"[-0.32259113934371036, 0.05897052116106503, -0.5412481782532801, -0.7742789187291779]","[1.6037829970977358e-05, 6.5497061703112536e-06, -0.707132943730208, -0.7070806174626342]","[478.0219857882121, 7.358794581538963, 11.354584172183715]",5.170000000000061,100.0,0.0,"[50.0, 91.15992185157731, 91.15992185157732]",39
46,597594931,settled,Rk4i_0021,unmatched,,"[-0.17871979468227023, -0.894261750835104, -0.36951140635140683, -0.17837173699402925]","[-0.4998496364682589, -0.5001756725718501, -0.4999159315126244, -0.5000586954645544]","[478.2924552339545, 7.355111056221589, 10.000110635627834]",5.140000000000051,100.0,0.0,"[50.0, 93.75560541172446, 93.75560541172447]",32
47,2865206418,settled,Rk4i_0011,unmatched,,"[-0.02304740513733, -0.04508619876411423, 0.7730641006988977, 0.632303683373775]","[-5.165328731793206e-05, 1.849577944459946e-05, 0.7071298571328609, 0.7070837023585708]","[477.5145395187491, 7.355377842133864, 11.354109327335316]",5.1200000000000445,100.0,0.0,"[50.0, 85.1501901365359, 85.15019013653591]",33
48,3003750881,settled,Rk4i_0020,unmatched,,"[-0.3199398432093655, 0.16753826196273716, 0.4776615276337274, -0.8008800737465539]","[-0.500023910697688, 0.5003736928619006, 0.49989398118044637, -0.4997081786421935]","[478.1801993694385, 7.648063929799013, 9.993409184042113]",5.310000000000108,100.0,0.0,"[50.0, 89.3422622224963, 89.34226222249632]",20
49,3312495928,settled,Rk4i_0013,unmatched,,"[-0.0645330648177024, -0.0038038643413784616, 0.42946817366907813, -0.9007652868348409]","[1.560563653499325e-05, -6.599845328481013e-05, 0.7071598966612969, -0.7070536584691803]","[477.50659449996584, 7.653794927111034, 11.355414007955936]",5.070000000000028,100.0,0.0,"[50.0, 87.07990314485598, 87.07990314485596]",19
50,3078168926,settled,Rk4i_0017,unmatched,,"[0.0747193812888315, 0.25057809186231017, 0.15564422601431893, 0.9525767732035362]","[3.2103766575586334e-05, -1.5404127295178952e-05, 5.966304083977985e-06, 0.9999999993482321]","[477.59782376982963, 10.000483824770354, 11.350389030353414]",5.170000000000061,100.0,0.0,"[50.0, 88.18641664067576, 88.18641664067576]",32
51,1005097259,settled,Rk4i_0023,unmatched,,"[-0.6801311659388386, -0.5348920800158797, 0.3007708324979351, -0.40105980373687483]","[-0.500068743100815, -0.49993309979135425, 0.499912531110681, -0.5000856018174203]","[477.50177322805644, 18.659043306828714, 7.647612528353086]",5.0900000000000345,100.0,0.0,"[50.0, 93.52131368788902, 93.52131368788903]",24
52,1646080115,settled,Rk4i_0016,unmatched,,"[-0.5522257028074862, -0.16147308682972467, 0.6507326016280868, -0.495500046989705]","[-6.309981751985344e-05, -1.6015407654002004e-05, 0.9999998778529211, 0.0004899551640384642]","[477.90191600437515, 10.013449498852047, 11.349160065442785]",5.0300000000000145,100.0,0.0,"[50.0, 94.97041659818498, 94.97041659818498]",20
53,2175304393,settled,Rk4i_0005,unmatched,,"[0.4635177847490668, -0.3631238729793856, 0.7637832286457282, 0.2644380754227277]","[0.7071377500698519, -5.0864128124966657e-05, 0.707075767010534, -0.00024401937108045613]","[478.0136770335536, 9.998579197736644, 7.353035408397968]",5.0300000000000145,100.0,0.0,"[50.0, 94.08541157667067, 94.08541157667068]",30
54,3907648593,settled,Rk4i_0020,unmatched,,"[-0.5606148293844427, 0.6692917164969598, 0.42495561750449845, -0.23910737013771846]","[-0.49976707894106703, 0.5001255252405641, 0.500064713803421, -0.5000426060029944]","[477.68590082345804, 7.653282889954969, 10.003954089570694]",5.140000000000051,100.0,0.0,"[50.0, 92.05654708679677, 92.05654708679678]",26
55,1971688097,settled,Rk4i_0010,unmatched,,"[-0.7670451610843334, -0.5854990613356909, 0.19452063009749831, 0.17605196533582376]","[-0.49994942051508756, -0.4999787542329178, 0.5000225009015006, 0.5000493184022319]","[478.2301900405552, 7.353255515703187, 10.002440972016881]",5.110000000000041,100.0,0.0,"[50.0, 94.47562251394416, 94.47562251394417]",24
56,268300483,settled,Rk4i_0013,unmatched,,"[0.16069949385948554, -0.1473121650444817, 0.9459423078805231, -0.2401415184112949]","[0.00031605588651323346, -5.655664705156438e-05, 0.7073469168076949, -0.7068664910665027]","[477.56450559198845, 7.640176897554313, 11.352220935054714]",5.210000000000075,100.0,0.0,"[50.0, 88.71725151980543, 88.71725151980542]",24
57,3139098279,settled,Rk4i_0005,unmatched,,"[0.8218696626780811, -0.0530459906765047, 0.5409598824621232, 0.1705250304475304]","[0.707070243372861, 0.000229398331341224, 0.7071431945830461, -0.00034737290196087955]","[478.20640243578003, 10.004628217959437, 7.351808826354603]",5.0900000000000345,100.0,0.0,"[50.0, 89.08557692287195, 89.08557692287197]",24
58,3174456534,settled,Rk4i_0015,unmatched,,"[0.08486702368824024, 0.578487481595668, -0.8085728801483829, 0.06602817138123637]","[-7.734689742640486e-06, 0.7070986286798799, -0.7071149335122577, -7.94753417439826e-06]","[477.5769294118204, 18.64827663683942, 9.998742665450349]",5.0300000000000145,100.0,0.0,"[50.0, 93.65042204653632, 93.65042204653633]",22
59,997026310,settled,Rk4i_0013,unmatched,,"[0.11339847940532417, -0.26350367621587667, -0.34201138662076364, 0.8948378673877303]","[1.6901392821094822e-05, 6.969588271332762e-05, -0.7071076148912088, 0.7071059438441265]","[477.52988440831564, 7.644866910219462, 11.354316558047984]",4.979999999999998,100.0,0.0,"[50.0, 88.92349421377811, 88.92349421377813]",40
60,4280428995,settled,Rk4i_0016,unmatched,,"[0.040082764222048275, -0.3945078544329628, 0.8849169822152643, -0.24429256924853357]","[8.073406513119352e-06, 3.044097349169661e-05, 0.9999998656746885, 0.0005173574900120355]","[477.7988446933418, 10.016825850243535, 11.350540971269705]",5.220000000000078,100.0,0.0,"[50.0, 94.60740823055191, 94.60740823055193]",26
61,345698675,settled,Rk4i_0011,unmatched,,"[0.1799933627723881, -0.12901717489034167, -0.7131556542542776, -0.6651059845967076]","[-0.00016563538448913231, -0.00027378215977541537, -0.7071122955611582, -0.7071011943664625]","[477.623894603067, 7.355774774371656, 11.338195889828569]",5.0600000000000245,100.0,0.0,"[50.0, 86.77867577157282, 86.77867577157284]",32
62,2296661869,settled,Rk4i_0013,unmatched,,"[0.17970682933787863, 0.07114079317206774, 0.5188104045949198, -0.8327545899724789]","[-0.00026584191597101015, 3.539096795576735e-05, 0.7070706743387528, -0.7071428353350521]","[478.111226439416, 7.649433154063931, 11.354513671094125]",5.140000000000051,100.0,0.0,"[50.0, 87.71179722332901, 87.711797223329]",21
63,1808063307,settled,Rk4i_0009,unmatched,,"[0.2033581204969602, 0.7445317657791194, 0.5727615353710702, -0.2761560214319879]","[0.5001049570277979, 0.500101125640008, 0.4999756549615559, -0.49981820748706707]","[477.8945219867437, 11.358347189710946, 7.352706963647295]",4.979999999999998,100.0,0.0,"[50.0, 88.42163641725816, 88.42163641725817]",21
64,3884888703,settled,Rk4i_0010,unmatched,,"[0.6793004957295425, 0.4230084733751552, -0.5069137185358015, -0.32039530257889964]","[0.50005430217325, 0.4996268368141049, -0.5002349065394707, -0.5000837500785272]","[477.6270270021459, 7.363645677327362, 9.995349491255704]",5.140000000000051,100.0,0.0,"[50.0, 89.78147029596386, 89.78147029596384]",23
65,2494461129,settled,Rk4i_0009,unmatched,,"[0.6988770933263098, 0.586695007864493, -0.028007765136989552, -0.40813642481734236]","[0.5000392725695457, 0.4998721681173305, 0.5000099203640959, -0.5000786147870047]","[478.0525522918836, 11.361710897231818, 7.355681959683086]",4.969999999999994,100.0,0.0,"[50.0, 94.38392669078678, 94.3839266907868]",21
66,3862701690,settled,Rk4i_0012,unmatched,,"[0.32442249600288015, -0.49395592226430945, -0.12500221364868, 0.7969517159340374]","[-0.0006447937973908802, -0.7071610631144447, 0.0002698604909365798, 0.7070521495838356]","[477.9486960339315, 10.005159621213618, 7.343926598248663]",5.110000000000041,100.0,0.0,"[50.0, 91.60745651399046, 91.60745651399047]",24
67,1989052338,settled,Rk4i_0018,unmatched,,"[-0.42870128489106196, -0.8600027388149851, 0.11578295519546317, 0.25140565795081565]","[-0.00017715998102223217, -0.9999999536580032, -8.96260223169354e-05, -0.00023079321638627454]","[477.56139481115093, 9.997119251381413, 18.653519112184714]",5.310000000000108,100.0,0.0,"[50.0, 95.09823742317768, 95.09823742317766]",21
68,2910179760,settled,Rk4i_0002,unmatched,,"[0.6874480246775395, -0.6293776814475954, 0.0713303005926424, -0.35526178471651215]","[0.7070696642229298, 0.0005776938068365732, 0.00022031633236478033, -0.7071436259107853]","[477.7147907700828, 11.363479479059203, 10.00938416007056]",5.350000000000121,100.0,0.0,"[50.0, 94.9137131881078, 94.91371318810782]",22
69,1983180500,settled,Rk4i_0002,unmatched,,"[0.5537040183723525, -0.21712226630328488, -0.041601373278368714, -0.8028319296434271]","[0.7076141448693818, -0.00024364993516978425, -4.619645883968397e-05, -0.706599009680434]","[477.8064908489883, 11.373048722079462, 9.99883776492576]",5.160000000000058,100.0,0.0,"[50.0, 88.16976681154198, 88.16976681154199]",23
70,2796940620,settled,Rk4i_0009,unmatched,,"[0.6429623651661133, 0.4498104375355989, 0.5600263962080593, -0.2657826232360657]","[0.5001208380507202, 0.499811563736682, 0.5002506827380007, -0.49981676894908406]","[478.0911386451853, 11.36972102743761, 7.349593821536214]",5.0600000000000245,100.0,0.0,"[50.0, 88.91466866904601, 88.91466866904602]",21
71,2835193311,settled,Rk4i_0019,unmatched,,"[-0.03739039526881122, -0.9208521173882708, -0.08934805188513095, -0.3776906960298498]","[0.00021006408071769234, -0.7070906467445128, 0.0005238917615242589, -0.7071226899887535]","[477.840238094776, 10.001666514737583, 7.645390120530961]",5.1200000000000445,100.0,0.0,"[50.0, 92.93653563766995, 92.93653563766992]",29
72,1671370085,settled,Rk4i_0009,unmatched,,"[-0.8264346652783222, -0.1321621962163896, -0.3527524311990733, 0.41845503964071346]","[-0.4997443431308857, -0.5000777327517926, -0.4998487893194946, 0.5003289323338614]","[477.8101818184708, 11.359811088140479, 7.350008585386543]",5.260000000000091,100.0,0.0,"[50.0, 91.27194302587405, 91.27194302587404]",27
73,3953588250,settled,Rk4i_0006,unmatched,,"[0.4702031123833249, 0.021406761150447595, -0.8422546634947904, 0.26278863275141723]","[0.7071657001869633, -0.00025387666037929307, -0.7070478041435423, -0.00010335143198303422]","[478.2678706917453, 10.022392077206126, 7.645259933235153]",5.1800000000000646,100.0,0.0,"[50.0, 89.83226456704764, 89.83226456704766]",28
74,358542842,settled,Rk4i_0012,unmatched,,"[0.10735659184234503, 0.2029367794254412, -0.02907667244048502, -0.9728544458778069]","[-6.737978083762308e-05, 0.7072509844831215, 4.34028838719458e-06, -0.7069625452517144]","[478.14377729945863, 10.00695663579565, 7.351413341586726]",5.280000000000098,100.0,0.0,"[50.0, 87.93039731691144, 87.93039731691142]",19
75,3497188667,settled,Rk4i_0016,unmatched,,"[0.2919765679122567, -0.048747198747361525, 0.9150532874671483, 0.2739541485358981]","[-4.805179289342467e-05, -0.00020449343992506863, 0.9999999549478444, -0.00021442426958380385]","[478.2146484705176, 10.00799395898923, 11.342681719297042]",5.230000000000081,100.0,0.0,"[50.0, 89.28642100050854, 89.28642100050855]",24
76,253549709,settled,Rk4i_0023,unmatched,,"[0.30010673307083396, 0.5155344203869836, -0.6703577212910298, 0.44133970551866974]","[0.5001245943777339, 0.4998891158637371, -0.4998635400810595, 0.5001226881847188]","[478.27637721833565, 18.658399564815547, 7.6482156179056995]",5.170000000000061,100.0,0.0,"[50.0, 93.48713443063694, 93.48713443063696]",24
77,1953331372,settled,Rk4i_0017,unmatched,,"[-0.14150696466078264, -0.1808100534266529, 0.05662958103217592, -0.971636039926712]","[-0.0002142253267836125, 0.00015122426182734338, -0.00010912047978301613, -0.9999999596657256]","[478.1921392905031, 10.000040160959692, 11.352962221877435]",5.140000000000051,100.0,0.0,"[50.0, 88.220134850053, 88.22013485005301]",19
78,890775398,settled,Rk4i_0006,unmatched,,"[0.6001554371354401, -0.15560007509735826, -0.7567404099813465, 0.2072342148578009]","[0.7069814657282479, -2.0972785510386952e-05, -0.7072320550969085, -0.00016407402032506127]","[478.11883520121773, 10.001576851209952, 7.642464296394855]",5.190000000000068,100.0,0.0,"[50.0, 86.63021210540062, 86.63021210540063]",30
79,642810498,settled,Rk4i_0019,unmatched,,"[0.2022732219215205, -0.9256380572142716, -0.08491884377451847, -0.3083318353690952]","[-0.00012495109388782621, -0.7070240999756615, -0.00010764765076465288, -0.7071894334991249]","[478.1661272998363, 9.994273286674888, 7.648226641166964]",5.1500000000000545,100.0,0.0,"[50.0, 92.49628488513883, 92.49628488513885]",35
80,1233062494,settled,Rk4i_0002,unmatched,,"[0.6484705890085933, -0.1699505138861542, -0.1394193506500166, -0.7288106494042248]","[0.7072420786383291, -2.6827771949145952e-05, -0.00011474956989061211, -0.7069714480204576]","[477.5687251882768, 11.354748425365225, 9.996487983203863]",5.110000000000041,100.0,0.0,"[50.0, 86.11482336627117, 86.11482336627115]",18
81,908446902,settled,Rk4i_0019,unmatched,,"[0.22250656114612832, 0.8486682401872814, -0.3923837536671801, 0.2762028931825312]","[-0.00020974368496806667, 0.707141211940782, 0.00020901797918185244, 0.7070722867529126]","[477.95527179228026, 10.000724347425304, 7.649931715850453]",5.360000000000125,100.0,0.0,"[50.0, 94.5362948371558, 94.53629483715581]",25
82,3109591194,settled,Rk4i_0021,unmatched,,"[-0.7393603768084694, -0.47008268318612156, -0.4348076896123711, -0.2081124148822611]","[-0.4998615803528001, -0.5002471590003434, -0.5001439221174594, -0.49974717364708643]","[477.71761013407325, 7.363729691202314, 10.001147199844606]",5.260000000000091,100.0,0.0,"[50.0, 93.14675487492947, 93.14675487492948]",27
83,2446198906,settled,Rk4i_0008,unmatched,,"[0.46838088924676186, -0.6025678945606854, 0.5917783634461127, -0.25947956295276087]","[0.4999922207722831, -0.4999664280996696, 0.5000349489165709, -0.5000063997615039]","[477.73008725866237, 7.657725828369727, 10.008535315313535]",5.140000000000051,100.0,0.0,"[50.0, 89.53342157766127, 89.53342157766129]",34
84,3358664237,settled,Rk4i_0011,unmatched,,"[0.024765616581336785, 0.0070959192151057865, -0.5881586200781739, -0.8083351716915311]","[-0.00021484770509563877, -0.00011291618748304755, -0.7072989849497382, -0.7069144834981586]","[477.62937394967855, 7.3492536070914705, 11.356053665370252]",5.110000000000041,100.0,0.0,"[50.0, 84.66644577125655, 84.66644577125656]",27
85,896344283,settled,Rk4i_0009,unmatched,,"[-0.38634312381259117, -0.4288502954339026, -0.23248445573040505, 0.7828009917167457]","[-0.5001130703770574, -0.499847565699637, -0.5000345788068447, 0.5000047478770988]","[478.2581797883913, 11.351564195973154, 7.347574823186993]",5.100000000000038,100.0,0.0,"[50.0, 88.023777905915, 88.02377790591501]",19
86,1869944201,settled,Rk4i_0002,unmatched,,"[0.670371325755256, 0.3999286459601908, 0.031112881082000495, -0.6242526350576072]","[0.7069099082103966, 5.0366175998657995e-05, -0.0002044031613306536, -0.7073035680360766]","[478.2218711746823, 11.357138361429705, 10.001917937204443]",5.010000000000008,100.0,0.0,"[50.0, 88.88778885237367, 88.88778885237369]",23
87,3190319407,settled,Rk4i_0002,unmatched,,"[-0.4447457840659689, 0.06240244522790489, 0.13797312136129672, 0.8827630147253258]","[-0.7069815972075686, -0.00029670839123825167, -0.0003579829416316258, 0.7072317901665475]","[477.89629529403874, 11.352521023750398, 10.000309278492903]",5.140000000000051,100.0,0.0,"[50.0, 88.94421097655746, 88.94421097655747]",22
88,987968938,settled,Rk4i_0005,unmatched,,"[-0.8775247888270632, -0.11605795115981574, -0.46151621007641014, -0.05902190104792356]","[-0.707070638767092, -0.00028272082781719, -0.7071428489161339, 0.00015195132173337345]","[478.29353004560534, 10.004737138701783, 7.352484767360246]",5.190000000000068,100.0,0.0,"[50.0, 91.2473179606604, 91.24731796066038]",29
89,48960437,settled,Rk4i_0009,unmatched,,"[0.2114012471439735, 0.6114095541866983, 0.6451706556466325, -0.406500547167762]","[0.5000035664367593, 0.49996075366361303, 0.4999957946128094, -0.5000398821255546]","[478.2067333885816, 11.355614077390461, 7.344524147708831]",5.070000000000028,100.0,0.0,"[50.0, 86.433024325313, 86.43302432531299]",24
90,2405484524,settled,Rk4i_0010,unmatched,,"[-0.3417230195255686, -0.4212427763487342, 0.8142340509593118, 0.20688840363521335]","[-0.5000955092920634, -0.5000231049225046, 0.4999898324619253, 0.4998915317989151]","[477.70905016843375, 7.354762140468125, 10.002005469397096]",5.140000000000051,100.0,0.0,"[50.0, 93.05556871703418, 93.05556871703419]",27
91,3763400334,settled,Rk4i_0015,unmatched,,"[0.10769911928143597, 0.8032662467918286, -0.5638345914346622, 0.15891755715678432]","[0.00010939431324668196, 0.7069623356308999, -0.7072511876572746, 3.986930818897958e-05]","[477.5776444765147, 18.65085243240067, 10.000313236947875]",5.020000000000011,100.0,0.0,"[50.0, 93.69788574216356, 93.69788574216358]",23
92,4209925572,settled,Rk4i_0012,unmatched,,"[-0.2551440352611338, -0.7322693535047043, 0.09629130523668734, 0.6240281241452846]","[-1.065733370483879e-05, -0.7072100611952679, 2.3680291631578143e-05, 0.70700348561365]","[478.0019907108198, 9.995378755608105, 7.347166885447417]",5.070000000000028,100.0,0.0,"[50.0, 87.44298261085983, 87.44298261085984]",22
93,4172993659,settled,Rk4i_0011,unmatched,,"[0.02061258821177018, -0.08279958466112873, -0.5816412641634049, -0.8089578417999006]","[8.43083537722944e-05, 2.1575583639243945e-05, -0.7071868561045196, -0.7070266918438096]","[477.68573917034644, 7.356295286698985, 11.356416287154506]",5.140000000000051,100.0,0.0,"[50.0, 85.73474023823576, 85.73474023823574]",31
94,2147595062,settled,Rk4i_0020,unmatched,,"[0.2212092258062878, -0.37459868996068196, -0.8561954135913807, 0.2786964543064874]","[0.49988459191808726, -0.5001392250260617, -0.5000539859014075, 0.49992215547756313]","[478.0241354894671, 7.647859291494345, 10.003023156582202]",5.240000000000085,100.0,0.0,"[50.0, 89.14940746905364, 89.14940746905366]",24
95,3425188374,settled,Rk4i_0021,unmatched,,"[0.5059250338539225, 0.5109554085324367, 0.07321181329946617, 0.6910893292511195]","[0.5001325124554619, 0.499916434734613, 0.4999046671035575, 0.5000463499269863]","[477.6187660338798, 7.357046731423728, 10.00241489640936]",5.110000000000041,100.0,0.0,"[50.0, 93.67515443646296, 93.67515443646298]",36
96,3309235867,settled,Rk4i_0018,unmatched,,"[-0.24306734196876895, -0.9520584383161628, 0.18532314741948006, -0.012582858568879786]","[-0.0002173759444711421, -0.9999999559214942, 2.2226200228625537e-05, -0.00020102413999714008]","[477.83065838338376, 10.007797403374749, 18.649147458198414]",5.220000000000078,100.0,0.0,"[50.0, 94.41161549406459, 94.4116154940646]",29
97,3869940862,settled,Rk4i_0010,unmatched,,"[0.4370446962991622, 0.5315879670277385, -0.0712213307553231, -0.7220344097018713]","[0.5001288895873743, 0.4999343520023365, -0.4998824112993216, -0.5000543094121678]","[477.70601423571793, 7.355589000794934, 10.000634314681285]",5.1200000000000445,100.0,0.0,"[50.0, 89.26701609200636, 89.26701609200637]",21
98,3445858407,settled,Rk4i_0005,unmatched,,"[0.3661788719150667, -0.41659059920173236, 0.7948487591076118, 0.24613158384254633]","[0.7070146748264403, 0.00015785359009246047, 0.7071988331925205, -0.00018706534865578495]","[477.9062068701187, 10.01242783941816, 7.354742922621309]",5.000000000000004,100.0,0.0,"[50.0, 94.37299401202743, 94.37299401202745]",22
99,683688611,settled,Rk4i_0005,unmatched,,"[-0.682405748726563, 0.305727349839879, -0.6632158721570864, 0.03158937453857804]","[-0.707076272943292, 5.728250945979951e-05, -0.7071372576044567, 0.0001996671871421496]","[478.0467545731968, 10.008034941255529, 7.354373821772157]",5.160000000000058,100.0,0.0,"[50.0, 91.0906756451867, 91.09067564518669]",28
100,3671515462,settled,Rk4i_0020,unmatched,,"[0.6402118711341894, -0.3304223695691226, -0.27371010904364496, 0.6372068690421518]","[0.5000016466820061, -0.5000421459885982, -0.5000296964830615, 0.4999265027836165]","[477.8997974928869, 7.64787525351029, 10.003016057072195]",5.1500000000000545,100.0,0.0,"[50.0, 90.7591510081434, 90.75915100814339]",29
101,3027130951,settled,Rk4i_0011,unmatched,,"[0.4323985038399516, -0.027103271289900536, 0.5777234325488388, 0.6917604947135565]","[-3.8342086242343365e-05, 0.00025366496102663394, 0.7074539426241766, 0.7067594026608208]","[477.56498740622243, 7.361697496230625, 11.352188527004714]",5.1800000000000646,100.0,0.0,"[50.0, 90.5703248417947, 90.57032484179469]",35
102,3369736057,settled,Rk4i_0021,unmatched,,"[0.392632373983932, 0.52958689597549, 0.7336367340362236, 0.1647867742977288]","[0.5000128118360108, 0.5000425045092494, 0.49987305388680536, 0.5000716065543438]","[478.25698473791374, 7.352217054663505, 10.000737183694362]",5.0600000000000245,100.0,0.0,"[50.0, 88.74635602627518, 88.74635602627517]",36
103,1655287705,settled,Rk4i_0021,unmatched,,"[-0.338374559147956, -0.8339932412337537, -0.3591333831681041, -0.24694360569181797]","[-0.4996790751755519, -0.500106677766191, -0.5001881295385964, -0.5000259670797597]","[477.7386431535604, 7.352654487231019, 10.01078185703408]",5.130000000000048,100.0,0.0,"[50.0, 93.22670389147672, 93.2267038914767]",23
104,3004971955,settled,Rk4i_0024,unmatched,,"[0.5983807723644567, 0.14162009627689387, 0.0638763219609358, 0.7860050986398133]","[0.7068008222684786, -0.0003242506799567937, 1.2694915768644355e-05, 0.7074125333501932]","[477.8152325959715, 18.64885325238263, 10.008375629774278]",5.080000000000031,100.0,0.0,"[50.0, 94.65665847682199, 94.656658476822]",20
105,1256815592,settled,Rk4i_0005,unmatched,,"[-0.8963728679837667, 0.2073247730587596, -0.3124893183533954, -0.23639489405171335]","[-0.7069456902002499, -0.00034270946785400214, -0.7072677486752679, -7.308441265330146e-05]","[477.77629047918373, 10.004303527914015, 7.342756958392987]",5.210000000000075,100.0,0.0,"[50.0, 93.41504320049943, 93.41504320049941]",30
106,267482411,settled,Rk4i_0011,unmatched,,"[0.4002740386498517, -0.1331578089714626, 0.5374979806924249, 0.7301682084591344]","[-0.00044131603686609067, -0.00021790479227146164, 0.70691775601651, 0.7072955845940503]","[477.72259940350176, 7.36372821882403, 11.347526948321194]",5.350000000000121,100.0,0.0,"[50.0, 92.28599925698855, 92.28599925698853]",32
107,2210323869,settled,Rk4i_0011,unmatched,,"[-0.03946429185382657, -0.17456744636691948, 0.9180226636504986, 0.35384059315100097]","[-0.0002644899839459869, -0.00023503504529959196, 0.7070690960373321, 0.7071443758049172]","[477.5673363415152, 7.363760438597173, 11.351749074538224]",5.130000000000048,100.0,0.0,"[50.0, 89.93184491119685, 89.93184491119686]",30
108,3218958405,settled,Rk4i_0005,unmatched,,"[-0.404214603219616, -0.0038812743139640593, -0.9040684339258072, 0.13876511460971241]","[-0.7070766837585778, 0.00022036775718356497, -0.7071368364633414, -9.612305434797409e-05]","[478.31779429724617, 10.007009311882422, 7.3490111582925515]",5.050000000000021,100.0,0.0,"[50.0, 86.78665110177955, 86.78665110177957]",21
109,3163371865,settled,Rk4i_0008,unmatched,,"[0.8462289503461226, -0.5167025404202564, -0.06457889602577149, 0.11289204802573749]","[0.5000062801779471, -0.5002009366790188, 0.4998350984494942, -0.49995761528956556]","[477.53834654066617, 7.644618923312129, 9.997505955219523]",5.430000000000148,100.0,0.0,"[50.0, 93.36004669556831, 93.36004669556833]",22
110,1394697297,settled,Rk4i_0020,unmatched,,"[-0.527043442183119, 0.08164700032060408, 0.5638111724638022, -0.6306155240678819]","[-0.4999402415399518, 0.4998746546600423, 0.5000173992292805, -0.5001676568766363]","[477.701532094901, 7.6496912306210625, 9.999093028139892]",5.230000000000081,100.0,0.0,"[50.0, 91.39835852275121, 91.3983585227512]",34
111,4178031102,settled,Rk4i_0013,unmatched,,"[0.14205173309217967, 0.22217751906063563, 0.8725296558567031, -0.4112790473634079]","[8.56033410573942e-05, 9.856989919623804e-05, 0.7067585743655324, -0.7074548045754183]","[478.3063870734658, 7.669305314236415, 11.35054539975457]",5.080000000000031,100.0,0.0,"[50.0, 89.07351204111524, 89.07351204111525]",23
112,643453088,settled,Rk4i_0011,unmatched,,"[0.16125469630250971, -0.1583389287120832, -0.45793045026355916, -0.8597821871242212]","[0.00032391926168240387, 0.00029050986315604105, -0.7069629827558138, -0.707250416538113]","[478.1649787536928, 7.347161673102858, 11.352430173634975]",5.1200000000000445,100.0,0.0,"[50.0, 88.2054137024622, 88.20541370246218]",24
113,3249835323,settled,Rk4i_0023,unmatched,,"[-0.4388154353499695, -0.6030056891706321, 0.6417647301759779, -0.17878250369827034]","[-0.4999618407457707, -0.499971927894239, 0.5000750294342022, -0.49999119397465425]","[477.7665360944403, 18.64897134351006, 7.651628971915994]",5.220000000000078,100.0,0.0,"[50.0, 94.36233423758381, 94.36233423758382]",25
114,349764347,settled,Rk4i_0009,unmatched,,"[-0.30489753517779516, -0.43322652470872064, -0.6190352861678763, 0.5797823607271656]","[-0.500094675655907, -0.49985624094287473, -0.5000199048889494, 0.5000291476363333]","[477.50466344557964, 11.349371450617257, 7.350390453316366]",5.1200000000000445,100.0,0.0,"[50.0, 86.75834428831837, 86.75834428831836]",22
115,317791015,settled,Rk4i_0004,unmatched,,"[0.5443368254782056, 0.8017468445001573, -0.08128455950703292, 0.2330069487120453]","[0.7069670210413435, 0.7072465133215009, -4.957071329247942e-06, 2.3020346664154312e-05]","[478.32206004652204, 7.362846034111291, 18.64931449184163]",5.050000000000021,100.0,0.0,"[50.0, 93.85436314512523, 93.85436314512525]",33
116,4067508317,settled,Rk4i_0021,unmatched,,"[0.5955590242325951, 0.7207480982005338, 0.2068895066340097, 0.28814642048821065]","[0.5000583132960442, 0.4999966990454629, 0.5000179565363013, 0.49992702206263845]","[478.08462676111515, 7.355282995345913, 9.999762180981875]",5.1800000000000646,100.0,0.0,"[50.0, 94.3719360136353, 94.37193601363529]",31
117,2385507088,settled,Rk4i_0003,unmatched,,"[0.7935180967557761, -0.5842239107778282, 0.16865601414313822, -0.02380338400102947]","[0.7069489300330025, -0.707264591934233, 7.10069814990333e-05, 4.774206321497832e-05]","[477.9806314446069, 7.654923920626714, 18.651416592546486]",4.979999999999998,100.0,0.0,"[50.0, 94.38884975223336, 94.38884975223337]",18
118,1526028037,settled,Rk4i_0008,unmatched,,"[0.2630177601705282, -0.7900518183688993, 0.4937222272738805, -0.25075514834713364]","[0.4999401818997598, -0.49986883827459033, 0.499921875858479, -0.5002690047186474]","[477.93704217123053, 7.651337345802827, 9.992956450889638]",5.1800000000000646,100.0,0.0,"[50.0, 93.61130646474203, 93.61130646474201]",33
119,297824171,settled,Rk4i_0006,unmatched,,"[-0.933932999720975, 0.21481804800681226, 0.26642393429049765, 0.10315350464185136]","[-0.7068119450599173, 0.0001582703340526903, 0.7074014501944331, 0.00019373675665274037]","[477.99463624170556, 10.012672377232867, 7.647771773104688]",5.1200000000000445,100.0,0.0,"[50.0, 93.24084875998928, 93.24084875998929]",28
120,1353143832,settled,Rk4i_0006,unmatched,,"[0.5671219962586049, 0.5721035472805955, -0.5847319661804703, 0.09570109861091201]","[0.7071634445288503, -0.0001614468989319662, -0.7070500796305893, -0.00014680384234816438]","[477.5097898216193, 10.017571385762562, 7.649766627778797]",5.220000000000078,100.0,0.0,"[50.0, 94.43088639923776, 94.43088639923778]",22
121,1739382006,settled,Rk4i_0008,unmatched,,"[0.9563955010837077, 0.2085247552370943, 0.03434642180192158, -0.2016070317959121]","[0.5004194312167485, -0.5000705519770595, 0.4995610442084026, -0.4999485963731428]","[477.8583884365635, 7.649016145727037, 9.998628496815362]",5.070000000000028,100.0,0.0,"[50.0, 94.61326972237205, 94.61326972237204]",29
122,580680804,settled,Rk4i_0013,unmatched,,"[-0.16968873215430308, -0.36406722040316836, 0.42312173284399845, -0.8121753458477228]","[1.3570817920471878e-05, -0.00010891680331934217, 0.7069240199012693, -0.7072894867305696]","[477.77497337648913, 7.648970397669083, 11.353879659125912]",5.260000000000091,100.0,0.0,"[50.0, 93.75019467266631, 93.75019467266632]",17
123,2823014988,settled,Rk4i_0014,unmatched,,"[-0.41227841655831576, -0.6776159921022714, -0.6077500533991811, 0.03876786144108055]","[-2.205564204547823e-05, -0.7070945045625125, -0.7071190568072657, 2.5120641682506562e-05]","[477.91450772384644, 11.349090745191234, 10.002132010276293]",5.230000000000081,100.0,0.0,"[50.0, 89.51503167738814, 89.51503167738815]",25
124,3517474495,settled,Rk4i_0011,unmatched,,"[-0.23672114932782023, 0.04142403951345284, -0.8289665791097921, -0.5050361938815002]","[0.00044426658127361135, 1.6357197792554737e-05, -0.7069495640479995, -0.707263823655636]","[477.6130121215317, 7.358659968083639, 11.351664790870919]",5.140000000000051,100.0,0.0,"[50.0, 89.32756913839118, 89.3275691383912]",25
125,1323262800,settled,Rk4i_0023,unmatched,,"[-0.6415921793379193, -0.5698607289892506, 0.4583733999693336, -0.23132671953065048]","[-0.5003843099370776, -0.4997933599148613, 0.49989405162537104, -0.49992807172970344]","[477.71038017260815, 18.65235826655785, 7.645005161928934]",5.140000000000051,100.0,0.0,"[50.0, 94.24071489735259, 94.2407148973526]",26
126,975802718,settled,Rk4i_0007,unmatched,,"[0.1828500380211907, -0.3326974519297312, -0.8638549380056043, -0.3311086153491733]","[0.5000646569987292, -0.4998454289674143, -0.500442214733904, -0.49964735131225324]","[478.0623438911906, 11.353340486273899, 7.638828367447263]",5.210000000000075,100.0,0.0,"[50.0, 89.51587889702482, 89.51587889702483]",23
127,2199045525,settled,Rk4i_0013,unmatched,,"[-0.22696590219673, 0.3044849169639917, -0.8281543798994311, 0.4122326256312622]","[-0.00010089493878517876, 0.00019590205469799396, -0.7069576921213956, 0.7072558044957895]","[478.24859635243996, 7.647610606877702, 11.351151361213153]",5.290000000000101,100.0,0.0,"[50.0, 89.65071556278423, 89.65071556278424]",35
128,1193102617,settled,Rk4i_0012,unmatched,,"[0.264923181569912, 0.29490665124873133, -0.18009117139264283, -0.9002293846029246]","[5.182808950032758e-05, 0.7071099889928694, -0.00013559006903490767, -0.7071035584662875]","[478.28985861431323, 10.00002516519208, 7.3508237788672925]",5.360000000000125,100.0,0.0,"[50.0, 89.529374034155, 89.52937403415497]",15
129,884894373,settled,Rk4i_0011,unmatched,,"[0.24323434425598156, -0.33171914018306525, 0.7142081939729147, 0.5663092101251029]","[0.00014392485380709807, -0.00010778216588958056, 0.7072316310241961, 0.7069818864352161]","[477.62849911916715, 7.351907223802354, 11.348091043491136]",4.899999999999971,100.0,0.0,"[50.0, 92.83095243571856, 92.83095243571857]",28
130,3411013638,settled,Rk4i_0019,unmatched,,"[0.3126121128521153, -0.6949372831241458, -0.027806151001005218, -0.6469641855533245]","[-0.0004209326489206522, -0.7074577518887449, 0.00019635315321625546, -0.7067554835681628]","[478.0753291914178, 9.99780871782389, 7.643820580903155]",5.100000000000038,100.0,0.0,"[50.0, 88.81852464837861, 88.81852464837863]",32
131,805745625,settled,Rk4i_0012,unmatched,,"[-0.3424978912137264, 0.6707485143263009, 0.13948719511167293, -0.6429113060470228]","[0.00011190785224660105, 0.7071497744840963, 0.00010908275846954751, -0.707063768004468]","[477.72133692359813, 10.010481009969943, 7.35334696140333]",5.110000000000041,100.0,0.0,"[50.0, 89.5832350372715, 89.58323503727149]",23
132,3780170430,settled,Rk4i_0010,unmatched,,"[-0.45454422231488245, -0.5278795953913799, 0.4315643283729163, 0.5731360337700163]","[-0.5000699197011306, -0.49998054391358066, 0.49982317963207595, 0.5001263042676986]","[478.361230120741, 7.367929274529003, 10.000963722640273]",5.220000000000078,100.0,0.0,"[50.0, 84.37628665452267, 84.37628665452269]",23
133,3127142703,settled,Rk4i_0004,unmatched,,"[0.8109661425997057, 0.5741242930685939, -0.029942342788381628, 0.10871369634863957]","[0.7072270806328189, 0.7069864538242454, -9.462402657758885e-05, -3.968491039596512e-05]","[477.57475403172384, 7.363456056157547, 18.640998040563375]",4.929999999999981,100.0,0.0,"[50.0, 93.62984453767235, 93.62984453767237]",24
134,2145807442,settled,Rk4i_0001,unmatched,,"[-0.9662686388106635, 0.17809795131962475, 0.1504178008414682, -0.10945557352988719]","[-0.9999999881562115, -6.849524804898141e-05, -0.00012155696518148482, -6.49606205361253e-05]","[478.29180857620105, 10.008231350078558, 18.648620219464167]",5.410000000000141,100.0,0.0,"[50.0, 94.64377846965527, 94.64377846965529]",28
135,7356014,settled,Rk4i_0020,unmatched,,"[0.4988490939016427, -0.7433352498905929, -0.3422532345282446, 0.2854207617510581]","[0.4998905713597338, -0.5000910893077961, -0.5000313123764405, 0.49998700553481945]","[478.07253784433624, 7.647881248108461, 9.995432773051371]",5.170000000000061,100.0,0.0,"[50.0, 92.49676463223251, 92.4967646322325]",33
136,1854214563,settled,Rk4i_0002,unmatched,,"[-0.4786522849747108, 0.042381572721339654, -0.04037269627946136, 0.8760512757694499]","[-0.7070300857331926, 0.00031601005806107584, -4.55426490089298e-06, 0.7071833977017674]","[477.69582441756955, 11.359371508865912, 9.990452191003648]",5.130000000000048,100.0,0.0,"[50.0, 88.42849644952766, 88.42849644952767]",23
137,3246756741,settled,Rk4i_0010,unmatched,,"[-0.08399953635894963, -0.5055213412894473, 0.5871633428450268, 0.626603112194197]","[-0.49998762012113523, -0.4999312637953192, 0.5001070345005681, 0.4999740645760196]","[478.1344806989546, 7.351882426801325, 9.9962492742055]",5.190000000000068,100.0,0.0,"[50.0, 90.81702236512197, 90.81702236512199]",32
138,4269520782,settled,Rk4i_0021,unmatched,,"[-0.5194752963382888, -0.681171635858136, -0.44299430503509846, -0.2643986851386907]","[-0.49980753217030527, -0.500104709772431, -0.5000035681771335, -0.5000841347807351]","[478.30282648368245, 7.348187416707823, 10.000162140878151]",5.190000000000068,100.0,0.0,"[50.0, 90.95011014655404, 90.95011014655405]",30
139,3093880402,settled,Rk4i_0015,unmatched,,"[-0.05416076341648033, -0.7478633609396701, 0.6225989594738519, -0.22391413696379583]","[-0.0003009745040574349, -0.7071185174104633, 0.7070949173362457, -0.0002993773939896877]","[477.69497332263455, 18.655616005904594, 10.007314854918706]",4.929999999999981,100.0,0.0,"[50.0, 94.23006620610857, 94.23006620610859]",24
140,721312908,settled,Rk4i_0002,unmatched,,"[0.9460509825279109, 0.08363880904516226, 0.11253047497721545, -0.29211124641287545]","[0.7073279264166953, 0.0001583193218324297, 0.0002785568301826275, -0.7068854941588085]","[478.36446679581786, 11.370020460958518, 10.002191013592315]",5.040000000000018,100.0,0.0,"[50.0, 94.96779707362572, 94.96779707362569]",19
141,2185234596,settled,Rk4i_0023,unmatched,,"[0.658049694064986, 0.4307563872776133, -0.5116749430735624, 0.3458443112025753]","[0.500288507745501, 0.5001559720349265, -0.49978267987048186, 0.4997726338616963]","[477.5400573665893, 18.654905703716526, 7.6512072699212155]",5.0600000000000245,100.0,0.0,"[50.0, 94.88203000522086, 94.88203000522087]",24
142,1811372632,settled,Rk4i_0005,unmatched,,"[-0.7830079767653161, 0.2912889024962417, -0.5406254869584637, 0.09886033813084501]","[-0.7071066430973351, -0.00024882764838643484, -0.70710685319726, -0.0001775778366902014]","[477.8386654349407, 10.003592576302614, 7.35122425747509]",5.1200000000000445,100.0,0.0,"[50.0, 90.59325372279832, 90.59325372279834]",31
143,158871473,settled,Rk4i_0011,unmatched,,"[0.2953320344710821, 0.049810363611343736, -0.7414813692062492, -0.6004192670227223]","[0.00019557525559360522, -3.350808767621505e-05, -0.707080162514887, -0.7071333710167046]","[477.628775066363, 7.355127505137258, 11.356560663950786]",5.0300000000000145,100.0,0.0,"[50.0, 89.20276088296858, 89.20276088296859]",31
144,3933942357,settled,Rk4i_0011,unmatched,,"[-0.5223161875567112, 0.16004639687034006, -0.6757715829697406, -0.4948774784889842]","[7.07757365526196e-05, 0.0003506936401515559, -0.7072064154451202, -0.7070070423680587]","[477.6994060190361, 7.355793815304158, 11.35662395575969]",5.270000000000095,100.0,0.0,"[50.0, 94.66332846944479, 94.6633284694448]",19
145,2247311752,settled,Rk4i_0020,unmatched,,"[0.17245837010463527, -0.918707757440569, -0.27106461152521216, 0.22969140902101487]","[0.49990956382685364, -0.5000278747216573, -0.49975591953716064, 0.5003064794536992]","[477.83556211398854, 7.658138123236194, 9.999462687173292]",5.320000000000111,100.0,0.0,"[50.0, 94.83941801460489, 94.8394180146049]",25
146,2639539135,settled,Rk4i_0019,unmatched,,"[0.24645239917756623, 0.9491774324123663, 0.19576363711496306, -0.00012297239657634696]","[-0.00017671735021956847, 0.707243692136936, 0.000248500313793254, 0.7069697779616092]","[477.5189677040952, 10.002759956385358, 7.641419083208038]",5.420000000000145,100.0,0.0,"[50.0, 94.35636509580678, 94.35636509580675]",26
147,588020478,settled,Rk4i_0006,unmatched,,"[-0.5541136395536193, -0.535687911217833, 0.6371731857264717, 0.0026206157474491726]","[-0.70728666917803, 0.0002281085912967662, 0.706926762026792, 0.00026210653225217095]","[477.5695892522386, 10.008253402182198, 7.647327678830104]",5.040000000000018,100.0,0.0,"[50.0, 94.03726337395898, 94.03726337395896]",15
148,2481404281,settled,Rk4i_0007,unmatched,,"[0.47312332071797125, -0.36721755019782076, -0.5034863658683956, -0.6227415785092134]","[0.5000110664098356, -0.499931359157627, -0.49985079502075586, -0.5002067095867719]","[477.6796527976885, 11.352204417977797, 7.652167431052286]",5.100000000000038,100.0,0.0,"[50.0, 86.10685961294162, 86.1068596129416]",18
149,3605935409,settled,Rk4i_0016,unmatched,,"[0.43758170113077044, -0.04842813697409204, 0.8423244287835887, 0.3109124105903791]","[0.00021411215443856727, 1.9129880297619195e-05, 0.9999999448684267, 0.0002530872908671018]","[477.6352828044127, 10.012416339295283, 11.354649166664707]",5.360000000000125,100.0,0.0,"[50.0, 90.86582729290747, 90.86582729290745]",34
150,1724216363,settled,Rk4i_0003,unmatched,,"[0.9038264397716476, -0.3574809547607453, -0.07814863091813816, 0.2218060532056667]","[0.7071390114200538, -0.7070745147463331, 0.0001945781250473344, -0.00010612944867990914]","[478.05850605001325, 7.648481941799588, 18.64770896041917]",5.100000000000038,100.0,0.0,"[50.0, 93.99162442655795, 93.99162442655796]",19
151,3705963873,settled,Rk4i_0021,unmatched,,"[-0.24027385609289806, -0.5535180547836926, -0.6057941642682696, -0.5185553660364869]","[-0.4999795915079138, -0.500069944159046, -0.49992215727823264, -0.5000282948860256]","[478.141600796356, 7.355135539699146, 10.004070311020106]",5.0300000000000145,100.0,0.0,"[50.0, 87.15768114058247, 87.15768114058248]",26
152,3077038052,settled,Rk4i_0021,unmatched,,"[0.1080488437677232, 0.9024479935694852, 0.290136968917735, 0.2995556801833302]","[0.4999477103063212, 0.500288842525973, 0.49990468146606576, 0.4998586504721114]","[477.85876467885413, 7.36506125629652, 10.002161990300712]",5.160000000000058,100.0,0.0,"[50.0, 94.41131424940782, 94.41131424940784]",31
153,3012538924,settled,Rk4i_0011,unmatched,,"[-0.2967683441627183, 0.032054318743469104, 0.7489957090204642, 0.5915289497748546]","[2.1976641804644093e-05, -2.6976085424346152e-05, 0.7075291886011288, 0.7066841204291677]","[477.54046108114426, 7.358383054258678, 11.341121209911872]",5.0600000000000245,100.0,0.0,"[50.0, 88.75984157575621, 88.75984157575623]",27
154,339579960,settled,Rk4i_0012,unmatched,,"[0.10943307599770635, -0.7653763970695862, 0.4390938896072842, 0.457624222256652]","[-0.00010666648051510519, -0.7071235965190975, -0.00018338088968841704, 0.707089933629102]","[478.2082533558233, 10.004910632434378, 7.355228503989173]",5.070000000000028,100.0,0.0,"[50.0, 94.74041005728557, 94.74041005728559]",14
155,3595527923,settled,Rk4i_0010,unmatched,,"[0.2823598288094946, 0.23222413686361007, -0.7567781334317684, -0.5418779697424069]","[0.49998667770465105, 0.500116973580614, -0.4999320907560966, -0.49996423820776514]","[478.14081577201443, 7.353865575144365, 10.007468970873655]",5.230000000000081,100.0,0.0,"[50.0, 88.94652866277966, 88.94652866277964]",38
156,863450078,settled,Rk4i_0020,unmatched,,"[0.7155061920956329, -0.5773152119456528, -0.01774451200080499, 0.39299257934827014]","[0.4998508352094572, -0.4999376619400547, -0.500059278996867, 0.5001521710474257]","[478.30472994208327, 7.6409638526935, 9.994715595640901]",5.000000000000004,100.0,0.0,"[50.0, 94.56546418241533, 94.56546418241534]",29
157,1293846983,settled,Rk4i_0016,unmatched,,"[-0.18121937706311114, -0.3645890702557667, 0.8980017844289259, -0.16681469476445587]","[0.0001031120610744062, 4.39161111588926e-05, 0.9999999829455042, 0.00014679328831225335]","[477.7914347145421, 9.998535594087508, 11.34967576369148]",5.050000000000021,100.0,0.0,"[50.0, 94.11439920182076, 94.11439920182077]",18
158,297175216,settled,Rk4i_0002,unmatched,,"[-0.8477666509896012, -0.1312003505967588, -0.01452264579268696, 0.5136801205345047]","[-0.706797991173354, 0.0006401680315181694, 0.0005379706002148474, 0.7074149421985914]","[477.7174726813395, 11.356746694888663, 10.001171423953247]",5.080000000000031,100.0,0.0,"[50.0, 91.35338051514502, 91.35338051514503]",24
159,1619853330,settled,Rk4i_0014,unmatched,,"[0.15586584480866492, 0.8197316892259058, 0.5503561712418267, -0.029221240168093774]","[0.00014218554274549923, 0.707120980606603, 0.7070925646470086, -5.991780751319282e-05]","[478.06521176750846, 11.356382909860661, 9.992835854629073]",5.140000000000051,100.0,0.0,"[50.0, 90.5758386866482, 90.57583868664821]",22
160,1315304267,settled,Rk4i_0008,unmatched,,"[-0.4261424284512491, 0.323448349614014, -0.8134978350905626, 0.22804619731232195]","[-0.5001213019194902, 0.4997796343118459, -0.5001587722502043, 0.49994019945853524]","[477.6885061532275, 7.656706819815922, 10.000122548517096]",5.100000000000038,100.0,0.0,"[50.0, 90.71236652840186, 90.71236652840187]",39
161,3174143715,settled,Rk4i_0013,unmatched,,"[0.21028905661679084, 0.04956162990199746, 0.6021092416687611, -0.7686264493274656]","[-3.42811092380324e-05, 0.0004851830594553296, 0.7070886931640624, -0.7071247014648426]","[477.9734155164935, 7.662804187500268, 11.350067033921775]",5.1200000000000445,100.0,0.0,"[50.0, 88.06106058903939, 88.0610605890394]",25
162,1039824701,settled,Rk4i_0013,unmatched,,"[0.01929008521369939, -0.13940476716176264, -0.33327631338561314, 0.9322666477146534]","[-0.0003139114155303602, -0.0003061345710297925, -0.7073934021510955, 0.7068199079923727]","[478.1960155257707, 7.644498176523119, 11.35220408752273]",5.0900000000000345,100.0,0.0,"[50.0, 86.71860114522278, 86.71860114522279]",25
163,721441559,settled,Rk4i_0020,unmatched,,"[0.46336501333295005, -0.46209886921724336, -0.18784827917029898, 0.732441481280148]","[0.49986146514801016, -0.5002648616279607, -0.49971123863074435, 0.5001622355461969]","[478.14839494927395, 7.650128195018247, 10.002645405173126]",5.200000000000071,100.0,0.0,"[50.0, 92.50994637522386, 92.50994637522388]",33
164,4105799406,settled,Rk4i_0002,unmatched,,"[0.8527785751162813, 0.07031150942377336, -0.23963750908264853, -0.45869255248571367]","[0.7070553005952379, 0.00010675523996077891, 0.0002048111501828435, -0.7071582203127453]","[478.07861226988956, 11.356110806205198, 10.004410163548695]",5.100000000000038,100.0,0.0,"[50.0, 92.16222436709856, 92.16222436709857]",19
165,1633137197,settled,Rk4i_0007,unmatched,,"[0.7236837473945174, -0.25836959954595595, -0.3369182255788813, -0.5440708529780555]","[0.5003976753006312, -0.5000103229038078, -0.4996093482219979, -0.49998234240075345]","[478.30913432479, 11.353908044905694, 7.6476246743743586]",5.0300000000000145,100.0,0.0,"[50.0, 88.09732767677173, 88.09732767677174]",23
166,1521883525,settled,Rk4i_0006,unmatched,,"[-0.5517513661834995, 0.22633379929291328, 0.7597306458933603, -0.2591385476974333]","[-0.7071694830272292, -0.000389094792535849, 0.7070439594143443, 0.00010166578018661054]","[478.17773871143567, 10.000242264945435, 7.6484481927775425]",5.310000000000108,100.0,0.0,"[50.0, 87.80018872732497, 87.80018872732498]",23
167,3988848284,settled,Rk4i_0005,unmatched,,"[0.7716485919791595, -0.43616381321231806, 0.404354639949391, 0.22542604927574153]","[0.7069976560960008, 0.0001358281798579941, 0.7072158710561318, 8.690099731170631e-05]","[477.7861134923318, 10.004342176700455, 7.3497912321756305]",5.260000000000091,100.0,0.0,"[50.0, 94.70810682719564, 94.70810682719562]",27
168,2356674901,settled,Rk4i_0020,unmatched,,"[-0.27157585302068527, 0.8944891783916432, 0.23089258753045264, -0.2698597391605915]","[-0.49996384266705834, 0.5002653014737211, 0.49944863293181896, -0.5003217437105179]","[477.63887200145285, 7.637425945820788, 9.999872133418641]",5.310000000000108,100.0,0.0,"[50.0, 94.87855206160309, 94.8785520616031]",26
169,3622559309,settled,Rk4i_0013,unmatched,,"[-0.28730237314646756, 0.13582052279844167, -0.8446638484557238, 0.4307587666932988]","[-1.8835657834059827e-05, -0.00011225058263406029, -0.707256863614893, 0.7069566577341566]","[478.03579628926565, 7.656553865943801, 11.35243673679751]",5.360000000000125,100.0,0.0,"[50.0, 89.24788004698898, 89.247880046989]",28
170,855568988,settled,Rk4i_0016,unmatched,,"[-0.05865782718403258, -0.1040160805530854, 0.9877741037645836, -0.10021094864582358]","[-6.622676385252977e-05, -0.00015247667115220187, 0.9999999378446643, 0.0003109269172559925]","[478.19644534863727, 10.007475236521538, 11.349002567706014]",5.1500000000000545,100.0,0.0,"[50.0, 87.76515334540774, 87.76515334540773]",28
171,2610361744,settled,Rk4i_0002,unmatched,,"[0.8768837609624777, 0.09896632620723421, 0.0167945194244441, -0.47010475444803335]","[0.7071756797669945, 8.829285689926227e-05, -0.0001766788854976358, -0.7070378483044822]","[478.02252740531435, 11.351530243014128, 10.000177704094684]",5.0900000000000345,100.0,0.0,"[50.0, 92.21793975058404, 92.21793975058405]",30
172,3797455899,settled,Rk4i_0020,unmatched,,"[-0.4969180501798989, 0.4726899551502556, 0.24221087694672733, -0.686272940450193]","[-0.5001031287727588, 0.4999514017731697, 0.4999398839307427, -0.5000055688810434]","[477.9462092116206, 7.646871656595893, 10.00189720712261]",5.210000000000075,100.0,0.0,"[50.0, 91.18182631248962, 91.1818263124896]",22
173,3701701166,settled,Rk4i_0021,unmatched,,"[0.038018151991904496, 0.4712419557531807, 0.8264302886090928, 0.30577543610716856]","[0.4997905719159359, 0.500225584616366, 0.5002320801551953, 0.4997515529768396]","[478.03193016377526, 7.372878855479691, 10.000714934223408]",4.979999999999998,100.0,0.0,"[50.0, 88.95728979619071, 88.9572897961907]",36
174,1820757617,settled,Rk4i_0022,unmatched,,"[-0.5010353124202004, 0.6673439701378755, -0.2903095196649054, -0.46833324035406926]","[-0.49973737333389195, 0.5001299851016336, -0.49985537019728443, -0.5002770878028673]","[478.0725350320175, 18.652370583509374, 7.355652777187211]",5.1200000000000445,100.0,0.0,"[50.0, 95.0157654469493, 95.01576544694932]",16
175,3255375637,settled,Rk4i_0016,unmatched,,"[0.16079504159719665, 0.03163046504438766, 0.9836813166119124, -0.07426665218983812]","[-1.8912718782118895e-05, 2.4499942389233368e-05, 0.9999999564225232, 0.00029359327955289096]","[477.9690587464145, 10.003240560010425, 11.348672507403432]",5.170000000000061,100.0,0.0,"[50.0, 86.19707282381759, 86.1970728238176]",25
176,1973362254,settled,Rk4i_0009,unmatched,,"[0.4370329981051625, 0.6281019972483824, 0.25933110964107237, -0.5892685425102347]","[0.5002375264174217, 0.49977931287778526, 0.5002771233955949, -0.4997057688182286]","[477.79857766347664, 11.368174216809912, 7.352834361989046]",5.110000000000041,100.0,0.0,"[50.0, 88.88034639606366, 88.88034639606367]",22
177,817567550,settled,Rk4i_0007,unmatched,,"[-0.6508066209752018, 0.08221533458115264, 0.55707091057372, 0.5092773129122438]","[-0.4998809580165183, 0.5001302727977782, 0.4998876688813855, 0.5001010463336807]","[477.54779520252424, 11.362417656872642, 7.641126381387675]",5.0600000000000245,100.0,0.0,"[50.0, 89.33850203662399, 89.338502036624]",19
178,3034277235,settled,Rk4i_0005,unmatched,,"[0.8184751723934598, -0.1985326357737203, 0.4910595501215825, -0.22258414800390608]","[0.707218194956354, 0.00015324808834635273, 0.7069952896082603, 0.0002484138324145013]","[478.1122073999518, 10.01199280510424, 7.3574519417822035]",5.170000000000061,100.0,0.0,"[50.0, 91.37183064540959, 91.3718306454096]",20
179,422340604,settled,Rk4i_0010,unmatched,,"[-0.10515306509406758, -0.6939169060083207, 0.5688745799846401, 0.4287235387804846]","[-0.5001514519821367, -0.4999628690060013, 0.4998127862932317, 0.5000728280493201]","[477.8227065566435, 7.3610475779519575, 10.003793400617011]",5.220000000000078,100.0,0.0,"[50.0, 93.71843533802932, 93.71843533802931]",38
180,2537213971,settled,Rk4i_0006,unmatched,,"[0.23132630909009871, 0.46561995068971057, -0.8276594625733378, 0.21134335630740153]","[0.7072030369626171, -0.0002705697333075796, -0.7070104409849681, 0.0001662561625890846]","[478.28142980519857, 10.003884680131682, 7.640574161838465]",5.280000000000098,100.0,0.0,"[50.0, 94.70554397575627, 94.70554397575624]",20
181,2777209301,settled,Rk4i_0016,unmatched,,"[0.32930012781810725, 0.01867638849719574, 0.9112679827706169, -0.24658321497792762]","[-0.00011595315914383813, -4.0626455251657756e-05, 0.9999999017647114, 0.0004258813491248108]","[478.33018890972886, 10.006640088398633, 11.351057417571432]",5.230000000000081,100.0,0.0,"[50.0, 87.35726815759696, 87.35726815759698]",17
182,3393578195,settled,Rk4i_0016,unmatched,,"[-0.15397492832795756, 0.3309463782688252, -0.9275545927691834, -0.08005431649787881]","[4.658872947169744e-05, 0.0001010145764140935, -0.9999999901969884, 8.503863091056112e-05]","[478.25310003835483, 10.004013139240882, 11.351614125737113]",5.320000000000111,100.0,0.0,"[50.0, 92.64316481984866, 92.64316481984868]",35
183,968986378,settled,Rk4i_0010,unmatched,,"[-0.4905117620949998, -0.29508233684492746, 0.22153130108786623, 0.7894608973007544]","[-0.5001540179551764, -0.4998952429581694, 0.5001544062102676, 0.4997962328184763]","[477.85544223252555, 7.359939291560048, 10.002637421594601]",5.300000000000105,100.0,0.0,"[50.0, 88.9255488240759, 88.92554882407592]",25
184,688328363,settled,Rk4i_0021,unmatched,,"[0.6574786135502686, 0.48651254614584893, 0.39037759997999605, 0.4226496712415117]","[0.5001237145090505, 0.500099620545604, 0.4999912442674148, 0.4997853492968107]","[478.14557680560193, 7.35928894382662, 9.994660245101619]",5.110000000000041,100.0,0.0,"[50.0, 89.11947186262603, 89.11947186262604]",40
185,4152859901,settled,Rk4i_0005,unmatched,,"[0.8341644144507744, 0.048874222441177215, 0.5394240533290614, -0.10393618587774474]","[0.7070415698718509, -9.016910825332403e-06, 0.7071719790022277, 0.00010249837476200563]","[477.80712602974216, 10.004541730315752, 7.3501524978797885]",5.1200000000000445,100.0,0.0,"[50.0, 88.00245621596213, 88.00245621596214]",24
186,1795468969,settled,Rk4i_0009,unmatched,,"[0.6958911543690574, 0.6723588408308361, 0.1118583646721971, -0.22617868308126884]","[0.5004166888193822, 0.49973227537144205, 0.5000195079153259, -0.4998312537319393]","[477.918383009007, 11.36239146840442, 7.349946860913109]",5.190000000000068,100.0,0.0,"[50.0, 94.00914688113151, 94.00914688113153]",23
187,2590496957,settled,Rk4i_0014,unmatched,,"[0.1047572316295402, 0.8643758926302282, 0.4643415446167823, 0.16207149226163065]","[-0.0002229917238883028, 0.707235614005347, 0.7069777193971346, 0.0004907475904672759]","[478.2466328903596, 11.34950891507878, 9.999604172697252]",5.1500000000000545,100.0,0.0,"[50.0, 92.1029513834904, 92.10295138349039]",17
188,3299187091,settled,Rk4i_0011,unmatched,,"[0.20222460773203968, 0.2009896358457774, -0.3863384758428723, -0.8771835363215675]","[-0.0002869579021958779, -4.192499019162188e-05, -0.7070155788009908, -0.7071979123485572]","[478.060973206572, 7.364803309028436, 11.352230419568544]",5.140000000000051,100.0,0.0,"[50.0, 88.76161912699799, 88.761619126998]",28
189,1977285233,settled,Rk4i_0011,unmatched,,"[-0.32756654353009235, 0.8699542333514705, 0.3587758928499423, 0.08461471587927127]","[-0.0005815808655526278, -6.915112769939613e-05, 0.7071408105340758, 0.7070725076390882]","[477.961861363298, 7.3614822677810565, 11.355016816764536]",5.260000000000091,100.0,0.0,"[50.0, 94.90204511297739, 94.90204511297738]",31
190,2229299064,settled,Rk4i_0024,unmatched,,"[-0.619164876115041, -0.029487633076919168, 0.09038781523465148, -0.7794840463653336]","[-0.7071663169490606, 0.00031373927940888616, -0.0005291373154652198, -0.7070469728059563]","[477.6351089399416, 18.655675705185008, 10.000089968941284]",5.140000000000051,100.0,0.0,"[50.0, 93.77785434274999, 93.77785434275]",14
191,621973311,settled,Rk4i_0011,unmatched,,"[0.16166114230001008, 0.06193822841095333, -0.8426691729137268, -0.5098411477631677]","[-8.842896015215373e-06, 9.152939095813384e-06, -0.707088813090744, -0.7071247487112511]","[478.01061558125906, 7.349959833622876, 11.34864205013406]",5.0300000000000145,100.0,0.0,"[50.0, 87.6748849489147, 87.67488494891468]",29
192,3137073118,settled,Rk4i_0001,unmatched,,"[-0.9517371159511713, -0.13330978245545402, -0.10058018127309286, -0.2575045458971512]","[-0.9999999818919624, 5.046081848282928e-05, -0.00012144369418877342, -0.00013755438950285861]","[477.66327841567823, 10.004162748988943, 18.635615041068945]",5.0600000000000245,100.0,0.0,"[50.0, 94.58104242107228, 94.5810424210723]",14
193,1722482046,settled,Rk4i_0018,unmatched,,"[0.08813421819190732, -0.994524617110877, -0.03387195651061283, 0.0447865616709708]","[-2.666551497172119e-05, -0.9999999656574521, -0.00024667940846839764, -8.439973002876921e-05]","[478.27259056892024, 10.004512515863748, 18.644871895892717]",5.110000000000041,100.0,0.0,"[50.0, 92.60496176279408, 92.60496176279405]",21
194,2843863878,settled,Rk4i_0005,unmatched,,"[-0.792454714480961, 0.19954686388438475, -0.5738415226829097, 0.0538746828831977]","[-0.707113674866369, 2.897181526184678e-05, -0.7070998828572412, -7.5105849604018e-05]","[478.3355970596, 10.001872249112207, 7.352013428460234]",5.140000000000051,100.0,0.0,"[50.0, 88.64280029271, 88.64280029271002]",28
195,3220027874,settled,Rk4i_0024,unmatched,,"[0.7896857943755625, -0.03461262758727217, -0.1393528469326443, 0.5964722090967093]","[0.7074179888469296, 1.5406109187577685e-05, 4.952177254780672e-05, 0.7067954345961858]","[477.923123577171, 18.643704664034136, 10.000912151664819]",5.110000000000041,100.0,0.0,"[50.0, 94.64785991312819, 94.6478599131282]",31
196,2854411774,settled,Rk4i_0020,unmatched,,"[0.25812684870484337, -0.42701643641739917, -0.8403627789845408, 0.21170236820704633]","[0.4998693430120962, -0.49995603210571515, -0.5000381297192583, 0.5001364560843679]","[478.10430925876625, 7.653508177679834, 9.99574220229701]",5.310000000000108,100.0,0.0,"[50.0, 89.48051535063411, 89.48051535063412]",24
197,656915034,settled,Rk4i_0013,unmatched,,"[0.12784497927697372, 0.19566603027633855, -0.8798667290965462, 0.4137692652898647]","[6.560717418871431e-05, 7.543042849622594e-05, -0.707108549651535, 0.7071050056502584]","[478.0875255398918, 7.653625928809034, 11.344838256101367]",5.250000000000088,100.0,0.0,"[50.0, 92.09981697716465, 92.09981697716466]",29
198,3284494407,settled,Rk4i_0017,unmatched,,"[0.06860253914579117, 0.045309811010266335, -0.15727795108926526, 0.9841261904604139]","[0.00032227990036731713, -0.00011743986165139073, -0.00017790164886210806, 0.9999999253472713]","[477.96779636105475, 10.00797458834977, 11.35183062863954]",5.130000000000048,100.0,0.0,"[50.0, 87.22517724631037, 87.22517724631038]",27
199,1067328885,settled,Rk4i_0017,unmatched,,"[-0.25591978843345803, -0.19766273096154707, 0.15568931420534965, -0.9333784570683347]","[-0.0003396333102528848, 0.00013928775428131423, 0.00014233599609665077, -0.9999999224942973]","[478.26790568336963, 10.006661156325805, 11.353983554790855]",5.230000000000081,100.0,0.0,"[50.0, 92.42142085863652, 92.42142085863651]",25
200,1022616554,settled,Rk4i_0008,unmatched,,"[-0.8238360682547088, 0.3606969984141823, -0.22922594801049753, 0.37235369306119537]","[-0.4998981679849237, 0.4998923856876874, -0.49994721777758455, 0.5002621350984322]","[477.8088710244128, 7.64944817743673, 9.995531305798162]",5.1800000000000646,100.0,0.0,"[50.0, 92.81888440343415, 92.81888440343414]",30
201,2676922396,settled,Rk4i_0009,unmatched,,"[0.5670889684174194, 0.5750736296769055, 0.14364165261314565, -0.5718981535064273]","[0.5000063518606093, 0.4999258667538662, 0.5000890187297111, -0.4999787487437793]","[478.2741156442464, 11.36463090318748, 7.349685441783877]",5.110000000000041,100.0,0.0,"[50.0, 89.25988205656456, 89.25988205656458]",21
202,2816620340,settled,Rk4i_0007,unmatched,,"[-0.7565840465540268, 0.6103532874587686, 0.21623990110412925, 0.09104806510126615]","[-0.5002029912266075, 0.4998494149755079, 0.4996745467991085, 0.5002728027763477]","[477.9663501596593, 11.352964297548564, 7.64746657756366]",5.070000000000028,100.0,0.0,"[50.0, 93.91945673236681, 93.91945673236683]",17
203,955953799,settled,Rk4i_0012,unmatched,,"[0.11073782713774945, 0.9170597891921606, -0.07497005608619735, -0.37565671480498297]","[0.0002287259291491872, 0.707119629815105, -0.00010148109190707966, -0.7070938880489537]","[478.26715894256307, 10.011733996961658, 7.3517964631467505]",5.050000000000021,100.0,0.0,"[50.0, 93.03735069565158, 93.0373506956516]",19
204,2242742075,settled,Rk4i_0010,unmatched,,"[-0.5055708590298321, -0.21761777531037735, 0.4139789610763628, 0.725025537588115]","[-0.5000550428687117, -0.500317998429447, 0.4994422881535134, 0.5001842214155758]","[477.8654889686481, 7.362814317335313, 9.998660985017285]",5.230000000000081,100.0,0.0,"[50.0, 87.10495340872409, 87.10495340872407]",25
205,563646561,settled,Rk4i_0011,unmatched,,"[0.1809966848044624, -0.019574520890661435, 0.7801086826909813, 0.5985711999518831]","[-8.63525306377122e-06, 0.0003865423464781137, 0.7070554919926421, 0.7071579609631004]","[477.54502888599694, 7.346815196538596, 11.347257120365326]",5.140000000000051,100.0,0.0,"[50.0, 87.42039071865283, 87.42039071865284]",34
206,1252269686,settled,Rk4i_0011,unmatched,,"[-0.011368646951402817, -0.28266853817251103, 0.7576322028925588, 0.5881859370420873]","[-0.00014125539806397747, -8.369813967179507e-07, 0.7070564711044582, 0.7071570735809141]","[478.145913001952, 7.354765288487336, 11.355855527562294]",5.140000000000051,100.0,0.0,"[50.0, 88.98101605490953, 88.98101605490952]",31
207,4027616480,settled,Rk4i_0021,unmatched,,"[-0.68043651234536, -0.516815929602009, -0.050263332945028244, -0.5170890106530511]","[-0.5000861731162843, -0.5000007227522282, -0.499891607668271, -0.5000214768267365]","[478.12822448418314, 7.357976922505226, 10.002728430696623]",5.190000000000068,100.0,0.0,"[50.0, 92.41262810436677, 92.41262810436679]",33
208,3293718972,settled,Rk4i_0007,unmatched,,"[-0.08516311405964443, 0.5620827045333399, 0.651702175353801, 0.5020901830421239]","[-0.49984904005616837, 0.49994292192019174, 0.5001098801106967, 0.5000981101668877]","[477.9083448318333, 11.35092644241923, 7.650483448874663]",5.320000000000111,100.0,0.0,"[50.0, 88.36078376195279, 88.36078376195277]",21
209,1890189631,settled,Rk4i_0012,unmatched,,"[-0.3394955856316147, 0.8200204556643811, -0.259860350300175, -0.3805020341213674]","[-0.00023881500465616767, 0.7069208530357745, 0.00020658217211536045, -0.7072925899755863]","[478.01445125476033, 10.000339057865512, 7.351534339749131]",4.939999999999984,100.0,0.0,"[50.0, 94.56569774462908, 94.56569774462909]",23
210,3852779429,settled,Rk4i_0015,unmatched,,"[-0.07873436011047828, 0.8811833971798156, -0.4645710261040449, -0.03860677113237618]","[-1.6444782485868102e-06, 0.7071478098786216, -0.7070657459481758, 7.673274753467125e-05]","[477.9911945937042, 18.660241899668403, 10.002079487602483]",5.040000000000018,100.0,0.0,"[50.0, 94.43827909808074, 94.43827909808071]",23
211,3574699569,settled,Rk4i_0013,unmatched,,"[-0.014546357465746501, -0.03992950916464047, 0.7826885063450515, -0.6209611419547136]","[-0.00016868944141523734, -0.0003413496413847972, 0.7070047580545449, -0.7072086871019961]","[477.72907946696915, 7.638788381149339, 11.352365302218702]",5.1200000000000445,100.0,0.0,"[50.0, 85.01932266555517, 85.01932266555515]",29
212,2869775536,settled,Rk4i_0007,unmatched,,"[-0.3863819961020629, 0.2479889883113953, 0.7960141815311683, 0.39442595954848136]","[-0.49981021172413176, 0.5005160224056868, 0.4997840141493348, 0.499889390537793]","[478.1089659933285, 11.358381763868946, 7.645070316950456]",5.1800000000000646,100.0,0.0,"[50.0, 89.51940444104768, 89.5194044410477]",21
213,4134650688,settled,Rk4i_0003,unmatched,,"[-0.7081233746404337, 0.6882251021543365, -0.14514896229160873, 0.0619618737464115]","[-0.7071518445188597, 0.7070616676400308, -0.00022350906128695835, 0.00013035095989247236]","[477.57213611382474, 7.646226746428405, 18.64565567175797]",5.020000000000011,100.0,0.0,"[50.0, 94.1896744720147, 94.18967447201472]",22
214,2427166635,settled,Rk4i_0006,unmatched,,"[-0.7325272346230783, -0.4320528088242486, 0.4107407595996201, -0.3286734691545241]","[-0.7070430994535964, 2.7296806107690585e-06, 0.7071703907842988, -0.00030644017826506054]","[478.06207395770133, 10.004823247998115, 7.643744370641138]",5.140000000000051,100.0,0.0,"[50.0, 95.08402264578648, 95.08402264578646]",20
215,1727678526,settled,Rk4i_0005,unmatched,,"[-0.817861978484829, -0.44515403845660717, -0.3381080399473218, 0.13646471894828646]","[-0.7071447657060813, 0.00011302479498465079, -0.707068782146091, -6.981640880338036e-05]","[477.6423269650759, 10.007784085252402, 7.348427268104204]",5.140000000000051,100.0,0.0,"[50.0, 92.13880385593006, 92.13880385593005]",36
216,1757121035,settled,Rk4i_0004,unmatched,,"[-0.9059781301467139, -0.3465295566639513, 0.21530600688523707, -0.11297883630699883]","[-0.7071757839739079, -0.7070377619669275, 9.18912939281702e-05, 7.259254369484937e-05]","[477.5522407532309, 7.362031304396998, 18.648758782434076]",5.080000000000031,100.0,0.0,"[50.0, 93.29057111168662, 93.29057111168663]",36
217,3717735769,settled,Rk4i_0007,unmatched,,"[0.5094001570299311, -0.5002641495458026, -0.18323984826967746, -0.6757739405327805]","[0.5004066112913528, -0.49963151693148705, -0.4997830683041607, -0.5001784234661917]","[477.56519853691265, 11.35012842528578, 7.641155959624208]",5.0900000000000345,100.0,0.0,"[50.0, 88.74968092457911, 88.7496809245791]",19
218,3836871440,settled,Rk4i_0009,unmatched,,"[-0.4194565967077174, -0.8442144356203974, -0.1926679974710818, 0.2724650306351189]","[-0.49996954870049165, -0.49999717810525046, -0.5000417285387866, 0.49999154190741646]","[477.57169714855553, 11.356580351542215, 7.350539657942682]",5.010000000000008,100.0,0.0,"[50.0, 92.74418320152981, 92.74418320152981]",20
219,2749509740,settled,Rk4i_0018,unmatched,,"[-0.1597855590775447, 0.9155824751788669, -0.36890595336263704, -0.009257636265270899]","[0.000126538088530078, 0.9999999632923348, 0.00016196149228281387, 0.00017655570359829145]","[477.6099020338013, 10.004722292717503, 18.654141323542017]",5.1200000000000445,100.0,0.0,"[50.0, 94.31579512858913, 94.31579512858914]",22
220,2774629600,settled,Rk4i_0010,unmatched,,"[-0.30825961786575184, -0.5268689113523266, 0.49770258237844495, 0.616179598605392]","[-0.5000489306679605, -0.4997273287365944, 0.5001097943109687, 0.5001138445252815]","[477.6831639370452, 7.352430228025305, 10.004491164770414]",5.240000000000085,100.0,0.0,"[50.0, 87.16430876736275, 87.16430876736277]",30
221,4108662306,settled,Rk4i_0014,unmatched,,"[-0.3062271054652854, -0.3870148795577624, -0.8664927602010577, 0.07506490124149866]","[-5.7091509607420207e-05, -0.7070996959352495, -0.7071137981305816, -0.0003053558261790937]","[477.63116443380494, 11.358414529973015, 10.002617857983175]",5.250000000000088,100.0,0.0,"[50.0, 89.10971764083511, 89.10971764083513]",21
222,3915063510,settled,Rk4i_0019,unmatched,,"[0.46725796019968024, 0.8012846212229413, -0.1304090628171751, 0.3501520109278076]","[-2.756641922868619e-06, 0.7073518644807405, -5.297292796146991e-05, 0.7068616109267004]","[477.6998174885833, 10.0161873416581, 7.644543488942081]",5.190000000000068,100.0,0.0,"[50.0, 92.83800077633202, 92.83800077633204]",21
223,4074036573,settled,Rk4i_0021,unmatched,,"[-0.22252096209612113, -0.8929375005362474, -0.2719299177765263, -0.2814270089773681]","[-0.499792572201016, -0.5001201220181192, -0.5001503598267252, -0.499936861904052]","[478.05298814005897, 7.358113824300507, 10.002992040244354]",5.0900000000000345,100.0,0.0,"[50.0, 94.67349612431916, 94.67349612431917]",29
224,1229361572,settled,Rk4i_0019,unmatched,,"[-0.5077338642986794, -0.31380879933589584, 0.060137209423592304, -0.8000711696758213]","[-0.0001522013401556721, -0.7071433895420429, -0.00034329336036936775, -0.7070700712174229]","[477.55339787622574, 10.002121336025118, 7.6531387313449954]",4.979999999999998,100.0,0.0,"[50.0, 94.97249985493016, 94.97249985493016]",21
225,1745034590,settled,Rk4i_0022,unmatched,,"[-0.40236593803313664, 0.6784087334039052, -0.5993055388273092, -0.1367337320595452]","[-0.5002283482131686, 0.500014496799017, -0.4999005758479711, -0.4998564963083082]","[478.30961878280004, 18.648123211678136, 7.345832020641744]",5.040000000000018,100.0,0.0,"[50.0, 93.2689152914189, 93.26891529141892]",18
226,4151795851,settled,Rk4i_0010,unmatched,,"[0.37827042312259135, 0.7093878632050035, -0.5596843583528156, -0.20108148980772006]","[0.49987908384846014, 0.499915979204383, -0.5001184652050106, -0.5000864285580362]","[478.26923543517427, 7.35297387701034, 10.00228422622122]",5.0600000000000245,100.0,0.0,"[50.0, 91.15644500513224, 91.15644500513223]",28
227,2697486113,settled,Rk4i_0020,unmatched,,"[-0.638297706726111, 0.517839873353241, 0.35548034649844024, -0.4450299163056749]","[-0.49993532951057684, 0.5000277341970705, 0.49997193511678356, -0.5000649912126159]","[477.82785713775843, 7.655577464869984, 9.999864134320902]",5.160000000000058,100.0,0.0,"[50.0, 88.67431463702505, 88.67431463702506]",24
228,2966183571,settled,Rk4i_0008,unmatched,,"[-0.4050248111058649, 0.5694886344768997, -0.6901580810227609, 0.18793461838968]","[-0.49982032122219605, 0.5000816769021101, -0.5000562014293404, 0.5000417565885605]","[477.8808338891907, 7.649803362481253, 10.003434571681419]",5.0900000000000345,100.0,0.0,"[50.0, 92.8489037716341, 92.84890377163411]",27
229,2500031451,settled,Rk4i_0007,unmatched,,"[0.76319034690919, -0.2277529373624901, -0.35234984779530726, -0.49144549918176267]","[0.5000615830043179, -0.5000309817868861, -0.5001491259247296, -0.49975822383747487]","[477.6032198593731, 11.366319277575217, 7.646442659282063]",5.000000000000004,100.0,0.0,"[50.0, 89.44132072094546, 89.44132072094547]",20
230,2561181116,settled,Rk4i_0006,unmatched,,"[0.5557099502907066, 0.18332897211156124, -0.733061527964434, 0.3466954504328954]","[0.70721185262426, 0.0002741814843066348, -0.7070016276433807, 0.00013726574982794726]","[478.1996074472101, 10.003319943976647, 7.64272075082763]",5.160000000000058,100.0,0.0,"[50.0, 94.16108787392835, 94.16108787392837]",19
231,65157401,settled,Rk4i_0005,unmatched,,"[0.7007348822005915, 0.34419107347733346, 0.6134359061064913, -0.1191617342318908]","[0.7071461130954455, 1.7807643205941526e-05, 0.7070674438291292, 6.55273428014913e-05]","[477.5203949381053, 10.004363639449679, 7.353447108102291]",5.140000000000051,100.0,0.0,"[50.0, 89.21884103101942, 89.21884103101944]",25
232,2234388547,settled,Rk4i_0009,unmatched,,"[0.6047940157947055, 0.6077553528195518, 0.07337389496054626, -0.5093858077296758]","[0.4999255225525553, 0.49997325602395104, 0.5000401846472449, -0.5000610251752406]","[477.8147640282028, 11.356704225380089, 7.3445726362776735]",5.0600000000000245,100.0,0.0,"[50.0, 91.95573614166801, 91.955736141668]",28
233,2166876674,settled,Rk4i_0006,unmatched,,"[0.337147373849726, 0.47287700853367526, -0.8005264802242199, 0.14790651630775833]","[0.7071767470176541, -0.0002370184996557667, -0.707036767185782, -4.633829866290684e-05]","[478.12815251289805, 10.01501408508574, 7.651102067541847]",5.400000000000138,100.0,0.0,"[50.0, 94.38254140358609, 94.38254140358607]",28
234,372911645,settled,Rk4i_0007,unmatched,,"[0.45729859765411696, -0.2994543659042598, -0.817463624635389, -0.18154420321901665]","[0.5002583693665255, -0.4997825455371112, -0.49964595676201257, -0.5003127911082862]","[477.8486541054531, 11.34766266052974, 7.645451998610958]",5.160000000000058,100.0,0.0,"[50.0, 87.86930551195516, 87.86930551195515]",16
235,2861615969,settled,Rk4i_0019,unmatched,,"[-0.23990956037846306, -0.901204257015366, -0.03228041700793559, -0.35948889364511455]","[-2.884545779846537e-05, -0.7071747165025518, 0.0001124325780949842, -0.7070388298151599]","[478.28693843598603, 10.008546566795577, 7.646046744219635]",5.200000000000071,100.0,0.0,"[50.0, 93.64290485698537, 93.64290485698538]",31
236,2387200314,settled,Rk4i_0016,unmatched,,"[0.013659507951663442, 0.4204500321245355, -0.9053954738728021, 0.05739533273394037]","[2.574502714560547e-05, -2.2702834500121227e-06, -0.9999999650141281, 0.00026325611499498393]","[477.7418645193085, 10.002327523171974, 11.353113912938781]",5.100000000000038,100.0,0.0,"[50.0, 94.04300401494972, 94.04300401494973]",18
237,1385614205,settled,Rk4i_0012,unmatched,,"[-0.04519506248186818, -0.48284814014254235, -0.26943042102355846, 0.8319989952609412]","[8.95541610722861e-05, -0.7071159231628564, 7.999535293545802e-05, 0.7070976288959943]","[477.9987301136654, 10.003658121508803, 7.351124309521492]",5.190000000000068,100.0,0.0,"[50.0, 88.11982437737275, 88.11982437737277]",17
238,1583315686,settled,Rk4i_0021,unmatched,,"[0.6752684329575351, 0.1680356411288354, 0.18105246852978027, 0.6949795467499522]","[0.5001921731750032, 0.49998422267804665, 0.4999622254998611, 0.4998613208088051]","[477.5112862154068, 7.345670447676444, 10.002050456882214]",5.070000000000028,100.0,0.0,"[50.0, 92.82291239166307, 92.82291239166308]",37
239,3858463115,settled,Rk4i_0018,unmatched,,"[-0.02604605381927596, 0.9764416198827186, -0.2089560607397276, -0.047124629668476824]","[0.00015827523419714067, 0.9999999617984717, 2.149881837409939e-05, 0.0002255876904721]","[477.90427372573197, 9.999650539793484, 18.643297890438696]",5.130000000000048,100.0,0.0,"[50.0, 94.46034513741988, 94.46034513741989]",22
240,341800848,settled,Rk4i_0021,unmatched,,"[0.559550952873797, 0.4583146987576111, 0.5125176614239061, 0.462791545697754]","[0.4997229886763275, 0.5000972896894653, 0.4998163084549211, 0.5003631613499793]","[478.235152103355, 7.353979447393978, 9.996465792740782]",5.1200000000000445,100.0,0.0,"[50.0, 84.54929828910747, 84.54929828910748]",33
241,2423485330,settled,Rk4i_0003,unmatched,,"[-0.8623942645929769, 0.4774291536592661, -0.15922513505175553, -0.0546341651449517]","[-0.7068796694125511, 0.7073338124223663, 1.5350553197290843e-05, -0.00010266257332497421]","[478.1525569286696, 7.647805169841898, 18.64156455105028]",4.959999999999991,100.0,0.0,"[50.0, 93.28296414503443, 93.28296414503444]",27
242,3180880856,settled,Rk4i_0014,unmatched,,"[0.10224891412479975, -0.955790906892587, -0.16146386686159142, 0.22346883800621423]","[0.0001782525268825115, -0.7070899186245779, -0.7071233676162026, -0.0005984786087799626]","[477.9919924819882, 11.366086416036863, 10.009467010443524]",5.220000000000078,100.0,0.0,"[50.0, 94.9657993729988, 94.96579937299882]",18
243,2801613835,settled,Rk4i_0020,unmatched,,"[-0.14433092329872946, 0.7897983796467177, 0.5282216439799444, -0.2763494145430388]","[-0.49990156440253714, 0.49995211534439254, 0.5001204107728705, -0.5000258823290435]","[477.94314057684016, 7.65602063779486, 9.995872442957749]",5.360000000000125,100.0,0.0,"[50.0, 89.33433524776801, 89.33433524776802]",22
244,90147713,settled,Rk4i_0018,unmatched,,"[-0.210859600307379, -0.9719644633107304, -0.07201725142344272, 0.07507880204630919]","[-8.610646613138993e-05, -0.9999999732337445, 0.000211299078617333, 3.835213532458616e-05]","[477.8752189601892, 10.002114844348872, 18.64772157169095]",5.210000000000075,100.0,0.0,"[50.0, 93.3349452075356, 93.33494520753561]",26
245,1005713428,settled,Rk4i_0006,unmatched,,"[0.6667427871336417, 0.021383060332239117, -0.7075360080632618, -0.23321581813846876]","[0.7070961603403919, -3.062448879087576e-05, -0.7071173642288341, -0.00022869211206635875]","[477.7873952900895, 9.995672292862537, 7.641451461009508]",5.140000000000051,100.0,0.0,"[50.0, 87.43699533762191, 87.4369953376219]",22
246,2629818591,settled,Rk4i_0012,unmatched,,"[0.05151306419367056, -0.9158602742422736, 0.24549129762624153, 0.313497025619112]","[9.24517763579713e-05, -0.7071327677037424, 0.00021246377803355032, 0.7070807557496225]","[477.6564978476421, 9.994710202299634, 7.353416409182464]",5.040000000000018,100.0,0.0,"[50.0, 94.02786709469355, 94.02786709469356]",25
247,3392212039,settled,Rk4i_0012,unmatched,,"[-0.13576075001630175, -0.3113963090186456, 0.34394700026860947, 0.8753866679878102]","[0.00041944958666650933, -0.7070682335953333, 0.0002645595405947332, 0.7071451527873672]","[477.9043647023434, 9.999972302270029, 7.351187744804061]",5.170000000000061,100.0,0.0,"[50.0, 89.28377603558506, 89.28377603558505]",28
248,2276997534,settled,Rk4i_0006,unmatched,,"[-0.5611092435708998, -0.34654972379426824, 0.7170849059217052, -0.2254971029008315]","[-0.7070200559973896, 0.00030417517196026917, 0.7071934229894847, 0.00010185935639558938]","[478.15822952425566, 10.000478450762698, 7.645108002293087]",5.210000000000075,100.0,0.0,"[50.0, 93.76074804135797, 93.76074804135799]",20
249,3484193762,settled,Rk4i_0007,unmatched,,"[0.6459184252746818, -0.4977225913968061, -0.5385794684465182, -0.21211734033734517]","[0.49991658556108004, -0.49967791668694334, -0.5000484960065933, -0.5003567614191815]","[478.24685825107906, 11.36113250599478, 7.636381636271254]",5.100000000000038,100.0,0.0,"[50.0, 89.22246897456414, 89.22246897456415]",18
250,2295828995,settled,Rk4i_0015,unmatched,,"[-0.013476426495046517, 0.8381611037621863, -0.5451108033376667, 0.01259214650648228]","[2.1717653015982748e-05, 0.707172058342462, -0.7070414970989947, -2.842606922687039e-05]","[477.9387284615887, 18.656982115642226, 9.996163090978442]",5.070000000000028,100.0,0.0,"[50.0, 94.0757658255727, 94.07576582557272]",19
251,3771793615,settled,Rk4i_0008,unmatched,,"[0.23254083200101008, -0.6380020625267856, 0.7262400279824832, -0.10702126620372046]","[0.4999453927322873, -0.4999262804940381, 0.5001977598303737, -0.4999305145896091]","[477.56764072729277, 7.6562389257934, 9.99556016781412]",5.170000000000061,100.0,0.0,"[50.0, 94.15094948905868, 94.15094948905869]",23
252,3118298281,settled,Rk4i_0007,unmatched,,"[-0.14263487038408665, 0.7213743627836406, 0.5770605745656794, 0.3553525232089105]","[-0.4995738299670606, 0.5001520963461032, 0.5007150499061875, 0.4995581124654918]","[477.5609045007274, 11.350140850598164, 7.6484166568226515]",5.140000000000051,100.0,0.0,"[50.0, 87.74820467480843, 87.74820467480845]",20
253,1906367210,settled,Rk4i_0002,unmatched,,"[-0.6176317723461163, 0.026733677711732354, -0.29175170048315346, 0.7298611166035553]","[-0.7070940892507841, -0.0003998720890020435, 0.00013501109029442652, 0.707119346942878]","[478.1361731222612, 11.347872744116838, 10.002202067654505]",5.0600000000000245,100.0,0.0,"[50.0, 86.94545854444603, 86.94545854444604]",17
254,2833079087,settled,Rk4i_0002,unmatched,,"[-0.6668495150154875, 0.25735878105545934, 0.037236704706548183, 0.6983492034504332]","[-0.7070250638931014, 1.198940863104332e-05, -9.381053028488485e-05, 0.7071884827136218]","[477.70783993377745, 11.355140487805139, 10.00013609833097]",5.140000000000051,100.0,0.0,"[50.0, 86.80675457675521, 86.80675457675522]",18
255,2368896303,settled,Rk4i_0005,unmatched,,"[-0.7155871487157034, 0.006217157027642254, -0.4538640368280027, 0.5309461513426882]","[-0.7071136217477594, 0.00014533587913692636, -0.7070999085650851, 0.00015531740811938755]","[478.16146853766, 10.00625961705546, 7.352885965577959]",5.170000000000061,100.0,0.0,"[50.0, 89.38721378466566, 89.38721378466568]",27
256,1598618583,settled,Rk4i_0003,unmatched,,"[-0.6568789595911407, 0.7116914753260162, 0.16538963778309454, -0.18614925223786338]","[-0.7068836616041322, 0.7073297861360761, 0.00022198766297376607, -0.00011542662345065403]","[478.3481193957865, 7.644969770178224, 18.64704129113515]",5.250000000000088,100.0,0.0,"[50.0, 94.19646303286383, 94.19646303286385]",41
257,1244567859,settled,Rk4i_0021,unmatched,,"[0.565260253583024, 0.7320121545565798, -0.09164890005678931, 0.36910639444348603]","[0.5003643237827012, 0.4997025345819601, 0.4998818300219385, 0.5000510738232277]","[477.93672165086366, 7.355353607256362, 9.998486605638996]",5.320000000000111,100.0,0.0,"[50.0, 93.71969605482298, 93.71969605482296]",28
258,3419669745,settled,Rk4i_0007,unmatched,,"[-0.35962053045550435, 0.37637508056528163, 0.452864258304126, 0.723829286748632]","[-0.5001302733275201, 0.5000446531010558, 0.4999840419925087, 0.4998409870741076]","[478.05777230549023, 11.355250237906887, 7.646352723966774]",5.110000000000041,100.0,0.0,"[50.0, 88.63235603365206, 88.63235603365204]",20
259,4100535516,settled,Rk4i_0019,unmatched,,"[-0.04495724533447707, 0.8754213017997509, -0.38056707385774335, 0.29459309690235463]","[-4.5091544591868704e-05, 0.7069303818913928, -0.00037324420360551613, 0.7072830365662722]","[478.01706272858206, 10.00971648177706, 7.6499151760951145]",5.220000000000078,100.0,0.0,"[50.0, 94.0215772461403, 94.02157724614031]",29
260,3322081678,settled,Rk4i_0012,unmatched,,"[-0.257573637444613, 0.29792073162711874, 0.01884675617382141, -0.9189906739146148]","[0.0005887825908928723, 0.7071044121398677, 9.234555497897312e-05, -0.7071088990669622]","[477.5628520090285, 10.030542249611235, 7.350451704890049]",5.210000000000075,100.0,0.0,"[50.0, 91.43399178262341, 91.43399178262342]",13
261,3513997404,settled,Rk4i_0009,unmatched,,"[-0.31160099473242947, -0.3848583634180207, -0.8382718690394293, 0.2282304400515085]","[-0.5001297622511595, -0.5000319995548558, -0.49985574481182565, 0.4999824544025388]","[477.7288648890594, 11.35982288320217, 7.356475110536698]",5.020000000000011,100.0,0.0,"[50.0, 88.73773422701281, 88.73773422701282]",12
262,3617040745,settled,Rk4i_0008,unmatched,,"[0.5076541819216592, -0.1836471652187958, 0.7481985211268992, -0.38569407989762045]","[0.4998298008458557, -0.5002672013253548, 0.500038503401167, -0.49986437418644897]","[478.2705206095144, 7.66020404659253, 10.004680845189815]",5.040000000000018,100.0,0.0,"[50.0, 88.65419083562493, 88.65419083562495]",20
263,2022730149,settled,Rk4i_0005,unmatched,,"[-0.9298814207432338, -0.20301241814567073, -0.28420845445175663, -0.11546452205476868]","[-0.7068719622536965, 0.00023275762872293493, -0.7073414614926783, 0.00017792385132894828]","[478.0238961030732, 10.001162178706428, 7.353937267353617]",5.220000000000078,100.0,0.0,"[50.0, 94.69220733101923, 94.69220733101923]",23
264,1323970333,settled,Rk4i_0007,unmatched,,"[0.5994108140143483, -0.43447983992292233, -0.3543480176053207, -0.5712892675014887]","[0.50010514352149, -0.4998277655722708, -0.5000868364529013, -0.49998020580110003]","[477.6372153020401, 11.356034528463905, 7.653018092672212]",5.100000000000038,100.0,0.0,"[50.0, 85.31725034602395, 85.31725034602397]",26
265,1607122480,settled,Rk4i_0014,unmatched,,"[-0.13729706028893218, -0.4824437451248737, -0.8624230310070737, 0.06800048245766428]","[-4.655215580788407e-05, -0.7071420580568151, -0.7070714694256485, -0.0002113866673334481]","[478.03626419393294, 11.360069299833437, 10.00627503932503]",5.200000000000071,100.0,0.0,"[50.0, 88.70882392413971, 88.70882392413972]",24
266,1954191936,settled,Rk4i_0003,unmatched,,"[-0.3750395254128309, 0.8965561916206081, 0.1285035455493662, -0.19753275279333296]","[-0.7070502114344824, 0.7071633272096367, -0.00011554387086201712, -0.00011751537767512588]","[478.2422358680605, 7.664923912968231, 18.647874703321634]",5.280000000000098,100.0,0.0,"[50.0, 94.96923171130672, 94.96923171130673]",34
267,1883267586,settled,Rk4i_0019,unmatched,,"[-0.31654266807496767, 0.7193013611458268, 0.15715600459856857, 0.5980871854172737]","[0.00022132736170718537, 0.7070712370840864, 0.00017527281130796935, 0.7071422671443283]","[478.0028534884683, 10.01124420183018, 7.647906440583657]",5.0600000000000245,100.0,0.0,"[50.0, 89.12220024335876, 89.12220024335878]",27
268,474705099,settled,Rk4i_0019,unmatched,,"[0.21873165072784517, -0.6332189067608778, 0.30525693972011464, -0.6767632391339983]","[8.360825174369424e-05, -0.7071647982425151, -0.00023778186314171723, -0.7070487144434031]","[477.7933137820263, 10.011169295810983, 7.649613139881588]",5.080000000000031,100.0,0.0,"[50.0, 86.85596329344838, 86.85596329344837]",21
269,1696503777,settled,Rk4i_0008,unmatched,,"[-0.5875972952099113, 0.4340333022380417, -0.6364929058043413, 0.2474293678427903]","[-0.5004405542756222, 0.5002521229597626, -0.4994763381430446, 0.49983042398975025]","[478.36984182939506, 7.6593490883698365, 10.000184734393347]",5.1200000000000445,100.0,0.0,"[50.0, 88.90835233582177, 88.90835233582179]",17
270,1623912174,settled,Rk4i_0024,unmatched,,"[0.7522539142905933, 0.1549308557746745, 0.05438614146876464, 0.6380851243992035]","[0.7072707895077354, -1.3564300544698448e-05, 1.7858965985780058e-05, 0.7069427344602757]","[478.3004723428362, 18.651066194191156, 10.001910457360916]",5.130000000000048,100.0,0.0,"[50.0, 93.8998987631885, 93.89989876318852]",19
271,2380680176,settled,Rk4i_0012,unmatched,,"[0.336042588214607, 0.7287339870388978, -0.08053921844792626, -0.5912153493712904]","[0.0003980034454273418, 0.7068953363615854, 0.00016699408048184705, -0.7073180311122258]","[478.1225597565318, 10.018334014366266, 7.34776563175304]",5.070000000000028,100.0,0.0,"[50.0, 89.16598620940123, 89.16598620940124]",14
272,3622048588,settled,Rk4i_0010,unmatched,,"[-0.19616592677403716, -0.3327489655198184, 0.5132945907767422, 0.7663717884928376]","[-0.5002734963192088, -0.5002138878780806, 0.49965948722159254, 0.49985287043679644]","[477.68698826722306, 7.359234503227127, 9.999769591779058]",5.320000000000111,100.0,0.0,"[50.0, 89.36733868137271, 89.3673386813727]",21
273,3881848330,settled,Rk4i_0021,unmatched,,"[-0.5152420723142735, -0.7359701103176574, -0.3787059312666199, -0.22238574877853687]","[-0.5000661420531657, -0.49988705797790967, -0.5001624858430385, -0.49988425719716917]","[477.6186777679823, 7.34827573033005, 9.994533188398641]",5.1200000000000445,100.0,0.0,"[50.0, 92.49388737798836, 92.49388737798837]",27
274,3493192325,settled,Rk4i_0002,unmatched,,"[0.5774921102786998, 0.09648544528746568, 0.025557378206479065, -0.8102717086463924]","[0.7071206031102314, -0.00020105372964882836, -8.345357932646598e-05, -0.7070929254842822]","[477.97977038013295, 11.348896713877139, 10.004959744088096]",5.050000000000021,100.0,0.0,"[50.0, 87.22228517857825, 87.22228517857826]",19
275,1815346335,settled,Rk4i_0015,unmatched,,"[0.2777221504941907, -0.6680519952292304, 0.6669217686384065, 0.17830393520992774]","[-9.855499989899893e-05, -0.7069565597543757, 0.7072569632688459, 2.854646114743539e-05]","[478.00122259880516, 18.643512113336953, 10.00214547968652]",5.110000000000041,100.0,0.0,"[50.0, 92.63148730102898, 92.631487301029]",27
276,3637393240,settled,Rk4i_0002,unmatched,,"[0.7553196358765062, -0.24492385367212738, -0.15447209870656786, -0.5879140449784855]","[0.7069608281073994, -0.000372900722327946, 7.442052059766691e-05, -0.7072526019240493]","[477.65011927777425, 11.349504578274033, 10.00274144766144]",5.110000000000041,100.0,0.0,"[50.0, 89.68873409467271, 89.68873409467272]",26
277,3360495833,settled,Rk4i_0012,unmatched,,"[0.10811116254835264, 0.5111839287283958, -0.2434273997192518, -0.8171573095849841]","[-0.00018423824530031108, 0.7070635079567873, -3.367331895032244e-05, -0.7071500269661445]","[478.18348079803394, 10.005392761287906, 7.355282955219791]",5.190000000000068,100.0,0.0,"[50.0, 87.87634250150376, 87.87634250150377]",20
278,1560027829,settled,Rk4i_0010,unmatched,,"[-0.2068224005022676, -0.8508258359786609, 0.4010009992602897, 0.26929183068548773]","[-0.500094455779023, -0.4996287520717555, 0.49991866726795053, 0.5003578434673921]","[477.90914154093934, 7.360858048404563, 10.008271979113083]",5.1500000000000545,100.0,0.0,"[50.0, 93.46272739198014, 93.46272739198015]",25
279,446415368,settled,Rk4i_0006,unmatched,,"[-0.6447038919539761, 0.0033417160762772937, 0.7642309258427562, 0.017228366683615156]","[-0.707081426800814, 4.0957823571524665e-05, 0.707132132517428, -3.683933323855859e-05]","[477.85629450788423, 9.996016372693449, 7.648360335036676]",5.1500000000000545,100.0,0.0,"[50.0, 83.17662792442684, 83.17662792442685]",18
280,2051490765,settled,Rk4i_0007,unmatched,,"[0.5677612886585218, -0.042225915797724375, -0.632701809267735, -0.5249309589700275]","[0.49997421314899526, -0.500146106059888, -0.4997603377450268, -0.5001192493757374]","[477.88492095698945, 11.355177020974038, 7.6479679602620205]",5.070000000000028,100.0,0.0,"[50.0, 89.0689792772553, 89.06897927725531]",26
281,425018833,settled,Rk4i_0008,unmatched,,"[0.6177933086006123, -0.09183552083351545, 0.46035819729377525, -0.6308470457614677]","[0.5001575977507225, -0.49994950895110923, 0.4999102661425589, -0.4999825914139883]","[478.02011894273085, 7.662905980617199, 10.001586463824088]",5.050000000000021,100.0,0.0,"[50.0, 87.78032088766392, 87.78032088766393]",20
282,768002776,settled,Rk4i_0022,unmatched,,"[0.5416438597008607, -0.6263103578778557, 0.49528465035784297, 0.2627743898921201]","[0.5001467369882842, -0.4997824321123988, 0.5001055394078808, 0.4999652102750151]","[478.0122105023014, 18.648134754406268, 7.353297438847617]",5.050000000000021,100.0,0.0,"[50.0, 93.55972166050903, 93.55972166050904]",21
283,124666021,settled,Rk4i_0007,unmatched,,"[-0.6417760342896773, 0.38975195315750033, 0.3408201163805919, 0.5657372049738714]","[-0.500237268660178, 0.5001287269910186, 0.5000906091478308, 0.49954310537119795]","[478.29173383533475, 11.353893676389037, 7.6454098263353645]",5.000000000000004,100.0,0.0,"[50.0, 86.41159379459981, 86.41159379459982]",24
284,3632654363,settled,Rk4i_0005,unmatched,,"[0.7051862874546008, 0.08985479266585855, 0.5677062028398622, -0.4151482668615129]","[0.707137159981, -5.4373935161916576e-05, 0.7070763922819272, 9.744257342089724e-05]","[478.36067577770154, 10.000115603891247, 7.358145807979957]",5.170000000000061,100.0,0.0,"[50.0, 89.54241523087715, 89.54241523087714]",22
285,703561134,settled,Rk4i_0014,unmatched,,"[-0.07417779627216181, -0.49461589080912516, -0.8617672132428539, 0.08491198548465884]","[-0.000162311838481585, -0.7070527190789553, -0.7071607751856303, -0.00025325240711251]","[478.1658830614672, 11.350393831265803, 10.003676880759556]",5.160000000000058,100.0,0.0,"[50.0, 88.33998735092807, 88.33998735092806]",19
286,3121521016,settled,Rk4i_0019,unmatched,,"[0.010537906009646474, -0.8102638762609328, -0.3503888545444036, -0.4696690898649817]","[8.182208444468263e-05, -0.7071760593262106, 0.0001530681116809762, -0.7070374749552896]","[477.5195695929786, 10.00352337516022, 7.644960147542127]",5.280000000000098,100.0,0.0,"[50.0, 90.00826964358386, 90.00826964358387]",21
287,2633462982,settled,Rk4i_0009,unmatched,,"[-0.6696015768829735, -0.5238860473033524, -0.12537979712777328, 0.5113287046009672]","[-0.5000680260789327, -0.49989653981351834, -0.5001743548339798, 0.4998610142253581]","[477.52614855929033, 11.354530791553502, 7.3497671260593265]",5.100000000000038,100.0,0.0,"[50.0, 91.72943977478825, 91.72943977478826]",22
288,3761640212,settled,Rk4i_0007,unmatched,,"[-0.5021713166671637, 0.3763741243342449, 0.7778556823101909, 0.03327198139794165]","[-0.500006396155337, 0.4999452219186825, 0.5001555015229661, 0.49989284169784]","[477.96438764566625, 11.354399913842865, 7.64569879270619]",5.280000000000098,100.0,0.0,"[50.0, 89.37632215310245, 89.37632215310246]",14
289,1285634449,settled,Rk4i_0016,unmatched,,"[-0.06179464665889061, 0.12239474429666039, 0.989804171696417, 0.038583026128440265]","[-8.7072037089199e-05, -2.6075837804895308e-05, 0.9999999724397783, -0.00021646929073710687]","[478.3450070053132, 9.999203996408191, 11.355014185952365]",5.130000000000048,100.0,0.0,"[50.0, 87.01869059074161, 87.0186905907416]",23
290,1184822575,settled,Rk4i_0012,unmatched,,"[0.08288139339956037, 0.8356324246838398, -0.34553634299367453, -0.41887201042288746]","[3.0475532070750593e-05, 0.7070662771748162, -0.00017297099397539648, -0.7071472610669034]","[478.18888642435076, 10.010440117683206, 7.354605311721071]",5.080000000000031,100.0,0.0,"[50.0, 92.80666391661279, 92.80666391661278]",26
291,3115268231,settled,Rk4i_0005,unmatched,,"[-0.8358054346397688, -0.3199395351726686, -0.40994245749741026, -0.17611118874480403]","[-0.7068698943927421, 0.00019035784545634593, -0.7073435615142478, 4.6361881730017096e-05]","[477.8594125193648, 10.003995823343011, 7.353626549397435]",5.280000000000098,100.0,0.0,"[50.0, 93.71164657206045, 93.71164657206046]",18
292,159930596,settled,Rk4i_0012,unmatched,,"[0.07029200069442101, 0.8121000458651979, 0.19429839282092132, -0.5457111733246133]","[0.00022131018478740996, 0.7070457833004921, -0.00032373788640047146, -0.7071676650784995]","[477.5665412723676, 10.006436337747592, 7.350381098169646]",5.1200000000000445,100.0,0.0,"[50.0, 87.95100414898178, 87.9510041489818]",20
293,2990616242,settled,Rk4i_0019,unmatched,,"[0.39931632781484955, -0.8914822639433736, -0.10430196937727094, -0.18688751322355332]","[0.00024478019968215975, -0.7073842247520473, 0.00012205887168351139, -0.706829175795843]","[477.63117781758444, 10.000373036328545, 7.645859443284632]",5.260000000000091,100.0,0.0,"[50.0, 93.20240135817593, 93.20240135817592]",33
294,188957523,settled,Rk4i_0021,unmatched,,"[0.47510104677309783, 0.5299293470096674, 0.42235268641611745, 0.5613128279400916]","[0.49997003469218215, 0.5000062537548894, 0.500218658184325, 0.49980496658213863]","[477.80162232327706, 7.3480152788742386, 10.000426138825038]",5.1200000000000445,100.0,0.0,"[50.0, 84.24509876320943, 84.24509876320944]",30
295,481643049,settled,Rk4i_0016,unmatched,,"[-0.21476873217317644, -0.056308315502426265, -0.9350997853314761, 0.27621034875441053]","[-8.260527925417801e-05, -0.00015632817213800945, -0.9999999813374175, 7.78654944117316e-05]","[477.9896374999296, 10.000826687848033, 11.352956289769619]",5.1800000000000646,100.0,0.0,"[50.0, 87.4287647953531, 87.42876479535312]",34
296,2386476367,settled,Rk4i_0021,unmatched,,"[0.41604402109894867, 0.7547056021612667, 0.10448879305651773, 0.4963959293747375]","[0.5000493305471033, 0.5000981178473556, 0.5001516553522407, 0.49970077165573784]","[477.89003479824174, 7.353201511125019, 10.00223758547767]",5.220000000000078,100.0,0.0,"[50.0, 92.53359856646486, 92.53359856646485]",31
297,533239478,settled,Rk4i_0021,unmatched,,"[-0.4048579522964122, 0.7546106910868032, 0.5160774362278959, 0.017799527417749247]","[0.4997635684154203, 0.5000015371093858, 0.5001482510890528, 0.5000865580132094]","[477.5862388878002, 7.355510361963343, 10.010622855459616]",4.990000000000001,100.0,0.0,"[50.0, 92.45901361038, 92.45901361038001]",32
298,1781618497,settled,Rk4i_0020,unmatched,,"[-0.05099139373989536, 0.34612407464907746, 0.82357526110958, -0.446454691991326]","[-0.4999549366249503, 0.4999982887043322, 0.4999865553052705, -0.5000602135253824]","[477.5741665898743, 7.659544450925838, 9.99448833706579]",5.450000000000155,100.0,0.0,"[50.0, 89.09510963976845, 89.09510963976847]",21
299,3019699939,settled,Rk4i_0024,unmatched,,"[-0.7295158589622052, 0.11959716108047205, -0.0508877389231582, -0.6715009818395025]","[-0.707095596560636, 0.0002625287960587371, 2.1975742765812485e-05, -0.7071179165600716]","[478.1917254819516, 18.65201323012109, 10.004795438835336]",4.979999999999998,100.0,0.0,"[50.0, 92.71531149194492, 92.71531149194493]",33
300,2541693149,settled,Rk4i_0012,unmatched,,"[0.08045852992811474, 0.40327625655887533, -0.378121920292795, -0.8294085237395116]","[5.7229906517991536e-05, 0.7071684899933316, -4.939055645877821e-05, -0.7070450629527528]","[477.5154984916258, 9.998212547798255, 7.350702904282854]",5.1800000000000646,100.0,0.0,"[50.0, 89.07937400097539, 89.07937400097538]",26
301,2084280921,settled,Rk4i_0005,unmatched,,"[0.619849051548462, 0.00741623529008566, 0.671735423160493, -0.4055905250618995]","[0.7071028641327628, -0.00026215103453633426, 0.707110637704106, 0.00012983748016048846]","[478.1418832665806, 10.001229043862551, 7.344266040589704]",5.0900000000000345,100.0,0.0,"[50.0, 89.33682451487338, 89.33682451487337]",34
302,1270096408,settled,Rk4i_0009,unmatched,,"[0.4349517640743151, 0.5834549578223276, 0.4957376592549344, -0.473963551676314]","[0.49999340612598786, 0.4999690599473967, 0.500088628398031, -0.4999488940610084]","[478.2004918825566, 11.352995739436432, 7.356230669284862]",5.0900000000000345,100.0,0.0,"[50.0, 85.53590244031514, 85.53590244031517]",15
303,386839995,settled,Rk4i_0012,unmatched,,"[-0.00029784170792755655, 0.7696289460833465, 0.4092458033581264, -0.4900908783835057]","[5.6971042291464866e-05, 0.7071459926421726, -0.00027378092705354623, -0.7070675122563762]","[478.25340103614377, 10.012899112444762, 7.349897762046844]",5.0600000000000245,100.0,0.0,"[50.0, 89.57954850211964, 89.57954850211965]",23
304,1683487450,settled,Rk4i_0010,unmatched,,"[0.8246709982353464, 0.4049014931673811, -0.354562797520974, -0.17394754414605393]","[0.4999744517062955, 0.49999944379294026, -0.500099941708823, -0.4999261466962612]","[477.86973520444195, 7.3640250333860715, 10.00126612572822]",5.1200000000000445,100.0,0.0,"[50.0, 94.67640566529, 94.67640566529002]",31
305,600956363,settled,Rk4i_0012,unmatched,,"[0.05725477910805818, -0.7446815581501165, -0.42402949309232957, 0.5122209056728005]","[0.00010036628122156444, -0.707061154139577, 8.90236873274386e-06, 0.7071523981110203]","[478.14415642785536, 10.010939611063272, 7.354858402220145]",5.100000000000038,100.0,0.0,"[50.0, 89.52609969957257, 89.52609969957255]",25
306,2578686602,settled,Rk4i_0012,unmatched,,"[-0.6455400009938469, 0.5753806031681371, -0.45602070897125385, -0.21038151440677957]","[0.00019984770606917837, 0.707186873495682, 9.668003229384993e-05, -0.7070266449500106]","[477.7752511686826, 10.020294517522085, 7.351586624587332]",5.070000000000028,100.0,0.0,"[50.0, 94.26853626935235, 94.26853626935237]",19
307,550025147,settled,Rk4i_0006,unmatched,,"[0.7099573476934985, 0.4430098413877016, -0.5402946446097417, -0.08823005097861712]","[0.7072183470414561, 0.00015755948045548251, -0.7069951712314915, -0.0001124202595466639]","[478.01527338868266, 10.0043743864787, 7.651152105726739]",5.0600000000000245,100.0,0.0,"[50.0, 91.4894192742374, 91.4894192742374]",24
308,1509445469,settled,Rk4i_0005,unmatched,,"[0.9208464586619982, -0.10826634392482577, 0.1606188773439282, 0.3384106596778303]","[0.7068923047645486, -0.00020502486831169842, 0.7073211388956027, -0.0001841219586528331]","[477.7776423348231, 10.006518791404496, 7.351255838707526]",5.440000000000151,100.0,0.0,"[50.0, 94.72406213112913, 94.72406213112914]",25
309,552659270,settled,Rk4i_0021,unmatched,,"[-0.34640532390679185, -0.6487665398120545, -0.24996936788830862, -0.6297782494710692]","[-0.4998875920799002, -0.4998271469862887, -0.5001129857877598, -0.5001721902170873]","[478.0100478170941, 7.3533119095882835, 10.004095344994894]",5.130000000000048,100.0,0.0,"[50.0, 86.76947958404726, 86.76947958404728]",32
310,3395655849,settled,Rk4i_0021,unmatched,,"[0.5603417992438583, 0.49806016357495975, 0.09112456464104907, 0.6554765100282535]","[0.5000926807659325, 0.49995596193866165, 0.4998105521763839, 0.500140738892033]","[478.2848579099508, 7.351750196090736, 10.003180849810928]",5.220000000000078,100.0,0.0,"[50.0, 93.25360420072418, 93.2536042007242]",38
311,1961580372,settled,Rk4i_0023,unmatched,,"[-0.5267491122142659, -0.6341667673888417, 0.5046523934663464, -0.2563081069528572]","[-0.5000334223336678, -0.4998049079870326, 0.5001149960184028, -0.5000466190855277]","[477.6307069904684, 18.6492855382605, 7.6467517109408]",5.1200000000000445,100.0,0.0,"[50.0, 93.33528619811781, 93.33528619811783]",21
312,3285284101,settled,Rk4i_0011,unmatched,,"[-0.2519624256778158, 0.2653646457256403, 0.5632789689319362, 0.7408193733997723]","[-0.00010602798289097161, -6.742734548897956e-06, 0.707073581675666, 0.7071399711577248]","[478.3292123057251, 7.3570374901634725, 11.353483435786538]",5.1800000000000646,100.0,0.0,"[50.0, 87.88045365080085, 87.88045365080083]",20
313,1198512540,settled,Rk4i_0024,unmatched,,"[-0.5722362350782845, 0.014963805074935542, 0.16570812642957897, -0.8030333695658658]","[-0.7071631208825542, 0.00021902109605620253, 0.00025026678681173894, -0.7070503587863747]","[477.91956415046286, 18.648225672535794, 10.004160717294978]",5.160000000000058,100.0,0.0,"[50.0, 94.82443477624543, 94.82443477624544]",26
314,3013583232,settled,Rk4i_0015,unmatched,,"[-0.17446144255530435, -0.5956220013565717, 0.7794641289237983, 0.08504885820855318]","[-5.20690083908946e-05, -0.7073900002544754, 0.7068234340180218, 0.00013398418935501382]","[477.8771627453328, 18.639121822577575, 10.004066084519769]",5.050000000000021,100.0,0.0,"[50.0, 94.73579175596957, 94.73579175596959]",19
315,236571778,settled,Rk4i_0010,unmatched,,"[-0.6240787190797052, -0.5692921078989122, 0.39592930131645515, 0.3601003146831605]","[-0.4997828070548619, -0.499964721735011, 0.5001387908359864, 0.5001135997890012]","[478.268779348789, 7.3596658128660275, 9.993617484145279]",5.1500000000000545,100.0,0.0,"[50.0, 90.32220820664004, 90.32220820664006]",23
316,4101237787,settled,Rk4i_0019,unmatched,,"[0.22137631792077062, -0.872870171370165, -0.27042651689298136, -0.3405285432341773]","[-0.00014390911384384866, -0.7072155529062265, -3.703137738148011e-05, -0.7069979771161898]","[478.2539518916912, 10.005666059446416, 7.649274030929835]",5.290000000000101,100.0,0.0,"[50.0, 92.98093312077411, 92.9809331207741]",22
317,3459630954,settled,Rk4i_0007,unmatched,,"[0.14984913631728244, -0.7555079338458067, -0.5355197552076315, -0.3463691528172838]","[0.49970366170543123, -0.5002530845601605, -0.5000772001268033, -0.49996589461638896]","[477.69522134545826, 11.356275226674143, 7.643818477435282]",5.250000000000088,100.0,0.0,"[50.0, 88.47141611314757, 88.47141611314755]",16
318,1119814818,settled,Rk4i_0010,unmatched,,"[-0.6971165871654177, -0.13189122910838355, 0.449280586155775, 0.5429365731709773]","[-0.5003444984952736, -0.5000111692465898, 0.4998830738761609, 0.4997610688181823]","[477.75908064105585, 7.352917333151868, 10.001751775593076]",5.270000000000095,100.0,0.0,"[50.0, 88.65462977859724, 88.65462977859723]",23
319,342980811,settled,Rk4i_0019,unmatched,,"[0.030532435525299394, 0.7782847485238531, 0.3908315324615853, 0.4905011048201471]","[-4.580644330071105e-05, 0.7070103890272331, 0.0002529253722262926, 0.7072031134957527]","[478.3450506307369, 9.998352435009693, 7.640513724463652]",5.210000000000075,100.0,0.0,"[50.0, 89.37185820368484, 89.37185820368485]",29
320,3566514477,settled,Rk4i_0008,unmatched,,"[0.4167803399879383, -0.48067880125688306, 0.1608241271501632, -0.7545711618847971]","[0.5001251809509396, -0.49996462454292667, 0.4999073779139086, -0.5000027910838907]","[478.1731979133355, 7.653227281391081, 10.005044704930855]",5.010000000000008,100.0,0.0,"[50.0, 89.0240184302503, 89.02401843025031]",26
321,4025272107,settled,Rk4i_0016,unmatched,,"[0.21014813389143402, -0.13121837656388724, 0.9665897820764848, 0.06575479191069845]","[4.5561199730415786e-05, 7.424462442906511e-05, 0.999999749458666, 0.0007024916499112721]","[478.12305446515506, 10.004662308581082, 11.34272012853677]",5.220000000000078,100.0,0.0,"[50.0, 88.05481975115575, 88.05481975115578]",29
322,1181857748,settled,Rk4i_0006,unmatched,,"[0.5202040659321218, -0.02133506390474298, -0.8182722554790269, 0.24364535856267633]","[0.707186998084605, -0.00018310299575124978, -0.7070265088409238, -0.000178912250148211]","[477.64631810334197, 10.000243622297052, 7.645751750717572]",5.160000000000058,100.0,0.0,"[50.0, 88.80903836317196, 88.80903836317198]",19
323,268707656,settled,Rk4i_0015,unmatched,,"[0.10301261730232424, 0.7022709010576099, -0.7036647303319815, -0.03255655834201603]","[1.2002288985565083e-05, 0.70714318512619, -0.7070703722559628, 6.529430632985536e-05]","[477.7049886549393, 18.64311390252833, 9.98921249490462]",5.000000000000004,100.0,0.0,"[50.0, 92.53191741985404, 92.53191741985403]",22
324,975960072,settled,Rk4i_0007,unmatched,,"[0.7582962679941282, -0.5242043249157421, -0.3859285340466686, 0.035436736508854615]","[0.4995788674573409, -0.5002563231129438, -0.49974797659452896, -0.5004163529154825]","[478.23998488161465, 11.369942904126516, 7.645115993510268]",5.1200000000000445,100.0,0.0,"[50.0, 94.53198702280915, 94.53198702280916]",24
325,2687390525,settled,Rk4i_0010,unmatched,,"[0.529971148785165, 0.0935671250492551, -0.7368673974424962, -0.4091481555032011]","[0.500161017311815, 0.499877385834145, -0.4999014535570421, -0.5000600890140984]","[477.7167297196277, 7.3467936963484215, 9.993713012732684]",5.350000000000121,100.0,0.0,"[50.0, 88.58953232895415, 88.58953232895414]",26
326,745340072,settled,Rk4i_0022,unmatched,,"[0.7861852005525131, -0.41018944092891435, 0.2594748041369611, 0.3825314091688619]","[0.5001236634079617, -0.4998522760119374, 0.49992548551390026, 0.5000985226920562]","[477.65963355059705, 18.65283548752707, 7.353700655136164]",5.100000000000038,100.0,0.0,"[50.0, 95.01886930638173, 95.01886930638175]",17
327,2708790030,settled,Rk4i_0009,unmatched,,"[-0.40010769300529814, -0.46229958432576546, -0.7355170739389548, 0.2919033440618327]","[-0.4998855837638555, -0.500090246671315, -0.5000081601952423, 0.5000159878118517]","[477.6954486700146, 11.35309917476378, 7.351998757787154]",5.070000000000028,100.0,0.0,"[50.0, 87.55841795097672, 87.55841795097673]",15
328,3867797169,settled,Rk4i_0019,unmatched,,"[0.27252022960366223, -0.4710032195972138, -0.05749293677220416, -0.8370085147757659]","[-1.1555994829381968e-06, -0.7071522456012906, -5.323726188882772e-05, -0.7070613118432592]","[477.52931571690505, 10.007367024304674, 7.64894533844564]",5.040000000000018,100.0,0.0,"[50.0, 88.17989662975853, 88.17989662975855]",34
329,2098479478,settled,Rk4i_0012,unmatched,,"[0.15298370120063826, 0.6826603934028278, -0.3570083518569619, -0.6189634974297159]","[7.278216732650723e-05, 0.7069452733953089, 4.220436843971332e-05, -0.7072682470926992]","[477.5922630852185, 10.000377171754502, 7.344302899930596]",5.170000000000061,100.0,0.0,"[50.0, 90.03724659653736, 90.03724659653737]",29
330,931152868,settled,Rk4i_0012,unmatched,,"[-0.07699985549756341, 0.8909419945389845, -0.24586779421207117, -0.37395509408155014]","[-0.00027911653165080264, 0.7070556316108837, 0.00042776096193730684, -0.7071577426019289]","[477.89378350766856, 10.005044882082995, 7.342571277257469]",5.080000000000031,100.0,0.0,"[50.0, 92.87205267052586, 92.87205267052586]",19
331,1558597429,settled,Rk4i_0019,unmatched,,"[-0.05032807851328375, 0.6995851474338736, -0.399069134252301, 0.5905857533755833]","[0.0001515334015753378, 0.7073837656571762, -5.058132619045752e-05, 0.7068296701213319]","[478.370730051882, 10.006274041800566, 7.647351306570622]",5.220000000000078,100.0,0.0,"[50.0, 92.921625985831, 92.92162598583101]",19
332,4250729804,settled,Rk4i_0008,unmatched,,"[-0.5179918142254788, 0.8470059183462957, 0.021460460551873155, -0.11749426928428096]","[-0.49990656647140747, 0.5000746500862001, -0.5001376677557732, 0.4998810682869963]","[478.24913992380436, 7.6425821562158145, 10.000347178806745]",5.570000000000195,100.0,0.0,"[50.0, 93.70755530660244, 93.70755530660243]",28
333,4147647222,settled,Rk4i_0019,unmatched,,"[0.12615750889557242, 0.8556727900390604, -0.30344808093154096, 0.39978446882663954]","[-2.2578663539746247e-05, 0.7071342805905413, 7.941850936088457e-05, 0.7070792758924576]","[477.94882923243836, 9.99821506193462, 7.644242817203954]",5.200000000000071,100.0,0.0,"[50.0, 92.32021265326394, 92.32021265326395]",20
334,546835206,settled,Rk4i_0022,unmatched,,"[0.4747277603993977, -0.6651193289938975, 0.40724489525343527, 0.4079233101881997]","[0.4999363403192876, -0.5000446558037634, 0.5000596673187725, 0.4999593252968604]","[477.52830758780544, 18.642846458425865, 7.350868128019622]",5.0600000000000245,100.0,0.0,"[50.0, 94.49940495646689, 94.4994049564669]",29
335,3200495743,settled,Rk4i_0020,unmatched,,"[-0.7212814251850905, 0.5185469572284966, -0.03279668505260917, -0.45802460226672564]","[-0.4995428634728382, 0.49995192046961645, 0.5004286136645633, -0.5000762015911806]","[477.6497621817028, 7.643002122217221, 9.987745260050122]",5.070000000000028,100.0,0.0,"[50.0, 93.60240386831067, 93.60240386831069]",32
336,2348890405,settled,Rk4i_0013,unmatched,,"[-0.3176050939804824, -0.28922093024306683, 0.616076618705389, -0.6602483303057408]","[3.1279327544153634e-05, 4.792724544333549e-05, 0.7068296806940956, -0.7073837708164259]","[477.98600150281004, 7.650116462532011, 11.34703550784094]",5.0600000000000245,100.0,0.0,"[50.0, 92.38458469904593, 92.38458469904594]",26
337,4061647453,settled,Rk4i_0013,unmatched,,"[0.2508877114037342, -0.15163781220023995, 0.7535005001501298, -0.588471177247642]","[0.0005244375728739038, 0.00022413883775165846, 0.707069496594342, -0.7071438338222553]","[478.07411028636955, 7.6678432277139885, 11.351231460386597]",5.290000000000101,100.0,0.0,"[50.0, 88.81733733284324, 88.81733733284325]",26
338,2968043584,settled,Rk4i_0015,unmatched,,"[-0.35150377954755807, -0.700554371236003, 0.6195805777205756, -0.04229153127220831]","[-0.00016937258096380562, -0.7072488847759222, 0.7069646282720453, -2.5851731912374566e-05]","[478.21737493095014, 18.64559407080545, 10.000182196951972]",5.010000000000008,100.0,0.0,"[50.0, 92.83831298951975, 92.83831298951974]",33
339,3422452170,settled,Rk4i_0015,unmatched,,"[0.3118768852079661, -0.6471205612970246, 0.6816277895163125, 0.13910910889911815]","[-0.0005026445020790833, -0.7071220563325303, 0.7070913193772613, 0.00010420116264649714]","[477.97334878147615, 18.66797264018378, 9.998724067844067]",5.160000000000058,100.0,0.0,"[50.0, 93.65398323476062, 93.65398323476063]",30
340,1734648617,settled,Rk4i_0012,unmatched,,"[0.3134098285251556, -0.38860391678069645, 0.2746942883010107, 0.8217690206021003]","[5.9869706163229175e-06, -0.7071744595020215, -0.00015810789430908967, 0.7070390786894836]","[478.10829174367353, 10.007872219721232, 7.35039979179932]",5.260000000000091,100.0,0.0,"[50.0, 94.35257448986981, 94.35257448986978]",24
341,2090830508,settled,Rk4i_0011,unmatched,,"[0.19578986618197766, 0.057011685569233625, -0.8839591859764658, -0.4207518907109296]","[-0.00015322888015129044, 6.117710882769245e-05, -0.7069712991832852, -0.707242217991382]","[478.03691948110065, 7.35653138139871, 11.352865394666326]",5.050000000000021,100.0,0.0,"[50.0, 88.053963590048, 88.05396359004799]",24
342,3952832875,settled,Rk4i_0006,unmatched,,"[-0.44287830183887705, -0.037070952885603164, 0.87693113035891, -0.18296542520353493]","[-0.7072131299765211, 0.00018345892328031077, 0.7070003870472201, 8.858169642539382e-05]","[477.62136559480956, 9.997681090919471, 7.645734696694292]",5.230000000000081,100.0,0.0,"[50.0, 88.45096444894081, 88.45096444894082]",20
343,3817366363,settled,Rk4i_0007,unmatched,,"[0.6329807026932204, -0.4246937457648563, -0.5796698736189316, -0.28801647512742096]","[0.5003222804092637, -0.4997654843191191, -0.49967703930147767, -0.5002348776367558]","[478.24048022311104, 11.359428868065773, 7.6502047341827035]",5.100000000000038,100.0,0.0,"[50.0, 88.73062892779893, 88.73062892779895]",19
344,401891113,settled,Rk4i_0022,unmatched,,"[0.445830858310104, -0.29384339024250955, 0.3955308816009174, 0.7472925996484009]","[0.4999451759688763, -0.5001861004580462, 0.4999611147786688, 0.4999075610983431]","[477.5029747184828, 18.647868858421276, 7.353818475098081]",5.210000000000075,100.0,0.0,"[50.0, 94.78731597424998, 94.78731597424999]",28
345,225434681,settled,Rk4i_0022,unmatched,,"[-0.3912896982650508, 0.6237061331187186, -0.5782994858442289, -0.351358415601564]","[-0.49975063090011507, 0.5003349930896109, -0.4999144406667776, -0.49999975361771837]","[478.25398255877644, 18.664685273183338, 7.347597243226653]",5.020000000000011,100.0,0.0,"[50.0, 92.16466790591106, 92.16466790591107]",24
346,2594131664,settled,Rk4i_0010,unmatched,,"[0.9287638649349177, 0.1673585554405621, -0.2524568204596961, -0.21366878788298235]","[0.5000206695230571, 0.49958561752490427, -0.5003981175910645, -0.49999526470087]","[478.19655413510156, 7.373209129219429, 10.001860921117348]",5.270000000000095,100.0,0.0,"[50.0, 95.13191266407645, 95.13191266407647]",30
347,1003632784,settled,Rk4i_0008,unmatched,,"[-0.5534335173751268, 0.1501665188983372, -0.19810919181889083, 0.7949302526414607]","[-0.5000447415815673, 0.4999227818448222, -0.4999116448589862, 0.5001208013505747]","[477.92481885645276, 7.6534067174893865, 9.99700384848669]",5.080000000000031,100.0,0.0,"[50.0, 88.79232015688245, 88.79232015688247]",32
348,1582205474,settled,Rk4i_0021,unmatched,,"[0.453668244587904, 0.3920223605087072, 0.1535447506293244, 0.785447389879099]","[0.500597036791147, 0.4996108627470285, 0.4998111172139431, 0.4999804393078223]","[478.06012653741556, 7.359855448984157, 9.993999027327352]",5.0900000000000345,100.0,0.0,"[50.0, 93.55692531728734, 93.55692531728735]",27
349,1175386389,settled,Rk4i_0010,unmatched,,"[-0.169876418588353, -0.4905923723818673, 0.6427253288901665, 0.5633518245034387]","[-0.5000196464954775, -0.49991355945764904, 0.4999373949499421, 0.5001293705828395]","[478.2734542756391, 7.358365079104586, 10.000128208373578]",5.230000000000081,100.0,0.0,"[50.0, 88.6222165579475, 88.62221655794751]",30
350,3426315339,settled,Rk4i_0002,unmatched,,"[0.7619549124828563, -0.10773591762875073, 0.2103228261383814, -0.6029776050576822]","[0.7069728190479783, -3.147072084683232e-05, -0.00021220457064586857, -0.7072406854149219]","[477.8123123526642, 11.357692336833637, 9.996139031744953]",5.050000000000021,100.0,0.0,"[50.0, 88.31847525316492, 88.3184752531649]",25
351,1950208217,settled,Rk4i_0008,unmatched,,"[0.32467456317231624, -0.555252933700564, 0.724202560419202, -0.24861870228937888]","[0.4999190201199436, -0.4999014101231295, 0.49995103105361965, -0.5002284678300954]","[477.7595629735037, 7.645600965358361, 9.99977284223188]",5.100000000000038,100.0,0.0,"[50.0, 92.80571757317973, 92.80571757317972]",26
352,3843021671,settled,Rk4i_0022,unmatched,,"[-0.6004387263867339, 0.46022149587923483, -0.1398662779784892, -0.638832477939405]","[-0.5000472388912192, 0.5002736942234997, -0.5000122860619217, -0.4996665923717247]","[478.01070883106013, 18.65403390169912, 7.351647013017899]",5.1800000000000646,100.0,0.0,"[50.0, 94.67525314674826, 94.67525314674828]",30
353,4285819425,settled,Rk4i_0010,unmatched,,"[0.10798352907547408, 0.7503078307153173, -0.5097169204095255, -0.40689848569871895]","[0.5002628622728118, 0.5000991046095079, -0.4999253921194825, -0.4997124738422725]","[477.7666820983908, 7.353392229808541, 9.997088108895968]",5.1500000000000545,100.0,0.0,"[50.0, 94.14797820146039, 94.1479782014604]",32
354,3497012217,settled,Rk4i_0016,unmatched,,"[-0.03614389212516662, -0.47092224253230175, 0.8776470309927155, -0.08161831620453769]","[-0.00036037371282838403, 0.00016889715273699093, 0.9999999186228291, 6.60217694909049e-05]","[477.7480007142297, 9.995904605631633, 11.350364249382176]",5.020000000000011,100.0,0.0,"[50.0, 94.50191305340202, 94.50191305340203]",24
355,2873029230,settled,Rk4i_0003,unmatched,,"[0.4628663485147122, -0.8593102772631258, 0.024602172352034594, 0.21618354220011224]","[0.707077115602306, -0.7071364395677449, 9.15126515097231e-05, 7.239538119846456e-06]","[478.170308046748, 7.661463627676073, 18.650954898878865]",5.170000000000061,100.0,0.0,"[50.0, 94.07109864535148, 94.0710986453515]",32
356,1554565609,settled,Rk4i_0022,unmatched,,"[-0.652094966003504, 0.3679621994719656, -0.4952347691569995, -0.44058880885770996]","[-0.49993614109890927, 0.5000658968078423, -0.49987725796184923, -0.5001206660851388]","[478.0528629420802, 18.64787215321064, 7.354753233221778]",5.140000000000051,100.0,0.0,"[50.0, 93.96480611563193, 93.96480611563192]",26
357,2965863122,settled,Rk4i_0012,unmatched,,"[-0.12769327799571875, -0.940130401887314, -0.03815505373810864, 0.31367729608013967]","[6.956899936838568e-05, -0.707124392449078, -4.234504531575034e-06, 0.7070891660503262]","[477.65645301580287, 10.008371228737644, 7.34701579333313]",5.1200000000000445,100.0,0.0,"[50.0, 92.1270476071924, 92.12704760719241]",19
358,288631476,settled,Rk4i_0012,unmatched,,"[0.15646738306889113, 0.4577879066219654, -0.17363200094501036, -0.8577879218280493]","[0.00039975006375095323, 0.707223093057633, -0.000636217093356567, -0.7069900509014899]","[478.0571633166529, 10.003196109641765, 7.353027228278238]",5.240000000000085,100.0,0.0,"[50.0, 88.39834180307169, 88.39834180307167]",28
359,3535010220,settled,Rk4i_0012,unmatched,,"[-0.38296168635250694, 0.6040267022354994, 0.08806163065029556, -0.6933521752902795]","[0.00027849473889629556, 0.7071259199263836, 2.3012847046144372e-05, -0.7070875867099882]","[477.50806495265044, 9.993758986262717, 7.3549117988591615]",5.160000000000058,100.0,0.0,"[50.0, 92.01308802356888, 92.0130880235689]",22
360,2618921339,settled,Rk4i_0008,unmatched,,"[0.7111506376373382, -0.1553816167939371, 0.3915002002004868, -0.5628933442433726]","[0.49997003353874747, -0.4999523299836511, 0.4999358474258412, -0.5001417616694176]","[477.62540173893603, 7.643220738695299, 9.997249048187733]",4.990000000000001,100.0,0.0,"[50.0, 88.65824953692358, 88.65824953692359]",31
361,1660890013,settled,Rk4i_0021,unmatched,,"[0.45280857555295406, 0.20066766691702484, 0.5321230520114401, 0.6866891137027097]","[0.4998004460796425, 0.5001030401017134, 0.5002115632898426, 0.4998848420693974]","[478.32382055786246, 7.353390578145851, 9.996402915585646]",5.110000000000041,100.0,0.0,"[50.0, 88.3647098422305, 88.36470984223048]",31
362,4217470258,settled,Rk4i_0002,unmatched,,"[-0.705585590940385, 0.12040932334872317, -0.01745986958392375, 0.6981015124336307]","[-0.7070913269072661, -3.7225683439271366e-06, -5.374164177911711e-05, 0.7071222330760788]","[478.24880602102365, 11.35909475164614, 10.005697117108122]",5.110000000000041,100.0,0.0,"[50.0, 85.36880167991197, 85.36880167991198]",24
363,3876941340,settled,Rk4i_0018,unmatched,,"[-0.12107567680190418, 0.9796114234016763, 0.025284708254459297, -0.1583124226218193]","[6.658331848169877e-06, 0.9999999998780386, 1.3228176226232069e-05, -4.960340677625691e-06]","[478.2881013983663, 10.002949419173083, 18.648575829565754]",5.100000000000038,100.0,0.0,"[50.0, 93.51464690951404, 93.51464690951406]",26
364,1763217951,settled,Rk4i_0012,unmatched,,"[0.3073770505126439, 0.9100429245687035, 0.09833167340130129, -0.26013862893981854]","[-1.959946424542891e-05, 0.7073379286228756, 5.279890417297928e-05, -0.7068755559217171]","[478.34270303209126, 10.009720713589756, 7.348658058142357]",5.170000000000061,100.0,0.0,"[50.0, 92.59085215635227, 92.59085215635228]",20
365,4219013935,settled,Rk4i_0002,unmatched,,"[0.7454283172530326, -0.3094702124605008, -0.041500737105532565, -0.5889333580776878]","[0.7068699956806942, -0.000234006078338155, 0.00029040741648708756, -0.7073433891053647]","[477.70651201921055, 11.351667711845842, 9.992628439559578]",5.210000000000075,100.0,0.0,"[50.0, 90.14233314449451, 90.14233314449453]",21
366,2392790572,settled,Rk4i_0008,unmatched,,"[0.506298281140592, -0.4800913546943908, 0.6900901351759378, -0.19222368999330575]","[0.4997851190248734, -0.5000708108925741, 0.5000295975724431, -0.5001144073570337]","[477.8847732796904, 7.645668903552082, 9.999093228308558]",5.080000000000031,100.0,0.0,"[50.0, 91.83462092999733, 91.83462092999734]",34
367,1164810619,settled,Rk4i_0011,unmatched,,"[-0.38137065741942194, -0.17571490907316958, -0.402914362951204, -0.8132285708929016]","[0.0001404584072882409, -0.00014295888165105633, -0.7070980503187865, -0.7071154835453436]","[478.0614671999928, 7.350296481079053, 11.35392483096627]",5.300000000000105,100.0,0.0,"[50.0, 91.28594440996584, 91.28594440996585]",24
368,2725202999,settled,Rk4i_0010,unmatched,,"[0.6020706777101422, 0.6374296419236787, -0.13537127254050507, -0.4613772525921334]","[0.5000226437016473, 0.49997760840329125, -0.499994826492725, -0.500004920337241]","[478.10265586319986, 7.352083362758242, 10.001377224643992]",5.0600000000000245,100.0,0.0,"[50.0, 93.14404780300706, 93.14404780300707]",37
369,654768980,settled,Rk4i_0017,unmatched,,"[0.36951331627604517, 0.16361525016927125, -0.050278802764462525, -0.9133246963699704]","[-0.0001316055514868908, 1.933810371779403e-05, 8.230521990376334e-05, -0.9999999877659337]","[477.9659988640275, 10.007462667149618, 11.350606461908702]",5.080000000000031,100.0,0.0,"[50.0, 89.19353880337677, 89.19353880337678]",31
370,2221380443,settled,Rk4i_0006,unmatched,,"[-0.35836865151581215, 0.05949061892660346, 0.9295317164905558, 0.0632737221015895]","[-0.7072636193369188, 0.00022650875779656182, 0.7069498675339976, -7.905623391701865e-05]","[478.0384936247405, 10.007955397811173, 7.644958508236849]",5.320000000000111,100.0,0.0,"[50.0, 86.87090531952396, 86.87090531952397]",39
371,476349535,settled,Rk4i_0019,unmatched,,"[0.09604740000755455, 0.7008195225679995, 0.19012996826416934, 0.6807918102527497]","[0.00014790878683779152, 0.7070260745454172, 2.03702992087329e-05, 0.7071874628561651]","[478.2217183047107, 10.0102124712071, 7.650567850120039]",5.0900000000000345,100.0,0.0,"[50.0, 86.23739787164267, 86.23739787164266]",35
372,3612281220,settled,Rk4i_0021,unmatched,,"[0.6715049193823535, 0.5474979878976362, 0.17480186313158846, 0.46773005584317984]","[0.5001014947765674, 0.4998648435525179, 0.5000275884410083, 0.5000060438638013]","[477.71509452645904, 7.36387313534835, 9.997856311764956]",5.190000000000068,100.0,0.0,"[50.0, 92.37673035816015, 92.37673035816016]",25
373,1017460157,settled,Rk4i_0006,unmatched,,"[0.7624564013137765, 0.3983607319822863, -0.4894468025699346, 0.14286633880746705]","[0.707224099625129, -3.6133416564915206e-05, -0.7069894422493462, 1.2319099640167865e-05]","[478.15206668438816, 10.005235571017304, 7.64623543122397]",5.0900000000000345,100.0,0.0,"[50.0, 93.90167527274407, 93.90167527274409]",17
374,3334185002,settled,Rk4i_0012,unmatched,,"[0.29294854975408346, -0.3482776720377911, 0.3091249391142775, 0.8350602267947566]","[-8.159855283659811e-05, -0.707229857067531, -0.00020109679813756776, 0.7069836505705019]","[478.15361403973105, 10.008324340228562, 7.352321052339619]",5.200000000000071,100.0,0.0,"[50.0, 94.51809354077886, 94.51809354077885]",23
375,36137377,settled,Rk4i_0010,unmatched,,"[-0.20545604068213918, -0.3180872002026298, 0.5867492465968921, 0.7157748738482309]","[-0.5000835470130945, -0.5001835177131744, 0.499773055951908, 0.49995978554216525]","[478.32566477151266, 7.374287058993605, 10.000095800980437]",5.290000000000101,100.0,0.0,"[50.0, 89.05652355032927, 89.05652355032929]",28
376,289982995,settled,Rk4i_0019,unmatched,,"[0.44371958448672016, 0.8345991150536697, -0.14418709359260803, 0.29286059744506493]","[0.0003369450305547028, 0.7069011507731009, 0.00021911770178026369, 0.707312237622922]","[477.8522335470136, 10.011655634525193, 7.6456102602476985]",5.450000000000155,100.0,0.0,"[50.0, 92.5171393345304, 92.51713933453038]",27
377,437091509,settled,Rk4i_0006,unmatched,,"[0.46244359947511104, -0.1983497310405094, -0.8436222101105, -0.18736293152311587]","[0.7071754568416715, -6.779867997869227e-05, -0.7070380300606892, 0.00030445362924241826]","[477.8975808542607, 10.007148352787166, 7.646856223445201]",5.200000000000071,100.0,0.0,"[50.0, 87.96360778551767, 87.96360778551768]",26
378,3839845437,settled,Rk4i_0004,unmatched,,"[0.35226777543534865, 0.934847391708788, 0.031132634150594862, -0.03159948885586536]","[0.7071666328231629, 0.7070469040007414, 0.00010483210727477155, -0.00013406992779729787]","[477.59215018086053, 7.350957332182915, 18.65485953587993]",5.0300000000000145,100.0,0.0,"[50.0, 92.24053527444799, 92.24053527444798]",29
379,1660966759,settled,Rk4i_0012,unmatched,,"[-0.1517052857831241, -0.29127561974959143, -0.18264073679145526, 0.9267072789555645]","[-0.00012931415353822917, -0.7069518485481437, 5.892014508457333e-05, 0.7072616656094325]","[477.8604049646068, 10.018109178894344, 7.356810078178689]",5.320000000000111,100.0,0.0,"[50.0, 87.89558960890983, 87.89558960890984]",21
380,1637501604,settled,Rk4i_0012,unmatched,,"[0.18129149155088545, -0.6913895059743468, 0.032480297838960365, 0.6986121788031583]","[-0.0002550389726944658, -0.7069682960230717, 8.551703799791756e-05, 0.7072451880785003]","[477.7705272808518, 10.008346898860685, 7.350768845782088]",5.1200000000000445,100.0,0.0,"[50.0, 89.1633169078313, 89.16331690783129]",14
381,485279111,settled,Rk4i_0004,unmatched,,"[-0.9312632588279296, -0.3349799535042644, 0.12213209572889121, 0.07497282641286965]","[-0.7070614494292884, -0.7071520926191788, -4.1024565340497254e-05, 0.000151500018212819]","[477.929186317228, 7.356417960532113, 18.649457858556808]",5.230000000000081,100.0,0.0,"[50.0, 94.16273536888946, 94.16273536888944]",25
382,3762580992,settled,Rk4i_0011,unmatched,,"[0.1773482491946259, -0.3470449091463339, 0.7076768376718273, 0.5893224270007174]","[-8.599317926252792e-05, -3.0134467402243015e-05, 0.7071992204439962, 0.707014323971227]","[477.57629330827643, 7.356286483180894, 11.350919557053357]",4.939999999999984,100.0,0.0,"[50.0, 91.6418998270075, 91.64189982700752]",27
383,2423116493,settled,Rk4i_0023,unmatched,,"[0.29462108731827746, 0.6033356075849531, -0.42676698231237864, 0.6058502309444782]","[0.5001197573577033, 0.5000303785152134, -0.4999785841257478, 0.49987124770086255]","[477.56862627320237, 18.648915206768667, 7.649218816956278]",5.0900000000000345,100.0,0.0,"[50.0, 94.82812345914434, 94.82812345914432]",27
384,4174505831,settled,Rk4i_0023,unmatched,,"[0.2244048008060311, 0.5715964015653734, -0.6853403945532466, 0.39144422678885216]","[0.4999855826368964, 0.49997800925999814, -0.5000075940299005, 0.500028812493923]","[477.99606669005254, 18.650116432715638, 7.6513028715854725]",5.190000000000068,100.0,0.0,"[50.0, 93.13924423426351, 93.1392442342635]",26
385,2525438779,settled,Rk4i_0021,unmatched,,"[-0.6897378057101372, -0.14439285100342594, -0.2628215548777614, -0.6590427104861286]","[-0.5000852047292301, -0.5001627908622763, -0.4998886675110287, -0.4998632720472982]","[478.3016244017474, 7.3589946729715985, 10.003567335043106]",5.080000000000031,100.0,0.0,"[50.0, 93.15719311222489, 93.1571931122249]",37
386,1288210302,settled,Rk4i_0008,unmatched,,"[0.04615286212208781, -0.6333120855466261, 0.5372564310861841, -0.5551047134325727]","[0.4998861016834013, -0.4998522957237558, 0.4999447469239547, -0.5003167175166209]","[477.52516427313014, 7.651333541073098, 10.001120149163397]",5.050000000000021,100.0,0.0,"[50.0, 93.63769352672817, 93.63769352672816]",26
387,2398396039,settled,Rk4i_0005,unmatched,,"[0.7576079537954379, -0.18841092674201143, 0.5765840312664487, -0.24100283383943177]","[0.7070387811174805, -7.233599516309754e-05, 0.7071747368061085, 0.00021996959461459412]","[477.99975174258293, 9.999945955389347, 7.348524804200062]",5.1500000000000545,100.0,0.0,"[50.0, 88.37429395345247, 88.37429395345248]",21
388,701727153,settled,Rk4i_0019,unmatched,,"[0.19212178778999547, -0.6549558889125926, -0.32855242530116996, -0.6528210367809931]","[0.00017830607732954862, -0.7071055018531507, -0.0003878409377878478, -0.7071079316733434]","[477.79848374205017, 10.026296409761374, 7.644419858404799]",5.050000000000021,100.0,0.0,"[50.0, 88.850483834335, 88.85048383433501]",37
389,1545886231,settled,Rk4i_0002,unmatched,,"[0.6603699745772341, -0.13748381202057905, -0.26800047012429995, -0.6878847622402371]","[0.7071399280728088, -8.169457319672586e-05, 0.00010550541805256383, -0.7070736201554872]","[477.7052881418492, 11.361929525975112, 9.994985885282388]",5.140000000000051,100.0,0.0,"[50.0, 86.23375750035333, 86.23375750035335]",14
390,1745869872,settled,Rk4i_0006,unmatched,,"[-0.447504222096961, 0.26585095795835, 0.8533219872333381, 0.030080316856180497]","[-0.7072561393775306, 0.00030557237414666205, 0.706957325226814, 1.5699175270667e-05]","[477.59421744119567, 10.01005597810003, 7.647136459772292]",5.230000000000081,100.0,0.0,"[50.0, 88.1620717594329, 88.16207175943289]",25
391,406022352,settled,Rk4i_0008,unmatched,,"[-0.3653408397420556, 0.6171309206484219, -0.6060321330849663, 0.3440938117209992]","[-0.5001856025936094, 0.500092899964358, -0.49986480134442385, 0.49985661418071303]","[477.96102277085356, 7.664014313292415, 9.99727982006637]",5.100000000000038,100.0,0.0,"[50.0, 88.62310459339363, 88.62310459339365]",30
392,1249401832,settled,Rk4i_0016,unmatched,,"[-0.1733833582670486, 0.1891697261426468, -0.9649533349426495, -0.05493712014854206]","[1.8452608645121227e-05, 2.5979780395868346e-06, -0.9999999994671036, -2.6805683158290095e-05]","[478.14657938667267, 10.012797553926013, 11.352605797657235]",5.200000000000071,100.0,0.0,"[50.0, 89.39516068673042, 89.39516068673043]",22
393,3632292210,settled,Rk4i_0020,unmatched,,"[-0.016288161035539764, 0.41417340070696734, 0.444247711431849, -0.79425377609708]","[-0.49987808759894126, 0.4998003218092185, 0.5002163901952241, -0.5001050877944415]","[478.10327828146137, 7.656838866768961, 9.988591605133255]",5.370000000000128,100.0,0.0,"[50.0, 88.83211811698969, 88.83211811698968]",22
394,2973749025,settled,Rk4i_0012,unmatched,,"[-0.257487360526622, 0.7199862692742867, -0.4075739458834495, -0.4992028744533857]","[-0.00021599909682021304, 0.7071175197991175, -3.829221491435942e-05, -0.7070960083830492]","[478.12019672912555, 10.014285894949268, 7.353003852987171]",5.080000000000031,100.0,0.0,"[50.0, 94.06661270808478, 94.06661270808475]",23
395,1941028596,settled,Rk4i_0022,unmatched,,"[-0.3979706979410011, 0.5124873277994502, -0.5234674702789294, -0.552229906818808]","[-0.4999412551402026, 0.5000995601046865, -0.4999853080690457, -0.49997386242386654]","[478.33267745067724, 18.65390517848258, 7.344546023564508]",5.080000000000031,100.0,0.0,"[50.0, 93.51658871269585, 93.51658871269584]",21
396,3070380030,settled,Rk4i_0020,unmatched,,"[-0.06994234935673012, 0.3801467522525942, 0.7566750495891676, -0.5272943995980771]","[-0.500270464991605, 0.4999716815012464, 0.499784478552202, -0.499973253836846]","[477.9396645042005, 7.657119729291676, 10.001861521826596]",5.430000000000148,100.0,0.0,"[50.0, 89.33075449195782, 89.3307544919578]",29
397,1915343937,settled,Rk4i_0012,unmatched,,"[0.4906712176433897, -0.7697750840218592, 0.18896804856236424, 0.36191042098566995]","[-0.0002511970779380812, -0.7070973781263102, 0.00022102949737634603, 0.7071161049593534]","[477.97645791047563, 10.02073140728042, 7.347473186060132]",5.140000000000051,100.0,0.0,"[50.0, 93.96001568897212, 93.96001568897213]",32
398,354290017,settled,Rk4i_0009,unmatched,,"[-0.28835621042518916, -0.38855276042979314, -0.7424310043056404, 0.46332888116038073]","[-0.4998861873737248, -0.5000682998152038, -0.49989293792802764, 0.5001525225394527]","[477.74408885307855, 11.355288366303524, 7.356219148217599]",5.070000000000028,100.0,0.0,"[50.0, 88.52778657897915, 88.52778657897916]",21
399,3963352672,settled,Rk4i_0002,unmatched,,"[0.9251647455085984, -0.043595273119650155, -0.02004224774347514, -0.3765208548474078]","[0.7070090034311701, -0.00013043084697923762, -0.00021716519481187343, -0.7072045000523794]","[477.67594194449407, 11.347554918120132, 10.008178884392851]",5.1800000000000646,100.0,0.0,"[50.0, 93.54036673443815, 93.54036673443817]",21
400,2241331819,settled,Rk4i_0024,unmatched,,"[0.5925854334590082, 0.24491752173755219, -0.09201458593482868, 0.7618341207726109]","[0.7071061646634922, 0.00014080670620068248, -0.00040940827228673515, 0.7071072651678982]","[477.9253468966233, 18.662814368330707, 9.997792443715817]",5.110000000000041,100.0,0.0,"[50.0, 94.29961019245954, 94.29961019245955]",18
401,1248089024,settled,Rk4i_0022,unmatched,,"[0.2827366532360801, -0.6531151424436665, 0.5934076092222453, 0.3759893681273299]","[0.5001195990766417, -0.5000938342024885, 0.49982909685933036, 0.49995741573143926]","[478.2723130149898, 18.657183157627113, 7.355711828955891]",5.070000000000028,100.0,0.0,"[50.0, 93.05418928417434, 93.05418928417436]",17
402,1190590428,settled,Rk4i_0021,unmatched,,"[-0.8466737523926994, -0.520625593890875, -0.0190786065475082, 0.10829845228462341]","[-0.4998720589473228, -0.5000518497143969, -0.5000506352496829, -0.500025433820484]","[477.9433103096874, 7.357332864802325, 10.00358082021969]",5.380000000000131,100.0,0.0,"[50.0, 93.60971280070504, 93.60971280070503]",38
403,870255912,settled,Rk4i_0013,unmatched,,"[-0.016935335981255635, 0.22228673932136322, -0.7657847735540874, 0.6032209218104038]","[0.0004863993362509422, 9.537867990028204e-05, -0.7070697258701372, 0.7071436608473006]","[478.140305501976, 7.6483634435928085, 11.357274676338232]",5.170000000000061,100.0,0.0,"[50.0, 88.39538103081286, 88.39538103081287]",27
404,3990659583,settled,Rk4i_0010,unmatched,,"[-0.20215787328060575, -0.6371998885809219, 0.5616658613913516, 0.4874832883398513]","[-0.5000240639975537, -0.500031577520015, 0.5000140682885222, 0.49993028355939434]","[477.61533631628174, 7.349061985942902, 10.000001869946441]",5.200000000000071,100.0,0.0,"[50.0, 91.17768857700268, 91.17768857700267]",23
405,3397404430,settled,Rk4i_0022,unmatched,,"[0.41182468093020647, -0.4075472598130009, 0.478449909386871, 0.6598419109175645]","[0.5000396075174198, -0.4998090666002438, 0.5001244458057602, 0.500026825845873]","[477.96361036685164, 18.64795851097815, 7.345641796092721]",5.240000000000085,100.0,0.0,"[50.0, 94.32220289965689, 94.3222028996569]",21
406,3645697704,settled,Rk4i_0024,unmatched,,"[0.8864963890943234, -0.051138257445942525, -0.1415384693951913, 0.4375795841094335]","[0.7070399734079399, -0.00016865047700733316, -3.2567470834541265e-05, 0.7071735617934796]","[477.59484820052955, 18.652494282145465, 10.00314897073207]",5.0600000000000245,100.0,0.0,"[50.0, 94.66702757676897, 94.66702757676899]",32
407,51817196,settled,Rk4i_0021,unmatched,,"[0.7638451508528649, 0.27373350348973174, 0.43368309953207546, 0.39182843664804773]","[0.4998488115839241, 0.5000523060183126, 0.5000116885459934, 0.5000871605243342]","[478.30598514221475, 7.352995335004933, 10.003033580317265]",5.160000000000058,100.0,0.0,"[50.0, 90.45064752264754, 90.45064752264756]",26
408,2309212288,settled,Rk4i_0010,unmatched,,"[0.8495889160767383, 0.3365625935702812, -0.2307471229477699, -0.33418566626970336]","[0.5002530338544792, 0.5000264243168107, -0.4998288801240977, -0.4998915559381102]","[477.94490407393823, 7.3459363400382935, 10.000423831791299]",5.1800000000000646,100.0,0.0,"[50.0, 93.71732082623483, 93.71732082623484]",30
409,48961705,settled,Rk4i_0012,unmatched,,"[0.07809326247491846, -0.2879763649877445, 0.049014886336602684, 0.9531886468490268]","[-0.00034515049529229564, -0.7071112546600185, -0.0004331758000385709, 0.7071020907641247]","[477.77121819375975, 10.00689957360598, 7.353885471095209]",5.210000000000075,100.0,0.0,"[50.0, 87.340992902825, 87.34099290282501]",25
410,1554068286,settled,Rk4i_0020,unmatched,,"[0.6452777913563432, -0.48357184564960204, -0.23356384192165672, 0.5433440657853112]","[0.5000759778222243, -0.5003439409867053, -0.49999384284310644, 0.49958594279865576]","[477.8637683003552, 7.650563793348408, 9.997495520333656]",5.130000000000048,100.0,0.0,"[50.0, 89.2321750503083, 89.23217505030831]",28
411,3534876538,settled,Rk4i_0011,unmatched,,"[-0.2977258657233537, 0.10832781411501317, -0.3707268817149146, -0.8730326298267885]","[-0.00017314859987918596, -6.238492533605644e-05, -0.7072749010412023, -0.7069385973936074]","[478.17043088191525, 7.364507838185726, 11.350592663325676]",5.210000000000075,100.0,0.0,"[50.0, 93.66668346506799, 93.66668346506798]",28
412,534105821,settled,Rk4i_0024,unmatched,,"[0.61992343084427, 0.12344665611091266, 0.04777704849200498, 0.7734165867258707]","[0.7071119640564706, 5.391564424698944e-06, -0.00010853284179050793, 0.7071015899287414]","[477.8268229307763, 18.65154314880858, 10.004387556069139]",5.130000000000048,100.0,0.0,"[50.0, 94.30981742125411, 94.30981742125412]",21
413,4091761413,settled,Rk4i_0022,unmatched,,"[0.5674666330929233, -0.4537568823728552, 0.5632140784565418, 0.3935431537376766]","[0.5000221108344951, -0.4999244056900136, 0.4998834956802371, 0.500169939139298]","[478.13197462651, 18.648447358330483, 7.349222966920744]",5.110000000000041,100.0,0.0,"[50.0, 93.90394661055593, 93.9039466105559]",21
414,3173205562,settled,Rk4i_0013,unmatched,,"[-0.09130783514718892, -0.5669139993428666, 0.7439710281521406, -0.3417287021308819]","[6.264265218020039e-05, 2.920461629399296e-05, 0.7065055956417639, -0.7077074526595472]","[477.97200787896907, 7.652968676542897, 11.353536030853162]",5.300000000000105,100.0,0.0,"[50.0, 93.9377729906968, 93.93777299069681]",21
415,251389692,settled,Rk4i_0002,unmatched,,"[0.6080055123042141, 0.07237173668191489, -0.4106834322929009, -0.6755965861203387]","[0.7070545599074309, 0.00015313852544033874, -5.270027354003655e-05, -0.7071589800641594]","[478.14164099888256, 11.353069155547564, 9.99656696902492]",5.170000000000061,100.0,0.0,"[50.0, 87.43145922897115, 87.43145922897114]",22
416,2745748030,settled,Rk4i_0022,unmatched,,"[-0.44688314577346244, 0.750365958923362, -0.42026706391498325, -0.24621530557810048]","[-0.49990776848609164, 0.5000846873860499, -0.5000445447219182, -0.4999629803726497]","[477.78080188365, 18.651750876811796, 7.354706060068301]",5.1800000000000646,100.0,0.0,"[50.0, 94.59499662523473, 94.59499662523471]",22
417,2132957445,settled,Rk4i_0012,unmatched,,"[0.02440900510333862, 0.4192243821668913, -0.3393466787833796, -0.8417237964233536]","[0.0003825554146451027, 0.7071840703413976, 7.779603196739204e-05, -0.7070293758073318]","[478.0926046172862, 10.00207770870091, 7.355374780453534]",5.190000000000068,100.0,0.0,"[50.0, 89.28646175132037, 89.28646175132039]",22
418,2592582287,settled,Rk4i_0019,unmatched,,"[-0.17317025778823744, 0.877343216343861, -0.19804333936939197, 0.40132253647706384]","[-9.985547427013297e-05, 0.7072636434862981, -0.00017155450632316827, 0.7069498562135949]","[477.652931488084, 10.006548028035184, 7.640036668664178]",5.230000000000081,100.0,0.0,"[50.0, 93.61425889744922, 93.6142588974492]",20
419,488833476,settled,Rk4i_0008,unmatched,,"[0.814050814904451, -0.47546433509702507, 0.2701807450712651, -0.19559473867381785]","[0.5000790208015646, -0.49995643925474365, 0.49994601877816464, -0.5000185097671178]","[477.77020595406026, 7.6509437809325735, 9.99486303454119]",5.160000000000058,100.0,0.0,"[50.0, 94.82997243847053, 94.82997243847055]",25
420,1079718317,settled,Rk4i_0012,unmatched,,"[-0.06942338662369815, -0.7737009619714047, 0.02210873122520877, 0.6293476136745343]","[0.00018366061335819972, -0.7071045716806056, 3.1763022200648194e-05, 0.7071089661206941]","[477.7625678213954, 10.009348575400615, 7.353596079049667]",5.080000000000031,100.0,0.0,"[50.0, 84.92277962636791, 84.92277962636793]",33
421,1354260012,settled,Rk4i_0020,unmatched,,"[-0.4187518959274471, 0.7746345086352491, 0.30176239181627623, -0.3654144038949682]","[-0.5000157309473255, 0.5000503834998451, 0.5000324649547486, -0.4999014070375755]","[477.53902605724073, 7.6467198143851896, 10.00287663355327]",5.130000000000048,100.0,0.0,"[50.0, 93.02246505350352, 93.02246505350354]",15
422,882229007,settled,Rk4i_0018,unmatched,,"[0.1273924501741963, -0.9584522427451846, 0.2029272869603875, 0.1547933403678503]","[0.0003264065840470432, -0.999999922595605, 3.292393472809074e-05, -0.00021721772615582418]","[478.17231501691197, 10.014793389468513, 18.648420893856848]",5.110000000000041,100.0,0.0,"[50.0, 94.98688749947605, 94.98688749947607]",15
423,4192697643,settled,Rk4i_0020,unmatched,,"[0.6550885994433101, -0.4372331383276803, -0.14355208181188908, 0.5992319329233069]","[0.5000129454241272, -0.499782945961905, -0.5001277775023307, 0.5000762616886624]","[477.89856917054595, 7.646247504849817, 9.99949692803417]",5.0600000000000245,100.0,0.0,"[50.0, 91.71132957939074, 91.71132957939075]",27
424,3669686380,settled,Rk4i_0012,unmatched,,"[-0.06116896501923223, 0.885354112653527, -0.3315742172768101, -0.32010153289734866]","[-4.022499018024872e-05, 0.7072571570280288, 0.00013647453636639328, -0.7069563590415475]","[477.89097803939916, 10.004228748183008, 7.352692388336613]",5.070000000000028,100.0,0.0,"[50.0, 93.38261782825823, 93.38261782825825]",27
425,514171889,settled,Rk4i_0010,unmatched,,"[-0.8749889709778484, -0.4028463397589936, 0.14105621020290338, 0.22850004983172698]","[-0.5001514881251548, -0.4998751477006429, 0.4998578632627375, 0.5001154288480453]","[478.05416623276966, 7.358771473119567, 10.002426702149451]",5.300000000000105,100.0,0.0,"[50.0, 94.28430856127122, 94.28430856127123]",29
426,551640303,settled,Rk4i_0016,unmatched,,"[-0.2697721665536638, 0.4464575027683721, -0.8515280409815804, 0.05290247439244444]","[2.9744193336983886e-05, -9.653752849864139e-05, -0.9999999668763399, -0.000236734255519591]","[477.81952347496156, 10.003223571893342, 11.351833441370546]",5.250000000000088,100.0,0.0,"[50.0, 94.84572843743793, 94.84572843743794]",27
427,1447824218,settled,Rk4i_0011,unmatched,,"[0.054177171776904016, 0.03524804273418602, -0.8950143501031719, -0.44132949442685304]","[-0.0001365990853463006, -0.00015277323344425886, -0.70715892514674, -0.7070546036808874]","[477.8422732555124, 7.354693004195853, 11.350891022284596]",5.050000000000021,100.0,0.0,"[50.0, 85.58058322998528, 85.58058322998527]",37
428,88904940,settled,Rk4i_0008,unmatched,,"[0.9031736958155836, -0.2856238255728287, 0.17222343768948123, -0.27025061140056533]","[0.5000246060310132, -0.5000264317822001, 0.5000463859107782, -0.49990256332635463]","[477.5260093795483, 7.650081833251155, 9.996809598929609]",5.050000000000021,100.0,0.0,"[50.0, 94.54643229816584, 94.54643229816585]",36
429,1326025458,settled,Rk4i_0009,unmatched,,"[-0.5718926520009407, -0.20994557547447532, -0.2553657328752236, 0.7507662701527834]","[-0.499922731212055, -0.5000828894607177, -0.49992576904220565, 0.5000685872294502]","[478.1668637838062, 11.353236204601759, 7.34983806906509]",5.160000000000058,100.0,0.0,"[50.0, 87.61710240390885, 87.61710240390883]",19
430,1890205973,settled,Rk4i_0020,unmatched,,"[0.4550261583998374, -0.14329072983126753, -0.6002766520818873, 0.6419399527071591]","[0.50000781039531, -0.5000197136780136, -0.5000512124697523, 0.49992125418367256]","[477.9159385750092, 7.652586475129, 10.003745955758152]",5.1800000000000646,100.0,0.0,"[50.0, 89.22841270640589, 89.22841270640588]",20
431,296743350,settled,Rk4i_0005,unmatched,,"[0.6332094678323993, -0.22651466425909744, 0.7306858552586184, 0.11762252185691]","[0.7070962401384523, -0.00021427092196960043, 0.7071172894905221, 1.317624391136696e-05]","[478.05738433632524, 10.000186752666261, 7.3542099819279825]",5.110000000000041,100.0,0.0,"[50.0, 91.23767294749172, 91.2376729474917]",19
432,4200615586,settled,Rk4i_0021,unmatched,,"[0.655926729555045, 0.4715822210767977, 0.3000995891145564, 0.5072578938102114]","[0.4999265152176358, 0.5001752362311529, 0.49995501109821877, 0.49994319609455773]","[477.8367630518729, 7.354738285154825, 10.003914926027026]",5.200000000000071,100.0,0.0,"[50.0, 88.53606775119215, 88.53606775119216]",31
433,1827127625,settled,Rk4i_0002,unmatched,,"[0.8579350932580933, -0.2128157517921675, -0.14611278493536695, -0.44419352271706153]","[0.7070808009843204, -0.00021571513183947153, 5.678727514853626e-07, -0.7071327275314242]","[477.93632052716237, 11.359076818246919, 9.999429484040776]",5.170000000000061,100.0,0.0,"[50.0, 93.56635648018084, 93.56635648018086]",21
434,534635392,settled,Rk4i_0005,unmatched,,"[0.4023365553425705, -0.1994319114941423, 0.8810665716111402, -0.14857289558415035]","[0.7069931213966617, 0.00011252508833953234, 0.7072204132729639, 2.6190223662903023e-05]","[478.06051482489335, 10.006467811296437, 7.348386981420576]",5.200000000000071,100.0,0.0,"[50.0, 89.02676369110266, 89.02676369110267]",29
435,2590583326,settled,Rk4i_0011,unmatched,,"[0.09030055180909459, -0.04441867200298009, -0.8023967719212277, -0.5882450274595253]","[8.472514317514614e-05, 2.9043713328846813e-05, -0.7072823212792158, -0.7069311918312823]","[477.58846379047634, 7.356764423290269, 11.356724549855798]",5.110000000000041,100.0,0.0,"[50.0, 85.68994690596469, 85.68994690596467]",29
436,2547354583,settled,Rk4i_0010,unmatched,,"[0.8152563941732772, 0.21622676966726295, -0.40583675953436604, -0.3519936369446071]","[0.5001255366054363, 0.49981121095225983, -0.5001862110733876, -0.49987694014988204]","[477.7652350982133, 7.363286799370707, 9.994804623759661]",5.110000000000041,100.0,0.0,"[50.0, 91.98529462856852, 91.98529462856854]",38
437,3218085765,settled,Rk4i_0010,unmatched,,"[0.2954657990931379, 0.39282819469298863, -0.3980689292476701, -0.7745496101529676]","[0.500209365987107, 0.49995044249673826, -0.500009375481808, -0.4998307410077781]","[477.5098473159192, 7.357472724770471, 9.997693212656381]",5.400000000000138,100.0,0.0,"[50.0, 89.02655240851873, 89.02655240851871]",26
438,1304232084,settled,Rk4i_0016,unmatched,,"[-0.352213766853653, 0.21184664024323208, -0.8685438811426818, -0.27694401958883696]","[0.00011402805519205554, 2.9530500855745605e-06, -0.9999999835351469, -0.00014113322880742534]","[477.7942411450112, 10.001829720281528, 11.35533170688739]",5.270000000000095,100.0,0.0,"[50.0, 93.21972352487796, 93.21972352487798]",27
439,297768368,settled,Rk4i_0012,unmatched,,"[-0.22472066688496214, -0.872516407788627, -0.21434063640960546, 0.3771920354380955]","[4.9288334595470884e-05, -0.7071563837564342, 0.00031053092676708305, 0.7070571052282315]","[478.05216254232124, 10.002910206727545, 7.348142407107097]",5.040000000000018,100.0,0.0,"[50.0, 91.93252251786805, 91.93252251786804]",24
440,891232979,settled,Rk4i_0012,unmatched,,"[-0.34380334234946835, -0.7338992915597421, -0.0763126847783356, 0.5808334234351233]","[9.998679561398772e-05, -0.7070705594410001, 0.0001404409145168706, 0.7071429800618695]","[478.26834606938326, 10.00059707071722, 7.351818431214719]",5.100000000000038,100.0,0.0,"[50.0, 89.09441605992492, 89.09441605992491]",18
441,3841963349,settled,Rk4i_0020,unmatched,,"[-0.5133375855609958, -0.07907450326392841, 0.6897991190402434, -0.5043896525061499]","[-0.49997206570872704, 0.5000248124545135, 0.4999995728352198, -0.5000035475927893]","[478.2798908088791, 7.647076710214987, 9.998993797739512]",5.310000000000108,100.0,0.0,"[50.0, 93.88874204427555, 93.88874204427555]",27
442,18385099,settled,Rk4i_0013,unmatched,,"[0.12047864421829556, -0.12517628543684167, -0.7144336243554615, 0.6777908159910955]","[5.8734709703633925e-06, -3.772238675139872e-05, -0.707145095678299, 0.7070684635879706]","[477.96791875635347, 7.658158198236453, 11.352131808499776]",5.140000000000051,100.0,0.0,"[50.0, 86.81793322882417, 86.81793322882416]",21
443,2691739939,settled,Rk4i_0015,unmatched,,"[-0.22267729535334213, 0.7891356077799049, -0.5696644964821498, 0.0562332296395906]","[2.764025730997397e-05, 0.7070349121962559, -0.7071786402316828, 5.4513459374368695e-05]","[478.38632899941774, 18.647858248859748, 9.998813113561143]",5.1500000000000545,100.0,0.0,"[50.0, 94.70507608699027, 94.70507608699029]",19
444,1648306844,settled,Rk4i_0007,unmatched,,"[0.40372342625092367, -0.4878801446397, -0.3946080481346454, -0.6657813814683657]","[0.5000140964305405, -0.49991537154220744, -0.49952296354809533, -0.5005470343081609]","[478.17348434325845, 11.363159633680665, 7.661172874600526]",5.0600000000000245,100.0,0.0,"[50.0, 87.77713961005584, 87.77713961005585]",18
445,3556173456,settled,Rk4i_0008,unmatched,,"[0.8819022092181918, -0.180298544692677, 0.353429474799875, -0.2546144821106211]","[0.4997690186661397, -0.5000609429963598, 0.5001696425873823, -0.5000003099049896]","[477.89656302887084, 7.645082511237967, 10.00584353176694]",5.170000000000061,100.0,0.0,"[50.0, 93.95629667006395, 93.95629667006396]",34
446,4217925759,settled,Rk4i_0012,unmatched,,"[0.0961030644699224, -0.5789503453412914, -0.05326938281784191, 0.8079251645312798]","[-0.00014614157792305904, -0.7070717535083542, -0.00011926874384651787, 0.7071417819703679]","[477.9416866056556, 9.998903077857939, 7.35212172070354]",5.140000000000051,100.0,0.0,"[50.0, 85.72389693497921, 85.72389693497922]",37
447,2301786321,settled,Rk4i_0019,unmatched,,"[0.2578223818748416, -0.7105505883403768, 0.20813108451813142, -0.620747076087221]","[4.149173994025258e-05, -0.7071349072956444, -0.0001451830699550072, -0.7070786378361973]","[477.5729206913165, 9.999989708498937, 7.646333956401089]",5.0900000000000345,100.0,0.0,"[50.0, 87.45532011101109, 87.45532011101108]",28
448,325454950,settled,Rk4i_0010,unmatched,,"[0.7956384402483112, 0.3843416545390062, -0.3939975078371101, -0.25299590669336963]","[0.4997861353461278, 0.49993720405795294, -0.5001520374802995, -0.5001245348098852]","[477.91643153157247, 7.355019821115191, 9.995916951421199]",5.130000000000048,100.0,0.0,"[50.0, 93.54341861149068, 93.5434186114907]",24
449,969502381,settled,Rk4i_0011,unmatched,,"[-0.30927980161513835, -0.15406158471051223, 0.5135925348162733, 0.7853876371642105]","[-6.922757649324707e-05, -4.142470877027682e-05, 0.7067742401530165, 0.7074391613048168]","[478.2069450507303, 7.351362644983577, 11.354763492941514]",5.1200000000000445,100.0,0.0,"[50.0, 88.37140211489591, 88.37140211489593]",26
450,2996715874,settled,Rk4i_0007,unmatched,,"[-0.19287291865651282, 0.48587151384416694, 0.6514239194558252, 0.5498870669914926]","[-0.5002054093978557, 0.49966176245900357, 0.49993085101028595, 0.5002017750404503]","[478.10965780105414, 11.352803700180942, 7.653434135306362]",5.160000000000058,100.0,0.0,"[50.0, 88.0747610400385, 88.07476104003848]",21
451,1609489958,settled,Rk4i_0005,unmatched,,"[-0.9949556450195594, -0.05813871976815337, 0.08029387326127228, -0.015363841451134974]","[-0.7071862181611457, 8.259405293856159e-05, -0.7070273036418682, 0.00019474616461606642]","[478.1329298011552, 10.0084857437514, 7.352605190563948]",5.360000000000125,100.0,0.0,"[50.0, 92.55726525119944, 92.55726525119945]",24
452,2771918735,settled,Rk4i_0016,unmatched,,"[-0.11460745564524599, 0.43084029765301896, -0.8796516023320977, 0.16569498345862566]","[4.119578428846099e-05, -3.907392634316942e-05, -0.9999999815594479, 0.00018345909543271188]","[478.10484403895697, 10.007586646041483, 11.352986911735618]",5.350000000000121,100.0,0.0,"[50.0, 94.85989521602083, 94.85989521602085]",39
453,610631633,settled,Rk4i_0019,unmatched,,"[0.1514681535432902, -0.6127328788032343, 0.29993681550540857, -0.7152997444429585]","[7.679406515628819e-05, -0.7071279759534533, -0.0001677840305283063, -0.7070855617074664]","[477.9459543963884, 9.99663586538443, 7.642269496711559]",5.080000000000031,100.0,0.0,"[50.0, 87.9665109231716, 87.96651092317158]",30
454,2319603761,settled,Rk4i_0016,unmatched,,"[-0.1570165804251357, 0.03132179366028071, 0.9537235132709428, -0.2545116872515474]","[-9.801541041218434e-05, 0.00011326454375448769, 0.9999999885335528, -2.2293873465025387e-05]","[478.27335161398906, 10.004464442369217, 11.359321290286378]",5.160000000000058,100.0,0.0,"[50.0, 87.0455609548872, 87.04556095488721]",29
455,1854309513,settled,Rk4i_0011,unmatched,,"[0.12356854996780049, -0.2678906918240119, -0.7278985147329342, -0.6189742667853777]","[0.0002390970025104855, 0.00010445555906649084, -0.7068565936116206, -0.7073568321501078]","[477.99694831077636, 7.358521126551652, 11.360046079012509]",5.160000000000058,100.0,0.0,"[50.0, 88.36828153514284, 88.36828153514286]",24
456,989447075,settled,Rk4i_0001,unmatched,,"[0.9713800337355661, -0.21011797810244398, 0.016179182275794755, 0.10958786154915928]","[0.9999999866967575, 1.9490202165329973e-05, 9.078468828361187e-05, 0.0001341072606435012]","[477.718614361143, 10.000719711935208, 18.643716276810522]",5.240000000000085,100.0,0.0,"[50.0, 93.53187734845262, 93.53187734845261]",27
457,2183323969,settled,Rk4i_0008,unmatched,,"[0.4719514165278837, -0.21436734646952207, 0.6328959274691771, -0.5751097688249347]","[0.5002029433626111, -0.499747750565378, 0.49981464045139723, -0.5002344714697957]","[478.0348376670763, 7.658977086190205, 10.001783546373694]",4.949999999999988,100.0,0.0,"[50.0, 88.68392697045351, 88.68392697045353]",30
458,3333157346,settled,Rk4i_0006,unmatched,,"[-0.9276509904190547, 0.24159716448372856, 0.27468312960690555, 0.07512408666549768]","[-0.7070477038466301, 0.00016726491833346513, 0.7071658329049869, -3.576941965444114e-05]","[477.57741242409554, 10.0029741661636, 7.649119298832606]",5.130000000000048,100.0,0.0,"[50.0, 92.57520503876854, 92.57520503876856]",27
459,1536433214,settled,Rk4i_0011,unmatched,,"[0.08218339877503628, 0.2576184628040969, -0.6582543058704985, -0.7025524075762501]","[0.00022816203078340758, 0.0005686430429707456, -0.7069864507361883, -0.7072268257515583]","[477.5775385353596, 7.357488936135515, 11.356246221844874]",5.020000000000011,100.0,0.0,"[50.0, 88.81499185144234, 88.81499185144236]",23
460,3003981838,settled,Rk4i_0006,unmatched,,"[-0.7818738120739928, -0.012854806092070811, 0.6135808908157429, -0.10966579402428699]","[-0.7072002607877831, -7.525412943215626e-05, 0.7070132615778397, -0.00018284302783452833]","[478.2780417653234, 9.992259040850806, 7.650237688838683]",5.140000000000051,100.0,0.0,"[50.0, 86.83431846762272, 86.83431846762274]",20
461,1671738075,settled,Rk4i_0021,unmatched,,"[0.16848477985767996, 0.6303939036957051, 0.6092136526744295, 0.4506385808324433]","[0.4998922738245447, 0.5000221516221676, 0.4999783595309849, 0.500107190968466]","[477.69610842382633, 7.35950742154388, 10.002749318263849]",4.959999999999991,100.0,0.0,"[50.0, 87.31514187614508, 87.31514187614506]",25
462,1427896573,settled,Rk4i_0005,unmatched,,"[-0.8276546587604369, 0.01672756570963244, -0.5591638238802129, 0.045208101499985595]","[-0.7070922807659195, -4.5778803769797025e-05, -0.7071212797251459, 1.2059150960558315e-05]","[477.55175283990707, 10.0077940515782, 7.342435459685467]",5.110000000000041,100.0,0.0,"[50.0, 87.3518192100773, 87.35181921007728]",20
463,617616967,settled,Rk4i_0024,unmatched,,"[-0.653353822706798, 0.3994512311384112, -0.04260644431797357, -0.6416791933661253]","[-0.7071492053159089, 0.00019531510073755528, -0.00023291852257995645, -0.7070642891718206]","[478.34756752767294, 18.6503974698996, 9.996168604281046]",5.020000000000011,100.0,0.0,"[50.0, 93.98102638923612, 93.98102638923613]",18
464,4137320547,settled,Rk4i_0007,unmatched,,"[0.42361130840775824, -0.7453039372078921, -0.42955826919711343, -0.2838224690468704]","[0.5002054958359048, -0.500117814235673, -0.49943623279804555, -0.5002400255759089]","[478.25079683117065, 11.35446095555798, 7.648862568802619]",5.1500000000000545,100.0,0.0,"[50.0, 91.48877421620574, 91.48877421620575]",18
465,2545035017,settled,Rk4i_0007,unmatched,,"[-0.5569568557253328, 0.6963649029460673, 0.07238081643017763, 0.44680644603493136]","[-0.5003152474711261, 0.49979216796029724, 0.4997737256813198, 0.5001186510339971]","[477.79835269843466, 11.354911884134179, 7.6443794603634645]",5.260000000000091,100.0,0.0,"[50.0, 93.06153929190405, 93.06153929190404]",17
466,1308104037,settled,Rk4i_0009,unmatched,,"[0.6202867767754898, 0.441811349337051, 0.34047399362073083, -0.5514748460468515]","[0.49989669478293147, 0.4999992434659945, 0.5000954496902151, -0.5000085922038495]","[477.7139806516182, 11.362293094309987, 7.3559830445049705]",5.0900000000000345,100.0,0.0,"[50.0, 86.2147502509552, 86.21475025095519]",20
467,997398106,settled,Rk4i_0014,unmatched,,"[0.11084417898417434, -0.7964657463755247, -0.5903442692092394, 0.06963854283090477]","[-8.946908731609143e-05, -0.7070492802089932, -0.7071642596140963, -0.0001314369587876116]","[477.99365396648113, 11.360548367349185, 10.001560700028941]",5.1500000000000545,100.0,0.0,"[50.0, 87.97355260240849, 87.9735526024085]",24
468,3869532184,settled,Rk4i_0009,unmatched,,"[-0.444034000270401, -0.15779409734244773, -0.714768004045331, 0.5167606117350677]","[-0.49987150983596584, -0.5002413650790115, -0.49996892274122773, 0.4999181199068257]","[478.25205394074897, 11.349529640053362, 7.349137629521691]",5.170000000000061,100.0,0.0,"[50.0, 89.21942046501043, 89.21942046501042]",20
469,2215946165,settled,Rk4i_0019,unmatched,,"[0.36889047016788995, -0.7622059379761799, -0.12484839185158167, -0.5170829799802338]","[-0.0004833284125267401, -0.7073579529646977, -0.00037233579987078214, -0.7068552568505736]","[478.05727613352553, 10.010956563270783, 7.647324489946427]",5.1200000000000445,100.0,0.0,"[50.0, 89.48126911650222, 89.48126911650223]",28
470,1197086404,settled,Rk4i_0005,unmatched,,"[0.755057280627056, -0.1767846178774512, 0.631366319746603, 0.0035031619473357]","[0.7070323501963839, 1.8826851751585494e-05, 0.7071811897508422, -0.00014242159613470085]","[477.8013964725906, 10.00038143133647, 7.352250424936749]",5.160000000000058,100.0,0.0,"[50.0, 88.35442651324276, 88.35442651324274]",24
471,148282538,settled,Rk4i_0015,unmatched,,"[-0.4253381753982559, 0.7238946308654451, -0.5174617999902729, -0.16521890177546342]","[0.00017969590771508472, 0.7069313229909421, -0.7072821044732851, 0.00031140889262761874]","[477.6621538328798, 18.647248629216136, 9.997202163054698]",5.200000000000071,100.0,0.0,"[50.0, 93.73001726018173, 93.73001726018174]",21
472,4068892255,settled,Rk4i_0012,unmatched,,"[0.3748737161170823, 0.8447448672063396, 0.13016443113470874, -0.35907245391493114]","[0.0001454944736846986, 0.7072283281473046, 0.00016440261532985057, -0.7069851792428938]","[478.1639640710347, 10.001899072878048, 7.356470396598119]",5.190000000000068,100.0,0.0,"[50.0, 91.5896811903005, 91.58968119030048]",24
473,1326143893,settled,Rk4i_0012,unmatched,,"[0.14356132151723644, 0.9476595487597521, -0.08740535376396882, -0.2714623928688525]","[0.00011887830728929406, 0.7070838419667411, 0.00019748294876567599, -0.7071296820937344]","[478.2791008472168, 10.01505779641967, 7.351674983976623]",5.130000000000048,100.0,0.0,"[50.0, 94.36024447739287, 94.36024447739288]",27
474,2736713625,settled,Rk4i_0012,unmatched,,"[0.017407009755828814, 0.4637843759830021, 0.32652442269539567, -0.8233971398959656]","[3.2605440781957595e-05, 0.7070353386993253, -3.494421159455641e-05, -0.707178214841293]","[477.95434462973157, 10.00170762498622, 7.347935125217951]",5.240000000000085,100.0,0.0,"[50.0, 88.32415087331945, 88.32415087331944]",22
475,3271021467,settled,Rk4i_0020,unmatched,,"[-0.521156935288762, 0.18990290551240585, 0.14878659799666374, -0.8186543125977841]","[-0.5001648018250138, 0.4999318477947446, 0.4998347502777518, -0.5000685362934313]","[477.95164713582074, 7.648149856592299, 9.998772729569117]",5.140000000000051,100.0,0.0,"[50.0, 95.07068462275204, 95.07068462275203]",27
476,3851873653,settled,Rk4i_0020,unmatched,,"[-0.6890452941250381, 0.5804733049738838, -0.022912083130372837, -0.43329246624360196]","[-0.5000900117292276, 0.5001197950289583, 0.4997216083593875, -0.5000684802380178]","[477.7752628597254, 7.645757021481085, 9.998472268021162]",5.0600000000000245,100.0,0.0,"[50.0, 93.97339712231853, 93.97339712231854]",33
477,1222532304,settled,Rk4i_0021,unmatched,,"[-0.4892347766941237, -0.673558720770075, -0.5376203582472012, -0.13391166247112982]","[-0.4999905636034234, -0.49995360581097925, -0.5002096281787619, -0.4998461325462026]","[477.90327241458056, 7.346633541051511, 10.00156648761911]",5.1500000000000545,100.0,0.0,"[50.0, 91.00437520016499, 91.004375200165]",31
478,2025214609,settled,Rk4i_0008,unmatched,,"[-0.6720498297597366, 0.25987250603860684, -0.3820612441455619, 0.5786575089351808]","[-0.5000420213134412, 0.49979825807314976, -0.5000969548646105, 0.500062709950419]","[477.6861998182841, 7.64595391335675, 9.99654574430777]",5.100000000000038,100.0,0.0,"[50.0, 87.29015769551275, 87.29015769551276]",28
479,3974321818,settled,Rk4i_0021,unmatched,,"[0.5890076497595739, 0.578138251652458, 0.2804648250741726, 0.4900669672575945]","[0.4998216480460303, 0.5000999595866342, 0.5002210109797247, 0.4998572703686715]","[478.2109911413375, 7.363883932917025, 10.000270759137972]",5.0900000000000345,100.0,0.0,"[50.0, 90.29037517338608, 90.2903751733861]",38
480,2134301099,settled,Rk4i_0018,unmatched,,"[0.23258563386672154, -0.9707151930310784, -0.014332229697203118, 0.05839969288753257]","[0.00010499914819811674, -0.9999999890307014, 5.0326382646681544e-05, 9.15479722144162e-05]","[477.87496710442997, 10.00672467472876, 18.648632998063924]",5.110000000000041,100.0,0.0,"[50.0, 92.55847415154385, 92.55847415154386]",27
481,978334388,settled,Rk4i_0011,unmatched,,"[-0.0529483899273966, -0.302997353705265, -0.8480072285136022, -0.4315933410519471]","[1.8750336976125492e-05, 9.534919695386446e-05, -0.7069456772212086, -0.7072678417793379]","[477.639083289466, 7.359922560280929, 11.351122616348418]",5.110000000000041,100.0,0.0,"[50.0, 88.8237585781525, 88.82375857815249]",23
482,2325744455,settled,Rk4i_0009,unmatched,,"[0.18274323590751634, 0.8725818368775546, 0.3737068263916387, -0.2560254979288821]","[0.5000216082631083, 0.4999387387612598, 0.49983511196182173, -0.500204467798808]","[478.20083448359645, 11.356980631790332, 7.351724563501864]",5.020000000000011,100.0,0.0,"[50.0, 93.58129470253827, 93.58129470253829]",32
483,348550585,settled,Rk4i_0003,unmatched,,"[-0.9150115933974345, 0.34906982214210186, -0.028151545384796382, -0.2002786401751746]","[-0.7068780941080749, 0.7073353847585488, 1.131824171163309e-05, -0.00011580375205166857]","[477.70224030914704, 7.67012664273036, 18.646846501155032]",5.050000000000021,100.0,0.0,"[50.0, 94.70877548066807, 94.70877548066808]",24
484,1740214684,settled,Rk4i_0010,unmatched,,"[-0.08212628680529313, 0.5264601975169598, -0.73218323243745, -0.42426718890744497]","[0.5001115538708587, 0.4997096651955847, -0.5000560233699894, -0.5001226426451661]","[477.72893871987384, 7.352788587597048, 9.999893647703102]",5.230000000000081,100.0,0.0,"[50.0, 93.17595348356255, 93.17595348356257]",32
485,55311315,settled,Rk4i_0009,unmatched,,"[-0.7661319425224496, -0.4844520809690637, -0.32013599349819377, 0.27542870866786173]","[-0.4996396769277418, -0.5001149832744027, -0.5001174623825109, 0.5001277042556868]","[478.26501372228404, 11.354562455768026, 7.354488939809761]",5.250000000000088,100.0,0.0,"[50.0, 91.39493906806115, 91.39493906806116]",22
486,1316840683,settled,Rk4i_0015,unmatched,,"[0.07675491347951191, 0.6400061569458476, -0.7595435032536367, 0.08714625059836124]","[4.102055989530623e-05, 0.707083318895711, -0.7071301740932919, -0.00030877747787408193]","[477.8328563432882, 18.64212899444915, 9.989709020502703]",5.000000000000004,100.0,0.0,"[50.0, 93.00723032292173, 93.00723032292171]",26
487,3906633774,settled,Rk4i_0022,unmatched,,"[-0.4126339930361076, 0.7677208856764828, -0.44529899126803724, -0.20505276848378087]","[-0.49997746128099263, 0.5000163273465359, -0.5000882557526789, -0.499917940322348]","[477.6524294914126, 18.648007205281505, 7.352263118203342]",5.1200000000000445,100.0,0.0,"[50.0, 94.69375388624273, 94.69375388624275]",29
488,3892948482,settled,Rk4i_0007,unmatched,,"[0.5881394421842769, -0.4614317568880165, -0.6511079169270512, -0.13126770660494644]","[0.4996422011513544, -0.500197061004795, -0.5003406477670378, -0.4998197747016978]","[478.32160601766566, 11.359764954638322, 7.639413198786943]",5.110000000000041,100.0,0.0,"[50.0, 89.5249699939195, 89.52496999391947]",13
489,726396242,settled,Rk4i_0005,unmatched,,"[-0.588104219804756, -0.17625190134214422, -0.7803869967171447, -0.1185952329392438]","[-0.7070352663249515, 9.16841737252927e-06, -0.707178273463726, -0.00014707008114742126]","[477.90110417032895, 10.017102920467671, 7.350453288415512]",5.100000000000038,100.0,0.0,"[50.0, 86.2328984396142, 86.23289843961419]",24
490,2940707866,settled,Rk4i_0005,unmatched,,"[0.497173177018088, 0.03845020895787252, 0.8641151523332156, 0.06815729596294492]","[0.7071628150911196, 2.596664391493753e-05, 0.7070507270113892, 0.00014734586092435278]","[477.77260425536497, 10.003073926398207, 7.354954279100626]",5.020000000000011,100.0,0.0,"[50.0, 86.03899193083157, 86.03899193083159]",24
491,304160197,settled,Rk4i_0005,unmatched,,"[0.9038276135597187, -0.022174154481154725, 0.42216816549128033, 0.06616639544146515]","[0.706959307215897, 5.447186872964416e-05, 0.7072542059168456, 0.00015227135916284773]","[477.68285284364407, 10.008819817425852, 7.360419434162826]",5.240000000000085,100.0,0.0,"[50.0, 91.1903302718067, 91.19033027180672]",26
492,4041846957,settled,Rk4i_0007,unmatched,,"[-0.42387011570386224, 0.43694254873817007, 0.72414277921501, 0.32408728673946435]","[-0.5000399608704196, 0.4998554435178554, 0.4997569344755699, 0.5003474588342168]","[477.74301256048284, 11.346974064120149, 7.641958933338506]",5.1500000000000545,100.0,0.0,"[50.0, 87.82188168928727, 87.82188168928725]",13
493,1321792822,settled,Rk4i_0010,unmatched,,"[0.8692626977408878, 0.4179941004244013, -0.14782251222700962, -0.2186590935806806]","[0.5000558648957941, 0.4999749288954901, -0.5000718242193057, -0.49989736254679784]","[477.9211224832811, 7.360299716558329, 10.003172379512103]",5.260000000000091,100.0,0.0,"[50.0, 94.36514310628826, 94.36514310628823]",42
494,4197430582,settled,Rk4i_0014,unmatched,,"[0.03321905480953784, 0.9728731798589902, 0.2096095331892582, 0.0920766740537427]","[0.00015483616750383854, 0.707095092810907, 0.7071184272480444, 0.00018866570584502327]","[477.85196056907466, 11.352535069107244, 9.99778312854459]",5.200000000000071,100.0,0.0,"[50.0, 94.80699822562372, 94.80699822562373]",16
495,2542721139,settled,Rk4i_0006,unmatched,,"[-0.6495938786809407, -0.005279080681094758, 0.6857852760822487, 0.3281744645706117]","[-0.7071355675558958, 0.00046241591315690505, 0.7070777664409488, -0.00032783197475100284]","[477.53237961813664, 10.0035522093971, 7.639259339987922]",5.1800000000000646,100.0,0.0,"[50.0, 88.67425859032349, 88.6742585903235]",18
496,2692174792,settled,Rk4i_0009,unmatched,,"[0.47989987830095804, 0.40658434079067574, 0.7168406037565264, -0.30087344421951895]","[0.4999183682591673, 0.4999314484577553, 0.5000600591640595, -0.500090101030664]","[477.5637613042537, 11.353697929728607, 7.356841457875993]",5.080000000000031,100.0,0.0,"[50.0, 87.80375499587686, 87.80375499587686]",30
497,3415389587,settled,Rk4i_0012,unmatched,,"[0.014422751469727813, -0.6581796891617329, -0.4012873838272596, 0.6368358631516293]","[-9.828720090726552e-06, -0.7071431268729995, -0.0002662426528717288, 0.7070703834375494]","[478.0955090506475, 10.005552332582788, 7.353905651684763]",5.230000000000081,100.0,0.0,"[50.0, 89.32732485922462, 89.32732485922463]",18
498,1604256032,settled,Rk4i_0002,unmatched,,"[0.7194335288308407, -0.12594507376429795, -0.2512441202018914, -0.6351611040141603]","[0.7068918199451898, -0.0004895210475994235, -0.0002785106197164142, -0.7073214528738373]","[477.7386056884685, 11.36477328141455, 9.989560360640747]",5.160000000000058,100.0,0.0,"[50.0, 86.45208404975277, 86.45208404975278]",24
499,262656233,settled,Rk4i_0020,unmatched,,"[-0.36391009820553344, 0.39535104709640495, 0.3331361145539588, -0.7747821107664442]","[-0.49985457538851014, 0.49994827246041484, 0.5001277105594957, -0.5000693966416426]","[477.8517073714032, 7.660283235727404, 9.996479071559724]",5.200000000000071,100.0,0.0,"[50.0, 89.59363739670823, 89.59363739670822]",18
500,4212216518,settled,Rk4i_0004,unmatched,,"[-0.29048204249306936, -0.9429696391518119, 0.01821415926537831, -0.16154469050145792]","[-0.707386579738669, -0.7068268716006435, 1.969872858681443e-05, -9.14038450372523e-07]","[478.09931296625444, 7.349702451263626, 18.639602977068495]",4.949999999999988,100.0,0.0,"[50.0, 93.37863274922996, 93.37863274922998]",35
501,3782923788,settled,Rk4i_0008,unmatched,,"[-0.7787440695715817, 0.09365545432764234, -0.38650657307348313, 0.48517934720345085]","[-0.4998551206828872, 0.5000082568503393, -0.5001425887896374, 0.4999939922512882]","[478.2629375026682, 7.651637544213385, 9.996899935751214]",5.080000000000031,100.0,0.0,"[50.0, 89.56691640006561, 89.5669164000656]",23
502,3362482467,settled,Rk4i_0006,unmatched,,"[0.7832846989191279, -0.38675165402377154, -0.48657950948779993, 0.011341053551597924]","[0.7071062625551789, 7.669586631009473e-05, -0.7071072931566198, 5.9478641020321854e-05]","[477.5524259678997, 10.000637601297559, 7.646334903076322]",5.110000000000041,100.0,0.0,"[50.0, 92.22675368665578, 92.2267536866558]",19
503,2700113713,settled,Rk4i_0014,unmatched,,"[0.03447712517487698, 0.9641850388290412, 0.23864003994039065, 0.11049647087199173]","[-0.0001261879134478352, 0.7072537187574318, 0.7069597512786818, 0.00026730577735878484]","[478.2708259573455, 11.353391755431984, 9.994994661075822]",5.250000000000088,100.0,0.0,"[50.0, 94.96094954962037, 94.96094954962038]",20
504,470461877,settled,Rk4i_0012,unmatched,,"[-0.3661237010024778, 0.6138259312149058, -0.3211534154736574, -0.6213144497450597]","[0.000277810072542628, 0.7071648187347165, -0.00019011697441145836, -0.7070486587364374]","[478.1441451977949, 10.004564906174295, 7.3512529433946225]",5.100000000000038,100.0,0.0,"[50.0, 94.18864271695033, 94.18864271695031]",29
505,1077415524,settled,Rk4i_0005,unmatched,,"[-0.9281882426101508, -0.132775582072791, -0.2798262576919452, 0.2062389308341965]","[-0.7072041663998153, 0.0001001563406700934, -0.7070093740308571, 4.5032717166215715e-05]","[477.8959501653989, 10.00042199880492, 7.350016037761684]",5.270000000000095,100.0,0.0,"[50.0, 94.159981593563, 94.15998159356302]",31
506,3461860755,settled,Rk4i_0016,unmatched,,"[-0.05646607210453661, 0.35164116118681604, -0.895910406203069, -0.2655270617419717]","[4.030014620800708e-05, 0.00036088360820929477, -0.9999997953222768, -0.0005267773002535004]","[477.5212119526483, 10.01914642339143, 11.348516418390435]",5.190000000000068,100.0,0.0,"[50.0, 94.34301920485686, 94.34301920485684]",24
507,4041061826,settled,Rk4i_0012,unmatched,,"[-0.3481962430304041, -0.8253540043337292, -0.2323053652870821, 0.3789252711665267]","[1.0072431064933607e-05, -0.7069833975168061, -0.000197059839520064, 0.7072301158050042]","[477.86094762543934, 10.009637710126578, 7.348113377961951]",5.040000000000018,100.0,0.0,"[50.0, 90.97584033729875, 90.97584033729876]",34
508,306890977,settled,Rk4i_0008,unmatched,,"[-0.6281596778640454, 0.2934023739395993, -0.14503032828879558, 0.7059013174295615]","[-0.5001554536259947, 0.4999544523105416, -0.4997437101597121, 0.500146270583764]","[478.266737285685, 7.631227195893407, 9.990874621888926]",5.160000000000058,100.0,0.0,"[50.0, 87.88382775582369, 87.8838277558237]",28
509,1149764821,settled,Rk4i_0005,unmatched,,"[0.5506074498766016, 0.1942346200872333, 0.7633583094821048, 0.2763845868433636]","[0.7071665875671966, -0.00022269041976458182, 0.7070468517487503, 0.0003424466736259568]","[477.54731470749977, 10.006910837642812, 7.35330394981256]",5.050000000000021,100.0,0.0,"[50.0, 87.72384875413995, 87.72384875413996]",20
510,2826209534,settled,Rk4i_0012,unmatched,,"[-0.054747368474066145, -0.6743927245094147, 0.08177656121602812, 0.7317853324641148]","[-0.00026382367968957876, -0.7071593505283856, 0.00020734080482823214, 0.7070541283148898]","[477.5293806315925, 10.000598352251705, 7.350427334365898]",5.100000000000038,100.0,0.0,"[50.0, 84.50272312070517, 84.50272312070516]",23
511,809482123,settled,Rk4i_0001,unmatched,,"[-0.9896455908076977, -0.0660978533166102, -0.015510723040940765, -0.12645985866102424]","[-0.999999995800686, -3.646969161535549e-05, -5.652500805677083e-05, 6.223755463380387e-05]","[478.31746713519186, 9.998584728723271, 18.650872264577462]",5.0900000000000345,100.0,0.0,"[50.0, 93.37965227168296, 93.37965227168294]",20
512,1905413278,settled,Rk4i_0006,unmatched,,"[0.7481737568194641, 0.08510956857516272, -0.6001973035567936, -0.26973243732772156]","[0.7071337937745097, -0.00024397845513118854, -0.7070797040696641, 0.00017398085785735873]","[477.50796504153897, 9.997932680569637, 7.64146370678005]",5.140000000000051,100.0,0.0,"[50.0, 87.85010376378975, 87.85010376378973]",25
513,3286044974,settled,Rk4i_0021,unmatched,,"[-0.5116328064185239, -0.4434826427084401, -0.6709170843675203, -0.30236614049266347]","[-0.4999653009152207, -0.5001380395348548, -0.5000896110148815, -0.49980698299040355]","[477.8328267965486, 7.35168272936602, 10.001353833493077]",5.080000000000031,100.0,0.0,"[50.0, 86.51205013130755, 86.51205013130753]",32
514,1725715576,settled,Rk4i_0017,unmatched,,"[0.06505155144275046, -0.2850129164414062, 0.21597777360011147, -0.9316058900775555]","[-2.2938625700019703e-05, -7.023123270111052e-05, -0.00026157990622750933, -0.9999999630586724]","[477.9943721727715, 10.012582900703451, 11.354344990659177]",5.280000000000098,100.0,0.0,"[50.0, 88.41123573426539, 88.41123573426538]",29
515,1615467983,settled,Rk4i_0002,unmatched,,"[-0.6197829620305907, -0.4968457370711996, 0.10198844289142846, 0.5988420084190367]","[-0.7072039970160592, -8.521747191129222e-05, 0.00012752642379846755, 0.7070095353526029]","[477.65377305369356, 11.3584598125643, 10.001850743218812]",5.000000000000004,100.0,0.0,"[50.0, 89.478558936454, 89.47855893645398]",22
516,3814597079,settled,Rk4i_0008,unmatched,,"[0.667114342466612, -0.47649663241467166, 0.2707484495608343, -0.5045836803080551]","[0.5001696212787259, -0.49979640381880003, 0.5000881288096705, -0.49994576516191575]","[477.60192114548823, 7.660686870749869, 10.000481287831338]",5.1500000000000545,100.0,0.0,"[50.0, 89.35622854560783, 89.35622854560782]",26
517,34287890,settled,Rk4i_0019,unmatched,,"[-0.020940699529930898, 0.9375278849134914, 0.13409955172815838, 0.3203439750317453]","[0.0001741453774554702, 0.7072720403593211, 0.0004083743295862641, 0.7069413439810671]","[478.124076168902, 10.009476118371197, 7.641368746713517]",5.1800000000000646,100.0,0.0,"[50.0, 93.8769898528689, 93.87698985286892]",37
518,3631687601,settled,Rk4i_0017,unmatched,,"[0.01632317933537506, -0.10891332960164436, -0.21908469273952824, 0.9694706482708464]","[-2.2871250891953746e-05, -1.0423687851227626e-05, 2.48827234631129e-05, 0.9999999993745514]","[478.1325904074332, 9.996827876470507, 11.35351402874926]",5.070000000000028,100.0,0.0,"[50.0, 86.08124119599404, 86.08124119599402]",19
519,2511762870,settled,Rk4i_0014,unmatched,,"[0.07168445665046755, -0.7412878042100359, -0.6643917565661196, 0.06274809806820239]","[0.00017229177613717442, -0.7070127032822398, -0.7072008255841312, 2.4913472490337203e-06]","[477.65461237086845, 11.362560401033981, 10.00432557711481]",5.100000000000038,100.0,0.0,"[50.0, 86.30947671702819, 86.3094767170282]",26
520,3838213929,settled,Rk4i_0007,unmatched,,"[0.8821667003735669, -0.4005839344237604, -0.23141838226947753, -0.08809061573954291]","[0.49987083879172145, -0.49986539395547075, -0.5001638411980829, -0.5000998544384729]","[477.65075331764274, 11.349929449482048, 7.643075105751032]",5.050000000000021,100.0,0.0,"[50.0, 93.03356507968095, 93.03356507968094]",29
521,1582246333,settled,Rk4i_0014,unmatched,,"[-0.04681754495458157, 0.978931168426654, 0.19652707016210968, 0.029647860981003544]","[-3.59282819225225e-05, 0.7071842283886273, 0.7070292839887491, 0.00023960362537439402]","[477.71430252427825, 11.35465320954408, 10.001619133585802]",5.140000000000051,100.0,0.0,"[50.0, 94.29000882824404, 94.29000882824403]",22
522,1534090043,settled,Rk4i_0011,unmatched,,"[-0.46539282176227803, 0.0937664437621731, -0.3668153027806936, -0.8000399422042925]","[-8.666203493729042e-05, -7.046610736641258e-05, -0.7069553012871409, -0.7072582198223132]","[477.5720368663955, 7.348952065051794, 11.350642526549974]",5.290000000000101,100.0,0.0,"[50.0, 94.5313240097104, 94.53132400971042]",28
523,3898018603,settled,Rk4i_0022,unmatched,,"[0.48513314473120167, -0.6294995748038434, 0.5923599459209928, 0.13223392784559354]","[0.4999866086738014, -0.4998588299887783, 0.5000611876621716, 0.5000933411104561]","[477.58145956266304, 18.645890595750636, 7.3457524121876405]",5.080000000000031,100.0,0.0,"[50.0, 94.20802190922097, 94.20802190922096]",18
524,2830597505,settled,Rk4i_0020,unmatched,,"[0.576867332971806, -0.29015814683690533, -0.547573958901899, 0.5321607741149939]","[0.5000448061669975, -0.500145348887061, -0.5002412739252383, 0.499568303311674]","[478.0091171310712, 7.6599590429428615, 10.00362830279181]",5.210000000000075,100.0,0.0,"[50.0, 87.90286807683515, 87.90286807683513]",25
525,3406774502,settled,Rk4i_0002,unmatched,,"[-0.8184929368826612, -0.28156105544036936, 0.10698870083035565, 0.4892301117338689]","[-0.7069888024115016, 0.0001850592625077106, 0.00024873061679009004, 0.7072246723290276]","[477.87872930481245, 11.360435601879228, 9.991783068366036]",5.000000000000004,100.0,0.0,"[50.0, 91.3542100511483, 91.35421005114831]",24
526,2789814901,settled,Rk4i_0018,unmatched,,"[-0.26970363680921006, 0.9276292097826353, -0.15848816628110093, -0.20407228767959454]","[0.00015280809337528373, 0.9999998773726834, -0.0002627383332913236, -0.0003909896075513311]","[477.93041939986404, 9.998824279308447, 18.652366278778477]",5.040000000000018,100.0,0.0,"[50.0, 94.12094816428228, 94.1209481642823]",28
527,3760347501,settled,Rk4i_0017,unmatched,,"[-0.1002536087097096, 0.35093466032656606, 0.2054738778488905, 0.9080608810227965]","[-5.145642437814901e-05, 0.000251461359737488, -2.3517466973133487e-05, 0.9999999667831743]","[477.528397535433, 10.005258021774301, 11.354787765098138]",5.200000000000071,100.0,0.0,"[50.0, 87.59588283817486, 87.59588283817484]",20
528,4270682813,settled,Rk4i_0004,unmatched,,"[-0.4929634617197576, -0.8456967034240723, -0.09130020337584438, -0.18288899390192767]","[-0.707052505372821, -0.7071610325847918, -0.00010364337763257844, -0.00013378220434184793]","[477.54539188538024, 7.345366890386121, 18.645630992075155]",4.849999999999954,100.0,0.0,"[50.0, 94.82482325392509, 94.82482325392508]",24
529,2251849766,settled,Rk4i_0005,unmatched,,"[-0.9540381800532999, 0.14298004548502866, -0.23627115718417716, -0.11637782381766813]","[-0.7069920562260271, 3.592378827277365e-05, -0.7072214797635167, 9.850825985832645e-05]","[477.69404209500095, 10.006774302203912, 7.34828787669098]",5.470000000000161,100.0,0.0,"[50.0, 93.87630017960092, 93.87630017960093]",30
530,534416715,settled,Rk4i_0021,unmatched,,"[0.8539475834375602, 0.4980579942392897, -0.06957051044451185, 0.13368508963970963]","[0.5000577318971894, 0.5000410140270727, 0.4999313616635997, 0.4999698817786875]","[477.8175848494354, 7.354752628339475, 9.998210000963194]",5.370000000000128,100.0,0.0,"[50.0, 94.02871154645136, 94.02871154645138]",24
531,2592423895,settled,Rk4i_0005,unmatched,,"[-0.7627362211012204, 0.22713702742415, -0.5529063964301926, 0.24685369063420926]","[-0.7071849221106233, -0.00015116706852882908, -0.7070285922298576, 0.00018126603306178876]","[478.04403356225475, 9.99869328435998, 7.353599408462591]",5.160000000000058,100.0,0.0,"[50.0, 89.33934089671503, 89.33934089671504]",34
532,907034003,settled,Rk4i_0023,unmatched,,"[0.3422772396015353, 0.6790099916879979, -0.547941234685763, 0.34864326434001264]","[0.4998183906645237, 0.5000927184120576, -0.500083775590259, 0.5000050667104842]","[477.58650886078976, 18.6555544383617, 7.6477137024561]",5.100000000000038,100.0,0.0,"[50.0, 93.29822749085997, 93.29822749085999]",28
533,3984301831,settled,Rk4i_0018,unmatched,,"[-0.11390344336326703, 0.9654493302717585, -0.20652691217242056, -0.11081620286009315]","[0.0002212257771514256, 0.9999999444285952, 0.00024802364016579537, -2.6196106600192437e-05]","[477.9236536946913, 9.998563023951746, 18.638744602634254]",5.100000000000038,100.0,0.0,"[50.0, 94.96469921341726, 94.96469921341728]",20
534,4291204682,settled,Rk4i_0006,unmatched,,"[0.9102301720992834, 0.25705660167763955, -0.31181419162339175, 0.09041486181100448]","[0.7071293853539496, -0.00044170110692279274, -0.7070838791150715, -0.00047451518474919685]","[478.21435520161236, 10.017948175255325, 7.652700541342885]",5.080000000000031,100.0,0.0,"[50.0, 92.16652747519045, 92.16652747519046]",23
535,1157350213,settled,Rk4i_0014,unmatched,,"[0.09159539395124666, -0.38103529340517006, -0.903230823874266, 0.17491846040360173]","[-6.345628640338935e-05, -0.707258206699233, -0.7069550387823232, -0.0006310072650747721]","[477.53202810988273, 11.365542096855549, 10.00725756858958]",5.140000000000051,100.0,0.0,"[50.0, 89.59503465391154, 89.59503465391155]",17
536,1755359008,settled,Rk4i_0016,unmatched,,"[0.09753683006993497, -0.2256443990971123, -0.9692314832589591, 0.012708414364118367]","[-6.123604588326435e-05, 1.937690488434951e-05, -0.9999999976858059, -2.242923323702897e-05]","[477.58635307740207, 10.012456515756824, 11.351360285770491]",5.1200000000000445,100.0,0.0,"[50.0, 88.49138429540537, 88.49138429540538]",36
537,1408581071,settled,Rk4i_0022,unmatched,,"[-0.45471816580131014, 0.36881043623739057, -0.67610896635819, -0.44731076157715893]","[-0.49996711372963937, 0.500060453348234, -0.4999208111566522, -0.5000516080950919]","[477.7077561457826, 18.65264182929752, 7.3448911773785515]",5.1500000000000545,100.0,0.0,"[50.0, 94.85594638559486, 94.85594638559488]",20
538,4025969406,settled,Rk4i_0020,unmatched,,"[0.5709753087547726, -0.565686932621656, -0.20846448437644396, 0.5572504372426795]","[0.4999659414704134, -0.5000120394104807, -0.49992012362552635, 0.5001018774294032]","[478.0257814954878, 7.64707251854982, 10.002602055096558]",5.130000000000048,100.0,0.0,"[50.0, 89.76396424953704, 89.76396424953705]",20
539,2979020610,settled,Rk4i_0022,unmatched,,"[0.8112307203794777, -0.24357840399230152, 0.375267764858577, 0.37649486594003445]","[0.5001342633741254, -0.5000813857390874, 0.4999136459541291, 0.49987065609549924]","[477.5401898840802, 18.654100568423086, 7.351662895178593]",5.310000000000108,100.0,0.0,"[50.0, 94.35056130910642, 94.35056130910644]",30
540,1028301620,settled,Rk4i_0016,unmatched,,"[0.28892918457711164, 0.24730923049045345, 0.9179907074772494, 0.112477250140836]","[2.3186509126611033e-05, 3.591934777946726e-06, 0.9999998453180394, 0.0005557097992397729]","[478.21408352796357, 10.000665532577234, 11.35061473645399]",5.320000000000111,100.0,0.0,"[50.0, 89.46083181441527, 89.46083181441529]",37
541,1824536695,settled,Rk4i_0019,unmatched,,"[0.3578502322835677, -0.800703126013853, 0.2395142510307735, -0.41647405537369075]","[-1.731204261681829e-05, -0.7071849914950307, -0.0001249007435922267, -0.707028550982399]","[477.5038660844328, 10.006879955267614, 7.649558055839332]",5.210000000000075,100.0,0.0,"[50.0, 93.35552671823392, 93.35552671823393]",29
542,1733341495,settled,Rk4i_0013,unmatched,,"[-0.10725658997326243, 0.21456612060218364, -0.3731717225845471, 0.8962144103172625]","[0.000152804687129221, 0.0002566378596743912, -0.7073150869789386, 0.7068983509103081]","[477.60731131734093, 7.632650003835071, 11.345985339375826]",5.230000000000081,100.0,0.0,"[50.0, 88.6088207006578, 88.60882070065782]",27
543,2081953756,settled,Rk4i_0017,unmatched,,"[0.25888675527262234, 0.11196108251609478, -0.02210478959212772, 0.9591421908264307]","[-0.0001236001223545169, 5.577800278645196e-06, -0.00024921915986158134, 0.9999999612908534]","[477.5475459904088, 10.01088583039695, 11.35101588197551]",5.160000000000058,100.0,0.0,"[50.0, 90.82820134351303, 90.82820134351304]",26
544,1596940682,settled,Rk4i_0014,unmatched,,"[-0.19632461640955656, -0.5756304342672571, -0.7748853172965169, 0.17221786543563297]","[-0.00021129497102924115, -0.7070151553960077, -0.7071983155111413, -0.0002606395954973269]","[477.7873104673476, 11.352344360367825, 9.999741258868061]",5.1800000000000646,100.0,0.0,"[50.0, 87.60458665642275, 87.60458665642274]",18
545,581162313,settled,Rk4i_0013,unmatched,,"[0.04461988653389065, 0.19339945396857908, 0.7698665327673556, -0.6065568717400935]","[-0.0001237620628579128, 5.123057865061287e-05, 0.7069790903542291, -0.7072344362799978]","[477.9717482989095, 7.653027359888205, 11.350477508210258]",5.100000000000038,100.0,0.0,"[50.0, 87.83517122404143, 87.83517122404145]",32
546,3502698889,settled,Rk4i_0007,unmatched,,"[0.5283433173134485, -0.7298517633133956, -0.10698109618937755, -0.4203864742075638]","[0.4996728115186784, -0.5000238027260109, -0.4999948232719769, -0.5003083597519268]","[477.9612027280046, 11.358730994827566, 7.644672975683801]",5.220000000000078,100.0,0.0,"[50.0, 92.77799711142117, 92.77799711142119]",24
547,1071262967,settled,Rk4i_0010,unmatched,,"[0.8300743687420142, 0.3050562345016756, -0.2379524964004282, -0.40161654050351286]","[0.5000020842834938, 0.5000149120168008, -0.4999305814056943, -0.5000524145010773]","[478.0427768207615, 7.355914671232417, 10.002036053956294]",5.130000000000048,100.0,0.0,"[50.0, 92.49751519289812, 92.49751519289813]",26
548,2632182746,settled,Rk4i_0016,unmatched,,"[0.12463518999557266, 0.2666351509468831, -0.9139540700125686, 0.2793917028148142]","[4.171385803308387e-05, -0.00014869307369869134, -0.9999997505540237, -0.0006892330623898834]","[478.2702853654595, 10.011527098688582, 11.355563762647458]",5.160000000000058,100.0,0.0,"[50.0, 93.51202936391574, 93.51202936391576]",22
549,2828869928,settled,Rk4i_0012,unmatched,,"[-0.28857867045607677, -0.9072533208270996, 0.09782974016625558, 0.289901888136324]","[-9.288719163227932e-05, -0.707197311890784, -0.00022516198592512082, 0.7070161969350482]","[477.69510289087515, 10.007950113614001, 7.360084127883725]",5.190000000000068,100.0,0.0,"[50.0, 94.76850651345086, 94.76850651345087]",25
550,242711853,settled,Rk4i_0020,unmatched,,"[0.4453195280059114, -0.6620938811624908, -0.15791792580823788, 0.5817079501022876]","[0.5002331204288141, -0.4999465324373537, -0.49963792011688546, 0.5001822055123416]","[477.6034718486324, 7.651464015774071, 9.998478138994441]",5.0900000000000345,100.0,0.0,"[50.0, 89.92157893161416, 89.92157893161415]",27
551,1651512630,settled,Rk4i_0017,unmatched,,"[0.0865315596859267, 0.07213667043285749, -0.3591108145116115, -0.926470729628297]","[0.00022014021536959083, 9.90930987772015e-05, -4.296623352769354e-05, -0.9999999699363727]","[477.97970675450773, 10.007144272520796, 11.349894864249196]",5.0900000000000345,100.0,0.0,"[50.0, 86.42184195241721, 86.4218419524172]",20
552,1631844025,settled,Rk4i_0016,unmatched,,"[-0.1638439152687643, 0.1823014535722178, 0.9657088863423422, -0.08560197599525166]","[0.0001020894910517973, 8.857966290670705e-05, 0.9999999841842542, 0.00011559788385327702]","[477.72986000597024, 10.002772302789896, 11.352337057656925]",5.140000000000051,100.0,0.0,"[50.0, 88.68124395452087, 88.68124395452088]",30
553,2736063736,settled,Rk4i_0002,unmatched,,"[-0.843944520795286, -0.07874995523921714, -0.028550908035474637, 0.5298499183917899]","[-0.7071397836448778, -0.00023171809220206129, 0.0002692474778299927, 0.707073687955645]","[477.73837188569547, 11.358011214410602, 10.004018371286433]",5.080000000000031,100.0,0.0,"[50.0, 90.72410894219253, 90.72410894219254]",18
554,2383909704,settled,Rk4i_0007,unmatched,,"[0.6518991038919032, -0.6526703844856946, -0.36014167870515257, -0.13909313002324686]","[0.4994610160953967, -0.5002699234247467, -0.5002206611689932, -0.5000479849546513]","[477.6067012106792, 11.357242589630145, 7.651101148314292]",5.1500000000000545,100.0,0.0,"[50.0, 93.6662230130149, 93.66622301301491]",27
555,786084746,settled,Rk4i_0012,unmatched,,"[0.2039477377247787, 0.88653858841402, -0.044391204423401436, -0.41289716940136734]","[3.5076100380782016e-05, 0.7071680695974327, -0.00016663807892636218, -0.7070454669561628]","[478.1775929446892, 9.99707094799162, 7.358156501795862]",5.1200000000000445,100.0,0.0,"[50.0, 92.64836019868049, 92.6483601986805]",21
556,3304824113,settled,Rk4i_0016,unmatched,,"[-0.13080897053962634, 0.016978959777673188, -0.9531859353290428, -0.2720979618485396]","[0.00017654836163492313, 7.788667637159687e-05, -0.9999999120631713, -0.00037234122971781995]","[477.696685677909, 10.019039406756805, 11.349017318439214]",5.170000000000061,100.0,0.0,"[50.0, 86.93691457580428, 86.93691457580427]",21
557,1346177025,settled,Rk4i_0011,unmatched,,"[-0.11499311941669005, 0.4206101350444942, 0.7451990628761969, 0.5045216085294161]","[-0.00012565745849282828, -9.818847537246267e-05, 0.7071774971996438, 0.7070360401165378]","[477.6747816681026, 7.35923106282547, 11.351140859223195]",5.190000000000068,100.0,0.0,"[50.0, 89.41008892553944, 89.41008892553943]",35
558,1189755357,settled,Rk4i_0010,unmatched,,"[0.44321918603854427, 0.24072236551575096, -0.6050649771751497, -0.6160404769687353]","[0.5001731173244006, 0.5000056084114767, -0.4999171994973293, -0.49990402869931727]","[478.3170877006329, 7.355963410051536, 10.002345206844995]",5.380000000000131,100.0,0.0,"[50.0, 88.49422610333826, 88.49422610333828]",33
559,404206193,settled,Rk4i_0012,unmatched,,"[0.21300452584677976, 0.2149451527649457, 0.2569436815404462, -0.9178276514619095]","[0.00011801599122870932, 0.7071257155273979, 0.00023396775408837667, -0.7070877977812808]","[477.7650614252364, 10.000850434027953, 7.35436589666872]",5.420000000000145,100.0,0.0,"[50.0, 89.08183343467212, 89.08183343467213]",21
560,1249438590,settled,Rk4i_0011,unmatched,,"[-0.25983007503873057, -0.0960866751857659, 0.6624144666085784, 0.6960335892647606]","[0.0001638030666055723, 0.00014677627474349308, 0.7070044356859637, 0.7072090776748081]","[477.5084467412408, 7.346163303360796, 11.34801683806506]",5.0600000000000245,100.0,0.0,"[50.0, 88.81961974999, 88.81961974999001]",25
561,3893150923,settled,Rk4i_0002,unmatched,,"[0.5250380837594202, -0.2965867571242271, -0.10548193818621408, -0.7907242672494948]","[0.7070723592500775, 0.00019367806382857074, 0.0002075260981318281, -0.7071411444727678]","[477.83879978951757, 11.35997325187906, 9.999858257046062]",5.240000000000085,100.0,0.0,"[50.0, 88.21677580165016, 88.21677580165017]",32
562,784341871,settled,Rk4i_0010,unmatched,,"[0.6092956200950023, 0.2465329145720911, -0.5075357975286466, -0.5571245673927846]","[0.49985550500154424, 0.5003243029363152, -0.5000477749511257, -0.49977223690134076]","[478.29726085740964, 7.352807015500557, 9.996280829019554]",5.210000000000075,100.0,0.0,"[50.0, 86.52105718685524, 86.52105718685524]",29
563,1442674168,settled,Rk4i_0013,unmatched,,"[0.32283344498595823, -0.05339721884669838, 0.10384039947967572, 0.9392254656118718]","[0.0003672673287176132, -0.0003553776012779342, -0.7069243082047346, 0.7072890224588017]","[478.02283885399197, 7.65746381639183, 11.35165168270794]",4.969999999999994,100.0,0.0,"[50.0, 93.10689149470538, 93.1068914947054]",18
564,914947571,settled,Rk4i_0010,unmatched,,"[0.008699331871120803, -0.7185529989891443, 0.5977778274188038, 0.3553414953466003]","[-0.5001535350316206, -0.49991103026351313, 0.4999252175878069, 0.5000101799323992]","[478.13731008762625, 7.359759111206521, 10.000633556874565]",5.360000000000125,100.0,0.0,"[50.0, 94.72967626832177, 94.72967626832178]",44
565,4103205779,settled,Rk4i_0013,unmatched,,"[-0.32975880371071165, 0.06651764303843705, 0.39372305764285254, -0.8554628504033676]","[9.294737871659577e-05, -0.00035537288148587703, 0.706978569194768, -0.7072348745432586]","[478.22726642416114, 7.653760430818766, 11.34331821856882]",5.0900000000000345,100.0,0.0,"[50.0, 92.46630546068448, 92.4663054606845]",26
566,2879595323,settled,Rk4i_0017,unmatched,,"[-0.43373184720898755, -0.09479036241635837, -0.023562481084522684, -0.895732259882827]","[-9.417550633272766e-06, 0.00018991527324954262, 7.353952377629752e-05, -0.9999999792177184]","[477.51637678434923, 9.99401241383663, 11.354585071671256]",5.250000000000088,100.0,0.0,"[50.0, 94.25867170627026, 94.25867170627028]",23
567,3848514265,settled,Rk4i_0019,unmatched,,"[-0.2281102713768126, 0.6538138972962924, -0.039395776699347185, 0.7203756412961819]","[-8.44121820842425e-05, 0.7073308602211861, 0.00014794093316877754, 0.7068826105986912]","[477.97645975396586, 9.999159444023201, 7.646952201158881]",5.100000000000038,100.0,0.0,"[50.0, 87.49986034285718, 87.49986034285719]",23
568,1245831326,settled,Rk4i_0010,unmatched,,"[-0.388786402531299, -0.5092396166273795, 0.47217131459175427, 0.6054538758160402]","[-0.5000983185546526, -0.49998772631435984, 0.4998576662237592, 0.500056255666443]","[477.98922199720727, 7.363775721048512, 10.00186185376768]",5.230000000000081,100.0,0.0,"[50.0, 86.09456790755269, 86.0945679075527]",36
569,1886621264,settled,Rk4i_0005,unmatched,,"[-0.7028736851730464, -0.2706600985987688, -0.6461462310172245, 0.12331561888099102]","[-0.7070941268535336, -0.00015895337457846884, -0.7071194157277366, -4.902987076463306e-05]","[477.81033619133837, 10.000356902731523, 7.352512438704507]",5.070000000000028,100.0,0.0,"[50.0, 88.50583733721915, 88.50583733721916]",20
570,3916208710,settled,Rk4i_0021,unmatched,,"[-0.3292193713764832, -0.512177968271426, -0.7828183003384974, -0.12838941927968053]","[-0.5000632555497179, -0.499776801415781, -0.5003154684211518, -0.49984429703073746]","[477.9872925972713, 7.345776369793933, 9.997640882995157]",5.110000000000041,100.0,0.0,"[50.0, 89.23570693552998, 89.23570693552999]",29
571,200935633,settled,Rk4i_0010,unmatched,,"[0.5617879019177501, 0.6795740462850371, -0.21259320806254298, -0.42116219768672375]","[0.500019096507254, 0.5000855811774791, -0.4999044988762994, -0.49999080654516875]","[477.65816578758466, 7.360752403413286, 10.002319688447589]",5.100000000000038,100.0,0.0,"[50.0, 93.13190745671189, 93.1319074567119]",35
572,840784676,settled,Rk4i_0007,unmatched,,"[0.8654110191946646, -0.44201200077430836, -0.21767084887705168, -0.09115130595382805]","[0.5000598770860747, -0.49994668093366607, -0.4998781682832394, -0.5001152391458037]","[478.11250153977477, 11.360807299631398, 7.6538961212461825]",5.010000000000008,100.0,0.0,"[50.0, 93.12537594244671, 93.12537594244672]",19
573,110682437,settled,Rk4i_0014,unmatched,,"[0.4827598211213677, 0.6793758138798732, 0.5195958435911711, -0.1881797490398582]","[0.00025842505195153574, 0.7071421142432227, 0.7070713709003412, -0.00019983300437504488]","[478.3044688077507, 11.35331459165027, 9.99527848941664]",5.210000000000075,100.0,0.0,"[50.0, 90.7811330589281, 90.7811330589281]",15
574,3288537121,settled,Rk4i_0023,unmatched,,"[0.3556440857288201, 0.6668875589514781, -0.6287630502717741, 0.18285320509847525]","[0.5003631097054295, 0.4996023316864041, -0.49978505478748986, 0.5002491055768978]","[477.90602270435824, 18.652379405550526, 7.64390038068504]",5.190000000000068,100.0,0.0,"[50.0, 93.00858292680076, 93.00858292680077]",20
575,4008853645,settled,Rk4i_0021,unmatched,,"[0.39826557421314845, 0.7672577639207893, 0.40191914618957114, 0.30192889233425063]","[0.5000771089078925, 0.4999800555227494, 0.500067631906973, 0.4998751771640042]","[477.8975478049978, 7.357800970702106, 10.000520160394505]",5.170000000000061,100.0,0.0,"[50.0, 91.60127033321257, 91.60127033321258]",33
576,3726675985,settled,Rk4i_0020,unmatched,,"[0.3748586046734741, -0.17909293368641002, -0.7152482362932548, 0.5619846155236276]","[0.5001238309235938, -0.4996810592445635, -0.500248996069326, 0.4999459317827989]","[477.6257089500729, 7.649393878057885, 10.002750758260257]",5.250000000000088,100.0,0.0,"[50.0, 89.48045637972261, 89.4804563797226]",26
577,849676372,settled,Rk4i_0004,unmatched,,"[-0.28458835823206236, -0.9489149051119783, 0.047744204428998675, -0.12763408697736886]","[-0.7072326073039021, -0.7069809085123724, -0.00011797685746062214, -0.00014229057082915109]","[477.7605396437187, 7.353201210604636, 18.647617670760546]",5.010000000000008,100.0,0.0,"[50.0, 92.90581295395343, 92.9058129539534]",21
578,1751227975,settled,Rk4i_0013,unmatched,,"[0.0022446443763873476, -0.018615092473756815, 0.5822536585823236, -0.8127909429683108]","[4.770488837971265e-05, -0.00011175631588056234, 0.7075797053250431, -0.7066335300896035]","[477.5726076406183, 7.659971865857572, 11.355305425156528]",5.160000000000058,100.0,0.0,"[50.0, 84.51930535513073, 84.51930535513074]",40
579,1013355929,settled,Rk4i_0017,unmatched,,"[0.22953036583675168, -0.09964654803118614, 0.0956001665862809, 0.9634557513311086]","[7.815552276818628e-05, -0.00019126781603113108, 0.0001368194355923993, 0.9999999692943891]","[478.11623566817485, 10.010559701926795, 11.351816016078226]",5.0900000000000345,100.0,0.0,"[50.0, 91.09546144882869, 91.09546144882867]",20
580,2299907025,settled,Rk4i_0016,unmatched,,"[0.08455653425668659, -0.2328417642850038, 0.9625820044041526, 0.10986714757573443]","[-6.448406716083867e-05, -3.267158360298339e-05, 0.9999999913262179, 0.00011009966798075754]","[478.00468541121757, 10.00611356323801, 11.352484245231599]",5.240000000000085,100.0,0.0,"[50.0, 91.35636332656962, 91.35636332656964]",18
581,3406489006,settled,Rk4i_0013,unmatched,,"[0.4269850661988979, 0.36394401752977307, -0.5950713256595703, 0.5754290770591738]","[2.3984403472065978e-05, -0.00013334904490577834, -0.7070499740761754, 0.7071635707540798]","[477.52688134726264, 7.661954940592592, 11.35609824927482]",5.140000000000051,100.0,0.0,"[50.0, 93.54035077207291, 93.54035077207293]",27
582,2423796619,settled,Rk4i_0014,unmatched,,"[-0.16701013076321958, 0.49812904024453486, 0.8480761247043386, -0.06886190669726149]","[-4.875722931751582e-05, 0.7071925971263604, 0.70702091009324, -0.00024674548136722677]","[477.67818321569735, 11.355861545144265, 10.001160643793646]",5.100000000000038,100.0,0.0,"[50.0, 89.1487850629183, 89.14878506291831]",14
583,1783060612,settled,Rk4i_0020,unmatched,,"[-0.4255018339134278, -0.012993678735004564, 0.4336514100514712, -0.7941824779039209]","[-0.4998723561679121, 0.5000986558394034, 0.5000491595788554, -0.49997979956318483]","[477.86307405553475, 7.647839396669906, 9.996386551442434]",5.1800000000000646,100.0,0.0,"[50.0, 93.3244828605609, 93.32448286056092]",30
584,1163852597,settled,Rk4i_0014,unmatched,,"[-0.06512201765005957, -0.45662172925732786, -0.8836481508507021, 0.08013528988758817]","[-0.000286552769361331, -0.7068180273348823, -0.7073953498205963, -0.00011477862210832218]","[477.9274743513796, 11.356162330782766, 9.990785162924691]",5.190000000000068,100.0,0.0,"[50.0, 88.58242521203749, 88.58242521203748]",20
585,300535037,settled,Rk4i_0008,unmatched,,"[-0.35142249661355834, 0.4728701792018044, -0.7428979686214585, 0.31780281734694765]","[-0.49997742967973047, 0.500000196038075, -0.49986112272804945, 0.5001612057704903]","[477.9064668261672, 7.645214010901353, 10.00157505324107]",5.070000000000028,100.0,0.0,"[50.0, 91.30721429129346, 91.30721429129348]",26
586,2202722907,settled,Rk4i_0008,unmatched,,"[0.5124774959073248, -0.5319461136587357, 0.5757058289795667, -0.35066072895446276]","[0.49980487221664366, -0.5000472097160703, 0.5001375891257239, -0.500010269601721]","[478.0354089700113, 7.652738919888187, 10.00428257433535]",5.0900000000000345,100.0,0.0,"[50.0, 86.56796756792768, 86.56796756792767]",26
587,247068866,settled,Rk4i_0003,unmatched,,"[0.2663569656585872, -0.9303810532191625, -0.12659665487131766, 0.21775754781716367]","[0.7071007110542002, -0.7071128396063913, 7.098134979682814e-05, 0.00010701438524207686]","[477.7977727840094, 7.655170289678065, 18.650676985511655]",5.300000000000105,100.0,0.0,"[50.0, 94.9918019136887, 94.99180191368872]",36
588,3592442215,settled,Rk4i_0010,unmatched,,"[0.4986228065315347, 0.1869661205412491, -0.41797164096076433, -0.7360154033231484]","[0.49999224238483286, 0.4998121217696476, -0.5001482498876797, -0.5000473263816145]","[478.128652351441, 7.36175998954591, 10.003752371080648]",5.230000000000081,100.0,0.0,"[50.0, 87.60981053405143, 87.60981053405142]",24
589,817587664,settled,Rk4i_0016,unmatched,,"[-0.07577032750485735, 0.2163005929188234, 0.9733798759676174, 0.002127917770489224]","[2.935210808205959e-05, -4.2297112707978535e-05, 0.9999999985236186, -1.7383063699826527e-05]","[478.3104902206149, 10.009313975294857, 11.350487517874477]",5.140000000000051,100.0,0.0,"[50.0, 88.21265060371482, 88.2126506037148]",30
590,956714543,settled,Rk4i_0019,unmatched,,"[-0.03263422553297066, 0.6172465985498278, -0.3550635453785339, 0.7013355278650559]","[0.00010036579792746525, 0.7071082768602046, 4.1655412315516616e-05, 0.7071052771598623]","[477.69645636191694, 9.99794420706807, 7.644616976973086]",5.100000000000038,100.0,0.0,"[50.0, 91.60461360659204, 91.60461360659205]",24
591,390567019,settled,Rk4i_0011,unmatched,,"[-0.05576000439088655, 0.4339213101568298, 0.7614267507275267, 0.4783643190901987]","[1.35133241173091e-05, 0.00033523773715773975, 0.7071076892087792, 0.7071057935661893]","[477.5789176108739, 7.35889171531658, 11.351301870267726]",5.070000000000028,100.0,0.0,"[50.0, 89.61545736418095, 89.61545736418094]",28
592,4117714206,settled,Rk4i_0007,unmatched,,"[0.6449494163759041, -0.5791058778370126, -0.1724574204003194, -0.4679049804392673]","[0.4999037190238989, -0.5000282292793597, -0.4997713725456316, -0.5002965288842992]","[478.31194009734884, 11.352318341015007, 7.647595448479674]",5.040000000000018,100.0,0.0,"[50.0, 91.967125994277, 91.967125994277]",25
593,2521025845,settled,Rk4i_0010,unmatched,,"[0.2502199291952107, 0.6862156576978117, -0.6555637187440244, -0.19166186065675433]","[0.49998279697357584, 0.4999696511301803, -0.5001717088632829, -0.49987579690562056]","[477.7496413231828, 7.36056445483109, 9.996582043480398]",5.130000000000048,100.0,0.0,"[50.0, 92.22558898816898, 92.22558898816897]",29
594,118959254,settled,Rk4i_0008,unmatched,,"[-0.5054991243376068, 0.12293413704927827, -0.2517487032519535, 0.816076236422077]","[-0.5001983203798698, 0.5000564801474445, -0.49980721738114037, 0.49993789854883686]","[477.998634312474, 7.650935108878432, 9.986825888971795]",5.020000000000011,100.0,0.0,"[50.0, 89.08814988316219, 89.0881498831622]",23
595,536323564,settled,Rk4i_0019,unmatched,,"[0.2987672183365751, 0.6164033511906383, -0.03367927294981921, 0.7277710934503702]","[4.866543378917454e-06, 0.7071048694426719, -1.5429768739305683e-05, 0.7071086927401621]","[478.1337585532619, 10.00204970323029, 7.641040038556896]",5.080000000000031,100.0,0.0,"[50.0, 92.13440288507552, 92.13440288507553]",20
596,3098034090,settled,Rk4i_0009,unmatched,,"[-0.2106048733431788, -0.4854357699365941, -0.5301879847400127, 0.6624940765225706]","[-0.5000249454370952, -0.5000228749984178, -0.5000502087275318, 0.4999019575581781]","[478.331705516781, 11.347202568717652, 7.353437542915117]",5.1200000000000445,100.0,0.0,"[50.0, 89.02090236711766, 89.02090236711767]",19
597,318939885,settled,Rk4i_0002,unmatched,,"[-0.46175195073807324, 0.10705404599565982, 0.3483910274929797, 0.8086706741238544]","[-0.7073263774584251, -0.0002851506774256678, -0.0001816947883432921, 0.7068870358322019]","[477.9139131764142, 11.3628597137616, 9.995898949806538]",5.190000000000068,100.0,0.0,"[50.0, 89.4679848690377, 89.46798486903772]",21
598,3202722054,settled,Rk4i_0011,unmatched,,"[0.18155062225358312, 0.05267923178463344, 0.42013907835606906, 0.8875513646747609]","[-0.00028041940439788027, -0.0004150965164520237, 0.7072162878472346, 0.7069970800953971]","[477.5176079336692, 7.357589831220692, 11.359343291967598]",5.200000000000071,100.0,0.0,"[50.0, 89.33011071960807, 89.33011071960809]",26
599,2576870985,settled,Rk4i_0022,unmatched,,"[-0.4516636024144685, 0.6309803758169514, -0.4832380895695982, -0.40539450462112636]","[-0.49983744145412673, 0.5003278500757782, -0.5000171675048539, -0.4998173734070927]","[477.98713648761213, 18.66975341128709, 7.347979509906753]",5.110000000000041,100.0,0.0,"[50.0, 93.5238456529199, 93.52384565291992]",25
600,447954548,settled,Rk4i_0016,unmatched,,"[0.05575006052663945, -0.33589163307563924, 0.9332256004098558, 0.11471146551552941]","[-6.845823193008056e-05, -0.0002862053442075907, 0.9999998366107289, 0.0004900800822731602]","[477.83120065168504, 10.017479988388224, 11.348170957236126]",5.310000000000108,100.0,0.0,"[50.0, 93.41947467214625, 93.41947467214625]",26
601,940726953,settled,Rk4i_0009,unmatched,,"[0.5127838771000137, 0.2725405650552121, 0.3368759618564963, -0.7411402850398325]","[0.5000707112034781, 0.5000990876707366, 0.4998334049188508, -0.49999675362403373]","[478.3184590056725, 11.362215373497671, 7.351703519020175]",5.1500000000000545,100.0,0.0,"[50.0, 87.68206230388448, 87.68206230388449]",21
602,219800231,settled,Rk4i_0013,unmatched,,"[-0.051373563678022885, -0.2384194692129483, 0.5599082053165334, -0.7918457648269988]","[-9.045019171760593e-06, -0.00013854976085003745, 0.7071841198900883, -0.7070294203902923]","[478.11186362316585, 7.6496909042134185, 11.351943626235807]",5.1200000000000445,100.0,0.0,"[50.0, 89.47705015508382, 89.47705015508383]",20
603,1224559636,settled,Rk4i_0022,unmatched,,"[-0.5159554415873885, 0.544496901531378, -0.6183230394090855, -0.23449888156450227]","[-0.5001843470940538, 0.49994396754092024, -0.4998784889793631, -0.4999931444502488]","[478.2921262454812, 18.64843968590801, 7.3557373491519]",5.070000000000028,100.0,0.0,"[50.0, 94.82947747095989, 94.82947747095987]",25
604,4023118421,settled,Rk4i_0012,unmatched,,"[0.40965602581074484, -0.3216666623403111, -0.04117597991695293, 0.8526529408461977]","[-1.7855581003561886e-05, -0.7071909900740337, 1.3143070866583619e-05, 0.707022561921857]","[477.6463541722632, 10.00233301468452, 7.349028674317933]",5.260000000000091,100.0,0.0,"[50.0, 94.40591339214555, 94.40591339214556]",21
605,1928023996,settled,Rk4i_0011,unmatched,,"[0.2701948784625633, -0.44223581999339284, 0.6407685392582975, 0.5664255346152394]","[-2.986831305085147e-05, 1.3335007769010865e-05, 0.7073059411091838, 0.7069075643970103]","[477.60554268796676, 7.34861562535806, 11.351694958215287]",4.919999999999978,100.0,0.0,"[50.0, 92.8959736135884, 92.89597361358838]",20
606,3626385919,settled,Rk4i_0020,unmatched,,"[-0.22727184610678164, 0.5116337626984891, 0.5890445784282585, -0.582756283070785]","[-0.5000592580532871, 0.5001144651096222, 0.4999621102192987, -0.499864130107751]","[477.5738970055143, 7.654714393082036, 10.000551623200295]",5.300000000000105,100.0,0.0,"[50.0, 88.03920265303238, 88.03920265303239]",26
607,2577297428,settled,Rk4i_0020,unmatched,,"[0.5535741985734218, -0.0935011453620174, -0.4399733339065075, 0.7008827348001787]","[0.4999393287737437, -0.49998950522507746, -0.5000785299331644, 0.4999926260555509]","[478.02340507131964, 7.647790286591381, 10.001129082922379]",5.270000000000095,100.0,0.0,"[50.0, 91.15491392064797, 91.15491392064796]",26
608,2076254014,settled,Rk4i_0008,unmatched,,"[-0.7351439095736402, 0.6157884512551096, -0.2469555466334948, 0.13921556487896336]","[-0.4999290946036987, 0.5000645168055758, -0.500133465828286, 0.4998728795997225]","[477.9772543197821, 7.647889636194214, 9.997981428037772]",5.240000000000085,100.0,0.0,"[50.0, 94.8588417947942, 94.85884179479419]",26
609,452233348,settled,Rk4i_0016,unmatched,,"[0.29905909259017793, 0.2413006443491481, -0.8201651007773044, 0.423871284286609]","[0.00024329678645665137, -3.4074614050028096e-05, -0.9999999653658066, -9.44138762440153e-05]","[478.132948034948, 9.99607856298198, 11.354361293871477]",5.160000000000058,100.0,0.0,"[50.0, 94.2747238285587, 94.27472382855869]",29
610,96115233,settled,Rk4i_0011,unmatched,,"[0.01596805096025928, -0.24776091960427232, -0.8946441276783356, -0.3714450603737326]","[-7.071499948418936e-05, 3.333778881248195e-05, -0.7073420028016149, -0.7068714769748325]","[478.30549790866553, 7.354854436133528, 11.35454658626502]",5.100000000000038,100.0,0.0,"[50.0, 88.71971865410416, 88.71971865410417]",31
611,3222166524,settled,Rk4i_0007,unmatched,,"[0.5102761807816077, -0.5864514971243014, -0.11103432962465044, -0.6191641450313526]","[0.4995468051299276, -0.5005168433635595, -0.5003850195230474, -0.49955050918879057]","[477.9722338694176, 11.355043769327628, 7.6395606355779115]",5.130000000000048,100.0,0.0,"[50.0, 89.43319532499747, 89.43319532499748]",23
612,3216037984,settled,Rk4i_0006,unmatched,,"[-0.8538072858367715, 0.23931008038765292, 0.3766095808763793, 0.2681585867896432]","[-0.7072788661823596, -0.00018961087570956717, 0.7069346172913822, -0.00012796327179331882]","[478.2054712476664, 9.997811315889265, 7.645093292722444]",5.040000000000018,100.0,0.0,"[50.0, 92.06251090111726, 92.06251090111728]",21
613,1866588208,settled,Rk4i_0013,unmatched,,"[0.0913958532145423, 0.04136570481144703, 0.5384939494883795, -0.8366360874627897]","[-0.0002463919580123486, 0.00043268969911558486, 0.7071630248360898, -0.7070503577364904]","[477.53153943211515, 7.652854256130359, 11.354056572742035]",5.100000000000038,100.0,0.0,"[50.0, 86.15069824329919, 86.1506982432992]",31
614,1833144678,settled,Rk4i_0008,unmatched,,"[0.6190268023519331, -0.6010870861268118, 0.21622287731930848, -0.4568892646859618]","[0.49996169213204744, -0.5000142657026749, 0.4999860448193052, -0.5000379940366755]","[478.0489317666305, 7.64947638292833, 10.000734253638422]",5.220000000000078,100.0,0.0,"[50.0, 92.23850903955505, 92.23850903955507]",22
615,1205690518,settled,Rk4i_0005,unmatched,,"[-0.6618533813516694, 0.035264487260398346, -0.7484741909013679, 0.022201420814120642]","[-0.7073441138144394, 0.00017824424172938055, -0.7068693456433951, -3.2722074288005214e-05]","[477.98240358763945, 10.003433102583125, 7.354165603470874]",5.070000000000028,100.0,0.0,"[50.0, 83.72340607106585, 83.72340607106587]",23
616,369857696,settled,Rk4i_0019,unmatched,,"[-0.12954261784404994, 0.7527893050896254, 0.08052108080394728, 0.640346256216864]","[-0.00016441892874446973, 0.7070554541255029, -0.00016499058788022047, 0.7071580661605302]","[477.6135703421836, 10.006219336739111, 7.647853976754104]",5.080000000000031,100.0,0.0,"[50.0, 86.20775312236209, 86.2077531223621]",22
617,4153277340,settled,Rk4i_0006,unmatched,,"[-0.8578806105175065, -0.3593468864883421, 0.3459746782934644, -0.12333772840854022]","[-0.707295097261844, -0.000169022869772828, 0.7069183664681293, 0.00019992663629880836]","[477.5200121222356, 9.99998277531861, 7.6454206597466685]",5.050000000000021,100.0,0.0,"[50.0, 92.31310945839806, 92.31310945839805]",28
618,2533894697,settled,Rk4i_0011,unmatched,,"[-0.2425132989820442, 0.4498265645237411, -0.8056564159904082, -0.2996015704883817]","[4.279815732871617e-05, 4.9595036499150424e-05, -0.7071756816544307, -0.7070378709696118]","[477.6034194655232, 7.355295552070119, 11.348641185555842]",5.0600000000000245,100.0,0.0,"[50.0, 95.04024378594868, 95.04024378594869]",29
619,1831038023,settled,Rk4i_0010,unmatched,,"[-0.2075734006871383, -0.5066822775218267, 0.671322952129416, 0.4995116083903529]","[-0.5001744854497836, -0.4997186458074632, 0.4998455385337816, 0.5002611285571501]","[477.59542890100136, 7.359126611208959, 10.004216845237888]",5.210000000000075,100.0,0.0,"[50.0, 88.13298712526225, 88.13298712526223]",27
620,3843606305,settled,Rk4i_0003,unmatched,,"[-0.8825006106086865, 0.4092270962118539, -0.22842687556967828, -0.0393321562946197]","[-0.7071468365887565, 0.7070667228571209, 1.3483086550775125e-05, -2.7364436790383584e-05]","[478.04251426540264, 7.648038272524411, 18.648655644639916]",5.020000000000011,100.0,0.0,"[50.0, 93.7317212797697, 93.73172127976972]",28
621,339420997,settled,Rk4i_0014,unmatched,,"[0.3338907115702825, -0.690545754793728, -0.6283784602883653, 0.1296304898898177]","[-5.386217894055039e-05, -0.7071653370326195, -0.7070481733850976, -0.0002524107850875646]","[477.851000335471, 11.348547485237356, 10.001409035784416]",5.050000000000021,100.0,0.0,"[50.0, 87.38910385540925, 87.38910385540926]",27
622,318514168,settled,Rk4i_0005,unmatched,,"[0.4702166024432413, 0.27585662200913136, 0.8325093600382049, -0.0986287804305852]","[0.7070912112555746, -4.465150270890895e-05, 0.7071223432826931, -9.274567926831347e-05]","[478.24478129569883, 10.006811111592283, 7.355040280586302]",5.100000000000038,100.0,0.0,"[50.0, 87.96122786321699, 87.961227863217]",31
623,2406135167,settled,Rk4i_0010,unmatched,,"[0.30370085785503587, 0.08961302071284508, 0.327763058386395, 0.8901161008621467]","[-0.4998794785797219, -0.5000410705039476, 0.4999350559515692, 0.5001443536968432]","[478.28950395824177, 7.362362960260687, 9.994939897474298]",5.470000000000161,100.0,0.0,"[50.0, 92.39508116368135, 92.39508116368137]",26
624,503826566,settled,Rk4i_0003,unmatched,,"[-0.8879109927937016, 0.4037290052106611, 0.10763674471210347, -0.1924351589899693]","[-0.7072738277519032, 0.7069396860220091, 9.875351522714572e-05, 5.6142833329220217e-05]","[478.06693663655324, 7.6552559587212246, 18.650053755842762]",5.200000000000071,100.0,0.0,"[50.0, 94.10538503525572, 94.10538503525574]",30
625,1951490665,settled,Rk4i_0013,unmatched,,"[-0.37979554275908345, 0.21260781508691884, 0.30614412443480676, -0.8466575681692955]","[-0.00034676381699821906, 0.00025534194374468583, 0.7073076220852828, -0.7069057520599263]","[477.84235984398805, 7.649109162130855, 11.344390254651309]",5.050000000000021,100.0,0.0,"[50.0, 92.71546790393774, 92.71546790393772]",22
626,1304113979,settled,Rk4i_0012,unmatched,,"[0.09948409051905921, -0.45613823132516407, -0.11408373739586006, 0.8769411214665094]","[-0.0002599082081959636, -0.7071917150356114, 3.183679669455097e-05, 0.7070217886452527]","[477.9077208199925, 10.00692846754908, 7.35468748627147]",5.200000000000071,100.0,0.0,"[50.0, 87.61555932096906, 87.61555932096907]",24
627,1335222620,settled,Rk4i_0016,unmatched,,"[-0.19639680642520668, 0.19642498494383, 0.9301330988887067, -0.24020395098225877]","[-5.690063251605599e-05, 6.686221660184843e-05, 0.9999999936794677, 7.02340850756715e-05]","[478.246610877225, 10.002495162627365, 11.35107810033308]",5.130000000000048,100.0,0.0,"[50.0, 88.9805836534789, 88.98058365347892]",29
628,760072861,settled,Rk4i_0013,unmatched,,"[0.2349944290385704, -0.22175586461706412, 0.6329365821941642, -0.7035575582346796]","[-0.0001944606324782994, 0.00023347116094893375, 0.7071926156663375, -0.707020870995534]","[477.913510031804, 7.6461481493016406, 11.346248932129006]",5.240000000000085,100.0,0.0,"[50.0, 87.91752776390646, 87.91752776390648]",27
629,4291316198,settled,Rk4i_0017,unmatched,,"[0.00045310346422546824, -0.3221131643259609, -0.12074992918595746, -0.9389687740637349]","[-6.324668241552979e-05, 9.809068203057357e-05, 0.00017166457441477427, -0.9999999784546744]","[477.90797427040053, 10.004726000421908, 11.352261436391794]",5.210000000000075,100.0,0.0,"[50.0, 87.10268183382209, 87.10268183382209]",19
630,3385771503,settled,Rk4i_0010,unmatched,,"[0.16321663743935153, 0.8999089523290272, -0.3797931339126148, -0.13885741684871736]","[0.5001713005674546, 0.4999522602916681, -0.49977868051949714, -0.5000976684769723]","[477.81560193462735, 7.362006381723324, 10.002966841629974]",5.1800000000000646,100.0,0.0,"[50.0, 94.13050512362489, 94.13050512362487]",39
631,2885950628,settled,Rk4i_0009,unmatched,,"[0.3078809116531951, 0.20521297007126735, 0.30730450118607866, -0.8767330977583211]","[0.49986233484309384, 0.5004276293434348, 0.5000360893190494, -0.4996736368605335]","[477.7939628212887, 11.35628845155312, 7.354685890102906]",5.200000000000071,100.0,0.0,"[50.0, 89.640493928639, 89.64049392863902]",10
632,991867160,settled,Rk4i_0018,unmatched,,"[-0.2375625373328836, -0.9604688225999017, -0.11681093371613689, 0.08613296368920043]","[-0.0001437890249426491, -0.9999999672865001, -0.0001274097006921937, -0.0001688741637022408]","[477.8754280934324, 9.996645501466146, 18.64934514168983]",5.260000000000091,100.0,0.0,"[50.0, 94.03253399401606, 94.03253399401608]",28
633,303405335,settled,Rk4i_0011,unmatched,,"[-0.02279042232984286, 0.044058517012017934, 0.9582225775537128, 0.2816894311028513]","[0.00013973480101817093, 0.0001271454608670064, 0.7073874092462429, 0.7068260164624006]","[478.07397253385466, 7.348204076457956, 11.348187447555885]",5.110000000000041,100.0,0.0,"[50.0, 86.14402708097528, 86.14402708097529]",30
634,747624188,settled,Rk4i_0020,unmatched,,"[0.4488529877620475, -0.17881305492877836, -0.36350582461711256, 0.7965051175187475]","[0.5001209922683069, -0.4999975592519533, -0.4999182877180407, 0.49996313808091486]","[477.7320467066847, 7.642032428452978, 9.99898777869007]",5.210000000000075,100.0,0.0,"[50.0, 92.60358887839192, 92.60358887839193]",16
635,2224256403,settled,Rk4i_0005,unmatched,,"[-0.7074316561155337, 0.5159224139634822, -0.45665515639945287, -0.1575772281439098]","[-0.707102575844906, 9.83956389550289e-05, -0.7071109764523407, 6.73232098343246e-05]","[477.701874669209, 10.007598341024885, 7.35468148933315]",5.200000000000071,100.0,0.0,"[50.0, 94.3163094329058, 94.31630943290577]",28
636,3659359167,settled,Rk4i_0021,unmatched,,"[0.475642554762377, 0.008531275876956044, 0.5084562058079787, 0.7177490259181025]","[0.5001484592590739, 0.49989847189819675, 0.4999005007802385, 0.5000525230556176]","[478.30184644659454, 7.365265168431385, 9.985810612763608]",5.040000000000018,100.0,0.0,"[50.0, 91.01302190186279, 91.0130219018628]",30
637,1825701951,settled,Rk4i_0016,unmatched,,"[0.26664443488412504, 0.09287231278579614, 0.9568484641898873, 0.06867674599598332]","[0.00015345473275876206, 0.00011436458520314165, 0.9999999816855519, -1.1324873564899106e-06]","[477.7597375058682, 10.005713455664253, 11.345703744343192]",5.250000000000088,100.0,0.0,"[50.0, 88.05454965382475, 88.05454965382476]",42
638,741066932,settled,Rk4i_0007,unmatched,,"[-0.14380109630361193, 0.5897438042590014, 0.5912240676798182, 0.5310156229680344]","[-0.4999534870177139, 0.49986162015810126, 0.5000030301737204, 0.5001818082745957]","[478.1557041662515, 11.350387716652772, 7.645553822155084]",5.170000000000061,100.0,0.0,"[50.0, 88.3259957694794, 88.32599576947939]",17
639,3503504066,settled,Rk4i_0007,unmatched,,"[0.5187699492102906, -0.6177811041237394, -0.23828102636228377, -0.5407831355171334]","[0.4999110826558389, -0.5000359833567709, -0.5000647619740574, -0.4999881584779019]","[478.20527524581695, 11.361089871860475, 7.6461019183607135]",5.130000000000048,100.0,0.0,"[50.0, 88.83482894726214, 88.83482894726215]",23
640,3011375563,settled,Rk4i_0008,unmatched,,"[-0.5247529899489422, 0.6195718340292504, -0.4558137166205935, 0.36469013937560457]","[-0.49984092374089734, 0.5001900433892499, -0.5001252668190326, 0.49984366449650874]","[477.6390141213961, 7.659296299998398, 9.995490382040051]",5.100000000000038,100.0,0.0,"[50.0, 88.31984022096347, 88.31984022096348]",29
641,1512233073,settled,Rk4i_0023,unmatched,,"[-0.27085008450069903, -0.5333245905422038, 0.7126948784235688, -0.3664302431811122]","[-0.5003860323161349, -0.4997484015974948, 0.49979706643627964, -0.5000682414884535]","[478.0915541057179, 18.65265416485667, 7.650189160289795]",5.1500000000000545,100.0,0.0,"[50.0, 93.999028249328, 93.99902824932802]",25
642,2951951071,settled,Rk4i_0016,unmatched,,"[0.2777554044515004, -0.309719604872192, 0.8976138231511166, -0.1456541319147266]","[-0.00013655637520688653, 0.00010670954365671337, 0.999999846861463, 0.000525587747364905]","[477.7770392031481, 10.014741613043608, 11.351508050435475]",5.330000000000115,100.0,0.0,"[50.0, 92.54271785566678, 92.54271785566675]",31
643,3173375156,settled,Rk4i_0007,unmatched,,"[0.20658466998426864, -0.650663487887515, -0.5944086293330616, -0.42501550681349876]","[0.49996949626429615, -0.5000882453374171, -0.500067135242912, -0.49987509432909]","[478.0433209647386, 11.348469926870907, 7.645898750523834]",5.170000000000061,100.0,0.0,"[50.0, 87.30366193846929, 87.3036619384693]",26
644,32306830,settled,Rk4i_0008,unmatched,,"[-0.6986094149864885, 0.5782516452435902, -0.4198669161311812, 0.03580073747576859]","[-0.49997931588189615, 0.5000717238947455, -0.5000127560555211, 0.499936194361811]","[477.8199431062719, 7.648862617194234, 10.00132014378053]",5.220000000000078,100.0,0.0,"[50.0, 94.10141703042203, 94.10141703042201]",27
645,895153355,settled,Rk4i_0011,unmatched,,"[-0.19060827060911253, -0.37814759900373973, -0.36161796459736506, -0.8306053986241415]","[-0.00026201373080544937, 0.00021583499533070485, -0.7071854044953099, -0.7070280676414938]","[477.6392764906635, 7.358198118077018, 11.346863470773457]",5.330000000000115,100.0,0.0,"[50.0, 89.6418678878323, 89.64186788783232]",33
646,3593388868,settled,Rk4i_0013,unmatched,,"[0.22142497322908522, 0.2166201095432776, 0.635142299606034, -0.7075598692853604]","[0.0001901364970610664, -0.00013550217944577336, 0.7071623247352727, -0.7070511947251604]","[477.8633465353078, 7.6360564742450725, 11.348109215074885]",5.1800000000000646,100.0,0.0,"[50.0, 86.58826749147292, 86.5882674914729]",28
647,75550316,settled,Rk4i_0013,unmatched,,"[-0.2862997747692738, 0.2598481907905693, -0.7213721391252358, 0.5745725311949853]","[-0.0001823322695301277, -0.00022240021404268395, -0.7071361742734016, 0.707077328392776]","[477.69839366473343, 7.650049966671609, 11.347344451341163]",5.330000000000115,100.0,0.0,"[50.0, 88.5492150011865, 88.54921500118648]",30
648,2936757457,settled,Rk4i_0022,unmatched,,"[-0.6103894817246166, 0.37109450284833706, -0.5232037798726356, -0.46472718371393584]","[-0.5000119402787188, 0.49995011596476396, -0.4999957770672172, -0.5000421622628234]","[478.348214851293, 18.651248203101947, 7.356926458550489]",5.170000000000061,100.0,0.0,"[50.0, 93.70259875991428, 93.7025987599143]",25
649,1838880854,settled,Rk4i_0021,unmatched,,"[-0.6784023744617863, -0.0988498696711346, -0.5712742979592471, -0.4512699835816463]","[-0.49993492519735505, -0.49975401163426225, -0.5002664660138, -0.5000444594287997]","[477.80546542244383, 7.366423828792338, 9.997976950322814]",5.1200000000000445,100.0,0.0,"[50.0, 92.5317712805094, 92.53177128050942]",24
650,1672810551,settled,Rk4i_0010,unmatched,,"[0.48681364714769565, 0.3945555621457038, -0.6249290389801788, -0.46562010004933935]","[0.49984768681626, 0.4999857899876912, -0.5001112088897149, -0.5000552754823073]","[477.6272338631831, 7.355080002031648, 9.99846580599086]",5.190000000000068,100.0,0.0,"[50.0, 86.45547461916321, 86.45547461916323]",26
651,3879484383,settled,Rk4i_0021,unmatched,,"[-0.7626412532388688, -0.3577434821654657, -0.447859840912783, -0.2996989868584001]","[-0.4999103084695175, -0.4999535717762119, -0.5001716874187299, -0.4999643913908475]","[477.9621221922404, 7.360021971984614, 9.999873220066936]",5.220000000000078,100.0,0.0,"[50.0, 91.75004226280645, 91.75004226280646]",32
652,230873740,settled,Rk4i_0001,unmatched,,"[0.9054548951501281, -0.2845109799386636, -0.19564783538213537, 0.2468336679897962]","[0.999999935405151, 7.930485325764795e-05, -3.7189111299966564e-05, -0.0003485934656086709]","[477.7235813801028, 10.010156521490329, 18.642545555259627]",5.300000000000105,100.0,0.0,"[50.0, 94.87720032076275, 94.87720032076277]",22
653,2079884426,settled,Rk4i_0010,unmatched,,"[0.8394310349645914, 0.2693330375425513, -0.24178989971722017, -0.40540460878129414]","[0.4999157388788812, 0.4999811398753369, -0.5000229390037948, -0.5000801678332669]","[477.7237074155902, 7.349348567442208, 9.998204731310636]",5.230000000000081,100.0,0.0,"[50.0, 92.59137589833442, 92.5913758983344]",35
654,3975850094,settled,Rk4i_0010,unmatched,,"[0.4807614675171685, 0.6552872187456834, -0.5495107625156788, -0.1936620617950838]","[0.500005388583773, 0.499946944453587, -0.5000348805091711, -0.5000127822295057]","[478.20667888456495, 7.3672645420723475, 9.995986674353317]",5.040000000000018,100.0,0.0,"[50.0, 89.8612370257204, 89.86123702572041]",15
655,1123490515,settled,Rk4i_0013,unmatched,,"[-0.06244286843504125, 0.13298112156545572, -0.4729946592036122, 0.8687306612832636]","[-3.1338286510751434e-05, 2.948395165955353e-05, -0.7068910358655751, 0.7073224593928167]","[478.1051438750661, 7.654998990005657, 11.354896439120266]",5.170000000000061,100.0,0.0,"[50.0, 87.2305738776897, 87.23057387768971]",20
656,1957802489,settled,Rk4i_0020,unmatched,,"[-0.8523013335500537, 0.34785705271440737, 0.23829970511210874, -0.30950146728105843]","[-0.49979140190810434, 0.49986092272411753, 0.5001479651512675, -0.5001995856327475]","[477.6444244846548, 7.645055926157379, 9.999152322414224]",5.0900000000000345,100.0,0.0,"[50.0, 94.06143129465858, 94.06143129465856]",29
657,1848857429,settled,Rk4i_0007,unmatched,,"[0.4047002669435426, -0.25709265837166206, -0.547330599681826, -0.6859666709098554]","[0.4998918900989749, -0.500014411682531, -0.5001164635246141, -0.4999772087152375]","[477.75868624826455, 11.358547581103736, 7.6483694580354395]",5.040000000000018,100.0,0.0,"[50.0, 87.66601563465456, 87.66601563465454]",22
658,3054531549,settled,Rk4i_0006,unmatched,,"[0.7420221664256267, 0.08780540357961956, -0.5410633505390331, -0.38593233388602627]","[0.707267938363646, 2.4785273620459014e-05, -0.7069452234604943, -0.0007167809429662053]","[478.10647474725516, 9.999577261121269, 7.6502191816032346]",5.070000000000028,100.0,0.0,"[50.0, 89.02986441178089, 89.0298644117809]",19
659,2001620538,settled,Rk4i_0019,unmatched,,"[-0.013667271276261574, 0.657999285484137, -0.1380674222777314, 0.7401267005748466]","[0.00023755575625319936, 0.7071634869823854, -0.0007956839967867002, 0.7070495832211159]","[478.2263899405443, 10.00813939778464, 7.6521869921224495]",5.040000000000018,100.0,0.0,"[50.0, 87.03702212789611, 87.0370221278961]",20
660,1618230679,settled,Rk4i_0013,unmatched,,"[0.2717351777618916, -0.2956507772804097, 0.8181601580938112, -0.41153926515961137]","[-1.321063552917057e-05, 3.892666890503716e-05, 0.707145963848285, -0.7070675951585348]","[477.78416358030876, 7.651366974900806, 11.347668045163966]",5.310000000000108,100.0,0.0,"[50.0, 88.95626686926477, 88.95626686926478]",20
661,2498729330,settled,Rk4i_0006,unmatched,,"[-0.7387230461151346, -0.12526626774130828, 0.5657817222933168, -0.3442203742130146]","[-0.7066951078313136, 4.259626972086261e-05, 0.7075182072804441, -9.549613827877779e-05]","[478.324387596594, 10.00272453193965, 7.645396174026141]",5.190000000000068,100.0,0.0,"[50.0, 93.71740635907155, 93.71740635907156]",30
662,801359670,settled,Rk4i_0007,unmatched,,"[0.5201545776930955, -0.5993619606811081, -0.6079273170496118, -0.02507653441518706]","[0.4997788064247897, -0.500273546372802, -0.5000213878771419, -0.4999261296567819]","[477.6922393567567, 11.354958228676018, 7.644903628768875]",5.200000000000071,100.0,0.0,"[50.0, 89.64388550868372, 89.64388550868374]",24
663,460050522,settled,Rk4i_0009,unmatched,,"[-0.43159420217306005, -0.27588044649597515, 0.04316033554187708, 0.8577608112566659]","[-0.500087627290309, -0.5000248678894875, -0.499839861869051, 0.5000476067435757]","[477.54091296382194, 11.36405308653166, 7.3573392124219685]",5.240000000000085,100.0,0.0,"[50.0, 89.37826260576469, 89.3782626057647]",21
664,24185252,settled,Rk4i_0002,unmatched,,"[-0.8823119357992979, -0.09850590553688278, 0.22500939213918061, 0.401488490457212]","[-0.7071147712326665, -0.0003715629884293868, -2.6461830829992183e-05, 0.7070986929313975]","[477.8531883967429, 11.355725752162478, 10.002173848894353]",5.110000000000041,100.0,0.0,"[50.0, 93.4179640758526, 93.41796407585258]",28
665,2055269984,settled,Rk4i_0004,unmatched,,"[0.5271450856724299, 0.7677936786238437, -0.29311052402864035, 0.21609522535291723]","[0.7073522807303325, 0.7068611323791628, -0.00029647719147674056, 5.0779127168221194e-05]","[477.75907067535553, 7.3501455303576, 18.64343346779546]",5.070000000000028,100.0,0.0,"[50.0, 93.53596185348196, 93.53596185348198]",28
666,2572174639,settled,Rk4i_0005,unmatched,,"[0.6648910559496792, 0.23251016525203572, 0.7084928277910303, -0.043552494087720814]","[0.7070458526578987, 9.91652521570574e-05, 0.707167682673919, -0.00014486931101381773]","[477.659101864372, 10.00397112678463, 7.3542251669153655]",5.050000000000021,100.0,0.0,"[50.0, 87.80879465997675, 87.80879465997674]",24
667,4231113218,settled,Rk4i_0009,unmatched,,"[-0.32714810443199194, -0.26553553967436144, -0.22723901491828985, 0.8779677813196595]","[-0.49985284075395653, -0.5001700100151774, -0.4997596026357199, 0.5002173909861638]","[477.8530748022112, 11.354367756450422, 7.344312948705588]",5.160000000000058,100.0,0.0,"[50.0, 89.15111961680847, 89.15111961680846]",20
668,2269359926,settled,Rk4i_0012,unmatched,,"[-0.20885908760357036, -0.8901486806034541, 0.0483529199096359, 0.4020885512937993]","[-0.00017550770804955484, -0.7070376684671912, -0.00010059021791480882, 0.7071758582185416]","[478.17197092625054, 9.993544311665518, 7.3522828660696895]",5.100000000000038,100.0,0.0,"[50.0, 92.89738587584161, 92.89738587584162]",23
669,791422006,settled,Rk4i_0021,unmatched,,"[0.4178617844510886, 0.3221307565748081, 0.3487388486073498, 0.7745995870357235]","[0.49984547390327194, 0.50011642658915, 0.49994181324148534, 0.5000962361855252]","[478.0819182544607, 7.353936658067786, 10.00486644773878]",5.190000000000068,100.0,0.0,"[50.0, 90.62052831995817, 90.62052831995818]",30
670,2789584226,settled,Rk4i_0016,unmatched,,"[-0.32203768413503847, -0.09291562367445043, 0.895757891321467, -0.29202091878741854]","[-0.00017873111581610175, 0.00027162840903927066, 0.9999998793598218, 0.00036817596015825313]","[477.94926919084253, 9.999063829292425, 11.351874597109703]",5.1200000000000445,100.0,0.0,"[50.0, 90.98683838310961, 90.98683838310963]",30
671,959163029,settled,Rk4i_0010,unmatched,,"[0.8565572897553921, 0.19600051919097283, -0.3610798207247458, -0.3122735482059784]","[0.49975864987386776, 0.5000037923169905, -0.5002802475916605, -0.49995717158023023]","[478.0507440564056, 7.355241449349504, 9.99695444831747]",5.170000000000061,100.0,0.0,"[50.0, 93.41819163404129, 93.4181916340413]",21
672,1269286363,settled,Rk4i_0014,unmatched,,"[-0.22278797788535612, -0.8262023699346746, -0.4768502630653011, 0.20092035098176173]","[-0.00014001947679409597, -0.7070287401409727, -0.7071846902358268, -0.00039358007174860395]","[478.1879207650029, 11.357669300680806, 9.997129929918756]",5.1800000000000646,100.0,0.0,"[50.0, 92.36046840801576, 92.36046840801578]",25
673,339846494,settled,Rk4i_0017,unmatched,,"[-0.08833281860877842, 0.061391870416495166, 0.03633882288790775, 0.9935330096954575]","[-0.00034824217424472836, 4.516845630526888e-06, -0.00033047279461424864, 0.9999998847473526]","[477.6237416851829, 10.021855154448808, 11.347789554715488]",5.110000000000041,100.0,0.0,"[50.0, 86.4924155743112, 86.49241557431118]",26
674,3620654759,settled,Rk4i_0020,unmatched,,"[-0.4813429093912272, 0.22554370352942188, 0.09490204981190052, -0.8416844077910204]","[-0.5000021282780412, 0.49972847145790017, 0.5001576779219489, -0.5001116112904239]","[478.30260561395613, 7.656548865668455, 9.997596634297969]",5.250000000000088,100.0,0.0,"[50.0, 95.09041526651221, 95.09041526651222]",24
675,1118229367,settled,Rk4i_0006,unmatched,,"[-0.35991857214289824, -0.48385237718009744, 0.7578605277637142, -0.2489837725264248]","[-0.7071714040851189, 1.1888727739134408e-05, 0.7070421502422521, -5.37005805105184e-05]","[478.3144321717517, 10.000662992545255, 7.648538791010297]",5.230000000000081,100.0,0.0,"[50.0, 94.02949518575753, 94.02949518575751]",23
676,614510698,settled,Rk4i_0008,unmatched,,"[0.5408724855206847, -0.7068822607308365, 0.20453650455646982, -0.40735640681663454]","[0.5000968051690176, -0.4996784120057435, 0.5001299522031143, -0.5000946919779002]","[478.1418225900379, 7.648903658331667, 10.00167102159993]",5.320000000000111,100.0,0.0,"[50.0, 93.61965775900559, 93.6196577590056]",33
677,1838271581,settled,Rk4i_0013,unmatched,,"[-0.12691279253410218, 0.07788097071762332, 0.8830851733374935, -0.4449587330559608]","[-0.00022204942911513426, -1.3480335988302894e-06, 0.7069597626381395, -0.7072537343152451]","[478.1328596344154, 7.651842427733393, 11.347977659860698]",5.080000000000031,100.0,0.0,"[50.0, 87.24817552787967, 87.24817552787968]",22
678,896877213,settled,Rk4i_0019,unmatched,,"[0.4570635111793557, 0.37785478930814337, -0.003768496967547743, 0.8051735858657455]","[-5.409029520747621e-05, 0.7069862649442056, -0.0002720991390593175, 0.7072272224798337]","[477.8718696516968, 10.017785912367575, 7.653407291050824]",5.000000000000004,100.0,0.0,"[50.0, 94.80618521797197, 94.80618521797199]",21
679,2115121010,settled,Rk4i_0008,unmatched,,"[0.28127320910761855, -0.44450024844831, 0.46518435559245397, -0.7119750180165917]","[0.5000343185891198, -0.5000730356585779, 0.5000536243434065, -0.4998389860958753]","[478.2741750868587, 7.647940243597681, 9.996635152756111]",5.0900000000000345,100.0,0.0,"[50.0, 88.76012908503786, 88.76012908503787]",26
680,1207846639,settled,Rk4i_0019,unmatched,,"[-0.26830697556454275, -0.6799392983449297, -0.12928932687703654, -0.670058346254485]","[9.591937600922365e-05, -0.7067384768979393, -5.6001334003796823e-05, -0.7074748850208782]","[477.74385268967745, 10.003333804933204, 7.652479083682825]",5.130000000000048,100.0,0.0,"[50.0, 88.32012042914849, 88.32012042914847]",31
681,3010240499,settled,Rk4i_0013,unmatched,,"[0.3808922698588771, -0.2069628001145944, 0.7443905927285974, -0.507907593551865]","[-4.1962416552215887e-05, 7.401201319001682e-05, 0.7072430652508054, -0.7069704657310819]","[478.3797025385098, 7.656691382127701, 11.350467199238269]",5.290000000000101,100.0,0.0,"[50.0, 89.3705549628187, 89.37055496281872]",24
682,1954751036,settled,Rk4i_0017,unmatched,,"[0.4288412192270202, 0.05806141530597197, -0.19458495559188416, 0.8802617655003849]","[-0.00011826158696237599, -0.0002325025617757637, -2.654346600158379e-05, 0.9999999656260996]","[477.7870154062384, 10.00108651620789, 11.35766653820195]",5.300000000000105,100.0,0.0,"[50.0, 95.01441862659225, 95.01441862659226]",22
683,1984373932,settled,Rk4i_0023,unmatched,,"[-0.3985619353203301, -0.55517319696044, 0.5342309002269262, -0.4975223113923289]","[-0.499796171897329, -0.5000128489984137, 0.5001775975437623, -0.500013308131509]","[478.26137830112685, 18.663664219628167, 7.648309928777985]",5.1500000000000545,100.0,0.0,"[50.0, 92.963717604193, 92.96371760419301]",22
684,2472346160,settled,Rk4i_0009,unmatched,,"[0.5216855084416874, 0.1681033179362908, 0.2930575820934824, -0.7833918293920803]","[0.5001226758994307, 0.4997972079989808, 0.5002605403687861, -0.4998194190680738]","[477.61461887599336, 11.354223110479296, 7.349420234311751]",5.200000000000071,100.0,0.0,"[50.0, 88.61560722834545, 88.61560722834544]",16
685,1573955309,settled,Rk4i_0007,unmatched,,"[-0.6193383676590124, 0.38429802173753186, 0.5834598968312737, 0.35820324624956834]","[-0.4999126211103463, 0.49990378784256734, 0.5001086472878419, 0.5000749094517359]","[478.2629827446694, 11.34954978699489, 7.651640203305661]",5.140000000000051,100.0,0.0,"[50.0, 87.76205298487918, 87.76205298487919]",20
686,4284683632,settled,Rk4i_0009,unmatched,,"[0.45315710631947115, 0.5277361964398244, 0.2103800227056479, -0.6869376900460198]","[0.5000174130059022, 0.5000520376270567, 0.4997395778067647, -0.5001908643002493]","[477.65577505258364, 11.355200617843913, 7.354352977802844]",5.1500000000000545,100.0,0.0,"[50.0, 88.69835543131735, 88.69835543131737]",25
687,1664694624,settled,Rk4i_0019,unmatched,,"[-0.17671571791651616, 0.6330224626739569, -0.08908301980255993, 0.7484105373218002]","[-4.993303668873739e-05, 0.7071704786306519, -0.0002414279516805562, 0.7070430350215826]","[477.9759121684868, 10.00480585808857, 7.639907959378526]",5.0900000000000345,100.0,0.0,"[50.0, 86.3802067326184, 86.38020673261842]",19
688,1909553120,settled,Rk4i_0013,unmatched,,"[-0.34526094914388883, 0.1559007805280971, -0.11240903271903165, -0.9186152801854336]","[-0.00029982734550423884, 0.00034487915030856353, 0.7069982311460965, -0.707215166917555]","[477.9352589875902, 7.644743651627718, 11.357869817365687]",5.050000000000021,100.0,0.0,"[50.0, 93.28338503570912, 93.2833850357091]",24
689,2668664694,settled,Rk4i_0015,unmatched,,"[0.11631302817836991, -0.7209141450716977, 0.6512811007120145, 0.20636618610341087]","[1.2613170039722478e-05, -0.7071983075083181, 0.7070152071622942, 0.000224810001418283]","[477.5203057921506, 18.64615810241766, 10.001891990938784]",5.1500000000000545,100.0,0.0,"[50.0, 93.1066052557609, 93.10660525576091]",24
690,931999062,settled,Rk4i_0005,unmatched,,"[0.40985524264100454, 0.27226453579317034, 0.8643033037923744, -0.10426169806117322]","[0.7072084691661343, 0.00021297998467006973, 0.7070049307304125, -0.0004046011660966964]","[477.93063404841797, 10.000846982857057, 7.35603937033613]",5.070000000000028,100.0,0.0,"[50.0, 88.04470933933898, 88.044709339339]",30
691,2928446550,settled,Rk4i_0017,unmatched,,"[0.08829629227230848, -0.08328675959324888, -0.35542274088605197, -0.9267911068350115]","[-8.820685459576261e-05, 0.00019258340055161886, 0.0002013364494121481, -0.9999999572974085]","[478.2884694751747, 9.99840680366533, 11.34747469518325]",5.170000000000061,100.0,0.0,"[50.0, 87.29451539114584, 87.29451539114582]",14
692,4062086078,settled,Rk4i_0011,unmatched,,"[0.11302998519651891, 0.09536864003104563, 0.8851959380404075, 0.4410863818141144]","[8.39044773222053e-05, 0.00011239074060578891, 0.7071569980209097, 0.7070565468747286]","[478.2726900090577, 7.352516292097722, 11.354989513188954]",5.1500000000000545,100.0,0.0,"[50.0, 87.10439569643525, 87.10439569643526]",20
693,3262843349,settled,Rk4i_0012,unmatched,,"[0.23701903657768664, -0.4535324717792806, 0.255514247423889, 0.8202699206389107]","[-0.0005177205755980407, -0.7071250900253029, -0.0004360611794860525, 0.7070881478802773]","[477.88028280335936, 10.01362271193885, 7.348570445791619]",5.200000000000071,100.0,0.0,"[50.0, 93.35596406338675, 93.35596406338676]",23
694,1218851074,settled,Rk4i_0006,unmatched,,"[-0.6898747204057384, -0.30126227785830795, 0.6219437982928524, -0.2156381734521688]","[-0.70706103511718, -0.00024132429808113032, 0.7071524829728444, -1.438563728664577e-05]","[477.9089758094859, 10.003836080004044, 7.650985843698527]",5.110000000000041,100.0,0.0,"[50.0, 93.58605725298055, 93.58605725298054]",25
695,651205762,settled,Rk4i_0007,unmatched,,"[0.6449485734097136, -0.08182203042582824, -0.6028448695667808, -0.4625197900963603]","[0.5002326250278782, -0.49971382542596265, -0.49956773127751464, -0.500485259924911]","[477.57755737187284, 11.359431280734253, 7.6538051822615145]",5.070000000000028,100.0,0.0,"[50.0, 89.51533594903714, 89.51533594903712]",16
696,4255050540,settled,Rk4i_0015,unmatched,,"[-0.25882804226598577, 0.6809913270748578, -0.6838292010292903, 0.040453439967739646]","[6.019519788691455e-05, 0.7071674448548102, -0.7070461026000383, 0.0001005592019620109]","[478.1530547053208, 18.646284657374974, 10.000849529621268]",5.160000000000058,100.0,0.0,"[50.0, 93.49922671433895, 93.49922671433896]",27
697,2395249347,settled,Rk4i_0002,unmatched,,"[0.6348411229845365, -0.4903602220541158, -0.11445046579517916, -0.5860244807804853]","[0.7070261328922458, -0.0002134281980074852, -0.00017938344356741687, -0.7071873653264888]","[477.7488401366382, 11.357003961021249, 9.997414385553688]",5.280000000000098,100.0,0.0,"[50.0, 89.88590332221389, 89.8859033222139]",23
698,249202919,settled,Rk4i_0010,unmatched,,"[-0.8662809176125051, -0.3880906819206864, 0.23603906961474444, 0.20791477100528136]","[-0.5000210530450326, -0.49999766682109315, 0.4998376515912498, 0.5001435811214057]","[478.09179361036706, 7.356377910095201, 10.002362446323394]",5.340000000000118,100.0,0.0,"[50.0, 94.99598872394577, 94.99598872394579]",33
699,2371620818,settled,Rk4i_0006,unmatched,,"[-0.6854600836334261, -0.5263584251775121, 0.5015678560573432, -0.03899958666378184]","[-0.7071562013747331, -4.2798345898764634e-05, 0.7070573557868141, 2.55600898910191e-05]","[478.21710099548136, 9.99643758402706, 7.649177425058364]",4.969999999999994,100.0,0.0,"[50.0, 93.0010306069348, 93.00103060693482]",16
700,3603842823,settled,Rk4i_0009,unmatched,,"[0.1945135409653445, 0.7046745058258995, 0.4915635600122643, -0.4732479156723422]","[0.4996622897487963, 0.5000509969922143, 0.5002714426308974, -0.5000150800706749]","[477.79528946654517, 11.354556521539816, 7.349965902728895]",5.050000000000021,100.0,0.0,"[50.0, 88.53715672280372, 88.53715672280373]",25
701,2673681171,settled,Rk4i_0006,unmatched,,"[0.7797691628533903, 0.1826904425636023, -0.5705104467956182, -0.1819397838734074]","[0.7070991936039558, -0.00013819823988692193, -0.7071143547625561, -2.4384748771338893e-05]","[477.7470771439006, 10.012752676725665, 7.645220152961132]",5.160000000000058,100.0,0.0,"[50.0, 89.20203420461701, 89.20203420461702]",17
702,4235238339,settled,Rk4i_0002,unmatched,,"[-0.7562445711375627, 0.24799993940147816, 0.08222943494976244, 0.5998570652327683]","[-0.7069361553292313, 3.4691212423194456e-05, 7.846054555239912e-05, 0.7072773606788129]","[478.24465140190614, 11.34911986812588, 10.002817700767928]",5.130000000000048,100.0,0.0,"[50.0, 89.5773808907898, 89.57738089078981]",22
703,3994960236,settled,Rk4i_0021,unmatched,,"[0.5313292307007738, 0.7813692565057293, 0.17265756090654222, 0.278101960173623]","[0.5000221526715232, 0.4999459208969151, 0.5000703685933511, 0.49996154799262466]","[477.8253096398002, 7.363592208410254, 9.999213836981525]",5.160000000000058,100.0,0.0,"[50.0, 94.93612676687152, 94.93612676687154]",32
704,3831792919,settled,Rk4i_0008,unmatched,,"[0.4401407278908014, -0.15233626782494392, 0.5535394359146462, -0.6904084979519137]","[0.49988182200268616, -0.5001150804074032, 0.49997191916932227, -0.5000311494522277]","[478.1777682564189, 7.641854487050075, 10.001868649226752]",4.949999999999988,100.0,0.0,"[50.0, 88.93778988469745, 88.93778988469747]",27
705,2949590194,settled,Rk4i_0019,unmatched,,"[0.017602188927888177, 0.8092823677871741, -0.24878508131529067, 0.5318441458253315]","[-0.00014044839110449736, 0.7070113614125609, 0.00014671318582479276, 0.7072021589213708]","[477.7704464157444, 10.00435304242799, 7.647693899609515]",5.050000000000021,100.0,0.0,"[50.0, 91.13052914409556, 91.13052914409558]",16
706,1922957456,settled,Rk4i_0011,unmatched,,"[-0.17983493385574306, 0.16984593387623137, -0.8817110177146157, -0.40174299813620656]","[-9.723914643350318e-05, -0.00013603633884437527, -0.7070115682374248, -0.7072019615478453]","[478.32547261144117, 7.358523078633449, 11.345531027967422]",5.130000000000048,100.0,0.0,"[50.0, 91.94582996673105, 91.94582996673107]",27
707,2467004035,settled,Rk4i_0006,unmatched,,"[-0.8510412091524794, -0.15061605794523547, 0.48797472711500356, 0.12216517142934463]","[-0.7070612488858203, -4.29689646410103e-05, 0.707152308107147, -4.020481010874599e-05]","[477.6895464228127, 10.002602868843834, 7.649343355200822]",5.1500000000000545,100.0,0.0,"[50.0, 91.54017785177733, 91.54017785177734]",19
708,3895465590,settled,Rk4i_0013,unmatched,,"[-0.008865959929603692, 0.08725246230030541, 0.920553074823044, -0.3806447674813083]","[-9.63194325097061e-05, 0.00013384726377180245, 0.7068632653368145, -0.7073501939809256]","[477.8879360943359, 7.660373521441031, 11.351855528576928]",5.200000000000071,100.0,0.0,"[50.0, 86.77823183283883, 86.77823183283881]",29
709,3817935553,settled,Rk4i_0008,unmatched,,"[-0.9489519390650242, 0.22293354094083298, -0.12955939050887, 0.1816733827484993]","[-0.500074190851502, 0.49996994590983734, -0.4998928951238214, 0.5000629462736206]","[477.914962780278, 7.661172261357011, 10.003014612939811]",5.140000000000051,100.0,0.0,"[50.0, 94.73986617234326, 94.73986617234327]",15
710,2350393894,settled,Rk4i_0005,unmatched,,"[0.6082563107633402, 0.02796229408013884, 0.7339208530504554, 0.30100257803553526]","[0.7069013952607497, -0.00015166357320733903, 0.7073120677163378, -0.00018231677028174298]","[478.17430167768686, 10.001907794655068, 7.350545981659133]",5.0600000000000245,100.0,0.0,"[50.0, 90.44504296628818, 90.44504296628818]",23
711,507274054,settled,Rk4i_0007,unmatched,,"[-0.5283622470933963, 0.487647568656346, 0.636099650849066, 0.28001860441704135]","[-0.500282771687472, 0.4999267335587396, 0.4999559292182504, 0.49983445085898737]","[477.54355828774646, 11.351249862064908, 7.64719023445094]",5.190000000000068,100.0,0.0,"[50.0, 88.0044588831789, 88.00445888317888]",33
712,2418103130,settled,Rk4i_0005,unmatched,,"[0.5388957797689139, 0.08448260675867462, 0.7139924401755003, -0.438940568955238]","[0.707033434596746, -0.0002594304753893162, 0.7071800688864786, -7.230403140032204e-05]","[477.8036463486768, 10.001581723017873, 7.351325360322036]",5.070000000000028,100.0,0.0,"[50.0, 89.55116075486026, 89.55116075486025]",21
713,3567153921,settled,Rk4i_0020,unmatched,,"[0.1988727524070747, -0.4381407272501607, -0.2546711136222361, 0.8388235543671534]","[0.5000530662773542, -0.49994304461949846, -0.49997221288940685, 0.5000316683787858]","[477.7056177690675, 7.655587293340646, 9.99763304854187]",5.240000000000085,100.0,0.0,"[50.0, 89.03448843323105, 89.03448843323106]",27
714,4274748223,settled,Rk4i_0003,unmatched,,"[0.9013150862583911, -0.41985594111574515, -0.10060076260099281, -0.0350940245189892]","[0.7070207873326849, -0.7071927503691088, 7.06122445151558e-05, 0.00012295835351783246]","[477.7615933881524, 7.6471216991728905, 18.64857927299468]",5.080000000000031,100.0,0.0,"[50.0, 92.7595119121062, 92.75951191210622]",20
715,1338308663,settled,Rk4i_0013,unmatched,,"[-0.2512912006807127, 0.11445045012758237, 0.3013030382493696, -0.9126720692930941]","[0.00015393289048404313, -0.0003610602182544387, 0.7071601762604818, -0.7070532731353617]","[477.72130756246816, 7.652238794022348, 11.344322433787573]",5.040000000000018,100.0,0.0,"[50.0, 91.54501957990882, 91.54501957990881]",26
716,1277006266,settled,Rk4i_0010,unmatched,,"[0.32865400942607437, 0.5957578798403752, -0.6876782647442755, -0.25329369296247584]","[0.4998767289602426, 0.49999209192225635, -0.49999736165349185, -0.5001337843005222]","[478.3031253503271, 7.356154546783362, 9.998069013771742]",5.220000000000078,100.0,0.0,"[50.0, 91.94528903360747, 91.94528903360748]",26
717,3440375285,settled,Rk4i_0005,unmatched,,"[0.8875611663635753, 0.23820790771944308, 0.3862538725813326, 0.07937326110963647]","[0.7071768887088614, 0.00013612980490979035, 0.7070366310935049, -0.00017842835551046268]","[477.5390411390596, 10.014506645274702, 7.355476123643459]",5.1800000000000646,100.0,0.0,"[50.0, 93.57237655172804, 93.57237655172806]",22
718,2778763133,settled,Rk4i_0006,unmatched,,"[0.8756319323738309, 0.23263808462416577, -0.40106778977893365, 0.13525113157201868]","[0.7071350222263945, 3.470222901363895e-05, -0.7070785196831568, 0.00016167655275192705]","[478.02587405025895, 10.001304885702607, 7.644538703697837]",5.010000000000008,100.0,0.0,"[50.0, 91.35733292485143, 91.35733292485145]",21
719,763136023,settled,Rk4i_0011,unmatched,,"[0.25131930339948066, -0.2951017507363295, 0.6878492538765465, 0.6136912647191838]","[-0.0006818602751750004, -0.0002816497793212414, 0.7069360292953565, 0.7072771070974105]","[477.84137981466426, 7.359264664083049, 11.347866037192171]",5.050000000000021,100.0,0.0,"[50.0, 91.87686184605825, 91.87686184605822]",23
720,3763933021,settled,Rk4i_0011,unmatched,,"[-0.04623430397558888, -0.06701270344375135, 0.7888818316337297, 0.6091281822664787]","[6.503098037091704e-05, -0.00032235478744466195, 0.7070365547590929, 0.7071769241800491]","[478.2364204366974, 7.354947149027764, 11.349822393127697]",5.160000000000058,100.0,0.0,"[50.0, 85.5966021427405, 85.59660214274052]",31
721,3455780355,settled,Rk4i_0009,unmatched,,"[-0.8840207684311262, -0.0872379833482472, -0.3272251922323647, 0.32221186944658625]","[-0.5000114534405863, -0.499830147232589, -0.5000376924560341, 0.500120661909629]","[477.73223827446407, 11.350031743938986, 7.352854931053326]",5.360000000000125,100.0,0.0,"[50.0, 93.28667390007189, 93.2866739000719]",27
722,1499718306,settled,Rk4i_0019,unmatched,,"[0.3612539443898203, 0.6684707255139583, -0.19887294746240802, 0.6189442846987546]","[0.00017420425743322476, 0.707241261868743, 0.0002298570342211259, 0.7069722160940476]","[478.2998727565027, 9.999602817511041, 7.642146983791876]",5.170000000000061,100.0,0.0,"[50.0, 94.34823984684222, 94.34823984684223]",18
723,79361427,settled,Rk4i_0023,unmatched,,"[0.7460182460433417, 0.4331332622393408, -0.16442246222556398, 0.47834883466776185]","[0.4998369161708582, 0.5001175460484695, -0.500259817351096, 0.49978556652939815]","[478.13785961480227, 18.653863848325862, 7.649675897841635]",5.0300000000000145,100.0,0.0,"[50.0, 93.94313532875675, 93.94313532875677]",23
724,849183527,settled,Rk4i_0008,unmatched,,"[-0.597965345494862, 0.4341566937715529, -0.3987457477691585, 0.5430904523894513]","[-0.5003376961853238, 0.4995789353964788, -0.5002601209354673, 0.49982285710611035]","[478.0037170425242, 7.669988816988067, 9.997147774716838]",5.0900000000000345,100.0,0.0,"[50.0, 84.4246529633966, 84.42465296339658]",30
725,833658135,settled,Rk4i_0012,unmatched,,"[-0.22322301575031606, -0.6254522972279739, -0.046491102783879086, 0.7462033814540932]","[8.732978749842468e-05, -0.7071381843295468, -5.382472222797974e-05, 0.7070753692072151]","[478.07148901788804, 10.00406386454685, 7.349730114580487]",5.160000000000058,100.0,0.0,"[50.0, 87.65592388578553, 87.65592388578554]",39
726,2766943526,settled,Rk4i_0010,unmatched,,"[-0.5008796812345071, -0.2940481208795292, 0.7384220044987085, 0.3426196007319862]","[-0.49999143076818225, -0.5000948741094104, 0.4998554531862863, 0.5000582085795726]","[478.27804956791954, 7.356130884644045, 10.000347752504341]",5.240000000000085,100.0,0.0,"[50.0, 88.29407697229693, 88.29407697229695]",35
727,2503276600,settled,Rk4i_0011,unmatched,,"[-0.12838043991948922, -0.15768557088960727, 0.9650166796619405, 0.16551897581105576]","[-9.2111215340418e-05, -0.0001695936396415021, 0.707120210350898, 0.7070933254294113]","[477.79048472199514, 7.3557954018250955, 11.345796239704894]",5.1200000000000445,100.0,0.0,"[50.0, 89.19505381786452, 89.19505381786453]",31
728,274262062,settled,Rk4i_0011,unmatched,,"[-0.2888088733633255, 0.9067311338231195, 0.2402429853663154, 0.19160217536533122]","[-7.788670648428699e-05, -2.4603075513218726e-05, 0.707118090379018, 0.7070954670955547]","[478.16862286860186, 7.354647990647853, 11.353372694740921]",5.420000000000145,100.0,0.0,"[50.0, 94.80496362476966, 94.80496362476967]",23
729,3693717378,settled,Rk4i_0009,unmatched,,"[-0.4080947709038988, -0.4131066308879288, -0.5424541860804435, 0.6070790932663737]","[-0.5003824413486432, -0.4996923341232955, -0.500090313524845, 0.4998346345812852]","[477.68825841706905, 11.3634810840698, 7.345534400724437]",5.0900000000000345,100.0,0.0,"[50.0, 86.66528756898462, 86.66528756898464]",28
730,244256465,settled,Rk4i_0012,unmatched,,"[-0.41965871946026745, 0.6803774779211695, 0.017196036946970892, -0.6005641872705326]","[8.874271607051121e-05, 0.7071648217731171, 5.435218848010015e-05, -0.70704872817732]","[477.7096224647084, 10.00931712144339, 7.355569053731999]",5.070000000000028,100.0,0.0,"[50.0, 92.67052689360614, 92.67052689360612]",26
731,476182520,settled,Rk4i_0012,unmatched,,"[0.1036601992641189, -0.6668421953979564, -0.4595244020197611, 0.5774195818239437]","[0.00018048643415929932, -0.7070957518115851, -9.63734932300786e-05, 0.707117780788184]","[477.8260695081076, 9.998269975842922, 7.3506429480172955]",5.1500000000000545,100.0,0.0,"[50.0, 88.98576748599666, 88.98576748599667]",20
732,299505894,settled,Rk4i_0009,unmatched,,"[0.579202363364909, 0.6811474595430645, 0.10658459271012398, -0.43497412018113246]","[0.4999954199814055, 0.49984906130743756, 0.5003336808881541, -0.4998216718756825]","[478.2604204249171, 11.358200578372454, 7.357205311344557]",5.070000000000028,100.0,0.0,"[50.0, 92.73051966014202, 92.73051966014201]",34
733,927647419,settled,Rk4i_0013,unmatched,,"[0.00617218359995602, 0.30738817925260187, -0.906291643473959, 0.29001701393995705]","[-0.0002806264137793224, 0.0004487159727914469, -0.7073965800670676, 0.7068166653469685]","[477.7431641071983, 7.662721078218806, 11.353330342658344]",5.260000000000091,100.0,0.0,"[50.0, 93.58623993030179, 93.5862399303018]",27
734,2054887602,settled,Rk4i_0013,unmatched,,"[0.3733597105779809, 0.05758875730829268, -0.4407491559025929, 0.8142642342139097]","[0.00024393943301564971, -0.00011086847628988263, -0.707032624534576, 0.7071808792985591]","[478.2023159000177, 7.651692427393621, 11.356244176607575]",5.040000000000018,100.0,0.0,"[50.0, 93.48243438432183, 93.48243438432185]",21
735,2921836587,settled,Rk4i_0003,unmatched,,"[0.2754056786538453, -0.9404034533507056, -0.09401578724089038, 0.1759377413767654]","[0.7071065167663076, -0.7071070448273091, -1.1876640824026731e-05, 3.100249742035711e-05]","[477.82757718818004, 7.648447097085998, 18.650577964936755]",5.230000000000081,100.0,0.0,"[50.0, 94.66441706870425, 94.66441706870427]",34
736,4082104990,settled,Rk4i_0011,unmatched,,"[-0.365030319869446, -0.1893794515799419, -0.17774880524233333, -0.8940322427799869]","[0.00023057701369683103, -8.718309679436875e-05, -0.7070349247962374, -0.7071785873113859]","[477.985764039958, 7.360951052166651, 11.35659803550643]",5.350000000000121,100.0,0.0,"[50.0, 93.68368066286175, 93.68368066286176]",30
737,2103653974,settled,Rk4i_0005,unmatched,,"[0.935028749816513, 0.3245948714742076, 0.13098927296552268, -0.056579296541891304]","[0.707320333537825, -2.122405090682067e-05, 0.7068931037154284, -0.00029194699584395023]","[477.6910533464137, 10.000728592120453, 7.355509686062453]",5.330000000000115,100.0,0.0,"[50.0, 92.87845766326859, 92.8784576632686]",33
738,4054721125,settled,Rk4i_0013,unmatched,,"[0.3314452681763487, -0.23353500978133768, 0.6073874692324064, -0.6831441250785895]","[0.0003070557818357634, -9.502383037199304e-05, 0.7071042330515783, -0.7071092562594256]","[478.1641162554035, 7.664924651594287, 11.349130790437208]",5.230000000000081,100.0,0.0,"[50.0, 88.3100603613025, 88.31006036130249]",32
739,548968393,settled,Rk4i_0008,unmatched,,"[0.1739833845668215, -0.4541327469372948, 0.8058144553671144, -0.33787023185723425]","[0.5002014400287996, -0.49977701150272663, 0.49984646375527986, -0.5001749402337751]","[477.64821751784905, 7.6571724391694005, 10.0010818373072]",5.080000000000031,100.0,0.0,"[50.0, 93.13091165699282, 93.13091165699284]",20
740,1564990497,settled,Rk4i_0013,unmatched,,"[0.11176623498886057, 0.43491256596679395, -0.5962539075390001, 0.6654627310564188]","[6.018089670073445e-06, -7.504355168022614e-05, -0.7071795464015092, 0.7070340044747521]","[477.9478782617469, 7.653088768734511, 11.357023376289247]",5.210000000000075,100.0,0.0,"[50.0, 93.12073902815487, 93.12073902815486]",40
741,666536387,settled,Rk4i_0004,unmatched,,"[0.8328379747296384, 0.5225458757364239, -0.11627756712454848, -0.1407346545193621]","[0.7071924036335979, 0.7070211478391463, -2.266748585724732e-05, -1.5405699362092132e-05]","[478.33043053093854, 7.356605246868249, 18.650236486309957]",5.240000000000085,100.0,0.0,"[50.0, 94.0315024257726, 94.03150242577262]",27
742,2535867986,settled,Rk4i_0017,unmatched,,"[0.055606694092448415, 0.02990174770564514, 0.11232118714017658, 0.9916641225615043]","[0.00011704222558078792, 0.00042448083456355084, -9.039205320152336e-05, 0.9999998989732025]","[477.5654976863477, 10.005471983089313, 11.344040749057964]",5.070000000000028,100.0,0.0,"[50.0, 85.99043704955469, 85.9904370495547]",14
743,4190058861,settled,Rk4i_0009,unmatched,,"[0.6389330524725584, 0.6994797245503248, 0.04674223784673845, -0.3167141180973458]","[0.5002409073637828, 0.5000877903561822, 0.4997404297535666, -0.4999307346085566]","[478.08006528182693, 11.361071073398163, 7.354932811815873]",5.040000000000018,100.0,0.0,"[50.0, 94.62670526517266, 94.62670526517267]",23
744,4145498066,settled,Rk4i_0008,unmatched,,"[0.5331427153280388, -0.13489619692221552, 0.6897760063632064, -0.4709256015489013]","[0.4999258273967128, -0.4997076336275546, 0.5002459635320571, -0.5001204094675059]","[477.5694807232919, 7.652581639145345, 10.005469029368202]",4.990000000000001,100.0,0.0,"[50.0, 88.55259489569272, 88.55259489569274]",24
745,439097313,settled,Rk4i_0004,unmatched,,"[-0.31229783943541295, -0.9478655253499281, -0.04306678203388648, -0.04654307276409306]","[-0.7070965197690239, -0.707117036127379, 8.933001038258227e-05, -3.113061013459984e-05]","[477.50775492683005, 7.356194406829969, 18.644613816836483]",5.010000000000008,100.0,0.0,"[50.0, 92.78490067872956, 92.78490067872957]",33
746,848878887,settled,Rk4i_0003,unmatched,,"[-0.7330445846747963, 0.6200137340102204, -0.2603398618609048, -0.10223386348908145]","[-0.7072351384804403, 0.7069782818503026, -8.646444829255029e-05, -0.0004005177222985712]","[477.8864082170825, 7.654818576784666, 18.65002452785764]",5.050000000000021,100.0,0.0,"[50.0, 93.909403096113, 93.90940309611301]",35
747,3282409243,settled,Rk4i_0009,unmatched,,"[-0.36484502967256854, -0.38112029136195696, -0.4876938161083083, 0.695550263866757]","[-0.5000629409844252, -0.49989862077881475, -0.49990009871557484, 0.5001382961757724]","[477.7086752982023, 11.358841271030373, 7.350756707465688]",5.080000000000031,100.0,0.0,"[50.0, 88.33421996893208, 88.33421996893209]",25
748,1021812353,settled,Rk4i_0013,unmatched,,"[-0.02751463814164228, 0.23808994494372776, -0.5888537692642116, 0.7718855881722095]","[-0.00010973324106344773, 0.00034439422322959934, -0.7069991497494845, 0.7072143038745333]","[477.90857000202664, 7.651739758176645, 11.350494822160957]",5.1800000000000646,100.0,0.0,"[50.0, 88.5499781714344, 88.54997817143442]",27
749,3025522320,settled,Rk4i_0019,unmatched,,"[-0.006779130001992734, 0.8094588839319384, 0.39735742244128586, 0.432246963495285]","[0.00013089189157861059, 0.7068608008081456, 0.00040487557428606213, 0.7073525480437242]","[478.28966409503334, 10.003898867371873, 7.644962222368478]",5.1500000000000545,100.0,0.0,"[50.0, 90.26802202010106, 90.26802202010107]",31
750,2691185665,settled,Rk4i_0019,unmatched,,"[-0.347779535447512, -0.7595016959896297, 0.11884014838012455, -0.5367341871408777]","[-0.0001381631459889121, -0.7070620777652958, -0.0001079554404409544, -0.7071514600443038]","[478.31137288337123, 10.001609406760709, 7.651364151869465]",5.1500000000000545,100.0,0.0,"[50.0, 93.28395484565883, 93.28395484565884]",28
751,1229380122,settled,Rk4i_0019,unmatched,,"[0.48619715748621767, -0.6641977522402341, 0.06255628408896385, -0.564393817553243]","[-1.3781897197584488e-05, -0.7070987732434507, 0.0001172500293604439, -0.7071147791837595]","[478.18313598255065, 10.001316977137504, 7.649591995811777]",5.200000000000071,100.0,0.0,"[50.0, 90.91943434920198, 90.91943434920196]",11
752,2395213454,settled,Rk4i_0005,unmatched,,"[-0.44933477067353494, 0.12225715102068627, -0.8501988666400425, -0.24558774409985212]","[-0.7070937740055429, -0.00019065103227311478, -0.7071197601255026, 5.705115240955961e-05]","[478.2742828228041, 10.012778803521837, 7.350114763000791]",5.130000000000048,100.0,0.0,"[50.0, 91.46064259012319, 91.46064259012317]",23
753,3006291426,settled,Rk4i_0006,unmatched,,"[-0.8032647886071603, -0.10041121216468736, 0.5539172969708682, -0.1945736260956228]","[-0.7072660066769539, -2.5677178633221054e-05, 0.7069475120052996, -0.00010202663578767757]","[477.6748632973692, 9.994816161915738, 7.645493608448149]",5.1500000000000545,100.0,0.0,"[50.0, 90.07017504645172, 90.07017504645174]",27
754,2038363769,settled,Rk4i_0005,unmatched,,"[-0.5612002152789947, 0.020352301138744127, -0.7190324086645994, -0.409429478053489]","[-0.7069149046664298, -9.941862255985479e-05, -0.7072985669841204, 0.00021170403805648164]","[477.67871121588024, 10.000468218572324, 7.357116207162746]",5.190000000000068,100.0,0.0,"[50.0, 92.62671137338688, 92.6267113733869]",23
755,3549726088,settled,Rk4i_0011,unmatched,,"[0.3251935600628316, -0.17496902770656705, 0.7483285312602824, 0.5510348420371516]","[-2.598672411655012e-05, -0.00022076611968258053, 0.7071997309030703, 0.7070137843052535]","[478.06734473014774, 7.354092193829356, 11.347410686020991]",5.220000000000078,100.0,0.0,"[50.0, 92.81974335825745, 92.81974335825745]",37
756,1415504078,settled,Rk4i_0019,unmatched,,"[0.026030222451953543, 0.644775665048881, -0.1990092891583883, 0.7375514030279845]","[-2.2811301559122477e-05, 0.707016778994309, -0.00010821100297639386, 0.7071967632777569]","[477.5047278083584, 10.018899696774177, 7.65229148393126]",5.040000000000018,100.0,0.0,"[50.0, 89.39483272154642, 89.39483272154644]",27
757,1167033059,settled,Rk4i_0016,unmatched,,"[-0.14038596652816046, 0.22510227837965416, 0.9577570236566346, -0.11100553277484694]","[-0.00010370168593633215, 5.5252465250899003e-05, 0.9999999557991195, 0.0002731206411144243]","[477.90958387661624, 10.007129171003088, 11.351865482936795]",5.1800000000000646,100.0,0.0,"[50.0, 88.76240358212142, 88.76240358212144]",23
758,57751237,settled,Rk4i_0006,unmatched,,"[-0.24977854227901278, 0.18879418204542422, 0.9462315214486297, 0.08132247204667463]","[-0.7068667748672366, 2.8934893922694105e-05, 0.70734666503117, 0.00023920879010594365]","[478.18897688509963, 10.005856077099706, 7.645883923318352]",5.350000000000121,100.0,0.0,"[50.0, 88.85285334486407, 88.85285334486409]",15
759,1367057463,settled,Rk4i_0008,unmatched,,"[-0.2682954155863644, 0.4446128882782166, -0.4818836406653182, 0.7057797860603408]","[-0.4998903907282309, 0.49998893091735674, -0.5001280808934594, 0.49999256886429894]","[477.8088844087401, 7.664954161663809, 10.00162662443242]",5.0900000000000345,100.0,0.0,"[50.0, 88.83419452991525, 88.83419452991527]",23
760,3460723404,settled,Rk4i_0024,unmatched,,"[0.7525328538070888, 0.08332020185243715, -0.2968881536312691, 0.5819016000473309]","[0.7070979158628736, 1.7785066067946575e-05, 5.1274953751876843e-05, 0.7071156443163673]","[478.1283540853278, 18.65170057304573, 9.99725640154976]",5.170000000000061,100.0,0.0,"[50.0, 94.73735580587925, 94.73735580587926]",19
761,490291057,settled,Rk4i_0007,unmatched,,"[0.6050671852203282, -0.723040663150318, -0.30768659951572824, -0.12819850732027002]","[0.499806623242055, -0.5001679020842498, -0.49990648373148217, -0.5001189024734422]","[477.78670305324795, 11.35769378067248, 7.647886936162799]",5.210000000000075,100.0,0.0,"[50.0, 94.37768437260091, 94.37768437260092]",27
762,2736550147,settled,Rk4i_0012,unmatched,,"[-0.12290483584257283, 0.9147122688500888, 0.06678560268850425, -0.37912471538422043]","[0.00021629267206058067, 0.7070055443579214, -0.00019448996142534813, -0.7072079437041798]","[477.74002491494605, 9.999296575736643, 7.3457839767850075]",5.110000000000041,100.0,0.0,"[50.0, 92.96474690072532, 92.96474690072533]",21
763,3645682007,settled,Rk4i_0019,unmatched,,"[0.08237622614656674, 0.7623107531555448, 0.47199339798971696, 0.43510769384532433]","[-2.5639788724829415e-05, 0.7074437549902275, -0.00016480245154398832, 0.7067696270412872]","[477.5674629940634, 10.014669018826591, 7.644098505618295]",5.110000000000041,100.0,0.0,"[50.0, 89.41844269885881, 89.4184426988588]",27
764,4011650803,settled,Rk4i_0012,unmatched,,"[-0.11238713257916548, 0.5943727968817791, -0.13889353961568968, -0.7840909994449555]","[0.0001517417912362817, 0.707079670183585, 0.00022010477012063262, -0.7071338406139192]","[477.53354782613013, 10.005073977233737, 7.35463163145596]",5.1800000000000646,100.0,0.0,"[50.0, 89.05702508861089, 89.0570250886109]",26
765,4175174794,settled,Rk4i_0007,unmatched,,"[0.6283567845402819, -0.3838002345637537, -0.49353374713503045, -0.46291421636180186]","[0.500237216932127, -0.499975751167654, -0.4998118263107526, -0.4999751127008728]","[478.24741523610186, 11.359241293723118, 7.649814563951689]",5.100000000000038,100.0,0.0,"[50.0, 86.57758753585703, 86.57758753585705]",26
766,1362896629,settled,Rk4i_0012,unmatched,,"[-0.1369099586496964, 0.8359536484781134, -0.4124440525900376, -0.3351523001588615]","[-5.654816266076335e-06, 0.7071140556723136, -3.96675430641702e-06, -0.7070995065922052]","[477.6186983126615, 10.004540229192246, 7.354661157849835]",4.979999999999998,100.0,0.0,"[50.0, 93.85379734692319, 93.85379734692317]",24
767,1392627679,settled,Rk4i_0009,unmatched,,"[-0.5442430083840383, -0.06998565228722617, -0.49363300479666244, 0.674705871379849]","[-0.5000969904194155, -0.49981069226760944, -0.5000433565358404, 0.500048911260475]","[477.9410234863227, 11.361208246530099, 7.355389193651886]",5.220000000000078,100.0,0.0,"[50.0, 88.52514965394812, 88.52514965394813]",24
768,2030435075,settled,Rk4i_0016,unmatched,,"[-0.15391770369278407, 0.2984445877709614, -0.9416051474307936, 0.02489808932417896]","[-1.2811561172561705e-05, 8.105047502687814e-05, -0.9999997225307156, -0.0007404087901426528]","[477.9210602350537, 10.00169130997907, 11.349506639401548]",5.1800000000000646,100.0,0.0,"[50.0, 92.3158575814678, 92.31585758146781]",23
769,1969071229,settled,Rk4i_0008,unmatched,,"[-0.292157474405667, 0.7386316240005625, -0.37135322396325127, 0.480795296594396]","[-0.5000649446866215, 0.5001303766164232, -0.5000459692305891, 0.49975862787681996]","[477.7615171171476, 7.650359551772277, 10.00135459142322]",5.1800000000000646,100.0,0.0,"[50.0, 89.66107118366033, 89.66107118366034]",26
770,3971321240,settled,Rk4i_0012,unmatched,,"[0.16134477163431363, -0.59713412711119, -0.14540785866209355, 0.7721756623623495]","[-5.2273444529016284e-05, -0.7069774071148222, 1.156599164048311e-05, 0.7072361295655913]","[477.7353404339519, 9.996555974640673, 7.350709957521795]",5.130000000000048,100.0,0.0,"[50.0, 86.36597223232798, 86.36597223232796]",32
771,1847143231,settled,Rk4i_0013,unmatched,,"[0.37247343903267255, -0.17212231899601646, 0.8927953174030391, -0.1858869703390051]","[5.4498460308749504e-05, 0.00015471259746926982, 0.7073509769604289, -0.7068624820197044]","[478.14155382249055, 7.650506929736647, 11.352039087988395]",5.350000000000121,100.0,0.0,"[50.0, 89.11835881368219, 89.1183588136822]",32
772,4250210521,settled,Rk4i_0020,unmatched,,"[0.7179714736657065, -0.32018305942895253, -0.20166750117733687, 0.5842345337498447]","[0.5000196804865574, -0.49977521544747394, -0.5001446360311035, 0.5000603925526068]","[477.72017856890045, 7.653578171506229, 9.996667974586995]",5.0900000000000345,100.0,0.0,"[50.0, 92.38739962741893, 92.38739962741894]",25
773,1265008604,settled,Rk4i_0013,unmatched,,"[0.1588790074721968, 0.4462089044889321, -0.7306042503802944, 0.49180535160333994]","[0.00041192017765104283, 7.366893780808015e-06, -0.7070509485372114, 0.7071624894181858]","[478.02134072445705, 7.648106315869124, 11.351429657136128]",5.310000000000108,100.0,0.0,"[50.0, 93.37493682006625, 93.37493682006627]",20
774,2561878822,settled,Rk4i_0020,unmatched,,"[-0.8844363438236836, 0.2271251635155647, 0.06609453688063316, -0.4022661134328336]","[-0.5001600160923922, 0.4999273934727461, 0.4999632118499161, -0.4999493437886684]","[477.6691343768692, 7.643890262433836, 10.00132913034155]",5.040000000000018,100.0,0.0,"[50.0, 94.63057918511113, 94.6305791851111]",20
775,2593056862,settled,Rk4i_0007,unmatched,,"[-0.6440080616705269, 0.6801245432667002, 0.34981776085047156, 0.017656623210441386]","[-0.5001678896872088, 0.4998240640966209, 0.4999116253691722, 0.500096344614249]","[477.8858674364719, 11.358680954593046, 7.644114946429791]",5.0600000000000245,100.0,0.0,"[50.0, 94.94307010539343, 94.94307010539345]",25
776,2876057514,settled,Rk4i_0006,unmatched,,"[0.5828207064822837, 0.0588372724123627, -0.6350018125597128, -0.5036178089746675]","[0.7072673224711529, 0.00014223100450858062, -0.70694617737419, 0.00012896064593048706]","[477.75173279844086, 9.998598046521982, 7.644411962479056]",5.190000000000068,100.0,0.0,"[50.0, 88.59208324231628, 88.59208324231629]",19
777,3157771195,settled,Rk4i_0006,unmatched,,"[0.5983360677836528, 0.10378296890113489, -0.7104906983150071, -0.3555643583981888]","[0.7071312561845476, 8.330190916883141e-05, -0.7070821648513036, -0.0004378776652546324]","[477.6877908238535, 10.007983592521907, 7.647576075637921]",5.160000000000058,100.0,0.0,"[50.0, 87.75134064364597, 87.75134064364599]",26
778,2345037609,settled,Rk4i_0009,unmatched,,"[0.6604384413014063, 0.10747290077092331, 0.443880841915452, -0.596020502190723]","[0.499719284125114, 0.5001828507164054, 0.4999247018435915, -0.5001730154749353]","[477.75910627618947, 11.35408057628415, 7.35046628540705]",5.170000000000061,100.0,0.0,"[50.0, 88.35551285771963, 88.35551285771962]",19
779,184414698,settled,Rk4i_0004,unmatched,,"[-0.35632809196677084, -0.93177754920896, -0.06878720385769516, 0.00944511783434199]","[-0.7074569809003455, -0.7067564063165668, -9.742006846613636e-06, -4.702077656892899e-05]","[477.86180543454515, 7.352937516266642, 18.6462743548289]",4.979999999999998,100.0,0.0,"[50.0, 92.88341368796648, 92.8834136879665]",31
780,1322610371,settled,Rk4i_0023,unmatched,,"[-0.3915866921210055, -0.4167497704200111, 0.43307521759641576, -0.6967247285064698]","[-0.5000330037131007, -0.49991339383729183, 0.49987610089549156, -0.5001774461261277]","[477.6510025619938, 18.650168506386144, 7.64982172781946]",5.0900000000000345,100.0,0.0,"[50.0, 94.9183129180524, 94.91831291805241]",27
781,2871559337,settled,Rk4i_0015,unmatched,,"[-0.0016060938878102355, -0.8499218234626733, 0.5204304719878642, 0.0823555601692851]","[0.0002466905993958937, -0.7070748985225949, 0.7071385644905641, 0.00027862741198565153]","[478.01721586970314, 18.651778063155227, 9.993165580444579]",5.020000000000011,100.0,0.0,"[50.0, 94.43615702109474, 94.43615702109471]",24
782,3834652190,settled,Rk4i_0009,unmatched,,"[-0.38796054467225627, -0.5034752546116924, -0.5498540153702292, 0.5419039080432375]","[-0.4996966517118046, -0.5003664203476711, -0.5000587296910566, 0.4998779536209176]","[477.6450915662176, 11.357813696629739, 7.346370546746632]",5.0600000000000245,100.0,0.0,"[50.0, 86.28181822950349, 86.28181822950351]",13
783,3919222154,settled,Rk4i_0009,unmatched,,"[-0.30245125319755284, -0.7544306213363382, -0.28171015049334985, 0.5098990764242572]","[-0.500242807185624, -0.5000218982895912, -0.4999162012832338, 0.4998189940212976]","[478.16394975750734, 11.35930933147447, 7.356729253871077]",5.070000000000028,100.0,0.0,"[50.0, 88.86381833536936, 88.86381833536937]",21
784,2928265615,settled,Rk4i_0012,unmatched,,"[-0.16044831560608788, -0.841189383199689, 0.29634351733816594, 0.4228915692502515]","[0.00023731983446267918, -0.7069057681382246, -0.0002444360130838818, 0.7073076550577114]","[478.31319507921563, 10.004561595012015, 7.346895722954315]",5.010000000000008,100.0,0.0,"[50.0, 92.28851400862641, 92.28851400862642]",29
785,1004255327,settled,Rk4i_0009,unmatched,,"[-0.7918552891140278, -0.48308124432092175, -0.12326100465448263, 0.3527101320051027]","[-0.5001476443455126, -0.4998830596971954, -0.5001950982479968, 0.49977407312913097]","[478.174150322992, 11.370799434770163, 7.351997184725414]",5.240000000000085,100.0,0.0,"[50.0, 94.48857773732023, 94.48857773732024]",22
786,4151959314,settled,Rk4i_0019,unmatched,,"[0.32961659258017734, -0.44109631094848434, 0.13135878999472297, -0.8243371971800095]","[-0.00030370700310544674, -0.7071066152555602, -0.0001598485237258862, -0.7071068638277604]","[477.9382896836659, 10.00187850069269, 7.65009839828843]",5.0900000000000345,100.0,0.0,"[50.0, 88.92566834637863, 88.92566834637864]",25
787,3643437407,settled,Rk4i_0011,unmatched,,"[-0.3679797931408954, 0.033329154626742165, 0.5756948008932865, 0.729421370345214]","[6.271847732480797e-05, -0.0001161782882538598, 0.7069910778685892, 0.7072224532515978]","[477.7791396272307, 7.3551572057344705, 11.352089976248546]",5.080000000000031,100.0,0.0,"[50.0, 89.55917302241359, 89.55917302241357]",36
788,193074623,settled,Rk4i_0010,unmatched,,"[0.333473225592462, 0.8262963374305321, -0.44231445523318763, -0.10192101477916964]","[0.499897585087943, 0.4999639116463241, -0.5000974965392212, -0.5000409837500852]","[478.0973681831484, 7.359095219964726, 10.003041061546327]",5.010000000000008,100.0,0.0,"[50.0, 93.65261573736163, 93.65261573736161]",34
789,1840744130,settled,Rk4i_0014,unmatched,,"[-0.003013295977485854, -0.9164638387372006, -0.385878694127883, -0.10574774585108596]","[-2.920582006679615e-06, -0.70714625549452, -0.7070673001286616, 8.012686442411555e-05]","[478.3442697182332, 11.347940652896105, 9.99428524278669]",5.100000000000038,100.0,0.0,"[50.0, 93.93178912623661, 93.93178912623662]",19
790,929367818,settled,Rk4i_0019,unmatched,,"[0.07689805139311431, 0.6194549874432171, -0.12913616986127133, 0.7705102581129122]","[-9.809613827904682e-06, 0.7069750325931804, -9.820027080384428e-05, 0.7072384983514047]","[478.1967451550827, 9.995752341043383, 7.63819527721415]",5.080000000000031,100.0,0.0,"[50.0, 88.2453774340384, 88.24537743403842]",33
791,911894422,settled,Rk4i_0006,unmatched,,"[-0.6982777647420497, -0.11412682446000724, 0.6869509496557707, 0.16577582445144326]","[-0.7070620676152997, 0.00017733368389963314, 0.7071514696947708, 9.31534723552785e-07]","[478.0829968866449, 10.012267024250503, 7.644083253239815]",5.1800000000000646,100.0,0.0,"[50.0, 85.59552895065757, 85.59552895065755]",23
792,2813630436,settled,Rk4i_0011,unmatched,,"[0.34525116620660357, 0.291654603545629, 0.2899276643120054, 0.8436119806701463]","[7.645891309801534e-05, 2.618711225266246e-05, 0.7072321992948963, 0.7069813362096441]","[478.18708601747556, 7.35842168454914, 11.347806043508422]",5.370000000000128,100.0,0.0,"[50.0, 91.4325714328703, 91.43257143287029]",34
793,3258326862,settled,Rk4i_0016,unmatched,,"[0.15155241457782917, 0.463115550262533, -0.8698966348433236, 0.07639173665339816]","[2.7164876457554595e-06, -8.565382996872373e-05, -0.9999999962887103, -8.866886579944545e-06]","[478.01800440714965, 10.00619784690977, 11.351214260322159]",5.010000000000008,100.0,0.0,"[50.0, 93.81635065878046, 93.81635065878048]",19
794,376402550,settled,Rk4i_0020,unmatched,,"[-0.26313053826577254, 0.4562496417490367, 0.7970160287942423, -0.29557407545469244]","[-0.49980937467217207, 0.5001014727801614, 0.5001706523376399, -0.49991841779740975]","[477.612644562257, 7.652466025873837, 9.997743155103683]",5.210000000000075,100.0,0.0,"[50.0, 88.72909928711256, 88.72909928711258]",21
795,3842851706,settled,Rk4i_0006,unmatched,,"[-0.6306123024957917, 0.1538519811917822, 0.7587299060057031, 0.054649991371421895]","[-0.7072506901110649, 0.0004021674229453266, 0.7069625704037973, 0.00047291314466446643]","[477.9136744707404, 10.012144859988835, 7.644271753657573]",5.140000000000051,100.0,0.0,"[50.0, 86.45989207598278, 86.45989207598278]",21
796,1816527500,settled,Rk4i_0021,unmatched,,"[-0.26996349254057417, -0.9012033727303118, -0.2599849606697233, -0.21762356007649683]","[-0.4998364207935695, -0.5000175739224763, -0.5001894726622388, -0.4999564677597702]","[478.0659195270065, 7.3597172497550725, 9.999797944508984]",5.080000000000031,100.0,0.0,"[50.0, 94.85844426372852, 94.85844426372853]",26
797,2293293225,settled,Rk4i_0019,unmatched,,"[-0.3936519694424518, 0.8116179663979275, -0.13515402938440954, 0.4099363266597991]","[2.303432249789461e-05, 0.7070283977879486, -0.00015010337119741868, 0.7071851395920339]","[477.5114743723494, 10.012056721931824, 7.641960645085122]",5.160000000000058,100.0,0.0,"[50.0, 94.10584149245182, 94.10584149245183]",27
798,349554575,settled,Rk4i_0011,unmatched,,"[0.04319524511180846, 0.011599100461029443, -0.6856641279883682, -0.726542727758097]","[0.0002697612230827262, 0.00024095439092108872, -0.706913410478255, -0.7073000065430978]","[478.18844837427457, 7.35077802852943, 11.350814692993097]",5.140000000000051,100.0,0.0,"[50.0, 85.12799897563544, 85.12799897563542]",29
799,1393430897,settled,Rk4i_0009,unmatched,,"[0.40293627404439963, 0.406187963639368, 0.6478008582825009, -0.5029987527441547]","[0.49999214906882306, 0.500034711887632, 0.4999223503125609, -0.5000507788564654]","[478.2534835358389, 11.35434746404405, 7.355530679253858]",5.1200000000000445,100.0,0.0,"[50.0, 87.40653357930408, 87.4065335793041]",22
800,2235878669,settled,Rk4i_0015,unmatched,,"[0.24249144715551083, -0.6473370825137739, 0.7223079800681069, -0.02058595610878343]","[-0.00016796363243070083, -0.7070303992408986, 0.7071831272068271, -0.00010455355750407261]","[477.9295243490544, 18.649508132704884, 10.00229875656184]",5.1500000000000545,100.0,0.0,"[50.0, 94.20195788916456, 94.20195788916458]",15
801,3616341429,settled,Rk4i_0008,unmatched,,"[-0.016108622453450877, 0.5241575278336051, -0.5047182381256154, 0.6857542551099413]","[-0.500223568053383, 0.49982016841826693, -0.49973412025205377, 0.5002219410043743]","[477.51739860441836, 7.6557060258515754, 10.001446144412977]",5.080000000000031,100.0,0.0,"[50.0, 92.48776936649038, 92.4877693664904]",27
802,2901890060,settled,Rk4i_0010,unmatched,,"[-0.5153234759328452, -0.7348465806857323, 0.43106836411443006, 0.09285625162953134]","[-0.5000232760380026, -0.4996665288635965, 0.5000899905328295, 0.5002200363065267]","[477.9164254987253, 7.361377227514102, 10.004456040946387]",5.1200000000000445,100.0,0.0,"[50.0, 93.7529042427686, 93.75290424276858]",26
803,903317644,settled,Rk4i_0010,unmatched,,"[0.3806152325204924, 0.3549790843641196, -0.42221367482912736, -0.7421977547962988]","[0.5000647589564179, 0.49992305638176626, -0.4999789909811373, -0.50003318202421]","[477.8538352877514, 7.352253468100067, 10.000045658530098]",5.260000000000091,100.0,0.0,"[50.0, 88.07132838857146, 88.07132838857144]",39
804,261748224,settled,Rk4i_0022,unmatched,,"[0.6073531994118689, -0.481676980220278, 0.5182685683491363, 0.36125762130559586]","[0.49968153809820837, -0.5000286736774834, 0.5000760854070031, 0.5002135491848991]","[477.81214828666543, 18.6436005068982, 7.35466219946233]",5.100000000000038,100.0,0.0,"[50.0, 94.5646696836261, 94.56466968362611]",22
805,3757485644,settled,Rk4i_0008,unmatched,,"[-0.46408639041706307, 0.12400900187034086, -0.7767306422281417, 0.40735132147648895]","[-0.499855375654798, 0.4997231968519287, -0.5001348083949625, 0.5002864213516327]","[477.9576016582239, 7.6500700271459126, 10.00441887514696]",5.050000000000021,100.0,0.0,"[50.0, 89.08937340006165, 89.08937340006166]",29
806,2459300321,settled,Rk4i_0016,unmatched,,"[-0.3023952662426782, 0.3237351264050331, -0.8489692368047562, -0.28810398443042556]","[8.01311675969081e-05, 0.00018554726074293537, -0.9999998896657223, -0.0004240515928865224]","[478.24323853340945, 10.010436537400265, 11.344339165676251]",5.230000000000081,100.0,0.0,"[50.0, 94.61171130703634, 94.61171130703636]",28
807,900242666,settled,Rk4i_0002,unmatched,,"[0.9362436743944617, 0.1817165933924474, -0.08337124411561313, -0.288922303564152]","[0.7070777932431327, 0.00011578497053077843, 6.774081602290882e-05, -0.707135755217797]","[477.72946569572406, 11.353990998423754, 10.000883461602406]",4.939999999999984,100.0,0.0,"[50.0, 94.08999819183576, 94.08999819183578]",17
808,328348858,settled,Rk4i_0010,unmatched,,"[-0.6190823838403996, -0.43170850451213133, 0.6501504533297416, 0.08757372428713266]","[-0.4999643240825161, -0.49993428483091906, 0.5000986522065713, 0.5000027235490634]","[478.21300840402245, 7.359234197297824, 10.00192169196202]",5.1200000000000445,100.0,0.0,"[50.0, 92.04383790720482, 92.04383790720483]",24
809,1553474154,settled,Rk4i_0007,unmatched,,"[0.10359371276990213, -0.7893752306748082, -0.4829995942980539, -0.36450854555079465]","[0.4998632354259137, -0.5000821192441263, -0.4998897163971671, -0.5001648641420156]","[477.8641398344302, 11.356824294511977, 7.65046062656192]",5.250000000000088,100.0,0.0,"[50.0, 89.73832484333191, 89.73832484333192]",27
810,1442494840,settled,Rk4i_0010,unmatched,,"[0.31201293868009317, 0.50003338073906, -0.7536486285584268, -0.29090941702681444]","[0.5001573253742654, 0.5001163115114163, -0.4998564649461271, -0.49986982234001537]","[477.994983376099, 7.34094626139099, 9.993932888388905]",5.210000000000075,100.0,0.0,"[50.0, 92.20603669724723, 92.20603669724724]",32
811,3990831217,settled,Rk4i_0008,unmatched,,"[0.2733426921134199, -0.7015874727139076, 0.6366695552613991, -0.16646521619350974]","[0.5000356402187094, -0.5000817387317729, 0.500267351392869, -0.4996150420358018]","[478.28289740388055, 7.651175920713492, 9.997123930240093]",5.190000000000068,100.0,0.0,"[50.0, 92.6254313564224, 92.62543135642241]",29
812,2431699989,settled,Rk4i_0013,unmatched,,"[0.17344721513629868, 0.1827432617709468, 0.5962854258550948, -0.7622103743400414]","[-0.0002586750228809609, 0.00016897304759216913, 0.7071021418951261, -0.7071113529442635]","[477.53645920630186, 7.655440667571198, 11.351426690709168]",5.160000000000058,100.0,0.0,"[50.0, 86.93935965855988, 86.9393596585599]",27
813,1926362747,settled,Rk4i_0003,unmatched,,"[0.8047503699102742, -0.5172269162450497, -0.11253861894396196, 0.26867865283103326]","[0.70697156816279, -0.7072419537110738, -5.71037443397593e-06, -0.0001438324738455843]","[478.02193876790477, 7.648871665923754, 18.64667579224956]",5.0600000000000245,100.0,0.0,"[50.0, 94.39442559393368, 94.39442559393369]",26
814,2263480944,settled,Rk4i_0015,unmatched,,"[-0.026306953825207702, -0.8321721463338888, 0.5135298938644082, -0.2075680879954735]","[-0.00015594630581801925, -0.7072159444602341, 0.7069975831175762, -3.237089348959773e-05]","[478.2575513302954, 18.64371459873355, 10.00219853766729]",4.990000000000001,100.0,0.0,"[50.0, 94.85989923205155, 94.85989923205153]",25
815,2732533349,settled,Rk4i_0001,unmatched,,"[0.9574942959753904, 0.11604176436625958, -0.09067729522294143, 0.2480254225445619]","[0.9999999865740665, -1.8616057299820585e-05, -2.907600468354209e-05, -0.00016018706333748026]","[477.54981369827567, 10.008079238483802, 18.647519007517786]",5.1800000000000646,100.0,0.0,"[50.0, 95.06492256652541, 95.06492256652542]",23
816,789762371,settled,Rk4i_0010,unmatched,,"[0.4310996061007461, 0.2904541347288934, -0.6141148610307922, -0.5938454872269402]","[0.5001026748303288, 0.4998355407733327, -0.49989775381214496, -0.5001639556594945]","[477.5942731931207, 7.362072356322181, 10.00077022358519]",5.270000000000095,100.0,0.0,"[50.0, 88.02632431327251, 88.02632431327253]",24
817,857415767,settled,Rk4i_0008,unmatched,,"[0.4929514726326843, -0.5214882517666204, 0.27904449074365084, -0.6381089413918899]","[0.5000568255927468, -0.5000027685112204, 0.5001950474754441, -0.49974525224383953]","[477.7836037399703, 7.64641325668511, 9.99699049272458]",5.100000000000038,100.0,0.0,"[50.0, 86.78572078446842, 86.78572078446841]",28
818,1814279234,settled,Rk4i_0013,unmatched,,"[0.06752254297908439, 0.2422686337739487, 0.9010294106317556, -0.3534014946990646]","[-0.0001920706702261965, 0.0005413698877394235, 0.7068585227011216, -0.7073547192973907]","[477.9355793046073, 7.656342477881651, 11.351524530344083]",5.230000000000081,100.0,0.0,"[50.0, 89.15636532216956, 89.15636532216956]",32
819,790041088,settled,Rk4i_0006,unmatched,,"[0.7935730239832247, -0.23344936952655115, -0.5048092129096586, 0.24680134933850478]","[0.7071156552604263, 3.666722102624309e-05, -0.7070979049051707, -4.024737531732603e-05]","[478.14982188319266, 10.006482405713227, 7.643196640061656]",5.050000000000021,100.0,0.0,"[50.0, 91.10218826022341, 91.10218826022343]",22
820,315618556,settled,Rk4i_0009,unmatched,,"[0.012552934920398582, 0.8480138297868738, 0.36518308059114246, -0.3838701420598461]","[0.5000453646388818, 0.5001429561377813, 0.5000274146906739, -0.49978419471476887]","[477.590504288592, 11.364791206809407, 7.348909560729674]",4.979999999999998,100.0,0.0,"[50.0, 91.8412418602015, 91.84124186020152]",27
821,3269845912,settled,Rk4i_0006,unmatched,,"[0.7777716428001235, 0.1283811862612407, -0.44555779470696755, 0.4243439574755573]","[0.7072520997702735, -3.47125420246952e-05, -0.7069612787238345, -0.0004653501256177972]","[478.325934756124, 10.0093894661114, 7.642302654762073]",5.0900000000000345,100.0,0.0,"[50.0, 94.5868252339889, 94.5868252339889]",30
822,3522819498,settled,Rk4i_0019,unmatched,,"[0.13041023961018636, -0.7145137268385542, -0.15145017210366415, -0.6704671124923759]","[0.0002738949595587347, -0.7070870364070593, -0.0003009130088702238, -0.7071264083443598]","[478.01944569422824, 10.011073894534498, 7.647443632133298]",5.020000000000011,100.0,0.0,"[50.0, 86.47677561790842, 86.4767756179084]",20
823,3738436170,settled,Rk4i_0006,unmatched,,"[0.2742912649506295, -0.2822096081700994, -0.8912861599283453, 0.22523547710883984]","[0.7071699911477584, -0.0002582295760783504, -0.7070435130863744, -8.683342258408722e-05]","[478.1999409962023, 10.012679141168368, 7.648551327648715]",5.420000000000145,100.0,0.0,"[50.0, 89.57916683036983, 89.57916683036984]",25
824,410172629,settled,Rk4i_0010,unmatched,,"[0.3546157266565474, 0.013883879429048904, -0.6309730588490037, -0.6898752954748997]","[0.5001221937161288, 0.5000584742378834, -0.4999457076860571, -0.4998735870815089]","[478.2741576039562, 7.353950876910863, 10.004803375879154]",5.320000000000111,100.0,0.0,"[50.0, 89.54663569635666, 89.54663569635667]",36
825,3404775389,settled,Rk4i_0002,unmatched,,"[0.6021409344898768, -0.06674626191403271, 0.5214703782369879, -0.6008659385865817]","[0.7071998459326478, 0.00026684502222252887, 0.00013635030562931432, -0.70701364068536]","[477.61579450454724, 11.354776779023041, 9.997128745528041]",5.1200000000000445,100.0,0.0,"[50.0, 88.23149619034739, 88.23149619034737]",22
826,869269750,settled,Rk4i_0021,unmatched,,"[-0.15468769276196398, -0.9115211001983778, -0.20989464635174815, -0.31803339295425204]","[-0.5003072328312932, -0.4999711866438893, -0.4999935167674515, -0.49972789445168236]","[478.01511477825653, 7.355759306706884, 9.996302563948518]",5.220000000000078,100.0,0.0,"[50.0, 94.69057647826985, 94.69057647826986]",31
827,2991429464,settled,Rk4i_0002,unmatched,,"[-0.5489088942851251, -0.4032734075502577, 0.03768896459558421, 0.7311970503805372]","[-0.706989268088712, -0.00020332595624874528, 0.00026155773352014305, 0.707224197163456]","[477.9705628959275, 11.352703515909567, 9.99925457204452]",4.959999999999991,100.0,0.0,"[50.0, 89.08439109679631, 89.08439109679632]",25
828,2771908924,settled,Rk4i_0006,unmatched,,"[-0.7389579476458161, 0.3421219953129573, 0.5776396756246475, -0.05679874187353187]","[-0.7068962176406106, 0.0001249975448004148, 0.707317256412335, 0.0001436744221395836]","[477.80353113517003, 10.012477848590263, 7.638795295191473]",5.070000000000028,100.0,0.0,"[50.0, 89.816592266569, 89.81659226656902]",24
829,255470810,settled,Rk4i_0007,unmatched,,"[-0.9154696723146558, -0.164181234465625, 0.007536104595736204, 0.36729144891892374]","[-0.4997710497489123, 0.5002691197370459, 0.4998158439118294, 0.5001438071645966]","[478.08531325740825, 11.368419776162451, 7.649943982295225]",4.879999999999964,100.0,0.0,"[50.0, 93.86027463245587, 93.86027463245586]",20
830,2021639551,settled,Rk4i_0013,unmatched,,"[-0.34543261414584014, 0.05210044336923012, 0.3432315446139134, -0.8718680861615752]","[4.307951953017031e-05, -0.00040922027973255837, 0.7071584847568115, -0.707054954101425]","[478.3960796560229, 7.65415523650119, 11.349624061527246]",5.0900000000000345,100.0,0.0,"[50.0, 93.38542308333555, 93.38542308333557]",26
831,651020664,settled,Rk4i_0019,unmatched,,"[0.0756818332635065, -0.774085924955174, 0.18955994400860776, -0.5992747854929498]","[0.0001082742041808582, -0.7071188129949841, -2.0106212247406052e-05, -0.7070947405977516]","[478.3056222044749, 10.00157371805375, 7.64454513616589]",5.0600000000000245,100.0,0.0,"[50.0, 88.291838508728, 88.29183850872802]",33
832,2521713783,settled,Rk4i_0005,unmatched,,"[-0.5065582247263176, -0.04434755212228694, -0.8534016420621019, -0.11461979283086583]","[-0.707035559476366, 0.00039348671137684477, -0.7071778795560104, 9.731811265650814e-05]","[477.9716476809879, 9.999755960090406, 7.347537385201252]",5.000000000000004,100.0,0.0,"[50.0, 86.39320337059759, 86.39320337059758]",26
833,1390613592,settled,Rk4i_0006,unmatched,,"[-0.31808432194865294, -0.360744281429727, 0.8330604728818863, -0.27330601176707336]","[-0.7073041171358977, -0.00032547046414457825, 0.7069092573878151, 0.0002859562783688596]","[478.0388394021966, 10.005805508989024, 7.642960944753764]",5.320000000000111,100.0,0.0,"[50.0, 94.7917561648667, 94.79175616486671]",14
834,2201560545,settled,Rk4i_0004,unmatched,,"[-0.49268336303607696, -0.8575563518653537, -0.1364275913741798, 0.05698876621481443]","[-0.7072660999786167, -0.706947389967482, -1.6048068557455997e-05, 0.00022667523478886453]","[477.5743535455033, 7.358295172433023, 18.649450164800648]",5.050000000000021,100.0,0.0,"[50.0, 94.02902576162424, 94.02902576162425]",37
835,1733610838,settled,Rk4i_0001,unmatched,,"[0.933328729096697, 0.24078483671468087, 0.094274575342167, 0.2490631451963197]","[0.999999982400839, -3.11487941550528e-05, 0.00015305177839680358, -0.00010393857556439956]","[478.205871663932, 9.997792611560284, 18.65059811640136]",5.0900000000000345,100.0,0.0,"[50.0, 94.22890277220364, 94.22890277220365]",26
836,4057973372,settled,Rk4i_0005,unmatched,,"[-0.9362565697560981, -0.3191572023110337, -0.1386331679133244, 0.048406203691826986]","[-0.7070899287246697, -0.0002789454112707146, -0.7071235640343265, 0.0001416791833913078]","[477.93561426515066, 10.012031535790356, 7.347514083295359]",5.280000000000098,100.0,0.0,"[50.0, 92.71212332103767, 92.71212332103768]",26
837,1049088550,settled,Rk4i_0020,unmatched,,"[-0.2985014385404711, 0.8416771729573497, 0.24460506638696494, -0.3776834510666589]","[-0.49983258295552246, 0.4999496241894827, 0.5001706255364693, -0.5000471054203424]","[478.26774232217537, 7.654166532515785, 10.003410316052582]",5.1200000000000445,100.0,0.0,"[50.0, 93.78077259757704, 93.78077259757706]",23
838,4151715388,settled,Rk4i_0016,unmatched,,"[-0.05848826288872228, 0.33353550026198525, -0.9360448600269542, 0.09567242646847915]","[-9.499982832796677e-05, -1.9281183041286454e-06, -0.9999999659140338, -0.0002431938452487114]","[477.572361195634, 10.009350044980582, 11.35277372258492]",5.1200000000000445,100.0,0.0,"[50.0, 93.40590967122098, 93.405909671221]",30
839,1058135528,settled,Rk4i_0007,unmatched,,"[-0.3686608373472068, 0.16863467661175469, 0.398686593963824, 0.8226180964724944]","[-0.49996421023611193, 0.5001953851029596, 0.499819798617895, 0.5000205336926171]","[477.8164537698522, 11.355412911512538, 7.636098829217155]",5.0600000000000245,100.0,0.0,"[50.0, 89.42129024438196, 89.42129024438198]",21
840,3093900153,settled,Rk4i_0021,unmatched,,"[0.3030056044096427, 0.42204349005597586, 0.2242803135340926, 0.8244787669544726]","[0.5000703204949564, 0.499890561529318, 0.4998862010725901, 0.5001528636638892]","[478.3390789700799, 7.362767140422596, 9.991769336910005]",5.100000000000038,100.0,0.0,"[50.0, 90.25567186257005, 90.25567186257007]",25
841,728316358,settled,Rk4i_0004,unmatched,,"[0.3840331144981177, 0.9003152367821304, -0.19825093141067207, 0.05145492767085645]","[0.7074489878913204, 0.706764295715864, 1.708216405837959e-05, -0.0003994258441188947]","[478.1069251940318, 7.357406531236358, 18.641777153003844]",5.050000000000021,100.0,0.0,"[50.0, 94.841507018556, 94.84150701855602]",30
842,4246793081,settled,Rk4i_0022,unmatched,,"[-0.5487920213062103, 0.4448274047159202, -0.09678850678790442, -0.7011332842749022]","[-0.5000441793768823, 0.49990339877239337, -0.4998852346073044, -0.5001671348546507]","[477.5136093881481, 18.64841626320468, 7.3496459529867]",5.250000000000088,100.0,0.0,"[50.0, 95.15181462321107, 95.15181462321108]",31
843,1208846367,settled,Rk4i_0019,unmatched,,"[-0.4269867495516249, -0.6814935301266007, -0.04209566062964502, -0.5928548215702353]","[-0.00022458043714232437, -0.7071493233240725, -2.6836550331699186e-05, -0.7070642003140403]","[478.3747775116397, 10.011520505239579, 7.6475757721848465]",5.260000000000091,100.0,0.0,"[50.0, 92.04663387739569, 92.0466338773957]",36
844,2094361518,settled,Rk4i_0006,unmatched,,"[0.454999045629448, 0.15518384815777372, -0.8447071013896332, 0.23529503736619822]","[0.7071554425109906, -0.0003226597653919472, -0.7070579603288721, 0.00034169187267357737]","[478.20078094611347, 10.004071933946923, 7.6402620001181925]",5.250000000000088,100.0,0.0,"[50.0, 91.96339178483625, 91.96339178483623]",27
845,1813902428,settled,Rk4i_0008,unmatched,,"[-0.37122801695149316, 0.3149778818305276, -0.536490794779554, 0.6893158350891256]","[-0.4999367664809106, 0.5001245298819109, -0.500083368085742, 0.49985528815351093]","[478.26199443225636, 7.655102023858593, 10.005173988536027]",5.070000000000028,100.0,0.0,"[50.0, 87.45348800832286, 87.45348800832285]",31
846,256306198,settled,Rk4i_0008,unmatched,,"[0.6027470823016317, -0.5832330633428373, 0.031765834920367934, -0.5436231050391547]","[0.5000196168735866, -0.4999242024528781, 0.49986702916940295, -0.5001890919370402]","[478.2074283244209, 7.649067353822985, 10.002259278591886]",5.250000000000088,100.0,0.0,"[50.0, 91.77906528829062, 91.77906528829064]",20
847,1252793217,settled,Rk4i_0021,unmatched,,"[-0.3428014306370549, -0.38046800862750096, -0.40789653833367195, -0.7558780904217424]","[-0.500143690573414, -0.5000285726930456, -0.49987907449585584, -0.49994862351178376]","[477.70924775208476, 7.372180826400476, 10.004110963959105]",5.0900000000000345,100.0,0.0,"[50.0, 88.65399044691233, 88.65399044691235]",25
848,3006607485,settled,Rk4i_0021,unmatched,,"[-0.44749560199152477, -0.48362124840305704, -0.7378950366888786, -0.14618169899556457]","[-0.500103107696356, -0.49999014339570796, -0.49996983903714, -0.4999368942504272]","[478.1624099871386, 7.359103846644472, 10.000287990205301]",5.0300000000000145,100.0,0.0,"[50.0, 88.991633018673, 88.99163301867299]",23
849,2867213443,settled,Rk4i_0006,unmatched,,"[0.5874113053436852, 0.05635745471717812, -0.8002026813813683, 0.10699282388224654]","[0.7070098298652927, 0.00015478432209048432, -0.7072037022578652, -5.332196678309309e-06]","[477.60650614967034, 10.00032962867544, 7.647839261416915]",5.170000000000061,100.0,0.0,"[50.0, 87.24724328547661, 87.2472432854766]",20
850,2495832973,settled,Rk4i_0019,unmatched,,"[0.3262025162052073, -0.6578051041473078, 0.17771235512448658, -0.6552119368687124]","[2.713119252248375e-05, -0.7071746374504246, 0.00013945955861829895, -0.7070389041359679]","[478.21078138840033, 10.002824327199715, 7.6445599431892335]",5.170000000000061,100.0,0.0,"[50.0, 87.21167548609152, 87.21167548609151]",17
851,265160720,settled,Rk4i_0002,unmatched,,"[0.8435873026476047, -0.3709199350210046, -0.02365782574005351, -0.3875811810408313]","[0.7069966571160102, -0.00017529728402929226, 0.00018356883395613774, -0.7072168425597146]","[477.8482546017661, 11.353005762907538, 9.996215092108965]",5.320000000000111,100.0,0.0,"[50.0, 94.60273890185479, 94.6027389018548]",17
852,1758450250,settled,Rk4i_0004,unmatched,,"[0.9413323467127771, 0.30018672090032433, -0.15370639037251485, 0.01247762741785174]","[0.7072130909802449, 0.7070004532296451, -5.2910022198621176e-05, -1.6726443439252225e-05]","[478.2552318124449, 7.346468770808825, 18.64050141273163]",5.210000000000075,100.0,0.0,"[50.0, 93.42973306642773, 93.42973306642774]",24
853,2129291007,settled,Rk4i_0014,unmatched,,"[-0.03753887711357162, 0.6384621255893187, 0.6921458417195642, 0.33450124167682416]","[0.0002914681790788605, 0.7070071472559729, 0.7072063195414672, 0.00017428678631645615]","[478.22279002036055, 11.358944129170663, 9.999829328343033]",5.0600000000000245,100.0,0.0,"[50.0, 87.02628420094405, 87.02628420094406]",27
854,3856770388,settled,Rk4i_0014,unmatched,,"[-0.25213650424446543, -0.701757853708884, -0.6657290505739787, -0.0277115356331983]","[8.45410415414781e-05, -0.7069606052865355, -0.7072529017476107, 0.00016850902757021096]","[477.9485381891887, 11.360234517372463, 9.997838625817622]",5.140000000000051,100.0,0.0,"[50.0, 86.46658141641758, 86.4665814164176]",24
855,1491966553,settled,Rk4i_0009,unmatched,,"[-0.6096693218837025, -0.4457254391332099, -0.5365245649855478, 0.37652827520711146]","[-0.49993520305589373, -0.4999744781010437, -0.5002154290861287, 0.4998748228279071]","[478.32540454485866, 11.351353177960332, 7.35548914061779]",5.080000000000031,100.0,0.0,"[50.0, 87.56858125952402, 87.56858125952404]",17
856,1018470395,settled,Rk4i_0021,unmatched,,"[0.4554128693224524, 0.3307092876332764, 0.45886088160517285, 0.6875152193668916]","[0.5000808246372631, 0.500015152480338, 0.4998489614302319, 0.5000550288491239]","[478.09380163253485, 7.356599099535498, 9.997673072501039]",5.0600000000000245,100.0,0.0,"[50.0, 87.2240116095196, 87.22401160951961]",29
857,752446852,settled,Rk4i_0006,unmatched,,"[-0.7753197505773834, -0.339162850235583, 0.5320819122821735, -0.02714192341829914]","[-0.7069246516431144, 6.493971852716829e-05, 0.7072888471823255, 0.00013904528542726946]","[478.06346009466307, 10.005791234473945, 7.642085635470173]",5.0600000000000245,100.0,0.0,"[50.0, 91.56559131972918, 91.5655913197292]",23
858,3085755170,settled,Rk4i_0010,unmatched,,"[0.2870725734139959, 0.25024436237980596, -0.6767794375637842, -0.6300291180425219]","[0.4999433817260707, 0.4999564957450096, -0.4998085901234378, -0.5002914057521797]","[478.01703227618214, 7.365881933069426, 9.997577490794102]",5.270000000000095,100.0,0.0,"[50.0, 88.33439246948721, 88.3343924694872]",35
859,285489008,settled,Rk4i_0017,unmatched,,"[0.3494928370664176, -0.07694225131568626, 0.0618235084376707, -0.931725550044753]","[3.41440686150718e-05, 0.00016054159885033002, -2.7432462154237518e-05, -0.9999999861540189]","[477.919382106191, 10.006404546766786, 11.350217076938739]",5.130000000000048,100.0,0.0,"[50.0, 88.76861079220623, 88.76861079220625]",23
860,3332121111,settled,Rk4i_0016,unmatched,,"[0.3402458092039916, 0.33697252244392834, -0.8027813352863759, 0.3552807849472308]","[-2.560104595865982e-05, 0.00012149463687993745, -0.9999999793593521, 0.00016082579140390667]","[478.28292578892234, 10.009830443232094, 11.349040340154358]",5.160000000000058,100.0,0.0,"[50.0, 95.1212175747589, 95.12121757475892]",36
861,4081109628,settled,Rk4i_0011,unmatched,,"[-0.12945047511210567, 0.16348273552005468, 0.7041245185904645, 0.6787669938939845]","[0.0001331602813225696, 7.559183916591715e-05, 0.7071641307648029, 0.7070494103765833]","[478.3039480709795, 7.354612176669442, 11.358159786849491]",5.0900000000000345,100.0,0.0,"[50.0, 86.71129220051492, 86.7112922005149]",31
862,3384837160,settled,Rk4i_0017,unmatched,,"[0.2687275791925676, -0.16483984670014942, -0.14897767382090257, -0.9372400790747728]","[-0.00011682943325780348, -0.00013384865213911064, 0.00021275309118211447, -0.9999999615857713]","[478.05771287324507, 10.007385806537929, 11.348329071037208]",5.130000000000048,100.0,0.0,"[50.0, 89.32724028883246, 89.32724028883244]",21
863,3022828123,settled,Rk4i_0018,unmatched,,"[0.3539696974690416, 0.8967636949489357, -0.13840987716161407, -0.22663414261605436]","[5.225415045014524e-05, 0.9999999671626307, -4.7609532523584797e-05, 0.0002463281830633355]","[477.69331514225286, 10.002216261639152, 18.653847713423655]",5.260000000000091,100.0,0.0,"[50.0, 95.0838793737292, 95.08387937372922]",21
864,2197473996,settled,Rk4i_0006,unmatched,,"[-0.29618725117093264, 0.23096601621633117, 0.8837445268345094, 0.27914767218627]","[-0.7069346809574074, 0.0004913317076377377, 0.7072786684420551, -2.4892471203102895e-05]","[477.5023177332337, 10.00516364619926, 7.6453930947031905]",5.260000000000091,100.0,0.0,"[50.0, 89.21866528616843, 89.21866528616845]",31
865,2371567213,settled,Rk4i_0006,unmatched,,"[-0.8719734789042677, -0.21012196795995688, 0.2727863314750347, -0.3479922815647152]","[-0.7069414992821759, 0.0003806562316402973, 0.7072717845999674, 0.0004409107394975354]","[478.2052870702093, 10.021561976531782, 7.64098031380412]",5.010000000000008,100.0,0.0,"[50.0, 94.15907155301558, 94.1590715530156]",28
866,292549026,settled,Rk4i_0009,unmatched,,"[-0.41240616483951276, -0.35153133331546, -0.1763722075237171, 0.8217297130523091]","[-0.5000842550605733, -0.4998173529080947, -0.4999200351819616, 0.5001782782130016]","[478.27291265350647, 11.349535693006, 7.346181465425102]",5.1500000000000545,100.0,0.0,"[50.0, 88.25123355929499, 88.251233559295]",22
867,94154559,settled,Rk4i_0011,unmatched,,"[-0.23853106088105577, -0.31041063527998763, -0.7544951487540574, -0.5267686788397972]","[1.5046587855060967e-05, -3.2624019484700506e-05, -0.706951518897195, -0.7072620084793348]","[478.3713385992073, 7.351623894334231, 11.345833294607802]",5.230000000000081,100.0,0.0,"[50.0, 88.02230244409579, 88.02230244409577]",31
868,2674077932,settled,Rk4i_0017,unmatched,,"[0.24002683723339482, 0.1464301042618074, 0.022173247800655688, 0.9594027772815652]","[2.371863693262366e-05, -0.000316223967652787, -0.000512397245174932, 0.9999998184444294]","[477.657943565988, 10.010729678453036, 11.355188346587367]",5.110000000000041,100.0,0.0,"[50.0, 90.84588820311585, 90.84588820311586]",26
869,616383569,settled,Rk4i_0004,unmatched,,"[-0.8750405999561124, -0.41172617187828964, 0.07875326495354029, -0.2420401435259313]","[-0.7069607121027237, -0.7072528195923815, -3.537667573050296e-06, -2.6633081194521457e-05]","[478.2494319560049, 7.363013930439321, 18.650134676795556]",5.070000000000028,100.0,0.0,"[50.0, 95.10782695933429, 95.10782695933428]",30
870,1209062005,settled,Rk4i_0022,unmatched,,"[0.701149044596514, -0.4604335593045607, 0.20497041658198253, 0.5043590814625407]","[0.5002667217521792, -0.5000569645892255, 0.5000045222653527, 0.49967160914678166]","[478.033116345049, 18.650429964934865, 7.3513950803201915]",5.1200000000000445,100.0,0.0,"[50.0, 93.44819353707953, 93.44819353707955]",16
871,3023774950,settled,Rk4i_0010,unmatched,,"[0.35215076468575207, 0.07578336168804366, -0.4051888740909775, -0.8402789401950909]","[0.4996657124093688, 0.49999095808045324, -0.4999905396601942, -0.5003525536364698]","[477.5712648496389, 7.343792944297101, 10.002251609276502]",5.410000000000141,100.0,0.0,"[50.0, 88.85724522501499, 88.857245225015]",27
872,711993328,settled,Rk4i_0015,unmatched,,"[0.14145945968594764, -0.730383443588849, 0.6302754560840633, 0.22199571179344949]","[0.0001376940463993634, -0.707075207552895, 0.7071382989520917, 0.0002409554368290638]","[477.5555069074306, 18.656186575073743, 10.006617221129193]",5.200000000000071,100.0,0.0,"[50.0, 93.24398734216534, 93.24398734216535]",23
873,2494180298,settled,Rk4i_0008,unmatched,,"[0.5054583382569515, -0.6799397746818389, 0.34407924974820103, -0.4047261308401603]","[0.49998719267879166, -0.4999335927032883, 0.5001007260988322, -0.49997847333598744]","[477.8468159092358, 7.644605299894715, 10.00074673913233]",5.100000000000038,100.0,0.0,"[50.0, 91.15328764444205, 91.15328764444203]",43
874,2540672877,settled,Rk4i_0005,unmatched,,"[0.776589373390443, -0.15424382296249706, 0.6104496590694767, -0.02165645300857539]","[0.7072672777293805, 3.311875158251709e-05, 0.7069461319472035, 0.0004040808174335109]","[477.66447880159564, 10.002441813419583, 7.353119656913173]",5.170000000000061,100.0,0.0,"[50.0, 87.14402588928046, 87.14402588928044]",19
875,3729267110,settled,Rk4i_0010,unmatched,,"[-0.3886037083533229, -0.7035834699448852, 0.5934766828956262, 0.041747880587701035]","[-0.499959099309341, -0.5000723292704864, 0.5000558502830648, 0.4999127034927836]","[477.5786362213335, 7.35439472150967, 10.000703482064061]",5.0600000000000245,100.0,0.0,"[50.0, 92.12895390841818, 92.12895390841817]",22
876,2245489004,settled,Rk4i_0024,unmatched,,"[-0.7698115704787045, -0.1622092770394392, 0.35841225589542, -0.5026121280106651]","[-0.7068833758036086, 9.729419017852303e-05, -4.313225321901912e-05, -0.7073301080018746]","[477.6906522098071, 18.658633189591033, 9.99659238141595]",5.1200000000000445,100.0,0.0,"[50.0, 94.57614891874243, 94.57614891874242]",19
877,732591320,settled,Rk4i_0007,unmatched,,"[0.5805538513683136, -0.32809511427750826, -0.26803236022996346, -0.6953196930320625]","[0.5001237449106681, -0.5002605485237275, -0.4999018905309816, -0.4997136412094618]","[478.10234713503, 11.357484892923118, 7.634102701945232]",5.040000000000018,100.0,0.0,"[50.0, 86.14967559028368, 86.14967559028369]",22
878,20080919,settled,Rk4i_0009,unmatched,,"[0.34744503420333317, 0.4507829125682593, 0.8124848224943764, -0.12627401617198783]","[0.5000600279254506, 0.4997971130683803, 0.5002319968596841, -0.4999107555929193]","[478.24809381696207, 11.351716665590706, 7.34927087070357]",5.050000000000021,100.0,0.0,"[50.0, 88.43371397871074, 88.43371397871076]",20
879,1914700835,settled,Rk4i_0006,unmatched,,"[0.8827138027193332, -0.15349909388919725, -0.3389577734260767, 0.2869878020021166]","[0.7071582439699241, -0.00011008340183052412, -0.7070553027787763, -6.840636786747956e-05]","[478.200685800751, 10.002708497836576, 7.6456168097913135]",5.0600000000000245,100.0,0.0,"[50.0, 94.01115645338422, 94.01115645338423]",22
880,910532442,settled,Rk4i_0007,unmatched,,"[-0.7578845855451424, 0.5991817817734482, 0.25731973936574776, 0.019460193128720063]","[-0.5000047662370778, 0.4999920218645406, 0.4995682326775297, 0.5004346038309737]","[478.04740603065795, 11.364158750437703, 7.653510651554933]",5.140000000000051,100.0,0.0,"[50.0, 94.82455946476635, 94.82455946476637]",20
881,305688743,settled,Rk4i_0003,unmatched,,"[0.5088588775201294, -0.8379428703504597, 0.13612036932205998, 0.142778268141243]","[0.7075041971020575, -0.7067091155280723, -0.00019242114220108242, -9.306293420552336e-06]","[478.21456825402345, 7.642955144715781, 18.63917713631103]",5.0600000000000245,100.0,0.0,"[50.0, 93.5137087065489, 93.51370870654891]",21
882,3833901011,settled,Rk4i_0002,unmatched,,"[0.6658115689949964, -0.5720634512106734, -0.07775283095098386, -0.4726445383800201]","[0.707265966703148, -0.00030396205609493383, -0.00012429494937226795, -0.7069474835525589]","[477.84660198875275, 11.356371044324838, 10.008293655163234]",5.270000000000095,100.0,0.0,"[50.0, 93.13258199620115, 93.13258199620114]",13
883,940842501,settled,Rk4i_0017,unmatched,,"[-0.15476270569017284, 0.261752323020326, -0.1287733230575111, 0.9439023559614871]","[0.0003018471131759348, -0.0001540188892518839, -0.0003761948745910575, 0.999999871821951]","[478.0795616037101, 10.004770797384232, 11.351489945610169]",5.220000000000078,100.0,0.0,"[50.0, 89.03274817164215, 89.03274817164214]",21
884,2720272236,settled,Rk4i_0003,unmatched,,"[-0.9339430194929941, 0.33644656385373783, -0.05642516677177487, -0.10663182717228038]","[-0.7074385399972687, 0.7067748598408345, -9.028068715546954e-05, -3.8378368234392994e-05]","[478.23943640378184, 7.650482575454837, 18.65262085547228]",5.070000000000028,100.0,0.0,"[50.0, 93.73063072062591, 93.7306307206259]",16
885,2174765832,settled,Rk4i_0008,unmatched,,"[0.7584658715267024, -0.4700288327205854, 0.10017222663587377, -0.44019080311993675]","[0.5001314443534072, -0.499961302866855, 0.49994419641478866, -0.4999630331092719]","[478.11201309667604, 7.6483117255962565, 10.004131444192453]",5.240000000000085,100.0,0.0,"[50.0, 93.37904302396143, 93.37904302396144]",33
886,1061608303,settled,Rk4i_0020,unmatched,,"[-0.4689307766989574, 0.36625135030648165, 0.7222223966399722, -0.35264526773346316]","[-0.49998290688068, 0.5000054046999236, 0.5001318245903682, -0.4998798316894971]","[477.7263441107102, 7.6736669789373755, 10.003705640400387]",5.240000000000085,100.0,0.0,"[50.0, 87.82642911656625, 87.82642911656623]",24
887,3154141855,settled,Rk4i_0010,unmatched,,"[0.27090988559165213, 0.4422585803127909, -0.7396988208773515, -0.4287899677243961]","[0.49978814933118265, 0.500079776709748, -0.49993740000929554, -0.5001945809242496]","[478.0179604569704, 7.356617114937479, 10.00835626218954]",5.220000000000078,100.0,0.0,"[50.0, 89.41679705624303, 89.41679705624301]",35
888,2921790412,settled,Rk4i_0010,unmatched,,"[0.3416504075113855, 0.18124356735981575, -0.5118659550465788, -0.7670847491654661]","[0.500052073110501, 0.5000093508677285, -0.49982481627622516, -0.5001137133264404]","[477.77125337323, 7.362309066043193, 10.002006952126912]",5.340000000000118,100.0,0.0,"[50.0, 88.31191482461122, 88.31191482461121]",25
889,2154312058,settled,Rk4i_0007,unmatched,,"[0.7256893593025631, -0.20402254438647918, -0.37672815407176513, -0.5383545793496913]","[0.4996723918835742, -0.5000916575492891, -0.5003179303332601, -0.499917796668608]","[477.5608564172953, 11.352975355540853, 7.64848974076819]",5.0300000000000145,100.0,0.0,"[50.0, 87.5019049025171, 87.50190490251708]",25
890,3592569166,settled,Rk4i_0007,unmatched,,"[0.10273452874389172, -0.7756451790115862, -0.5748782509724327, -0.2394476340219959]","[0.499706674220017, -0.4999960547789406, -0.5000495291846, -0.5002475920059228]","[478.29573714101434, 11.35858168453733, 7.650464689210174]",5.250000000000088,100.0,0.0,"[50.0, 89.06417588541102, 89.064175885411]",24
891,1454938154,settled,Rk4i_0019,unmatched,,"[-0.16718081934912513, 0.4446266140871033, -0.15011444180695008, 0.8670775063673264]","[0.00014739225696136504, 0.7070968646733912, 2.3146306700777552e-05, 0.7071166818204978]","[477.9152805557318, 10.00577263497565, 7.647356341822994]",4.969999999999994,100.0,0.0,"[50.0, 88.68588897875806, 88.68588897875807]",26
892,1296548187,settled,Rk4i_0007,unmatched,,"[0.31314276895349097, -0.5781882807260639, -0.5626663257674945, -0.5010454312040842]","[0.5000816395333382, -0.4998231791991184, -0.49982373554273346, -0.5002713031196594]","[478.2464126043087, 11.356722667114804, 7.647062754834121]",5.170000000000061,100.0,0.0,"[50.0, 86.84944947622796, 86.84944947622797]",16
893,4254865545,settled,Rk4i_0010,unmatched,,"[-0.5867148895206743, -0.6821284832765666, 0.3941724191729146, 0.18733519338588187]","[-0.5000480075523526, -0.499992673626108, 0.49995929142911993, 0.5000000233768306]","[478.2590908263649, 7.354820046958135, 10.004122365517645]",5.100000000000038,100.0,0.0,"[50.0, 93.41340244428507, 93.41340244428508]",22
894,1038362872,settled,Rk4i_0009,unmatched,,"[0.4220587536149921, 0.2365411686124719, 0.34472372914068605, -0.8044129751662044]","[0.5003716360903703, 0.5001054906194999, 0.49990244774767334, -0.49962012247742793]","[478.1124915755092, 11.35465362933565, 7.344315132453294]",5.200000000000071,100.0,0.0,"[50.0, 89.04484734783713, 89.04484734783715]",25
895,2137408216,settled,Rk4i_0015,unmatched,,"[-0.15315413144856377, 0.9076297849365145, -0.3780756789344609, -0.09904931354925715]","[0.00015015534160452674, 0.7071282720645782, -0.7070850052442076, -0.0006161648612599463]","[477.84014886973677, 18.65924071857449, 9.992907328075686]",5.1500000000000545,100.0,0.0,"[50.0, 94.39504827911351, 94.3950482791135]",20
896,2161823873,settled,Rk4i_0007,unmatched,,"[-0.5223970600271564, 0.3040328086274699, 0.5806908141981769, 0.5454021830346245]","[-0.4999115936063842, 0.5001472167871414, 0.4999891359890458, 0.4999520217090127]","[478.3528019297441, 11.353615872596189, 7.647947010305539]",5.1200000000000445,100.0,0.0,"[50.0, 87.71170802879111, 87.71170802879112]",22
897,611351195,settled,Rk4i_0012,unmatched,,"[-0.04573037853383769, 0.8616864055672583, 0.18915695116025852, -0.46864156747719876]","[0.00023356514202954592, 0.7071218789798566, 0.00014196140056194073, -0.7070916302448236]","[477.8643236458849, 10.013762334949387, 7.350580577834513]",5.070000000000028,100.0,0.0,"[50.0, 91.33329237360397, 91.33329237360398]",28
898,2763017489,settled,Rk4i_0012,unmatched,,"[-0.42473500215462706, 0.8115024029006092, -0.06368051566992698, -0.39624338474636855]","[-8.362688618396287e-05, 0.7069970648168008, 3.830926448783468e-05, -0.7072164745531404]","[478.0246238240838, 10.00880022138205, 7.347853256978355]",5.050000000000021,100.0,0.0,"[50.0, 92.81086050846324, 92.81086050846325]",13
899,2132063619,settled,Rk4i_0004,unmatched,,"[0.5955343919741106, 0.7230138530547521, -0.2696667085859822, 0.2233150746083904]","[0.70690534219664, 0.7073081495502667, -6.773598376580425e-05, -0.00011901876102685116]","[477.7123435919916, 7.357948535517016, 18.645737635607663]",5.080000000000031,100.0,0.0,"[50.0, 92.95152212428934, 92.95152212428935]",33
900,1360639973,settled,Rk4i_0011,unmatched,,"[-0.1489656769715508, -0.1288165080424097, 0.7582996753381918, 0.621447613819669]","[1.8842872203106431e-06, -3.895296772998824e-05, 0.707204393994776, 0.7070091538258876]","[478.1628457365314, 7.353665007817605, 11.354292469090526]",5.080000000000031,100.0,0.0,"[50.0, 87.49045153478222, 87.49045153478224]",23
901,1669509337,settled,Rk4i_0017,unmatched,,"[-0.015275918508966315, 0.1874018656583203, -0.11433169238248563, 0.9754872890911727]","[-0.00010157003422367473, 0.00019562683502674083, 2.198358587316323e-05, 0.9999999754651955]","[478.09488165658394, 10.000062885783453, 11.352949907354532]",5.240000000000085,100.0,0.0,"[50.0, 86.75555154874351, 86.75555154874353]",18
902,582273668,settled,Rk4i_0010,unmatched,,"[-0.006376614660577938, 0.509344379935385, -0.8209002523185972, -0.258167420789247]","[0.5000435396340387, 0.4997118011395811, -0.5000410112165535, -0.5002035199532526]","[478.3441023591796, 7.3548219840505595, 9.995133008251267]",5.350000000000121,100.0,0.0,"[50.0, 94.91374271263992, 94.91374271263993]",32
903,680248275,settled,Rk4i_0019,unmatched,,"[0.06401976516295559, -0.8705445669058692, -0.015573167883228054, -0.4876587978712505]","[0.00019784238064221577, -0.707110656435931, -0.00014772003940419218, -0.7071028628084666]","[477.61250908158, 10.00502134249404, 7.645794327687205]",5.130000000000048,100.0,0.0,"[50.0, 89.34119935676732, 89.3411993567673]",31
904,2896868767,settled,Rk4i_0019,unmatched,,"[-0.08519660861891312, 0.3927029312463917, 0.12431391456233111, 0.9072331543305265]","[5.234313201379904e-05, 0.7070455978305461, 0.00010046682883832482, 0.7071679501752456]","[477.52850527095745, 10.007285927079897, 7.641368607632752]",4.959999999999991,100.0,0.0,"[50.0, 86.57658811197958, 86.57658811197959]",22
905,3134066944,settled,Rk4i_0010,unmatched,,"[0.37534820722239215, 0.6025807220421286, -0.4933938528436443, -0.5025661177737984]","[0.5001264331953367, 0.4999013069632156, -0.5000110911680873, -0.4999611413146806]","[478.0177838548839, 7.3579861019955475, 9.999430115914453]",5.200000000000071,100.0,0.0,"[50.0, 86.05030859480053, 86.05030859480054]",33
906,405083464,settled,Rk4i_0007,unmatched,,"[0.25971912770264904, -0.31468704929943936, -0.8472140700697216, -0.34021516013323705]","[0.5001637954032154, -0.49999772556360367, -0.4998880901209357, -0.49995034708890557]","[478.1675083192651, 11.353805137169426, 7.650073760831381]",5.190000000000068,100.0,0.0,"[50.0, 89.51134584850941, 89.51134584850942]",21
907,897742626,settled,Rk4i_0004,unmatched,,"[0.626555782251434, 0.7589459830048849, -0.1386752386173409, -0.11044466851082534]","[0.7071792831736502, 0.7070342504195491, 0.00016919309232305005, -3.9463478981593976e-05]","[478.14469945782366, 7.355839991129569, 18.648801738120742]",5.040000000000018,100.0,0.0,"[50.0, 93.72238853982631, 93.72238853982633]",32
908,480836371,settled,Rk4i_0021,unmatched,,"[-0.39743928281978835, -0.8706917564322766, -0.2664878160766326, -0.113675527864515]","[-0.5000241106412298, -0.4999344883833136, -0.49998517963961264, -0.5000562130831951]","[478.15627044917494, 7.352459377688508, 9.989445055647332]",5.160000000000058,100.0,0.0,"[50.0, 93.87434631229449, 93.8743463122945]",28
909,4082109974,settled,Rk4i_0009,unmatched,,"[-0.35956502737734314, -0.6791764426160904, -0.41884548866301663, 0.48373629955702296]","[-0.5001001524829926, -0.49990421507386995, -0.5001959464297732, 0.4997995882482191]","[477.9681754374975, 11.354997721215467, 7.349697658199998]",5.1200000000000445,100.0,0.0,"[50.0, 87.63563462344757, 87.63563462344759]",18
910,163555050,settled,Rk4i_0011,unmatched,,"[-0.08549674306774306, -0.25654355067407436, -0.9235012688874048, -0.2720682265456595]","[0.0003143274412485131, 4.471850981005443e-05, -0.7070918767933541, -0.7071216139896778]","[477.9830595277874, 7.360088720924008, 11.354312452270118]",5.1200000000000445,100.0,0.0,"[50.0, 88.78252846352733, 88.78252846352734]",31
911,3400140363,settled,Rk4i_0012,unmatched,,"[0.298407216867827, 0.6810207916951393, -0.18813418040157473, -0.6416925621859357]","[0.0004867894912478632, 0.7071772250071318, -2.4968487213117285e-05, -0.7070361623310214]","[477.96885503414165, 10.000742099595596, 7.354946649181523]",5.140000000000051,100.0,0.0,"[50.0, 86.6747200536901, 86.67472005369011]",24
912,3646276102,settled,Rk4i_0013,unmatched,,"[0.1578073356304914, -0.029444688123654007, -0.8111580053567837, 0.5623633571883132]","[-0.0003595929877681925, 0.00019984496512653882, -0.707529050122742, 0.7066841401837766]","[478.1548428776407, 7.6617692320808795, 11.34820168452444]",5.100000000000038,100.0,0.0,"[50.0, 87.43453387596249, 87.43453387596247]",20
913,3701323139,settled,Rk4i_0003,unmatched,,"[0.43512701954760485, -0.8749978402768437, 0.017281183183099957, 0.21152923457118053]","[0.7070137851288711, -0.7071997594767581, 8.818136616606242e-05, 7.603210777085145e-06]","[477.9996951811993, 7.647385769876312, 18.648195034022752]",5.170000000000061,100.0,0.0,"[50.0, 94.04983562686333, 94.04983562686334]",26
914,1849545706,settled,Rk4i_0017,unmatched,,"[-0.1443496569257474, -0.07006434235886033, -0.13212818355624098, -0.9781596534233906]","[-7.605911598634885e-05, 3.2893385084479195e-05, 0.0002934201841359998, -0.9999999535188149]","[478.0315006845082, 10.006350667608029, 11.352480570396816]",5.100000000000038,100.0,0.0,"[50.0, 88.91508831272769, 88.9150883127277]",25
915,3498837148,settled,Rk4i_0006,unmatched,,"[-0.5578877223062083, -0.13152919957495132, 0.7954835629912004, 0.19663992465923258]","[-0.7071664917404824, 0.00020013742894048336, 0.7070470335921717, -7.206232194378881e-05]","[478.0278097628823, 10.012747957904844, 7.643459917174531]",5.1500000000000545,100.0,0.0,"[50.0, 87.28163542035267, 87.28163542035266]",30
916,1014845009,settled,Rk4i_0021,unmatched,,"[-0.745802360550032, -0.5147483048332637, -0.3726324374151737, -0.19989519317709512]","[-0.5000061023060968, -0.49997769385827706, -0.49993972342281023, -0.5000764703970263]","[478.2360562572055, 7.359509040437363, 10.00258363505433]",5.240000000000085,100.0,0.0,"[50.0, 94.08147542801748, 94.0814754280175]",32
917,2482104573,settled,Rk4i_0008,unmatched,,"[0.3913632031713356, -0.4132908864732887, 0.05822251723444586, -0.8201436611036385]","[0.5000125973380309, -0.49987608161560776, 0.4999072725549825, -0.5002039827695706]","[477.62587078322775, 7.648827141369444, 9.99702518901646]",5.040000000000018,100.0,0.0,"[50.0, 89.52452455180192, 89.52452455180193]",31
918,3315867884,settled,Rk4i_0012,unmatched,,"[-0.1839291797226305, -0.6204871287494828, -0.28946619847613464, 0.7052482540514071]","[4.532230661935532e-06, -0.707201968123212, -8.259089662782104e-05, 0.7070115765960683]","[477.9621875029323, 10.006894004677799, 7.354550125282048]",5.190000000000068,100.0,0.0,"[50.0, 88.75786272388086, 88.75786272388088]",18
919,3442982133,settled,Rk4i_0020,unmatched,,"[0.23981023435833115, -0.548473364990924, -0.29699985204060114, 0.7439483229905124]","[0.49997055742686053, -0.4997726026867626, -0.5000968801129589, 0.5001598722521214]","[477.6535813019353, 7.648730850338782, 9.995828853031252]",5.320000000000111,100.0,0.0,"[50.0, 87.70655256817341, 87.70655256817342]",18
920,1199431505,settled,Rk4i_0006,unmatched,,"[-0.8158875984840971, -0.2102551437771241, 0.5335186587691745, 0.07401379533745744]","[-0.707313300925978, -0.00021658200410953898, 0.7069001679263359, -3.3392526370135123e-06]","[477.9202891269339, 10.00344753969525, 7.645859266118035]",5.110000000000041,100.0,0.0,"[50.0, 90.4086614146227, 90.40866141462271]",32
921,632241106,settled,Rk4i_0008,unmatched,,"[0.3439409857046222, -0.642522102943294, 0.42830294546408776, -0.5342532475227891]","[0.5002231848158075, -0.5000709442497757, 0.4998062850261986, -0.49989948343459856]","[477.7569833704551, 7.653545874018636, 9.991834277721793]",5.110000000000041,100.0,0.0,"[50.0, 86.96545499656212, 86.96545499656213]",32
922,2435629658,settled,Rk4i_0018,unmatched,,"[0.06889857665360942, -0.9502832120531101, 0.29954207769895674, 0.04989335339424206]","[0.00013400600239314326, -0.9999999828551428, -0.00010718298217787804, -6.959823177022171e-05]","[478.10612708178365, 10.004670258178102, 18.654081464625012]",5.220000000000078,100.0,0.0,"[50.0, 94.54452937091357, 94.54452937091358]",32
923,532196825,settled,Rk4i_0009,unmatched,,"[-0.6950144125489437, -0.5621898949957045, 0.04051416346358294, 0.446381104968402]","[-0.499960949747022, -0.4999916631095759, -0.5003157550577121, 0.4997314586755649]","[477.71366138753945, 11.366173328924742, 7.3500700867013915]",5.000000000000004,100.0,0.0,"[50.0, 93.80295119460426, 93.80295119460425]",24
924,1237745114,settled,Rk4i_0002,unmatched,,"[0.5054962235886736, -0.15892594248449782, 0.059291712564358896, -0.8459909015847566]","[0.7070515706009826, 0.00022180997515432288, -8.626967684029145e-05, -0.7071619474127278]","[477.8497133323165, 11.357938808589422, 10.006081893087533]",5.110000000000041,100.0,0.0,"[50.0, 89.0208331232519, 89.02083312325192]",12
925,3654135522,settled,Rk4i_0014,unmatched,,"[-0.17188747446428582, -0.802046862922551, -0.5512943459664053, 0.15247973604337633]","[0.00016753265511507186, -0.7070497523392838, -0.7071637794566223, 9.313642001879906e-05]","[477.5741190699077, 11.357831558573558, 10.001124716251775]",5.1200000000000445,100.0,0.0,"[50.0, 90.66763757639737, 90.66763757639735]",21
926,2381318096,settled,Rk4i_0006,unmatched,,"[-0.5170317207267107, -0.3574316863165864, 0.7774632856296821, -0.021717018146083986]","[-0.7071174114017225, 8.99026548508708e-05, 0.7070959884942443, 0.00047060109173127645]","[477.6640861389458, 10.011510122411293, 7.647961781353917]",5.140000000000051,100.0,0.0,"[50.0, 93.3986312400329, 93.39863124003291]",23
927,4252327569,settled,Rk4i_0005,unmatched,,"[-0.5938434617044568, 0.29873492790902884, -0.7069009853476849, -0.24165757333989488]","[-0.7071877028480231, -3.672516946437443e-05, -0.7070258480042443, -4.296134702747034e-05]","[477.55627725908215, 10.0000624937039, 7.3580265269778184]",5.100000000000038,100.0,0.0,"[50.0, 93.08668342912434, 93.08668342912435]",21
928,448373238,settled,Rk4i_0022,unmatched,,"[0.7884541013488514, -0.40302143424833886, 0.28563962431868045, 0.36650219456596705]","[0.5002891976772044, -0.4996735615638176, 0.5002465244408593, 0.4997904214232898]","[477.7271846670292, 18.64807050733086, 7.353182227942819]",5.070000000000028,100.0,0.0,"[50.0, 95.10526373904239, 95.10526373904239]",20
929,4163985961,settled,Rk4i_0021,unmatched,,"[-0.20818845328680213, -0.43720394741641244, -0.3935430195887992, -0.7814308465977562]","[-0.5001022445705939, -0.4999166427961542, -0.5003466537465684, -0.49963418749670024]","[477.961361572812, 7.36134402079148, 10.00176575556443]",5.000000000000004,100.0,0.0,"[50.0, 89.40553596865243, 89.40553596865242]",41
930,1782478245,settled,Rk4i_0001,unmatched,,"[0.982926824091041, -0.15458372000973902, -0.09896879710297664, 0.012802702458472474]","[0.9999999821100084, -4.463088787480529e-05, 0.00016327664760042274, 8.443223917259379e-05]","[477.77531796779846, 9.995354483993491, 18.646608226058277]",5.260000000000091,100.0,0.0,"[50.0, 93.0024241524353, 93.00242415243531]",27
931,1354485428,settled,Rk4i_0008,unmatched,,"[0.6252493974171248, -0.5377268504911364, 0.15699341782723672, -0.543383926933184]","[0.499811668254046, -0.4999083284142334, 0.5001775687250665, -0.5001023487282138]","[478.1089177870458, 7.648126046075341, 9.997785163931939]",5.220000000000078,100.0,0.0,"[50.0, 90.8780114493089, 90.87801144930891]",28
932,1539041800,settled,Rk4i_0022,unmatched,,"[0.5189080859766876, -0.3427938742346433, 0.5790952658656788, 0.5271389106745705]","[0.499839645021907, -0.5001270921554349, 0.5000414989829189, 0.4999917201828832]","[478.0514500258753, 18.65156542103603, 7.352862838477731]",5.100000000000038,100.0,0.0,"[50.0, 94.28194956735867, 94.28194956735868]",14
933,4907026,settled,Rk4i_0007,unmatched,,"[0.8033477739737046, -0.29541706437491144, -0.23093159359111526, -0.4626356138572464]","[0.4998862473695806, -0.5005945121969531, -0.4997689040865313, -0.4997498539841713]","[478.18521651000725, 11.350608824846534, 7.648544163857353]",4.969999999999994,100.0,0.0,"[50.0, 92.38325354988078, 92.38325354988079]",20
934,3726456469,settled,Rk4i_0002,unmatched,,"[0.5807768950428274, -0.04906896716112144, -0.23937648823391416, -0.776523876984444]","[0.7071094308025863, -4.6956386878146515e-06, 4.4790014082245105e-05, -0.7071041301264249]","[477.98756480828314, 11.350531902895618, 10.003992966429651]",5.110000000000041,100.0,0.0,"[50.0, 87.84358000866283, 87.84358000866284]",21
935,2047942954,settled,Rk4i_0013,unmatched,,"[-0.28294765020971263, -0.1436882472102388, 0.5005332941519883, -0.8054568494337921]","[3.555497227164528e-05, -3.150374309490722e-05, 0.7071842181120593, -0.7070293341839455]","[477.6034330952194, 7.64768633053938, 11.352714956267173]",4.979999999999998,100.0,0.0,"[50.0, 92.82488935548226, 92.82488935548227]",27
936,4254301963,settled,Rk4i_0017,unmatched,,"[0.3038722453484271, -0.025687035362984778, 0.16983128235100062, -0.9371014727638521]","[9.123300477587026e-05, -6.52836182246207e-05, 4.390319380319838e-05, -0.9999999927435488]","[477.6221984011129, 10.000413518760006, 11.348734630065575]",5.160000000000058,100.0,0.0,"[50.0, 89.20643880768469, 89.2064388076847]",21
937,1459226125,settled,Rk4i_0010,unmatched,,"[0.4604083854515282, 0.5448114214671944, -0.6943530242693504, -0.09528122235162023]","[0.4999774529391248, 0.49998286268292647, -0.5000065402040158, -0.5000331422306937]","[478.1673780658733, 7.354796485057048, 10.00238329737232]",5.1800000000000646,100.0,0.0,"[50.0, 93.72735090781687, 93.72735090781688]",24
938,1841421639,settled,Rk4i_0010,unmatched,,"[0.7090456664466742, 0.46634607542200573, -0.4944423411910551, -0.18788920157686734]","[0.5003232321595364, 0.49982919530721454, -0.4997006303880501, -0.50014669734965]","[477.88081710263947, 7.35230030371037, 10.000735452773034]",5.1200000000000445,100.0,0.0,"[50.0, 92.2217931597915, 92.22179315979149]",27
939,3160233957,settled,Rk4i_0012,unmatched,,"[0.3129738432553121, 0.8901846929444, 0.08598840649996693, -0.3197257885017726]","[0.00019352973820252478, 0.7070799359932619, -0.0004701021016709218, -0.7071334426160447]","[478.34305024169385, 9.99875571516135, 7.352264207461886]",5.190000000000068,100.0,0.0,"[50.0, 92.32233228981976, 92.32233228981974]",34
940,3176744478,settled,Rk4i_0001,unmatched,,"[0.9411517485950612, -0.005105745018358934, 0.06893140360805404, 0.3308410178331731]","[0.9999999211927042, -0.0003890484182529906, 5.775692211777875e-05, -5.403750280219555e-05]","[477.8023049546382, 10.011967264396013, 18.636147800358405]",5.110000000000041,100.0,0.0,"[50.0, 94.29857764899766, 94.29857764899765]",25
941,1176149115,settled,Rk4i_0009,unmatched,,"[0.21298006003399966, 0.68283184635136, 0.45358883626869745, -0.5316364653113214]","[0.5000768337021496, 0.49998390554883443, 0.5000221824352368, -0.49991706478101916]","[477.8865751792602, 11.355634743698367, 7.352408426788302]",5.0600000000000245,100.0,0.0,"[50.0, 88.75507958903158, 88.75507958903158]",26
942,1821676408,settled,Rk4i_0005,unmatched,,"[-0.4913145553095996, 0.46595232564875577, -0.7080044099470261, -0.20056967233111198]","[-0.7072725241181532, -5.689816087720012e-05, -0.7069409628191112, -0.00022017839055454846]","[478.1018197846275, 10.014545473747704, 7.348565179619384]",4.939999999999984,100.0,0.0,"[50.0, 94.87236381991761, 94.87236381991762]",23
943,3127130715,settled,Rk4i_0019,unmatched,,"[-0.198134299826156, -0.8317782014430749, -0.12616575606531844, -0.5029612557970933]","[-0.0002740502385952803, -0.7071596512584943, -0.00018559245886767828, -0.7070538296932354]","[477.78082490816735, 10.012112583977208, 7.6468290481715115]",5.110000000000041,100.0,0.0,"[50.0, 91.43786211785002, 91.43786211785]",18
944,945943334,settled,Rk4i_0012,unmatched,,"[0.10215366597241832, -0.5032207212506908, 0.015334375666051182, 0.8579617655555885]","[0.00013497671552337165, -0.7071954678203933, 0.00010372670092922975, 0.7070180629349951]","[478.29013220633914, 10.009811834946248, 7.345356431393798]",5.1800000000000646,100.0,0.0,"[50.0, 86.63880539861476, 86.63880539861478]",17
945,1696026980,settled,Rk4i_0006,unmatched,,"[-0.41595288256800134, 0.11589643483537436, 0.8825609318024368, 0.1861113041484448]","[-0.707107398509273, 0.00016139239289261753, 0.7071061413278752, 7.630430526617271e-05]","[477.7954277192414, 10.003532412341322, 7.6488876747024745]",5.260000000000091,100.0,0.0,"[50.0, 87.53583210582637, 87.53583210582636]",31
946,517407065,settled,Rk4i_0009,unmatched,,"[0.7637132916041776, -0.009298409402024383, 0.35026757211793114, -0.5421883212798986]","[0.50004927320697, 0.5001509542917266, 0.49982324092671077, -0.49997647456232946]","[477.93797195301164, 11.356268354514205, 7.354098704088676]",5.160000000000058,100.0,0.0,"[50.0, 89.16975070839308, 89.1697507083931]",18
947,2860701354,settled,Rk4i_0003,unmatched,,"[-0.8367152485523688, 0.5350335570810564, 5.9400040692597696e-05, 0.11681901432889721]","[-0.707137171276251, 0.7070763318978298, 0.00028574077684509475, -1.488424629225715e-05]","[477.88541786905654, 7.651096393062848, 18.64650107490759]",5.080000000000031,100.0,0.0,"[50.0, 93.76063787798445, 93.76063787798446]",20
948,2049044537,settled,Rk4i_0015,unmatched,,"[0.0987533718354664, -0.901992500056389, 0.3962240127370742, 0.14022779012621636]","[-0.00015100881969555037, -0.7071907711950296, 0.7070227276057, 0.0002301780009735214]","[477.8320677168944, 18.650003286920885, 9.997673185515122]",5.140000000000051,100.0,0.0,"[50.0, 94.07658721391053, 94.0765872139105]",19
949,3277919375,settled,Rk4i_0001,unmatched,,"[-0.9358033684590618, -0.33506737411673654, 0.0347045930592444, -0.10391102734445888]","[-0.9999999949431962, -5.510619732141027e-05, -7.046391180815999e-05, 4.595380090782753e-05]","[477.94152687696936, 10.000582184227898, 18.6485728024079]",5.0900000000000345,100.0,0.0,"[50.0, 93.65249239603344, 93.65249239603345]",25
950,3767874527,settled,Rk4i_0007,unmatched,,"[0.29572191510327905, -0.5850125236040742, -0.7368775949800176, -0.1652885542634663]","[0.499899020218442, -0.5002243014536316, -0.5002005399895852, -0.499675932594312]","[477.6814961562437, 11.355893657502497, 7.643369197447156]",5.140000000000051,100.0,0.0,"[50.0, 86.99955501796985, 86.99955501796987]",30
951,2604283791,settled,Rk4i_0005,unmatched,,"[-0.7630191667262589, -0.17467652330325062, -0.5594042469053924, -0.2726843449104938]","[-0.707196693877123, -7.786736523490712e-06, -0.7070168559891987, -3.815471306159446e-05]","[477.8776675867604, 10.00825260615824, 7.355456694027408]",5.170000000000061,100.0,0.0,"[50.0, 88.93238573916882, 88.93238573916881]",24
952,1406294563,settled,Rk4i_0017,unmatched,,"[-0.15589463678544954, -0.12868922420085716, 0.17568740712833444, 0.963467633484715]","[0.0002533861205416544, 9.865435312359355e-05, -0.0002769210642003929, 0.9999999246887555]","[477.561443261096, 9.99899045683906, 11.34245802568896]",5.080000000000031,100.0,0.0,"[50.0, 88.01167572372714, 88.01167572372712]",30
953,44424466,settled,Rk4i_0020,unmatched,,"[0.3941199706189341, -0.3608479463958368, -0.7637214424601282, 0.3621985183126224]","[0.500075713580195, -0.5001300233813825, -0.49997210863886427, 0.4998220993343575]","[477.88327532772075, 7.642081165486718, 9.996305046421739]",5.260000000000091,100.0,0.0,"[50.0, 88.5508885530765, 88.55088855307652]",31
954,1713030523,settled,Rk4i_0003,unmatched,,"[-0.965612442120421, 0.16876771383453884, -0.1626224548640008, 0.11253447277748073]","[-0.7070386480589268, 0.7071748305689526, -8.93824334323723e-05, -0.0003180747692949904]","[477.60022871828835, 7.648833371868429, 18.64248256468738]",4.939999999999984,100.0,0.0,"[50.0, 94.65236935835989, 94.65236935835988]",24
955,539293064,settled,Rk4i_0016,unmatched,,"[0.3601778551839492, -0.09994546774870804, 0.7619420111283524, 0.5288924160821971]","[8.042804944914532e-05, 0.0002080375509135313, 0.9999999716309319, 8.360527416981662e-05]","[478.2866906202735, 10.005300786832882, 11.351239584651626]",5.270000000000095,100.0,0.0,"[50.0, 92.25846141493531, 92.25846141493533]",30
956,409549919,settled,Rk4i_0012,unmatched,,"[-0.12781638378808588, 0.7504596205993281, -0.34172492240734204, -0.5510874769861365]","[0.00031013098807564093, 0.7072741189459603, 0.0002646544165268994, -0.7069392862516737]","[477.5136320649218, 10.024985939804482, 7.349873604991684]",5.1800000000000646,100.0,0.0,"[50.0, 93.59898908188481, 93.59898908188482]",14
957,1998402436,settled,Rk4i_0019,unmatched,,"[0.04250734306132721, -0.9165292873697363, -0.17463643493482933, -0.3573084196777952]","[0.00017876287190196627, -0.7070203109642068, -0.00012297936199251458, -0.7071932075493859]","[478.21179577292645, 9.994832067867021, 7.647942429606813]",5.190000000000068,100.0,0.0,"[50.0, 93.4789646110934, 93.47896461109342]",24
958,1646097515,settled,Rk4i_0007,unmatched,,"[-0.2630617164172866, 0.5050333130958403, 0.785657284547487, 0.24183158862418952]","[-0.4998139317811802, 0.5002249118599874, 0.5000456422622129, 0.49991541965284153]","[478.0292264898325, 11.353691317286655, 7.643808251411332]",5.190000000000068,100.0,0.0,"[50.0, 88.39256190170224, 88.39256190170222]",22
959,339018233,settled,Rk4i_0023,unmatched,,"[0.6029047267049746, 0.6862009194018124, -0.308242769892203, 0.26574533587269156]","[0.4999979614534893, 0.5000641207561396, -0.5000028839740338, 0.49993502547070356]","[477.6137246691884, 18.65451950766861, 7.645160861476377]",5.0600000000000245,100.0,0.0,"[50.0, 92.28449932270021, 92.28449932270023]",27
960,4191144452,settled,Rk4i_0009,unmatched,,"[-0.8802459513021449, -0.08330896156144689, -0.16608516754831343, 0.4366261550344685]","[-0.5003739448327609, -0.4996068260706331, -0.5002003419901165, 0.4998185196139695]","[478.18440944975646, 11.361335191696625, 7.349802598331161]",5.220000000000078,100.0,0.0,"[50.0, 93.3147823921334, 93.31478239213341]",23
961,2181600747,settled,Rk4i_0006,unmatched,,"[0.9275709258668005, 0.08697132850709806, -0.32813304736827575, -0.15613093456815608]","[0.7072184850216899, 1.104757540698609e-05, -0.7069950172566811, 0.00024473618904724553]","[478.2012938698451, 10.002091680765588, 7.64669801063434]",5.0300000000000145,100.0,0.0,"[50.0, 94.34816525965387, 94.34816525965388]",20
962,3323234542,settled,Rk4i_0014,unmatched,,"[-0.08017064571695091, -0.3550445554208694, -0.9142289434921265, -0.17804906658726002]","[-8.842422281883813e-07, -0.7072274479029773, -0.7069860608935628, -0.00021594921495661723]","[477.5273299936109, 11.349746087798126, 10.004393376695058]",5.110000000000041,100.0,0.0,"[50.0, 89.41347196880291, 89.41347196880292]",24
963,1792986731,settled,Rk4i_0010,unmatched,,"[-0.5692068889460848, -0.6151083552423721, 0.2128356235893417, 0.5023407471215919]","[-0.4999611509990693, -0.5001043557116622, 0.5000578403831761, 0.4998766219390772]","[477.61151257152096, 7.356173431284137, 9.995644017515902]",5.100000000000038,100.0,0.0,"[50.0, 91.35738455343994, 91.35738455343993]",29
964,3396828661,settled,Rk4i_0008,unmatched,,"[-0.4385289352711518, 0.5485884905873648, -0.7022745891188045, 0.11641925271638232]","[-0.5001067799845457, 0.5001026970576935, -0.4998546262896405, 0.4999358494706637]","[477.95791210733415, 7.649285387405573, 9.999109975483437]",5.160000000000058,100.0,0.0,"[50.0, 93.81471576528538, 93.8147157652854]",26
965,2901089897,settled,Rk4i_0021,unmatched,,"[0.4190709948200383, 0.3272250406963257, 0.28175293110921773, 0.7986980404716139]","[0.5000277412687072, 0.49983128750537387, 0.5001447839406413, 0.499996137074482]","[477.76294428684207, 7.366164538177498, 9.998153442609889]",5.1500000000000545,100.0,0.0,"[50.0, 91.98169659186375, 91.98169659186374]",28
966,1777789208,settled,Rk4i_0022,unmatched,,"[0.6411688332735277, -0.4390430396314748, 0.5150426975449305, 0.3617661624522945]","[0.4997605264732756, -0.5001635777686596, 0.5000311278788709, 0.5000446808086177]","[478.1521298463414, 18.65128153353596, 7.349517197794929]",5.100000000000038,100.0,0.0,"[50.0, 94.77812590501355, 94.77812590501352]",31
967,4293855749,settled,Rk4i_0014,unmatched,,"[0.5166972535183565, 0.6321968208504625, 0.5736405816836968, -0.06547985154798126]","[6.017132081001339e-05, 0.7071227626413685, 0.7070907939222375, 6.390830194984056e-05]","[477.83360687187, 11.35834147620907, 10.003604308936485]",5.260000000000091,100.0,0.0,"[50.0, 90.47029242138494, 90.47029242138495]",25
968,2977016398,settled,Rk4i_0005,unmatched,,"[-0.7697554513004683, 0.271934197101798, -0.5773849482776028, -0.012448258604438496]","[-0.7071050127193813, 4.194710964050551e-05, -0.7071085434680022, 8.35591054403617e-05]","[478.1666292328078, 10.005077593745341, 7.355307184966162]",5.210000000000075,100.0,0.0,"[50.0, 90.53319407140894, 90.53319407140893]",24
969,3277550680,settled,Rk4i_0008,unmatched,,"[0.8795958511380817, -0.404251198907489, 0.18305854803349653, -0.17141083639723378]","[0.5000090104655972, -0.5001799404813931, 0.49977607214417763, -0.5000348930878546]","[477.81748283764364, 7.650196528669317, 10.000304626189418]",5.000000000000004,100.0,0.0,"[50.0, 94.857547168778, 94.85754716877797]",29
970,3168146097,settled,Rk4i_0008,unmatched,,"[0.4713364866275963, -0.5102437468845695, 0.132809033664927, -0.707004240238867]","[0.5000380691594762, -0.5000505182592774, 0.4998011777277008, -0.5001101791824423]","[478.0660267658167, 7.644681582716849, 10.003134999875988]",5.160000000000058,100.0,0.0,"[50.0, 89.05596484531227, 89.05596484531229]",27
971,2312136952,settled,Rk4i_0011,unmatched,,"[-0.238977339792555, -0.18809170192532146, -0.5365157169026477, -0.7871862729042902]","[0.000115023711155543, 0.00045549571709091463, -0.7071725292910607, -0.7070408708902772]","[477.8756973841179, 7.355541560768314, 11.353418086290528]",5.210000000000075,100.0,0.0,"[50.0, 88.04698935575672, 88.04698935575674]",24
972,4119843294,settled,Rk4i_0010,unmatched,,"[-0.6782363959592157, -0.6128690115579294, 0.3186176021708939, 0.25073848818067446]","[-0.5002014157826863, -0.49970866727974306, 0.500238579692581, 0.49985113272018156]","[477.9039061069098, 7.349603013786158, 10.00036717737032]",5.1200000000000445,100.0,0.0,"[50.0, 93.48908844043154, 93.48908844043156]",42
973,356519578,settled,Rk4i_0019,unmatched,,"[0.2643802208224408, 0.477257519620779, -0.3229105049716565, 0.7733415575166313]","[-0.0002188464792111655, 0.7071402826821964, 0.00023619607454572478, 0.7070732047855981]","[477.5616965982216, 10.00791301796984, 7.6460402716090465]",5.0600000000000245,100.0,0.0,"[50.0, 94.48987000612154, 94.48987000612155]",23
974,1943136294,settled,Rk4i_0012,unmatched,,"[-0.3629926831460144, 0.45628115459666085, -0.28675605289603895, -0.7601412934908084]","[-1.734917251050572e-05, 0.7071338183425022, -7.224263054411707e-05, -0.7070797390933796]","[478.2856414743918, 9.99449013476304, 7.35348875469416]",5.300000000000105,100.0,0.0,"[50.0, 94.3715284186422, 94.37152841864217]",26
975,3565683129,settled,Rk4i_0004,unmatched,,"[-0.547998248022544, -0.8120182559963203, 0.16486811997466025, -0.1146419430615943]","[-0.7071069902120807, -0.7071065593399998, -5.023480818358572e-05, -0.00012493207807512396]","[478.31845789564454, 7.364312624996743, 18.64803640572721]",5.070000000000028,100.0,0.0,"[50.0, 94.08122450416279, 94.0812245041628]",36
976,1751546072,settled,Rk4i_0020,unmatched,,"[-0.3280221644267384, 0.36617063802881317, 0.7613309747857608, -0.42272410662527027]","[-0.5001651791381357, 0.4998417189504853, 0.4999322763551136, -0.5000607649403571]","[477.9435176017885, 7.659377950256554, 10.002286619882938]",5.230000000000081,100.0,0.0,"[50.0, 88.37636681618682, 88.37636681618683]",31
977,1397927952,settled,Rk4i_0005,unmatched,,"[0.904925349199759, -0.2134010861924796, 0.2823914184143395, 0.23627351860397244]","[0.7073848117695996, 0.00012181990794826737, 0.706828590984196, 0.0002370757149261216]","[477.82190211750566, 10.004446869907515, 7.361103177157262]",5.310000000000108,100.0,0.0,"[50.0, 93.87316976988666, 93.87316976988667]",29
978,4035434587,settled,Rk4i_0002,unmatched,,"[-0.6767719944343353, 0.14128449179956656, 0.30945224413417693, 0.652884115694839]","[-0.7071443895812202, -0.0001534163974265678, -0.0001508650883366442, 0.7070691380529472]","[477.8611815670924, 11.357544225596493, 10.006192150021088]",5.130000000000048,100.0,0.0,"[50.0, 86.37580194321501, 86.37580194321502]",22
979,2114130661,settled,Rk4i_0016,unmatched,,"[-0.11671079965840357, -0.12666230183669927, -0.982019919426621, -0.07727954700862226]","[2.4918745697196528e-05, -3.737696607658547e-05, -0.9999999967299391, 6.724686101025829e-05]","[477.5343639988392, 9.993318221809725, 11.355419368518504]",5.190000000000068,100.0,0.0,"[50.0, 87.5988174468454, 87.59881744684542]",26
980,3638443810,settled,Rk4i_0014,unmatched,,"[0.059547317185544554, 0.39640322724174526, 0.893284933349204, -0.20337312088779458]","[-0.0005096269756269714, 0.7071102079718963, 0.7071030230656439, 0.000456983276209486]","[477.67864345282896, 11.350244225909053, 9.994527290442075]",5.200000000000071,100.0,0.0,"[50.0, 89.47251603874415, 89.47251603874416]",26
981,1276054237,settled,Rk4i_0013,unmatched,,"[0.19847170397213157, 0.14485266137657626, -0.7549022116539003, 0.6080701769159308]","[4.241558706791216e-05, 2.6226409965246503e-05, -0.7070764624804181, 0.7071370968343206]","[478.1091169832069, 7.6530077200995414, 11.345469252554784]",5.170000000000061,100.0,0.0,"[50.0, 90.05589334545864, 90.05589334545866]",28
982,218439059,settled,Rk4i_0007,unmatched,,"[-0.31928362511020086, 0.6061291818978068, 0.5454370968132035, 0.4828703293932732]","[-0.5004764237841454, 0.4997006426064293, 0.4998348390314305, 0.49998775055532935]","[478.28665877632426, 11.362698367465896, 7.646270103280469]",5.130000000000048,100.0,0.0,"[50.0, 86.75538704749077, 86.75538704749079]",19
983,2213472531,settled,Rk4i_0013,unmatched,,"[0.10514992183552246, 0.24068664568741632, 0.4737389502858386, -0.8405860095836687]","[-2.6057593895789648e-05, -8.913048035541492e-05, 0.7070726668631725, -0.7071408877669006]","[477.99525072241966, 7.652759048207498, 11.356224449747371]",5.110000000000041,100.0,0.0,"[50.0, 88.29949619031484, 88.29949619031485]",19
984,787746249,settled,Rk4i_0023,unmatched,,"[-0.5694810868307036, -0.2375977186895554, 0.403312307451908, -0.6757054080540255]","[-0.499983220292316, -0.5001383019462028, 0.5000412459526984, -0.49983718418957934]","[478.30088949539197, 18.646467751488643, 7.649223530457702]",5.040000000000018,100.0,0.0,"[50.0, 92.99526233302998, 92.99526233302997]",25
985,620666044,settled,Rk4i_0008,unmatched,,"[0.3512700169167964, -0.04610390148788196, 0.2607949201033328, -0.8980366446482936]","[0.5000446980030407, -0.4999454542853319, 0.5000238600742627, -0.4999859818984081]","[478.36631808888063, 7.641015291372427, 9.999489039327699]",4.990000000000001,100.0,0.0,"[50.0, 89.60103241518456, 89.60103241518458]",46
986,1382691233,settled,Rk4i_0008,unmatched,,"[0.47408594454505865, -0.6966516414024221, 0.33101000622289733, -0.4246779762319307]","[0.49984765083834826, -0.5002391694609798, 0.49989215907282375, -0.5000209281478971]","[477.86268576298045, 7.64325046549267, 10.003501485049119]",5.130000000000048,100.0,0.0,"[50.0, 91.30915909940451, 91.30915909940452]",35
987,3286462226,settled,Rk4i_0006,unmatched,,"[-0.3448778936984663, -0.42718010711039134, 0.8219048655539987, 0.1518182680243951]","[-0.7070329919023159, -9.043699321581446e-05, 0.7071805390791075, 0.00015915587642878484]","[477.5910746630701, 10.009796297364787, 7.6487084706389945]",5.230000000000081,100.0,0.0,"[50.0, 93.74375718965977, 93.74375718965979]",23
988,2525897259,settled,Rk4i_0015,unmatched,,"[-0.18660777978837914, -0.7443077658333969, 0.6395441794809863, -0.046548133523710164]","[-3.240701871848361e-05, -0.7070013498679871, 0.7072121941696834, 5.150079012930706e-05]","[478.20357859082395, 18.654986428565802, 9.999686109321928]",5.020000000000011,100.0,0.0,"[50.0, 93.51632230503132, 93.51632230503134]",31
989,3052397492,settled,Rk4i_0013,unmatched,,"[0.3577418947578834, -0.03461281949819094, 0.8397397400760982, -0.4070133393371179]","[-0.00010238061420236866, 0.00011471722670558515, 0.7072503100798772, -0.7069632064330401]","[477.6647643107087, 7.652890013897053, 11.353844396644773]",5.260000000000091,100.0,0.0,"[50.0, 88.83408310840656, 88.83408310840655]",23
990,958294864,settled,Rk4i_0017,unmatched,,"[-0.030561851898347012, -0.4924964696048103, 0.3778133004972502, -0.7834349434399235]","[-0.00025760834932031523, 0.00016961422349126112, 0.00017266517944406588, -0.9999999375278428]","[477.64872569946806, 9.994026034767632, 11.34719859271791]",5.340000000000118,100.0,0.0,"[50.0, 91.9663846990193, 91.96638469901932]",14
991,2025461898,settled,Rk4i_0011,unmatched,,"[-0.3979758930455951, -0.005549041121273697, -0.43366712258227247, -0.8084041213949913]","[0.00011438806223590392, -0.0001402257111307592, -0.7071395739774561, -0.7070739637174481]","[477.51488623769654, 7.363785668309694, 11.35463901702831]",5.350000000000121,100.0,0.0,"[50.0, 92.87932511601629, 92.8793251160163]",27
992,2542739526,settled,Rk4i_0012,unmatched,,"[-0.2306445065743204, 0.9168653108316615, -0.19133692885921558, -0.2637257913731088]","[0.0003205365601921806, 0.707249442789031, 0.0002520379275211537, -0.706963973203587]","[478.32375141389934, 10.018896891048406, 7.355250598510317]",4.879999999999964,100.0,0.0,"[50.0, 93.89652091082677, 93.89652091082678]",13
993,662844678,settled,Rk4i_0012,unmatched,,"[0.015319791156266027, -0.6766081749749832, -0.37969078318171673, 0.6307151422970638]","[-0.00023291136968808804, -0.7072798979919124, -0.00029126759748965286, 0.7069335236159272]","[477.7989512319751, 10.008096431881722, 7.352607250211235]",5.1800000000000646,100.0,0.0,"[50.0, 89.25688807258467, 89.25688807258469]",29
994,4118277549,settled,Rk4i_0010,unmatched,,"[-0.321344111537062, -0.6565169609170431, 0.5522363378719223, 0.4009469654985733]","[-0.49988882319988054, -0.5000869607320022, 0.49995620219792725, 0.5000679874072053]","[477.5876580346342, 7.361086522797034, 9.999102212314048]",5.160000000000058,100.0,0.0,"[50.0, 89.62160116448926, 89.62160116448928]",22
995,111249246,settled,Rk4i_0005,unmatched,,"[-0.6279501010244584, -0.002943014146429479, -0.6948500248436215, -0.3505045681099255]","[-0.7071246995501406, -0.00020050864324194784, -0.7070888226922545, -0.00012611934432069094]","[478.27337959110866, 10.004356213834683, 7.347439789422902]",5.110000000000041,100.0,0.0,"[50.0, 91.99498941987993, 91.99498941987994]",25
996,746129938,settled,Rk4i_0015,unmatched,,"[-0.47377988456087816, 0.707079339833246, -0.49704674862137505, -0.16886668662404006]","[-0.00029402761659353175, 0.7071061503623595, -0.7071072108200442, -0.00044505480839383783]","[478.0775021156485, 18.650547728117743, 9.991798053849244]",5.1800000000000646,100.0,0.0,"[50.0, 93.21150862660855, 93.21150862660856]",21
997,3176734675,settled,Rk4i_0008,unmatched,,"[-0.44694209170526156, 0.4952759132457724, -0.012535065867450861, 0.7448405255787244]","[-0.4999640554352166, 0.5000624205995313, -0.5000059821250032, 0.4999675355621804]","[477.8083446902449, 7.645888618051667, 9.999682257334552]",5.140000000000051,100.0,0.0,"[50.0, 89.65767967195067, 89.65767967195069]",29
998,2924323672,settled,Rk4i_0006,unmatched,,"[0.7808029314754367, 0.10050712330818726, -0.580673385897103, 0.20751751558476023]","[0.7066977944633477, -0.00021550687094831766, -0.7075154747857839, -0.00018383708954836098]","[477.60966332413, 10.00968754720497, 7.646974074244136]",5.1800000000000646,100.0,0.0,"[50.0, 90.50982206906046, 90.50982206906048]",21
999,3932611806,settled,Rk4i_0011,unmatched,,"[0.18863484293005242, 0.33663714806484407, 0.7901304930925778, 0.47622067412157004]","[0.0002901588752039497, -0.0001241073563477968, 0.7071373272435284, 0.7070761633827507]","[477.80141169294825, 7.347800884254257, 11.347975384559314]",5.170000000000061,100.0,0.0,"[50.0, 87.97053661571991, 87.9705366157199]",30
