trial,seed,status,pose_id,match_status,roadmap_pose_id,initial_quat_xyzw,final_quat_xyzw,final_pos_chute_mm,sim_time_s,actual_drop_height_mm,actual_lateral_mm,initial_pos_chute_mm,roughness_impulse_count
0,2684470948,settled,Qk2i_0001,unmatched,,"[0.349089743713377, 0.08400502135107916, 0.056934439305736904, -0.9315782183171066]","[9.582333020641265e-05, 0.0003526578604030393, 8.987325402297461e-07, -0.9999999332247554]","[479.9821842928481, 9.998938654499987, 14.996298601506133]",5.070000000000028,100.0,0.0,"[50.0, 92.15874796204358, 92.15874796204359]",20
1,4091952314,settled,Qk2i_0001,unmatched,,"[-0.17049489125704653, 0.20532709385459424, 0.2597125984666087, 0.9280741580187418]","[8.238382725417326e-05, -5.495095587194776e-06, -0.00023160659243179793, 0.9999999697705472]","[479.52596621074576, 9.993669603199793, 14.997380857454994]",5.170000000000061,100.0,0.0,"[50.0, 91.97677336700299, 91.976773367003]",34
2,233227757,settled,Qk2i_0011,unmatched,,"[-0.20480810163161187, 0.4982271422400755, 0.5959252640682177, -0.5955639645634782]","[-0.49999518604123416, 0.4999572518670937, 0.49991790386560214, -0.5001296328310469]","[480.27974906817576, 10.282179860760733, 9.998113608983024]",5.230000000000081,100.0,0.0,"[50.0, 90.77793702028342, 90.77793702028343]",31
3,3276785861,settled,Qk2i_0015,unmatched,,"[-0.06476159517851178, 0.4273534090302821, -0.8690822779070483, 0.24056390794969013]","[8.159471365757572e-06, 0.0003463371085020706, -0.9999999278910032, -0.00015556997994496509]","[480.3783608792976, 10.00582231138191, 14.993725055671502]",5.0600000000000245,100.0,0.0,"[50.0, 92.26025432401201, 92.26025432401202]",31
4,3644269654,settled,Qk2i_0015,unmatched,,"[-0.014279672063401007, -0.3020425176314726, -0.9375844928891162, 0.1717606683803424]","[-0.00020194878604573767, 2.1881991522254562e-05, -0.9999999704890259, -0.00013326595101188505]","[479.7164497669167, 10.010664296530285, 14.995751258471756]",5.170000000000061,100.0,0.0,"[50.0, 91.85092823056746, 91.85092823056745]",36
5,1206282609,settled,Qk2i_0015,unmatched,,"[0.5013371598926143, -0.8114746127900386, -0.0032762861669307047, -0.30026533409139416]","[0.00011452610745579648, -0.9999999724861943, -6.265913255898425e-05, 0.00019489795933495037]","[480.21417565271923, 10.001266881331398, 14.997456560766537]",4.959999999999991,100.0,0.0,"[50.0, 92.26819149764232, 92.26819149764233]",34
6,3543069911,settled,Qk2i_0001,unmatched,,"[-0.13404834235336777, 0.26953815910033546, -0.46707971399657333, 0.8313944692346683]","[-9.322007488044017e-06, -0.00022118534237532825, -0.000450649881248343, 0.9999998739524066]","[480.342729635388, 10.01036034333454, 14.990197140079195]",5.360000000000125,100.0,0.0,"[50.0, 92.25231981687361, 92.25231981687362]",26
7,3479688010,settled,Qk2i_0002,unmatched,,"[-0.32606207839901974, -0.08560879807848332, -0.6532843717329692, 0.6779190101856776]","[-0.0001108357583834152, -0.00014918491661225497, -0.7070971803967901, 0.707116357422316]","[479.63055804641505, 10.284622804768198, 15.001622133008393]",5.290000000000101,100.0,0.0,"[50.0, 92.87158497070352, 92.87158497070354]",27
8,877132087,settled,Qk2i_0005,unmatched,,"[0.5724358435648497, -0.17574059521237254, 0.22115948882353434, 0.769753810448453]","[0.7071568473595449, -0.00025166874057577104, -0.0001597940727376605, 0.7070566486224485]","[480.0126011567153, 15.001113339162922, 9.992197649997513]",5.020000000000011,100.0,0.0,"[50.0, 90.91728400175307, 90.91728400175309]",19
9,1244265337,settled,Qk2i_0001,unmatched,,"[-0.9163656239680553, -0.3124533183594708, 0.1567298713931644, -0.19514792970686085]","[-0.9999999821378867, -2.826478835510559e-06, -0.0001547825394272602, -0.00010843709171409754]","[480.1150498998145, 9.993483879922659, 14.999186273500122]",5.100000000000038,100.0,0.0,"[50.0, 91.98653810404807, 91.98653810404808]",27
10,2740186692,settled,Qk2i_0010,unmatched,,"[0.6454694822641096, -0.13579899155073316, -0.5987883368552699, -0.45429099595480205]","[0.4998965879387698, -0.5001856845475142, -0.5000359542521635, -0.4998817128041779]","[479.7979565178016, 15.008688773290947, 10.280112221407014]",5.040000000000018,100.0,0.0,"[50.0, 93.03394044278389, 93.0339404427839]",23
11,3884972972,settled,Qk2i_0012,unmatched,,"[-0.6012548493196739, -0.6463381036093496, -0.20334873870383272, -0.42354333008537154]","[-0.5000265361085691, -0.4999229653534287, -0.49992645754026205, -0.5001240135713791]","[480.03927825721655, 9.71024370425516, 10.003710316637282]",5.230000000000081,100.0,0.0,"[50.0, 91.16811260049204, 91.16811260049202]",28
12,829139639,settled,Qk2i_0005,unmatched,,"[0.5209095300472875, 0.10632951834513299, -0.4095752090978097, 0.7413470463466431]","[0.7070890418893518, -0.00026924373131624856, 0.00017115247501974009, 0.707124448067412]","[479.52763792428965, 15.011069655657462, 9.998495156720885]",5.200000000000071,100.0,0.0,"[50.0, 91.62106653184539, 91.6210665318454]",19
13,2545567356,settled,Qk2i_0012,unmatched,,"[-0.20435424223634752, -0.592516211079748, -0.6028523939159808, -0.4936930974172911]","[-0.49988445823343725, -0.5000750771090059, -0.49993569571383223, -0.500104734852822]","[480.27200831523066, 9.71332374069572, 9.995908748044918]",5.020000000000011,100.0,0.0,"[50.0, 90.4339692729232, 90.43396927292322]",34
14,2718398101,settled,Qk2i_0001,unmatched,,"[0.04456266628605246, 0.22721982493144482, -0.0337641677325857, -0.9722372657478868]","[-1.5783067146835087e-05, 0.00015902809712585366, -8.254120599756942e-05, -0.9999999838239542]","[479.9803030444672, 10.005444049162316, 15.003063511553224]",5.0600000000000245,100.0,0.0,"[50.0, 91.38646561050462, 91.38646561050463]",35
15,176092387,settled,Qk2i_0008,unmatched,,"[0.6150094261867407, 0.09473742193381708, -0.6668593261385558, -0.40998398228323635]","[0.6533004716545787, 0.27071439256569646, -0.6532531936818607, -0.2705041151963137]","[480.3108367575368, 13.944946647083377, 12.575659556895282]",5.260000000000091,100.0,0.0,"[50.0, 91.28455179056732, 91.28455179056733]",25
16,3528048386,settled,Qk2i_0014,unmatched,,"[0.05964849127147125, -0.7507736843900195, 0.5184949801332069, 0.4048998492135285]","[7.169755668577293e-05, -0.7071325311037044, 0.7070810258711242, -3.41667612366126e-05]","[479.80701182292967, 14.999371777963704, 10.001382518650594]",5.250000000000088,100.0,0.0,"[50.0, 92.87538712699809, 92.8753871269981]",32
17,569531098,settled,Qk2i_0012,unmatched,,"[-0.11874297779359728, -0.7836385736386496, 0.3947598820333435, 0.4647314565072098]","[-0.5000675900441695, -0.5000309801281766, 0.4997148591311082, 0.5001864490997816]","[480.0659106997099, 9.719028759639704, 9.994982203102982]",4.959999999999991,100.0,0.0,"[50.0, 92.31102166275691, 92.31102166275693]",25
18,1337295874,settled,Qk2i_0005,unmatched,,"[0.7540801171321847, 0.10513828949510484, 0.3578000943176255, 0.5406368555086236]","[0.7071937445058186, 0.00011028840285798064, -0.00016390502636016703, 0.7070197795701685]","[479.651289990611, 15.007238641104914, 9.994996098802442]",5.050000000000021,100.0,0.0,"[50.0, 93.04627905054637, 93.04627905054639]",20
19,612016888,settled,Qk2i_0006,unmatched,,"[0.12009615038615984, 0.8091503209928758, -0.26528910017446583, -0.5103668935463713]","[-4.8926891649980764e-05, 0.7070814670419391, -0.00012490082090485521, -0.7071320817016886]","[480.2793397360557, 10.001279222306765, 9.71838563564848]",5.050000000000021,100.0,0.0,"[50.0, 90.71106287419778, 90.71106287419776]",37
20,232150720,settled,Qk2i_0006,unmatched,,"[-0.5359830145526445, 0.08906100796225318, -0.8028613047566096, -0.24536517743217254]","[-0.7070960720857373, -0.0001799676285301477, -0.707117457770138, 0.00011562556629551857]","[479.9538402532706, 10.007590412693423, 9.713744164090217]",5.0900000000000345,100.0,0.0,"[50.0, 90.33933684135422, 90.33933684135421]",35
21,2324106676,settled,Qk2i_0001,unmatched,,"[-0.04500258594739219, 0.0025524340432222146, -0.32651812985035056, -0.944115545480283]","[-5.927843303554781e-06, 6.516310753179023e-05, -0.00011989076093046864, -0.9999999906724178]","[480.37682919390846, 9.99847377832113, 15.000397306693934]",5.110000000000041,100.0,0.0,"[50.0, 88.81523378855712, 88.81523378855712]",31
22,1658700540,settled,Qk2i_0004,unmatched,,"[0.3856602856164407, 0.1640545618070452, -0.897042914685939, -0.1402364220176025]","[0.7070001164803869, 1.5044657864227151e-05, -0.7072134200302644, 0.00011661678435170852]","[480.3357206530511, 9.997598067306889, 10.275575918611812]",5.290000000000101,100.0,0.0,"[50.0, 92.10121653271726, 92.10121653271727]",42
23,609942288,settled,Qk2i_0011,unmatched,,"[-0.6615657420037585, 0.6011805735348285, -0.4450209339615182, 0.05356356361715848]","[-0.5001120213654638, 0.4999623038690406, -0.5000566589122817, 0.49986898150735154]","[479.76094191648025, 10.27953253452636, 10.00067649801002]",5.290000000000101,100.0,0.0,"[50.0, 92.83893595872819, 92.83893595872817]",44
24,3405943863,settled,Qk2i_0003,unmatched,,"[0.7845222555156509, 0.5211125294606916, 0.14359868610630752, -0.30388481302667647]","[0.7070811093097229, 0.7071324504585604, -1.3317362688863854e-05, -4.67808876090936e-05]","[480.3810259277188, 9.720678114762523, 14.99887558024063]",5.240000000000085,100.0,0.0,"[50.0, 92.86044662917848, 92.8604466291785]",38
25,2257503667,settled,Qk2i_0012,unmatched,,"[0.6034227644478223, 0.39225425648930207, -0.5079168677173587, -0.4733265480620753]","[0.4998607233090449, 0.5000225824916756, -0.5000765736957872, -0.5000400931245375]","[479.9423799586544, 9.7164051844201, 9.991466841506137]",5.0900000000000345,100.0,0.0,"[50.0, 87.01693334196769, 87.0169333419677]",35
26,4018327298,settled,Qk2i_0004,unmatched,,"[-0.7659205575247773, -0.2830695053767261, 0.5022718464389246, -0.28453531759966677]","[-0.7071025427014218, -8.041854068274734e-05, 0.7071110038363566, -0.0001260618200539798]","[480.2297881800488, 9.997937178323278, 10.283116257264085]",4.879999999999964,100.0,0.0,"[50.0, 91.72836179399783, 91.72836179399785]",28
27,2224437599,settled,Qk2i_0011,unmatched,,"[-0.6123369115304546, 0.06270447467512338, 0.5201098551092568, -0.5921126533450277]","[-0.4999986691729837, 0.49996007483091576, 0.5000857907923992, -0.4999554542635286]","[479.9247004430947, 10.287112886544563, 10.000492337656114]",5.270000000000095,100.0,0.0,"[50.0, 91.91423954218132, 91.91423954218133]",40
28,168388230,settled,Qk2i_0006,unmatched,,"[0.611570761245609, 0.02118769316912591, 0.654066567917755, 0.44466752791262565]","[0.7071317622590424, 0.0002046838320894917, 0.7070817524548492, -0.00015573801575366475]","[479.8161352679087, 9.990847211755092, 9.711375043617336]",5.000000000000004,100.0,0.0,"[50.0, 92.39423923304976, 92.39423923304977]",30
29,911875363,settled,Qk2i_0011,unmatched,,"[0.4179313099460675, -0.6409283940444419, -0.2553852315313794, 0.59103519132962]","[0.4999312728530293, -0.5000597283663402, -0.4999718449356273, 0.5000371433817664]","[479.7660694350644, 10.284999177743973, 10.001317227434244]",5.050000000000021,100.0,0.0,"[50.0, 88.77622961711822, 88.7762296171182]",26
30,3699796293,settled,Qk2i_0011,unmatched,,"[-0.30739590938505207, 0.5248451890741236, -0.7006219887471803, 0.37306046598779463]","[-0.49991120604810624, 0.49993129327181074, -0.49989964635662476, 0.5002577652047236]","[479.73186215221284, 10.28343358556992, 9.99661458471163]",5.050000000000021,100.0,0.0,"[50.0, 90.27517293027621, 90.27517293027623]",29
31,3195154224,settled,Qk2i_0009,unmatched,,"[0.12201026212475458, -0.7550394894311968, 0.42152916537896845, 0.48717761450074515]","[0.49968788396115643, -0.49995944393073427, 0.5000863904064504, 0.5002661043656069]","[480.27903472795754, 15.001070686022079, 9.709132099999966]",5.0300000000000145,100.0,0.0,"[50.0, 92.39138234697833, 92.39138234697835]",17
32,3621210587,settled,Qk2i_0001,unmatched,,"[-0.19518508667563716, -0.23685537345835786, 0.3018603443143305, -0.9025977213209435]","[0.00016281107043997212, 8.836281769221214e-05, -5.747203152316592e-05, -0.9999999811907666]","[479.69282432802754, 9.99665914903371, 14.99891098693372]",5.230000000000081,100.0,0.0,"[50.0, 92.06291391346774, 92.06291391346775]",21
33,1945778437,settled,Qk2i_0009,unmatched,,"[0.5994480898969989, 0.5232689771236637, 0.5614537647935656, -0.22720307017715616]","[0.49989598888210746, 0.5001157235803383, 0.500235808432423, -0.49975233795276536]","[479.58608415646523, 15.007387558414697, 9.714724797278986]",5.100000000000038,100.0,0.0,"[50.0, 92.7187885825158, 92.71878858251581]",18
34,2384190687,settled,Qk2i_0012,unmatched,,"[0.6271519910898339, 0.7556355349822913, 0.01241359428343946, -0.18852379431002778]","[0.5001201219098802, 0.49997303894735173, 0.4998854032174143, 0.5000214071784925]","[479.70793944140945, 9.719776647631942, 9.999530349804786]",5.430000000000148,100.0,0.0,"[50.0, 91.73687356039099, 91.736873560391]",24
35,3249086786,settled,Qk2i_0014,unmatched,,"[-0.1597703233753325, 0.4897195982284835, -0.5779003828038035, -0.6329923431090553]","[-0.0002841534079287686, 0.7071352424880569, -0.7070782525648083, 0.00011330531778021691]","[479.9026377614287, 15.005622639857725, 9.993220151820942]",5.270000000000095,100.0,0.0,"[50.0, 92.63398872420812, 92.63398872420814]",24
36,439485575,settled,Qk2i_0004,unmatched,,"[0.5212781417789312, 0.09256863769634534, -0.808698544051474, 0.25633339826790696]","[0.7069866887684353, -0.00015844751695659465, -0.7072268334784209, 5.2978432069833437e-05]","[480.3833860154245, 10.005644014975692, 10.280899143945812]",5.110000000000041,100.0,0.0,"[50.0, 89.95501504488257, 89.95501504488259]",34
37,2217192537,settled,Qk2i_0002,unmatched,,"[-0.21740486374478168, -0.112592853649051, -0.6073056375673959, 0.7558027765932958]","[-0.00023425949739899749, 0.00014850005366556782, -0.7072968503128404, 0.7069166065440516]","[480.3142849218545, 10.280149974676682, 15.001598704263731]",5.290000000000101,100.0,0.0,"[50.0, 92.05116673801547, 92.05116673801545]",34
38,3412522237,settled,Qk2i_0010,unmatched,,"[-0.24621569511367875, -0.5467507847628059, 0.7917514866850981, -0.11649461005935267]","[-0.5000141551990449, -0.5000696340005034, 0.4997739860710353, -0.5001421483916916]","[480.0436114529241, 15.007741552845259, 10.279269078551412]",5.260000000000091,100.0,0.0,"[50.0, 91.13148677760532, 91.13148677760533]",20
39,555567425,settled,Qk2i_0014,unmatched,,"[-0.4612726253349569, -0.6958366341102525, -0.5223568792301665, 0.17373034987483388]","[-8.053043420318471e-05, -0.7071378770949952, -0.7070756767480446, -6.036329620122407e-05]","[480.0282734683818, 15.004528948386533, 9.997379741579888]",5.230000000000081,100.0,0.0,"[50.0, 91.31874443662107, 91.31874443662109]",18
40,3399977417,settled,Qk2i_0009,unmatched,,"[0.8655048205669646, 0.02649245432845738, 0.32018421698658933, 0.38429366717613994]","[0.4999957915791645, -0.5000151620752379, 0.49988877514186786, 0.5001002485353926]","[479.751094875998, 14.997808766088871, 9.716637294668573]",5.220000000000078,100.0,0.0,"[50.0, 92.30385286983137, 92.30385286983136]",28
41,2903099886,settled,Qk2i_0001,unmatched,,"[-0.9275430186800664, -0.235950465654843, 0.17719537592713272, -0.22933191013283477]","[-0.9999999553987922, 2.5164668017409067e-05, 6.88507440590195e-05, 0.0002895319121530848]","[479.9219368411232, 9.991845674692565, 14.99642728366107]",5.190000000000068,100.0,0.0,"[50.0, 92.24720095678043, 92.24720095678045]",33
42,151712926,settled,Qk2i_0011,unmatched,,"[0.7767554207616434, -0.4945431487690227, -0.02057994009867571, -0.3894284997127939]","[0.499887649759997, -0.5001484485247494, 0.5001373643338788, -0.4998264537345677]","[479.58638279542214, 10.282729560792882, 9.998106718988502]",5.080000000000031,100.0,0.0,"[50.0, 92.24096147735361, 92.2409614773536]",24
43,1207582415,settled,Qk2i_0011,unmatched,,"[-0.43303184102989717, 0.26753182802764564, -0.22157253360287404, 0.831754626076253]","[-0.4998599069604458, 0.5001694155229152, -0.4999972214659105, 0.4999734070081418]","[480.0788098704265, 10.294156254139562, 9.994346564878645]",5.010000000000008,100.0,0.0,"[50.0, 91.86078123751446, 91.86078123751444]",32
44,2486821540,settled,Qk2i_0014,unmatched,,"[0.1594260365462531, -0.38474526354833694, 0.9006348849824816, 0.12414195503884198]","[-0.00012342484656560092, -0.7071959981202237, 0.7070175270383903, 0.00014652497069727902]","[479.89183674510934, 15.006053410490685, 9.985739201026425]",5.210000000000075,100.0,0.0,"[50.0, 92.76071641127373, 92.76071641127375]",16
45,1259821421,settled,Qk2i_0003,unmatched,,"[-0.32259113934371036, 0.05897052116106503, -0.5412481782532801, -0.7742789187291779]","[1.831312394290352e-05, -2.7794354970106516e-05, -0.7070499706778972, -0.7071635863479455]","[480.1649888327452, 9.712059360489414, 14.996872933167358]",5.280000000000098,100.0,0.0,"[50.0, 93.12244656935027, 93.12244656935026]",39
46,597594931,settled,Qk2i_0003,unmatched,,"[-0.17871979468227023, -0.894261750835104, -0.36951140635140683, -0.17837173699402925]","[-0.7070018658340255, -0.7072116791595778, -4.630731839344593e-05, -2.0570109775408518e-05]","[479.68487598255007, 9.71685912687344, 14.988882578838815]",4.949999999999988,100.0,0.0,"[50.0, 92.6851535654482, 92.68515356544822]",33
47,2865206418,settled,Qk2i_0003,unmatched,,"[-0.02304740513733, -0.04508619876411423, 0.7730641006988977, 0.632303683373775]","[-7.809459458346657e-05, -0.00034673715910371605, 0.7070450612511414, 0.7071684064174153]","[479.8336479419947, 9.711152044235897, 14.995149722196356]",5.0600000000000245,100.0,0.0,"[50.0, 88.8300949812131, 88.83009498121308]",34
48,3003750881,settled,Qk2i_0011,unmatched,,"[-0.3199398432093655, 0.16753826196273716, 0.4776615276337274, -0.8008800737465539]","[-0.4998666188199989, 0.5001677067891098, 0.49991256537976575, -0.5000530526356244]","[480.2194986970504, 10.291277395032758, 9.979516472632067]",5.170000000000061,100.0,0.0,"[50.0, 90.81316031718077, 90.81316031718079]",28
49,3312495928,settled,Qk2i_0002,unmatched,,"[-0.0645330648177024, -0.0038038643413784616, 0.42946817366907813, -0.9007652868348409]","[-0.00015301405749737484, 0.0002287132181125473, 0.707554916586945, -0.7066583080178167]","[480.4262429532725, 10.287230865196676, 15.00630006155506]",5.1500000000000545,100.0,0.0,"[50.0, 89.19991771800136, 89.19991771800137]",24
50,3078168926,settled,Qk2i_0001,unmatched,,"[0.0747193812888315, 0.25057809186231017, 0.15564422601431893, 0.9525767732035362]","[-0.00016470474583502037, 3.123858076101376e-05, -0.00021067325265834263, 0.9999999637566386]","[479.65798684705095, 10.007748992226329, 14.991347320827021]",5.210000000000075,100.0,0.0,"[50.0, 91.98164842401023, 91.98164842401025]",39
51,1005097259,settled,Qk2i_0010,unmatched,,"[-0.6801311659388386, -0.5348920800158797, 0.3007708324979351, -0.40105980373687483]","[-0.4999299507591608, -0.5000199687253701, 0.49999400255448245, -0.5000560694755852]","[479.98291746148703, 14.999991722836887, 10.279779059230759]",5.130000000000048,100.0,0.0,"[50.0, 91.50722474529246, 91.50722474529248]",25
52,1646080115,settled,Qk2i_0004,unmatched,,"[-0.5522257028074862, -0.16147308682972467, 0.6507326016280868, -0.495500046989705]","[-0.7072064655662745, 4.728298801714993e-06, 0.707007072328968, -0.0001213083781096136]","[479.9344999770208, 10.000717929876705, 10.282974182737089]",5.1500000000000545,100.0,0.0,"[50.0, 92.29493292743862, 92.29493292743864]",27
53,2175304393,settled,Qk2i_0009,unmatched,,"[0.4635177847490668, -0.3631238729793856, 0.7637832286457282, 0.2644380754227277]","[0.4997655187860196, -0.4999769488414546, 0.500065108274012, 0.5001923273568186]","[480.27182183963185, 15.002221525003268, 9.70751958550443]",5.020000000000011,100.0,0.0,"[50.0, 91.32671834391415, 91.32671834391417]",26
54,3907648593,settled,Qk2i_0011,unmatched,,"[-0.5606148293844427, 0.6692917164969598, 0.42495561750449845, -0.23910737013771846]","[-0.49994577433329623, 0.4999647941312836, 0.5000545279208407, -0.5000348952437311]","[480.10451502160447, 10.291573917032295, 9.990684630380176]",5.070000000000028,100.0,0.0,"[50.0, 90.16442293396393, 90.16442293396395]",28
55,1971688097,settled,Qk2i_0003,unmatched,,"[-0.7670451610843334, -0.5854990613356909, 0.19452063009749831, 0.17605196533582376]","[-0.7069621439252237, -0.7072513442484639, -0.0002422039923676289, -6.672794123951942e-05]","[480.1512053302781, 9.715909686612447, 14.998309092930928]",5.230000000000081,100.0,0.0,"[50.0, 91.3422877344656, 91.34228773446561]",27
56,268300483,settled,Qk2i_0002,unmatched,,"[0.16069949385948554, -0.1473121650444817, 0.9459423078805231, -0.2401415184112949]","[-0.00034887520152673823, 8.905067063549876e-05, 0.707137369320031, -0.707076100053748]","[479.98891634057543, 10.28904380019716, 15.002577126634456]",5.390000000000135,100.0,0.0,"[50.0, 92.11060104983966, 92.11060104983967]",29
57,3139098279,settled,Qk2i_0006,unmatched,,"[0.8218696626780811, -0.0530459906765047, 0.5409598824621232, 0.1705250304475304]","[0.7071104148537634, 0.00015595472435839253, 0.7071031045568152, -0.00019081293573292024]","[479.72325253947827, 9.992418728368202, 9.717425761169963]",5.210000000000075,100.0,0.0,"[50.0, 89.10505287928373, 89.10505287928375]",32
58,3174456534,settled,Qk2i_0014,unmatched,,"[0.08486702368824024, 0.578487481595668, -0.8085728801483829, 0.06602817138123637]","[-0.00011898775262216705, 0.7070178537724693, -0.7071956677272511, 0.0001668433200824963]","[480.36958343675644, 15.003839322339264, 9.994195629353102]",5.050000000000021,100.0,0.0,"[50.0, 90.19795075307188, 90.1979507530719]",22
59,997026310,settled,Qk2i_0002,unmatched,,"[0.11339847940532417, -0.26350367621587667, -0.34201138662076364, 0.8948378673877303]","[0.0002496622265573678, 9.038421387358442e-06, -0.7070281938910534, 0.7071853156211847]","[479.6086873093811, 10.274642603278933, 14.997973162225467]",5.010000000000008,100.0,0.0,"[50.0, 92.90274115799247, 92.90274115799248]",41
60,4280428995,settled,Qk2i_0015,unmatched,,"[0.040082764222048275, -0.3945078544329628, 0.8849169822152643, -0.24429256924853357]","[0.0004464260270468434, -0.0003535417491365434, 0.9999998374367337, 2.895755907060069e-05]","[479.7655622661932, 9.994767995173115, 14.998248179395041]",5.040000000000018,100.0,0.0,"[50.0, 92.19465247501881, 92.19465247501883]",31
61,345698675,settled,Qk2i_0003,unmatched,,"[0.1799933627723881, -0.12901717489034167, -0.7131556542542776, -0.6651059845967076]","[0.0003347286409251249, 8.178418813820088e-05, -0.7068774499560326, -0.7073359541347664]","[480.08282288391746, 9.716528372269119, 15.00596821511431]",5.000000000000004,100.0,0.0,"[50.0, 91.0593387995154, 91.05933879951539]",34
62,2296661869,settled,Qk2i_0002,unmatched,,"[0.17970682933787863, 0.07114079317206774, 0.5188104045949198, -0.8327545899724789]","[0.0003020040978954086, -7.799576483957793e-05, 0.7074229419562672, -0.7067904101670631]","[480.16235459629104, 10.282387387167159, 15.001330463001558]",5.220000000000078,100.0,0.0,"[50.0, 91.80832987617306, 91.80832987617305]",26
63,1808063307,settled,Qk2i_0014,unmatched,,"[0.2033581204969602, 0.7445317657791194, 0.5727615353710702, -0.2761560214319879]","[-6.215821817018591e-05, 0.7071236771617122, 0.7070898441647447, 0.00023154423277116072]","[479.6931212983809, 15.005948086450301, 9.9890746195218]",5.140000000000051,100.0,0.0,"[50.0, 89.90569731773753, 89.90569731773752]",22
64,3884888703,settled,Qk2i_0012,unmatched,,"[0.6793004957295425, 0.4230084733751552, -0.5069137185358015, -0.32039530257889964]","[0.5000361232787438, 0.4998452889704531, -0.5000416283457957, -0.5000769265140057]","[479.5368231004804, 9.71588436681578, 9.99510838310804]",5.0300000000000145,100.0,0.0,"[50.0, 88.81384044741169, 88.8138404474117]",27
65,2494461129,settled,Qk2i_0012,unmatched,,"[0.6988770933263098, 0.586695007864493, -0.028007765136989552, -0.40813642481734236]","[0.5000345513117284, 0.5000753822667859, -0.4998001402185679, -0.5000898713058549]","[479.74614509724313, 9.723207640863022, 9.992592202494329]",5.000000000000004,100.0,0.0,"[50.0, 92.99669700651023, 92.99669700651025]",31
66,3862701690,settled,Qk2i_0006,unmatched,,"[0.32442249600288015, -0.49395592226430945, -0.12500221364868, 0.7969517159340374]","[-7.712694865039116e-05, -0.7070318549240384, 0.0003851793544683013, 0.7071815904072818]","[480.2807261598342, 10.00045484708133, 9.715326953321826]",5.1500000000000545,100.0,0.0,"[50.0, 90.50207486872606, 90.50207486872607]",32
67,1989052338,settled,Qk2i_0015,unmatched,,"[-0.42870128489106196, -0.8600027388149851, 0.11578295519546317, 0.25140565795081565]","[-7.363214121880027e-05, -0.9999999921737555, -9.943177441273932e-05, 1.8550445934446738e-05]","[480.1917939019114, 10.008616659221923, 14.998761289267211]",5.300000000000105,100.0,0.0,"[50.0, 92.79682670190059, 92.7968267019006]",26
68,2910179760,settled,Qk2i_0011,unmatched,,"[0.6874480246775395, -0.6293776814475954, 0.0713303005926424, -0.35526178471651215]","[0.4999421573813422, -0.4999772339302704, 0.500061558561641, -0.5000190421106256]","[480.2891723402346, 10.2797049227185, 10.002327740293687]",5.260000000000091,100.0,0.0,"[50.0, 92.27097416994009, 92.2709741699401]",35
69,1983180500,settled,Qk2i_0005,unmatched,,"[0.5537040183723525, -0.21712226630328488, -0.041601373278368714, -0.8028319296434271]","[0.7070901197262619, -0.00029651401418310174, 0.00044713604413626614, -0.70712323871748]","[479.62899478289734, 15.020337894881562, 10.000196633949049]",5.160000000000058,100.0,0.0,"[50.0, 91.50256847728174, 91.50256847728176]",24
70,2796940620,settled,Qk2i_0009,unmatched,,"[0.6429623651661133, 0.4498104375355989, 0.5600263962080593, -0.2657826232360657]","[0.5000791418497472, 0.4999972599550556, 0.5000237693789644, -0.4998998119426623]","[479.6816424038981, 15.01358969695007, 9.715612572431938]",5.050000000000021,100.0,0.0,"[50.0, 92.66317888813668, 92.6631788881367]",23
71,2835193311,settled,Qk2i_0004,unmatched,,"[-0.03739039526881122, -0.9208521173882708, -0.08934805188513095, -0.3776906960298498]","[-1.5736254613346604e-05, -0.7071804805152196, -1.1141650929802351e-05, -0.7070330739127393]","[480.1054694534583, 10.004638477011447, 10.281642267278519]",5.330000000000115,100.0,0.0,"[50.0, 91.7212348628843, 91.72123486288432]",36
72,1671370085,settled,Qk2i_0006,unmatched,,"[-0.8264346652783222, -0.1321621962163896, -0.3527524311990733, 0.41845503964071346]","[-0.7071185929811544, 4.289280983052479e-05, -0.7070949628822308, 8.418512958854873e-05]","[480.05274730896457, 10.007036968443554, 9.715010952714264]",5.170000000000061,100.0,0.0,"[50.0, 91.44943939594809, 91.4494393959481]",33
73,3953588250,settled,Qk2i_0004,unmatched,,"[0.4702031123833249, 0.021406761150447595, -0.8422546634947904, 0.26278863275141723]","[0.7069208888327551, -0.00010106507273308085, -0.7072926171823776, 1.9926402069853077e-05]","[480.3328436268862, 10.006030974884759, 10.27751383339367]",5.160000000000058,100.0,0.0,"[50.0, 90.90707872524925, 90.90707872524926]",37
74,358542842,settled,Qk2i_0001,unmatched,,"[0.10735659184234503, 0.2029367794254412, -0.02907667244048502, -0.9728544458778069]","[-0.00025238909335956183, -8.117746354872034e-05, 0.0006418880745143918, -0.9999997588448034]","[479.88676652651776, 9.999385164331354, 14.998396471793951]",5.080000000000031,100.0,0.0,"[50.0, 92.11271459937313, 92.11271459937315]",26
75,3497188667,settled,Qk2i_0015,unmatched,,"[0.2919765679122567, -0.048747198747361525, 0.9150532874671483, 0.2739541485358981]","[-3.0783947590198255e-07, -0.00018052209863084204, 0.9999999481034813, -0.00026684211084211163]","[479.680236494737, 10.00877802802147, 14.997880254297097]",5.210000000000075,100.0,0.0,"[50.0, 91.24172748747631, 91.24172748747631]",32
76,253549709,settled,Qk2i_0010,unmatched,,"[0.30010673307083396, 0.5155344203869836, -0.6703577212910298, 0.44133970551866974]","[0.49988915733555644, 0.5002556341004877, -0.49980491186433273, 0.5000501784874722]","[480.00939188851504, 15.005404546131226, 10.280501047216353]",5.130000000000048,100.0,0.0,"[50.0, 90.54605435088583, 90.54605435088584]",27
77,1953331372,settled,Qk2i_0001,unmatched,,"[-0.14150696466078264, -0.1808100534266529, 0.05662958103217592, -0.971636039926712]","[-5.1633438307219226e-05, 0.00022306071236408875, -2.6173852918740133e-06, -0.9999999737855276]","[479.6285087570797, 10.00973192384234, 14.999336185049815]",5.1500000000000545,100.0,0.0,"[50.0, 91.81559396616119, 91.8155939661612]",26
78,890775398,settled,Qk2i_0004,unmatched,,"[0.6001554371354401, -0.15560007509735826, -0.7567404099813465, 0.2072342148578009]","[0.7071552726233451, -5.889581913356978e-05, -0.7070582808751981, 6.616717282795226e-05]","[480.18620763830364, 10.0036150531125, 10.271052577252242]",5.210000000000075,100.0,0.0,"[50.0, 88.48706698727229, 88.4870669872723]",46
79,642810498,settled,Qk2i_0004,unmatched,,"[0.2022732219215205, -0.9256380572142716, -0.08491884377451847, -0.3083318353690952]","[-0.00020488239463514746, -0.7070751711336554, 0.0001939906333277841, -0.7071383335367631]","[480.2675021631006, 9.996315438148775, 10.281172077384493]",5.210000000000075,100.0,0.0,"[50.0, 91.10826014441494, 91.10826014441493]",42
80,1233062494,settled,Qk2i_0005,unmatched,,"[0.6484705890085933, -0.1699505138861542, -0.1394193506500166, -0.7288106494042248]","[0.7072694166071252, 0.00043086312189934795, -6.989137679237344e-05, -0.7069439735964813]","[480.2297559126622, 15.01100539596442, 9.99270959880126]",5.1800000000000646,100.0,0.0,"[50.0, 88.93465827779468, 88.9346582777947]",18
81,908446902,settled,Qk2i_0010,unmatched,,"[0.22250656114612832, 0.8486682401872814, -0.3923837536671801, 0.2762028931825312]","[0.5001172031104703, 0.49998912253206285, -0.49982438686740505, 0.5000692380013004]","[479.8080781172129, 15.002038368968803, 10.277007227842033]",5.190000000000068,100.0,0.0,"[50.0, 92.03872744539947, 92.03872744539949]",19
82,3109591194,settled,Qk2i_0012,unmatched,,"[-0.7393603768084694, -0.47008268318612156, -0.4348076896123711, -0.2081124148822611]","[-0.49974880739222705, -0.5003222000172094, -0.5001256290365871, -0.49980314210771476]","[479.8067351608265, 9.7133186526253, 9.995192540202828]",5.200000000000071,100.0,0.0,"[50.0, 92.25167269831516, 92.25167269831518]",32
83,2446198906,settled,Qk2i_0011,unmatched,,"[0.46838088924676186, -0.6025678945606854, 0.5917783634461127, -0.25947956295276087]","[0.5000673311966789, -0.49989481776782435, 0.5001966933450296, -0.49984107814924883]","[479.5835816652028, 10.28895397817875, 9.999325215274984]",5.100000000000038,100.0,0.0,"[50.0, 89.76767526525438, 89.76767526525437]",37
84,3358664237,settled,Qk2i_0003,unmatched,,"[0.024765616581336785, 0.0070959192151057865, -0.5881586200781739, -0.8083351716915311]","[-8.587210884741792e-05, 5.1733099666523286e-05, -0.7070928015692615, -0.7071207534209418]","[479.6342261187292, 9.722713994763337, 14.994728318175467]",5.080000000000031,100.0,0.0,"[50.0, 88.31205463742674, 88.31205463742675]",27
85,896344283,settled,Qk2i_0009,unmatched,,"[-0.38634312381259117, -0.4288502954339026, -0.23248445573040505, 0.7828009917167457]","[-0.5001245916146083, -0.5000601888294449, -0.49989237862741004, 0.4999228042412261]","[480.3899205551249, 15.00237087444903, 9.703044583113419]",5.100000000000038,100.0,0.0,"[50.0, 90.96219205506591, 90.96219205506593]",21
86,1869944201,settled,Qk2i_0005,unmatched,,"[0.670371325755256, 0.3999286459601908, 0.031112881082000495, -0.6242526350576072]","[0.7072481861214993, 0.00013046809625853414, -0.00030267582482450695, -0.7069652711366168]","[479.66828551509826, 15.005852121861249, 9.99634007869567]",5.020000000000011,100.0,0.0,"[50.0, 91.46426857760945, 91.46426857760943]",24
87,3190319407,settled,Qk2i_0005,unmatched,,"[-0.4447457840659689, 0.06240244522790489, 0.13797312136129672, 0.8827630147253258]","[-0.7072404209084623, 6.396644657442358e-05, -0.00015883680082592484, 0.7069730954657225]","[479.8239579498731, 15.00754993930114, 9.99247064627659]",5.1200000000000445,100.0,0.0,"[50.0, 92.23821723727713, 92.23821723727711]",26
88,987968938,settled,Qk2i_0006,unmatched,,"[-0.8775247888270632, -0.11605795115981574, -0.46151621007641014, -0.05902190104792356]","[-0.7071473668843918, -3.612638866196117e-05, -0.7070661525125693, 0.00023701144990509465]","[479.71237858522204, 10.012691488330837, 9.712217180442572]",5.190000000000068,100.0,0.0,"[50.0, 91.06145187305088, 91.06145187305087]",33
89,48960437,settled,Qk2i_0014,unmatched,,"[0.2114012471439735, 0.6114095541866983, 0.6451706556466325, -0.406500547167762]","[-0.00015827013113463726, 0.7070266054490176, 0.7071869298461236, 1.981460653997758e-05]","[480.33939385475486, 15.005534214985307, 9.997390905059495]",5.160000000000058,100.0,0.0,"[50.0, 90.44386559638444, 90.44386559638443]",26
90,2405484524,settled,Qk2i_0012,unmatched,,"[-0.3417230195255686, -0.4212427763487342, 0.8142340509593118, 0.20688840363521335]","[-0.4999324848364484, -0.500007006714418, 0.500004064056958, 0.50005643658318]","[479.5332802958522, 9.709293016024398, 9.995212765619723]",5.140000000000051,100.0,0.0,"[50.0, 92.54618449042114, 92.54618449042115]",30
91,3763400334,settled,Qk2i_0014,unmatched,,"[0.10769911928143597, 0.8032662467918286, -0.5638345914346622, 0.15891755715678432]","[7.775942873534878e-06, 0.7071640800895675, -0.7070493737716521, 0.0003831706214452423]","[479.9105366473102, 14.99787704531627, 9.99835944263792]",5.020000000000011,100.0,0.0,"[50.0, 90.26937228982521, 90.26937228982523]",24
92,4209925572,settled,Qk2i_0006,unmatched,,"[-0.2551440352611338, -0.7322693535047043, 0.09629130523668734, 0.6240281241452846]","[-4.638465240083822e-05, -0.707159454806861, -7.521895242779131e-06, 0.7070541020807024]","[480.08690869473514, 9.99601653820657, 9.713708224956525]",5.000000000000004,100.0,0.0,"[50.0, 88.74842925814959, 88.7484292581496]",32
93,4172993659,settled,Qk2i_0003,unmatched,,"[0.02061258821177018, -0.08279958466112873, -0.5816412641634049, -0.8089578417999006]","[0.00016586038487195756, 4.452103362109772e-05, -0.7071190991020656, -0.7070944422022377]","[480.25413425750827, 9.716800357156393, 14.997783597246844]",5.210000000000075,100.0,0.0,"[50.0, 89.58852294896168, 89.5885229489617]",33
94,2147595062,settled,Qk2i_0011,unmatched,,"[0.2212092258062878, -0.37459868996068196, -0.8561954135913807, 0.2786964543064874]","[0.5001037845709794, -0.5000505985359445, -0.4999074567487777, 0.4999381344212465]","[479.6229255942158, 10.283546644954091, 9.999138051363577]",5.140000000000051,100.0,0.0,"[50.0, 91.32427209593264, 91.32427209593266]",25
95,3425188374,settled,Qk2i_0012,unmatched,,"[0.5059250338539225, 0.5109554085324367, 0.07321181329946617, 0.6910893292511195]","[0.4998806812505047, 0.5001450747645663, 0.5000555195720378, 0.4999186794337826]","[479.57593252762763, 9.723748759699847, 9.999952327885147]",5.130000000000048,100.0,0.0,"[50.0, 92.8587467248191, 92.85874672481911]",39
96,3309235867,settled,Qk2i_0015,unmatched,,"[-0.24306734196876895, -0.9520584383161628, 0.18532314741948006, -0.012582858568879786]","[9.987429471084553e-05, -0.9999999390159462, -0.00033378759571295324, 2.406387881434089e-05]","[480.3142785703509, 10.001689556197954, 14.995281186348723]",5.130000000000048,100.0,0.0,"[50.0, 91.03076409229224, 91.03076409229223]",38
97,3869940862,settled,Qk2i_0012,unmatched,,"[0.4370446962991622, 0.5315879670277385, -0.0712213307553231, -0.7220344097018713]","[0.4999597367732868, 0.500151761563235, -0.49984278641402974, -0.5000456637954552]","[479.8132008571755, 9.716607747383554, 10.000250922198077]",5.080000000000031,100.0,0.0,"[50.0, 92.6349509428552, 92.63495094285521]",25
98,3445858407,settled,Qk2i_0009,unmatched,,"[0.3661788719150667, -0.41659059920173236, 0.7948487591076118, 0.24613158384254633]","[0.5000410589253131, -0.5002553560478982, 0.49976616522236744, 0.49993729430116707]","[480.23122971282555, 15.008815812145885, 9.711684626867926]",5.070000000000028,100.0,0.0,"[50.0, 91.50323840356234, 91.50323840356232]",19
99,683688611,settled,Qk2i_0006,unmatched,,"[-0.682405748726563, 0.305727349839879, -0.6632158721570864, 0.03158937453857804]","[-0.7070029654532652, 0.00028911217884791673, -0.707210493108674, 0.00020418477745010044]","[479.61562378871656, 10.01159468317377, 9.70505299545018]",5.140000000000051,100.0,0.0,"[50.0, 89.8308420328648, 89.83084203286481]",33
100,3671515462,settled,Qk2i_0011,unmatched,,"[0.6402118711341894, -0.3304223695691226, -0.27371010904364496, 0.6372068690421518]","[0.4999688556079693, -0.5000540224624952, -0.5000291553805686, 0.49994795910227596]","[479.83224403981814, 10.28000282874338, 9.993724321885685]",5.050000000000021,100.0,0.0,"[50.0, 90.40095579920916, 90.40095579920917]",33
101,3027130951,settled,Qk2i_0009,unmatched,,"[0.4323985038399516, -0.027103271289900536, 0.5777234325488388, 0.6917604947135565]","[0.5002540377952739, -0.49980857093258213, 0.4998480470264022, 0.5000892120169625]","[480.075265837026, 14.999911817433048, 9.712310296817767]",5.210000000000075,100.0,0.0,"[50.0, 92.96825704451717, 92.96825704451716]",24
102,3369736057,settled,Qk2i_0012,unmatched,,"[0.392632373983932, 0.52958689597549, 0.7336367340362236, 0.1647867742977288]","[0.49988257593290764, 0.49979865650969, 0.5003871349935268, 0.4999314236600453]","[479.7957383223671, 9.716538871695237, 9.999080124478224]",5.050000000000021,100.0,0.0,"[50.0, 92.66395614973355, 92.66395614973356]",38
103,1655287705,settled,Qk2i_0012,unmatched,,"[-0.338374559147956, -0.8339932412337537, -0.3591333831681041, -0.24694360569181797]","[-0.4997316361673044, -0.49997441707612533, -0.5001768113752346, -0.5001170177522862]","[479.58117725793255, 9.715119680186818, 9.99053238534417]",5.0300000000000145,100.0,0.0,"[50.0, 91.52824057120864, 91.52824057120866]",28
104,3004971955,settled,Qk2i_0005,unmatched,,"[0.5983807723644567, 0.14162009627689387, 0.0638763219609358, 0.7860050986398133]","[0.7071403549565392, -0.00022780598924572378, 0.00016454803832976125, 0.7070731499783557]","[479.5891346092348, 14.995245682687012, 9.994439110232337]",5.130000000000048,100.0,0.0,"[50.0, 91.9292242436632, 91.92922424366321]",20
105,1256815592,settled,Qk2i_0006,unmatched,,"[-0.8963728679837667, 0.2073247730587596, -0.3124893183533954, -0.23639489405171335]","[-0.7068630031756953, 5.2903700685613675e-05, -0.7073503658401032, 0.0003897287615090561]","[480.1912358589271, 10.006615439667035, 9.713885760164287]",5.450000000000155,100.0,0.0,"[50.0, 92.44349552947232, 92.4434955294723]",40
106,267482411,settled,Qk2i_0009,unmatched,,"[0.4002740386498517, -0.1331578089714626, 0.5374979806924249, 0.7301682084591344]","[0.49973496312385984, -0.500266965894544, 0.4998377841727078, 0.5001600933496987]","[479.95664468654775, 15.009608992408275, 9.71171844905647]",5.230000000000081,100.0,0.0,"[50.0, 92.85721687692303, 92.85721687692302]",25
107,2210323869,settled,Qk2i_0003,unmatched,,"[-0.03946429185382657, -0.17456744636691948, 0.9180226636504986, 0.35384059315100097]","[2.5984675911527866e-05, -7.804107214592904e-05, 0.7069336036897645, 0.7072799114979802]","[479.8401523681791, 9.711215624616578, 15.000752125316986]",5.0600000000000245,100.0,0.0,"[50.0, 90.73054120342813, 90.73054120342815]",30
108,3218958405,settled,Qk2i_0006,unmatched,,"[-0.404214603219616, -0.0038812743139640593, -0.9040684339258072, 0.13876511460971241]","[-0.7072215404352699, -0.0002779269667564366, -0.7069918770943273, -0.0003181565727205238]","[480.0651817717851, 10.006700358909026, 9.712456966214683]",5.100000000000038,100.0,0.0,"[50.0, 90.97310726958298, 90.973107269583]",22
109,3163371865,settled,Qk2i_0002,unmatched,,"[0.8462289503461226, -0.5167025404202564, -0.06457889602577149, 0.11289204802573749]","[0.7073777576047916, -0.7068355259903571, 0.00039392650882486, -0.0003034235613580405]","[480.2816396570731, 10.289846773667431, 15.006785888698396]",5.260000000000091,100.0,0.0,"[50.0, 89.8528210238643, 89.85282102386431]",27
110,1394697297,settled,Qk2i_0011,unmatched,,"[-0.527043442183119, 0.08164700032060408, 0.5638111724638022, -0.6306155240678819]","[-0.5000007203665111, 0.5000468949739205, 0.4999825016861837, -0.4999698795602953]","[479.5304766005395, 10.284996661850895, 9.999887498413651]",5.200000000000071,100.0,0.0,"[50.0, 90.93199059779887, 90.93199059779889]",43
111,4178031102,settled,Qk2i_0015,unmatched,,"[0.14205173309217967, 0.22217751906063563, 0.8725296558567031, -0.4112790473634079]","[-0.00020747544387056762, 0.00020873271219901124, 0.9999999563683779, 2.545264843920225e-05]","[479.82214881494326, 9.996408330964377, 15.000743091246315]",5.040000000000018,100.0,0.0,"[50.0, 92.51797704087734, 92.51797704087733]",28
112,643453088,settled,Qk2i_0003,unmatched,,"[0.16125469630250971, -0.1583389287120832, -0.45793045026355916, -0.8597821871242212]","[0.00029476467214267776, 0.0004162281533779677, -0.7068831644537961, -0.7073301433416365]","[479.92432680698255, 9.718212729931953, 15.001165150610943]",5.070000000000028,100.0,0.0,"[50.0, 91.48863065389415, 91.48863065389416]",26
113,3249835323,settled,Qk2i_0010,unmatched,,"[-0.4388154353499695, -0.6030056891706321, 0.6417647301759779, -0.17878250369827034]","[-0.4998737955862625, -0.5003168099014373, 0.49992287243694367, -0.4998863869226966]","[480.33980449180314, 15.006178466929798, 10.283539285656614]",5.210000000000075,100.0,0.0,"[50.0, 91.67513926176814, 91.67513926176815]",25
114,349764347,settled,Qk2i_0009,unmatched,,"[-0.30489753517779516, -0.43322652470872064, -0.6190352861678763, 0.5797823607271656]","[-0.49994669712299467, -0.4999932447464401, -0.5001292574202956, 0.49993077632404165]","[480.31938593834934, 15.001559737510025, 9.711765285596442]",5.1200000000000445,100.0,0.0,"[50.0, 91.08123389772413, 91.08123389772415]",25
115,317791015,settled,Qk2i_0003,unmatched,,"[0.5443368254782056, 0.8017468445001573, -0.08128455950703292, 0.2330069487120453]","[0.7072209648220075, 0.706992561533604, 8.787262316295454e-05, 0.0001308846224033489]","[480.2867310181831, 9.723727846618743, 15.001641989711295]",5.0300000000000145,100.0,0.0,"[50.0, 91.56027663981067, 91.56027663981068]",33
116,4067508317,settled,Qk2i_0012,unmatched,,"[0.5955590242325951, 0.7207480982005338, 0.2068895066340097, 0.28814642048821065]","[0.49989460519026174, 0.500145598833204, 0.5001622627049874, 0.49979743360212964]","[479.927537601584, 9.730921168919922, 10.002635338274137]",5.220000000000078,100.0,0.0,"[50.0, 91.66487121817384, 91.66487121817386]",37
117,2385507088,settled,Qk2i_0002,unmatched,,"[0.7935180967557761, -0.5842239107778282, 0.16865601414313822, -0.02380338400102947]","[0.7069120216024268, -0.7073014397107208, 0.00013340028625480335, -0.00022203935490622268]","[480.044386497574, 10.30225797384216, 15.004702688144308]",5.080000000000031,100.0,0.0,"[50.0, 91.51956261106211, 91.51956261106213]",21
118,1526028037,settled,Qk2i_0011,unmatched,,"[0.2630177601705282, -0.7900518183688993, 0.4937222272738805, -0.25075514834713364]","[0.499899091887378, -0.500122455674632, 0.49983031341851647, -0.5001480631254093]","[480.1124259704815, 10.284939121691128, 9.99575245718156]",5.1800000000000646,100.0,0.0,"[50.0, 92.05918614104777, 92.05918614104779]",37
119,297824171,settled,Qk2i_0001,unmatched,,"[-0.933932999720975, 0.21481804800681226, 0.26642393429049765, 0.10315350464185136]","[-0.9999999257790958, -0.00036934060641041544, 0.00010606405353642191, -2.792375579152573e-05]","[480.13465524029033, 10.009649629096685, 15.004456147956153]",5.280000000000098,100.0,0.0,"[50.0, 91.42119436747628, 91.42119436747629]",43
120,1353143832,settled,Qk2i_0010,unmatched,,"[0.5671219962586049, 0.5721035472805955, -0.5847319661804703, 0.09570109861091201]","[0.5001081572195447, 0.5000197153587395, -0.4999923287606536, 0.49987977206077744]","[479.73205855177093, 15.002282445439034, 10.277730944733772]",5.190000000000068,100.0,0.0,"[50.0, 92.86378928919122, 92.86378928919123]",20
121,1739382006,settled,Qk2i_0001,unmatched,,"[0.9563955010837077, 0.2085247552370943, 0.03434642180192158, -0.2016070317959121]","[0.9999999677568139, 6.609014812622479e-05, 6.422172273378373e-05, -0.00023663058523493152]","[480.09428476733007, 9.998646440178973, 14.99997126300254]",5.080000000000031,100.0,0.0,"[50.0, 91.6245059978541, 91.62450599785411]",32
122,580680804,settled,Qk2i_0001,unmatched,,"[-0.16968873215430308, -0.36406722040316836, 0.42312173284399845, -0.8121753458477228]","[0.00011409386777372355, -9.361091171648674e-05, 0.00010938649695521621, -0.9999999831270903]","[479.53120767974565, 10.011100806809003, 15.002478416649986]",5.280000000000098,100.0,0.0,"[50.0, 91.69719023173806, 91.69719023173803]",22
123,2823014988,settled,Qk2i_0012,unmatched,,"[-0.41227841655831576, -0.6776159921022714, -0.6077500533991811, 0.03876786144108055]","[-0.5001070861264771, -0.4999326981163032, -0.5000309134198789, -0.4999292803834552]","[479.8710790399671, 9.722381526446105, 9.994776292216704]",5.170000000000061,100.0,0.0,"[50.0, 91.30317912176638, 91.30317912176639]",40
124,3517474495,settled,Qk2i_0015,unmatched,,"[-0.23672114932782023, 0.04142403951345284, -0.8289665791097921, -0.5050361938815002]","[0.0003532195865675975, -9.808930108962108e-05, -0.9999999179140652, -0.00017258700840151858]","[479.54853746098286, 10.003929149475667, 15.006353068864756]",5.220000000000078,100.0,0.0,"[50.0, 91.90286855006919, 91.9028685500692]",25
125,1323262800,settled,Qk2i_0010,unmatched,,"[-0.6415921793379193, -0.5698607289892506, 0.4583733999693336, -0.23132671953065048]","[-0.5000641977301522, -0.5000922168615085, 0.4999800263264901, -0.499863527432842]","[479.93878801713106, 15.004024418141016, 10.276128243245271]",5.130000000000048,100.0,0.0,"[50.0, 92.47954849568832, 92.47954849568833]",26
126,975802718,settled,Qk2i_0010,unmatched,,"[0.1828500380211907, -0.3326974519297312, -0.8638549380056043, -0.3311086153491733]","[0.5001087761885812, -0.4998698019431938, -0.4999590364188726, -0.5000623510998845]","[480.0473601974329, 15.007893539835145, 10.271109700542434]",5.210000000000075,100.0,0.0,"[50.0, 93.11942931252526, 93.11942931252527]",24
127,2199045525,settled,Qk2i_0002,unmatched,,"[-0.22696590219673, 0.3044849169639917, -0.8281543798994311, 0.4122326256312622]","[-0.00011199424375563097, 9.195661902780541e-05, -0.707067592231919, 0.7071459531218618]","[479.77388388169754, 10.284598880300983, 15.001278551387516]",5.380000000000131,100.0,0.0,"[50.0, 91.5120389360315, 91.51203893603152]",37
128,1193102617,settled,Qk2i_0006,unmatched,,"[0.264923181569912, 0.29490665124873133, -0.18009117139264283, -0.9002293846029246]","[-3.53726030268009e-05, 0.7071212951516592, -2.8542891324201403e-05, -0.707092265462664]","[479.528825202627, 10.003707001518753, 9.71279858443255]",5.190000000000068,100.0,0.0,"[50.0, 93.06061530297573, 93.06061530297575]",22
129,884894373,settled,Qk2i_0009,unmatched,,"[0.24323434425598156, -0.33171914018306525, 0.7142081939729147, 0.5663092101251029]","[0.5000852006869628, -0.49988209505174086, 0.5001733580439096, 0.49985927520017204]","[480.1385509751503, 15.004750245111374, 9.716000933304283]",5.100000000000038,100.0,0.0,"[50.0, 91.64547174669397, 91.64547174669399]",27
130,3411013638,settled,Qk2i_0004,unmatched,,"[0.3126121128521153, -0.6949372831241458, -0.027806151001005218, -0.6469641855533245]","[-3.359234494576535e-05, -0.7072074238425435, 7.055407371026057e-05, -0.707006119885585]","[479.6295258941244, 10.003595966342894, 10.282651305914479]",5.130000000000048,100.0,0.0,"[50.0, 90.4891857593781, 90.48918575937809]",36
131,805745625,settled,Qk2i_0006,unmatched,,"[-0.3424978912137264, 0.6707485143263009, 0.13948719511167293, -0.6429113060470228]","[-0.0003825682162387489, 0.7071610173436157, -0.00036967940987503445, -0.7070523407274998]","[479.97078461795485, 9.990909943452628, 9.711195912134386]",5.0300000000000145,100.0,0.0,"[50.0, 88.74592516527117, 88.74592516527119]",28
132,3780170430,settled,Qk2i_0012,unmatched,,"[-0.45454422231488245, -0.5278795953913799, 0.4315643283729163, 0.5731360337700163]","[-0.5000091110158482, -0.49996811719719014, 0.4999361050826076, 0.5000866540133518]","[479.85608630004634, 9.716884088506994, 9.994252341822458]",5.130000000000048,100.0,0.0,"[50.0, 85.30527468317314, 85.30527468317312]",29
133,3127142703,settled,Qk2i_0003,unmatched,,"[0.8109661425997057, 0.5741242930685939, -0.029942342788381628, 0.10871369634863957]","[0.7070590299879652, 0.7071544777656489, 0.00011352091169652967, -0.0002445433964101962]","[479.9313245352562, 9.714304068769307, 14.993796298845288]",5.0600000000000245,100.0,0.0,"[50.0, 90.17669936423475, 90.17669936423474]",31
134,2145807442,settled,Qk2i_0001,unmatched,,"[-0.9662686388106635, 0.17809795131962475, 0.1504178008414682, -0.10945557352988719]","[-0.9999999077955035, 0.00036695442479159075, -0.00012243112927766927, 0.0001864512088871062]","[480.32029986330446, 10.00107691211653, 14.989965844736249]",5.350000000000121,100.0,0.0,"[50.0, 91.28234611762291, 91.2823461176229]",36
135,7356014,settled,Qk2i_0011,unmatched,,"[0.4988490939016427, -0.7433352498905929, -0.3422532345282446, 0.2854207617510581]","[0.4999981246814018, -0.4999604660177875, -0.49994087435070433, 0.5001005197835846]","[480.3200521469021, 10.277630312814724, 9.992782732788843]",5.140000000000051,100.0,0.0,"[50.0, 90.49364883121832, 90.49364883121831]",38
136,1854214563,settled,Qk2i_0005,unmatched,,"[-0.4786522849747108, 0.042381572721339654, -0.04037269627946136, 0.8760512757694499]","[-0.7071437355099895, -0.00012410461236364006, 0.00026011570788286024, 0.7070697661948513]","[479.94736922687576, 15.009798221837782, 9.997352135597735]",5.200000000000071,100.0,0.0,"[50.0, 91.49054216805457, 91.49054216805459]",23
137,3246756741,settled,Qk2i_0012,unmatched,,"[-0.08399953635894963, -0.5055213412894473, 0.5871633428450268, 0.626603112194197]","[-0.500034934734532, -0.49994664692005664, 0.5001342719256274, 0.4998841108935623]","[479.582094728593, 9.727478787371924, 9.996234858966737]",5.220000000000078,100.0,0.0,"[50.0, 92.01942695544109, 92.0194269554411]",37
138,4269520782,settled,Qk2i_0012,unmatched,,"[-0.5194752963382888, -0.681171635858136, -0.44299430503509846, -0.2643986851386907]","[-0.5000203345748779, -0.5000547633988044, -0.4999825784361024, -0.49994231654679894]","[479.67603805947107, 9.714022830304001, 10.002108418351243]",5.190000000000068,100.0,0.0,"[50.0, 89.48046943113062, 89.48046943113063]",31
139,3093880402,settled,Qk2i_0014,unmatched,,"[-0.05416076341648033, -0.7478633609396701, 0.6225989594738519, -0.22391413696379583]","[-0.00017421105948710393, -0.7070627673026975, 0.7071507195439604, -0.0002694312851822598]","[480.1473947495694, 15.000642251742052, 9.99757685297858]",4.909999999999974,100.0,0.0,"[50.0, 90.7712010894568, 90.77120108945681]",25
140,721312908,settled,Qk2i_0001,unmatched,,"[0.9460509825279109, 0.08363880904516226, 0.11253047497721545, -0.29211124641287545]","[0.999999955794047, -0.0002609348146839229, -0.00014256061356195072, -1.1823891820084143e-06]","[479.746114463547, 9.998933003783991, 14.99837475291798]",5.050000000000021,100.0,0.0,"[50.0, 92.65365756688966, 92.65365756688965]",31
141,2185234596,settled,Qk2i_0010,unmatched,,"[0.658049694064986, 0.4307563872776133, -0.5116749430735624, 0.3458443112025753]","[0.49997856632331755, 0.5000024746045206, -0.4998988972095284, 0.5001200367665077]","[480.2395959652841, 15.000133914833729, 10.265533035007396]",5.0600000000000245,100.0,0.0,"[50.0, 92.11705513011157, 92.11705513011158]",25
142,1811372632,settled,Qk2i_0006,unmatched,,"[-0.7830079767653161, 0.2912889024962417, -0.5406254869584637, 0.09886033813084501]","[-0.7070512982976642, -0.00022415672746384233, -0.7071622237276768, 2.572695634803224e-05]","[480.30938186465903, 10.006030974954035, 9.708669560552938]",5.140000000000051,100.0,0.0,"[50.0, 91.0145640652691, 91.01456406526908]",36
143,158871473,settled,Qk2i_0012,unmatched,,"[0.2953320344710821, 0.049810363611343736, -0.7414813692062492, -0.6004192670227223]","[0.49985496803296375, 0.5001461227287115, -0.49985453366114013, -0.5001442912106521]","[479.5710099364212, 9.721586025275029, 9.995808362199652]",5.260000000000091,100.0,0.0,"[50.0, 92.2476236338149, 92.24762363381491]",35
144,3933942357,settled,Qk2i_0009,unmatched,,"[-0.5223161875567112, 0.16004639687034006, -0.6757715829697406, -0.4948774784889842]","[-0.5000809869390711, 0.5000596484556739, -0.499835497757704, -0.5000238291019145]","[480.04615720568296, 15.004421524025236, 9.712273117342045]",5.1200000000000445,100.0,0.0,"[50.0, 93.1744155767938, 93.17441557679382]",16
145,2247311752,settled,Qk2i_0015,unmatched,,"[0.17245837010463527, -0.918707757440569, -0.27106461152521216, 0.22969140902101487]","[-0.0002031693725629755, -0.9999999697375273, 0.00012706014848323788, 5.570340574540527e-05]","[479.54402694949067, 9.996119088019093, 14.998955540827287]",5.210000000000075,100.0,0.0,"[50.0, 92.88918467312925, 92.88918467312926]",31
146,2639539135,settled,Qk2i_0015,unmatched,,"[0.24645239917756623, 0.9491774324123663, 0.19576363711496306, -0.00012297239657634696]","[-2.3990568078469884e-05, 0.999999997662999, 1.5154644393722272e-05, -6.219961001841544e-05]","[480.2897126757332, 10.004108540551417, 14.998124502037026]",5.140000000000051,100.0,0.0,"[50.0, 91.21661904867287, 91.21661904867288]",28
147,588020478,settled,Qk2i_0004,unmatched,,"[-0.5541136395536193, -0.535687911217833, 0.6371731857264717, 0.0026206157474491726]","[-0.707062722334522, -1.8918143906476725e-05, 0.7071508145483804, 0.00017835515365363652]","[479.68014346360104, 10.0032722883628, 10.27591796730769]",5.160000000000058,100.0,0.0,"[50.0, 92.96905184633077, 92.96905184633079]",24
148,2481404281,settled,Qk2i_0010,unmatched,,"[0.47312332071797125, -0.36721755019782076, -0.5034863658683956, -0.6227415785092134]","[0.5000571317702678, -0.5000153569049747, -0.49999627096490795, -0.4999312321170485]","[479.63081013732614, 15.008547119590203, 10.282327305563848]",5.110000000000041,100.0,0.0,"[50.0, 90.26660524239169, 90.2666052423917]",19
149,3605935409,settled,Qk2i_0006,unmatched,,"[0.43758170113077044, -0.04842813697409204, 0.8423244287835887, 0.3109124105903791]","[0.7071106086592233, -0.00013935642202256296, 0.7071029367873075, 6.699354913350387e-05]","[479.7408195939099, 10.001696146889715, 9.713135870871394]",5.220000000000078,100.0,0.0,"[50.0, 91.25741563733708, 91.25741563733709]",46
150,1724216363,settled,Qk2i_0002,unmatched,,"[0.9038264397716476, -0.3574809547607453, -0.07814863091813816, 0.2218060532056667]","[0.7071196980510656, -0.7070938298050541, -3.334290388201656e-05, 0.00021764200427473737]","[480.1063854465513, 10.275135331954765, 14.998038550661542]",5.1800000000000646,100.0,0.0,"[50.0, 90.78802543163593, 90.78802543163594]",21
151,3705963873,settled,Qk2i_0012,unmatched,,"[-0.24027385609289806, -0.5535180547836926, -0.6057941642682696, -0.5185553660364869]","[-0.4998408578620512, -0.5002006902092564, -0.5000279807875109, -0.49993039991130483]","[479.6580330862212, 9.717490573624412, 9.998651656148898]",5.080000000000031,100.0,0.0,"[50.0, 89.22825794841327, 89.22825794841329]",31
152,3077038052,settled,Qk2i_0004,unmatched,,"[0.1080488437677232, 0.9024479935694852, 0.290136968917735, 0.2995556801833302]","[-0.0001502933322282407, 0.7070381595182107, -1.070348066878335e-05, 0.7071753801444526]","[480.0233713279919, 9.994409197679984, 10.276515519751296]",5.280000000000098,100.0,0.0,"[50.0, 92.09696699691956, 92.09696699691955]",35
153,3012538924,settled,Qk2i_0003,unmatched,,"[-0.2967683441627183, 0.032054318743469104, 0.7489957090204642, 0.5915289497748546]","[4.0727218559022393e-05, 0.00027933876686705994, 0.7071173963084119, 0.7070961095559496]","[479.6560055568101, 9.709564442329345, 14.999331186176072]",5.050000000000021,100.0,0.0,"[50.0, 92.27175696966475, 92.27175696966474]",27
154,339579960,settled,Qk2i_0009,unmatched,,"[0.10943307599770635, -0.7653763970695862, 0.4390938896072842, 0.457624222256652]","[0.49999099140096404, -0.49998696680896465, 0.49999551787413604, 0.5000265229413606]","[480.0282691391291, 15.00269916135959, 9.709291298624265]",4.990000000000001,100.0,0.0,"[50.0, 92.47713575445272, 92.47713575445269]",14
155,3595527923,settled,Qk2i_0012,unmatched,,"[0.2823598288094946, 0.23222413686361007, -0.7567781334317684, -0.5418779697424069]","[0.49996563643012903, 0.5001460123986523, -0.49984864853084243, -0.5000396556600624]","[479.61649421588197, 9.722750865999252, 9.998682233367918]",5.160000000000058,100.0,0.0,"[50.0, 91.64324865945326, 91.64324865945328]",44
156,863450078,settled,Qk2i_0002,unmatched,,"[0.7155061920956329, -0.5773152119456528, -0.01774451200080499, 0.39299257934827014]","[0.7069271355594919, -0.7072863792354022, -1.2584988104413775e-05, 5.09837666973767e-05]","[479.747342918871, 10.28229005358576, 14.998800376070559]",5.270000000000095,100.0,0.0,"[50.0, 93.05936831484178, 93.05936831484179]",33
157,1293846983,settled,Qk2i_0004,unmatched,,"[-0.18121937706311114, -0.3645890702557667, 0.8980017844289259, -0.16681469476445587]","[-0.7071144017870326, 0.00010514317151635866, 0.7070991526246475, -9.369421582222648e-06]","[479.59076486720556, 9.996998047566963, 10.276228515011303]",5.210000000000075,100.0,0.0,"[50.0, 92.1606521410553, 92.16065214105531]",24
158,297175216,settled,Qk2i_0005,unmatched,,"[-0.8477666509896012, -0.1312003505967588, -0.01452264579268696, 0.5136801205345047]","[-0.7073364262565559, 7.42073971581228e-05, -0.00013714335103888296, 0.7068770443122109]","[480.0761190023412, 14.995829111988902, 10.006350623736717]",5.110000000000041,100.0,0.0,"[50.0, 92.22741714508257, 92.22741714508258]",28
159,1619853330,settled,Qk2i_0014,unmatched,,"[0.15586584480866492, 0.8197316892259058, 0.5503561712418267, -0.029221240168093774]","[-0.0001154381438854951, 0.7071445460232794, 0.7070689744183414, -0.00020765009083075576]","[479.8636315336959, 15.001144238389482, 9.983006408560165]",5.0600000000000245,100.0,0.0,"[50.0, 92.00859925210324, 92.00859925210322]",23
160,1315304267,settled,Qk2i_0011,unmatched,,"[-0.4261424284512491, 0.323448349614014, -0.8134978350905626, 0.22804619731232195]","[-0.500056234767834, 0.50006625290973, -0.5002064147464504, 0.4996709391360888]","[480.0611379301939, 10.277105866062874, 9.995465952596545]",5.080000000000031,100.0,0.0,"[50.0, 91.63432223111946, 91.63432223111947]",40
161,3174143715,settled,Qk2i_0002,unmatched,,"[0.21028905661679084, 0.04956162990199746, 0.6021092416687611, -0.7686264493274656]","[3.652919072211214e-05, 4.394460478146511e-05, 0.7072416390915173, -0.7069718952473529]","[480.38317656901944, 10.284966651319579, 14.99988480695228]",5.170000000000061,100.0,0.0,"[50.0, 92.14743221326506, 92.14743221326508]",34
162,1039824701,settled,Qk2i_0002,unmatched,,"[0.01929008521369939, -0.13940476716176264, -0.33327631338561314, 0.9322666477146534]","[-0.00017091160497881286, -0.00011261123146372176, -0.7071693392635269, 0.7070441879497494]","[480.1052859542777, 10.287157577820373, 14.99495329919424]",5.1200000000000445,100.0,0.0,"[50.0, 90.80631350655177, 90.80631350655179]",25
163,721441559,settled,Qk2i_0011,unmatched,,"[0.46336501333295005, -0.46209886921724336, -0.18784827917029898, 0.732441481280148]","[0.5000260368383418, -0.4999021760406023, -0.4999286116373694, 0.5001431396509847]","[480.3090480224765, 10.283514556216076, 10.003370639156108]",5.1800000000000646,100.0,0.0,"[50.0, 91.27097625624192, 91.27097625624194]",41
164,4105799406,settled,Qk2i_0005,unmatched,,"[0.8527785751162813, 0.07031150942377336, -0.23963750908264853, -0.45869255248571367]","[0.70717289006405, -7.358612457764182e-05, 5.5697181790756153e-05, -0.7070406601047533]","[479.9459159940863, 15.003983502501768, 10.002006538899128]",5.170000000000061,100.0,0.0,"[50.0, 92.93494572791995, 92.93494572791997]",19
165,1633137197,settled,Qk2i_0005,unmatched,,"[0.7236837473945174, -0.25836959954595595, -0.3369182255788813, -0.5440708529780555]","[0.7072416561164498, -0.0001818785205978478, -0.000227393946678765, -0.7069718205599558]","[480.34952445043905, 15.004611877905369, 9.992528722411446]",5.220000000000078,100.0,0.0,"[50.0, 89.93598853809908, 89.93598853809907]",26
166,1521883525,settled,Qk2i_0013,unmatched,,"[-0.5517513661834995, 0.22633379929291328, 0.7597306458933603, -0.2591385476974333]","[-0.6532778597387232, 0.2706457347210851, 0.653361621011868, -0.2703655237659219]","[480.27459112577736, 12.568925243614961, 12.571559245461565]",5.260000000000091,100.0,0.0,"[50.0, 89.17911046314022, 89.1791104631402]",29
167,3988848284,settled,Qk2i_0009,unmatched,,"[0.7716485919791595, -0.43616381321231806, 0.404354639949391, 0.22542604927574153]","[0.4995942199147982, -0.49997510178477317, 0.5001669564827002, 0.5002634592550839]","[480.3220071396066, 14.999198489474505, 9.71560836708917]",5.230000000000081,100.0,0.0,"[50.0, 92.21873577739672, 92.21873577739673]",21
168,2356674901,settled,Qk2i_0002,unmatched,,"[-0.27157585302068527, 0.8944891783916432, 0.23089258753045264, -0.2698597391605915]","[-0.707177658415126, 0.7070358788274814, -0.00015722386486077822, -2.774538901717527e-05]","[480.21212154168813, 10.288106271261471, 14.996737645195015]",5.370000000000128,100.0,0.0,"[50.0, 92.99574090095409, 92.9957409009541]",28
169,3622559309,settled,Qk2i_0002,unmatched,,"[-0.28730237314646756, 0.13582052279844167, -0.8446638484557238, 0.4307587666932988]","[0.00013868525344601368, -9.54700746039483e-05, -0.7070467032860096, 0.7071668339396658]","[479.62033633319174, 10.283937393435677, 14.996592591185955]",5.420000000000145,100.0,0.0,"[50.0, 93.02999121846561, 93.02999121846563]",32
170,855568988,settled,Qk2i_0015,unmatched,,"[-0.05865782718403258, -0.1040160805530854, 0.9877741037645836, -0.10021094864582358]","[4.7853008262606485e-05, -5.824586788721886e-05, 0.9999999919838994, 0.00010173352333293647]","[480.30023937651936, 9.989438135975925, 14.999581519173582]",5.100000000000038,100.0,0.0,"[50.0, 90.28425643609009, 90.2842564360901]",32
171,2610361744,settled,Qk2i_0005,unmatched,,"[0.8768837609624777, 0.09896632620723421, 0.0167945194244441, -0.47010475444803335]","[0.70707135369697, 0.00016598818489942273, 1.2961253827426729e-05, -0.7071421873011556]","[479.62843058062094, 15.007409851322874, 9.99609028427445]",5.0900000000000345,100.0,0.0,"[50.0, 92.04470410941583, 92.04470410941585]",32
172,3797455899,settled,Qk2i_0011,unmatched,,"[-0.4969180501798989, 0.4726899551502556, 0.24221087694672733, -0.686272940450193]","[-0.49984271917995315, 0.5001138352735315, 0.49999243369713425, -0.5000509714983129]","[479.7773233845248, 10.28011228999935, 9.99686613431546]",5.140000000000051,100.0,0.0,"[50.0, 90.67134857077117, 90.67134857077116]",28
173,3701701166,settled,Qk2i_0012,unmatched,,"[0.038018151991904496, 0.4712419557531807, 0.8264302886090928, 0.30577543610716856]","[0.4999464317948179, 0.4999072381523335, 0.5000014895883171, 0.5001448080186375]","[479.5204751698695, 9.715187253788695, 9.995231947035785]",4.969999999999994,100.0,0.0,"[50.0, 92.99362288390819, 92.99362288390819]",41
174,1820757617,settled,Qk2i_0009,unmatched,,"[-0.5010353124202004, 0.6673439701378755, -0.2903095196649054, -0.46833324035406926]","[-0.5001212140782927, 0.5000251802455848, -0.5000614363021589, -0.4997921070531696]","[480.2570403594059, 15.002165521931646, 9.715028944560492]",5.110000000000041,100.0,0.0,"[50.0, 92.11259872303606, 92.11259872303607]",15
175,3255375637,settled,Qk2i_0015,unmatched,,"[0.16079504159719665, 0.03163046504438766, 0.9836813166119124, -0.07426665218983812]","[-1.8195826817084902e-05, -3.386574562130873e-05, 0.9999999236938697, 0.00038875992342670513]","[480.0631701155877, 10.003495903783028, 15.002839799052637]",5.110000000000041,100.0,0.0,"[50.0, 90.40825104454697, 90.40825104454699]",29
176,1973362254,settled,Qk2i_0009,unmatched,,"[0.4370329981051625, 0.6281019972483824, 0.25933110964107237, -0.5892685425102347]","[0.5000556299090683, 0.49988578260974714, 0.49989195349834586, -0.5001665784201232]","[480.2642883373092, 15.001236368074348, 9.713149599192592]",5.080000000000031,100.0,0.0,"[50.0, 92.52317354984544, 92.52317354984542]",24
177,817567550,settled,Qk2i_0010,unmatched,,"[-0.6508066209752018, 0.08221533458115264, 0.55707091057372, 0.5092773129122438]","[-0.499871161856566, 0.5000674089669452, 0.4997391546784321, 0.5003220815779958]","[479.5660663227018, 15.001252383881264, 10.282649770206616]",4.929999999999981,100.0,0.0,"[50.0, 93.17944358108583, 93.17944358108585]",19
178,3034277235,settled,Qk2i_0007,unmatched,,"[0.8184751723934598, -0.1985326357737203, 0.4910595501215825, -0.22258414800390608]","[0.6534140530033414, -0.27053585716080186, 0.6531236377622642, -0.2707211464296858]","[480.11900179420144, 12.581437243013651, 13.933268979416388]",5.260000000000091,100.0,0.0,"[50.0, 91.53625387867835, 91.53625387867837]",28
179,422340604,settled,Qk2i_0012,unmatched,,"[-0.10515306509406758, -0.6939169060083207, 0.5688745799846401, 0.4287235387804846]","[-0.500064444934282, -0.49985716382904605, 0.5000102719873102, 0.5000680899522854]","[479.95544430044754, 9.712251539029765, 9.99932414437069]",5.1500000000000545,100.0,0.0,"[50.0, 92.66554898247044, 92.66554898247043]",44
180,2537213971,settled,Qk2i_0010,unmatched,,"[0.23132630909009871, 0.46561995068971057, -0.8276594625733378, 0.21134335630740153]","[0.4999790648079599, 0.5000207389798804, -0.49987310292205894, 0.500127060174557]","[479.6017563966701, 15.002083122537037, 10.27723376166038]",5.210000000000075,100.0,0.0,"[50.0, 91.5553341594033, 91.55533415940332]",20
181,2777209301,settled,Qk2i_0015,unmatched,,"[0.32930012781810725, 0.01867638849719574, 0.9112679827706169, -0.24658321497792762]","[-0.0001843431352036271, 4.927879216548581e-05, 0.9999999620626201, -0.00019865539888627037]","[479.5946405863323, 10.003725848928882, 15.003150930801981]",5.1500000000000545,100.0,0.0,"[50.0, 91.65238926639451, 91.65238926639452]",28
182,3393578195,settled,Qk2i_0015,unmatched,,"[-0.15397492832795756, 0.3309463782688252, -0.9275545927691834, -0.08005431649787881]","[-0.0002410186972309002, -4.02989269150944e-05, -0.9999999676426461, -7.071556467009842e-05]","[480.36485242554124, 10.007176227172026, 14.99609483445312]",5.220000000000078,100.0,0.0,"[50.0, 92.89725048152334, 92.89725048152333]",41
183,968986378,settled,Qk2i_0012,unmatched,,"[-0.4905117620949998, -0.29508233684492746, 0.22153130108786623, 0.7894608973007544]","[-0.4999872394639634, -0.5002161305666986, 0.49977487101291485, 0.5000216609289134]","[480.08934600881076, 9.72786882278692, 9.994374249966187]",5.270000000000095,100.0,0.0,"[50.0, 92.78541236061042, 92.78541236061044]",27
184,688328363,settled,Qk2i_0012,unmatched,,"[0.6574786135502686, 0.48651254614584893, 0.39037759997999605, 0.4226496712415117]","[0.5000151985643101, 0.4998305344864525, 0.5000563913540246, 0.5000978338942007]","[479.73522037930024, 9.728001901224419, 9.997541540027338]",5.100000000000038,100.0,0.0,"[50.0, 88.12798795688086, 88.12798795688087]",41
185,4152859901,settled,Qk2i_0006,unmatched,,"[0.8341644144507744, 0.048874222441177215, 0.5394240533290614, -0.10393618587774474]","[0.7069766817370696, 0.00024947445975187504, 0.7072367788487378, 0.00021882915163215505]","[480.07116783978637, 9.994803700083619, 9.713794494094328]",5.130000000000048,100.0,0.0,"[50.0, 88.7080466235249, 88.70804662352487]",29
186,1795468969,settled,Qk2i_0003,unmatched,,"[0.6958911543690574, 0.6723588408308361, 0.1118583646721971, -0.22617868308126884]","[0.7071887243409662, 0.7070248232059796, -7.098946702999155e-05, -4.9960444043428705e-05]","[479.8997453091353, 9.719075931597194, 14.998217496341994]",5.250000000000088,100.0,0.0,"[50.0, 91.91284033447755, 91.91284033447754]",37
187,2590496957,settled,Qk2i_0010,unmatched,,"[0.1047572316295402, 0.8643758926302282, 0.4643415446167823, 0.16207149226163065]","[-0.49967244255410975, 0.5001011569534535, 0.49981881566632264, 0.500407268604026]","[479.9271005772534, 15.012657235456608, 10.27160405306043]",5.300000000000105,100.0,0.0,"[50.0, 92.93308225930124, 92.93308225930126]",18
188,3299187091,settled,Qk2i_0001,unmatched,,"[0.20222460773203968, 0.2009896358457774, -0.3863384758428723, -0.8771835363215675]","[-2.623481365465752e-05, 0.00014111617535993498, 0.00014213160894142047, -0.9999999795982826]","[480.00145383164056, 9.999084652232343, 14.996870430278584]",5.0600000000000245,100.0,0.0,"[50.0, 92.28082205785272, 92.2808220578527]",27
189,1977285233,settled,Qk2i_0015,unmatched,,"[-0.32756654353009235, 0.8699542333514705, 0.3587758928499423, 0.08461471587927127]","[1.4318204253165694e-05, 0.9999999924934432, 0.00012112877963549318, 1.1658538974882275e-05]","[480.16187789205657, 10.002796592997447, 14.998961525943713]",5.080000000000031,100.0,0.0,"[50.0, 92.29722432733611, 92.2972243273361]",32
190,2229299064,settled,Qk2i_0005,unmatched,,"[-0.619164876115041, -0.029487633076919168, 0.09038781523465148, -0.7794840463653336]","[-0.7071106275785334, 7.665603124455788e-05, -0.00015498128265890458, -0.7071029136343221]","[479.9083612720681, 15.011425192247772, 9.996474426623267]",5.0900000000000345,100.0,0.0,"[50.0, 90.25124907009285, 90.25124907009287]",14
191,621973311,settled,Qk2i_0003,unmatched,,"[0.16166114230001008, 0.06193822841095333, -0.8426691729137268, -0.5098411477631677]","[0.00026636377214778184, 0.0004507160611935124, -0.7071302168799405, -0.7070831508957779]","[479.7880507713239, 9.719588402321593, 15.001551599021333]",5.000000000000004,100.0,0.0,"[50.0, 91.13265546049087, 91.13265546049085]",29
192,3137073118,settled,Qk2i_0001,unmatched,,"[-0.9517371159511713, -0.13330978245545402, -0.10058018127309286, -0.2575045458971512]","[-0.9999999900567295, -9.67237064157652e-05, 0.00010133348438347357, -1.620464477219974e-05]","[480.2090406433871, 10.000574354630851, 15.003823807245654]",5.140000000000051,100.0,0.0,"[50.0, 91.78092847914895, 91.78092847914893]",23
193,1722482046,settled,Qk2i_0015,unmatched,,"[0.08813421819190732, -0.994524617110877, -0.03387195651061283, 0.0447865616709708]","[-1.4411512420699393e-05, -0.9999999836568758, -0.00018017743613790718, 3.8272991630915865e-06]","[479.95851726242364, 10.006964581239908, 15.002453321177802]",5.050000000000021,100.0,0.0,"[50.0, 89.17642034376934, 89.17642034376935]",36
194,2843863878,settled,Qk2i_0006,unmatched,,"[-0.792454714480961, 0.19954686388438475, -0.5738415226829097, 0.0538746828831977]","[-0.7069314553814344, 0.00015618098684522241, -0.707282046285429, -1.443138698487001e-06]","[479.5874725920292, 9.99456503544874, 9.716297663124909]",5.050000000000021,100.0,0.0,"[50.0, 89.51802810261859, 89.51802810261859]",36
195,3220027874,settled,Qk2i_0005,unmatched,,"[0.7896857943755625, -0.03461262758727217, -0.1393528469326443, 0.5964722090967093]","[0.7068761280426016, -0.0003804264674704441, 9.923582957692222e-05, 0.7073372498543057]","[479.68472826402865, 15.004069420146495, 10.000318356513356]",5.110000000000041,100.0,0.0,"[50.0, 91.27635400128999, 91.27635400129]",31
196,2854411774,settled,Qk2i_0011,unmatched,,"[0.25812684870484337, -0.42701643641739917, -0.8403627789845408, 0.21170236820704633]","[0.4997865194119609, -0.5000376997469915, -0.5000528290849, 0.5001228868688206]","[479.69216161924, 10.285930337033623, 9.993957517329125]",5.200000000000071,100.0,0.0,"[50.0, 91.85462245298656, 91.85462245298658]",29
197,656915034,settled,Qk2i_0015,unmatched,,"[0.12784497927697372, 0.19566603027633855, -0.8798667290965462, 0.4137692652898647]","[0.00027689263326677126, -3.043758333615143e-05, -0.9999999291831003, -0.0002530569455039336]","[479.54997875208136, 9.999607018846033, 15.006323472867038]",5.0900000000000345,100.0,0.0,"[50.0, 91.83886439199705, 91.83886439199706]",32
198,3284494407,settled,Qk2i_0001,unmatched,,"[0.06860253914579117, 0.045309811010266335, -0.15727795108926526, 0.9841261904604139]","[-6.330200559917509e-05, -0.00024325492360930708, -0.00011294283708448871, 0.9999999620319062]","[480.1351655523327, 9.993843733430172, 14.999510017868698]",5.200000000000071,100.0,0.0,"[50.0, 89.57761253874077, 89.57761253874078]",33
199,1067328885,settled,Qk2i_0001,unmatched,,"[-0.25591978843345803, -0.19766273096154707, 0.15568931420534965, -0.9333784570683347]","[-0.00024012205602996767, 0.0003929864094292486, 5.4579439488226965e-06, -0.9999998939366399]","[480.30098158117494, 10.007534808606362, 14.99318553224781]",5.360000000000125,100.0,0.0,"[50.0, 92.30855865855278, 92.3085586585528]",32
200,1022616554,settled,Qk2i_0011,unmatched,,"[-0.8238360682547088, 0.3606969984141823, -0.22922594801049753, 0.37235369306119537]","[-0.499971637848106, 0.5000343401271338, -0.50000143948822, 0.4999925804957633]","[479.6467633047013, 10.282244547822252, 10.00068907065316]",5.0600000000000245,100.0,0.0,"[50.0, 90.82368160727916, 90.82368160727917]",30
201,2676922396,settled,Qk2i_0009,unmatched,,"[0.5670889684174194, 0.5750736296769055, 0.14364165261314565, -0.5718981535064273]","[0.5000555743233875, 0.5000796105704697, 0.5001239837123296, -0.4997407393794349]","[479.5675307993227, 15.001071276562136, 9.717344468335535]",5.070000000000028,100.0,0.0,"[50.0, 92.81553706684119, 92.8155370668412]",21
202,2816620340,settled,Qk2i_0002,unmatched,,"[-0.7565840465540268, 0.6103532874587686, 0.21623990110412925, 0.09104806510126615]","[-0.7071806199492491, 0.7070328558949786, -8.587248294378291e-05, -0.0003226129305588521]","[479.53595633631187, 10.285603205673961, 14.998607459193062]",5.260000000000091,100.0,0.0,"[50.0, 91.51288389359198, 91.51288389359199]",26
203,955953799,settled,Qk2i_0006,unmatched,,"[0.11073782713774945, 0.9170597891921606, -0.07497005608619735, -0.37565671480498297]","[-0.00034417210890946853, 0.7069938773837484, 0.00020745585603537678, -0.7072195527907305]","[480.03712456926826, 10.005612153285849, 9.709587544503966]",5.000000000000004,100.0,0.0,"[50.0, 92.04971639906331, 92.04971639906333]",31
204,2242742075,settled,Qk2i_0012,unmatched,,"[-0.5055708590298321, -0.21761777531037735, 0.4139789610763628, 0.725025537588115]","[-0.5000674847769645, -0.4998954603186775, 0.49998342887924757, 0.5000536073940157]","[479.9654073195758, 9.712336817714938, 9.998361357720897]",5.200000000000071,100.0,0.0,"[50.0, 90.43673161359183, 90.43673161359182]",27
205,563646561,settled,Qk2i_0003,unmatched,,"[0.1809966848044624, -0.019574520890661435, 0.7801086826909813, 0.5985711999518831]","[0.0004643557410382027, -0.00028138508198696793, 0.7068414060544084, 0.7073718483818878]","[480.1847397164874, 9.714409008155274, 14.99109376038817]",5.1500000000000545,100.0,0.0,"[50.0, 91.5497265203575, 91.54972652035751]",35
206,1252269686,settled,Qk2i_0003,unmatched,,"[-0.011368646951402817, -0.28266853817251103, 0.7576322028925588, 0.5881859370420873]","[0.00020825296975229837, -0.00025129107984070426, 0.7070086093352491, 0.7072048641018606]","[479.9154829411655, 9.721671365418048, 14.99995701716891]",4.979999999999998,100.0,0.0,"[50.0, 92.7906420223431, 92.79064202234312]",31
207,4027616480,settled,Qk2i_0012,unmatched,,"[-0.68043651234536, -0.516815929602009, -0.050263332945028244, -0.5170890106530511]","[-0.49985126645482825, -0.5000636955760152, -0.5001686536649337, -0.49991632267947633]","[479.53144004164517, 9.730034944280561, 9.997121711795739]",5.1500000000000545,100.0,0.0,"[50.0, 90.79705401383276, 90.79705401383276]",35
208,3293718972,settled,Qk2i_0014,unmatched,,"[-0.08516311405964443, 0.5620827045333399, 0.651702175353801, 0.5020901830421239]","[0.00022052095780404672, 0.7070770982658533, 0.7071364266303944, 5.109642731915041e-05]","[480.3174136155316, 15.007386908617836, 9.99813189784795]",5.050000000000021,100.0,0.0,"[50.0, 91.77260755159121, 91.77260755159122]",22
209,1890189631,settled,Qk2i_0006,unmatched,,"[-0.3394955856316147, 0.8200204556643811, -0.259860350300175, -0.3805020341213674]","[0.00022030796075861447, 0.7072365544709561, 5.08685688726529e-05, -0.7069769479246417]","[479.7340493804, 10.0007606142321, 9.715514139939154]",4.879999999999964,100.0,0.0,"[50.0, 92.11715057913699, 92.117150579137]",34
210,3852779429,settled,Qk2i_0014,unmatched,,"[-0.07873436011047828, 0.8811833971798156, -0.4645710261040449, -0.03860677113237618]","[7.394299191116715e-05, 0.7071685049470218, -0.707044984234793, -0.0003006856320133145]","[480.07634979169836, 15.006799954327073, 9.996031048068021]",5.0600000000000245,100.0,0.0,"[50.0, 91.44322821929212, 91.44322821929214]",25
211,3574699569,settled,Qk2i_0002,unmatched,,"[-0.014546357465746501, -0.03992950916464047, 0.7826885063450515, -0.6209611419547136]","[-3.655155560405854e-05, -1.6012472976723036e-06, 0.7070764930467388, -0.7071370670825742]","[479.6405210460091, 10.281143594261776, 15.005924555847736]",5.250000000000088,100.0,0.0,"[50.0, 88.7338168973151, 88.73381689731511]",33
212,2869775536,settled,Qk2i_0004,unmatched,,"[-0.3863819961020629, 0.2479889883113953, 0.7960141815311683, 0.39442595954848136]","[-0.7072295938485574, 2.936347384352444e-05, 0.7069839404053837, 9.344232400770866e-05]","[479.70673939168034, 9.99589337532724, 10.27627019141641]",5.330000000000115,100.0,0.0,"[50.0, 93.10318008208844, 93.10318008208843]",36
213,4134650688,settled,Qk2i_0002,unmatched,,"[-0.7081233746404337, 0.6882251021543365, -0.14514896229160873, 0.0619618737464115]","[-0.7069064703829819, 0.7073070132456819, -1.8395817163341377e-05, -0.00017551564344842063]","[479.7468278125951, 10.287610932375173, 15.003644402736935]",5.160000000000058,100.0,0.0,"[50.0, 91.00773279424433, 91.00773279424435]",29
214,2427166635,settled,Qk2i_0010,unmatched,,"[-0.7325272346230783, -0.4320528088242486, 0.4107407595996201, -0.3286734691545241]","[-0.4998794665996477, -0.4998125457700454, 0.5000726243462874, -0.5002352529983618]","[480.02644993706485, 15.006881668530946, 10.274832797296742]",5.130000000000048,100.0,0.0,"[50.0, 92.89084219045465, 92.89084219045466]",20
215,1727678526,settled,Qk2i_0001,unmatched,,"[-0.817861978484829, -0.44515403845660717, -0.3381080399473218, 0.13646471894828646]","[-0.9999999821399324, -0.00010116081364418516, -0.00012264882471265382, -0.00010219535477817844]","[480.2902182173647, 10.00401650110595, 15.001578176809984]",4.990000000000001,100.0,0.0,"[50.0, 92.41778289129265, 92.41778289129263]",44
216,1757121035,settled,Qk2i_0001,unmatched,,"[-0.9059781301467139, -0.3465295566639513, 0.21530600688523707, -0.11297883630699883]","[-0.9999999708133112, -9.738838743062404e-05, -0.00021908185488674276, -2.9866699092218063e-05]","[480.0517207086262, 10.003110835515086, 15.001946312688972]",5.100000000000038,100.0,0.0,"[50.0, 91.16972602346615, 91.16972602346614]",36
217,3717735769,settled,Qk2i_0005,unmatched,,"[0.5094001570299311, -0.5002641495458026, -0.18323984826967746, -0.6757739405327805]","[0.7071943129464329, 9.562190848059605e-05, -0.00028999323089228614, -0.70701917265135]","[480.05763098441537, 15.006779706493289, 9.996262184729904]",5.200000000000071,100.0,0.0,"[50.0, 91.96564501366502, 91.96564501366504]",19
218,3836871440,settled,Qk2i_0003,unmatched,,"[-0.4194565967077174, -0.8442144356203974, -0.1926679974710818, 0.2724650306351189]","[-0.707050564248081, -0.7071629169598335, -0.000311443011640794, 0.00010712880396576696]","[479.6008314474856, 9.710345965366788, 14.994772435650571]",5.130000000000048,100.0,0.0,"[50.0, 92.61964635495912, 92.61964635495913]",28
219,2749509740,settled,Qk2i_0015,unmatched,,"[-0.1597855590775447, 0.9155824751788669, -0.36890595336263704, -0.009257636265270899]","[0.0001699393258881818, 0.9999999837169441, -5.760887630601453e-05, 1.9182143575096016e-05]","[480.11045431549934, 9.997256106531609, 15.00173004506508]",5.070000000000028,100.0,0.0,"[50.0, 91.87939335667029, 91.87939335667028]",35
220,2774629600,settled,Qk2i_0012,unmatched,,"[-0.30825961786575184, -0.5268689113523266, 0.49770258237844495, 0.616179598605392]","[-0.5000113224323506, -0.4999201920557648, 0.49991656943382085, 0.5001518795525004]","[480.0704129214994, 9.713425866763382, 9.997777341307128]",5.100000000000038,100.0,0.0,"[50.0, 88.90340544222069, 88.90340544222067]",34
221,4108662306,settled,Qk2i_0006,unmatched,,"[-0.3062271054652854, -0.3870148795577624, -0.8664927602010577, 0.07506490124149866]","[-0.7070146079780174, -0.00036539089823325877, -0.7071988457314555, 5.649140742988723e-05]","[479.70922121969517, 10.010073248996342, 9.712345359512128]",4.990000000000001,100.0,0.0,"[50.0, 92.37289053758319, 92.37289053758317]",29
222,3915063510,settled,Qk2i_0010,unmatched,,"[0.46725796019968024, 0.8012846212229413, -0.1304090628171751, 0.3501520109278076]","[0.5001126981817372, 0.5001506706400365, -0.49984219238048944, 0.4998943673337102]","[480.22055378191544, 15.00843143668251, 10.276307932477712]",5.110000000000041,100.0,0.0,"[50.0, 92.43642170893759, 92.4364217089376]",18
223,4074036573,settled,Qk2i_0004,unmatched,,"[-0.22252096209612113, -0.8929375005362474, -0.2719299177765263, -0.2814270089773681]","[6.321034970843688e-05, -0.70711126641532, 9.61927809075558e-05, -0.707102286561091]","[479.5654470220394, 9.998928448234633, 10.281821811765912]",5.240000000000085,100.0,0.0,"[50.0, 92.19456494141194, 92.19456494141195]",34
224,1229361572,settled,Qk2i_0010,unmatched,,"[-0.5077338642986794, -0.31380879933589584, 0.060137209423592304, -0.8000711696758213]","[-0.5001729045565173, -0.4999713595869753, 0.5002103094399586, -0.4996452256053583]","[479.6335949012446, 15.012439500853597, 10.282376776313379]",5.000000000000004,100.0,0.0,"[50.0, 92.3968814392564, 92.39688143925639]",19
225,1745034590,settled,Qk2i_0014,unmatched,,"[-0.40236593803313664, 0.6784087334039052, -0.5993055388273092, -0.1367337320595452]","[0.0002811656766311924, 0.7071066371597037, -0.7071068640821538, 8.601430053559627e-05]","[480.1085754821141, 15.013356942181384, 9.994262257348932]",5.110000000000041,100.0,0.0,"[50.0, 90.80269490226377, 90.80269490226378]",20
226,4151795851,settled,Qk2i_0012,unmatched,,"[0.37827042312259135, 0.7093878632050035, -0.5596843583528156, -0.20108148980772006]","[0.5000063823717859, 0.500072767018828, -0.5000278613784191, -0.49989297166387225]","[479.7560624483162, 9.72266756898176, 9.999679542527787]",5.0600000000000245,100.0,0.0,"[50.0, 90.61571742088783, 90.61571742088785]",31
227,2697486113,settled,Qk2i_0011,unmatched,,"[-0.638297706726111, 0.517839873353241, 0.35548034649844024, -0.4450299163056749]","[-0.49975701344835316, 0.5000048281223574, 0.500040825899181, -0.5001972328967639]","[480.0575671111852, 10.285984110877287, 10.001644810320391]",5.020000000000011,100.0,0.0,"[50.0, 87.41004425659065, 87.41004425659064]",31
228,2966183571,settled,Qk2i_0011,unmatched,,"[-0.4050248111058649, 0.5694886344768997, -0.6901580810227609, 0.18793461838968]","[-0.49980755707458135, 0.5000989675633463, -0.5000932581414848, 0.5000001616946224]","[479.7192037670818, 10.271849219976993, 9.996427680362581]",5.110000000000041,100.0,0.0,"[50.0, 91.73435962132118, 91.73435962132119]",30
229,2500031451,settled,Qk2i_0005,unmatched,,"[0.76319034690919, -0.2277529373624901, -0.35234984779530726, -0.49144549918176267]","[0.7070180058336557, 0.0001133231332382005, 0.00011867684460194416, -0.7071955263579337]","[479.79638461938384, 15.002113689902007, 9.99036385590795]",5.1800000000000646,100.0,0.0,"[50.0, 90.51257470309002, 90.51257470309004]",20
230,2561181116,settled,Qk2i_0004,unmatched,,"[0.5557099502907066, 0.18332897211156124, -0.733061527964434, 0.3466954504328954]","[0.7071837119340719, -3.14140046216993e-05, -0.7070298103861519, -0.00020931705608051576]","[480.3064931757931, 10.001772206038982, 10.283198486849852]",5.130000000000048,100.0,0.0,"[50.0, 91.81616908961075, 91.81616908961074]",28
231,65157401,settled,Qk2i_0006,unmatched,,"[0.7007348822005915, 0.34419107347733346, 0.6134359061064913, -0.1191617342318908]","[0.7071056591488994, -1.340628837889768e-05, 0.7071078800374428, 0.00018057913866292852]","[480.2601508625144, 9.997447730014322, 9.71494780951861]",5.130000000000048,100.0,0.0,"[50.0, 92.16341961402215, 92.16341961402216]",34
232,2234388547,settled,Qk2i_0005,unmatched,,"[0.6047940157947055, 0.6077553528195518, 0.07337389496054626, -0.5093858077296758]","[0.7071526987618147, -8.39346416157146e-06, -8.095893852666954e-05, -0.7070608559445801]","[480.36482817309553, 14.995015519741022, 9.992212363138169]",5.010000000000008,100.0,0.0,"[50.0, 92.28491883598247, 92.28491883598244]",29
233,2166876674,settled,Qk2i_0010,unmatched,,"[0.337147373849726, 0.47287700853367526, -0.8005264802242199, 0.14790651630775833]","[0.5000778796563843, 0.5001177901450989, -0.4998758921463914, 0.4999283975827009]","[479.9717516998224, 15.003292662451019, 10.28207738316465]",5.270000000000095,100.0,0.0,"[50.0, 91.4507671316918, 91.45076713169182]",28
234,372911645,settled,Qk2i_0010,unmatched,,"[0.45729859765411696, -0.2994543659042598, -0.817463624635389, -0.18154420321901665]","[0.5000812340058649, -0.4999508846497385, -0.4999005891752221, -0.5000672687502963]","[479.9285141856817, 15.006484212964768, 10.279677944434699]",5.0900000000000345,100.0,0.0,"[50.0, 90.3152844780872, 90.31528447808718]",16
235,2861615969,settled,Qk2i_0004,unmatched,,"[-0.23990956037846306, -0.901204257015366, -0.03228041700793559, -0.35948889364511455]","[8.608379516483745e-05, -0.7070111270505816, -0.0001646650504316949, -0.7072023979750549]","[479.9538023994334, 10.010787768918345, 10.280352817095348]",5.260000000000091,100.0,0.0,"[50.0, 92.035577418927, 92.03557741892702]",36
236,2387200314,settled,Qk2i_0014,unmatched,,"[0.013659507951663442, 0.4204500321245355, -0.9053954738728021, 0.05739533273394037]","[0.000545571933592141, 0.7072512640800412, -0.706961957497223, 0.00037743892740297957]","[479.91281967315183, 15.011618961816069, 9.997652028032343]",5.1200000000000445,100.0,0.0,"[50.0, 91.27238374820944, 91.27238374820945]",16
237,1385614205,settled,Qk2i_0006,unmatched,,"[-0.04519506248186818, -0.48284814014254235, -0.26943042102355846, 0.8319989952609412]","[9.151894981976327e-05, -0.7072019640856699, 0.00014095592198096196, 0.707011565498812]","[479.5334076263445, 10.00223039659416, 9.713094121872855]",5.080000000000031,100.0,0.0,"[50.0, 90.549430316127, 90.54943031612702]",28
238,1583315686,settled,Qk2i_0005,unmatched,,"[0.6752684329575351, 0.1680356411288354, 0.18105246852978027, 0.6949795467499522]","[0.7070991481510287, -1.4126026053854452e-05, -5.7701118219691295e-05, 0.7071144116443435]","[479.7576203413365, 15.008011989512257, 9.997459779682845]",5.070000000000028,100.0,0.0,"[50.0, 90.75241507275578, 90.7524150727558]",28
239,3858463115,settled,Qk2i_0015,unmatched,,"[-0.02604605381927596, 0.9764416198827186, -0.2089560607397276, -0.047124629668476824]","[-2.5936929248379034e-05, 0.9999999851458481, 0.00013879737350336319, -9.884770248261151e-05]","[480.1369112024025, 9.987254330949712, 14.992570784800328]",5.080000000000031,100.0,0.0,"[50.0, 91.39038715670436, 91.39038715670435]",24
240,341800848,settled,Qk2i_0012,unmatched,,"[0.559550952873797, 0.4583146987576111, 0.5125176614239061, 0.462791545697754]","[0.49992647080844116, 0.5000301964487291, 0.5000017612297828, 0.5000415634640561]","[479.73462568677195, 9.721986925844032, 10.001419404578515]",5.1200000000000445,100.0,0.0,"[50.0, 84.73351962804755, 84.73351962804753]",41
241,2423485330,settled,Qk2i_0002,unmatched,,"[-0.8623942645929769, 0.4774291536592661, -0.15922513505175553, -0.0546341651449517]","[-0.7071585618173779, 0.7070549772949493, -5.985595806889954e-06, -0.00016581613160401854]","[479.554343159154, 10.279692964916272, 15.002441560930707]",5.100000000000038,100.0,0.0,"[50.0, 90.61433714464438, 90.61433714464437]",31
242,3180880856,settled,Qk2i_0015,unmatched,,"[0.10224891412479975, -0.955790906892587, -0.16146386686159142, 0.22346883800621423]","[-0.0005124555128634677, -0.9999998651255964, -8.438573678465344e-05, 4.1453706066941186e-06]","[479.9966777541776, 10.00678830592002, 14.99641608634189]",5.170000000000061,100.0,0.0,"[50.0, 92.80425863731408, 92.80425863731409]",20
243,2801613835,settled,Qk2i_0011,unmatched,,"[-0.14433092329872946, 0.7897983796467177, 0.5282216439799444, -0.2763494145430388]","[-0.500182151863217, 0.5000812095026831, 0.49994259514603123, -0.4997939579651469]","[480.0573903876872, 10.283515054690147, 9.993296111689695]",5.220000000000078,100.0,0.0,"[50.0, 92.37809674914392, 92.37809674914394]",27
244,90147713,settled,Qk2i_0015,unmatched,,"[-0.210859600307379, -0.9719644633107304, -0.07201725142344272, 0.07507880204630919]","[-0.00010367248710504767, -0.9999998663691142, -0.0004871341540712558, 0.00013861488048981453]","[480.3044996873538, 9.990691654788849, 14.993851604397584]",5.100000000000038,100.0,0.0,"[50.0, 90.1827429395224, 90.18274293952241]",30
245,1005713428,settled,Qk2i_0004,unmatched,,"[0.6667427871336417, 0.021383060332239117, -0.7075360080632618, -0.23321581813846876]","[0.7070461697416804, 0.00025995234487105617, -0.7071673050818547, 0.00022113720733926703]","[480.28363716167314, 10.008439612573333, 10.282504536667737]",5.170000000000061,100.0,0.0,"[50.0, 89.30882492738286, 89.30882492738287]",36
246,2629818591,settled,Qk2i_0015,unmatched,,"[0.05151306419367056, -0.9158602742422736, 0.24549129762624153, 0.313497025619112]","[-0.0008756032782271619, -0.999999605977486, -5.238561791337526e-05, -0.00013645335799835476]","[479.751645738515, 9.997240666915726, 15.002127716650516]",5.170000000000061,100.0,0.0,"[50.0, 92.9541051132127, 92.9541051132127]",35
247,3392212039,settled,Qk2i_0006,unmatched,,"[-0.13576075001630175, -0.3113963090186456, 0.34394700026860947, 0.8753866679878102]","[-7.922808679683424e-05, -0.7071076401512483, 0.0001445221359248905, 0.7071059030131169]","[479.8668057614691, 10.000353982534468, 9.719360433895295]",5.1200000000000445,100.0,0.0,"[50.0, 93.15808899504314, 93.15808899504316]",37
248,2276997534,settled,Qk2i_0004,unmatched,,"[-0.5611092435708998, -0.34654972379426824, 0.7170849059217052, -0.2254971029008315]","[-0.7071266940696932, -0.00020372267570747948, 0.7070868224512088, -0.00015015655420044793]","[479.5527050506666, 9.99656345097558, 10.276878086998437]",5.240000000000085,100.0,0.0,"[50.0, 91.17933241367994, 91.17933241367996]",27
249,3484193762,settled,Qk2i_0010,unmatched,,"[0.6459184252746818, -0.4977225913968061, -0.5385794684465182, -0.21211734033734517]","[0.5000178199157633, -0.49993730474110554, -0.49993406988220646, -0.5001107845926733]","[479.73119637479493, 14.999749155815556, 10.284071292770587]",5.1800000000000646,100.0,0.0,"[50.0, 92.23414326608504, 92.23414326608506]",22
250,2295828995,settled,Qk2i_0014,unmatched,,"[-0.013476426495046517, 0.8381611037621863, -0.5451108033376667, 0.01259214650648228]","[-0.00012890939618438583, 0.7070829445519471, -0.7071305737883625, 0.00021099729107238688]","[480.0298769508267, 14.999911347131732, 9.999823240005135]",5.0300000000000145,100.0,0.0,"[50.0, 90.74840366530822, 90.7484036653082]",19
251,3771793615,settled,Qk2i_0014,unmatched,,"[0.23254083200101008, -0.6380020625267856, 0.7262400279824832, -0.10702126620372046]","[-0.0001569707849887784, -0.7069249118541272, 0.7072885779653387, 0.00010881165442026174]","[479.71307233804305, 15.010592456261614, 9.992356173075688]",5.110000000000041,100.0,0.0,"[50.0, 91.73617160612847, 91.73617160612848]",19
252,3118298281,settled,Qk2i_0010,unmatched,,"[-0.14263487038408665, 0.7213743627836406, 0.5770605745656794, 0.3553525232089105]","[-0.5000607471592782, 0.5000444637326023, 0.49993698619315774, 0.4999577914954234]","[479.8464607460572, 14.989714265896428, 10.280310883419322]",5.1800000000000646,100.0,0.0,"[50.0, 91.63833786734409, 91.6383378673441]",21
253,1906367210,settled,Qk2i_0005,unmatched,,"[-0.6176317723461163, 0.026733677711732354, -0.29175170048315346, 0.7298611166035553]","[-0.707045853379738, 0.00020683580903902313, 0.00018179430051349014, 0.707167650128524]","[479.90589969474814, 15.007874943959987, 10.000635683014199]",5.020000000000011,100.0,0.0,"[50.0, 91.21995569717141, 91.21995569717143]",21
254,2833079087,settled,Qk2i_0005,unmatched,,"[-0.6668495150154875, 0.25735878105545934, 0.037236704706548183, 0.6983492034504332]","[-0.7070641194735559, -0.0005857854821203246, -0.0004696877604992771, 0.7071490417174174]","[480.3376463545015, 15.003111235903457, 9.993279376844892]",5.250000000000088,100.0,0.0,"[50.0, 90.77237533973002, 90.77237533973003]",21
255,2368896303,settled,Qk2i_0006,unmatched,,"[-0.7155871487157034, 0.006217157027642254, -0.4538640368280027, 0.5309461513426882]","[-0.7070014943050971, 0.0002170505888490215, -0.7072120174204892, 4.8532912094195746e-05]","[479.77088589220085, 10.010115476948295, 9.712140423717749]",5.130000000000048,100.0,0.0,"[50.0, 92.34210876529225, 92.34210876529224]",34
256,1598618583,settled,Qk2i_0002,unmatched,,"[-0.6568789595911407, 0.7116914753260162, 0.16538963778309454, -0.18614925223786338]","[-0.7073520412967498, 0.7068614030615183, -0.00020946210893441059, -5.1583406180610844e-05]","[479.63612064035874, 10.2883822247496, 15.000176674669918]",5.280000000000098,100.0,0.0,"[50.0, 91.11353754413052, 91.11353754413054]",42
257,1244567859,settled,Qk2i_0003,unmatched,,"[0.565260253583024, 0.7320121545565798, -0.09164890005678931, 0.36910639444348603]","[0.7072681431716032, 0.7069453806681123, 4.797258619726463e-05, -1.025873664828314e-05]","[480.3678556436244, 9.722265993872329, 15.002943116557752]",4.939999999999984,100.0,0.0,"[50.0, 92.11649135986582, 92.11649135986583]",28
258,3419669745,settled,Qk2i_0010,unmatched,,"[-0.35962053045550435, 0.37637508056528163, 0.452864258304126, 0.723829286748632]","[-0.49997529324861145, 0.49996405978542924, 0.49997777578825303, 0.5000828619155709]","[480.31705555643913, 15.000398984140448, 10.28456857792342]",5.140000000000051,100.0,0.0,"[50.0, 92.68518596450444, 92.68518596450443]",20
259,4100535516,settled,Qk2i_0010,unmatched,,"[-0.04495724533447707, 0.8754213017997509, -0.38056707385774335, 0.29459309690235463]","[0.49978798905924904, 0.5000304895456876, -0.5006276969446448, 0.4995531849250018]","[480.33224199359745, 15.009539423649079, 10.286971311350584]",5.250000000000088,100.0,0.0,"[50.0, 91.72854307828435, 91.72854307828433]",24
260,3322081678,settled,Qk2i_0006,unmatched,,"[-0.257573637444613, 0.29792073162711874, 0.01884675617382141, -0.9189906739146148]","[0.00018781759822966704, 0.7070546424193669, -0.00011693459002712348, -0.7071588814998174]","[480.12853973585715, 10.008271552899936, 9.711973162756316]",5.240000000000085,100.0,0.0,"[50.0, 93.13092459482299, 93.130924594823]",20
261,3513997404,settled,Qk2i_0006,unmatched,,"[-0.31160099473242947, -0.3848583634180207, -0.8382718690394293, 0.2282304400515085]","[-0.7070502518121233, -3.795322232610921e-05, -0.707163303934645, -3.9245419311245706e-05]","[480.025915779247, 9.999987557258313, 9.710076154182852]",4.889999999999968,100.0,0.0,"[50.0, 92.16814065398366, 92.16814065398364]",19
262,3617040745,settled,Qk2i_0011,unmatched,,"[0.5076541819216592, -0.1836471652187958, 0.7481985211268992, -0.38569407989762045]","[0.4999630626206718, -0.4999417915518226, 0.5000353450860829, -0.5000597911645707]","[479.8082354886258, 10.286028079430212, 9.9962772474996]",4.979999999999998,100.0,0.0,"[50.0, 91.6370389327586, 91.63703893275861]",22
263,2022730149,settled,Qk2i_0006,unmatched,,"[-0.9298814207432338, -0.20301241814567073, -0.28420845445175663, -0.11546452205476868]","[-0.7070355374001205, -4.9011000957971396e-05, -0.7071779942781079, 0.00017567025125958535]","[479.993960015093, 10.003286416820686, 9.715964345380694]",5.230000000000081,100.0,0.0,"[50.0, 92.86963711289162, 92.86963711289161]",28
264,1323970333,settled,Qk2i_0010,unmatched,,"[0.5994108140143483, -0.43447983992292233, -0.3543480176053207, -0.5712892675014887]","[0.5000951688123503, -0.49994612497725316, -0.4998970941611501, -0.5000615857072146]","[480.3144928892352, 15.003603761363246, 10.267575053638826]",5.070000000000028,100.0,0.0,"[50.0, 89.02233551255858, 89.02233551255857]",30
265,1607122480,settled,Qk2i_0014,unmatched,,"[-0.13729706028893218, -0.4824437451248737, -0.8624230310070737, 0.06800048245766428]","[6.879415933415974e-05, -0.7071371695955706, -0.7070763761580203, -0.00013008831896370052]","[480.1578424901432, 14.999685548645374, 9.999977651378732]",5.160000000000058,100.0,0.0,"[50.0, 91.23621926320443, 91.2362192632044]",25
266,1954191936,settled,Qk2i_0002,unmatched,,"[-0.3750395254128309, 0.8965561916206081, 0.1285035455493662, -0.19753275279333296]","[-0.70720359198434, 0.7070099524392784, -7.585405898116737e-05, 2.9705523630352282e-05]","[480.36374585277764, 10.280955757111517, 14.99804530624385]",5.420000000000145,100.0,0.0,"[50.0, 92.33590936811217, 92.33590936811218]",40
267,1883267586,settled,Qk2i_0004,unmatched,,"[-0.31654266807496767, 0.7193013611458268, 0.15715600459856857, 0.5980871854172737]","[3.851861614528884e-05, 0.7071928414654184, -0.00017841090159348427, 0.7070206868726927]","[479.92626246739337, 9.996431229323107, 10.2798400821166]",5.1200000000000445,100.0,0.0,"[50.0, 91.36453452051816, 91.36453452051815]",33
268,474705099,settled,Qk2i_0013,unmatched,,"[0.21873165072784517, -0.6332189067608778, 0.30525693972011464, -0.6767632391339983]","[0.2703418424910231, -0.6532361284528889, 0.2704702661368534, -0.6534857946568536]","[479.9443581435171, 12.570212240560181, 12.565906941793083]",5.190000000000068,100.0,0.0,"[50.0, 86.80587008198256, 86.80587008198258]",25
269,1696503777,settled,Qk2i_0011,unmatched,,"[-0.5875972952099113, 0.4340333022380417, -0.6364929058043413, 0.2474293678427903]","[-0.5000807816643111, 0.4999991706323014, -0.49993105224798995, 0.4999889840538889]","[479.9216745870547, 10.286131136570404, 10.002129731192978]",5.200000000000071,100.0,0.0,"[50.0, 88.8760468310807, 88.87604683108071]",21
270,1623912174,settled,Qk2i_0005,unmatched,,"[0.7522539142905933, 0.1549308557746745, 0.05438614146876464, 0.6380851243992035]","[0.7071071393115005, 3.76629827425272e-05, -7.552940968450342e-05, 0.7071064180245532]","[479.7559403920263, 15.00390755767795, 9.994894297575133]",5.1800000000000646,100.0,0.0,"[50.0, 91.17445578863541, 91.1744557886354]",19
271,2380680176,settled,Qk2i_0006,unmatched,,"[0.336042588214607, 0.7287339870388978, -0.08053921844792626, -0.5912153493712904]","[-3.700265768347144e-05, 0.7070905597731595, 8.844864707638345e-05, -0.7071229957279853]","[479.8713351843886, 10.005869306018374, 9.709757102892029]",5.020000000000011,100.0,0.0,"[50.0, 90.20682212662493, 90.20682212662494]",24
272,3622048588,settled,Qk2i_0012,unmatched,,"[-0.19616592677403716, -0.3327489655198184, 0.5132945907767422, 0.7663717884928376]","[-0.49998370633268363, -0.4999241207794669, 0.4999755092242697, 0.500116643434951]","[480.01138240726186, 9.713681877616636, 9.994790322356284]",5.230000000000081,100.0,0.0,"[50.0, 92.6565302228541, 92.65653022285412]",23
273,3881848330,settled,Qk2i_0012,unmatched,,"[-0.5152420723142735, -0.7359701103176574, -0.3787059312666199, -0.22238574877853687]","[-0.49987442683010563, -0.500038678229646, -0.4999760412478949, -0.5001108235718413]","[479.5913337468761, 9.712383732358226, 9.999991009108983]",5.170000000000061,100.0,0.0,"[50.0, 90.40180670666246, 90.40180670666247]",31
274,3493192325,settled,Qk2i_0005,unmatched,,"[0.5774921102786998, 0.09648544528746568, 0.025557378206479065, -0.8102717086463924]","[0.707175992120337, 8.174188884325242e-06, -6.0795978605237625e-06, -0.707037563404405]","[480.0591273267771, 15.007928466716612, 9.999332288123837]",5.0300000000000145,100.0,0.0,"[50.0, 90.81987368850753, 90.81987368850751]",23
275,1815346335,settled,Qk2i_0014,unmatched,,"[0.2777221504941907, -0.6680519952292304, 0.6669217686384065, 0.17830393520992774]","[-2.2055193455569937e-06, -0.7069817468720835, 0.7072317802970326, -0.00013609821013576797]","[479.82719231847904, 15.00788562358287, 9.990816859190566]",5.0900000000000345,100.0,0.0,"[50.0, 89.26108099841423, 89.26108099841422]",27
276,3637393240,settled,Qk2i_0005,unmatched,,"[0.7553196358765062, -0.24492385367212738, -0.15447209870656786, -0.5879140449784855]","[0.7071383819768343, 4.6933305212315754e-05, -0.0003196092382168073, -0.7070751051920754]","[480.28767338191136, 15.002881224310418, 9.99217279023593]",5.140000000000051,100.0,0.0,"[50.0, 90.52083150248276, 90.52083150248278]",30
277,3360495833,settled,Qk2i_0006,unmatched,,"[0.10811116254835264, 0.5111839287283958, -0.2434273997192518, -0.8171573095849841]","[-3.8192606535092384e-05, 0.707179599495169, -4.8506741637727176e-05, -0.7070339526828068]","[479.8455873186545, 10.001786414973573, 9.717540798035618]",5.160000000000058,100.0,0.0,"[50.0, 91.38342458959025, 91.38342458959023]",28
278,1560027829,settled,Qk2i_0012,unmatched,,"[-0.2068224005022676, -0.8508258359786609, 0.4010009992602897, 0.26929183068548773]","[-0.49982613649386476, -0.5000489343385313, 0.5002398635513854, 0.4998849622249175]","[480.1452418623439, 9.711296489278755, 9.99578132434232]",5.140000000000051,100.0,0.0,"[50.0, 92.72254969241804, 92.72254969241806]",29
279,446415368,settled,Qk2i_0004,unmatched,,"[-0.6447038919539761, 0.0033417160762772937, 0.7642309258427562, 0.017228366683615156]","[-0.707147267331055, 0.00013402615146107522, 0.7070662561362313, 0.00018378439943894653]","[479.6594294203978, 9.99941715543915, 10.285764845868815]",5.100000000000038,100.0,0.0,"[50.0, 85.50272572742944, 85.50272572742945]",25
280,2051490765,settled,Qk2i_0004,unmatched,,"[0.5677612886585218, -0.042225915797724375, -0.632701809267735, -0.5249309589700275]","[0.70716262290648, 0.0003504824467784051, -0.7070508419618443, -9.384630609760025e-05]","[479.915782678494, 10.007069273553912, 10.281676289231468]",5.110000000000041,100.0,0.0,"[50.0, 92.89557865652789, 92.8955786565279]",38
281,425018833,settled,Qk2i_0011,unmatched,,"[0.6177933086006123, -0.09183552083351545, 0.46035819729377525, -0.6308470457614677]","[0.5000014508042853, -0.49995335224195075, 0.4999927403573205, -0.5000524516144513]","[479.70935145082325, 10.289204096468845, 9.99838236612375]",4.959999999999991,100.0,0.0,"[50.0, 91.67731911948499, 91.67731911948498]",26
282,768002776,settled,Qk2i_0009,unmatched,,"[0.5416438597008607, -0.6263103578778557, 0.49528465035784297, 0.2627743898921201]","[0.4999564887578859, -0.5002228178530381, 0.5000816000822685, 0.499738966968967]","[480.15560282521244, 15.006433559075285, 9.710078665384234]",5.0300000000000145,100.0,0.0,"[50.0, 91.16672858484716, 91.16672858484718]",21
283,124666021,settled,Qk2i_0005,unmatched,,"[-0.6417760342896773, 0.38975195315750033, 0.3408201163805919, 0.5657372049738714]","[-0.7070272840483798, 3.458497959672777e-06, -7.20514572818231e-05, 0.7071862657092529]","[480.13155929476744, 15.001236614794491, 9.995655828659135]",5.1800000000000646,100.0,0.0,"[50.0, 89.18729141176455, 89.18729141176453]",27
284,3632654363,settled,Qk2i_0006,unmatched,,"[0.7051862874546008, 0.08985479266585855, 0.5677062028398622, -0.4151482668615129]","[0.7072490633522656, 2.32645320790148e-05, 0.7069644349356653, -0.00022267060933511829]","[480.0334613466709, 10.007901556695254, 9.706354784839528]",5.1200000000000445,100.0,0.0,"[50.0, 92.09732281981071, 92.09732281981073]",27
285,703561134,settled,Qk2i_0014,unmatched,,"[-0.07417779627216181, -0.49461589080912516, -0.8617672132428539, 0.08491198548465884]","[3.793622066242697e-07, -0.7070153592025524, -0.7071981899551142, 4.444943545292798e-05]","[479.76002098935106, 15.000052439334201, 10.00111212854931]",5.100000000000038,100.0,0.0,"[50.0, 91.217718888666, 91.21771888866601]",21
286,3121521016,settled,Qk2i_0004,unmatched,,"[0.010537906009646474, -0.8102638762609328, -0.3503888545444036, -0.4696690898649817]","[0.00016224876388870602, -0.7070239533690306, 0.00034471215164416646, -0.7071894966777278]","[480.15425792757986, 10.00472002651624, 10.279633203882401]",5.270000000000095,100.0,0.0,"[50.0, 91.9511990758584, 91.95119907585841]",32
287,2633462982,settled,Qk2i_0009,unmatched,,"[-0.6696015768829735, -0.5238860473033524, -0.12537979712777328, 0.5113287046009672]","[-0.5000406045387578, -0.5000780734653663, -0.49980545916159114, 0.5000758114965697]","[479.6154455333857, 15.003313296240242, 9.715660455871035]",5.050000000000021,100.0,0.0,"[50.0, 91.76743416392623, 91.76743416392624]",23
288,3761640212,settled,Qk2i_0004,unmatched,,"[-0.5021713166671637, 0.3763741243342449, 0.7778556823101909, 0.03327198139794165]","[-0.7071202282323976, -3.075546906841642e-05, 0.707093331891409, -4.3282431037683367e-05]","[479.862862661289, 9.992846353134599, 10.278242156363673]",5.230000000000081,100.0,0.0,"[50.0, 91.6785157619751, 91.67851576197512]",20
289,1285634449,settled,Qk2i_0015,unmatched,,"[-0.06179464665889061, 0.12239474429666039, 0.989804171696417, 0.038583026128440265]","[4.822276521827708e-05, -0.00015180348601218088, 0.9999999779469495, 0.00013688085032504188]","[480.15655135403193, 10.00307788452264, 15.001483456808216]",5.050000000000021,100.0,0.0,"[50.0, 90.54745727656996, 90.54745727656997]",28
290,1184822575,settled,Qk2i_0012,unmatched,,"[0.08288139339956037, 0.8356324246838398, -0.34553634299367453, -0.41887201042288746]","[0.5000029352057457, 0.5000098534275227, -0.4999962247705504, -0.4999909863949786]","[479.6406179450879, 9.720811085760499, 10.000318575569713]",5.050000000000021,100.0,0.0,"[50.0, 91.96519926130424, 91.96519926130425]",34
291,3115268231,settled,Qk2i_0006,unmatched,,"[-0.8358054346397688, -0.3199395351726686, -0.40994245749741026, -0.17611118874480403]","[-0.7069580736186684, 9.965651458176962e-05, -0.7072554483068302, -5.52654091166005e-05]","[479.5475045399869, 9.99484468828801, 9.713004249340631]",5.1800000000000646,100.0,0.0,"[50.0, 92.8697990968512, 92.86979909685121]",21
292,159930596,settled,Qk2i_0006,unmatched,,"[0.07029200069442101, 0.8121000458651979, 0.19429839282092132, -0.5457111733246133]","[-0.00023759473629991756, 0.7072043288852786, 1.366384693318734e-05, -0.7070091799743222]","[480.39041900453776, 10.00520297645043, 9.719880581931752]",5.0900000000000345,100.0,0.0,"[50.0, 88.91141978909998, 88.9114197891]",24
293,2990616242,settled,Qk2i_0015,unmatched,,"[0.39931632781484955, -0.8914822639433736, -0.10430196937727094, -0.18688751322355332]","[-0.00012147582873555974, -0.9999999886778423, 5.659261430501772e-05, -6.844862502441171e-05]","[480.19176737559354, 9.997390256161555, 15.006639133912628]",5.070000000000028,100.0,0.0,"[50.0, 90.89453636349327, 90.89453636349326]",35
294,188957523,settled,Qk2i_0012,unmatched,,"[0.47510104677309783, 0.5299293470096674, 0.42235268641611745, 0.5613128279400916]","[0.5000677210295483, 0.4998706455717248, 0.4998353111804811, 0.5002262226004677]","[480.1886312756765, 9.711502500421796, 9.999185827091296]",5.110000000000041,100.0,0.0,"[50.0, 85.41539924530154, 85.41539924530153]",32
295,481643049,settled,Qk2i_0015,unmatched,,"[-0.21476873217317644, -0.056308315502426265, -0.9350997853314761, 0.27621034875441053]","[0.000250507037167489, 8.675752026954253e-06, -0.999999924958106, -0.00029538913007139746]","[479.93500365277646, 9.998801994414313, 15.000868129795736]",5.130000000000048,100.0,0.0,"[50.0, 90.57065105738499, 90.570651057385]",35
296,2386476367,settled,Qk2i_0012,unmatched,,"[0.41604402109894867, 0.7547056021612667, 0.10448879305651773, 0.4963959293747375]","[0.5000416555328636, 0.4999379197440221, 0.5000225504151617, 0.4999978682057452]","[479.7325910824557, 9.720433683310109, 9.999293399882914]",5.250000000000088,100.0,0.0,"[50.0, 91.08174852649422, 91.08174852649421]",36
297,533239478,settled,Qk2i_0014,unmatched,,"[-0.4048579522964122, 0.7546106910868032, 0.5160774362278959, 0.017799527417749247]","[5.9725334850172257e-05, 0.7070667930506556, 0.7071467626014926, -5.234667305257845e-05]","[480.2291189534196, 15.004781484166951, 10.000091651237266]",4.990000000000001,100.0,0.0,"[50.0, 91.75006871063597, 91.75006871063594]",25
298,1781618497,settled,Qk2i_0011,unmatched,,"[-0.05099139373989536, 0.34612407464907746, 0.82357526110958, -0.446454691991326]","[-0.5001616069556482, 0.5000391654649168, 0.5000137065430885, -0.49978544716481654]","[480.1481445224792, 10.276002758418429, 9.99388339854661]",5.380000000000131,100.0,0.0,"[50.0, 92.38225202034313, 92.3822520203431]",33
299,3019699939,settled,Qk2i_0005,unmatched,,"[-0.7295158589622052, 0.11959716108047205, -0.0508877389231582, -0.6715009818395025]","[-0.7070584923984407, 0.0002167723486873953, 9.482934652498337e-05, -0.7071550270940512]","[479.9871766252393, 15.008555880692967, 9.996628308424965]",5.020000000000011,100.0,0.0,"[50.0, 89.20262163939498, 89.20262163939496]",31
300,2541693149,settled,Qk2i_0006,unmatched,,"[0.08045852992811474, 0.40327625655887533, -0.378121920292795, -0.8294085237395116]","[-0.00011245489351419113, 0.7071081228272796, 5.4700452304184966e-05, -0.7071054284853415]","[479.6365015862052, 10.004929363171417, 9.72339544999741]",5.050000000000021,100.0,0.0,"[50.0, 92.931437534455, 92.93143753445501]",31
301,2084280921,settled,Qk2i_0006,unmatched,,"[0.619849051548462, 0.00741623529008566, 0.671735423160493, -0.4055905250618995]","[0.7071117000180017, -4.433099041983856e-05, 0.7071018604961196, 2.480607040777904e-05]","[479.84084553597614, 10.00481519189787, 9.711123389283498]",5.0300000000000145,100.0,0.0,"[50.0, 91.28009988241601, 91.28009988241602]",35
302,1270096408,settled,Qk2i_0009,unmatched,,"[0.4349517640743151, 0.5834549578223276, 0.4957376592549344, -0.473963551676314]","[0.5001361879422181, 0.49990306159669146, 0.4998269110919961, -0.5001337635724212]","[479.9753290217898, 14.99900528255051, 9.70459238070016]",5.050000000000021,100.0,0.0,"[50.0, 89.23930046582417, 89.23930046582419]",17
303,386839995,settled,Qk2i_0006,unmatched,,"[-0.00029784170792755655, 0.7696289460833465, 0.4092458033581264, -0.4900908783835057]","[0.00011713152241285552, 0.7071467529637262, -0.00014367465860956607, -0.7070667828505719]","[480.1092651603079, 10.000147430789557, 9.714679121303865]",4.899999999999971,100.0,0.0,"[50.0, 91.93098320820337, 91.93098320820339]",32
304,1683487450,settled,Qk2i_0012,unmatched,,"[0.8246709982353464, 0.4049014931673811, -0.354562797520974, -0.17394754414605393]","[0.49994245809572146, 0.49987568791146814, -0.5000837408766446, -0.5000980777198263]","[479.876795328319, 9.713237964102223, 10.000783363136014]",5.0300000000000145,100.0,0.0,"[50.0, 92.22654631831249, 92.2265463183125]",36
305,600956363,settled,Qk2i_0006,unmatched,,"[0.05725477910805818, -0.7446815581501165, -0.42402949309232957, 0.5122209056728005]","[-1.4362185167926533e-05, -0.7070654779558082, -0.00021844976280938067, 0.7071480481176153]","[480.09633590329094, 10.004166363000708, 9.70995078111344]",5.000000000000004,100.0,0.0,"[50.0, 91.68647152101113, 91.68647152101111]",33
306,2578686602,settled,Qk2i_0009,unmatched,,"[-0.6455400009938469, 0.5753806031681371, -0.45602070897125385, -0.21038151440677957]","[-0.5000750374173912, 0.5000916833181585, -0.49990494248309536, -0.49992830856931747]","[480.2191135166185, 15.011037697862916, 9.71357803028153]",5.0600000000000245,100.0,0.0,"[50.0, 92.19206194822435, 92.19206194822436]",22
307,550025147,settled,Qk2i_0004,unmatched,,"[0.7099573476934985, 0.4430098413877016, -0.5402946446097417, -0.08823005097861712]","[0.7072270856165611, 0.00022699782248744582, -0.7069864197251259, 1.2905117944661537e-05]","[479.79196377513523, 10.005682597234657, 10.283504602971593]",5.100000000000038,100.0,0.0,"[50.0, 90.97062621883602, 90.97062621883603]",29
308,1509445469,settled,Qk2i_0001,unmatched,,"[0.9208464586619982, -0.10826634392482577, 0.1606188773439282, 0.3384106596778303]","[0.9999999647700258, 4.7847756148068345e-05, 0.00023820401759855255, -0.00010690830398452089]","[479.67291175544756, 10.002689142586283, 14.996056777236594]",5.080000000000031,100.0,0.0,"[50.0, 92.97246317527525, 92.97246317527527]",26
309,552659270,settled,Qk2i_0008,unmatched,,"[-0.34640532390679185, -0.6487665398120545, -0.24996936788830862, -0.6297782494710692]","[-0.2709012664606062, -0.6532018122251124, -0.2712173754975772, -0.6529785843073836]","[479.8727733661635, 13.937637242944552, 12.568388059240807]",5.170000000000061,100.0,0.0,"[50.0, 88.16814753242124, 88.16814753242126]",35
310,3395655849,settled,Qk2i_0012,unmatched,,"[0.5603417992438583, 0.49806016357495975, 0.09112456464104907, 0.6554765100282535]","[0.4999409726091351, 0.49988272053239724, 0.5001831839777715, 0.49999307203762333]","[479.65032205862684, 9.720232131428466, 9.997852522638091]",5.250000000000088,100.0,0.0,"[50.0, 92.50711975825631, 92.5071197582563]",43
311,1961580372,settled,Qk2i_0010,unmatched,,"[-0.5267491122142659, -0.6341667673888417, 0.5046523934663464, -0.2563081069528572]","[-0.5000457265050644, -0.4999526479408168, 0.4998345959289815, -0.5001669700545007]","[479.9177915515044, 15.010698665592413, 10.285374353416515]",5.110000000000041,100.0,0.0,"[50.0, 90.9832158026956, 90.98321580269561]",24
312,3285284101,settled,Qk2i_0003,unmatched,,"[-0.2519624256778158, 0.2653646457256403, 0.5632789689319362, 0.7408193733997723]","[-7.647541147773329e-05, -0.00015398269823835298, 0.707115776465338, 0.7070977648915759]","[479.96746509756224, 9.72571758191111, 15.002831265152624]",5.110000000000041,100.0,0.0,"[50.0, 91.99000191395366, 91.99000191395368]",22
313,1198512540,settled,Qk2i_0005,unmatched,,"[-0.5722362350782845, 0.014963805074935542, 0.16570812642957897, -0.8030333695658658]","[-0.7070244919973274, 0.00019806321753960884, 0.00019969970758857916, -0.7071890048685074]","[480.1082916540566, 15.005931731002441, 10.006439338956431]",5.100000000000038,100.0,0.0,"[50.0, 91.52819665878239, 91.5281966587824]",26
314,3013583232,settled,Qk2i_0014,unmatched,,"[-0.17446144255530435, -0.5956220013565717, 0.7794641289237983, 0.08504885820855318]","[-0.0002095462337692741, -0.7071750726664618, 0.7070384322799195, 0.00016723849492999038]","[479.60818636666147, 15.009807108270017, 9.996354197897324]",5.000000000000004,100.0,0.0,"[50.0, 92.26157606618614, 92.26157606618615]",19
315,236571778,settled,Qk2i_0012,unmatched,,"[-0.6240787190797052, -0.5692921078989122, 0.39592930131645515, 0.3601003146831605]","[-0.4998960875033385, -0.5000411923589771, 0.500114687522301, 0.4999480042639819]","[479.92351060123474, 9.722881487907085, 9.994960149620464]",5.0600000000000245,100.0,0.0,"[50.0, 88.77540962102564, 88.77540962102566]",28
316,4101237787,settled,Qk2i_0004,unmatched,,"[0.22137631792077062, -0.872870171370165, -0.27042651689298136, -0.3405285432341773]","[6.866733225974198e-05, -0.7072686813473534, 0.00027448609013036585, -0.7069447873259692]","[479.73022490895033, 10.001833985601365, 10.27881258170799]",5.1500000000000545,100.0,0.0,"[50.0, 91.79156192613198, 91.79156192613199]",30
317,3459630954,settled,Qk2i_0010,unmatched,,"[0.14984913631728244, -0.7555079338458067, -0.5355197552076315, -0.3463691528172838]","[0.5000809062045266, -0.4999667128478716, -0.49992383968315, -0.5000285269964202]","[480.07959541055794, 15.005853228009663, 10.274288834841647]",5.270000000000095,100.0,0.0,"[50.0, 91.62543661835518, 91.62543661835515]",22
318,1119814818,settled,Qk2i_0012,unmatched,,"[-0.6971165871654177, -0.13189122910838355, 0.449280586155775, 0.5429365731709773]","[-0.5001134046461718, -0.5001181454129252, 0.4997241632068503, 0.5000441818771257]","[480.08192130761756, 9.711626428291105, 9.998516979602837]",5.1500000000000545,100.0,0.0,"[50.0, 92.57206938563002, 92.57206938563]",28
319,342980811,settled,Qk2i_0004,unmatched,,"[0.030532435525299394, 0.7782847485238531, 0.3908315324615853, 0.4905011048201471]","[-3.8138789384162264e-05, 0.7071079659756707, 1.8172698888568872e-05, 0.7071055951333829]","[480.18795376410515, 10.000381224277945, 10.281983049078173]",5.340000000000118,100.0,0.0,"[50.0, 92.50079900581514, 92.50079900581515]",32
320,3566514477,settled,Qk2i_0011,unmatched,,"[0.4167803399879383, -0.48067880125688306, 0.1608241271501632, -0.7545711618847971]","[0.500014115199961, -0.49981030901889384, 0.49995913832242844, -0.5002163527985993]","[479.5485790899167, 10.289267712545627, 9.994523465638665]",4.959999999999991,100.0,0.0,"[50.0, 90.94810870128973, 90.94810870128974]",31
321,4025272107,settled,Qk2i_0015,unmatched,,"[0.21014813389143402, -0.13121837656388724, 0.9665897820764848, 0.06575479191069845]","[-5.331602964053407e-05, 7.323513058987709e-05, 0.9999999473147942, -0.00031171208752179023]","[480.19979810545084, 10.000938166487375, 15.005621962441456]",5.1500000000000545,100.0,0.0,"[50.0, 92.24515125778025, 92.24515125778026]",34
322,1181857748,settled,Qk2i_0004,unmatched,,"[0.5202040659321218, -0.02133506390474298, -0.8182722554790269, 0.24364535856267633]","[0.7071248165776618, 6.672458544249027e-05, -0.707088742186269, 1.130471054044957e-06]","[480.16690632877095, 9.999909304124316, 10.281813670418918]",5.140000000000051,100.0,0.0,"[50.0, 90.38847202294953, 90.38847202294954]",28
323,268707656,settled,Qk2i_0014,unmatched,,"[0.10301261730232424, 0.7022709010576099, -0.7036647303319815, -0.03255655834201603]","[-0.00012067232338065934, 0.7071184590164609, -0.7070950928338487, 6.831317994184249e-06]","[480.40905334541134, 14.994441493499357, 10.00034336941114]",5.000000000000004,100.0,0.0,"[50.0, 89.40133920415697, 89.40133920415698]",29
324,975960072,settled,Qk2i_0002,unmatched,,"[0.7582962679941282, -0.5242043249157421, -0.3859285340466686, 0.035436736508854615]","[0.7070864213178316, -0.7071271303376396, -6.079346351442472e-05, 0.00010311426467501938]","[480.1726738559029, 10.28411533480133, 14.997152653837524]",5.270000000000095,100.0,0.0,"[50.0, 92.27859416213239, 92.2785941621324]",30
325,2687390525,settled,Qk2i_0004,unmatched,,"[0.529971148785165, 0.0935671250492551, -0.7368673974424962, -0.4091481555032011]","[0.7071239193473264, -0.00024712707105589704, -0.7070895540230832, 0.0002533900627128549]","[480.31718988432715, 10.000213147088544, 10.276601219893825]",5.230000000000081,100.0,0.0,"[50.0, 90.55225617680755, 90.55225617680756]",29
326,745340072,settled,Qk2i_0009,unmatched,,"[0.7861852005525131, -0.41018944092891435, 0.2594748041369611, 0.3825314091688619]","[0.5000594377470015, -0.5000532032598122, 0.49994175876742913, 0.4999455875095645]","[479.52141970143646, 14.997487479364475, 9.707259261162882]",5.190000000000068,100.0,0.0,"[50.0, 92.29769168819212, 92.29769168819213]",18
327,2708790030,settled,Qk2i_0009,unmatched,,"[-0.40010769300529814, -0.46229958432576546, -0.7355170739389548, 0.2919033440618327]","[-0.4998784243965477, -0.5000844216832228, -0.4999060314339615, 0.5001310745679862]","[480.04607738042336, 15.009462761337016, 9.701585155981538]",5.020000000000011,100.0,0.0,"[50.0, 90.89950641224783, 90.89950641224783]",18
328,3867797169,settled,Qk2i_0004,unmatched,,"[0.27252022960366223, -0.4710032195972138, -0.05749293677220416, -0.8370085147757659]","[-0.00033103180788984776, -0.7069312824203704, 8.130944322259914e-05, -0.7072821542653309]","[480.0111372816416, 10.000052750865073, 10.280512129335442]",5.110000000000041,100.0,0.0,"[50.0, 90.27210477053028, 90.27210477053029]",36
329,2098479478,settled,Qk2i_0006,unmatched,,"[0.15298370120063826, 0.6826603934028278, -0.3570083518569619, -0.6189634974297159]","[-0.00011929716304748261, 0.706949143163246, 0.0002371910939651667, -0.7072643342409712]","[479.76858936259714, 9.996525141337528, 9.717294036975892]",5.0600000000000245,100.0,0.0,"[50.0, 90.48874389873187, 90.48874389873188]",35
330,931152868,settled,Qk2i_0006,unmatched,,"[-0.07699985549756341, 0.8909419945389845, -0.24586779421207117, -0.37395509408155014]","[0.00016654639915325567, 0.7070590230702347, -1.1044154102218819e-05, -0.7071545163790506]","[479.54608926121085, 9.998975821755803, 9.71758673771486]",4.919999999999978,100.0,0.0,"[50.0, 92.35037888217596, 92.35037888217595]",31
331,1558597429,settled,Qk2i_0004,unmatched,,"[-0.05032807851328375, 0.6995851474338736, -0.399069134252301, 0.5905857533755833]","[7.606953873467992e-05, 0.7070637001943396, -0.0002693227934928988, 0.7071498041759944]","[480.22955590013294, 9.992238605825102, 10.285108234613537]",5.1500000000000545,100.0,0.0,"[50.0, 91.17501359155658, 91.17501359155659]",28
332,4250729804,settled,Qk2i_0002,unmatched,,"[-0.5179918142254788, 0.8470059183462957, 0.021460460551873155, -0.11749426928428096]","[-0.7072526109731001, 0.7069608540763697, -0.00029682202300090893, 8.349867942547552e-05]","[480.1398381583675, 10.285503058860199, 14.999239632685063]",5.460000000000158,100.0,0.0,"[50.0, 90.58161423149079, 90.5816142314908]",29
333,4147647222,settled,Qk2i_0004,unmatched,,"[0.12615750889557242, 0.8556727900390604, -0.30344808093154096, 0.39978446882663954]","[-0.0003753863735507511, 0.7072277232181576, 6.690990896091041e-05, 0.7069857156405606]","[480.1027133843171, 10.003423386583956, 10.279067799438588]",5.310000000000108,100.0,0.0,"[50.0, 91.11373633134102, 91.11373633134103]",24
334,546835206,settled,Qk2i_0009,unmatched,,"[0.4747277603993977, -0.6651193289938975, 0.40724489525343527, 0.4079233101881997]","[0.5001699693499966, -0.49987606365326903, 0.49994564002206987, 0.500008279701306]","[479.62957788667995, 14.99347254348554, 9.712966373378675]",5.0300000000000145,100.0,0.0,"[50.0, 91.35500920013752, 91.3550092001375]",29
335,3200495743,settled,Qk2i_0011,unmatched,,"[-0.7212814251850905, 0.5185469572284966, -0.03279668505260917, -0.45802460226672564]","[-0.49993644448557695, 0.5000541956714044, 0.5000548702391636, -0.49995447754434386]","[480.02061811974966, 10.284731610704952, 9.99377043576898]",4.869999999999961,100.0,0.0,"[50.0, 92.72780108689673, 92.72780108689675]",38
336,2348890405,settled,Qk2i_0010,unmatched,,"[-0.3176050939804824, -0.28922093024306683, 0.616076618705389, -0.6602483303057408]","[-0.4999349664479431, -0.4998979808390484, 0.5000380283742019, -0.5001289916165403]","[480.16274095646344, 14.999362352622137, 10.27540103670599]",5.070000000000028,100.0,0.0,"[50.0, 91.11662136018064, 91.11662136018066]",23
337,4061647453,settled,Qk2i_0002,unmatched,,"[0.2508877114037342, -0.15163781220023995, 0.7535005001501298, -0.588471177247642]","[5.8116782995637495e-05, -8.401080423936502e-06, 0.707322484776931, -0.7068910093365524]","[479.8218228285323, 10.288754097797124, 14.99195664150566]",5.340000000000118,100.0,0.0,"[50.0, 92.31035169981544, 92.31035169981546]",30
338,2968043584,settled,Qk2i_0014,unmatched,,"[-0.35150377954755807, -0.700554371236003, 0.6195805777205756, -0.04229153127220831]","[-0.00010695932999291089, -0.7071389168473765, 0.7070746349853131, 3.741667211646333e-05]","[480.0366132160134, 14.999872575250881, 9.999289404865284]",5.010000000000008,100.0,0.0,"[50.0, 90.6035148489841, 90.60351484898412]",33
339,3422452170,settled,Qk2i_0014,unmatched,,"[0.3118768852079661, -0.6471205612970246, 0.6816277895163125, 0.13910910889911815]","[-0.0002476615153125257, -0.707213366700435, 0.7070001168651385, -0.00016545902919660687]","[479.7622830112215, 15.010151332024073, 9.998114770764126]",5.130000000000048,100.0,0.0,"[50.0, 90.37377102110686, 90.37377102110685]",31
340,1734648617,settled,Qk2i_0006,unmatched,,"[0.3134098285251556, -0.38860391678069645, 0.2746942883010107, 0.8217690206021003]","[-0.00011452570197217905, -0.7070628475038256, 0.00017582349801870126, 0.7071506810077631]","[479.9583692150455, 9.997109841883333, 9.716331870821204]",5.220000000000078,100.0,0.0,"[50.0, 92.18613949548654, 92.18613949548656]",28
341,2090830508,settled,Qk2i_0003,unmatched,,"[0.19578986618197766, 0.057011685569233625, -0.8839591859764658, -0.4207518907109296]","[8.90621673518277e-05, 0.00019958554152196828, -0.7070160970465843, -0.7071974199264002]","[479.60284266992596, 9.718653223627426, 15.000568801319435]",4.919999999999978,100.0,0.0,"[50.0, 91.52059137922771, 91.52059137922772]",24
342,3952832875,settled,Qk2i_0004,unmatched,,"[-0.44287830183887705, -0.037070952885603164, 0.87693113035891, -0.18296542520353493]","[-0.707103410050934, 7.818292902009305e-05, 0.7071101157428636, -0.00021353192789425046]","[480.1112669160381, 10.001262835822297, 10.2747082328276]",5.200000000000071,100.0,0.0,"[50.0, 90.63925756013376, 90.63925756013377]",31
343,3817366363,settled,Qk2i_0010,unmatched,,"[0.6329807026932204, -0.4246937457648563, -0.5796698736189316, -0.28801647512742096]","[0.5001768230616723, -0.4998550944800037, -0.5001933074546822, -0.4997746345822933]","[479.575888468913, 15.000567806422954, 10.27669579005682]",5.1200000000000445,100.0,0.0,"[50.0, 91.88457746206721, 91.88457746206723]",19
344,401891113,settled,Qk2i_0009,unmatched,,"[0.445830858310104, -0.29384339024250955, 0.3955308816009174, 0.7472925996484009]","[0.5000984638466668, -0.4999028734005326, 0.49978262043677046, 0.5002159293079844]","[480.30587303123434, 15.014054169188208, 9.702792057912339]",5.0900000000000345,100.0,0.0,"[50.0, 92.28674152667244, 92.28674152667246]",29
345,225434681,settled,Qk2i_0009,unmatched,,"[-0.3912896982650508, 0.6237061331187186, -0.5782994858442289, -0.351358415601564]","[-0.4999563656022482, 0.5000164994398814, -0.5001744869261778, -0.4998525936811902]","[480.3084302472487, 15.010948552677064, 9.714079101461564]",5.0300000000000145,100.0,0.0,"[50.0, 88.68301886250761, 88.68301886250762]",24
346,2594131664,settled,Qk2i_0001,unmatched,,"[0.9287638649349177, 0.1673585554405621, -0.2524568204596961, -0.21366878788298235]","[0.9999999794454709, -8.795676323016297e-05, -0.00018263323473436934, 4.215115777750356e-06]","[479.7397611661483, 10.00295492396481, 15.000842454764703]",5.170000000000061,100.0,0.0,"[50.0, 92.33586641555836, 92.33586641555834]",31
347,1003632784,settled,Qk2i_0005,unmatched,,"[-0.5534335173751268, 0.1501665188983372, -0.19810919181889083, 0.7949302526414607]","[-0.7069681151837551, 8.294252738231961e-05, 0.00020785387241347472, 0.7072453845949324]","[480.1937265222624, 15.000954738244005, 9.99710969236424]",5.130000000000048,100.0,0.0,"[50.0, 92.2810103378539, 92.28101033785389]",26
348,1582205474,settled,Qk2i_0012,unmatched,,"[0.453668244587904, 0.3920223605087072, 0.1535447506293244, 0.785447389879099]","[0.499942100125239, 0.4999768946377448, 0.5000044663306131, 0.5000765291434919]","[480.1510224431252, 9.71598751934364, 10.001363974939723]",5.070000000000028,100.0,0.0,"[50.0, 92.80755656041171, 92.80755656041173]",29
349,1175386389,settled,Qk2i_0012,unmatched,,"[-0.169876418588353, -0.4905923723818673, 0.6427253288901665, 0.5633518245034387]","[-0.4998570503962616, -0.49993559432156526, 0.5001486987066907, 0.5000586064467809]","[479.95468575282655, 9.71147493567426, 9.995437383187552]",5.240000000000085,100.0,0.0,"[50.0, 91.09430051068003, 91.09430051068004]",33
350,3426315339,settled,Qk2i_0005,unmatched,,"[0.7619549124828563, -0.10773591762875073, 0.2103228261383814, -0.6029776050576822]","[0.7070499455038017, 6.0907775511620326e-05, 0.0002797364284359017, -0.7071635543499427]","[479.95707564061905, 15.005018281014886, 9.999114262420655]",5.0600000000000245,100.0,0.0,"[50.0, 91.98244588731599, 91.982445887316]",25
351,1950208217,settled,Qk2i_0011,unmatched,,"[0.32467456317231624, -0.555252933700564, 0.724202560419202, -0.24861870228937888]","[0.5002786095881993, -0.4999222755278204, 0.4998872334623224, -0.4999117772577175]","[479.53442794519947, 10.288792588277515, 9.99396966826316]",5.0600000000000245,100.0,0.0,"[50.0, 91.71073113925848, 91.7107311392585]",32
352,3843021671,settled,Qk2i_0009,unmatched,,"[-0.6004387263867339, 0.46022149587923483, -0.1398662779784892, -0.638832477939405]","[-0.5000466579951375, 0.4999491609221498, -0.5000745564468646, -0.49992960936076214]","[480.3299985522597, 14.993104314629873, 9.711896658771247]",5.170000000000061,100.0,0.0,"[50.0, 91.79304539952273, 91.79304539952271]",29
353,4285819425,settled,Qk2i_0012,unmatched,,"[0.10798352907547408, 0.7503078307153173, -0.5097169204095255, -0.40689848569871895]","[0.5000206070529727, 0.49994977672750396, -0.49981014408552926, -0.5002193850119149]","[479.6968048020257, 9.726134547396914, 9.998281371760172]",5.0900000000000345,100.0,0.0,"[50.0, 93.04208900898904, 93.04208900898905]",33
354,3497012217,settled,Qk2i_0014,unmatched,,"[-0.03614389212516662, -0.47092224253230175, 0.8776470309927155, -0.08161831620453769]","[-0.00023904489421742406, -0.7070747477755599, 0.7071387720929202, 3.030815457408576e-05]","[480.0440834829978, 15.004309407932949, 9.982606872822425]",5.040000000000018,100.0,0.0,"[50.0, 91.47969281059788, 91.4796928105979]",24
355,2873029230,settled,Qk2i_0002,unmatched,,"[0.4628663485147122, -0.8593102772631258, 0.024602172352034594, 0.21618354220011224]","[0.7068618070945598, -0.7073516067749289, 0.00012046893448200424, 0.0002748657411128508]","[480.22273511796, 10.284127287320569, 15.002510197557339]",5.370000000000128,100.0,0.0,"[50.0, 91.7007513976447, 91.70075139764468]",37
356,1554565609,settled,Qk2i_0009,unmatched,,"[-0.652094966003504, 0.3679621994719656, -0.4952347691569995, -0.44058880885770996]","[-0.49995555686489707, 0.49996094296765126, -0.5003464639504205, -0.4997368434277367]","[479.54740941624294, 14.998518716229025, 9.708459756009535]",5.130000000000048,100.0,0.0,"[50.0, 90.5449371517174, 90.54493715171742]",26
357,2965863122,settled,Qk2i_0006,unmatched,,"[-0.12769327799571875, -0.940130401887314, -0.03815505373810864, 0.31367729608013967]","[4.705524117015747e-05, -0.707219584590807, -1.172146170619337e-05, 0.7069939581210141]","[479.77048445607454, 10.005361729145088, 9.712903066905895]",4.990000000000001,100.0,0.0,"[50.0, 90.62504490789269, 90.62504490789267]",29
358,288631476,settled,Qk2i_0006,unmatched,,"[0.15646738306889113, 0.4577879066219654, -0.17363200094501036, -0.8577879218280493]","[-6.293283749264632e-05, 0.7070472974033283, 0.00014175462862189844, -0.7071662429582826]","[480.1230244129577, 9.999883271069884, 9.715701165981272]",5.160000000000058,100.0,0.0,"[50.0, 92.0671765626986, 92.06717656269862]",34
359,3535010220,settled,Qk2i_0006,unmatched,,"[-0.38296168635250694, 0.6040267022354994, 0.08806163065029556, -0.6933521752902795]","[0.00018538784222124627, 0.7071696465229408, 7.443901941589504e-05, -0.7070438820375999]","[480.2095605116851, 10.002300574331942, 9.711402797421185]",5.080000000000031,100.0,0.0,"[50.0, 90.5431638350201, 90.54316383502008]",27
360,2618921339,settled,Qk2i_0011,unmatched,,"[0.7111506376373382, -0.1553816167939371, 0.3915002002004868, -0.5628933442433726]","[0.49999243412167516, -0.49995642282065067, 0.4999898311663728, -0.5000613060732485]","[480.21271755105323, 10.274115908056828, 9.997329079071433]",5.1500000000000545,100.0,0.0,"[50.0, 92.08412823089743, 92.08412823089745]",33
361,1660890013,settled,Qk2i_0012,unmatched,,"[0.45280857555295406, 0.20066766691702484, 0.5321230520114401, 0.6866891137027097]","[0.49999810503979897, 0.5000768955490631, 0.49973735319764095, 0.5001875361438328]","[480.2503100138734, 9.719738494063503, 9.99503147621062]",5.100000000000038,100.0,0.0,"[50.0, 90.71079649320644, 90.71079649320646]",35
362,4217470258,settled,Qk2i_0005,unmatched,,"[-0.705585590940385, 0.12040932334872317, -0.01745986958392375, 0.6981015124336307]","[-0.707064899672116, -2.5588639479712682e-05, -0.00010807610767223055, 0.7071486514987051]","[479.7280695698947, 15.003250572964735, 9.995162656656174]",5.0900000000000345,100.0,0.0,"[50.0, 89.45017955799007, 89.45017955799008]",27
363,3876941340,settled,Qk2i_0015,unmatched,,"[-0.12107567680190418, 0.9796114234016763, 0.025284708254459297, -0.1583124226218193]","[0.0004890625097121485, 0.9999997736847257, -0.0003709413745862089, 0.0002754103405451962]","[479.61317432002454, 9.999447607989815, 15.003275444132386]",5.0600000000000245,100.0,0.0,"[50.0, 90.77299967329492, 90.7729996732949]",36
364,1763217951,settled,Qk2i_0015,unmatched,,"[0.3073770505126439, 0.9100429245687035, 0.09833167340130129, -0.26013862893981854]","[7.147884232560893e-05, 0.9999999880231102, -8.045829989716813e-05, -0.00011122507252718035]","[480.3420623921142, 10.005792049685022, 15.000058799452717]",5.160000000000058,100.0,0.0,"[50.0, 90.76948926405278, 90.7694892640528]",29
365,4219013935,settled,Qk2i_0005,unmatched,,"[0.7454283172530326, -0.3094702124605008, -0.041500737105532565, -0.5889333580776878]","[0.7070815998001967, 3.6105673853354065e-05, -3.525746819129883e-05, -0.7071319598754435]","[480.0117800554817, 15.010334954378909, 9.994091326137333]",5.1800000000000646,100.0,0.0,"[50.0, 91.36835215799123, 91.36835215799124]",22
366,2392790572,settled,Qk2i_0011,unmatched,,"[0.506298281140592, -0.4800913546943908, 0.6900901351759378, -0.19222368999330575]","[0.5000713439868227, -0.4999627625644455, 0.4998807665715086, -0.5000850989421918]","[479.5936245949459, 10.273148690263769, 10.00168679029279]",5.140000000000051,100.0,0.0,"[50.0, 90.94514942011946, 90.94514942011948]",42
367,1164810619,settled,Qk2i_0012,unmatched,,"[-0.38137065741942194, -0.17571490907316958, -0.402914362951204, -0.8132285708929016]","[-0.5000092920794129, -0.4999468258591625, -0.5000684990578854, -0.49997537479118537]","[479.52834346140594, 9.71552159455696, 9.994947170848524]",5.140000000000051,100.0,0.0,"[50.0, 91.4059903071036, 91.40599030710361]",24
368,2725202999,settled,Qk2i_0012,unmatched,,"[0.6020706777101422, 0.6374296419236787, -0.13537127254050507, -0.4613772525921334]","[0.5000008509800471, 0.5000347404273183, -0.49998366212107775, -0.4999807446262399]","[479.72597274371975, 9.71649063302575, 10.001896019124452]",5.000000000000004,100.0,0.0,"[50.0, 92.18811252597762, 92.1881125259776]",44
369,654768980,settled,Qk2i_0001,unmatched,,"[0.36951331627604517, 0.16361525016927125, -0.050278802764462525, -0.9133246963699704]","[0.0001280334132162109, -0.00025086513622687133, -4.846832525399601e-05, -0.9999999591624742]","[479.82470497889085, 10.001441250113931, 14.994241692705021]",5.040000000000018,100.0,0.0,"[50.0, 92.26885059599239, 92.2688505959924]",32
370,2221380443,settled,Qk2i_0004,unmatched,,"[-0.35836865151581215, 0.05949061892660346, 0.9295317164905558, 0.0632737221015895]","[-0.7071441764893965, -9.259579153267361e-05, 0.7070693737309169, -7.625563272528613e-05]","[480.0960125562967, 9.996351350030418, 10.284834136519265]",5.260000000000091,100.0,0.0,"[50.0, 91.16876604166278, 91.16876604166276]",53
371,476349535,settled,Qk2i_0004,unmatched,,"[0.09604740000755455, 0.7008195225679995, 0.19012996826416934, 0.6807918102527497]","[0.00021581167853026995, 0.7070945674993571, 0.00012275909141029606, 0.7071189510743027]","[480.3426467929118, 10.003070205728783, 10.282974893079711]",5.110000000000041,100.0,0.0,"[50.0, 87.66289062452758, 87.66289062452759]",40
372,3612281220,settled,Qk2i_0012,unmatched,,"[0.6715049193823535, 0.5474979878976362, 0.17480186313158846, 0.46773005584317984]","[0.5000130171442948, 0.5001265098807164, 0.49991396226377505, 0.49994648427059274]","[480.1125789093846, 9.714656350149667, 9.99979660239755]",5.270000000000095,100.0,0.0,"[50.0, 90.58541248657504, 90.58541248657505]",30
373,1017460157,settled,Qk2i_0004,unmatched,,"[0.7624564013137765, 0.3983607319822863, -0.4894468025699346, 0.14286633880746705]","[0.7071550206546044, 5.623160891657375e-05, -0.7070585181144261, -0.0001598837831390254]","[480.19452854321196, 10.00530606259412, 10.277755132423417]",5.100000000000038,100.0,0.0,"[50.0, 92.78996548332957, 92.78996548332955]",24
374,3334185002,settled,Qk2i_0006,unmatched,,"[0.29294854975408346, -0.3482776720377911, 0.3091249391142775, 0.8350602267947566]","[0.0002174149157309069, -0.7070778755288254, 2.8085401425403948e-05, 0.7071356516819158]","[479.78183747401044, 10.00251091814995, 9.71384895821661]",5.170000000000061,100.0,0.0,"[50.0, 92.68594955958888, 92.68594955958889]",32
375,36137377,settled,Qk2i_0012,unmatched,,"[-0.20545604068213918, -0.3180872002026298, 0.5867492465968921, 0.7157748738482309]","[-0.5000139529164362, -0.4999552464423378, 0.5000799109460022, 0.49995087869899757]","[480.2109654587549, 9.718483691490176, 9.999353363941761]",5.230000000000081,100.0,0.0,"[50.0, 92.1649601894422, 92.16496018944221]",32
376,289982995,settled,Qk2i_0015,unmatched,,"[0.44371958448672016, 0.8345991150536697, -0.14418709359260803, 0.29286059744506493]","[0.00017318507475694886, 0.9999999651744187, 0.00010111993865852265, -0.0001715600458951574]","[480.21830523044366, 10.000795239817805, 15.003500445163043]",5.070000000000028,100.0,0.0,"[50.0, 92.2425370995906, 92.24253709959062]",28
377,437091509,settled,Qk2i_0004,unmatched,,"[0.46244359947511104, -0.1983497310405094, -0.8436222101105, -0.18736293152311587]","[0.7070420270669102, -0.00016149186264666215, -0.7071715025562112, -0.0001088755417772147]","[480.32447574942813, 9.999298528193215, 10.284152845180897]",5.1500000000000545,100.0,0.0,"[50.0, 90.1303497324191, 90.13034973241909]",39
378,3839845437,settled,Qk2i_0003,unmatched,,"[0.35226777543534865, 0.934847391708788, 0.031132634150594862, -0.03159948885586536]","[0.7073420236789894, 0.7068714354650735, 2.7575729704409913e-05, 0.0001857440112451314]","[479.5633535131241, 9.71582185207123, 14.99776548881917]",5.080000000000031,100.0,0.0,"[50.0, 88.79838787123805, 88.79838787123806]",29
379,1660966759,settled,Qk2i_0006,unmatched,,"[-0.1517052857831241, -0.29127561974959143, -0.18264073679145526, 0.9267072789555645]","[4.781927346822479e-05, -0.7071221375410297, 0.00010763582096043334, 0.7070914146892553]","[480.14712282495407, 9.994652914230953, 9.721114401998875]",5.410000000000141,100.0,0.0,"[50.0, 92.00742707972688, 92.00742707972687]",28
380,1637501604,settled,Qk2i_0006,unmatched,,"[0.18129149155088545, -0.6913895059743468, 0.032480297838960365, 0.6986121788031583]","[0.0001027025722346031, -0.707262857334614, 0.00013356335820441378, 0.7069506505039007]","[479.5801520208987, 9.998824514429673, 9.71046441088412]",5.0300000000000145,100.0,0.0,"[50.0, 88.1032432572412, 88.10324325724119]",22
381,485279111,settled,Qk2i_0003,unmatched,,"[-0.9312632588279296, -0.3349799535042644, 0.12213209572889121, 0.07497282641286965]","[-0.7070446085617226, -0.7071689310590366, -9.095445344775577e-06, -0.00015609578118394585]","[479.66208544606434, 9.725166546489548, 15.0057300853102]",5.280000000000098,100.0,0.0,"[50.0, 90.68855782081737, 90.68855782081735]",25
382,3762580992,settled,Qk2i_0009,unmatched,,"[0.1773482491946259, -0.3470449091463339, 0.7076768376718273, 0.5893224270007174]","[0.49982642433789753, -0.5001007308811476, 0.5001904591392647, 0.4998822952373744]","[479.82509318767643, 15.004312724436156, 9.705049096624908]",5.040000000000018,100.0,0.0,"[50.0, 92.38973445809668, 92.3897344580967]",25
383,2423116493,settled,Qk2i_0010,unmatched,,"[0.29462108731827746, 0.6033356075849531, -0.42676698231237864, 0.6058502309444782]","[0.4997583939815773, 0.5004758800711406, -0.49986162879327495, 0.4999037839145711]","[480.16484710962203, 15.0062095313142, 10.285697015532172]",5.140000000000051,100.0,0.0,"[50.0, 91.66908035477964, 91.66908035477965]",29
384,4174505831,settled,Qk2i_0010,unmatched,,"[0.2244048008060311, 0.5715964015653734, -0.6853403945532466, 0.39144422678885216]","[0.5003813510570363, 0.49961982445954845, -0.4996749475833825, 0.5003233767063949]","[480.2558023498991, 15.005812726826585, 10.280692767836113]",5.210000000000075,100.0,0.0,"[50.0, 90.277920251599, 90.27792025159901]",24
385,2525438779,settled,Qk2i_0005,unmatched,,"[-0.6897378057101372, -0.14439285100342594, -0.2628215548777614, -0.6590427104861286]","[-0.707197149871089, -0.00023888482726490962, 2.338058034730179e-05, -0.7070163602078784]","[479.8789199308779, 14.993444011427327, 9.99398302710525]",5.050000000000021,100.0,0.0,"[50.0, 91.40753450248589, 91.4075345024859]",27
386,1288210302,settled,Qk2i_0011,unmatched,,"[0.04615286212208781, -0.6333120855466261, 0.5372564310861841, -0.5551047134325727]","[0.4998409317900534, -0.5001299513045694, 0.5001177028618963, -0.49991135014068266]","[480.395019835825, 10.283182187530567, 9.99681317699752]",5.000000000000004,100.0,0.0,"[50.0, 92.02211216502916, 92.02211216502917]",26
387,2398396039,settled,Qk2i_0007,unmatched,,"[0.7576079537954379, -0.18841092674201143, 0.5765840312664487, -0.24100283383943177]","[0.6533927999781153, -0.27024686304542433, 0.6533077498880364, -0.2706168248411344]","[480.07744455665244, 12.57324587700687, 13.941858208719683]",5.250000000000088,100.0,0.0,"[50.0, 89.42652105898053, 89.42652105898051]",28
388,701727153,settled,Qk2i_0004,unmatched,,"[0.19212178778999547, -0.6549558889125926, -0.32855242530116996, -0.6528210367809931]","[-5.767932116307329e-05, -0.7069240364016474, 9.827265006340237e-05, -0.7072894695760602]","[479.6607581562481, 9.99511284832171, 10.273234743717563]",5.110000000000041,100.0,0.0,"[50.0, 91.75482908117671, 91.75482908117672]",41
389,1545886231,settled,Qk2i_0005,unmatched,,"[0.6603699745772341, -0.13748381202057905, -0.26800047012429995, -0.6878847622402371]","[0.7071567202406865, 1.0505086570158575e-05, 0.0004054351618538004, -0.7070567222864148]","[480.0426042180052, 15.010907141439965, 9.999990155365934]",5.140000000000051,100.0,0.0,"[50.0, 89.4205054972205, 89.42050549722049]",15
390,1745869872,settled,Qk2i_0004,unmatched,,"[-0.447504222096961, 0.26585095795835, 0.8533219872333381, 0.030080316856180497]","[-0.7070947187624973, 0.0004824195867690062, 0.7071186679877829, -0.00012390605772033547]","[480.07880219771016, 10.00794478415512, 10.279028952674294]",5.260000000000091,100.0,0.0,"[50.0, 90.80083117509096, 90.80083117509098]",37
391,406022352,settled,Qk2i_0011,unmatched,,"[-0.3653408397420556, 0.6171309206484219, -0.6060321330849663, 0.3440938117209992]","[-0.5001165769914614, 0.5000579195304827, -0.5000488857127978, 0.49977654850000536]","[479.56765198851974, 10.279644120359835, 9.99703605423135]",5.0600000000000245,100.0,0.0,"[50.0, 89.09549854168046, 89.09549854168047]",33
392,1249401832,settled,Qk2i_0015,unmatched,,"[-0.1733833582670486, 0.1891697261426468, -0.9649533349426495, -0.05493712014854206]","[-8.291822885814115e-05, 0.00011184812531905841, -0.9999999562667283, 0.00026092356324072157]","[480.27790392871486, 9.998283002323578, 15.003418969070475]",5.200000000000071,100.0,0.0,"[50.0, 92.6492360867555, 92.64923608675551]",31
393,3632292210,settled,Qk2i_0011,unmatched,,"[-0.016288161035539764, 0.41417340070696734, 0.444247711431849, -0.79425377609708]","[-0.5000372538078566, 0.5001330504189855, 0.500043232838783, -0.4997863963485167]","[480.27723279474407, 10.27710867208696, 9.990408633270016]",5.300000000000105,100.0,0.0,"[50.0, 92.74801966279055, 92.74801966279057]",24
394,2973749025,settled,Qk2i_0009,unmatched,,"[-0.257487360526622, 0.7199862692742867, -0.4075739458834495, -0.4992028744533857]","[-0.4998894129184371, 0.5002126543401993, -0.4999741662728334, -0.4999237025284735]","[479.614036873712, 15.003465038950212, 9.718072130010311]",5.0300000000000145,100.0,0.0,"[50.0, 91.07322608584343, 91.07322608584344]",27
395,1941028596,settled,Qk2i_0009,unmatched,,"[-0.3979706979410011, 0.5124873277994502, -0.5234674702789294, -0.552229906818808]","[-0.4999632174635194, 0.5000693791769547, -0.49993696358853335, -0.5000304287050721]","[480.3924852046761, 14.99681161015854, 9.715325655217748]",4.990000000000001,100.0,0.0,"[50.0, 90.35829148775856, 90.35829148775855]",20
396,3070380030,settled,Qk2i_0011,unmatched,,"[-0.06994234935673012, 0.3801467522525942, 0.7566750495891676, -0.5272943995980771]","[-0.4998305296799688, 0.5001361220075624, 0.5000834585473125, -0.49994983303371254]","[480.1027193807327, 10.278714030057742, 9.995753598496037]",5.420000000000145,100.0,0.0,"[50.0, 92.58636085152979, 92.5863608515298]",35
397,1915343937,settled,Qk2i_0006,unmatched,,"[0.4906712176433897, -0.7697750840218592, 0.18896804856236424, 0.36191042098566995]","[0.00010808208618412475, -0.7070212849130716, -9.752110513377989e-06, 0.7071922587974421]","[479.8925407220358, 10.004865205186492, 9.708103768630703]",5.100000000000038,100.0,0.0,"[50.0, 92.11588213787391, 92.11588213787392]",38
398,354290017,settled,Qk2i_0009,unmatched,,"[-0.28835621042518916, -0.38855276042979314, -0.7424310043056404, 0.46332888116038073]","[-0.5000623050242275, -0.4999516218041443, -0.5000756063594809, 0.49991044685369385]","[479.65148859252093, 15.006052851901995, 9.719578432711224]",5.040000000000018,100.0,0.0,"[50.0, 92.15819687542658, 92.1581968754266]",20
399,3963352672,settled,Qk2i_0001,unmatched,,"[0.9251647455085984, -0.043595273119650155, -0.02004224774347514, -0.3765208548474078]","[0.9999999952808232, -2.814917880441984e-05, 8.808664483169398e-05, 2.9777853019608003e-05]","[479.7032625506645, 10.002566117238596, 15.000856899956199]",5.160000000000058,100.0,0.0,"[50.0, 90.93907761339948, 90.93907761339949]",31
400,2241331819,settled,Qk2i_0005,unmatched,,"[0.5925854334590082, 0.24491752173755219, -0.09201458593482868, 0.7618341207726109]","[0.7070539632019077, 0.0001621947727221535, 0.0001324464815967136, 0.7071595642224324]","[480.01950948943767, 14.999122834712342, 9.992346551435903]",5.110000000000041,100.0,0.0,"[50.0, 91.19616392133166, 91.19616392133167]",18
401,1248089024,settled,Qk2i_0014,unmatched,,"[0.2827366532360801, -0.6531151424436665, 0.5934076092222453, 0.3759893681273299]","[0.0003233380280427887, -0.7072536995882408, 0.706959747588945, -0.00012312693234829345]","[479.99271759905065, 15.000020169725323, 10.00358743389413]",5.1800000000000646,100.0,0.0,"[50.0, 89.6327087052186, 89.63270870521862]",17
402,1190590428,settled,Qk2i_0003,unmatched,,"[-0.8466737523926994, -0.520625593890875, -0.0190786065475082, 0.10829845228462341]","[-0.7073130522507852, -0.7069004490631848, 3.505836694775444e-05, 9.255160357546366e-07]","[479.97989149387564, 9.70990066460882, 15.005214933058022]",5.080000000000031,100.0,0.0,"[50.0, 90.39289271758135, 90.39289271758136]",38
403,870255912,settled,Qk2i_0002,unmatched,,"[-0.016935335981255635, 0.22228673932136322, -0.7657847735540874, 0.6032209218104038]","[0.00024164762142414586, 0.0003121359468030438, -0.7070564601824162, 0.7071569884345973]","[479.68021532322564, 10.275596323992275, 14.991201352332546]",5.260000000000091,100.0,0.0,"[50.0, 91.71368467899619, 91.71368467899616]",30
404,3990659583,settled,Qk2i_0012,unmatched,,"[-0.20215787328060575, -0.6371998885809219, 0.5616658613913516, 0.4874832883398513]","[-0.5002737892104376, -0.49975005091605795, 0.499794052400242, 0.5001818945381493]","[480.30615121835797, 9.711807586345984, 10.001618471500475]",5.040000000000018,100.0,0.0,"[50.0, 91.18936611595575, 91.18936611595574]",25
405,3397404430,settled,Qk2i_0009,unmatched,,"[0.41182468093020647, -0.4075472598130009, 0.478449909386871, 0.6598419109175645]","[0.49993028239213916, -0.49995557383048084, 0.49996953643135167, 0.5001445786807752]","[479.6616567397828, 15.00426588618606, 9.71165879616364]",5.080000000000031,100.0,0.0,"[50.0, 91.61609890234662, 91.61609890234664]",21
406,3645697704,settled,Qk2i_0005,unmatched,,"[0.8864963890943234, -0.051138257445942525, -0.1415384693951913, 0.4375795841094335]","[0.7070865134822647, 0.00011137269140693698, -0.0002953301842865567, 0.7071269778672717]","[479.722666334946, 15.005783033889086, 9.998214171693188]",5.160000000000058,100.0,0.0,"[50.0, 91.91867657999799, 91.918676579998]",37
407,51817196,settled,Qk2i_0012,unmatched,,"[0.7638451508528649, 0.27373350348973174, 0.43368309953207546, 0.39182843664804773]","[0.5002629891815399, 0.4999418891410028, 0.5000059690288382, 0.4997890355668165]","[479.7822023522282, 9.712354087856577, 10.0031623258218]",5.210000000000075,100.0,0.0,"[50.0, 90.9253917863227, 90.92539178632269]",29
408,2309212288,settled,Qk2i_0012,unmatched,,"[0.8495889160767383, 0.3365625935702812, -0.2307471229477699, -0.33418566626970336]","[0.5001144638447125, 0.4998960772283172, -0.5000153231395782, -0.4999741109804381]","[479.59243614645357, 9.71896827978295, 9.993657383910715]",5.1200000000000445,100.0,0.0,"[50.0, 91.45547273667049, 91.4554727366705]",35
409,48961705,settled,Qk2i_0006,unmatched,,"[0.07809326247491846, -0.2879763649877445, 0.049014886336602684, 0.9531886468490268]","[0.0001294181342157419, -0.7072279070336936, 4.7807306052471965e-05, 0.7069856211254577]","[479.6539476175703, 9.997431593035017, 9.703147872393577]",5.1800000000000646,100.0,0.0,"[50.0, 91.65561199032823, 91.65561199032824]",29
410,1554068286,settled,Qk2i_0011,unmatched,,"[0.6452777913563432, -0.48357184564960204, -0.23356384192165672, 0.5433440657853112]","[0.4999138291225145, -0.5000632623623411, -0.500056708179103, 0.4999661845491926]","[479.826059601461, 10.28207424685808, 9.992519432199371]",5.0900000000000345,100.0,0.0,"[50.0, 89.30319929128967, 89.30319929128966]",34
411,3534876538,settled,Qk2i_0003,unmatched,,"[-0.2977258657233537, 0.10832781411501317, -0.3707268817149146, -0.8730326298267885]","[9.294264208839495e-05, -0.00010155914430456933, -0.7071475061707952, -0.7070660404543769]","[480.09636532354216, 9.713145607770757, 14.998346865786015]",5.110000000000041,100.0,0.0,"[50.0, 93.07797430063665, 93.07797430063667]",28
412,534105821,settled,Qk2i_0005,unmatched,,"[0.61992343084427, 0.12344665611091266, 0.04777704849200498, 0.7734165867258707]","[0.7071374623582469, 0.00010809173646234493, 0.00023850099687311007, 0.7070760501975654]","[479.7382100935928, 15.003923282823164, 9.992838497788766]",5.1200000000000445,100.0,0.0,"[50.0, 91.39127838109523, 91.39127838109525]",22
413,4091761413,settled,Qk2i_0009,unmatched,,"[0.5674666330929233, -0.4537568823728552, 0.5632140784565418, 0.3935431537376766]","[0.49998151045747974, -0.4999805083464024, 0.4999029130754499, 0.5001350397372789]","[479.5589047113444, 15.003381377202734, 9.712556562048468]",5.0600000000000245,100.0,0.0,"[50.0, 90.41967040760694, 90.41967040760696]",21
414,3173205562,settled,Qk2i_0014,unmatched,,"[-0.09130783514718892, -0.5669139993428666, 0.7439710281521406, -0.3417287021308819]","[-0.00019223208016797228, -0.7072232906234338, 0.706990224089854, -5.7340802599392535e-05]","[480.00104766574276, 15.01838971745341, 10.002383752956609]",5.0300000000000145,100.0,0.0,"[50.0, 91.39098156548717, 91.39098156548718]",20
415,251389692,settled,Qk2i_0005,unmatched,,"[0.6080055123042141, 0.07237173668191489, -0.4106834322929009, -0.6755965861203387]","[0.707061006738464, -0.00032611872735691447, 0.00028751418838175795, -0.7071524190244681]","[479.92957783801324, 15.012632330736292, 9.998920508973496]",5.1800000000000646,100.0,0.0,"[50.0, 91.15635321676032, 91.15635321676034]",23
416,2745748030,settled,Qk2i_0009,unmatched,,"[-0.44688314577346244, 0.750365958923362, -0.42026706391498325, -0.24621530557810048]","[-0.5000374104998824, 0.5000337800015542, -0.49993648328679163, -0.49999231957777623]","[479.84470688371744, 15.00454387381129, 9.713238559301836]",5.040000000000018,100.0,0.0,"[50.0, 92.09512815254601, 92.09512815254602]",20
417,2132957445,settled,Qk2i_0006,unmatched,,"[0.02440900510333862, 0.4192243821668913, -0.3393466787833796, -0.8417237964233536]","[0.00013141105282973853, 0.7070864639900442, 0.0001981116622763457, -0.7071270578368223]","[479.5349898851851, 9.999513226774445, 9.719753478871379]",4.990000000000001,100.0,0.0,"[50.0, 92.37372747525382, 92.37372747525383]",34
418,2592582287,settled,Qk2i_0004,unmatched,,"[-0.17317025778823744, 0.877343216343861, -0.19804333936939197, 0.40132253647706384]","[-6.147375743545404e-05, 0.70700067296821, 0.00012049925026830223, 0.7072128605472373]","[480.098946684849, 9.996408121201878, 10.270790588122921]",5.270000000000095,100.0,0.0,"[50.0, 91.88643880417652, 91.8864388041765]",28
419,488833476,settled,Qk2i_0011,unmatched,,"[0.814050814904451, -0.47546433509702507, 0.2701807450712651, -0.19559473867381785]","[0.5000290900061439, -0.5000174352762747, 0.4998750383348667, -0.5000784134684078]","[480.13560306217363, 10.285466519993134, 9.999581748109616]",5.160000000000058,100.0,0.0,"[50.0, 92.59392686789853, 92.59392686789852]",29
420,1079718317,settled,Qk2i_0006,unmatched,,"[-0.06942338662369815, -0.7737009619714047, 0.02210873122520877, 0.6293476136745343]","[-6.880594857897049e-05, -0.7071430267996177, -3.756563440077132e-05, 0.707070529369765]","[479.5248185014806, 9.997875695824758, 9.708695687638164]",5.010000000000008,100.0,0.0,"[50.0, 86.46342967454909, 86.46342967454912]",43
421,1354260012,settled,Qk2i_0011,unmatched,,"[-0.4187518959274471, 0.7746345086352491, 0.30176239181627623, -0.3654144038949682]","[-0.49993055277944587, 0.5000498643832035, 0.49998478424138626, -0.5000347898447388]","[480.341864697932, 10.287951617847458, 9.994147093786644]",5.110000000000041,100.0,0.0,"[50.0, 91.7540235572963, 91.75402355729632]",20
422,882229007,settled,Qk2i_0015,unmatched,,"[0.1273924501741963, -0.9584522427451846, 0.2029272869603875, 0.1547933403678503]","[0.00012644366127693185, -0.999999906513509, 0.0004135019562185316, -1.0516266575865812e-06]","[480.254917747106, 9.998765727200702, 15.001994137474936]",5.1200000000000445,100.0,0.0,"[50.0, 92.63791874653378, 92.6379187465338]",28
423,4192697643,settled,Qk2i_0011,unmatched,,"[0.6550885994433101, -0.4372331383276803, -0.14355208181188908, 0.5992319329233069]","[0.4999627852846602, -0.5001067730722525, -0.49991343643121844, 0.5000169846447152]","[479.7984030389396, 10.275136510947725, 9.99212360696711]",5.040000000000018,100.0,0.0,"[50.0, 91.01718373023634, 91.01718373023633]",28
424,3669686380,settled,Qk2i_0006,unmatched,,"[-0.06116896501923223, 0.885354112653527, -0.3315742172768101, -0.32010153289734866]","[2.9806311875130165e-05, 0.7070352965875424, -6.983613044880821e-05, -0.7071782544831711]","[480.222438535827, 10.000731818192543, 9.70813521950614]",4.889999999999968,100.0,0.0,"[50.0, 92.72036085853354, 92.72036085853355]",33
425,514171889,settled,Qk2i_0003,unmatched,,"[-0.8749889709778484, -0.4028463397589936, 0.14105621020290338, 0.22850004983172698]","[-0.7070275868699195, -0.7071859548285191, 5.946879507445768e-05, -0.00011472417742935948]","[480.2072862068455, 9.720387450005523, 15.002547436724647]",5.1800000000000646,100.0,0.0,"[50.0, 91.17087774788573, 91.17087774788574]",29
426,551640303,settled,Qk2i_0014,unmatched,,"[-0.2697721665536638, 0.4464575027683721, -0.8515280409815804, 0.05290247439244444]","[7.713937500879952e-05, 0.707145941863225, -0.7070676053219977, 0.000111624840496197]","[480.3607369601899, 15.000091547904013, 9.997658434326128]",5.210000000000075,100.0,0.0,"[50.0, 92.2209705292967, 92.22097052929671]",27
427,1447824218,settled,Qk2i_0003,unmatched,,"[0.054177171776904016, 0.03524804273418602, -0.8950143501031719, -0.44132949442685304]","[-5.181584836622122e-05, 0.0003124169703043467, -0.7069169611380338, -0.7072964793961032]","[479.7764695210375, 9.713259600744301, 14.995954307119527]",4.990000000000001,100.0,0.0,"[50.0, 89.20709174694684, 89.20709174694686]",39
428,88904940,settled,Qk2i_0002,unmatched,,"[0.9031736958155836, -0.2856238255728287, 0.17222343768948123, -0.27025061140056533]","[0.7070270021976958, -0.7071864961343899, 5.864527313770296e-08, 0.0002790134418164947]","[479.7095919116636, 10.278519636232016, 14.995180450006231]",5.080000000000031,100.0,0.0,"[50.0, 92.01819530631268, 92.01819530631269]",37
429,1326025458,settled,Qk2i_0005,unmatched,,"[-0.5718926520009407, -0.20994557547447532, -0.2553657328752236, 0.7507662701527834]","[-0.7072473000348004, 0.0003050239031741263, -0.0002949352802279413, 0.7069661070851163]","[480.0277136351159, 15.012290461551538, 9.994499705848499]",5.010000000000008,100.0,0.0,"[50.0, 90.46959377260916, 90.46959377260917]",22
430,1890205973,settled,Qk2i_0011,unmatched,,"[0.4550261583998374, -0.14329072983126753, -0.6002766520818873, 0.6419399527071591]","[0.5001366189032133, -0.4999329415340715, -0.4998909389455535, 0.5000394640038782]","[480.29406291439756, 10.283093614123317, 10.00154898601068]",5.230000000000081,100.0,0.0,"[50.0, 91.26514734960962, 91.2651473496096]",23
431,296743350,settled,Qk2i_0006,unmatched,,"[0.6332094678323993, -0.22651466425909744, 0.7306858552586184, 0.11762252185691]","[0.7072481897389568, 7.163809759069828e-05, 0.7069653378934546, -6.321507207535104e-05]","[479.77223431923306, 9.998550829428012, 9.712216366234635]",5.070000000000028,100.0,0.0,"[50.0, 89.50226536851896, 89.50226536851898]",25
432,4200615586,settled,Qk2i_0012,unmatched,,"[0.655926729555045, 0.4715822210767977, 0.3000995891145564, 0.5072578938102114]","[0.4997120142839539, 0.5001780687944868, 0.5000858320607181, 0.5000239622752397]","[479.894255638817, 9.723913014887554, 10.00045269421178]",5.1800000000000646,100.0,0.0,"[50.0, 87.82321454764609, 87.8232145476461]",33
433,1827127625,settled,Qk2i_0005,unmatched,,"[0.8579350932580933, -0.2128157517921675, -0.14611278493536695, -0.44419352271706153]","[0.7072477726127427, -3.2974125093581564e-05, 2.0996820624220493e-05, -0.7069657605613971]","[479.747414823672, 15.005512759676954, 10.009454493267604]",5.320000000000111,100.0,0.0,"[50.0, 92.05586728182251, 92.05586728182253]",22
434,534635392,settled,Qk2i_0007,unmatched,,"[0.4023365553425705, -0.1994319114941423, 0.8810665716111402, -0.14857289558415035]","[0.6533713041662406, -0.2705126025775626, 0.6531997282434509, -0.27066397204190584]","[479.65142189362996, 12.580196748621931, 13.94139804664236]",5.170000000000061,100.0,0.0,"[50.0, 92.68474264408843, 92.68474264408842]",33
435,2590583326,settled,Qk2i_0003,unmatched,,"[0.09030055180909459, -0.04441867200298009, -0.8023967719212277, -0.5882450274595253]","[-0.00019222949288938418, -7.454481180857453e-05, -0.7070555155360939, -0.7071580130641819]","[480.3421951798559, 9.72128069926017, 14.996501089693389]",5.040000000000018,100.0,0.0,"[50.0, 89.69639568360756, 89.69639568360758]",30
436,2547354583,settled,Qk2i_0012,unmatched,,"[0.8152563941732772, 0.21622676966726295, -0.40583675953436604, -0.3519936369446071]","[0.49995857688203876, 0.5001057623318932, -0.5000092008706694, -0.49992644151834714]","[480.0623948769895, 9.716478523147583, 9.99653527431635]",5.070000000000028,100.0,0.0,"[50.0, 91.4764651315747, 91.47646513157468]",39
437,3218085765,settled,Qk2i_0012,unmatched,,"[0.2954657990931379, 0.39282819469298863, -0.3980689292476701, -0.7745496101529676]","[0.5001518748424598, 0.4999425230678151, -0.4998225622835052, -0.5000829750676496]","[480.2702947695896, 9.71509435274163, 9.9976918699883]",5.240000000000085,100.0,0.0,"[50.0, 91.7943865643546, 91.79438656435461]",30
438,1304232084,settled,Qk2i_0006,unmatched,,"[-0.352213766853653, 0.21184664024323208, -0.8685438811426818, -0.27694401958883696]","[-0.7072279358706968, 8.130784594584385e-05, -0.7069855837455487, -0.000156489851892927]","[480.162273576646, 9.998933181749665, 9.714640105086382]",5.0300000000000145,100.0,0.0,"[50.0, 91.95017487543751, 91.9501748754375]",30
439,297768368,settled,Qk2i_0006,unmatched,,"[-0.22472066688496214, -0.872516407788627, -0.21434063640960546, 0.3771920354380955]","[0.0001321887172522629, -0.7072095933140784, 9.563551312158358e-05, 0.7070039352822073]","[479.78036407304927, 10.001344573936764, 9.711827653258112]",5.040000000000018,100.0,0.0,"[50.0, 91.44174695745869, 91.4417469574587]",36
440,891232979,settled,Qk2i_0006,unmatched,,"[-0.34380334234946835, -0.7338992915597421, -0.0763126847783356, 0.5808334234351233]","[0.00017357081279151257, -0.7071671644020242, -0.00010061583713977253, 0.7070463643504765]","[480.2087180467055, 9.994006650808084, 9.711663846586807]",5.0600000000000245,100.0,0.0,"[50.0, 91.94356631557417, 91.94356631557419]",30
441,3841963349,settled,Qk2i_0004,unmatched,,"[-0.5133375855609958, -0.07907450326392841, 0.6897991190402434, -0.5043896525061499]","[-0.7070159327523564, 5.8752516075899486e-05, 0.7071976153718308, 1.3958997260005157e-05]","[479.80997018107803, 10.001409518650394, 10.278052516268087]",5.200000000000071,100.0,0.0,"[50.0, 92.02499169576593, 92.02499169576595]",33
442,18385099,settled,Qk2i_0002,unmatched,,"[0.12047864421829556, -0.12517628543684167, -0.7144336243554615, 0.6777908159910955]","[-0.00012910988139427926, 2.3956304223221592e-05, -0.7070936531050598, 0.7071198968317011]","[479.9594664422216, 10.285236601582668, 14.993981900635614]",5.210000000000075,100.0,0.0,"[50.0, 90.24609584458173, 90.24609584458175]",25
443,2691739939,settled,Qk2i_0014,unmatched,,"[-0.22267729535334213, 0.7891356077799049, -0.5696644964821498, 0.0562332296395906]","[0.00024567766497980974, 0.7069690172306385, -0.7072444732354702, -5.827788827387543e-05]","[480.10395163398, 15.015511192692712, 9.996798342669612]",5.0600000000000245,100.0,0.0,"[50.0, 91.98217125673865, 91.98217125673865]",19
444,1648306844,settled,Qk2i_0010,unmatched,,"[0.40372342625092367, -0.4878801446397, -0.3946080481346454, -0.6657813814683657]","[0.5000436455054943, -0.5000432130848248, -0.4999304907200809, -0.4999826417844513]","[479.8884129325395, 15.003690084414885, 10.280346513531324]",5.010000000000008,100.0,0.0,"[50.0, 91.45386668542587, 91.45386668542585]",23
445,3556173456,settled,Qk2i_0006,unmatched,,"[0.8819022092181918, -0.180298544692677, 0.353429474799875, -0.2546144821106211]","[0.7071641519876835, -9.489932526815514e-05, 0.7070493986586222, 3.152997768388066e-05]","[479.8066898647944, 10.008035997879166, 9.712233070813921]",5.140000000000051,100.0,0.0,"[50.0, 92.94944130249624, 92.94944130249625]",40
446,4217925759,settled,Qk2i_0006,unmatched,,"[0.0961030644699224, -0.5789503453412914, -0.05326938281784191, 0.8079251645312798]","[0.00012291271814479646, -0.7071630245951517, 1.9868250586752015e-05, 0.707050522341334]","[479.7033042377997, 10.001779409064586, 9.71968397029946]",5.050000000000021,100.0,0.0,"[50.0, 88.53920970790598, 88.539209707906]",42
447,2301786321,settled,Qk2i_0013,unmatched,,"[0.2578223818748416, -0.7105505883403768, 0.20813108451813142, -0.620747076087221]","[0.270554976556161, -0.6533197603083327, 0.27038310891615747, -0.6533500362471799]","[480.1149259618002, 12.570146673217803, 12.575179301531742]",5.170000000000061,100.0,0.0,"[50.0, 87.43719292611961, 87.43719292611962]",35
448,325454950,settled,Qk2i_0012,unmatched,,"[0.7956384402483112, 0.3843416545390062, -0.3939975078371101, -0.25299590669336963]","[0.49980931684962715, 0.5002197802707481, -0.49992568865644854, -0.5000451220015744]","[479.7121299282297, 9.71975322273414, 10.002430961626118]",5.070000000000028,100.0,0.0,"[50.0, 91.5536205706096, 91.55362057060961]",26
449,969502381,settled,Qk2i_0012,unmatched,,"[-0.30927980161513835, -0.15406158471051223, 0.5135925348162733, 0.7853876371642105]","[-0.5001124535857252, -0.4999189358540946, 0.4999904129240674, 0.4999781778507901]","[479.797271906091, 9.719105373641357, 9.997504121873687]",5.450000000000155,100.0,0.0,"[50.0, 91.15864786612075, 91.15864786612073]",28
450,2996715874,settled,Qk2i_0010,unmatched,,"[-0.19287291865651282, 0.48587151384416694, 0.6514239194558252, 0.5498870669914926]","[-0.50017399450694, 0.499805468110896, 0.500195633675641, 0.4998247666105029]","[479.82229959060885, 15.009986809705806, 10.281615680178259]",5.210000000000075,100.0,0.0,"[50.0, 91.29726505821765, 91.29726505821766]",29
451,1609489958,settled,Qk2i_0001,unmatched,,"[-0.9949556450195594, -0.05813871976815337, 0.08029387326127228, -0.015363841451134974]","[-0.9999999364960803, -0.0002681577171800385, -0.00022689808121297353, 6.013763172751929e-05]","[480.15367342679514, 10.000863751992771, 14.996864774058205]",5.110000000000041,100.0,0.0,"[50.0, 89.33070019002706, 89.33070019002707]",34
452,2771918735,settled,Qk2i_0015,unmatched,,"[-0.11460745564524599, 0.43084029765301896, -0.8796516023320977, 0.16569498345862566]","[0.00025588331907423897, 1.004563143613968e-06, -0.9999999644611073, -7.48365036131168e-05]","[479.5829422365243, 10.003030245105554, 15.000702349762303]",5.170000000000061,100.0,0.0,"[50.0, 92.28622398205826, 92.28622398205827]",43
453,610631633,settled,Qk2i_0004,unmatched,,"[0.1514681535432902, -0.6127328788032343, 0.29993681550540857, -0.7152997444429585]","[-0.000177089252496071, -0.7070564197025853, -0.00013203407138243084, -0.7071571045840963]","[480.09744199015654, 10.000606481085324, 10.27812357190815]",5.0900000000000345,100.0,0.0,"[50.0, 88.21995676634161, 88.21995676634161]",44
454,2319603761,settled,Qk2i_0015,unmatched,,"[-0.1570165804251357, 0.03132179366028071, 0.9537235132709428, -0.2545116872515474]","[0.00015477068806541515, -0.00014690521016891278, 0.9999999770290364, 2.0169782751960867e-05]","[480.27090350079766, 10.008276131697183, 15.000364212048233]",5.000000000000004,100.0,0.0,"[50.0, 90.90475274230255, 90.90475274230253]",32
455,1854309513,settled,Qk2i_0003,unmatched,,"[0.12356854996780049, -0.2678906918240119, -0.7278985147329342, -0.6189742667853777]","[-9.41496078146753e-05, 0.00012723762958810614, -0.7069312682641318, -0.707282232844077]","[479.7209769815139, 9.712429560176092, 14.999653014628347]",5.130000000000048,100.0,0.0,"[50.0, 92.13695050199377, 92.13695050199378]",27
456,989447075,settled,Qk2i_0001,unmatched,,"[0.9713800337355661, -0.21011797810244398, 0.016179182275794755, 0.10958786154915928]","[0.9999999595774506, 0.00014095651036213463, 0.0002293173007250183, -9.159658905733005e-05]","[479.8538195480392, 10.003118482791377, 15.004274356262123]",5.140000000000051,100.0,0.0,"[50.0, 90.15655814618195, 90.15655814618196]",30
457,2183323969,settled,Qk2i_0011,unmatched,,"[0.4719514165278837, -0.21436734646952207, 0.6328959274691771, -0.5751097688249347]","[0.5002147578792144, -0.49975672735037646, 0.5000847955055338, -0.49994360359151413]","[479.7811044916639, 10.283465632127752, 9.989194869328717]",4.979999999999998,100.0,0.0,"[50.0, 91.20105990535143, 91.20105990535144]",34
458,3333157346,settled,Qk2i_0001,unmatched,,"[-0.9276509904190547, 0.24159716448372856, 0.27468312960690555, 0.07512408666549768]","[-0.9999999090879699, 0.00019277180555583965, 5.7050618190176056e-05, 0.0003760429631215479]","[480.3073373969472, 9.99732330344527, 14.994904669343475]",5.250000000000088,100.0,0.0,"[50.0, 90.94102574368682, 90.94102574368684]",30
459,1536433214,settled,Qk2i_0003,unmatched,,"[0.08218339877503628, 0.2576184628040969, -0.6582543058704985, -0.7025524075762501]","[-0.00011918761581330985, -0.00017114660392994477, -0.7070013003831438, -0.7072122155051453]","[479.6179885670974, 9.720283104806558, 14.998096951688867]",4.939999999999984,100.0,0.0,"[50.0, 92.52959357530415, 92.52959357530416]",27
460,3003981838,settled,Qk2i_0004,unmatched,,"[-0.7818738120739928, -0.012854806092070811, 0.6135808908157429, -0.10966579402428699]","[-0.7071693532236019, 0.00020956473067787473, 0.7070441678804961, -8.130260389677124e-05]","[479.7639813890696, 9.997567997002989, 10.284395137503603]",5.0300000000000145,100.0,0.0,"[50.0, 87.1179651107102, 87.11796511071022]",28
461,1671738075,settled,Qk2i_0012,unmatched,,"[0.16848477985767996, 0.6303939036957051, 0.6092136526744295, 0.4506385808324433]","[0.5000269757530212, 0.49997184884566476, 0.5000412263394731, 0.49995994423758716]","[479.5802102202559, 9.720911193589128, 9.996748720453727]",5.0300000000000145,100.0,0.0,"[50.0, 91.3636764063679, 91.36367640636792]",29
462,1427896573,settled,Qk2i_0006,unmatched,,"[-0.8276546587604369, 0.01672756570963244, -0.5591638238802129, 0.045208101499985595]","[-0.7070044335150945, -9.416480578763875e-05, -0.7072091053869131, 5.81449207829321e-05]","[480.1410817741935, 10.003848683763778, 9.715631069349284]",5.110000000000041,100.0,0.0,"[50.0, 88.18478075778422, 88.18478075778421]",31
463,617616967,settled,Qk2i_0005,unmatched,,"[-0.653353822706798, 0.3994512311384112, -0.04260644431797357, -0.6416791933661253]","[-0.7072507994203824, -0.00031143527724001555, -0.00020747291072721868, -0.7069626345729239]","[479.924060308356, 15.000564658456224, 9.997965899552204]",5.0600000000000245,100.0,0.0,"[50.0, 91.67302455787933, 91.67302455787934]",17
464,4137320547,settled,Qk2i_0010,unmatched,,"[0.42361130840775824, -0.7453039372078921, -0.42955826919711343, -0.2838224690468704]","[0.49990730655395027, -0.5001259910560342, -0.5000467007400493, -0.49991996859816085]","[479.8182083837635, 15.00193588349561, 10.279501227081138]",5.1200000000000445,100.0,0.0,"[50.0, 91.9480531883563, 91.94805318835631]",20
465,2545035017,settled,Qk2i_0011,unmatched,,"[-0.5569568557253328, 0.6963649029460673, 0.07238081643017763, 0.44680644603493136]","[-0.4999230694403871, 0.5002078330172147, -0.5000941893000915, 0.4997747995425621]","[479.64096718604065, 10.280026617555173, 9.993760188366279]",5.260000000000091,100.0,0.0,"[50.0, 91.76862288551746, 91.76862288551747]",29
466,1308104037,settled,Qk2i_0009,unmatched,,"[0.6202867767754898, 0.441811349337051, 0.34047399362073083, -0.5514748460468515]","[0.5003502261002167, 0.4997767385675645, 0.5002034501654914, -0.4996692618830674]","[479.8660126917389, 15.009774145512312, 9.7166055908777]",5.0900000000000345,100.0,0.0,"[50.0, 89.17620506046636, 89.17620506046634]",21
467,997398106,settled,Qk2i_0014,unmatched,,"[0.11084417898417434, -0.7964657463755247, -0.5903442692092394, 0.06963854283090477]","[-9.018016155523146e-06, -0.7071101581023115, -0.7071034004340995, -7.295020981467923e-05]","[479.5402158422625, 15.006412864697207, 10.000390416684793]",5.0900000000000345,100.0,0.0,"[50.0, 91.38288098056768, 91.38288098056769]",25
468,3869532184,settled,Qk2i_0009,unmatched,,"[-0.444034000270401, -0.15779409734244773, -0.714768004045331, 0.5167606117350677]","[-0.499961874512718, -0.5001834709013837, -0.4999839036986118, 0.4998706987942693]","[479.7047302226413, 15.003818125543647, 9.71196360976342]",5.170000000000061,100.0,0.0,"[50.0, 92.25385280959937, 92.25385280959938]",20
469,2215946165,settled,Qk2i_0004,unmatched,,"[0.36889047016788995, -0.7622059379761799, -0.12484839185158167, -0.5170829799802338]","[-9.686165159455973e-05, -0.7071345297161213, -0.00013685436292065756, -0.7070790116895449]","[479.986760050427, 10.004071065894026, 10.278367816080344]",5.110000000000041,100.0,0.0,"[50.0, 91.62603195189573, 91.62603195189574]",33
470,1197086404,settled,Qk2i_0006,unmatched,,"[0.755057280627056, -0.1767846178774512, 0.631366319746603, 0.0035031619473357]","[0.7070989477559252, -0.00018057988454336924, 0.7071143663172027, -0.0005642882149965999]","[479.947579057966, 9.994719982609086, 9.707231875466432]",5.110000000000041,100.0,0.0,"[50.0, 87.55637036103518, 87.55637036103516]",30
471,148282538,settled,Qk2i_0014,unmatched,,"[-0.4253381753982559, 0.7238946308654451, -0.5174617999902729, -0.16521890177546342]","[0.0001296498032629362, 0.7070910401373739, -0.7071225014527869, -0.00010994329839844276]","[480.04071436502875, 14.995124986454353, 9.997934512664392]",5.130000000000048,100.0,0.0,"[50.0, 91.54721842071373, 91.54721842071375]",21
472,4068892255,settled,Qk2i_0015,unmatched,,"[0.3748737161170823, 0.8447448672063396, 0.13016443113470874, -0.35907245391493114]","[4.465600271672891e-05, 0.9999999880841484, -9.712951220719468e-05, 0.0001113705646378436]","[479.8943052734874, 10.012978953434997, 14.998742992179563]",5.230000000000081,100.0,0.0,"[50.0, 92.14439479786681, 92.1443947978668]",27
473,1326143893,settled,Qk2i_0015,unmatched,,"[0.14356132151723644, 0.9476595487597521, -0.08740535376396882, -0.2714623928688525]","[6.449087609142123e-05, 0.9999999968290533, 4.383409873981448e-05, 1.6167628522447578e-05]","[479.56092684515437, 10.002000525477786, 14.997948496143126]",5.240000000000085,100.0,0.0,"[50.0, 92.4627502647537, 92.46275026475368]",36
474,2736713625,settled,Qk2i_0006,unmatched,,"[0.017407009755828814, 0.4637843759830021, 0.32652442269539567, -0.8233971398959656]","[0.000118083433419236, 0.7071588947694097, 0.0002191376019918534, -0.7070546199435523]","[479.83742167014327, 9.992968606819957, 9.711393296881822]",5.170000000000061,100.0,0.0,"[50.0, 91.52325599255595, 91.52325599255593]",33
475,3271021467,settled,Qk2i_0005,unmatched,,"[-0.521156935288762, 0.18990290551240585, 0.14878659799666374, -0.8186543125977841]","[-0.7072174720454858, 0.00015139540113232437, -0.00011484465614625961, -0.7069960474597647]","[480.24910174110335, 15.013001447460525, 9.996641978476545]",5.170000000000061,100.0,0.0,"[50.0, 92.29642964948867, 92.29642964948866]",21
476,3851873653,settled,Qk2i_0011,unmatched,,"[-0.6890452941250381, 0.5804733049738838, -0.022912083130372837, -0.43329246624360196]","[-0.5000543894350706, 0.5000180141190965, 0.4998339991190519, -0.5000935577347196]","[479.7824239721803, 10.282163883365984, 9.995994269017276]",4.899999999999971,100.0,0.0,"[50.0, 92.96297108872332, 92.96297108872334]",37
477,1222532304,settled,Qk2i_0012,unmatched,,"[-0.4892347766941237, -0.673558720770075, -0.5376203582472012, -0.13391166247112982]","[-0.5000794804285695, -0.4998490737508232, -0.5003383973260589, -0.4997328335079926]","[480.3119724954392, 9.719599778742285, 9.993402080222289]",5.1800000000000646,100.0,0.0,"[50.0, 90.41324263069052, 90.41324263069053]",33
478,2025214609,settled,Qk2i_0011,unmatched,,"[-0.6720498297597366, 0.25987250603860684, -0.3820612441455619, 0.5786575089351808]","[-0.4999953475692501, 0.5000157310924261, -0.5000110681728009, 0.49997785228338476]","[480.00740918821265, 10.284062324926188, 9.994987066332769]",5.110000000000041,100.0,0.0,"[50.0, 91.00098218531814, 91.00098218531815]",31
479,3974321818,settled,Qk2i_0012,unmatched,,"[0.5890076497595739, 0.578138251652458, 0.2804648250741726, 0.4900669672575945]","[0.5000975979479421, 0.49999501719616357, 0.4998322814624835, 0.5000750600796998]","[479.92566333392557, 9.718218700611336, 9.999079674856434]",5.250000000000088,100.0,0.0,"[50.0, 89.00055090171475, 89.00055090171476]",40
480,2134301099,settled,Qk2i_0015,unmatched,,"[0.23258563386672154, -0.9707151930310784, -0.014332229697203118, 0.05839969288753257]","[0.00010814392176729692, -0.9999999878396759, 0.00010342736229340678, -4.391265332832672e-05]","[479.807391923853, 10.016240297546233, 14.9999116518126]",5.080000000000031,100.0,0.0,"[50.0, 89.18910851144712, 89.18910851144713]",35
481,978334388,settled,Qk2i_0012,unmatched,,"[-0.0529483899273966, -0.302997353705265, -0.8480072285136022, -0.4315933410519471]","[-0.49997263797562097, -0.5000160389727117, -0.4999490545609338, -0.5000622610129329]","[479.99838748032585, 9.703204230707067, 9.993094161377037]",4.909999999999974,100.0,0.0,"[50.0, 91.804813561381, 91.80481356138101]",24
482,2325744455,settled,Qk2i_0014,unmatched,,"[0.18274323590751634, 0.8725818368775546, 0.3737068263916387, -0.2560254979288821]","[0.0003206377084435709, 0.7070810494213399, 0.7071324355210411, 7.331273664502672e-05]","[480.312246488081, 15.001189479112478, 9.996833417378168]",5.250000000000088,100.0,0.0,"[50.0, 92.80980492194657, 92.80980492194658]",37
483,348550585,settled,Qk2i_0002,unmatched,,"[-0.9150115933974345, 0.34906982214210186, -0.028151545384796382, -0.2002786401751746]","[-0.7072692897152225, 0.70694417577595, 0.000279390683446068, 7.812191295547555e-05]","[480.1266852837028, 10.271300798209797, 14.996557733442499]",5.200000000000071,100.0,0.0,"[50.0, 91.81156228869702, 91.81156228869703]",25
484,1740214684,settled,Qk2i_0014,unmatched,,"[-0.08212628680529313, 0.5264601975169598, -0.73218323243745, -0.42426718890744497]","[0.00028521232269367345, 0.7072059855657753, -0.707007505274877, -1.0902579336819713e-05]","[480.0069222564535, 15.00311716500459, 9.995388088063418]",5.170000000000061,100.0,0.0,"[50.0, 91.71575309389672, 91.71575309389674]",25
485,55311315,settled,Qk2i_0009,unmatched,,"[-0.7661319425224496, -0.4844520809690637, -0.32013599349819377, 0.27542870866786173]","[-0.5004003325827235, -0.49967692251767537, -0.5003636553113644, 0.499558497773599]","[480.19702580467066, 15.0177551526927, 9.717222403298875]",5.170000000000061,100.0,0.0,"[50.0, 92.98258554714533, 92.98258554714535]",22
486,1316840683,settled,Qk2i_0014,unmatched,,"[0.07675491347951191, 0.6400061569458476, -0.7595435032536367, 0.08714625059836124]","[-0.00014433180585658061, 0.7070688931092363, -0.7071446460149837, 9.580163273395701e-05]","[480.3152092950045, 15.004208489608306, 9.984524243229323]",4.979999999999998,100.0,0.0,"[50.0, 89.41632505443638, 89.4163250544364]",25
487,3906633774,settled,Qk2i_0009,unmatched,,"[-0.4126339930361076, 0.7677208856764828, -0.44529899126803724, -0.20505276848378087]","[-0.4999965888534541, 0.5002701165254217, -0.49993115176212455, -0.49980202595062234]","[479.60466820655677, 15.00073298527332, 9.715429586771387]",4.969999999999994,100.0,0.0,"[50.0, 92.27639569150872, 92.27639569150871]",29
488,3892948482,settled,Qk2i_0004,unmatched,,"[0.5881394421842769, -0.4614317568880165, -0.6511079169270512, -0.13126770660494644]","[0.7070777705878025, 0.00013611398246912712, -0.7071357686446409, 0.00011187904128934224]","[479.643815766033, 9.999038933194244, 10.280378445800219]",5.1500000000000545,100.0,0.0,"[50.0, 92.3307407640298, 92.33074076402981]",21
489,726396242,settled,Qk2i_0006,unmatched,,"[-0.588104219804756, -0.17625190134214422, -0.7803869967171447, -0.1185952329392438]","[-0.7072505617289357, 7.329681390619293e-05, -0.7069629480201978, -0.00016639793648162707]","[480.21795609565106, 10.003448945137846, 9.710739301338343]",5.0600000000000245,100.0,0.0,"[50.0, 89.06220075156493, 89.06220075156494]",29
490,2940707866,settled,Qk2i_0006,unmatched,,"[0.497173177018088, 0.03845020895787252, 0.8641151523332156, 0.06815729596294492]","[0.7072231738769607, -0.00011303373586635246, 0.7069903602051713, -1.1477602937237652e-05]","[479.67137254834, 9.994280392877597, 9.710298548186632]",5.010000000000008,100.0,0.0,"[50.0, 89.89195742007409, 89.8919574200741]",32
491,304160197,settled,Qk2i_0006,unmatched,,"[0.9038276135597187, -0.022174154481154725, 0.42216816549128033, 0.06616639544146515]","[0.7069710615224849, -5.503529756706316e-05, 0.7072424681051327, -8.030845090448158e-05]","[479.7106960482346, 10.012755784542172, 9.714258306865188]",5.1800000000000646,100.0,0.0,"[50.0, 90.68585490171652, 90.68585490171654]",32
492,4041846957,settled,Qk2i_0010,unmatched,,"[-0.42387011570386224, 0.43694254873817007, 0.72414277921501, 0.32408728673946435]","[-0.4998458271336994, 0.49999282718501636, 0.49987102001573613, 0.5002902009923739]","[479.97849343122095, 15.000188985392203, 10.281343708802972]",5.200000000000071,100.0,0.0,"[50.0, 91.36668227244763, 91.36668227244765]",13
493,1321792822,settled,Qk2i_0003,unmatched,,"[0.8692626977408878, 0.4179941004244013, -0.14782251222700962, -0.2186590935806806]","[0.7071422969210843, 0.7070711858224082, -0.00012163848746118977, -0.0003086890749142146]","[480.0157274857848, 9.704582790187324, 14.998428187387894]",5.190000000000068,100.0,0.0,"[50.0, 91.23542032686139, 91.2354203268614]",45
494,4197430582,settled,Qk2i_0015,unmatched,,"[0.03321905480953784, 0.9728731798589902, 0.2096095331892582, 0.0920766740537427]","[8.583332107131377e-05, 0.9999999501018548, 0.00016794402507130934, -0.00025342401913620963]","[479.5894697504197, 9.996087740030138, 14.997467076673683]",5.110000000000041,100.0,0.0,"[50.0, 91.56377032014404, 91.56377032014406]",23
495,2542721139,settled,Qk2i_0004,unmatched,,"[-0.6495938786809407, -0.005279080681094758, 0.6857852760822487, 0.3281744645706117]","[-0.7070828945685185, 0.00011831932436201509, 0.7071306566781499, 2.439408433610457e-05]","[480.11156810257336, 10.009655458631013, 10.283562591082845]",5.310000000000108,100.0,0.0,"[50.0, 91.28369057222235, 91.28369057222234]",29
496,2692174792,settled,Qk2i_0009,unmatched,,"[0.47989987830095804, 0.40658434079067574, 0.7168406037565264, -0.30087344421951895]","[0.4999514637663894, 0.5000231372169269, 0.5000577853381678, -0.49996760639892857]","[479.69747933615685, 15.006320258539308, 9.719012789988362]",5.020000000000011,100.0,0.0,"[50.0, 90.98930731979216, 90.98930731979215]",32
497,3415389587,settled,Qk2i_0006,unmatched,,"[0.014422751469727813, -0.6581796891617329, -0.4012873838272596, 0.6368358631516293]","[0.00010066538017294846, -0.7070910557675444, -0.00010576085346702957, 0.707122491181452]","[479.8427059988506, 9.998636828795917, 9.712320719203534]",5.200000000000071,100.0,0.0,"[50.0, 91.25924259676468, 91.2592425967647]",35
498,1604256032,settled,Qk2i_0005,unmatched,,"[0.7194335288308407, -0.12594507376429795, -0.2512441202018914, -0.6351611040141603]","[0.7072063189380722, 0.0001895434022783586, 0.00027129030364219, -0.7070071519644845]","[480.21964153924097, 15.004607790741476, 10.0010975361093]",5.170000000000061,100.0,0.0,"[50.0, 90.32330915564576, 90.32330915564573]",24
499,262656233,settled,Qk2i_0011,unmatched,,"[-0.36391009820553344, 0.39535104709640495, 0.3331361145539588, -0.7747821107664442]","[-0.5000788625702186, 0.5000987386696505, 0.49974582170986803, -0.5000764906242142]","[480.01924466935463, 10.282821872571748, 9.995772410566776]",5.140000000000051,100.0,0.0,"[50.0, 90.91892892203875, 90.91892892203876]",23
500,4212216518,settled,Qk2i_0015,unmatched,,"[-0.29048204249306936, -0.9429696391518119, 0.01821415926537831, -0.16154469050145792]","[0.00011450712978154558, -0.9999999755862465, -0.00012582745867112388, 0.00014100735526676627]","[479.52502391047426, 10.005280428167366, 15.00162196335586]",5.0300000000000145,100.0,0.0,"[50.0, 90.60551433459437, 90.60551433459439]",35
501,3782923788,settled,Qk2i_0011,unmatched,,"[-0.7787440695715817, 0.09365545432764234, -0.38650657307348313, 0.48517934720345085]","[-0.4999038813884056, 0.5000797701160444, -0.5000145153276148, 0.500001817351879]","[480.20734445601425, 10.28527793085398, 10.000831957140752]",5.100000000000038,100.0,0.0,"[50.0, 92.15329152113853, 92.15329152113854]",34
502,3362482467,settled,Qk2i_0004,unmatched,,"[0.7832846989191279, -0.38675165402377154, -0.48657950948779993, 0.011341053551597924]","[0.7071332215713245, -2.3813617450962887e-05, -0.7070803377301829, -4.8769277659399535e-05]","[479.9335494165521, 9.99802098067155, 10.28219221719211]",5.100000000000038,100.0,0.0,"[50.0, 91.30762191547296, 91.30762191547298]",27
503,2700113713,settled,Qk2i_0015,unmatched,,"[0.03447712517487698, 0.9641850388290412, 0.23864003994039065, 0.11049647087199173]","[-0.00014421240407948857, 0.9999999821053704, -0.00011688086145128507, -3.6481579257087214e-05]","[480.4066570228479, 10.004828417570582, 14.995986166610402]",5.140000000000051,100.0,0.0,"[50.0, 91.84414679925455, 91.84414679925456]",29
504,470461877,settled,Qk2i_0006,unmatched,,"[-0.3661237010024778, 0.6138259312149058, -0.3211534154736574, -0.6213144497450597]","[-0.0001645856486452435, 0.7071069720643202, -0.0001929325169856, -0.7071065448336883]","[480.1208596805461, 10.002282904008613, 9.71627081704667]",5.1200000000000445,100.0,0.0,"[50.0, 91.09747339181723, 91.09747339181725]",35
505,1077415524,settled,Qk2i_0006,unmatched,,"[-0.9281882426101508, -0.132775582072791, -0.2798262576919452, 0.2062389308341965]","[-0.7070585893376498, -6.796475622197762e-05, -0.7071549664815472, 2.2642426295849116e-06]","[479.66432127097806, 10.005512330888397, 9.71864064663303]",5.1500000000000545,100.0,0.0,"[50.0, 92.75126803308346, 92.75126803308348]",35
506,3461860755,settled,Qk2i_0003,unmatched,,"[-0.05646607210453661, 0.35164116118681604, -0.895910406203069, -0.2655270617419717]","[2.72380358587454e-06, 3.720575018062444e-05, -0.7071730713917371, -0.7070404837820039]","[479.8779417744074, 9.714571241202028, 15.001337236002492]",5.040000000000018,100.0,0.0,"[50.0, 92.96609325354139, 92.9660932535414]",29
507,4041061826,settled,Qk2i_0006,unmatched,,"[-0.3481962430304041, -0.8253540043337292, -0.2323053652870821, 0.3789252711665267]","[-0.00015063073367749258, -0.7070022843607771, 7.045970055472028e-05, 0.7072112430203975]","[479.661366849218, 10.000305626652564, 9.717425408340016]",4.990000000000001,100.0,0.0,"[50.0, 92.79142011543989, 92.7914201154399]",37
508,306890977,settled,Qk2i_0011,unmatched,,"[-0.6281596778640454, 0.2934023739395993, -0.14503032828879558, 0.7059013174295615]","[-0.49974933794478466, 0.5000618117177289, -0.5002024784087278, 0.49998626409042335]","[480.33875923822467, 10.27449658480281, 9.995047722441155]",5.170000000000061,100.0,0.0,"[50.0, 91.89784616534428, 91.89784616534429]",33
509,1149764821,settled,Qk2i_0006,unmatched,,"[0.5506074498766016, 0.1942346200872333, 0.7633583094821048, 0.2763845868433636]","[0.7071931387361434, -3.1767754070682885e-05, 0.7070203758016304, -0.0002274129570573047]","[480.238004919194, 9.997866912173361, 9.720567021447305]",4.959999999999991,100.0,0.0,"[50.0, 90.61838835356363, 90.61838835356365]",28
510,2826209534,settled,Qk2i_0006,unmatched,,"[-0.054747368474066145, -0.6743927245094147, 0.08177656121602812, 0.7317853324641148]","[0.00011633412005934707, -0.7071886164974189, -2.926807170561263e-05, 0.7070249262269466]","[480.1510891750285, 10.004729795902225, 9.716872680658126]",5.040000000000018,100.0,0.0,"[50.0, 85.3854559322855, 85.38545593228548]",30
511,809482123,settled,Qk2i_0001,unmatched,,"[-0.9896455908076977, -0.0660978533166102, -0.015510723040940765, -0.12645985866102424]","[-0.9999999935000694, -3.319261991772171e-05, -7.246360536434634e-05, -8.152997677596253e-05]","[480.1861138589298, 10.00919259686331, 15.000528201732967]",5.0900000000000345,100.0,0.0,"[50.0, 89.88309222309525, 89.88309222309526]",26
512,1905413278,settled,Qk2i_0004,unmatched,,"[0.7481737568194641, 0.08510956857516272, -0.6001973035567936, -0.26973243732772156]","[0.7071522677625611, -0.0001446234811876279, -0.7070612695604195, -0.00010183282218739764]","[479.6231082731389, 9.995128499174335, 10.283447726054616]",5.110000000000041,100.0,0.0,"[50.0, 90.01647047730886, 90.01647047730887]",31
513,3286044974,settled,Qk2i_0012,unmatched,,"[-0.5116328064185239, -0.4434826427084401, -0.6709170843675203, -0.30236614049266347]","[-0.5000336377188879, -0.5000584247762633, -0.4998766235016361, -0.5000312932572339]","[479.6735646760054, 9.724758287771207, 9.998008853876673]",5.080000000000031,100.0,0.0,"[50.0, 89.58647420326591, 89.58647420326592]",37
514,1725715576,settled,Qk2i_0001,unmatched,,"[0.06505155144275046, -0.2850129164414062, 0.21597777360011147, -0.9316058900775555]","[3.752220481989532e-06, -0.00036714185140633224, 0.0002632521411106983, -0.9999998979455409]","[480.1361212938156, 10.009775172187359, 14.991221662437974]",5.310000000000108,100.0,0.0,"[50.0, 92.1504983992412, 92.15049839924121]",31
515,1615467983,settled,Qk2i_0012,unmatched,,"[-0.6197829620305907, -0.4968457370711996, 0.10198844289142846, 0.5988420084190367]","[-0.5000900942273084, -0.49986949839838013, 0.49996058060931187, 0.5000797936964396]","[480.30451226556806, 9.724302909797178, 9.988685587772997]",4.949999999999988,100.0,0.0,"[50.0, 91.60633018452346, 91.60633018452344]",36
516,3814597079,settled,Qk2i_0011,unmatched,,"[0.667114342466612, -0.47649663241467166, 0.2707484495608343, -0.5045836803080551]","[0.49993841639733305, -0.4998976092296585, 0.5000268576016277, -0.5001370829818963]","[479.55364761462147, 10.276637069931187, 9.997323602823766]",5.080000000000031,100.0,0.0,"[50.0, 88.56042907774952, 88.56042907774952]",30
517,34287890,settled,Qk2i_0004,unmatched,,"[-0.020940699529930898, 0.9375278849134914, 0.13409955172815838, 0.3203439750317453]","[-1.1893393508988216e-05, 0.7069579917461394, 3.82190482244027e-05, 0.7072555381926092]","[479.6223528638403, 10.002835020385328, 10.275920055540794]",5.300000000000105,100.0,0.0,"[50.0, 92.11171530744232, 92.11171530744234]",45
518,3631687601,settled,Qk2i_0002,unmatched,,"[0.01632317933537506, -0.10891332960164436, -0.21908469273952824, 0.9694706482708464]","[7.946246766227238e-06, 0.00021210918546787916, -0.7071289768379575, 0.7070845529798075]","[479.59756900627286, 10.289562085675291, 14.99909232014572]",5.1200000000000445,100.0,0.0,"[50.0, 90.12319792906207, 90.12319792906206]",22
519,2511762870,settled,Qk2i_0014,unmatched,,"[0.07168445665046755, -0.7412878042100359, -0.6643917565661196, 0.06274809806820239]","[7.975945080425557e-05, -0.7071246805555341, -0.7070888763443409, 2.716176512695152e-05]","[480.06862211482843, 15.000256343543121, 9.993293019979694]",5.0600000000000245,100.0,0.0,"[50.0, 90.10267005878931, 90.10267005878933]",30
520,3838213929,settled,Qk2i_0002,unmatched,,"[0.8821667003735669, -0.4005839344237604, -0.23141838226947753, -0.08809061573954291]","[0.7069141086187326, -0.7072992868824907, 0.0002675271705057658, -0.00030040059230049265]","[480.0462032765968, 10.281495322672333, 15.003168028796098]",5.1800000000000646,100.0,0.0,"[50.0, 91.02003529223869, 91.0200352922387]",39
521,1582246333,settled,Qk2i_0015,unmatched,,"[-0.04681754495458157, 0.978931168426654, 0.19652707016210968, 0.029647860981003544]","[6.986001414484052e-05, 0.9999999666646435, 4.9460162224734816e-05, -0.00024360620403358126]","[479.8521589067724, 10.00288402344092, 15.003841069549832]",5.0300000000000145,100.0,0.0,"[50.0, 90.94053034675923, 90.94053034675925]",32
522,1534090043,settled,Qk2i_0005,unmatched,,"[-0.46539282176227803, 0.0937664437621731, -0.3668153027806936, -0.8000399422042925]","[-0.7070831876004856, 4.481292003636208e-05, -0.00017209488493075993, -0.7071303516240054]","[480.115853456341, 15.012085261563453, 10.001034089434388]",5.1200000000000445,100.0,0.0,"[50.0, 92.74517456668612, 92.74517456668613]",24
523,3898018603,settled,Qk2i_0014,unmatched,,"[0.48513314473120167, -0.6294995748038434, 0.5923599459209928, 0.13223392784559354]","[-0.0003217229604313885, -0.7071304176182095, 0.7070830412286805, 0.00020440213662411647]","[480.42663225757013, 15.002779379130267, 9.990097668971568]",5.170000000000061,100.0,0.0,"[50.0, 91.7849872148216, 91.78498721482161]",14
524,2830597505,settled,Qk2i_0011,unmatched,,"[0.576867332971806, -0.29015814683690533, -0.547573958901899, 0.5321607741149939]","[0.5000960320743999, -0.49981159446115025, -0.5003246484332028, 0.4997675208692894]","[480.30216555236797, 10.286056776081633, 9.994446423214166]",5.110000000000041,100.0,0.0,"[50.0, 88.57756071343847, 88.57756071343849]",31
525,3406774502,settled,Qk2i_0012,unmatched,,"[-0.8184929368826612, -0.28156105544036936, 0.10698870083035565, 0.4892301117338689]","[-0.4997290285739654, -0.5001870830513995, 0.49989143086490306, 0.5001923003174812]","[480.01105513500016, 9.71456040969976, 10.003998778369416]",4.929999999999981,100.0,0.0,"[50.0, 92.94376234740476, 92.94376234740477]",34
526,2789814901,settled,Qk2i_0015,unmatched,,"[-0.26970363680921006, 0.9276292097826353, -0.15848816628110093, -0.20407228767959454]","[8.391319847866493e-05, 0.9999999958199269, 1.017893400517833e-05, 3.485843758971887e-05]","[480.3431605351683, 9.998581515393573, 14.999313964008758]",5.040000000000018,100.0,0.0,"[50.0, 92.05731249711468, 92.0573124971147]",30
527,3760347501,settled,Qk2i_0001,unmatched,,"[-0.1002536087097096, 0.35093466032656606, 0.2054738778488905, 0.9080608810227965]","[9.073292979494552e-05, -0.00030185936502121575, 6.198909665851815e-05, 0.9999999484029043]","[480.2867208740141, 10.003119919840682, 14.996108066479461]",5.230000000000081,100.0,0.0,"[50.0, 90.9753413992601, 90.97534139926012]",28
528,4270682813,settled,Qk2i_0003,unmatched,,"[-0.4929634617197576, -0.8456967034240723, -0.09130020337584438, -0.18288899390192767]","[-0.7072340255117396, -0.706979503644047, 4.0570881034762696e-05, -0.00011375271654862074]","[480.320998569682, 9.717283849253532, 15.001817192121266]",4.949999999999988,100.0,0.0,"[50.0, 91.51137193470399, 91.511371934704]",26
529,2251849766,settled,Qk2i_0001,unmatched,,"[-0.9540381800532999, 0.14298004548502866, -0.23627115718417716, -0.11637782381766813]","[-0.9999999413002483, 5.928779737696504e-06, 0.00034084373832856253, 3.4494865639722594e-05]","[479.63978787125563, 10.004001011215971, 14.994056038601556]",5.210000000000075,100.0,0.0,"[50.0, 91.87896522057773, 91.87896522057771]",35
530,534416715,settled,Qk2i_0003,unmatched,,"[0.8539475834375602, 0.4980579942392897, -0.06957051044451185, 0.13368508963970963]","[0.7073256997440893, 0.7068877091813958, 0.0003284680461937417, -0.00011488496646339108]","[480.2940837888128, 9.723344993121163, 15.002641464309722]",5.1200000000000445,100.0,0.0,"[50.0, 90.8129487346192, 90.81294873461921]",27
531,2592423895,settled,Qk2i_0007,unmatched,,"[-0.7627362211012204, 0.22713702742415, -0.5529063964301926, 0.24685369063420926]","[-0.6533974228289545, 0.27048249041210876, -0.6531547664268212, 0.2707395082267613]","[479.70530344015293, 12.578150566457445, 13.937970138222097]",5.260000000000091,100.0,0.0,"[50.0, 90.09543253290624, 90.09543253290623]",42
532,907034003,settled,Qk2i_0010,unmatched,,"[0.3422772396015353, 0.6790099916879979, -0.547941234685763, 0.34864326434001264]","[0.5001446698424509, 0.5000455590091487, -0.49962563042460206, 0.5001839437309366]","[479.86142554109796, 15.004372065315849, 10.272452341180708]",5.080000000000031,100.0,0.0,"[50.0, 89.90863563822724, 89.90863563822722]",28
533,3984301831,settled,Qk2i_0015,unmatched,,"[-0.11390344336326703, 0.9654493302717585, -0.20652691217242056, -0.11081620286009315]","[0.00010328580762957555, 0.9999999911174745, -6.762755493022743e-05, 5.023551267319892e-05]","[479.65921312360126, 10.004179405054003, 14.998775884258686]",5.100000000000038,100.0,0.0,"[50.0, 92.33460389727921, 92.3346038972792]",27
534,4291204682,settled,Qk2i_0001,unmatched,,"[0.9102301720992834, 0.25705660167763955, -0.31181419162339175, 0.09041486181100448]","[0.9999998839603635, -0.0004777728617012619, 6.150940093434282e-05, -5.380126500975636e-06]","[480.19108927157953, 10.009675608549939, 15.003175654548857]",5.210000000000075,100.0,0.0,"[50.0, 90.89538784779064, 90.89538784779064]",30
535,1157350213,settled,Qk2i_0014,unmatched,,"[0.09159539395124666, -0.38103529340517006, -0.903230823874266, 0.17491846040360173]","[8.73339245546251e-05, -0.707137695059598, -0.7070758585537484, -5.337662803759949e-05]","[479.6541652607326, 14.999860610593014, 9.997149648835478]",5.0600000000000245,100.0,0.0,"[50.0, 92.04150722072977, 92.04150722072978]",19
536,1755359008,settled,Qk2i_0015,unmatched,,"[0.09753683006993497, -0.2256443990971123, -0.9692314832589591, 0.012708414364118367]","[0.0002199706374866952, 6.156888243430414e-05, -0.9999999735643094, -2.633575695611114e-05]","[480.0743672790989, 10.000247871777336, 15.00204659146121]",5.020000000000011,100.0,0.0,"[50.0, 91.7234080860398, 91.72340808603981]",44
537,1408581071,settled,Qk2i_0009,unmatched,,"[-0.45471816580131014, 0.36881043623739057, -0.67610896635819, -0.44731076157715893]","[-0.4999765130052286, 0.49990598522659274, -0.5000787368761552, -0.5000387478007193]","[480.253962847854, 15.005733272576856, 9.712093090925658]",5.080000000000031,100.0,0.0,"[50.0, 92.18967339347931, 92.1896733934793]",20
538,4025969406,settled,Qk2i_0011,unmatched,,"[0.5709753087547726, -0.565686932621656, -0.20846448437644396, 0.5572504372426795]","[0.5000748150010303, -0.4999854045171175, -0.49996339102220905, 0.4999763817512918]","[479.8060382838898, 10.28030658614741, 9.995932100871075]",5.0900000000000345,100.0,0.0,"[50.0, 89.70725955929984, 89.70725955929983]",30
539,2979020610,settled,Qk2i_0009,unmatched,,"[0.8112307203794777, -0.24357840399230152, 0.375267764858577, 0.37649486594003445]","[0.5000342010314093, -0.49974197698500905, 0.5001094161833078, 0.5001143130153203]","[480.22723341306283, 15.005337859162845, 9.706421913429246]",5.1800000000000646,100.0,0.0,"[50.0, 91.47050882978833, 91.47050882978832]",28
540,1028301620,settled,Qk2i_0015,unmatched,,"[0.28892918457711164, 0.24730923049045345, 0.9179907074772494, 0.112477250140836]","[2.3345761413248557e-05, -9.64725747173434e-05, 0.9999999873636459, -0.000124180215387915]","[479.5320836141277, 10.0038805779758, 14.996328483627584]",5.220000000000078,100.0,0.0,"[50.0, 93.17625775371988, 93.1762577537199]",42
541,1824536695,settled,Qk2i_0013,unmatched,,"[0.3578502322835677, -0.800703126013853, 0.2395142510307735, -0.41647405537369075]","[0.27052324118763976, -0.6532673230579907, 0.2704882480694164, -0.653372090204593]","[480.2617454497848, 12.566745075993262, 12.573006076861986]",5.310000000000108,100.0,0.0,"[50.0, 91.45874287517593, 91.45874287517594]",30
542,1733341495,settled,Qk2i_0001,unmatched,,"[-0.10725658997326243, 0.21456612060218364, -0.3731717225845471, 0.8962144103172625]","[0.0004913746031340872, 7.340789333503017e-05, 6.104871067759791e-05, 0.9999998747176599]","[480.05982406002346, 9.984311955916208, 14.996336401881338]",5.340000000000118,100.0,0.0,"[50.0, 91.87834035143327, 91.87834035143328]",30
543,2081953756,settled,Qk2i_0001,unmatched,,"[0.25888675527262234, 0.11196108251609478, -0.02210478959212772, 0.9591421908264307]","[0.00010071064420380527, -0.00013249444576366544, -3.791773997534919e-05, 0.9999999854324164]","[479.70340420041083, 9.996450722961336, 15.00079312512698]",5.210000000000075,100.0,0.0,"[50.0, 92.00112622218028, 92.00112622218026]",33
544,1596940682,settled,Qk2i_0014,unmatched,,"[-0.19632461640955656, -0.5756304342672571, -0.7748853172965169, 0.17221786543563297]","[-0.0006087473427135588, -0.7071783882871476, -0.7070348937628956, 0.00012477161636557685]","[480.14902934235556, 15.007138213255688, 10.003408976279802]",5.080000000000031,100.0,0.0,"[50.0, 90.20435368626158, 90.2043536862616]",20
545,581162313,settled,Qk2i_0002,unmatched,,"[0.04461988653389065, 0.19339945396857908, 0.7698665327673556, -0.6065568717400935]","[-0.00022475123060994306, 0.00018748858605635577, 0.7067445577399913, -0.7074687586316576]","[480.0954844444689, 10.283354417806855, 15.004042106051083]",5.1500000000000545,100.0,0.0,"[50.0, 91.91296347243733, 91.91296347243734]",36
546,3502698889,settled,Qk2i_0004,unmatched,,"[0.5283433173134485, -0.7298517633133956, -0.10698109618937755, -0.4203864742075638]","[-6.362590020569936e-06, -0.7069471880140711, 2.382831685798781e-06, -0.7072663383145258]","[479.9570719571779, 10.00033213798903, 10.27887185254568]",5.190000000000068,100.0,0.0,"[50.0, 91.86253973100445, 91.86253973100446]",34
547,1071262967,settled,Qk2i_0012,unmatched,,"[0.8300743687420142, 0.3050562345016756, -0.2379524964004282, -0.40161654050351286]","[0.49991244928056355, 0.4999451029565916, -0.5000050648431122, -0.5001373533493236]","[480.12653850308993, 9.715013745839634, 9.999711288291342]",5.270000000000095,100.0,0.0,"[50.0, 92.22586182083069, 92.2258618208307]",33
548,2632182746,settled,Qk2i_0015,unmatched,,"[0.12463518999557266, 0.2666351509468831, -0.9139540700125686, 0.2793917028148142]","[-0.0003849183880788206, 0.00022564645635819724, -0.9999998983264865, -6.533397293514493e-05]","[480.2621123139915, 9.996755959820808, 14.999714349700152]",5.020000000000011,100.0,0.0,"[50.0, 92.22169178008828, 92.22169178008829]",24
549,2828869928,settled,Qk2i_0015,unmatched,,"[-0.28857867045607677, -0.9072533208270996, 0.09782974016625558, 0.289901888136324]","[-3.846103392664741e-05, -0.9999999909916858, 0.00012159217453217021, -4.186550106512606e-05]","[480.35416010810985, 10.00538214274893, 15.000181524766065]",5.240000000000085,100.0,0.0,"[50.0, 92.91370116426918, 92.9137011642692]",31
550,242711853,settled,Qk2i_0011,unmatched,,"[0.4453195280059114, -0.6620938811624908, -0.15791792580823788, 0.5817079501022876]","[0.5001710381875679, -0.4999635841751842, -0.4999010962314876, 0.49996423976483645]","[479.9855665089071, 10.285197661109208, 9.997801742202437]",5.0600000000000245,100.0,0.0,"[50.0, 90.20176488800385, 90.20176488800386]",33
551,1651512630,settled,Qk2i_0001,unmatched,,"[0.0865315596859267, 0.07213667043285749, -0.3591108145116115, -0.926470729628297]","[5.6895219647634665e-05, -5.255467322180952e-05, 0.00012638732437449422, -0.9999999890135922]","[480.1578515539651, 10.001104054208657, 15.000604912682306]",5.0600000000000245,100.0,0.0,"[50.0, 90.14639200655715, 90.14639200655714]",26
552,1631844025,settled,Qk2i_0015,unmatched,,"[-0.1638439152687643, 0.1823014535722178, 0.9657088863423422, -0.08560197599525166]","[0.0001744394281048335, -5.0487939144805434e-05, 0.9999999754915779, 0.0001266439799069794]","[480.14347891551967, 10.004721763079251, 15.000430381615297]",5.040000000000018,100.0,0.0,"[50.0, 91.92964237973865, 91.92964237973867]",36
553,2736063736,settled,Qk2i_0005,unmatched,,"[-0.843944520795286, -0.07874995523921714, -0.028550908035474637, 0.5298499183917899]","[-0.7071423218123203, -0.00020863814002735945, 0.00010159572308494284, 0.7070712006936194]","[479.7052140780547, 15.008174872179168, 9.99729234337023]",5.1200000000000445,100.0,0.0,"[50.0, 91.45187752588085, 91.45187752588086]",19
554,2383909704,settled,Qk2i_0002,unmatched,,"[0.6518991038919032, -0.6526703844856946, -0.36014167870515257, -0.13909313002324686]","[0.7072905108036697, -0.7069230029941642, 3.380602490068996e-05, 4.685049664443497e-06]","[480.3436612891784, 10.278729776731073, 15.001021868053934]",5.270000000000095,100.0,0.0,"[50.0, 92.09983993802011, 92.0998399380201]",31
555,786084746,settled,Qk2i_0006,unmatched,,"[0.2039477377247787, 0.88653858841402, -0.044391204423401436, -0.41289716940136734]","[5.5614959858091284e-05, 0.7071086280784252, 0.00012768077401026368, -0.7071049205751885]","[479.7187026783526, 10.002702483591314, 9.709806932788709]",5.070000000000028,100.0,0.0,"[50.0, 91.94670363891707, 91.94670363891709]",34
556,3304824113,settled,Qk2i_0015,unmatched,,"[-0.13080897053962634, 0.016978959777673188, -0.9531859353290428, -0.2720979618485396]","[0.0002522665968460155, -6.830225345777485e-05, -0.9999999638835396, 6.268401564816841e-05]","[479.7947398183532, 10.004112521711995, 15.003453138225371]",5.160000000000058,100.0,0.0,"[50.0, 90.08998428389046, 90.08998428389044]",32
557,1346177025,settled,Qk2i_0003,unmatched,,"[-0.11499311941669005, 0.4206101350444942, 0.7451990628761969, 0.5045216085294161]","[0.0001289284845087113, 0.00022894136248466368, 0.7071610646510081, 0.707052444734442]","[479.91251903523204, 9.72283436553011, 14.998292415262933]",5.220000000000078,100.0,0.0,"[50.0, 91.96407799675433, 91.96407799675434]",38
558,1189755357,settled,Qk2i_0012,unmatched,,"[0.44321918603854427, 0.24072236551575096, -0.6050649771751497, -0.6160404769687353]","[0.4999746269409748, 0.5001319177177422, -0.4998833157488938, -0.5000101078289302]","[479.8510725720104, 9.716060726749678, 9.999459041673234]",5.350000000000121,100.0,0.0,"[50.0, 90.31873605443145, 90.31873605443147]",35
559,404206193,settled,Qk2i_0001,unmatched,,"[0.21300452584677976, 0.2149451527649457, 0.2569436815404462, -0.9178276514619095]","[-0.0002711603400072371, -0.0001030656578755698, 0.00047155877658242013, -0.9999998467409186]","[479.72319114031774, 10.002249641228492, 14.99948304000207]",5.190000000000068,100.0,0.0,"[50.0, 92.66695077517906, 92.66695077517907]",33
560,1249438590,settled,Qk2i_0003,unmatched,,"[-0.25983007503873057, -0.0960866751857659, 0.6624144666085784, 0.6960335892647606]","[-0.00016302614425689477, -0.0004782119397224449, 0.7071075531102826, 0.707105828762715]","[479.58970398221976, 9.712257529778022, 14.992106644627507]",5.010000000000008,100.0,0.0,"[50.0, 91.93628380326055, 91.93628380326057]",27
561,3893150923,settled,Qk2i_0005,unmatched,,"[0.5250380837594202, -0.2965867571242271, -0.10548193818621408, -0.7907242672494948]","[0.7071145662842706, 0.000248946403739033, 0.00017909175695560538, -0.7070989295002778]","[479.60418847009714, 15.005917008266094, 10.000451924644098]",5.1800000000000646,100.0,0.0,"[50.0, 91.4937011728007, 91.49370117280068]",34
562,784341871,settled,Qk2i_0012,unmatched,,"[0.6092956200950023, 0.2465329145720911, -0.5075357975286466, -0.5571245673927846]","[0.49998103854722287, 0.5000219263555753, -0.49994569343430495, -0.5000513352380853]","[480.13859078913634, 9.722277409049308, 9.995519608595467]",5.140000000000051,100.0,0.0,"[50.0, 90.13225327530667, 90.13225327530668]",33
563,1442674168,settled,Qk2i_0001,unmatched,,"[0.32283344498595823, -0.05339721884669838, 0.10384039947967572, 0.9392254656118718]","[0.00018126711717547653, -4.742859516382748e-05, 8.992832410700845e-05, 0.9999999784028284]","[479.79758913505236, 9.99078551689207, 14.998111731522442]",5.050000000000021,100.0,0.0,"[50.0, 92.07813695901078, 92.07813695901076]",26
564,914947571,settled,Qk2i_0014,unmatched,,"[0.008699331871120803, -0.7185529989891443, 0.5977778274188038, 0.3553414953466003]","[-6.536679641593419e-05, -0.7070487020227968, 0.707164821324575, 0.00021018097499409297]","[479.8172626242964, 15.009260504765892, 9.987116522486186]",5.170000000000061,100.0,0.0,"[50.0, 92.54809008713308, 92.54809008713309]",31
565,4103205779,settled,Qk2i_0011,unmatched,,"[-0.32975880371071165, 0.06651764303843705, 0.39372305764285254, -0.8554628504033676]","[-0.5000674861510763, 0.49993968072935946, 0.500110515386276, -0.4998822834696611]","[479.87990027787725, 10.280568205901178, 9.997698427676628]",5.200000000000071,100.0,0.0,"[50.0, 91.61655726860394, 91.61655726860396]",34
566,2879595323,settled,Qk2i_0005,unmatched,,"[-0.43373184720898755, -0.09479036241635837, -0.023562481084522684, -0.895732259882827]","[-0.7071857837432864, 0.00011191970121848838, 3.788553920890033e-05, -0.7070277599288872]","[479.5998374823395, 15.00409164823143, 9.99541027254813]",5.1200000000000445,100.0,0.0,"[50.0, 91.73459303455137, 91.73459303455134]",21
567,3848514265,settled,Qk2i_0004,unmatched,,"[-0.2281102713768126, 0.6538138972962924, -0.039395776699347185, 0.7203756412961819]","[-0.0001091737732211717, 0.7071241288401154, 0.0001301808628263734, 0.7070894126955501]","[479.7773903132316, 10.00964435039757, 10.280352049680417]",5.110000000000041,100.0,0.0,"[50.0, 88.55901401640223, 88.55901401640224]",33
568,1245831326,settled,Qk2i_0012,unmatched,,"[-0.388786402531299, -0.5092396166273795, 0.47217131459175427, 0.6054538758160402]","[-0.4999965821892275, -0.4999817767481323, 0.4999876163141128, 0.5000340230938326]","[480.340421936677, 9.714154531859567, 10.000399171964885]",5.0900000000000345,100.0,0.0,"[50.0, 87.33761835702569, 87.33761835702568]",41
569,1886621264,settled,Qk2i_0006,unmatched,,"[-0.7028736851730464, -0.2706600985987688, -0.6461462310172245, 0.12331561888099102]","[-0.7072086477327096, -3.9533722647505654e-05, -0.7070048923750119, 9.574421645769382e-05]","[479.71763717003597, 9.999235479074457, 9.705683745726665]",5.0900000000000345,100.0,0.0,"[50.0, 90.93703058711634, 90.93703058711635]",29
570,3916208710,settled,Qk2i_0012,unmatched,,"[-0.3292193713764832, -0.512177968271426, -0.7828183003384974, -0.12838941927968053]","[-0.5001066583246596, -0.4998467953208843, -0.5001985495639859, -0.4998478993862725]","[479.71774241976874, 9.707282250401425, 10.001837237207056]",5.080000000000031,100.0,0.0,"[50.0, 93.12526071196139, 93.1252607119614]",31
571,200935633,settled,Qk2i_0012,unmatched,,"[0.5617879019177501, 0.6795740462850371, -0.21259320806254298, -0.42116219768672375]","[0.5002430139379328, 0.4998605655419278, -0.5001163846288086, -0.49977989540217277]","[480.2770082773087, 9.71541161813741, 9.99713297155344]",5.040000000000018,100.0,0.0,"[50.0, 91.89643004958857, 91.89643004958856]",38
572,840784676,settled,Qk2i_0002,unmatched,,"[0.8654110191946646, -0.44201200077430836, -0.21767084887705168, -0.09115130595382805]","[0.7071197862623702, -0.7070937696266585, -5.4133961743002557e-05, -7.681755215332986e-05]","[480.4114328673098, 10.282025536982546, 14.993496883731545]",5.200000000000071,100.0,0.0,"[50.0, 91.00232946010118, 91.0023294601012]",29
573,110682437,settled,Qk2i_0014,unmatched,,"[0.4827598211213677, 0.6793758138798732, 0.5195958435911711, -0.1881797490398582]","[0.00012775616775479885, 0.7071181580580963, 0.7070953892116494, -6.912678854141367e-05]","[480.16958670738563, 15.014677653771836, 9.994058967886348]",5.240000000000085,100.0,0.0,"[50.0, 91.15196057748157, 91.15196057748159]",15
574,3288537121,settled,Qk2i_0010,unmatched,,"[0.3556440857288201, 0.6668875589514781, -0.6287630502717741, 0.18285320509847525]","[0.5003030302784847, 0.5002305371844777, -0.49959819788511955, 0.4998679107846747]","[480.02758295152296, 15.015043226830098, 10.27363539986835]",5.230000000000081,100.0,0.0,"[50.0, 90.05261922475974, 90.05261922475975]",20
575,4008853645,settled,Qk2i_0012,unmatched,,"[0.39826557421314845, 0.7672577639207893, 0.40191914618957114, 0.30192889233425063]","[0.5001524611967505, 0.4999858296629467, 0.4999243105638554, 0.4999373654792586]","[479.79658951994134, 9.719822140426558, 9.992937384154406]",5.080000000000031,100.0,0.0,"[50.0, 90.24888182633565, 90.24888182633566]",38
576,3726675985,settled,Qk2i_0011,unmatched,,"[0.3748586046734741, -0.17909293368641002, -0.7152482362932548, 0.5619846155236276]","[0.5000780622101284, -0.49999367689426416, -0.5000644842598967, 0.4998637477791332]","[479.5780912980983, 10.287127397620008, 9.996265828337753]",5.1800000000000646,100.0,0.0,"[50.0, 91.91467548181772, 91.91467548181774]",38
577,849676372,settled,Qk2i_0015,unmatched,,"[-0.28458835823206236, -0.9489149051119783, 0.047744204428998675, -0.12763408697736886]","[-0.000137692186170463, -0.9999999901038078, -1.0795405921137924e-05, 2.6771356753367894e-05]","[480.0229861833215, 10.001929033293406, 15.002257488625283]",5.0300000000000145,100.0,0.0,"[50.0, 90.05837694183496, 90.05837694183498]",23
578,1751227975,settled,Qk2i_0002,unmatched,,"[0.0022446443763873476, -0.018615092473756815, 0.5822536585823236, -0.8127909429683108]","[-3.0412735386980965e-05, 5.57955938812471e-06, 0.7074041157622596, -0.7068093208543232]","[480.2536160961194, 10.285328860369296, 14.99935455304889]",5.1800000000000646,100.0,0.0,"[50.0, 88.17434625794603, 88.17434625794601]",45
579,1013355929,settled,Qk2i_0001,unmatched,,"[0.22953036583675168, -0.09964654803118614, 0.0956001665862809, 0.9634557513311086]","[0.00014862183682529118, 1.5668488972726173e-05, -0.0002443434698257088, 0.9999999589811577]","[479.9610629188709, 9.997476141267697, 14.998335214577443]",5.080000000000031,100.0,0.0,"[50.0, 92.35697187662446, 92.35697187662447]",27
580,2299907025,settled,Qk2i_0015,unmatched,,"[0.08455653425668659, -0.2328417642850038, 0.9625820044041526, 0.10986714757573443]","[-0.00022870359291335965, 0.00019250867466169555, 0.9999998418695829, 0.00047633589618730165]","[480.0672145849867, 10.013702616307258, 15.001399142460151]",5.170000000000061,100.0,0.0,"[50.0, 92.24560789690774, 92.24560789690776]",25
581,3406489006,settled,Qk2i_0010,unmatched,,"[0.4269850661988979, 0.36394401752977307, -0.5950713256595703, 0.5754290770591738]","[0.5001371028003566, 0.500003644917736, -0.49996363309645786, 0.4998955881506002]","[479.86491396044534, 14.994997581467917, 10.275189162135945]",5.1200000000000445,100.0,0.0,"[50.0, 90.97126919252044, 90.97126919252045]",24
582,2423796619,settled,Qk2i_0014,unmatched,,"[-0.16701013076321958, 0.49812904024453486, 0.8480761247043386, -0.06886190669726149]","[0.00013369972136507874, 0.7071005745534463, 0.7071129097608323, 0.00030403970080188384]","[479.6687831953537, 14.996540489340859, 10.000561083017683]",5.040000000000018,100.0,0.0,"[50.0, 92.18553176993649, 92.18553176993647]",17
583,1783060612,settled,Qk2i_0011,unmatched,,"[-0.4255018339134278, -0.012993678735004564, 0.4336514100514712, -0.7941824779039209]","[-0.49998654016941346, 0.5002301926875674, 0.5001168230187868, -0.49966626592834373]","[479.67096973665724, 10.27780596595004, 10.003071924852607]",5.1200000000000445,100.0,0.0,"[50.0, 91.95245819340323, 91.95245819340325]",43
584,1163852597,settled,Qk2i_0014,unmatched,,"[-0.06512201765005957, -0.45662172925732786, -0.8836481508507021, 0.08013528988758817]","[-5.3643670693845765e-05, -0.7070754318325935, -0.7071378704631477, -0.0006024765163003977]","[479.9797191751376, 15.010677446103228, 10.004239595193171]",5.110000000000041,100.0,0.0,"[50.0, 91.31283904612353, 91.31283904612354]",25
585,300535037,settled,Qk2i_0011,unmatched,,"[-0.35142249661355834, 0.4728701792018044, -0.7428979686214585, 0.31780281734694765]","[-0.4999133582111211, 0.5001568891214091, -0.5000524565468989, 0.49987724617938534]","[479.99577566667097, 10.27370757266879, 10.001354904285757]",5.070000000000028,100.0,0.0,"[50.0, 90.8024775652004, 90.80247756520042]",32
586,2202722907,settled,Qk2i_0011,unmatched,,"[0.5124774959073248, -0.5319461136587357, 0.5757058289795667, -0.35066072895446276]","[0.5001387448613829, -0.4999035474361552, 0.4999014294492354, -0.5000562368212594]","[480.04325938855266, 10.280189813201458, 9.996746213612857]",5.040000000000018,100.0,0.0,"[50.0, 87.67550907642585, 87.67550907642587]",34
587,247068866,settled,Qk2i_0002,unmatched,,"[0.2663569656585872, -0.9303810532191625, -0.12659665487131766, 0.21775754781716367]","[0.7069387976003765, -0.7072747055341729, -0.0001259931326033081, -0.00010716628862691977]","[479.93949660792333, 10.276811215553876, 14.99943311891384]",5.390000000000135,100.0,0.0,"[50.0, 92.60523140448842, 92.60523140448844]",41
588,3592442215,settled,Qk2i_0012,unmatched,,"[0.4986228065315347, 0.1869661205412491, -0.41797164096076433, -0.7360154033231484]","[0.4999848009653041, 0.5000485294761078, -0.5000277931418706, -0.4999388693211781]","[480.3702419486592, 9.720459450622183, 9.99915642704854]",5.200000000000071,100.0,0.0,"[50.0, 90.70049540162636, 90.70049540162637]",32
589,817587664,settled,Qk2i_0015,unmatched,,"[-0.07577032750485735, 0.2163005929188234, 0.9733798759676174, 0.002127917770489224]","[-0.00036878510741408647, -2.1937888601830657e-06, 0.9999999135085349, 0.0001922905474984303]","[479.9908408746035, 9.99883109585313, 15.010608833710096]",5.040000000000018,100.0,0.0,"[50.0, 91.49759216536908, 91.4975921653691]",36
590,956714543,settled,Qk2i_0004,unmatched,,"[-0.03263422553297066, 0.6172465985498278, -0.3550635453785339, 0.7013355278650559]","[-0.00021712368474594013, 0.7069656409074064, -0.0004579289142602472, 0.7072477117211445]","[480.36126244879136, 10.011725648544456, 10.280558050422803]",5.070000000000028,100.0,0.0,"[50.0, 90.24557952685822, 90.24557952685824]",27
591,390567019,settled,Qk2i_0012,unmatched,,"[-0.05576000439088655, 0.4339213101568298, 0.7614267507275267, 0.4783643190901987]","[0.5000870264514988, 0.5000179863111908, 0.4999678081533118, 0.49992716484561345]","[480.032559220087, 9.71804732415176, 10.003977510642224]",5.010000000000008,100.0,0.0,"[50.0, 91.93487583333543, 91.93487583333544]",31
592,4117714206,settled,Qk2i_0005,unmatched,,"[0.6449494163759041, -0.5791058778370126, -0.1724574204003194, -0.4679049804392673]","[0.7069452003046898, -0.0004176747228980371, 7.698126086691393e-05, -0.7072681976364223]","[480.08759625468497, 14.992445228379355, 9.99459628321034]",5.290000000000101,100.0,0.0,"[50.0, 91.59583968110975, 91.59583968110977]",27
593,2521025845,settled,Qk2i_0012,unmatched,,"[0.2502199291952107, 0.6862156576978117, -0.6555637187440244, -0.19166186065675433]","[0.4998258087478324, 0.5000680916927192, -0.4999577506915125, -0.5001482901139032]","[479.5723454980497, 9.717820075535714, 9.996768025074866]",5.0300000000000145,100.0,0.0,"[50.0, 90.69938445840542, 90.69938445840543]",31
594,118959254,settled,Qk2i_0011,unmatched,,"[-0.5054991243376068, 0.12293413704927827, -0.2517487032519535, 0.816076236422077]","[-0.5000285762754013, 0.5001378739674457, -0.4999523987693234, 0.49988111476241837]","[480.13005248459274, 10.27412140987747, 9.999545719031886]",5.040000000000018,100.0,0.0,"[50.0, 92.3772389997254, 92.37723899972542]",30
595,536323564,settled,Qk2i_0004,unmatched,,"[0.2987672183365751, 0.6164033511906383, -0.03367927294981921, 0.7277710934503702]","[-0.00013854413955141642, 0.7070850569069231, 9.300534207534739e-05, 0.7071284851103519]","[479.67760624416735, 10.009339840517475, 10.281181196141501]",5.130000000000048,100.0,0.0,"[50.0, 91.15146118098903, 91.15146118098905]",24
596,3098034090,settled,Qk2i_0009,unmatched,,"[-0.2106048733431788, -0.4854357699365941, -0.5301879847400127, 0.6624940765225706]","[-0.49998144109445575, -0.500070517201455, -0.5000275589977607, 0.4999204703047492]","[480.39264310283704, 15.003988544838375, 9.7214491880032]",5.140000000000051,100.0,0.0,"[50.0, 92.35656933353368, 92.3565693335337]",20
597,318939885,settled,Qk2i_0005,unmatched,,"[-0.46175195073807324, 0.10705404599565982, 0.3483910274929797, 0.8086706741238544]","[-0.707115178346636, -0.0002803788055915362, 5.552961448755954e-05, 0.707098326158387]","[479.64854974754047, 14.998588345395543, 10.00191759869605]",5.200000000000071,100.0,0.0,"[50.0, 92.8547986684041, 92.85479866840409]",23
598,3202722054,settled,Qk2i_0003,unmatched,,"[0.18155062225358312, 0.05267923178463344, 0.42013907835606906, 0.8875513646747609]","[-0.00023807783514651073, -0.00017706125185437685, 0.7070167274504671, 0.7071967612153564]","[480.15097026436825, 9.729329139740452, 15.002506937913065]",5.110000000000041,100.0,0.0,"[50.0, 90.87772301780552, 90.87772301780554]",27
599,2576870985,settled,Qk2i_0009,unmatched,,"[-0.4516636024144685, 0.6309803758169514, -0.4832380895695982, -0.40539450462112636]","[-0.49979270320431246, 0.5001378547620129, -0.5000257478167309, -0.5000436296745483]","[479.8547417807852, 15.002390863851208, 9.714379128144857]",5.0300000000000145,100.0,0.0,"[50.0, 90.12043115572399, 90.12043115572398]",25
600,447954548,settled,Qk2i_0015,unmatched,,"[0.05575006052663945, -0.33589163307563924, 0.9332256004098558, 0.11471146551552941]","[-0.00017649904725483426, -3.8264294043299785e-05, 0.999999963052065, -0.000203174306706617]","[480.2760131144149, 10.00297710649055, 14.996619902086568]",5.140000000000051,100.0,0.0,"[50.0, 92.13412901147116, 92.13412901147117]",32
601,940726953,settled,Qk2i_0009,unmatched,,"[0.5127838771000137, 0.2725405650552121, 0.3368759618564963, -0.7411402850398325]","[0.5000291761490615, 0.49991912741734057, 0.5003654397223634, -0.4996860171882157]","[480.22501087152017, 15.017636924506176, 9.719505094242411]",5.130000000000048,100.0,0.0,"[50.0, 91.04855789888425, 91.04855789888427]",23
602,219800231,settled,Qk2i_0001,unmatched,,"[-0.051373563678022885, -0.2384194692129483, 0.5599082053165334, -0.7918457648269988]","[-0.0005323723225716394, -0.00012152565093989592, 0.000726432441086115, -0.9999995870534822]","[480.3126353390906, 10.005676748581088, 15.005317175810056]",5.300000000000105,100.0,0.0,"[50.0, 91.79231406817081, 91.79231406817082]",26
603,1224559636,settled,Qk2i_0009,unmatched,,"[-0.5159554415873885, 0.544496901531378, -0.6183230394090855, -0.23449888156450227]","[-0.5000525012354562, 0.5001868213938631, -0.49993653547796435, -0.4998240692547309]","[479.5930350594554, 15.012389162433985, 9.713915584676824]",4.979999999999998,100.0,0.0,"[50.0, 91.52716622474658, 91.5271662247466]",25
604,4023118421,settled,Qk2i_0006,unmatched,,"[0.40965602581074484, -0.3216666623403111, -0.04117597991695293, 0.8526529408461977]","[-7.68424151813274e-05, -0.707086658148163, 0.0005385479981469821, 0.7071266943979416]","[480.0242788936073, 10.003704053573399, 9.712584032376716]",5.190000000000068,100.0,0.0,"[50.0, 91.99932186174357, 91.99932186174357]",25
605,1928023996,settled,Qk2i_0009,unmatched,,"[0.2701948784625633, -0.44223581999339284, 0.6407685392582975, 0.5664255346152394]","[0.4998950005850736, -0.5000612918116841, 0.4999210320183416, 0.5001226395269419]","[480.3176481172547, 15.002891565743186, 9.70960425211274]",5.1200000000000445,100.0,0.0,"[50.0, 90.86308893547944, 90.86308893547945]",19
606,3626385919,settled,Qk2i_0011,unmatched,,"[-0.22727184610678164, 0.5116337626984891, 0.5890445784282585, -0.582756283070785]","[-0.5003239678826814, 0.499932907118238, 0.4997186112086244, -0.5000243245624765]","[480.13925313429917, 10.28083790483693, 9.996986850001731]",5.190000000000068,100.0,0.0,"[50.0, 90.17736349864546, 90.17736349864548]",34
607,2577297428,settled,Qk2i_0011,unmatched,,"[0.5535741985734218, -0.0935011453620174, -0.4399733339065075, 0.7008827348001787]","[0.500012556049478, -0.49999411316972897, -0.4999434974232296, 0.5000498274899344]","[479.99696857350585, 10.285305141484667, 10.001540600230507]",5.210000000000075,100.0,0.0,"[50.0, 90.5224592970934, 90.52245929709339]",27
608,2076254014,settled,Qk2i_0011,unmatched,,"[-0.7351439095736402, 0.6157884512551096, -0.2469555466334948, 0.13921556487896336]","[-0.49976630170733355, 0.5000752299141678, -0.5002444280058326, 0.49991391294220283]","[480.00541272287774, 10.294646059524071, 9.999487027557938]",5.210000000000075,100.0,0.0,"[50.0, 92.25027296272926, 92.25027296272924]",31
609,452233348,settled,Qk2i_0004,unmatched,,"[0.29905909259017793, 0.2413006443491481, -0.8201651007773044, 0.423871284286609]","[0.7071119849166243, 0.00010948823846448907, -0.7071015659719962, 6.480392010235758e-05]","[479.94061488283296, 10.003675325942597, 10.277757305832765]",5.230000000000081,100.0,0.0,"[50.0, 92.04749227236243, 92.04749227236245]",33
610,96115233,settled,Qk2i_0003,unmatched,,"[0.01596805096025928, -0.24776091960427232, -0.8946441276783356, -0.3714450603737326]","[4.9529102507855916e-05, -5.371961918093637e-05, -0.7074247304942072, -0.7067886850723268]","[479.7508550865621, 9.71279486415804, 14.999875845515934]",5.070000000000028,100.0,0.0,"[50.0, 91.93294919187437, 91.93294919187436]",36
611,3222166524,settled,Qk2i_0013,unmatched,,"[0.5102761807816077, -0.5864514971243014, -0.11103432962465044, -0.6191641450313526]","[0.2704707594831753, -0.6531020775214422, 0.27077334854487617, -0.6534409218281064]","[479.85044948460956, 12.573936470524126, 12.565993573402729]",5.260000000000091,100.0,0.0,"[50.0, 92.2920491696131, 92.29204916961308]",36
612,3216037984,settled,Qk2i_0004,unmatched,,"[-0.8538072858367715, 0.23931008038765292, 0.3766095808763793, 0.2681585867896432]","[-0.7071398345058206, 5.216273645924919e-05, 0.7070737140299448, 0.00012108686796433178]","[480.31054518555874, 10.00623210044402, 10.279686169496177]",5.110000000000041,100.0,0.0,"[50.0, 91.31305244429787, 91.31305244429785]",29
613,1866588208,settled,Qk2i_0002,unmatched,,"[0.0913958532145423, 0.04136570481144703, 0.5384939494883795, -0.8366360874627897]","[-8.177212801671609e-05, -0.0002675127429799807, 0.7073658763098627, -0.7068475357406514]","[480.20834054060026, 10.289076654203933, 14.995212741481149]",5.140000000000051,100.0,0.0,"[50.0, 90.12170917894008, 90.1217091789401]",36
614,1833144678,settled,Qk2i_0011,unmatched,,"[0.6190268023519331, -0.6010870861268118, 0.21622287731930848, -0.4568892646859618]","[0.49996081142102433, -0.49986583854521216, 0.5000618764055801, -0.5001114378460598]","[480.37569032130716, 10.277327129421373, 9.991454252157679]",5.220000000000078,100.0,0.0,"[50.0, 90.49279491705049, 90.49279491705047]",24
615,1205690518,settled,Qk2i_0006,unmatched,,"[-0.6618533813516694, 0.035264487260398346, -0.7484741909013679, 0.022201420814120642]","[-0.7071166050548823, 1.5073577024904417e-05, -0.7070969274133609, 0.00020462411659824542]","[479.6015314269963, 10.000751188112433, 9.711228539459269]",5.0600000000000245,100.0,0.0,"[50.0, 84.96638344600886, 84.96638344600885]",36
616,369857696,settled,Qk2i_0004,unmatched,,"[-0.12954261784404994, 0.7527893050896254, 0.08052108080394728, 0.640346256216864]","[6.854856591673175e-05, 0.7071183792307488, -8.184065657529382e-06, 0.707095179582066]","[479.7043059029314, 9.99716300208361, 10.283973394469076]",5.130000000000048,100.0,0.0,"[50.0, 87.26770289203057, 87.26770289203058]",30
617,4153277340,settled,Qk2i_0001,unmatched,,"[-0.8578806105175065, -0.3593468864883421, 0.3459746782934644, -0.12333772840854022]","[-0.9999999517601945, 0.00029822132069994847, 5.74296272726872e-05, -6.515742906665345e-05]","[479.7975863316466, 9.998902492179193, 14.998619723704715]",5.220000000000078,100.0,0.0,"[50.0, 91.89001119828636, 91.89001119828635]",34
618,2533894697,settled,Qk2i_0009,unmatched,,"[-0.2425132989820442, 0.4498265645237411, -0.8056564159904082, -0.2996015704883817]","[-0.5000766768108083, 0.5000949989450475, -0.4998333943759018, -0.4999948871805347]","[480.3429953998152, 15.016712115053428, 9.71149535732285]",5.050000000000021,100.0,0.0,"[50.0, 92.49152994615453, 92.49152994615454]",23
619,1831038023,settled,Qk2i_0012,unmatched,,"[-0.2075734006871383, -0.5066822775218267, 0.671322952129416, 0.4995116083903529]","[-0.49987102155311514, -0.49997230824005656, 0.5001756197893585, 0.49998100181195493]","[480.1519050809987, 9.71705863173521, 9.999081424024116]",5.140000000000051,100.0,0.0,"[50.0, 89.803611018698, 89.80361101869802]",34
620,3843606305,settled,Qk2i_0002,unmatched,,"[-0.8825006106086865, 0.4092270962118539, -0.22842687556967828, -0.0393321562946197]","[-0.7069666820264191, 0.7072468347349182, 0.0001546724887421247, 3.6584376383680395e-05]","[480.19231512243323, 10.28228551829171, 15.00131505093163]",5.160000000000058,100.0,0.0,"[50.0, 91.50502620295259, 91.5050262029526]",30
621,339420997,settled,Qk2i_0011,unmatched,,"[0.3338907115702825, -0.690545754793728, -0.6283784602883653, 0.1296304898898177]","[0.5000034695803676, -0.4999045732443888, -0.5000235210490408, 0.5000684217731204]","[479.69035234131013, 10.276626381635356, 9.995753063085164]",5.050000000000021,100.0,0.0,"[50.0, 90.941684318737, 90.94168431873702]",44
622,318514168,settled,Qk2i_0006,unmatched,,"[0.4702166024432413, 0.27585662200913136, 0.8325093600382049, -0.0986287804305852]","[0.7071384114759528, 2.292925676550262e-06, 0.707075147508983, 5.277460210856289e-05]","[480.04072312643626, 9.99851188246516, 9.713007408777772]",5.000000000000004,100.0,0.0,"[50.0, 90.59718699623544, 90.59718699623545]",35
623,2406135167,settled,Qk2i_0003,unmatched,,"[0.30370085785503587, 0.08961302071284508, 0.327763058386395, 0.8901161008621467]","[-0.0002720473296284609, -0.00022710164370745578, 0.7072005608438947, 0.707012900276349]","[479.7089804363048, 9.722079680829918, 15.012140949816759]",5.110000000000041,100.0,0.0,"[50.0, 92.14533195125087, 92.14533195125088]",28
624,503826566,settled,Qk2i_0002,unmatched,,"[-0.8879109927937016, 0.4037290052106611, 0.10763674471210347, -0.1924351589899693]","[-0.7067614672723964, 0.7074518782224353, -0.0002596199062188942, 3.124135972834563e-05]","[479.6110485460144, 10.286052859693225, 15.003452271132689]",5.230000000000081,100.0,0.0,"[50.0, 90.81689328142963, 90.81689328142961]",34
625,1951490665,settled,Qk2i_0011,unmatched,,"[-0.37979554275908345, 0.21260781508691884, 0.30614412443480676, -0.8466575681692955]","[-0.5000214801849652, 0.5001196536790666, 0.5000649538348708, -0.49979385080620553]","[480.2966486086504, 10.27977940814143, 9.997925066897883]",5.0600000000000245,100.0,0.0,"[50.0, 91.32602927392043, 91.32602927392044]",25
626,1304113979,settled,Qk2i_0006,unmatched,,"[0.09948409051905921, -0.45613823132516407, -0.11408373739586006, 0.8769411214665094]","[-0.00011285333829846866, -0.7071560364974944, 0.00020776060871618984, 0.7070574829140897]","[479.6096088349059, 10.002221294108514, 9.711636391591098]",5.170000000000061,100.0,0.0,"[50.0, 91.51122993232894, 91.51122993232896]",32
627,1335222620,settled,Qk2i_0015,unmatched,,"[-0.19639680642520668, 0.19642498494383, 0.9301330988887067, -0.24020395098225877]","[6.149681560068808e-05, -9.566123901350032e-06, 0.9999999963170091, -5.9098332679305296e-05]","[480.2574276976602, 9.99486783367309, 14.994372565797228]",5.000000000000004,100.0,0.0,"[50.0, 92.10246182455701, 92.10246182455703]",37
628,760072861,settled,Qk2i_0002,unmatched,,"[0.2349944290385704, -0.22175586461706412, 0.6329365821941642, -0.7035575582346796]","[5.362336223385667e-05, 0.00010492421442265255, 0.7069071868032367, -0.7073063094313369]","[480.17751326816085, 10.294996331609367, 15.000302371179375]",5.350000000000121,100.0,0.0,"[50.0, 90.80585902879828, 90.80585902879827]",29
629,4291316198,settled,Qk2i_0001,unmatched,,"[0.00045310346422546824, -0.3221131643259609, -0.12074992918595746, -0.9389687740637349]","[6.887165045377231e-06, -4.448680274056216e-05, 0.00013959901819032781, -0.9999999892428028]","[480.16654917396585, 9.99236362130554, 15.000303914117586]",5.240000000000085,100.0,0.0,"[50.0, 91.39596008366372, 91.3959600836637]",27
630,3385771503,settled,Qk2i_0014,unmatched,,"[0.16321663743935153, 0.8999089523290272, -0.3797931339126148, -0.13885741684871736]","[9.069138692540907e-06, 0.7072079959306973, -0.7070055477886767, -7.619364001775968e-05]","[479.74867272745996, 15.000661562286147, 9.987818673399895]",5.1800000000000646,100.0,0.0,"[50.0, 92.74614723138846, 92.74614723138845]",35
631,2885950628,settled,Qk2i_0001,unmatched,,"[0.3078809116531951, 0.20521297007126735, 0.30730450118607866, -0.8767330977583211]","[-2.4465779095927956e-05, -6.926848682696435e-05, 7.245248943280802e-05, -0.9999999946769697]","[479.98339623153413, 10.008610376861858, 14.994294924039002]",5.280000000000098,100.0,0.0,"[50.0, 93.07654501027793, 93.07654501027794]",19
632,991867160,settled,Qk2i_0015,unmatched,,"[-0.2375625373328836, -0.9604688225999017, -0.11681093371613689, 0.08613296368920043]","[0.0002241503850944631, -0.9999995995790367, 1.9115737075858785e-05, -0.0008661598927639183]","[479.66507109709045, 9.99458767952559, 15.015935955251198]",5.0300000000000145,100.0,0.0,"[50.0, 91.06058554818907, 91.06058554818905]",35
633,303405335,settled,Qk2i_0015,unmatched,,"[-0.02279042232984286, 0.044058517012017934, 0.9582225775537128, 0.2816894311028513]","[8.836404143819617e-05, 3.508932221174543e-05, 0.9999999950172662, 3.04303028018913e-05]","[479.7778703490247, 9.999627357804544, 14.99941535617524]",5.0600000000000245,100.0,0.0,"[50.0, 88.88589323878966, 88.88589323878968]",33
634,747624188,settled,Qk2i_0011,unmatched,,"[0.4488529877620475, -0.17881305492877836, -0.36350582461711256, 0.7965051175187475]","[0.5000254067946336, -0.4999743838287709, -0.5000970568010985, 0.49990313247046286]","[479.9231374488967, 10.28929116242997, 10.00141362868805]",5.140000000000051,100.0,0.0,"[50.0, 91.58667495023703, 91.58667495023701]",24
635,2224256403,settled,Qk2i_0009,unmatched,,"[-0.7074316561155337, 0.5159224139634822, -0.45665515639945287, -0.1575772281439098]","[-0.4997491416148162, 0.5002183309462244, -0.4997550707305335, -0.5002772092747654]","[479.5719598545641, 15.008444372033638, 9.713851664426542]",5.020000000000011,100.0,0.0,"[50.0, 92.28363600361115, 92.28363600361116]",28
636,3659359167,settled,Qk2i_0012,unmatched,,"[0.475642554762377, 0.008531275876956044, 0.5084562058079787, 0.7177490259181025]","[0.5001134788440651, 0.4999378045295779, 0.499921213874042, 0.500027479044239]","[479.88978163652, 9.720951919793112, 9.997638666420343]",5.000000000000004,100.0,0.0,"[50.0, 92.41734873259365, 92.41734873259364]",31
637,1825701951,settled,Qk2i_0015,unmatched,,"[0.26664443488412504, 0.09287231278579614, 0.9568484641898873, 0.06867674599598332]","[0.00014382086571820244, 2.393613096784986e-05, 0.9999999855205732, 8.775804035209197e-05]","[479.8483608927338, 10.005026304516852, 14.996535513930091]",5.260000000000091,100.0,0.0,"[50.0, 92.29725640272504, 92.29725640272503]",47
638,741066932,settled,Qk2i_0010,unmatched,,"[-0.14380109630361193, 0.5897438042590014, 0.5912240676798182, 0.5310156229680344]","[-0.500030201529851, 0.5000795899608735, 0.49964746539280935, 0.5002425527572825]","[480.2147073109666, 14.999121511206539, 10.277687890157573]",5.200000000000071,100.0,0.0,"[50.0, 92.51063890507508, 92.51063890507508]",17
639,3503504066,settled,Qk2i_0005,unmatched,,"[0.5187699492102906, -0.6177811041237394, -0.23828102636228377, -0.5407831355171334]","[0.7071081912143184, 7.638470806148278e-05, -0.00011501179299378143, -0.7071053576768308]","[480.0730046031668, 15.00680495904288, 9.992190417573157]",5.280000000000098,100.0,0.0,"[50.0, 92.09533843740942, 92.09533843740944]",24
640,3011375563,settled,Qk2i_0011,unmatched,,"[-0.5247529899489422, 0.6195718340292504, -0.4558137166205935, 0.36469013937560457]","[-0.49996038935458637, 0.49997209441401913, -0.5000785581334668, 0.49998894945670813]","[479.9177621710944, 10.283635328175444, 9.99272739631408]",5.160000000000058,100.0,0.0,"[50.0, 87.2206429373056, 87.22064293730561]",32
641,1512233073,settled,Qk2i_0010,unmatched,,"[-0.27085008450069903, -0.5333245905422038, 0.7126948784235688, -0.3664302431811122]","[-0.5000408913267383, -0.49998209000447974, 0.49997588993629716, -0.5000011261570527]","[479.72422125185193, 15.003718980920327, 10.272148549604454]",5.140000000000051,100.0,0.0,"[50.0, 90.71036456059721, 90.71036456059723]",26
642,2951951071,settled,Qk2i_0002,unmatched,,"[0.2777554044515004, -0.309719604872192, 0.8976138231511166, -0.1456541319147266]","[-4.538823505589873e-05, -0.00020078574873555466, 0.706907047994614, -0.7073064280214988]","[479.74319365715604, 10.281380341826338, 14.992247762426329]",5.450000000000155,100.0,0.0,"[50.0, 92.85657149255253, 92.85657149255255]",41
643,3173375156,settled,Qk2i_0010,unmatched,,"[0.20658466998426864, -0.650663487887515, -0.5944086293330616, -0.42501550681349876]","[0.49988402208246385, -0.4999960567226346, -0.5000462233457514, -0.5000736768178524]","[479.7607898566654, 15.002407063746325, 10.273920785571114]",5.160000000000058,100.0,0.0,"[50.0, 91.32513257737139, 91.32513257737138]",26
644,32306830,settled,Qk2i_0011,unmatched,,"[-0.6986094149864885, 0.5782516452435902, -0.4198669161311812, 0.03580073747576859]","[-0.499962780270353, 0.49992736511097496, -0.49995751684229206, 0.5001523061132737]","[479.94586074642206, 10.272527777718468, 9.997523467430256]",5.220000000000078,100.0,0.0,"[50.0, 93.03809373514629, 93.0380937351463]",32
645,895153355,settled,Qk2i_0012,unmatched,,"[-0.19060827060911253, -0.37814759900373973, -0.36161796459736506, -0.8306053986241415]","[-0.5000546165319176, -0.5000189287573242, -0.49992582078817177, -0.5000006250783768]","[479.74775487174196, 9.71435213669897, 9.999669254252293]",5.070000000000028,100.0,0.0,"[50.0, 92.04802901093883, 92.04802901093885]",34
646,3593388868,settled,Qk2i_0002,unmatched,,"[0.22142497322908522, 0.2166201095432776, 0.635142299606034, -0.7075598692853604]","[-8.198951692639511e-05, -3.0243187064959987e-06, 0.7068344050115523, -0.7073790477251483]","[479.80631702133223, 10.281713821375618, 15.000946017243265]",5.230000000000081,100.0,0.0,"[50.0, 90.92606143131631, 90.92606143131633]",31
647,75550316,settled,Qk2i_0011,unmatched,,"[-0.2862997747692738, 0.2598481907905693, -0.7213721391252358, 0.5745725311949853]","[-0.4998711688085268, 0.5001036724547501, -0.5001353728619069, 0.4998897280436466]","[479.7609495751412, 10.282875211232227, 10.002905055910205]",5.040000000000018,100.0,0.0,"[50.0, 91.37719882331133, 91.37719882331135]",34
648,2936757457,settled,Qk2i_0009,unmatched,,"[-0.6103894817246166, 0.37109450284833706, -0.5232037798726356, -0.46472718371393584]","[-0.4999248877877642, 0.5000648593145887, -0.4999845272077601, -0.5000257149406464]","[480.37274122912453, 15.000962646445393, 9.711539511902961]",5.1500000000000545,100.0,0.0,"[50.0, 90.29501347684354, 90.29501347684355]",25
649,1838880854,settled,Qk2i_0012,unmatched,,"[-0.6784023744617863, -0.0988498696711346, -0.5712742979592471, -0.4512699835816463]","[-0.5001171104118074, -0.5000114365751636, -0.49987827722310274, -0.49999314708088594]","[479.7555215672903, 9.712389673772503, 9.996222945440406]",5.010000000000008,100.0,0.0,"[50.0, 92.24631785883267, 92.24631785883268]",31
650,1672810551,settled,Qk2i_0012,unmatched,,"[0.48681364714769565, 0.3945555621457038, -0.6249290389801788, -0.46562010004933935]","[0.5001565691478933, 0.5000405227397481, -0.5001775746325899, -0.4996251352674602]","[479.68621766616565, 9.72133592863619, 9.99746534914672]",5.070000000000028,100.0,0.0,"[50.0, 87.27131366558999, 87.27131366558997]",27
651,3879484383,settled,Qk2i_0012,unmatched,,"[-0.7626412532388688, -0.3577434821654657, -0.447859840912783, -0.2996989868584001]","[-0.49993081018242125, -0.49998153269123646, -0.5000640737379571, -0.5000235735989544]","[480.0172483438813, 9.71139371661681, 9.992646863816043]",5.220000000000078,100.0,0.0,"[50.0, 91.3289068546877, 91.32890685468769]",37
652,230873740,settled,Qk2i_0002,unmatched,,"[0.9054548951501281, -0.2845109799386636, -0.19564783538213537, 0.2468336679897962]","[0.7073673111178096, -0.7068461548173192, 1.378637208512834e-05, 1.9795616349405076e-05]","[480.0992880162903, 10.29012483960714, 14.996340645975568]",5.300000000000105,100.0,0.0,"[50.0, 91.98195527848131, 91.98195527848132]",28
653,2079884426,settled,Qk2i_0012,unmatched,,"[0.8394310349645914, 0.2693330375425513, -0.24178989971722017, -0.40540460878129414]","[0.500015183794059, 0.5000057409017303, -0.5000502290667359, -0.499928838387035]","[480.15593064015974, 9.716802640775665, 10.001841008286618]",5.210000000000075,100.0,0.0,"[50.0, 92.5276506495676, 92.52765064956762]",36
654,3975850094,settled,Qk2i_0012,unmatched,,"[0.4807614675171685, 0.6552872187456834, -0.5495107625156788, -0.1936620617950838]","[0.5001607118737829, 0.4997143767978417, -0.4999665699194671, -0.5001582078526935]","[480.2651115797282, 9.712735200102417, 9.993732190381724]",5.040000000000018,100.0,0.0,"[50.0, 89.57322092310355, 89.57322092310353]",17
655,1123490515,settled,Qk2i_0002,unmatched,,"[-0.06244286843504125, 0.13298112156545572, -0.4729946592036122, 0.8687306612832636]","[-0.00019294357123325612, -5.2314561421462624e-05, -0.7073340203770477, 0.7068794406779755]","[479.62524928458447, 10.27940236968352, 14.991611808460982]",5.240000000000085,100.0,0.0,"[50.0, 90.74448034814402, 90.74448034814401]",23
656,1957802489,settled,Qk2i_0002,unmatched,,"[-0.8523013335500537, 0.34785705271440737, 0.23829970511210874, -0.30950146728105843]","[-0.7070163612508522, 0.7071971471238833, 5.1831459238094186e-05, 0.00023945134208927524]","[479.61430286689637, 10.289619274334077, 15.003125339522398]",5.290000000000101,100.0,0.0,"[50.0, 91.55248705939579, 91.5524870593958]",31
657,1848857429,settled,Qk2i_0010,unmatched,,"[0.4047002669435426, -0.25709265837166206, -0.547330599681826, -0.6859666709098554]","[0.4999328217699282, -0.5000974302485118, -0.4999604716558443, -0.5000092606718978]","[479.5698285150368, 15.005141915955138, 10.279458871344273]",5.050000000000021,100.0,0.0,"[50.0, 91.26827259311857, 91.26827259311858]",24
658,3054531549,settled,Qk2i_0004,unmatched,,"[0.7420221664256267, 0.08780540357961956, -0.5410633505390331, -0.38593233388602627]","[0.7070731078773419, -1.783469398902726e-05, -0.7071403921421696, -0.00029257412604044575]","[479.5307063835365, 9.999150199264362, 10.28529609338362]",5.040000000000018,100.0,0.0,"[50.0, 92.06815776690254, 92.06815776690256]",30
659,2001620538,settled,Qk2i_0004,unmatched,,"[-0.013667271276261574, 0.657999285484137, -0.1380674222777314, 0.7401267005748466]","[5.466496049028047e-05, 0.7070557387513542, -0.000154646306035372, 0.707157800915071]","[480.0399637195594, 9.998693881369654, 10.277139578425725]",5.080000000000031,100.0,0.0,"[50.0, 86.47814231352434, 86.47814231352436]",26
660,1618230679,settled,Qk2i_0011,unmatched,,"[0.2717351777618916, -0.2956507772804097, 0.8181601580938112, -0.41153926515961137]","[0.5000140066103044, -0.4999810263863875, 0.49993400996863213, -0.500070947090319]","[479.53093403395934, 10.28768172864149, 10.002673044135914]",5.300000000000105,100.0,0.0,"[50.0, 91.90378483038234, 91.90378483038235]",26
661,2498729330,settled,Qk2i_0004,unmatched,,"[-0.7387230461151346, -0.12526626774130828, 0.5657817222933168, -0.3442203742130146]","[-0.7070376538945657, -0.00017842241922855218, 0.707175877936154, -4.2496336233294185e-05]","[480.25572423106183, 10.003189547668795, 10.271774200090132]",5.080000000000031,100.0,0.0,"[50.0, 91.37274931595864, 91.37274931595863]",33
662,801359670,settled,Qk2i_0014,unmatched,,"[0.5201545776930955, -0.5993619606811081, -0.6079273170496118, -0.02507653441518706]","[0.00010261984591698399, -0.7070563859707862, -0.7071571611255585, -7.743344841706385e-05]","[479.94182935270214, 14.993127368001481, 10.000180204684453]",4.959999999999991,100.0,0.0,"[50.0, 92.23280101572261, 92.23280101572263]",24
663,460050522,settled,Qk2i_0005,unmatched,,"[-0.43159420217306005, -0.27588044649597515, 0.04316033554187708, 0.8577608112566659]","[-0.7071951407335134, 5.196138046851778e-06, -0.00015498926388572186, 0.7070183935897527]","[480.1306933184263, 15.002218024792692, 10.001108839229643]",5.070000000000028,100.0,0.0,"[50.0, 92.73055352091708, 92.7305535209171]",21
664,24185252,settled,Qk2i_0001,unmatched,,"[-0.8823119357992979, -0.09850590553688278, 0.22500939213918061, 0.401488490457212]","[-0.999999882186271, 0.0002443107523068277, 0.00033365404598503003, 0.0002541941739523934]","[479.8546339845011, 10.003533890077954, 14.999917316073514]",5.210000000000075,100.0,0.0,"[50.0, 92.69992064033099, 92.699920640331]",34
665,2055269984,settled,Qk2i_0003,unmatched,,"[0.5271450856724299, 0.7677936786238437, -0.29311052402864035, 0.21609522535291723]","[0.7072918875266989, 0.7069216254397335, 3.604872956902705e-05, -5.005375508737586e-06]","[479.9188155151247, 9.72861274975614, 14.999428524625253]",5.0600000000000245,100.0,0.0,"[50.0, 92.23887443385561, 92.23887443385563]",29
666,2572174639,settled,Qk2i_0006,unmatched,,"[0.6648910559496792, 0.23251016525203572, 0.7084928277910303, -0.043552494087720814]","[0.7070618770086983, 5.114806754685786e-05, 0.7071516668884101, -0.00013957705726599937]","[480.34456502543287, 9.998752132842517, 9.708617497593725]",5.040000000000018,100.0,0.0,"[50.0, 89.80709992311394, 89.80709992311395]",31
667,4231113218,settled,Qk2i_0006,unmatched,,"[-0.32714810443199194, -0.26553553967436144, -0.22723901491828985, 0.8779677813196595]","[0.00011094034008732323, -0.7071435854055029, -0.0002714048053519824, 0.7070699142599145]","[479.53881096169107, 10.010658236629487, 9.709546931268134]",5.300000000000105,100.0,0.0,"[50.0, 92.89821325418539, 92.8982132541854]",34
668,2269359926,settled,Qk2i_0006,unmatched,,"[-0.20885908760357036, -0.8901486806034541, 0.0483529199096359, 0.4020885512937993]","[8.218880295365882e-05, -0.7071839384554645, 7.121988954231218e-05, 0.7070296071334962]","[479.5617767861085, 10.002804872949008, 9.717087935272255]",5.080000000000031,100.0,0.0,"[50.0, 92.09074772983865, 92.09074772983867]",35
669,791422006,settled,Qk2i_0012,unmatched,,"[0.4178617844510886, 0.3221307565748081, 0.3487388486073498, 0.7745995870357235]","[0.5000410935528792, 0.49976084919616015, 0.5000689327938931, 0.5001290441711526]","[479.55716285839344, 9.71383673461999, 9.997124675279615]",5.1500000000000545,100.0,0.0,"[50.0, 90.99251497292067, 90.99251497292069]",33
670,2789584226,settled,Qk2i_0004,unmatched,,"[-0.32203768413503847, -0.09291562367445043, 0.895757891321467, -0.29202091878741854]","[-0.707308135866457, 7.709583483422878e-05, 0.7069053181172307, -0.000257314840045847]","[479.5410667976343, 10.001018448853893, 10.280126649370565]",5.210000000000075,100.0,0.0,"[50.0, 90.99279214998869, 90.9927921499887]",35
671,959163029,settled,Qk2i_0004,unmatched,,"[0.8565572897553921, 0.19600051919097283, -0.3610798207247458, -0.3122735482059784]","[0.7070365143588482, 0.000160430824134139, -0.70717700849322, -0.00014242128192537562]","[480.04965877913816, 10.001290870658408, 10.278864954602993]",5.070000000000028,100.0,0.0,"[50.0, 91.5001579322542, 91.50015793225421]",25
672,1269286363,settled,Qk2i_0014,unmatched,,"[-0.22278797788535612, -0.8262023699346746, -0.4768502630653011, 0.20092035098176173]","[-0.00011075155593578915, -0.7069794412460532, -0.7072340895162911, 3.946412542931158e-06]","[479.9088990105481, 15.011427194134301, 9.996619064921187]",5.220000000000078,100.0,0.0,"[50.0, 92.0477456882358, 92.04774568823582]",28
673,339846494,settled,Qk2i_0001,unmatched,,"[-0.08833281860877842, 0.061391870416495166, 0.03633882288790775, 0.9935330096954575]","[1.3367927454710493e-05, -6.861411624354055e-06, -0.00014045300631733573, 0.9999999900235863]","[479.6288886984439, 10.006622697313109, 14.999105237024448]",5.160000000000058,100.0,0.0,"[50.0, 90.07345794655755, 90.07345794655754]",39
674,3620654759,settled,Qk2i_0005,unmatched,,"[-0.4813429093912272, 0.22554370352942188, 0.09490204981190052, -0.8416844077910204]","[-0.7070482214912509, -0.00024087271909479537, -5.441302167795859e-05, -0.7071652929164549]","[479.73325613887727, 15.01192013613448, 9.991911606943537]",5.170000000000061,100.0,0.0,"[50.0, 92.34175786635006, 92.34175786635008]",22
675,1118229367,settled,Qk2i_0010,unmatched,,"[-0.35991857214289824, -0.48385237718009744, 0.7578605277637142, -0.2489837725264248]","[-0.500114592017582, -0.49988972390389275, 0.5000992417320046, -0.4998963964717606]","[480.2699755538807, 15.005314080670649, 10.278071572612479]",5.1500000000000545,100.0,0.0,"[50.0, 90.70417739133624, 90.70417739133626]",23
676,614510698,settled,Qk2i_0011,unmatched,,"[0.5408724855206847, -0.7068822607308365, 0.20453650455646982, -0.40735640681663454]","[0.5000448282982877, -0.5000291974799976, 0.4997025649574266, -0.5002232680859765]","[479.7507458546333, 10.284919243121475, 9.999481197954445]",5.170000000000061,100.0,0.0,"[50.0, 91.53564287296379, 91.5356428729638]",37
677,1838271581,settled,Qk2i_0015,unmatched,,"[-0.12691279253410218, 0.07788097071762332, 0.8830851733374935, -0.4449587330559608]","[0.00021453787944094552, 0.00015070122788524154, 0.9999999613350523, -9.269591248649872e-05]","[480.40607354040566, 10.003605583739137, 14.988858851256966]",5.010000000000008,100.0,0.0,"[50.0, 90.75545896748798, 90.75545896748797]",23
678,896877213,settled,Qk2i_0010,unmatched,,"[0.4570635111793557, 0.37785478930814337, -0.003768496967547743, 0.8051735858657455]","[0.5000445157984623, 0.4999703711424925, -0.4999537338670965, 0.5000313732075902]","[479.97422693728925, 14.999642973179187, 10.28481423357481]",4.959999999999991,100.0,0.0,"[50.0, 92.9130411185702, 92.91304111857022]",19
679,2115121010,settled,Qk2i_0011,unmatched,,"[0.28127320910761855, -0.44450024844831, 0.46518435559245397, -0.7119750180165917]","[0.4998468876284979, -0.5000655488510675, 0.49982708804743664, -0.500260350052255]","[480.33360617675, 10.2821896575477, 9.998146805844506]",5.0600000000000245,100.0,0.0,"[50.0, 90.43973494472505, 90.43973494472506]",32
680,1207846639,settled,Qk2i_0004,unmatched,,"[-0.26830697556454275, -0.6799392983449297, -0.12928932687703654, -0.670058346254485]","[0.00011303147174593355, -0.707267680975878, 0.00010616799810028722, -0.7069458277684694]","[479.54438526343944, 9.997550649490574, 10.281406762920913]",5.190000000000068,100.0,0.0,"[50.0, 88.92214998168022, 88.92214998168023]",34
681,3010240499,settled,Qk2i_0011,unmatched,,"[0.3808922698588771, -0.2069628001145944, 0.7443905927285974, -0.507907593551865]","[0.4999085898450432, -0.4998732196606332, 0.5001484682051315, -0.5000696709632704]","[480.1036226702113, 10.27842429931974, 9.996796286305548]",5.000000000000004,100.0,0.0,"[50.0, 92.49126216597637, 92.49126216597638]",26
682,1954751036,settled,Qk2i_0005,unmatched,,"[0.4288412192270202, 0.05806141530597197, -0.19458495559188416, 0.8802617655003849]","[0.7071505797807665, -7.832109540251897e-05, -1.1824372299673208e-05, 0.7070629754425812]","[480.1466958991512, 15.004011988015975, 9.986796191447176]",5.140000000000051,100.0,0.0,"[50.0, 92.21746449912474, 92.21746449912476]",18
683,1984373932,settled,Qk2i_0010,unmatched,,"[-0.3985619353203301, -0.55517319696044, 0.5342309002269262, -0.4975223113923289]","[-0.4999197482295977, -0.5000139520544055, 0.49990608677596526, -0.5001601718303161]","[480.04602342608484, 14.996270642138729, 10.278787346534923]",5.160000000000058,100.0,0.0,"[50.0, 89.36506274723102, 89.36506274723104]",25
684,2472346160,settled,Qk2i_0005,unmatched,,"[0.5216855084416874, 0.1681033179362908, 0.2930575820934824, -0.7833918293920803]","[0.7070264868205596, -0.0003695339704456582, -8.175059667881508e-05, -0.7071869651624398]","[479.5745734243937, 15.003089917076364, 9.993585293094872]",5.0900000000000345,100.0,0.0,"[50.0, 91.49667364747819, 91.49667364747819]",16
685,1573955309,settled,Qk2i_0010,unmatched,,"[-0.6193383676590124, 0.38429802173753186, 0.5834598968312737, 0.35820324624956834]","[-0.4999625760114679, 0.5000857064711954, 0.4998956921377083, 0.5000560026170512]","[480.3056040059119, 15.003078121094827, 10.279747803103247]",5.100000000000038,100.0,0.0,"[50.0, 91.02451002445697, 91.02451002445699]",23
686,4284683632,settled,Qk2i_0009,unmatched,,"[0.45315710631947115, 0.5277361964398244, 0.2103800227056479, -0.6869376900460198]","[0.49996330514456994, 0.4999975664150703, 0.49998540508654565, -0.5000537189026474]","[480.15439844656805, 15.001854643973473, 9.718215481292903]",5.080000000000031,100.0,0.0,"[50.0, 92.2271002157531, 92.22710021575311]",29
687,1664694624,settled,Qk2i_0004,unmatched,,"[-0.17671571791651616, 0.6330224626739569, -0.08908301980255993, 0.7484105373218002]","[-6.707813054115942e-05, 0.7069997252002507, -8.228044415245496e-05, 0.7072138129994514]","[480.03503041052244, 10.003361349302612, 10.280697814259218]",5.1200000000000445,100.0,0.0,"[50.0, 87.0009384489188, 87.00093844891879]",28
688,1909553120,settled,Qk2i_0001,unmatched,,"[-0.34526094914388883, 0.1559007805280971, -0.11240903271903165, -0.9186152801854336]","[-0.00020861108340641812, 1.3073915159415537e-05, 0.000189406119225709, -0.9999999602179046]","[479.6725772947866, 9.990896262740769, 14.99776666036243]",5.070000000000028,100.0,0.0,"[50.0, 92.93583006744757, 92.93583006744758]",26
689,2668664694,settled,Qk2i_0014,unmatched,,"[0.11631302817836991, -0.7209141450716977, 0.6512811007120145, 0.20636618610341087]","[4.298623148484877e-05, -0.70706683617117, 0.7071466979488665, -0.00018686650403957467]","[480.3463810263852, 15.004266325958225, 9.996670403035449]",5.1500000000000545,100.0,0.0,"[50.0, 89.74486439520712, 89.7448643952071]",24
690,931999062,settled,Qk2i_0006,unmatched,,"[0.40985524264100454, 0.27226453579317034, 0.8643033037923744, -0.10426169806117322]","[0.7071212010209427, 8.713110789815294e-05, 0.7070923549466733, -3.241662390957024e-05]","[480.2039820806093, 10.006034627381572, 9.713889143087258]",4.959999999999991,100.0,0.0,"[50.0, 91.73565939436739, 91.7356593943674]",36
691,2928446550,settled,Qk2i_0001,unmatched,,"[0.08829629227230848, -0.08328675959324888, -0.35542274088605197, -0.9267911068350115]","[-4.4208413665203235e-05, 0.0002581642217426145, -0.00013421012694494217, -0.9999999566922454]","[480.09377885160495, 10.00234184629364, 14.998235916287271]",5.170000000000061,100.0,0.0,"[50.0, 90.28487305982546, 90.28487305982547]",20
692,4062086078,settled,Qk2i_0003,unmatched,,"[0.11302998519651891, 0.09536864003104563, 0.8851959380404075, 0.4410863818141144]","[-0.000250429889034981, -0.0006631446688314668, 0.7071191007950831, 0.7070941060529157]","[480.01063444575385, 9.712947209738587, 14.990766152771764]",5.1200000000000445,100.0,0.0,"[50.0, 90.8670902836877, 90.86709028368769]",20
693,3262843349,settled,Qk2i_0006,unmatched,,"[0.23701903657768664, -0.4535324717792806, 0.255514247423889, 0.8202699206389107]","[7.040938776345375e-05, -0.7070793870500168, -0.00025010345884313173, 0.7071341265274578]","[480.36470052036884, 9.995155618675147, 9.712663004592818]",5.160000000000058,100.0,0.0,"[50.0, 91.5747371329912, 91.57473713299122]",27
694,1218851074,settled,Qk2i_0004,unmatched,,"[-0.6898747204057384, -0.30126227785830795, 0.6219437982928524, -0.2156381734521688]","[-0.7070648722510464, -3.292480381084095e-05, 0.7071486856228099, -4.202976564726679e-05]","[480.1557175218499, 9.988339612654874, 10.274022667596759]",5.0600000000000245,100.0,0.0,"[50.0, 91.48220125262336, 91.48220125262337]",30
695,651205762,settled,Qk2i_0010,unmatched,,"[0.6449485734097136, -0.08182203042582824, -0.6028448695667808, -0.4625197900963603]","[0.5000280931251366, -0.4999736469336165, -0.49972586602322067, -0.5002722431685385]","[480.0214307930881, 15.008491573541816, 10.28312372289549]",4.979999999999998,100.0,0.0,"[50.0, 93.12063517483412, 93.12063517483409]",19
696,4255050540,settled,Qk2i_0014,unmatched,,"[-0.25882804226598577, 0.6809913270748578, -0.6838292010292903, 0.040453439967739646]","[-3.611257717470028e-06, 0.7071536345812985, -0.7070599188298934, 9.093779675416004e-05]","[479.87371578402133, 15.00298559404445, 9.997251868366696]",5.0900000000000345,100.0,0.0,"[50.0, 91.07980688023774, 91.07980688023775]",28
697,2395249347,settled,Qk2i_0005,unmatched,,"[0.6348411229845365, -0.4903602220541158, -0.11445046579517916, -0.5860244807804853]","[0.7069693183373135, -0.0003179318173921756, -8.395792092386078e-05, -0.707244140873646]","[479.57720636109167, 15.00316673503543, 9.994506480734472]",5.270000000000095,100.0,0.0,"[50.0, 91.83595056175753, 91.83595056175754]",25
698,249202919,settled,Qk2i_0003,unmatched,,"[-0.8662809176125051, -0.3880906819206864, 0.23603906961474444, 0.20791477100528136]","[-0.7072307879374294, -0.7069827218171373, 0.00013548257711060163, -0.00015902800521946925]","[480.3901281278046, 9.722829091045718, 15.000438039063729]",5.340000000000118,100.0,0.0,"[50.0, 92.10340627221116, 92.10340627221117]",34
699,2371620818,settled,Qk2i_0004,unmatched,,"[-0.6854600836334261, -0.5263584251775121, 0.5015678560573432, -0.03899958666378184]","[-0.7073645013478679, 5.230023924568395e-05, 0.7068489613790789, 7.276595984245794e-05]","[479.77268739844806, 9.999047372630937, 10.273434255201655]",5.000000000000004,100.0,0.0,"[50.0, 92.49341010312148, 92.49341010312149]",20
700,3603842823,settled,Qk2i_0009,unmatched,,"[0.1945135409653445, 0.7046745058258995, 0.4915635600122643, -0.4732479156723422]","[0.4999716847775426, 0.4998919572576865, 0.500068430361372, -0.5000679058344962]","[479.5570886934069, 15.004146012200204, 9.71178335939403]",5.050000000000021,100.0,0.0,"[50.0, 91.76202332890661, 91.76202332890662]",27
701,2673681171,settled,Qk2i_0004,unmatched,,"[0.7797691628533903, 0.1826904425636023, -0.5705104467956182, -0.1819397838734074]","[0.70712053711498, -0.00012019282316355628, -0.7070929842480059, 0.0002077766990514207]","[479.8561180533174, 10.00264318255852, 10.277668706507807]",5.070000000000028,100.0,0.0,"[50.0, 89.10954446349983, 89.10954446349984]",25
702,4235238339,settled,Qk2i_0005,unmatched,,"[-0.7562445711375627, 0.24799993940147816, 0.08222943494976244, 0.5998570652327683]","[-0.7070537779261064, -0.0001279451498446687, 2.4113020690928037e-05, 0.7071597684887208]","[479.6408454311598, 15.004893926446899, 9.997183474274793]",5.170000000000061,100.0,0.0,"[50.0, 90.9541203561373, 90.95412035613731]",27
703,3994960236,settled,Qk2i_0012,unmatched,,"[0.5313292307007738, 0.7813692565057293, 0.17265756090654222, 0.278101960173623]","[0.5000348903761003, 0.5001395998277844, 0.49996357728759033, 0.49986189140247633]","[479.80311674528565, 9.721726390590117, 9.996195991777816]",5.1500000000000545,100.0,0.0,"[50.0, 92.1039149653936, 92.10391496539361]",45
704,3831792919,settled,Qk2i_0011,unmatched,,"[0.4401407278908014, -0.15233626782494392, 0.5535394359146462, -0.6904084979519137]","[0.49988372705212114, -0.5000760372209468, 0.5000882284682089, -0.4999519778672781]","[480.0859368788823, 10.278405168609646, 10.001667299257319]",4.939999999999984,100.0,0.0,"[50.0, 91.65784922723658, 91.6578492272366]",28
705,2949590194,settled,Qk2i_0004,unmatched,,"[0.017602188927888177, 0.8092823677871741, -0.24878508131529067, 0.5318441458253315]","[-0.00018726927011922245, 0.707164122242014, 9.7267288867664e-05, 0.7070494039902565]","[479.9639785637454, 10.006855635321743, 10.273395987428938]",5.1200000000000445,100.0,0.0,"[50.0, 89.62526956425664, 89.62526956425666]",29
706,1922957456,settled,Qk2i_0003,unmatched,,"[-0.17983493385574306, 0.16984593387623137, -0.8817110177146157, -0.40174299813620656]","[-1.2768879859070825e-05, 0.00016789486843818424, -0.7068467560769526, -0.7073666906716474]","[479.7872013478841, 9.703175150371553, 14.992779836361468]",5.0600000000000245,100.0,0.0,"[50.0, 91.8566692885325, 91.85666928853252]",31
707,2467004035,settled,Qk2i_0004,unmatched,,"[-0.8510412091524794, -0.15061605794523547, 0.48797472711500356, 0.12216517142934463]","[-0.707245661364058, -4.193205687055834e-05, 0.7069678716969428, -3.3342377181388994e-05]","[480.0373553760485, 10.00530479276713, 10.279896287252784]",5.070000000000028,100.0,0.0,"[50.0, 90.94311476372701, 90.943114763727]",31
708,3895465590,settled,Qk2i_0015,unmatched,,"[-0.008865959929603692, 0.08725246230030541, 0.920553074823044, -0.3806447674813083]","[-3.457969979243702e-05, 0.00017697116914955346, 0.9999999832048241, 3.279941153148668e-05]","[479.77238953647185, 10.005493727316557, 15.000677071734962]",5.0300000000000145,100.0,0.0,"[50.0, 89.64070692977398, 89.640706929774]",36
709,3817935553,settled,Qk2i_0002,unmatched,,"[-0.9489519390650242, 0.22293354094083298, -0.12955939050887, 0.1816733827484993]","[-0.7070663825726125, 0.707147159401802, 6.91562925301259e-05, -0.00014423262401597192]","[480.3859888418402, 10.28542503371637, 14.997199435971709]",5.0600000000000245,100.0,0.0,"[50.0, 91.84495097078906, 91.84495097078907]",17
710,2350393894,settled,Qk2i_0006,unmatched,,"[0.6082563107633402, 0.02796229408013884, 0.7339208530504554, 0.30100257803553526]","[0.7070883125327494, 2.8995957607191864e-07, 0.7071252370196016, 0.00013209646910428138]","[479.96801342148285, 10.002922248248952, 9.71119753466817]",5.010000000000008,100.0,0.0,"[50.0, 90.38402384961235, 90.38402384961236]",29
711,507274054,settled,Qk2i_0010,unmatched,,"[-0.5283622470933963, 0.487647568656346, 0.636099650849066, 0.28001860441704135]","[-0.4999733658783989, 0.4999817454795563, 0.4998317917569003, 0.5002130221700826]","[480.20243063020075, 14.999344310264982, 10.282453384686075]",5.210000000000075,100.0,0.0,"[50.0, 91.36869905801603, 91.36869905801602]",37
712,2418103130,settled,Qk2i_0006,unmatched,,"[0.5388957797689139, 0.08448260675867462, 0.7139924401755003, -0.438940568955238]","[0.7070597548927617, -0.00016067551437981553, 0.7071537245517733, -0.00029503715311432477]","[480.29175388490734, 10.000325377615153, 9.700019649069885]",5.080000000000031,100.0,0.0,"[50.0, 91.78976282552257, 91.78976282552259]",29
713,3567153921,settled,Qk2i_0011,unmatched,,"[0.1988727524070747, -0.4381407272501607, -0.2546711136222361, 0.8388235543671534]","[0.5001564944265073, -0.49974846782378857, -0.5001298410542949, 0.49996509085912066]","[479.8011675707551, 10.289485342695441, 9.988168570577514]",5.170000000000061,100.0,0.0,"[50.0, 92.49179772217057, 92.49179772217059]",34
714,4274748223,settled,Qk2i_0002,unmatched,,"[0.9013150862583911, -0.41985594111574515, -0.10060076260099281, -0.0350940245189892]","[0.7072526319005192, -0.7069608912580433, -8.331312550780012e-05, 7.72032695482705e-05]","[479.9890450708052, 10.28366065572955, 14.996584534098702]",5.200000000000071,100.0,0.0,"[50.0, 89.69687339351876, 89.69687339351877]",20
715,1338308663,settled,Qk2i_0002,unmatched,,"[-0.2512912006807127, 0.11445045012758237, 0.3013030382493696, -0.9126720692930941]","[2.7792775833895833e-05, 8.126282747530911e-05, 0.7071092028329187, -0.7071043543161849]","[479.69890908444864, 10.287493393240876, 14.99956674234521]",5.070000000000028,100.0,0.0,"[50.0, 91.25850131707602, 91.25850131707604]",26
716,1277006266,settled,Qk2i_0012,unmatched,,"[0.32865400942607437, 0.5957578798403752, -0.6876782647442755, -0.25329369296247584]","[0.4998816354193236, 0.5000223472087568, -0.4999060475132754, -0.5001899104560215]","[479.5277248268612, 9.723640184702218, 9.99312129833565]",5.070000000000028,100.0,0.0,"[50.0, 91.31308232433256, 91.31308232433254]",29
717,3440375285,settled,Qk2i_0006,unmatched,,"[0.8875611663635753, 0.23820790771944308, 0.3862538725813326, 0.07937326110963647]","[0.7070159031514197, 8.72873511426897e-05, 0.7071976398337972, 5.7318474339596026e-05]","[479.9596460176512, 10.000946795368888, 9.71662066595563]",5.1200000000000445,100.0,0.0,"[50.0, 92.59053591899817, 92.59053591899816]",26
718,2778763133,settled,Qk2i_0004,unmatched,,"[0.8756319323738309, 0.23263808462416577, -0.40106778977893365, 0.13525113157201868]","[0.7070908829499782, -6.59826457227175e-05, -0.707122649935621, 0.00019194617983969708]","[479.5249771421598, 10.00193424603795, 10.281183145087786]",5.0300000000000145,100.0,0.0,"[50.0, 90.58218938043193, 90.58218938043191]",31
719,763136023,settled,Qk2i_0003,unmatched,,"[0.25131930339948066, -0.2951017507363295, 0.6878492538765465, 0.6136912647191838]","[0.0002863480659642537, 0.0001905078671317895, 0.7071421406733274, 0.7070713362847357]","[480.2301401981026, 9.721928859517373, 14.994825744014447]",5.0300000000000145,100.0,0.0,"[50.0, 91.05794701941967, 91.05794701941969]",23
720,3763933021,settled,Qk2i_0003,unmatched,,"[-0.04623430397558888, -0.06701270344375135, 0.7888818316337297, 0.6091281822664787]","[-4.848634610976621e-05, 2.0409463736659195e-05, 0.7069919685837212, 0.70722157319375]","[479.78258733695867, 9.72414457665911, 15.002280412000268]",5.110000000000041,100.0,0.0,"[50.0, 89.21684828809356, 89.21684828809354]",31
721,3455780355,settled,Qk2i_0006,unmatched,,"[-0.8840207684311262, -0.0872379833482472, -0.3272251922323647, 0.32221186944658625]","[-0.7070864698332272, -0.0002145424056128609, -0.7071270590088696, -2.382871483938565e-05]","[479.9366786817967, 10.008184781162642, 9.711504140598919]",5.1800000000000646,100.0,0.0,"[50.0, 92.67817581315096, 92.67817581315094]",38
722,1499718306,settled,Qk2i_0004,unmatched,,"[0.3612539443898203, 0.6684707255139583, -0.19887294746240802, 0.6189442846987546]","[6.026700888339676e-05, 0.7070291638831746, 0.00014679907594042366, 0.7071843721665364]","[479.9817849231004, 10.010222375751502, 10.280112541904277]",5.200000000000071,100.0,0.0,"[50.0, 92.30677667518724, 92.30677667518725]",27
723,79361427,settled,Qk2i_0005,unmatched,,"[0.7460182460433417, 0.4331332622393408, -0.16442246222556398, 0.47834883466776185]","[0.7068896193682226, 2.1727374831691632e-05, 5.2431607457138485e-05, 0.7073238740550873]","[480.0870381563154, 14.997597817974988, 9.998342738962805]",5.240000000000085,100.0,0.0,"[50.0, 91.97592233014157, 91.97592233014159]",23
724,849183527,settled,Qk2i_0011,unmatched,,"[-0.597965345494862, 0.4341566937715529, -0.3987457477691585, 0.5430904523894513]","[-0.49991455351588715, 0.5001128638009223, -0.5000945311604247, 0.49987800766515683]","[480.1176017089336, 10.282694061840598, 9.997084283435974]",5.110000000000041,100.0,0.0,"[50.0, 87.30013955723729, 87.3001395572373]",37
725,833658135,settled,Qk2i_0006,unmatched,,"[-0.22322301575031606, -0.6254522972279739, -0.046491102783879086, 0.7462033814540932]","[-4.3261827710749934e-05, -0.7069607078814383, 8.350095649006795e-06, 0.7072528229498033]","[480.3305680563299, 10.003318903957005, 9.71249012592221]",5.110000000000041,100.0,0.0,"[50.0, 89.57955102979189, 89.57955102979187]",46
726,2766943526,settled,Qk2i_0012,unmatched,,"[-0.5008796812345071, -0.2940481208795292, 0.7384220044987085, 0.3426196007319862]","[-0.500267064790116, -0.5000655166590173, 0.4997343908908152, 0.4999328769903196]","[480.1662844449859, 9.714834077732721, 9.995428290585092]",5.1800000000000646,100.0,0.0,"[50.0, 89.55381960946298, 89.55381960946299]",40
727,2503276600,settled,Qk2i_0015,unmatched,,"[-0.12838043991948922, -0.15768557088960727, 0.9650166796619405, 0.16551897581105576]","[-0.00010488367271372608, 4.738026869349765e-05, 0.9999999572500501, -0.00026880182943053217]","[479.54389534026495, 10.004799805441337, 15.00421230479281]",5.010000000000008,100.0,0.0,"[50.0, 91.4607052383837, 91.46070523838371]",29
728,274262062,settled,Qk2i_0004,unmatched,,"[-0.2888088733633255, 0.9067311338231195, 0.2402429853663154, 0.19160217536533122]","[-0.0002623100935885969, 0.7073257017240148, -0.0004054417952940592, 0.7068876279091293]","[480.3751746356037, 9.999159781420284, 10.278336698925248]",5.390000000000135,100.0,0.0,"[50.0, 92.31488849736326, 92.31488849736324]",27
729,3693717378,settled,Qk2i_0009,unmatched,,"[-0.4080947709038988, -0.4131066308879288, -0.5424541860804435, 0.6070790932663737]","[-0.5001166081957725, -0.5000298511941167, -0.5001009496663781, 0.49975250501056284]","[480.1055514345918, 15.00682636493137, 9.711599568644505]",5.0900000000000345,100.0,0.0,"[50.0, 90.75907774530403, 90.75907774530404]",29
730,244256465,settled,Qk2i_0006,unmatched,,"[-0.41965871946026745, 0.6803774779211695, 0.017196036946970892, -0.6005641872705326]","[-1.4001109048505933e-05, 0.7071042400845412, -0.00018246727433349208, -0.7071092985982623]","[480.3288838952962, 10.001309946726343, 9.711041856118317]",4.959999999999991,100.0,0.0,"[50.0, 90.99728041668848, 90.9972804166885]",32
731,476182520,settled,Qk2i_0011,unmatched,,"[0.1036601992641189, -0.6668421953979564, -0.4595244020197611, 0.5774195818239437]","[0.49999421024120155, -0.5002128905694643, -0.49994462720482546, 0.4998482005193643]","[480.2121097845035, 10.280413983127495, 9.990913668115976]",5.140000000000051,100.0,0.0,"[50.0, 91.15737902165273, 91.15737902165274]",29
732,299505894,settled,Qk2i_0003,unmatched,,"[0.579202363364909, 0.6811474595430645, 0.10658459271012398, -0.43497412018113246]","[0.7071428175698508, 0.7070707239042903, -0.00015148956233965174, -6.330677886950965e-05]","[479.7249140231759, 9.725525702077269, 14.996629819700162]",5.160000000000058,100.0,0.0,"[50.0, 92.27677220473171, 92.27677220473173]",52
733,927647419,settled,Qk2i_0015,unmatched,,"[0.00617218359995602, 0.30738817925260187, -0.906291643473959, 0.29001701393995705]","[-5.665403827736893e-05, 0.00011089260019792047, -0.9999999813555245, 0.00014758760780132175]","[479.9835445951827, 9.993341348313999, 15.003054288491157]",5.040000000000018,100.0,0.0,"[50.0, 91.88538362459963, 91.88538362459964]",28
734,2054887602,settled,Qk2i_0011,unmatched,,"[0.3733597105779809, 0.05758875730829268, -0.4407491559025929, 0.8142642342139097]","[0.5000785076306559, -0.5000600190648907, -0.49995897995911864, 0.49990247238531904]","[479.94263542208944, 10.290192422670893, 9.996644260898545]",5.200000000000071,100.0,0.0,"[50.0, 92.29300904324215, 92.29300904324217]",28
735,2921836587,settled,Qk2i_0002,unmatched,,"[0.2754056786538453, -0.9404034533507056, -0.09401578724089038, 0.1759377413767654]","[0.7074613826809184, -0.7067520011240066, -1.0294979634312142e-05, -2.8573221073746605e-05]","[479.7270052299751, 10.286435442842741, 15.001864825872731]",5.420000000000145,100.0,0.0,"[50.0, 91.96664258607166, 91.96664258607167]",35
736,4082104990,settled,Qk2i_0001,unmatched,,"[-0.365030319869446, -0.1893794515799419, -0.17774880524233333, -0.8940322427799869]","[-3.638204202049967e-05, 4.5968910099193596e-05, -0.00014529610936564255, -0.9999999877261234]","[480.14336818616334, 10.001610517367682, 15.00633703466507]",5.270000000000095,100.0,0.0,"[50.0, 92.62656428404428, 92.62656428404429]",30
737,2103653974,settled,Qk2i_0001,unmatched,,"[0.935028749816513, 0.3245948714742076, 0.13098927296552268, -0.056579296541891304]","[0.9999999949787806, 4.4694960466667255e-05, -8.195411111471101e-05, 3.644616443598813e-05]","[480.3252721312748, 10.006082473398518, 14.9964183632418]",5.160000000000058,100.0,0.0,"[50.0, 90.04496533411702, 90.04496533411702]",37
738,4054721125,settled,Qk2i_0011,unmatched,,"[0.3314452681763487, -0.23353500978133768, 0.6073874692324064, -0.6831441250785895]","[0.49984247508909074, -0.500324430802956, 0.49977301078733194, -0.5000598981392882]","[480.2042384230833, 10.284198261766047, 9.997934175429625]",5.020000000000011,100.0,0.0,"[50.0, 90.95623215351253, 90.95623215351254]",36
739,548968393,settled,Qk2i_0011,unmatched,,"[0.1739833845668215, -0.4541327469372948, 0.8058144553671144, -0.33787023185723425]","[0.49997733349350126, -0.500063847482777, 0.49991963925609745, -0.5000391671854354]","[480.24445554348085, 10.285222695233807, 10.002552760774845]",5.1200000000000445,100.0,0.0,"[50.0, 91.84341745318612, 91.84341745318613]",22
740,1564990497,settled,Qk2i_0002,unmatched,,"[0.11176623498886057, 0.43491256596679395, -0.5962539075390001, 0.6654627310564188]","[0.00016383245798071155, 0.00013403561363098393, -0.707070218895657, 0.707143309905586]","[479.8838286112436, 10.280721916395423, 14.995765374645039]",5.260000000000091,100.0,0.0,"[50.0, 91.86143470339127, 91.86143470339128]",40
741,666536387,settled,Qk2i_0003,unmatched,,"[0.8328379747296384, 0.5225458757364239, -0.11627756712454848, -0.1407346545193621]","[0.7072992988979541, 0.7069141762504141, 0.00016877358048497657, 0.0001439101789913466]","[479.7145524108529, 9.718351450956034, 15.004369825694674]",5.140000000000051,100.0,0.0,"[50.0, 90.63292136947153, 90.63292136947155]",27
742,2535867986,settled,Qk2i_0001,unmatched,,"[0.055606694092448415, 0.02990174770564514, 0.11232118714017658, 0.9916641225615043]","[8.52068138198492e-05, -0.00014750519778739557, -0.00039697547465928555, 0.9999999066962397]","[479.85993385371177, 10.00660916021626, 15.003805999433325]",5.100000000000038,100.0,0.0,"[50.0, 89.12544047275092, 89.12544047275094]",22
743,4190058861,settled,Qk2i_0003,unmatched,,"[0.6389330524725584, 0.6994797245503248, 0.04674223784673845, -0.3167141180973458]","[0.7072039901866775, 0.7070095237701262, 3.0507504982763e-05, 0.00022052590207022327]","[480.19145895940346, 9.72655658421658, 15.004643518677295]",5.110000000000041,100.0,0.0,"[50.0, 92.91526123986081, 92.91526123986083]",34
744,4145498066,settled,Qk2i_0011,unmatched,,"[0.5331427153280388, -0.13489619692221552, 0.6897760063632064, -0.4709256015489013]","[0.4999782504754282, -0.4999500153558559, 0.500146036046952, -0.49992566829852875]","[480.31290423590525, 10.286181456837681, 9.991921133105924]",4.990000000000001,100.0,0.0,"[50.0, 91.4326290585442, 91.43262905854421]",27
745,439097313,settled,Qk2i_0003,unmatched,,"[-0.31229783943541295, -0.9478655253499281, -0.04306678203388648, -0.04654307276409306]","[-0.707341833419546, -0.7068716293393205, -8.906312789133675e-05, 0.00014965830703683736]","[480.23150232246235, 9.726834882234511, 14.997887750332954]",5.050000000000021,100.0,0.0,"[50.0, 89.1744999724031, 89.17449997240308]",34
746,848878887,settled,Qk2i_0002,unmatched,,"[-0.7330445846747963, 0.6200137340102204, -0.2603398618609048, -0.10223386348908145]","[-0.7069390646240169, 0.7072744418936205, -0.00013977361750502906, -5.6709115103997794e-05]","[479.53501461180963, 10.28613631546595, 15.000467280452034]",5.1500000000000545,100.0,0.0,"[50.0, 92.03429331481003, 92.03429331481004]",40
747,3282409243,settled,Qk2i_0009,unmatched,,"[-0.36484502967256854, -0.38112029136195696, -0.4876938161083083, 0.695550263866757]","[-0.5002020959611437, -0.4999207244598242, -0.4998563673864222, 0.5000207440045797]","[480.34476127646485, 15.012235911127249, 9.712985703312786]",5.010000000000008,100.0,0.0,"[50.0, 91.95177393389078, 91.95177393389076]",28
748,1021812353,settled,Qk2i_0002,unmatched,,"[-0.02751463814164228, 0.23808994494372776, -0.5888537692642116, 0.7718855881722095]","[1.2778801731228029e-05, 7.941077329343127e-05, -0.7070648858284806, 0.7071486694882406]","[480.28592523223597, 10.279132529320334, 14.99584647883846]",5.270000000000095,100.0,0.0,"[50.0, 91.85505790187534, 91.85505790187533]",30
749,3025522320,settled,Qk2i_0004,unmatched,,"[-0.006779130001992734, 0.8094588839319384, 0.39735742244128586, 0.432246963495285]","[-0.00016463376085557035, 0.7070484727215834, 0.00025103618666963423, 0.70716502112211]","[480.24638232107856, 10.000313449845743, 10.285165852886722]",5.220000000000078,100.0,0.0,"[50.0, 92.52066383440396, 92.52066383440398]",35
750,2691185665,settled,Qk2i_0004,unmatched,,"[-0.347779535447512, -0.7595016959896297, 0.11884014838012455, -0.5367341871408777]","[3.976222997131851e-05, -0.707130068868977, 4.6880542124622115e-05, -0.7070834900650247]","[479.68597205539146, 10.005334509182847, 10.285738959104554]",5.1500000000000545,100.0,0.0,"[50.0, 92.21090891683181, 92.21090891683183]",32
751,1229380122,settled,Qk2i_0013,unmatched,,"[0.48619715748621767, -0.6641977522402341, 0.06255628408896385, -0.564393817553243]","[0.270582815520517, -0.6532142872090486, 0.27080927139221256, -0.6532674593602404]","[479.9843640000452, 12.565656617444214, 12.570877176823759]",5.290000000000101,100.0,0.0,"[50.0, 90.95885103991101, 90.95885103991102]",16
752,2395213454,settled,Qk2i_0006,unmatched,,"[-0.44933477067353494, 0.12225715102068627, -0.8501988666400425, -0.24558774409985212]","[-0.7071195429008401, -4.452314889713538e-05, -0.7070940160631397, -5.013079408197618e-05]","[480.3255084794166, 10.005048401469905, 9.715992305544255]",5.070000000000028,100.0,0.0,"[50.0, 90.62471714281799, 90.624717142818]",28
753,3006291426,settled,Qk2i_0004,unmatched,,"[-0.8032647886071603, -0.10041121216468736, 0.5539172969708682, -0.1945736260956228]","[-0.7070708281726554, -0.00011919070269580945, 0.7071427221047173, 1.7752248435976004e-05]","[479.6394786065307, 9.997892632481426, 10.280055804359977]",5.100000000000038,100.0,0.0,"[50.0, 88.53138524206396, 88.53138524206398]",39
754,2038363769,settled,Qk2i_0006,unmatched,,"[-0.5612002152789947, 0.020352301138744127, -0.7190324086645994, -0.409429478053489]","[-0.707188967862244, -0.00019786446550834608, -0.7070245555135637, 4.9844109023311476e-05]","[479.5831416538766, 10.004430888906302, 9.71467556348532]",5.080000000000031,100.0,0.0,"[50.0, 92.18160517553478, 92.18160517553476]",28
755,3549726088,settled,Qk2i_0003,unmatched,,"[0.3251935600628316, -0.17496902770656705, 0.7483285312602824, 0.5510348420371516]","[-0.00014187111117114348, -2.5493131288550908e-05, 0.7068641017770962, 0.7073493626501315]","[479.872555994133, 9.714348600984952, 14.996538455029285]",5.160000000000058,100.0,0.0,"[50.0, 92.2378909376816, 92.23789093768161]",38
756,1415504078,settled,Qk2i_0004,unmatched,,"[0.026030222451953543, 0.644775665048881, -0.1990092891583883, 0.7375514030279845]","[0.0002094295287188852, 0.707006866836343, 0.0003343683918051732, 0.7072065713660391]","[479.7626498837517, 9.999144715191212, 10.276312709334517]",5.100000000000038,100.0,0.0,"[50.0, 88.35380563517532, 88.35380563517533]",31
757,1167033059,settled,Qk2i_0015,unmatched,,"[-0.14038596652816046, 0.22510227837965416, 0.9577570236566346, -0.11100553277484694]","[-0.00012403817173618732, 7.773207014794004e-05, 0.9999999889837689, -2.4591048093039488e-05]","[479.9422858077867, 10.00659509895916, 15.001982180712726]",5.070000000000028,100.0,0.0,"[50.0, 91.92665578720565, 91.92665578720566]",27
758,57751237,settled,Qk2i_0004,unmatched,,"[-0.24977854227901278, 0.18879418204542422, 0.9462315214486297, 0.08132247204667463]","[-0.7070191238100885, 1.511583342689304e-05, 0.707194423774353, -7.294372615299082e-05]","[479.9023758346597, 9.994549323143756, 10.279518609151227]",5.340000000000118,100.0,0.0,"[50.0, 92.32077755427258, 92.3207775542726]",27
759,1367057463,settled,Qk2i_0011,unmatched,,"[-0.2682954155863644, 0.4446128882782166, -0.4818836406653182, 0.7057797860603408]","[-0.5000196594424718, 0.5000548034185308, -0.5000621163068505, 0.499863394922856]","[479.776014947536, 10.28328199140058, 9.999141939222692]",5.050000000000021,100.0,0.0,"[50.0, 90.56480381836907, 90.56480381836909]",28
760,3460723404,settled,Qk2i_0005,unmatched,,"[0.7525328538070888, 0.08332020185243715, -0.2968881536312691, 0.5819016000473309]","[0.7069068500646465, -6.019278382684092e-06, -1.8682154985757557e-05, 0.7073066555225003]","[480.15191136594217, 15.009933310782756, 9.991913538802748]",5.1800000000000646,100.0,0.0,"[50.0, 91.39175646838339, 91.3917564683834]",18
761,490291057,settled,Qk2i_0002,unmatched,,"[0.6050671852203282, -0.723040663150318, -0.30768659951572824, -0.12819850732027002]","[0.7072085696727997, -0.7070049572469697, 1.132808069653768e-06, 0.0001714884261291849]","[480.098761638899, 10.280440979501579, 14.998506487872705]",5.310000000000108,100.0,0.0,"[50.0, 92.28571837033363, 92.28571837033364]",31
762,2736550147,settled,Qk2i_0006,unmatched,,"[-0.12290483584257283, 0.9147122688500888, 0.06678560268850425, -0.37912471538422043]","[-0.00018348783648580724, 0.707106567419615, 8.270431120474542e-05, -0.7071069663100912]","[479.64276006900354, 9.99800142992982, 9.709206561066997]",5.020000000000011,100.0,0.0,"[50.0, 91.9990197831043, 91.99901978310432]",30
763,3645682007,settled,Qk2i_0004,unmatched,,"[0.08237622614656674, 0.7623107531555448, 0.47199339798971696, 0.43510769384532433]","[6.383871714424338e-05, 0.7071130574140397, 9.707245202303372e-05, 0.7071004953584223]","[479.86285560889047, 10.007910637966049, 10.281481796771665]",5.190000000000068,100.0,0.0,"[50.0, 93.05020109696751, 93.05020109696753]",35
764,4011650803,settled,Qk2i_0006,unmatched,,"[-0.11238713257916548, 0.5943727968817791, -0.13889353961568968, -0.7840909994449555]","[0.00027380419316594407, 0.7070898147862107, -0.0002806991599318964, -0.7071236384571283]","[479.6624853276572, 9.999314758050364, 9.711651578389514]",5.040000000000018,100.0,0.0,"[50.0, 88.01085814903766, 88.01085814903765]",38
765,4175174794,settled,Qk2i_0010,unmatched,,"[0.6283567845402819, -0.3838002345637537, -0.49353374713503045, -0.46291421636180186]","[0.5002439781480165, -0.49995160519202364, -0.49978693215616893, -0.5000173769365329]","[480.2404193400197, 14.993372852731994, 10.27812333213427]",5.040000000000018,100.0,0.0,"[50.0, 90.08530856044108, 90.08530856044106]",28
766,1362896629,settled,Qk2i_0009,unmatched,,"[-0.1369099586496964, 0.8359536484781134, -0.4124440525900376, -0.3351523001588615]","[-0.5003729111111961, 0.4998380329320907, -0.49991109188379323, -0.49987777593351657]","[480.0539954187141, 15.00719517767059, 9.701649200137668]",5.020000000000011,100.0,0.0,"[50.0, 91.75828306038349, 91.7582830603835]",28
767,1392627679,settled,Qk2i_0005,unmatched,,"[-0.5442430083840383, -0.06998565228722617, -0.49363300479666244, 0.674705871379849]","[-0.7071123609396981, 3.652952487598938e-05, 0.00016028401323274887, 0.7071011822793929]","[479.73771771793156, 15.00759499520801, 9.992182854070135]",5.0600000000000245,100.0,0.0,"[50.0, 91.4700630363306, 91.47006303633061]",26
768,2030435075,settled,Qk2i_0015,unmatched,,"[-0.15391770369278407, 0.2984445877709614, -0.9416051474307936, 0.02489808932417896]","[0.00017849603355436176, -0.0001152327903400363, -0.9999999222243787, 0.0003322827211429721]","[479.93608932521744, 9.989963388250333, 15.004811202681003]",5.160000000000058,100.0,0.0,"[50.0, 92.69722714739, 92.69722714738998]",23
769,1969071229,settled,Qk2i_0011,unmatched,,"[-0.292157474405667, 0.7386316240005625, -0.37135322396325127, 0.480795296594396]","[-0.4998992653715325, 0.5000772541391119, -0.5001523380459778, 0.4998710865021403]","[480.1330991016288, 10.286926698424425, 9.996830553594624]",5.160000000000058,100.0,0.0,"[50.0, 88.98599375384069, 88.98599375384067]",31
770,3971321240,settled,Qk2i_0006,unmatched,,"[0.16134477163431363, -0.59713412711119, -0.14540785866209355, 0.7721756623623495]","[-0.0003185625361604994, -0.7071322703074626, -1.6472410103385297e-05, 0.707081219193654]","[479.5584170951809, 10.003723738334658, 9.716656266678271]",5.1200000000000445,100.0,0.0,"[50.0, 88.96651182581002, 88.96651182581]",35
771,1847143231,settled,Qk2i_0015,unmatched,,"[0.37247343903267255, -0.17212231899601646, 0.8927953174030391, -0.1858869703390051]","[-6.8704074867509326e-06, -4.665340386900141e-06, 0.9999999571424477, -0.0002926536088487578]","[479.57798840644966, 10.00606453441164, 14.998460673911787]",5.260000000000091,100.0,0.0,"[50.0, 92.95924179347591, 92.95924179347593]",37
772,4250210521,settled,Qk2i_0011,unmatched,,"[0.7179714736657065, -0.32018305942895253, -0.20166750117733687, 0.5842345337498447]","[0.5001078518355964, -0.499895244719415, -0.4999713292677146, 0.5000255500967686]","[479.7420285093151, 10.279180166324885, 10.001165312736045]",5.000000000000004,100.0,0.0,"[50.0, 91.35011935899757, 91.35011935899759]",33
773,1265008604,settled,Qk2i_0010,unmatched,,"[0.1588790074721968, 0.4462089044889321, -0.7306042503802944, 0.49180535160333994]","[0.5001866927085546, 0.4997120623368297, -0.4999651763887947, 0.5001359311136042]","[479.72896472230843, 15.00555948520724, 10.289256761728804]",5.290000000000101,100.0,0.0,"[50.0, 91.65150064831634, 91.65150064831633]",18
774,2561878822,settled,Qk2i_0011,unmatched,,"[-0.8844363438236836, 0.2271251635155647, 0.06609453688063316, -0.4022661134328336]","[-0.5001010620527414, 0.4999791338023718, 0.500056275901378, -0.4998634957941969]","[480.1933704812963, 10.288092212760699, 10.00099485441638]",4.949999999999988,100.0,0.0,"[50.0, 92.20599992303109, 92.2059999230311]",24
775,2593056862,settled,Qk2i_0002,unmatched,,"[-0.6440080616705269, 0.6801245432667002, 0.34981776085047156, 0.017656623210441386]","[-0.706696064052461, 0.7075172565664822, 3.744053337484399e-05, 5.7546546254505504e-05]","[479.92779835543985, 10.281523097376573, 14.9999344543245]",5.270000000000095,100.0,0.0,"[50.0, 92.30822061035036, 92.30822061035038]",37
776,2876057514,settled,Qk2i_0012,unmatched,,"[0.5828207064822837, 0.0588372724123627, -0.6350018125597128, -0.5036178089746675]","[0.5002134334805663, 0.49978004158228534, -0.499895313981922, -0.5001110937186934]","[480.3347254991098, 9.713549473769458, 9.99893694311468]",5.190000000000068,100.0,0.0,"[50.0, 92.13544369344855, 92.13544369344856]",37
777,3157771195,settled,Qk2i_0004,unmatched,,"[0.5983360677836528, 0.10378296890113489, -0.7104906983150071, -0.3555643583981888]","[0.7071175116191314, 6.65704455334315e-05, -0.7070960209854649, -0.00019348505531291416]","[480.3474514639767, 10.003476583197, 10.281517499022215]",5.1200000000000445,100.0,0.0,"[50.0, 90.25382360938832, 90.25382360938833]",39
778,2345037609,settled,Qk2i_0009,unmatched,,"[0.6604384413014063, 0.10747290077092331, 0.443880841915452, -0.596020502190723]","[0.5003013010951942, 0.4998966781429988, 0.4999806166406776, -0.49982127034336865]","[480.1804576511431, 14.998835143698214, 9.710064499904872]",5.170000000000061,100.0,0.0,"[50.0, 91.92995314546548, 91.92995314546545]",22
779,184414698,settled,Qk2i_0003,unmatched,,"[-0.35632809196677084, -0.93177754920896, -0.06878720385769516, 0.00944511783434199]","[-0.7070614028335379, -0.7071520609656026, -0.00020698319040499125, -0.0003040610613729011]","[480.3271394673364, 9.722017827096101, 15.001437027494374]",5.070000000000028,100.0,0.0,"[50.0, 89.42805397996648, 89.42805397996649]",32
780,1322610371,settled,Qk2i_0010,unmatched,,"[-0.3915866921210055, -0.4167497704200111, 0.43307521759641576, -0.6967247285064698]","[-0.500100586767179, -0.49991122347051814, 0.4999772801225514, -0.5000108910059748]","[480.10841632702784, 15.006539380982431, 10.278579743178168]",5.1200000000000445,100.0,0.0,"[50.0, 91.64847298075182, 91.64847298075183]",25
781,2871559337,settled,Qk2i_0014,unmatched,,"[-0.0016060938878102355, -0.8499218234626733, 0.5204304719878642, 0.0823555601692851]","[0.00021528343409044814, -0.7071645571619753, 0.7070489064428137, 0.0002943551796861792]","[480.36501999674806, 15.005509830853486, 9.996078765772173]",5.050000000000021,100.0,0.0,"[50.0, 91.41899934952644, 91.41899934952646]",23
782,3834652190,settled,Qk2i_0009,unmatched,,"[-0.38796054467225627, -0.5034752546116924, -0.5498540153702292, 0.5419039080432375]","[-0.5001043953785226, -0.5000904815502105, -0.4999211129967739, 0.4998839713033694]","[479.672476497252, 15.002435853544133, 9.71540071439639]",5.040000000000018,100.0,0.0,"[50.0, 90.14087432537559, 90.14087432537558]",13
783,3919222154,settled,Qk2i_0006,unmatched,,"[-0.30245125319755284, -0.7544306213363382, -0.28171015049334985, 0.5098990764242572]","[-0.00011610065735959131, -0.7068519321911026, 0.000646375344365291, 0.707361233513158]","[479.640856764205, 10.005751246283179, 9.714463964051145]",4.990000000000001,100.0,0.0,"[50.0, 91.93941568730712, 91.93941568730713]",31
784,2928265615,settled,Qk2i_0006,unmatched,,"[-0.16044831560608788, -0.841189383199689, 0.29634351733816594, 0.4228915692502515]","[-0.00022659519923054483, -0.7070974848063911, -0.00021968632282043377, 0.7071160070122942]","[480.04702209381657, 9.997337431509084, 9.713183011113056]",4.990000000000001,100.0,0.0,"[50.0, 92.04334725909652, 92.0433472590965]",34
785,1004255327,settled,Qk2i_0003,unmatched,,"[-0.7918552891140278, -0.48308124432092175, -0.12326100465448263, 0.3527101320051027]","[-0.7071892521355052, -0.7070242890386267, 0.00012776925674923278, -6.961778098779625e-06]","[480.20472265104445, 9.711084557850263, 15.0021848996769]",5.260000000000091,100.0,0.0,"[50.0, 93.12631727912094, 93.12631727912095]",34
786,4151959314,settled,Qk2i_0013,unmatched,,"[0.32961659258017734, -0.44109631094848434, 0.13135878999472297, -0.8243371971800095]","[0.2706058626557849, -0.6533454164250403, 0.2705491346784816, -0.6532345671023801]","[479.8278021740689, 12.578908956921854, 12.576768262382265]",5.170000000000061,100.0,0.0,"[50.0, 90.55418726311305, 90.55418726311304]",33
787,3643437407,settled,Qk2i_0012,unmatched,,"[-0.3679797931408954, 0.033329154626742165, 0.5756948008932865, 0.729421370345214]","[-0.49991529682192826, -0.4999614640302419, 0.5000258397255145, 0.500097380611991]","[479.9070210962003, 9.714718178126265, 9.999519666248974]",5.350000000000121,100.0,0.0,"[50.0, 92.27521648235694, 92.27521648235695]",41
788,193074623,settled,Qk2i_0012,unmatched,,"[0.333473225592462, 0.8262963374305321, -0.44231445523318763, -0.10192101477916964]","[0.5000387246638913, 0.4998614533634379, -0.5001293734176866, -0.4999704102471795]","[480.05725431561297, 9.720918537136072, 10.000723685221216]",4.939999999999984,100.0,0.0,"[50.0, 92.75017198067708, 92.7501719806771]",39
789,1840744130,settled,Qk2i_0004,unmatched,,"[-0.003013295977485854, -0.9164638387372006, -0.385878694127883, -0.10574774585108596]","[-6.155752903111435e-05, -0.7071260720060362, 0.00011805322129720965, -0.7070874773063244]","[480.11656655930835, 9.999501642134076, 10.283165194092053]",5.330000000000115,100.0,0.0,"[50.0, 91.47770130282001, 91.47770130282002]",27
790,929367818,settled,Qk2i_0004,unmatched,,"[0.07689805139311431, 0.6194549874432171, -0.12913616986127133, 0.7705102581129122]","[0.00011536948397675163, 0.7071178367753873, -0.00018438053995883943, 0.7070956919737211]","[480.3746030105466, 10.006309145764428, 10.285065137002904]",5.100000000000038,100.0,0.0,"[50.0, 87.24349940975874, 87.24349940975873]",43
791,911894422,settled,Qk2i_0004,unmatched,,"[-0.6982777647420497, -0.11412682446000724, 0.6869509496557707, 0.16577582445144326]","[-0.7072771204573834, -8.645326486431128e-05, 0.7069363669889308, 0.00020107669406504994]","[480.3544492270085, 9.999499110172634, 10.275999739449297]",5.1500000000000545,100.0,0.0,"[50.0, 86.7834553639004, 86.78345536390039]",30
792,2813630436,settled,Qk2i_0012,unmatched,,"[0.34525116620660357, 0.291654603545629, 0.2899276643120054, 0.8436119806701463]","[0.5001466453835396, 0.4997608142224719, 0.5001375248067712, 0.4999549159268666]","[479.98039102680804, 9.719471384022231, 10.001319655096259]",5.140000000000051,100.0,0.0,"[50.0, 91.55722264471125, 91.55722264471126]",38
793,3258326862,settled,Qk2i_0014,unmatched,,"[0.15155241457782917, 0.463115550262533, -0.8698966348433236, 0.07639173665339816]","[5.637026864635538e-05, 0.7070325191316468, -0.7071810075817465, -0.00019033763773219448]","[479.7254724986506, 15.010689299616912, 10.0062420044689]",5.100000000000038,100.0,0.0,"[50.0, 91.01565139392926, 91.01565139392928]",16
794,376402550,settled,Qk2i_0011,unmatched,,"[-0.26313053826577254, 0.4562496417490367, 0.7970160287942423, -0.29557407545469244]","[-0.4999118382604154, 0.4999613425667257, 0.5000628031262927, -0.5000639987396057]","[479.5806221718439, 10.279698420237516, 9.993728262434125]",5.110000000000041,100.0,0.0,"[50.0, 91.66704187490548, 91.6670418749055]",28
795,3842851706,settled,Qk2i_0004,unmatched,,"[-0.6306123024957917, 0.1538519811917822, 0.7587299060057031, 0.054649991371421895]","[-0.7071349186990128, 1.0540995131175235e-05, 0.7070786423934957, 1.0788845318354667e-05]","[479.7023961214967, 10.006278425828812, 10.279125343968486]",5.080000000000031,100.0,0.0,"[50.0, 87.57809673456953, 87.57809673456954]",27
796,1816527500,settled,Qk2i_0003,unmatched,,"[-0.26996349254057417, -0.9012033727303118, -0.2599849606697233, -0.21762356007649683]","[-0.7072701006652462, -0.7069434143678359, -8.004325058236228e-05, 8.473486242938089e-05]","[480.1884888773936, 9.707219713978855, 14.998968982423097]",4.990000000000001,100.0,0.0,"[50.0, 92.08324994207034, 92.08324994207032]",27
797,2293293225,settled,Qk2i_0004,unmatched,,"[-0.3936519694424518, 0.8116179663979275, -0.13515402938440954, 0.4099363266597991]","[-5.881608846053377e-05, 0.7071390210988027, 0.0002801455411348686, 0.7070744818606954]","[479.5321600430173, 10.007329921521924, 10.283584007427097]",5.220000000000078,100.0,0.0,"[50.0, 91.93517877829368, 91.93517877829369]",35
798,349554575,settled,Qk2i_0003,unmatched,,"[0.04319524511180846, 0.011599100461029443, -0.6856641279883682, -0.726542727758097]","[0.00025499968698997066, 0.00016952465763531155, -0.7070352155732818, -0.7071782732633922]","[479.73974912200566, 9.720518226609242, 15.005908719667227]",5.110000000000041,100.0,0.0,"[50.0, 88.76720765761642, 88.76720765761644]",30
799,1393430897,settled,Qk2i_0009,unmatched,,"[0.40293627404439963, 0.406187963639368, 0.6478008582825009, -0.5029987527441547]","[0.5000830682909864, 0.4998755339902245, 0.4999265971076473, -0.5001147596612491]","[479.92181379336466, 15.004149570619084, 9.707640074310328]",5.0900000000000345,100.0,0.0,"[50.0, 91.24994633040951, 91.24994633040953]",22
800,2235878669,settled,Qk2i_0014,unmatched,,"[0.24249144715551083, -0.6473370825137739, 0.7223079800681069, -0.02058595610878343]","[8.785154269809628e-05, -0.7070927461394317, 0.7071208068082122, -7.223577136667636e-05]","[480.23682622119435, 15.003146823793475, 10.001487591849372]",5.200000000000071,100.0,0.0,"[50.0, 91.33005691642705, 91.33005691642707]",15
801,3616341429,settled,Qk2i_0004,unmatched,,"[-0.016108622453450877, 0.5241575278336051, -0.5047182381256154, 0.6857542551099413]","[0.0001902602910671125, 0.7069912030060631, 0.00023150840914606952, 0.7072222769942401]","[479.5844449762873, 10.006493567745629, 10.274267527662941]",5.0600000000000245,100.0,0.0,"[50.0, 91.28211289105971, 91.28211289105973]",31
802,2901890060,settled,Qk2i_0012,unmatched,,"[-0.5153234759328452, -0.7348465806857323, 0.43106836411443006, 0.09285625162953134]","[-0.49999276972210954, -0.4999835844853187, 0.5000019379960665, 0.5000217069998097]","[480.0739644316498, 9.720628735492198, 10.001153999489706]",5.040000000000018,100.0,0.0,"[50.0, 91.5652638051343, 91.5652638051343]",32
803,903317644,settled,Qk2i_0012,unmatched,,"[0.3806152325204924, 0.3549790843641196, -0.42221367482912736, -0.7421977547962988]","[0.5000381670140057, 0.5002097687274711, -0.49988782017141176, -0.49986416759271457]","[479.90005308275954, 9.715545164035964, 9.99540268350395]",5.160000000000058,100.0,0.0,"[50.0, 90.22897353466185, 90.22897353466183]",47
804,261748224,settled,Qk2i_0009,unmatched,,"[0.6073531994118689, -0.481676980220278, 0.5182685683491363, 0.36125762130559586]","[0.5000202352730916, -0.4999274973262319, 0.5001303650918805, 0.49992187354389184]","[479.9979104443707, 14.998422828162834, 9.715819990528454]",5.050000000000021,100.0,0.0,"[50.0, 91.17100118250859, 91.17100118250858]",22
805,3757485644,settled,Qk2i_0011,unmatched,,"[-0.46408639041706307, 0.12400900187034086, -0.7767306422281417, 0.40735132147648895]","[-0.5000639478090861, 0.5000594435344593, -0.4998660432477788, 0.5000105397303222]","[479.74597043042934, 10.286190267751149, 9.99412668494347]",5.040000000000018,100.0,0.0,"[50.0, 92.51952498235273, 92.51952498235272]",33
806,2459300321,settled,Qk2i_0006,unmatched,,"[-0.3023952662426782, 0.3237351264050331, -0.8489692368047562, -0.28810398443042556]","[-0.7070483882156428, 0.00021585114674088635, -0.7071651271316852, 0.00011444986590425366]","[480.3837358455157, 10.013000606823784, 9.712963708569598]",5.1200000000000445,100.0,0.0,"[50.0, 92.66448174165822, 92.66448174165821]",33
807,900242666,settled,Qk2i_0001,unmatched,,"[0.9362436743944617, 0.1817165933924474, -0.08337124411561313, -0.288922303564152]","[0.999999981420172, -3.726946530109986e-05, 0.0001732137166854303, 7.594505366753658e-05]","[479.7130068508703, 10.000246934342382, 15.00061068864011]",5.200000000000071,100.0,0.0,"[50.0, 91.81602678330846, 91.81602678330847]",35
808,328348858,settled,Qk2i_0012,unmatched,,"[-0.6190823838403996, -0.43170850451213133, 0.6501504533297416, 0.08757372428713266]","[-0.4999964570567664, -0.5000180298119077, 0.49994470222951226, 0.5000408058412271]","[479.60605128927716, 9.710902573211868, 9.99677717236177]",5.0300000000000145,100.0,0.0,"[50.0, 91.92462305561696, 91.92462305561698]",26
809,1553474154,settled,Qk2i_0010,unmatched,,"[0.10359371276990213, -0.7893752306748082, -0.4829995942980539, -0.36450854555079465]","[0.5002744715654271, -0.5001487011156149, -0.49984105134761037, -0.4997355833438436]","[479.97765388164385, 15.007895631191019, 10.275432383483517]",5.290000000000101,100.0,0.0,"[50.0, 92.23357310701874, 92.23357310701876]",28
810,1442494840,settled,Qk2i_0012,unmatched,,"[0.31201293868009317, 0.50003338073906, -0.7536486285584268, -0.29090941702681444]","[0.49988071071485013, 0.5000791169210771, -0.5000063302701663, -0.5000338204205927]","[480.3138858618524, 9.721923783317663, 9.997149715691325]",5.140000000000051,100.0,0.0,"[50.0, 91.89327061384073, 91.89327061384074]",42
811,3990831217,settled,Qk2i_0014,unmatched,,"[0.2733426921134199, -0.7015874727139076, 0.6366695552613991, -0.16646521619350974]","[0.0001447386002740388, -0.7070351154562557, 0.7071784232685574, -4.717938169462375e-05]","[479.80758762177925, 15.008005579637247, 9.999776439453457]",5.110000000000041,100.0,0.0,"[50.0, 91.16826447074884, 91.16826447074882]",24
812,2431699989,settled,Qk2i_0002,unmatched,,"[0.17344721513629868, 0.1827432617709468, 0.5962854258550948, -0.7622103743400414]","[2.983499464248585e-05, 2.7082930499661154e-05, 0.7070930810340625, -0.7071204799255533]","[479.6762120139217, 10.280737646835192, 14.99648187471886]",5.240000000000085,100.0,0.0,"[50.0, 90.98827130386876, 90.98827130386877]",30
813,1926362747,settled,Qk2i_0002,unmatched,,"[0.8047503699102742, -0.5172269162450497, -0.11253861894396196, 0.26867865283103326]","[0.7070542821702004, -0.7071592156595466, -0.00017205893211597045, -0.00023699848420158376]","[480.129876284931, 10.27572309599849, 14.997382104346865]",5.220000000000078,100.0,0.0,"[50.0, 91.59435112072174, 91.59435112072175]",30
814,2263480944,settled,Qk2i_0014,unmatched,,"[-0.026306953825207702, -0.8321721463338888, 0.5135298938644082, -0.2075680879954735]","[7.100859933371758e-05, -0.7071151462281573, 0.7070983731154872, 0.00023594478612502153]","[480.0872271185198, 15.014774797008325, 9.993894651668713]",5.0300000000000145,100.0,0.0,"[50.0, 91.7250730672969, 91.72507306729692]",27
815,2732533349,settled,Qk2i_0001,unmatched,,"[0.9574942959753904, 0.11604176436625958, -0.09067729522294143, 0.2480254225445619]","[0.9999998865592987, -0.0004581268455195907, 8.311426471334509e-05, 0.0001004649310302197]","[479.76459054545364, 10.000138374557123, 15.002043542748739]",5.200000000000071,100.0,0.0,"[50.0, 91.9570451372092, 91.95704513720922]",33
816,789762371,settled,Qk2i_0012,unmatched,,"[0.4310996061007461, 0.2904541347288934, -0.6141148610307922, -0.5938454872269402]","[0.5000553939711696, 0.49968177691612325, -0.5000087228458217, -0.5002539373721856]","[480.02093984315627, 9.711571793508597, 9.997194092255013]",5.1800000000000646,100.0,0.0,"[50.0, 89.72791810688445, 89.72791810688443]",25
817,857415767,settled,Qk2i_0011,unmatched,,"[0.4929514726326843, -0.5214882517666204, 0.27904449074365084, -0.6381089413918899]","[0.5001042272093751, -0.49995284936568296, 0.4999372611525253, -0.5000056452178919]","[480.1801270148485, 10.285110228604593, 9.998606317184723]",5.080000000000031,100.0,0.0,"[50.0, 89.41704411639317, 89.41704411639319]",32
818,1814279234,settled,Qk2i_0015,unmatched,,"[0.06752254297908439, 0.2422686337739487, 0.9010294106317556, -0.3534014946990646]","[-8.906176827866987e-05, -5.957143311025037e-05, 0.9999999799137159, -0.00016938658055689777]","[480.27791686893187, 10.000982472357064, 15.001248693173007]",5.050000000000021,100.0,0.0,"[50.0, 92.54812855517909, 92.5481285551791]",37
819,790041088,settled,Qk2i_0013,unmatched,,"[0.7935730239832247, -0.23344936952655115, -0.5048092129096586, 0.24680134933850478]","[0.6532158563448457, -0.2705543791774554, -0.6533000685532624, 0.27075522775354544]","[479.98695467097576, 12.562804155204658, 12.569188404195708]",5.140000000000051,100.0,0.0,"[50.0, 89.99728395643231, 89.99728395643233]",28
820,315618556,settled,Qk2i_0006,unmatched,,"[0.012552934920398582, 0.8480138297868738, 0.36518308059114246, -0.3838701420598461]","[7.847537870936395e-05, 0.7070665671543818, 0.00011736966629330438, -0.7071469788371401]","[480.21122421269706, 10.004404067446478, 9.707727880441787]",4.939999999999984,100.0,0.0,"[50.0, 91.80233420279473, 91.80233420279474]",39
821,3269845912,settled,Qk2i_0010,unmatched,,"[0.7777716428001235, 0.1283811862612407, -0.44555779470696755, 0.4243439574755573]","[0.5001606833298335, 0.499853309913488, -0.500125382310781, 0.49986054193950924]","[480.3052979410558, 15.010466586406695, 10.281566261754914]",5.080000000000031,100.0,0.0,"[50.0, 91.7856486736268, 91.78564867362678]",30
822,3522819498,settled,Qk2i_0004,unmatched,,"[0.13041023961018636, -0.7145137268385542, -0.15145017210366415, -0.6704671124923759]","[0.0002347221561814217, -0.7070338335629923, 9.028301578950517e-06, -0.7071796822740443]","[479.9947942582516, 10.002433765959891, 10.282106399745928]",5.0900000000000345,100.0,0.0,"[50.0, 87.94379685023668, 87.9437968502367]",27
823,3738436170,settled,Qk2i_0004,unmatched,,"[0.2742912649506295, -0.2822096081700994, -0.8912861599283453, 0.22523547710883984]","[0.7071675606824415, 4.929918162754898e-05, -0.7070459942079201, -2.7614670777276196e-05]","[480.23763588841376, 10.008005062848103, 10.2819813739724]",5.390000000000135,100.0,0.0,"[50.0, 92.14628372020324, 92.14628372020326]",35
824,410172629,settled,Qk2i_0012,unmatched,,"[0.3546157266565474, 0.013883879429048904, -0.6309730588490037, -0.6898752954748997]","[0.4999766972772664, 0.49995195543849097, -0.5000706482037814, -0.5000006912375179]","[480.19595572096955, 9.724818877582603, 9.998458141981288]",5.260000000000091,100.0,0.0,"[50.0, 92.33387301712362, 92.33387301712364]",40
825,3404775389,settled,Qk2i_0011,unmatched,,"[0.6021409344898768, -0.06674626191403271, 0.5214703782369879, -0.6008659385865817]","[0.5000864376273962, -0.49998316970801265, 0.49989181596460036, -0.500038555754937]","[479.6694766206971, 10.28709619952796, 9.999071170599887]",4.979999999999998,100.0,0.0,"[50.0, 91.80830655051395, 91.80830655051396]",33
826,869269750,settled,Qk2i_0004,unmatched,,"[-0.15468769276196398, -0.9115211001983778, -0.20989464635174815, -0.31803339295425204]","[0.00011226449822543394, -0.7070727915915426, -2.679646060912977e-05, -0.7071407597286237]","[479.6085576641176, 10.004412256968227, 10.276700975150561]",5.230000000000081,100.0,0.0,"[50.0, 92.25627857115684, 92.25627857115686]",36
827,2991429464,settled,Qk2i_0005,unmatched,,"[-0.5489088942851251, -0.4032734075502577, 0.03768896459558421, 0.7311970503805372]","[-0.707218770300712, 0.0005286389173041256, 0.00022963429750849545, 0.7069945394013545]","[479.7498810755047, 15.005704458281873, 9.999584453191463]",5.010000000000008,100.0,0.0,"[50.0, 93.07894762723888, 93.07894762723889]",26
828,2771908924,settled,Qk2i_0004,unmatched,,"[-0.7389579476458161, 0.3421219953129573, 0.5776396756246475, -0.05679874187353187]","[-0.7070891436074991, 3.3118685960897842e-06, 0.7071244138440386, -7.95435094017305e-05]","[479.6029644699045, 10.01002689499724, 10.277728029533447]",5.020000000000011,100.0,0.0,"[50.0, 89.57617555120329, 89.57617555120328]",29
829,255470810,settled,Qk2i_0001,unmatched,,"[-0.9154696723146558, -0.164181234465625, 0.007536104595736204, 0.36729144891892374]","[-0.9999998284140864, -0.000551102702166259, 2.948083169560488e-05, -0.00019643953298414954]","[480.1781810980736, 10.008236012218237, 14.995431856733799]",5.020000000000011,100.0,0.0,"[50.0, 92.49872202643303, 92.49872202643301]",29
830,2021639551,settled,Qk2i_0011,unmatched,,"[-0.34543261414584014, 0.05210044336923012, 0.3432315446139134, -0.8718680861615752]","[-0.5000734755791408, 0.4999679206115099, 0.4998414823487234, -0.500117076198196]","[480.30729483396476, 10.278122134693104, 9.997405124628441]",5.200000000000071,100.0,0.0,"[50.0, 91.67646813974325, 91.67646813974326]",30
831,651020664,settled,Qk2i_0004,unmatched,,"[0.0756818332635065, -0.774085924955174, 0.18955994400860776, -0.5992747854929498]","[0.0001708979556707957, -0.7070411616443414, 0.00012117873975975302, -0.7071723636075028]","[480.3349531948924, 10.003344621758238, 10.283776698366779]",5.110000000000041,100.0,0.0,"[50.0, 87.98478282818576, 87.98478282818577]",36
832,2521713783,settled,Qk2i_0006,unmatched,,"[-0.5065582247263176, -0.04434755212228694, -0.8534016420621019, -0.11461979283086583]","[-0.7070527964815788, 0.00016562518567794784, -0.7071606943226209, -0.00026069335622494477]","[479.7034950643718, 10.001197980504982, 9.711774082311706]",4.959999999999991,100.0,0.0,"[50.0, 90.17491814513228, 90.1749181451323]",33
833,1390613592,settled,Qk2i_0004,unmatched,,"[-0.31808432194865294, -0.360744281429727, 0.8330604728818863, -0.27330601176707336]","[-0.7071267130232847, -1.148138037759816e-05, 0.7070868484062531, 2.019840951450469e-05]","[479.88341337616316, 10.010096098008045, 10.274493535919573]",5.190000000000068,100.0,0.0,"[50.0, 91.9954633570344, 91.99546335703438]",21
834,2201560545,settled,Qk2i_0003,unmatched,,"[-0.49268336303607696, -0.8575563518653537, -0.1364275913741798, 0.05698876621481443]","[-0.7072930229004663, -0.7069204639838064, 0.0001352019573015173, -0.00013812194327017524]","[479.8870493199087, 9.714589187261259, 15.001619720204983]",5.080000000000031,100.0,0.0,"[50.0, 91.08941136966544, 91.08941136966541]",43
835,1733610838,settled,Qk2i_0001,unmatched,,"[0.933328729096697, 0.24078483671468087, 0.094274575342167, 0.2490631451963197]","[0.9999999889789846, 0.00012773004884257755, 1.3840060233761465e-05, 7.440106391454206e-05]","[480.0993141532791, 9.995328648839537, 14.993589731967807]",5.140000000000051,100.0,0.0,"[50.0, 91.42733441100627, 91.42733441100629]",33
836,4057973372,settled,Qk2i_0001,unmatched,,"[-0.9362565697560981, -0.3191572023110337, -0.1386331679133244, 0.048406203691826986]","[-0.9999999479264228, 0.00030590501122229813, 6.559954317504377e-06, 0.00010259748077190434]","[480.1606873841617, 10.001787458074926, 15.002266828833093]",5.080000000000031,100.0,0.0,"[50.0, 89.9082203719545, 89.90822037195449]",30
837,1049088550,settled,Qk2i_0011,unmatched,,"[-0.2985014385404711, 0.8416771729573497, 0.24460506638696494, -0.3776834510666589]","[-0.499999903836144, 0.4999346127045857, 0.49981257639257864, -0.5002528037538374]","[480.07459153321304, 10.28606810710625, 9.997155239447675]",5.1500000000000545,100.0,0.0,"[50.0, 92.76795335705093, 92.76795335705094]",30
838,4151715388,settled,Qk2i_0015,unmatched,,"[-0.05848826288872228, 0.33353550026198525, -0.9360448600269542, 0.09567242646847915]","[8.970734579074468e-05, -3.754493148455662e-05, -0.9999999864684512, 0.00013268785757817016]","[479.548926939655, 10.001939001401531, 15.002567395725011]",5.070000000000028,100.0,0.0,"[50.0, 91.19844051044923, 91.19844051044925]",38
839,1058135528,settled,Qk2i_0005,unmatched,,"[-0.3686608373472068, 0.16863467661175469, 0.398686593963824, 0.8226180964724944]","[-0.7070675374449448, -0.00029441589818799476, -0.00017386559980776126, 0.707145940087033]","[479.8566191113461, 15.005921848242737, 10.001566293686531]",5.220000000000078,100.0,0.0,"[50.0, 93.09433465789998, 93.09433465789999]",22
840,3093900153,settled,Qk2i_0012,unmatched,,"[0.3030056044096427, 0.42204349005597586, 0.2242803135340926, 0.8244787669544726]","[0.49992573567086, 0.4999850121905112, 0.49998910393944324, 0.5001001323141562]","[479.88660653771757, 9.728189622943708, 10.00255932481554]",5.010000000000008,100.0,0.0,"[50.0, 90.86042410234856, 90.86042410234857]",27
841,728316358,settled,Qk2i_0003,unmatched,,"[0.3840331144981177, 0.9003152367821304, -0.19825093141067207, 0.05145492767085645]","[0.7070127727204369, 0.7072007646463776, -6.849983838261298e-05, 0.00011402416840522456]","[479.946239713109, 9.718939229122238, 15.003106987261575]",5.070000000000028,100.0,0.0,"[50.0, 91.53274528150178, 91.53274528150176]",37
842,4246793081,settled,Qk2i_0009,unmatched,,"[-0.5487920213062103, 0.4448274047159202, -0.09678850678790442, -0.7011332842749022]","[-0.5001004253049365, 0.5000111647775588, -0.5000659217887886, -0.499822442046313]","[480.2480026527343, 14.999843230426542, 9.719239587138429]",5.210000000000075,100.0,0.0,"[50.0, 92.0781208493757, 92.07812084937571]",31
843,1208846367,settled,Qk2i_0004,unmatched,,"[-0.4269867495516249, -0.6814935301266007, -0.04209566062964502, -0.5928548215702353]","[4.873565428020754e-05, -0.7070280337716577, -7.910985964126871e-05, -0.7071855137285052]","[479.85158420779345, 10.000805783001594, 10.27882353667475]",5.300000000000105,100.0,0.0,"[50.0, 91.90303074779862, 91.90303074779864]",43
844,2094361518,settled,Qk2i_0004,unmatched,,"[0.454999045629448, 0.15518384815777372, -0.8447071013896332, 0.23529503736619822]","[0.7071507494571685, -0.00016731833949606978, -0.7070627620327253, -0.0002002333438415882]","[480.2615526631516, 9.999528255177173, 10.280567500773484]",5.210000000000075,100.0,0.0,"[50.0, 90.26062424874743, 90.26062424874742]",34
845,1813902428,settled,Qk2i_0011,unmatched,,"[-0.37122801695149316, 0.3149778818305276, -0.536490794779554, 0.6893158350891256]","[-0.4999055631191984, 0.49993246225353294, -0.5001484684391087, 0.5000134704841568]","[480.00626462751444, 10.282860781736545, 9.99949303113896]",5.050000000000021,100.0,0.0,"[50.0, 89.37708107857596, 89.37708107857597]",31
846,256306198,settled,Qk2i_0011,unmatched,,"[0.6027470823016317, -0.5832330633428373, 0.031765834920367934, -0.5436231050391547]","[0.5000422779534919, -0.4998912917699877, 0.5000204558278754, -0.5000459583131333]","[479.825202435164, 10.279909498044788, 9.995372885166585]",5.210000000000075,100.0,0.0,"[50.0, 91.60460502514208, 91.60460502514206]",29
847,1252793217,settled,Qk2i_0012,unmatched,,"[-0.3428014306370549, -0.38046800862750096, -0.40789653833367195, -0.7558780904217424]","[-0.5000660180489298, -0.4999576834761262, -0.4999488786590712, -0.500027410302086]","[479.7031583210744, 9.722358141192949, 10.002826883403042]",5.070000000000028,100.0,0.0,"[50.0, 90.42858139380783, 90.42858139380785]",30
848,3006607485,settled,Qk2i_0012,unmatched,,"[-0.44749560199152477, -0.48362124840305704, -0.7378950366888786, -0.14618169899556457]","[-0.5000121213044924, -0.49990562034017894, -0.5000143635384435, -0.5000678809483049]","[480.1423707640497, 9.723704319006883, 9.995333252810127]",5.040000000000018,100.0,0.0,"[50.0, 92.65152609068991, 92.65152609068993]",29
849,2867213443,settled,Qk2i_0004,unmatched,,"[0.5874113053436852, 0.05635745471717812, -0.8002026813813683, 0.10699282388224654]","[0.7071150774668272, -8.813850640146392e-05, -0.7070984768137786, -5.948378707587576e-05]","[479.645089658214, 9.994737024911158, 10.284846285453566]",5.130000000000048,100.0,0.0,"[50.0, 87.32041568287201, 87.320415682872]",32
850,2495832973,settled,Qk2i_0004,unmatched,,"[0.3262025162052073, -0.6578051041473078, 0.17771235512448658, -0.6552119368687124]","[2.1708564871381068e-05, -0.7070310868340949, 0.00011355782039823571, -0.7071824579863094]","[480.24849927726797, 9.999503090538402, 10.277881363015709]",5.190000000000068,100.0,0.0,"[50.0, 88.00795195725273, 88.00795195725274]",26
851,265160720,settled,Qk2i_0011,unmatched,,"[0.8435873026476047, -0.3709199350210046, -0.02365782574005351, -0.3875811810408313]","[0.5000369226599201, -0.49987128179346857, 0.5002153704018266, -0.4998763455382894]","[480.286238863537, 10.281560411251517, 9.997561676052037]",5.200000000000071,100.0,0.0,"[50.0, 92.21182137672187, 92.21182137672186]",29
852,1758450250,settled,Qk2i_0001,unmatched,,"[0.9413323467127771, 0.30018672090032433, -0.15370639037251485, 0.01247762741785174]","[0.99999995516709, -0.0002514168036721898, 0.00010940986838933013, 0.0001203531871969421]","[480.0802357372582, 10.006441485533125, 15.007397186046088]",5.170000000000061,100.0,0.0,"[50.0, 90.56564502072258, 90.56564502072257]",24
853,2129291007,settled,Qk2i_0014,unmatched,,"[-0.03753887711357162, 0.6384621255893187, 0.6921458417195642, 0.33450124167682416]","[0.00042675283023881246, 0.7071444034745845, 0.7070690181824141, 0.00011850381060717856]","[480.3064299067796, 15.01516463581584, 9.988771455662771]",5.000000000000004,100.0,0.0,"[50.0, 90.76910949490976, 90.76910949490977]",30
854,3856770388,settled,Qk2i_0014,unmatched,,"[-0.25213650424446543, -0.701757853708884, -0.6657290505739787, -0.0277115356331983]","[-6.404505765384792e-05, -0.707073457223928, -0.7071401006370367, 7.65991088903578e-06]","[479.83307193462747, 15.005151565577847, 9.993873933229775]",5.0600000000000245,100.0,0.0,"[50.0, 90.44928656030514, 90.44928656030515]",27
855,1491966553,settled,Qk2i_0009,unmatched,,"[-0.6096693218837025, -0.4457254391332099, -0.5365245649855478, 0.37652827520711146]","[-0.49959968445964736, -0.5003644081318306, -0.5000392318507718, 0.4999963809596965]","[479.87477291311825, 14.998909336877832, 9.709275162929435]",5.040000000000018,100.0,0.0,"[50.0, 91.31800180724836, 91.31800180724838]",20
856,1018470395,settled,Qk2i_0012,unmatched,,"[0.4554128693224524, 0.3307092876332764, 0.45886088160517285, 0.6875152193668916]","[0.5001977475845372, 0.4997913938993173, 0.5001751297177921, 0.499835588476174]","[479.56531734250314, 9.711571180178028, 9.997197182423234]",5.100000000000038,100.0,0.0,"[50.0, 88.25075669367727, 88.25075669367726]",33
857,752446852,settled,Qk2i_0004,unmatched,,"[-0.7753197505773834, -0.339162850235583, 0.5320819122821735, -0.02714192341829914]","[-0.7070944942885434, -3.5406842913143777e-06, 0.7071190678493682, 4.2583101944326796e-06]","[480.2771487427089, 10.0004493888365, 10.281214552209637]",5.080000000000031,100.0,0.0,"[50.0, 91.27056449450318, 91.27056449450319]",31
858,3085755170,settled,Qk2i_0012,unmatched,,"[0.2870725734139959, 0.25024436237980596, -0.6767794375637842, -0.6300291180425219]","[0.4999901019160057, 0.5000752763617224, -0.4997719582255996, -0.500162579297091]","[480.32849128022895, 9.719537219236445, 9.998661248439863]",5.230000000000081,100.0,0.0,"[50.0, 90.93420569999094, 90.93420569999095]",35
859,285489008,settled,Qk2i_0001,unmatched,,"[0.3494928370664176, -0.07694225131568626, 0.0618235084376707, -0.931725550044753]","[-6.954109294532441e-05, -2.794109682158726e-05, -1.711190020920026e-05, -0.9999999970452572]","[479.7876191369438, 9.984842015515717, 14.998188945808675]",5.140000000000051,100.0,0.0,"[50.0, 91.25598746217769, 91.2559874621777]",29
860,3332121111,settled,Qk2i_0004,unmatched,,"[0.3402458092039916, 0.33697252244392834, -0.8027813352863759, 0.3552807849472308]","[0.7072133456927494, -2.3023065999550063e-05, -0.7070001989469271, -4.28136861834183e-05]","[479.877112280183, 9.996382008475559, 10.279205256990466]",5.240000000000085,100.0,0.0,"[50.0, 92.31179415676712, 92.31179415676714]",43
861,4081109628,settled,Qk2i_0003,unmatched,,"[-0.12945047511210567, 0.16348273552005468, 0.7041245185904645, 0.6787669938939845]","[-0.0003780336309972543, -0.0002492594604663334, 0.7070692108334008, 0.7071442045663155]","[479.8250672488851, 9.719694120348903, 15.00823742882083]",5.0300000000000145,100.0,0.0,"[50.0, 90.97125607340818, 90.9712560734082]",33
862,3384837160,settled,Qk2i_0001,unmatched,,"[0.2687275791925676, -0.16483984670014942, -0.14897767382090257, -0.9372400790747728]","[-0.0001272222386320965, 0.00020590275671698047, -0.00021135260521156664, -0.9999999483743153]","[479.5426011827936, 10.001246098498925, 14.991514205377264]",5.1800000000000646,100.0,0.0,"[50.0, 92.30292204761531, 92.3029220476153]",28
863,3022828123,settled,Qk2i_0015,unmatched,,"[0.3539696974690416, 0.8967636949489357, -0.13840987716161407, -0.22663414261605436]","[-8.389368758969661e-05, 0.9999999948320606, -3.708642097138837e-05, 4.3844331230064436e-05]","[480.20513430908255, 10.009003407881801, 15.002544409554291]",5.300000000000105,100.0,0.0,"[50.0, 92.67973363474854, 92.67973363474856]",31
864,2197473996,settled,Qk2i_0004,unmatched,,"[-0.29618725117093264, 0.23096601621633117, 0.8837445268345094, 0.27914767218627]","[-0.7070613369133912, 8.480101203467428e-07, 0.7071522193575939, -6.707576601391875e-05]","[480.3656839389285, 10.004687857148832, 10.28083055849136]",5.330000000000115,100.0,0.0,"[50.0, 92.1542270966072, 92.15422709660719]",43
865,2371567213,settled,Qk2i_0004,unmatched,,"[-0.8719734789042677, -0.21012196795995688, 0.2727863314750347, -0.3479922815647152]","[-0.7069121417268243, 0.00011781142884484398, 0.7073013419100107, -0.00014741763784226206]","[479.89544337660004, 10.004647958427478, 10.277674372074975]",5.0300000000000145,100.0,0.0,"[50.0, 91.94445591474043, 91.94445591474044]",32
866,292549026,settled,Qk2i_0009,unmatched,,"[-0.41240616483951276, -0.35153133331546, -0.1763722075237171, 0.8217297130523091]","[-0.500179263916029, -0.49991782357933084, -0.4999645631653889, 0.4999383053887414]","[480.30494655452185, 14.99538526613529, 9.717676454980984]",5.1500000000000545,100.0,0.0,"[50.0, 91.46669037414054, 91.46669037414053]",26
867,94154559,settled,Qk2i_0012,unmatched,,"[-0.23853106088105577, -0.31041063527998763, -0.7544951487540574, -0.5267686788397972]","[-0.5000328033747037, -0.4999780609371328, -0.4999932227328838, -0.4999959113352473]","[479.8295121689807, 9.710824609904845, 10.002388988336467]",5.100000000000038,100.0,0.0,"[50.0, 90.63003236208435, 90.63003236208436]",34
868,2674077932,settled,Qk2i_0001,unmatched,,"[0.24002683723339482, 0.1464301042618074, 0.022173247800655688, 0.9594027772815652]","[-2.8384442462503493e-05, 1.8765447450268803e-05, -0.0002503431081375904, 0.9999999680852544]","[479.9342760927023, 9.995603063503905, 15.000869563854687]",5.0900000000000345,100.0,0.0,"[50.0, 92.11337424368875, 92.11337424368877]",31
869,616383569,settled,Qk2i_0003,unmatched,,"[-0.8750405999561124, -0.41172617187828964, 0.07875326495354029, -0.2420401435259313]","[-0.7071959202763167, -0.7070176163786108, -6.116383200066577e-05, -0.0001293592924753173]","[480.0937089421255, 9.720094055314574, 14.998702714616018]",5.210000000000075,100.0,0.0,"[50.0, 92.10692421789443, 92.10692421789444]",34
870,1209062005,settled,Qk2i_0009,unmatched,,"[0.701149044596514, -0.4604335593045607, 0.20497041658198253, 0.5043590814625407]","[0.5000605689195088, -0.5001600342522324, 0.4998102418204168, 0.499969088764615]","[479.76252659368834, 15.008466122377682, 9.712787931888071]",5.130000000000048,100.0,0.0,"[50.0, 91.31061180929693, 91.31061180929694]",16
871,3023774950,settled,Qk2i_0012,unmatched,,"[0.35215076468575207, 0.07578336168804366, -0.4051888740909775, -0.8402789401950909]","[0.49998806467283574, 0.5002085895426223, -0.4999324513394917, -0.499870829545173]","[479.7302919842761, 9.715408342754325, 9.99509677182707]",5.270000000000095,100.0,0.0,"[50.0, 92.0387731524217, 92.03877315242168]",31
872,711993328,settled,Qk2i_0014,unmatched,,"[0.14145945968594764, -0.730383443588849, 0.6302754560840633, 0.22199571179344949]","[-0.00023326591611583984, -0.7072032787331222, 0.7070102130308253, -0.00016372611715858795]","[479.74938323729367, 15.009892286946727, 9.99845040434237]",5.1500000000000545,100.0,0.0,"[50.0, 89.82921948766555, 89.82921948766557]",20
873,2494180298,settled,Qk2i_0011,unmatched,,"[0.5054583382569515, -0.6799397746818389, 0.34407924974820103, -0.4047261308401603]","[0.499894242119307, -0.4999834080870551, 0.5000721514330686, -0.5000501791767693]","[479.89138568090124, 10.28395915324196, 9.999729233230646]",5.140000000000051,100.0,0.0,"[50.0, 89.5916168039951, 89.59161680399508]",49
874,2540672877,settled,Qk2i_0006,unmatched,,"[0.776589373390443, -0.15424382296249706, 0.6104496590694767, -0.02165645300857539]","[0.7071397277906967, -0.00015302917943679775, 0.707073780581692, 0.0002253354899214855]","[480.19743119978517, 9.993997597624817, 9.703647542317801]",5.110000000000041,100.0,0.0,"[50.0, 87.88550282020101, 87.885502820201]",26
875,3729267110,settled,Qk2i_0014,unmatched,,"[-0.3886037083533229, -0.7035834699448852, 0.5934766828956262, 0.041747880587701035]","[-0.00015514009975005322, -0.7071291937825805, 0.7070841600294442, -0.0005194876346551099]","[480.35495540138214, 15.01196364882457, 9.996412208328357]",5.010000000000008,100.0,0.0,"[50.0, 90.61083335598478, 90.6108333559848]",19
876,2245489004,settled,Qk2i_0005,unmatched,,"[-0.7698115704787045, -0.1622092770394392, 0.35841225589542, -0.5026121280106651]","[-0.7070802313057953, 9.441986599521752e-06, 0.00015845496876358033, -0.7071333122540718]","[479.57884521746644, 15.006246967273093, 9.99901663980956]",5.160000000000058,100.0,0.0,"[50.0, 91.34397316828309, 91.3439731682831]",19
877,732591320,settled,Qk2i_0005,unmatched,,"[0.5805538513683136, -0.32809511427750826, -0.26803236022996346, -0.6953196930320625]","[0.7070410605645389, -3.6720868118931505e-05, -0.00011083351786593018, -0.7071724860621215]","[479.9899646639753, 14.998729531200658, 9.998495432954394]",5.200000000000071,100.0,0.0,"[50.0, 89.34526470284165, 89.34526470284163]",24
878,20080919,settled,Qk2i_0009,unmatched,,"[0.34744503420333317, 0.4507829125682593, 0.8124848224943764, -0.12627401617198783]","[0.4998655001864637, 0.49996919106248583, 0.5000956351886825, -0.5000696405270852]","[479.84190596537275, 15.002238651367076, 9.712332963407887]",5.020000000000011,100.0,0.0,"[50.0, 91.68152991833917, 91.68152991833918]",21
879,1914700835,settled,Qk2i_0004,unmatched,,"[0.8827138027193332, -0.15349909388919725, -0.3389577734260767, 0.2869878020021166]","[0.706986301094112, 0.0002438374486666839, -0.7072271890264923, 0.00011709077954225044]","[480.127062999626, 9.997353971042894, 10.279772824100478]",4.949999999999988,100.0,0.0,"[50.0, 91.87149464582981, 91.87149464582983]",34
880,910532442,settled,Qk2i_0002,unmatched,,"[-0.7578845855451424, 0.5991817817734482, 0.25731973936574776, 0.019460193128720063]","[-0.7071689850239223, 0.7070445697259173, 2.5984939096557195e-05, -4.864268835486075e-05]","[479.8100848657087, 10.27599171356203, 14.998421035602288]",5.310000000000108,100.0,0.0,"[50.0, 92.05465518257252, 92.05465518257253]",27
881,305688743,settled,Qk2i_0015,unmatched,,"[0.5088588775201294, -0.8379428703504597, 0.13612036932205998, 0.142778268141243]","[4.25271876069091e-05, -0.9999999902980452, -9.0328026762454e-05, 9.7140081616031e-05]","[479.84109121948933, 9.994546784835553, 14.995249766643608]",5.040000000000018,100.0,0.0,"[50.0, 91.04286979780854, 91.04286979780852]",25
882,3833901011,settled,Qk2i_0011,unmatched,,"[0.6658115689949964, -0.5720634512106734, -0.07775283095098386, -0.4726445383800201]","[0.4998986722827194, -0.5000279354170812, 0.5000608260633269, -0.500012551331833]","[479.9368145381417, 10.28609076159832, 9.997201476458802]",5.200000000000071,100.0,0.0,"[50.0, 91.50560464533618, 91.50560464533619]",22
883,940842501,settled,Qk2i_0001,unmatched,,"[-0.15476270569017284, 0.261752323020326, -0.1287733230575111, 0.9439023559614871]","[-8.640655329611448e-05, -0.0002688110696288655, 0.0002665206219073661, 0.9999999246206345]","[479.9238734037079, 10.004485337906942, 14.998184062298227]",5.280000000000098,100.0,0.0,"[50.0, 92.30452923576077, 92.30452923576078]",30
884,2720272236,settled,Qk2i_0002,unmatched,,"[-0.9339430194929941, 0.33644656385373783, -0.05642516677177487, -0.10663182717228038]","[-0.7072026454839018, 0.7070108333648029, -0.00024135869384045439, 0.0002036451784785953]","[479.7069971348412, 10.280345846100422, 15.00194553899131]",5.130000000000048,100.0,0.0,"[50.0, 90.60760839116321, 90.60760839116323]",18
885,2174765832,settled,Qk2i_0011,unmatched,,"[0.7584658715267024, -0.4700288327205854, 0.10017222663587377, -0.44019080311993675]","[0.5000933348232112, -0.49993679380601086, 0.500019490491676, -0.49995036532921017]","[480.054622754823, 10.288151264875905, 10.004150581519788]",5.130000000000048,100.0,0.0,"[50.0, 91.2534629661337, 91.25346296613371]",35
886,1061608303,settled,Qk2i_0011,unmatched,,"[-0.4689307766989574, 0.36625135030648165, 0.7222223966399722, -0.35264526773346316]","[-0.499912962589678, 0.5002075413923728, 0.4997986872110949, -0.5000807111167905]","[479.98083663587227, 10.287469963085513, 9.996565245332347]",5.1200000000000445,100.0,0.0,"[50.0, 88.94822475635185, 88.94822475635186]",29
887,3154141855,settled,Qk2i_0012,unmatched,,"[0.27090988559165213, 0.4422585803127909, -0.7396988208773515, -0.4287899677243961]","[0.4998150131776692, 0.5001593217206431, -0.4998919609618434, -0.5001336150109041]","[479.628962143058, 9.716056942072548, 9.99486913466809]",5.1200000000000445,100.0,0.0,"[50.0, 89.94391615055528, 89.94391615055527]",37
888,2921790412,settled,Qk2i_0012,unmatched,,"[0.3416504075113855, 0.18124356735981575, -0.5118659550465788, -0.7670847491654661]","[0.4999334530199828, 0.4999385608875665, -0.5000243662252745, -0.5001036003371684]","[480.3508789831593, 9.721931364765398, 9.998294933495128]",5.310000000000108,100.0,0.0,"[50.0, 90.87838420510747, 90.87838420510748]",30
889,2154312058,settled,Qk2i_0010,unmatched,,"[0.7256893593025631, -0.20402254438647918, -0.37672815407176513, -0.5383545793496913]","[0.5000184330150085, -0.4999579504940337, -0.49987483565887025, -0.5001487409341728]","[479.837629024407, 15.009284378447397, 10.284983083157048]",4.990000000000001,100.0,0.0,"[50.0, 91.17205378549039, 91.1720537854904]",25
890,3592569166,settled,Qk2i_0010,unmatched,,"[0.10273452874389172, -0.7756451790115862, -0.5748782509724327, -0.2394476340219959]","[0.5000848223553317, -0.4998409930381339, -0.5001110286319136, -0.4999631098083318]","[480.3181593888807, 15.006184028934598, 10.279190098306513]",5.250000000000088,100.0,0.0,"[50.0, 91.1315530969771, 91.13155309697711]",24
891,1454938154,settled,Qk2i_0004,unmatched,,"[-0.16718081934912513, 0.4446266140871033, -0.15011444180695008, 0.8670775063673264]","[-0.00016026121268392093, 0.7072514743150443, -0.0002517947212676564, 0.7069619954389049]","[480.3719188312252, 10.003943679124674, 10.283312846028558]",4.969999999999994,100.0,0.0,"[50.0, 91.52902247204558, 91.52902247204557]",30
892,1296548187,settled,Qk2i_0005,unmatched,,"[0.31314276895349097, -0.5781882807260639, -0.5626663257674945, -0.5010454312040842]","[0.7071617780754897, 2.9038492436626444e-05, 0.00010896413185502448, -0.707051771027197]","[480.02329525103, 15.002843647972178, 9.9925854392763]",5.450000000000155,100.0,0.0,"[50.0, 90.84479505490744, 90.84479505490745]",18
893,4254865545,settled,Qk2i_0012,unmatched,,"[-0.5867148895206743, -0.6821284832765666, 0.3941724191729146, 0.18733519338588187]","[-0.5002150795099112, -0.49990810595698465, 0.49996429104156415, 0.4999124598494216]","[480.10395726718355, 9.713677577228983, 9.995704499976425]",4.990000000000001,100.0,0.0,"[50.0, 91.18307718943629, 91.1830771894363]",26
894,1038362872,settled,Qk2i_0009,unmatched,,"[0.4220587536149921, 0.2365411686124719, 0.34472372914068605, -0.8044129751662044]","[0.4998864373476728, 0.5002000509751598, 0.5000849716628681, -0.4998284504479985]","[479.70518084291297, 15.005826132350148, 9.703471628773254]",5.210000000000075,100.0,0.0,"[50.0, 92.3733435360598, 92.37334353605982]",28
895,2137408216,settled,Qk2i_0015,unmatched,,"[-0.15315413144856377, 0.9076297849365145, -0.3780756789344609, -0.09904931354925715]","[-1.8956209975288661e-07, 0.9999999080668229, 0.00037920050078765755, -0.0002001831414873597]","[480.0567709139625, 10.002600908693372, 14.99868816172514]",5.160000000000058,100.0,0.0,"[50.0, 92.56041873331084, 92.56041873331085]",25
896,2161823873,settled,Qk2i_0010,unmatched,,"[-0.5223970600271564, 0.3040328086274699, 0.5806908141981769, 0.5454021830346245]","[-0.4997358935111965, 0.5001421037535598, 0.49989318736415517, 0.5002286617302482]","[479.6411567510763, 15.006047063930787, 10.279794645921468]",5.100000000000038,100.0,0.0,"[50.0, 91.82521067703215, 91.82521067703213]",24
897,611351195,settled,Qk2i_0006,unmatched,,"[-0.04573037853383769, 0.8616864055672583, 0.18915695116025852, -0.46864156747719876]","[-5.5466348502064555e-05, 0.7070561379860063, -8.086389984193754e-05, -0.7071574139615788]","[480.1341916119486, 9.997629929577096, 9.71454236478577]",4.979999999999998,100.0,0.0,"[50.0, 91.41737867629048, 91.4173786762905]",41
898,2763017489,settled,Qk2i_0015,unmatched,,"[-0.42473500215462706, 0.8115024029006092, -0.06368051566992698, -0.39624338474636855]","[0.00014893175424076594, 0.9999999762279983, -0.00014969455141755628, 5.435877841849902e-05]","[480.2891635556712, 10.00389658555682, 15.004643838540762]",5.190000000000068,100.0,0.0,"[50.0, 91.98639399055723, 91.98639399055725]",26
899,2132063619,settled,Qk2i_0003,unmatched,,"[0.5955343919741106, 0.7230138530547521, -0.2696667085859822, 0.2233150746083904]","[0.7072470160605339, 0.7069665151228924, 3.932962707314802e-06, 6.894197528084511e-05]","[480.3421329145919, 9.71037429805375, 14.999532669369504]",5.100000000000038,100.0,0.0,"[50.0, 91.5856192831757, 91.58561928317572]",35
900,1360639973,settled,Qk2i_0003,unmatched,,"[-0.1489656769715508, -0.1288165080424097, 0.7582996753381918, 0.621447613819669]","[-0.00016778343561815734, -8.042575136138486e-05, 0.7070520033935559, 0.7071615302585232]","[479.7388727708127, 9.71581699003321, 15.000844106892204]",4.979999999999998,100.0,0.0,"[50.0, 90.86445750503056, 90.86445750503057]",24
901,1669509337,settled,Qk2i_0001,unmatched,,"[-0.015275918508966315, 0.1874018656583203, -0.11433169238248563, 0.9754872890911727]","[0.00011496068435873363, -7.879856151078264e-05, 4.5073032416745375e-06, 0.9999999902772561]","[479.63412494429934, 10.006155819686246, 15.001283257598267]",5.220000000000078,100.0,0.0,"[50.0, 90.91844981082373, 90.91844981082374]",27
902,582273668,settled,Qk2i_0012,unmatched,,"[-0.006376614660577938, 0.509344379935385, -0.8209002523185972, -0.258167420789247]","[0.5000139297157867, 0.4999864378531719, -0.5001055073526729, -0.499894102354287]","[480.3551522013207, 9.720107443762764, 9.998613221594825]",5.1200000000000445,100.0,0.0,"[50.0, 92.83788266712206, 92.83788266712207]",33
903,680248275,settled,Qk2i_0004,unmatched,,"[0.06401976516295559, -0.8705445669058692, -0.015573167883228054, -0.4876587978712505]","[-7.45509371617159e-05, -0.7071795835836368, 1.0710415426995468e-05, -0.707033967281572]","[480.14032077629935, 10.005328333841806, 10.28176955690021]",5.200000000000071,100.0,0.0,"[50.0, 89.58473956916966, 89.58473956916967]",38
904,2896868767,settled,Qk2i_0004,unmatched,,"[-0.08519660861891312, 0.3927029312463917, 0.12431391456233111, 0.9072331543305265]","[4.136826728090571e-05, 0.7070058546899678, 3.592879856892384e-05, 0.7072076911571991]","[479.7419789225785, 10.00011240202593, 10.280599944098734]",5.020000000000011,100.0,0.0,"[50.0, 90.8379633701486, 90.83796337014861]",34
905,3134066944,settled,Qk2i_0012,unmatched,,"[0.37534820722239215, 0.6025807220421286, -0.4933938528436443, -0.5025661177737984]","[0.5000554902269836, 0.49994258268764685, -0.5002499764135908, -0.4997518202144525]","[479.58241692694816, 9.710809858905499, 10.000835540663182]",5.080000000000031,100.0,0.0,"[50.0, 87.49952519463523, 87.49952519463524]",37
906,405083464,settled,Qk2i_0010,unmatched,,"[0.25971912770264904, -0.31468704929943936, -0.8472140700697216, -0.34021516013323705]","[0.5002229416094062, -0.49948515417328887, -0.4997445453842203, -0.500546679947872]","[479.903319870513, 15.000333848230122, 10.278836198329753]",5.250000000000088,100.0,0.0,"[50.0, 93.0777438359727, 93.07774383597267]",23
907,897742626,settled,Qk2i_0003,unmatched,,"[0.626555782251434, 0.7589459830048849, -0.1386752386173409, -0.11044466851082534]","[0.7071963949366611, 0.7070169086662643, -0.00017911136227116708, -0.0005637088871528195]","[479.54989142897887, 9.718348936560602, 14.992216474325966]",5.0900000000000345,100.0,0.0,"[50.0, 90.3044724053894, 90.30447240538939]",32
908,480836371,settled,Qk2i_0012,unmatched,,"[-0.39743928281978835, -0.8706917564322766, -0.2664878160766326, -0.113675527864515]","[-0.4998403885559228, -0.5000387046130848, -0.5001056272514353, -0.5000152412162864]","[479.62994279573877, 9.716158559277998, 10.004363990750617]",5.280000000000098,100.0,0.0,"[50.0, 91.05104692366874, 91.05104692366875]",29
909,4082109974,settled,Qk2i_0009,unmatched,,"[-0.35956502737734314, -0.6791764426160904, -0.41884548866301663, 0.48373629955702296]","[-0.5000623099635964, -0.49998931924441714, -0.49978673779217986, 0.500161557421627]","[479.52724117800085, 15.00464426223922, 9.696962483096083]",5.0900000000000345,100.0,0.0,"[50.0, 91.17691064146624, 91.17691064146625]",18
910,163555050,settled,Qk2i_0003,unmatched,,"[-0.08549674306774306, -0.25654355067407436, -0.9235012688874048, -0.2720682265456595]","[0.00011548773110492405, 7.61424455083537e-05, -0.7069702269274036, -0.7072432955519108]","[479.74531707055786, 9.716608505457346, 15.001152878275287]",5.080000000000031,100.0,0.0,"[50.0, 91.63324449033962, 91.63324449033959]",31
911,3400140363,settled,Qk2i_0006,unmatched,,"[0.298407216867827, 0.6810207916951393, -0.18813418040157473, -0.6416925621859357]","[0.00016870312414088429, 0.707135261308091, 0.00014477234209156475, -0.7070782649713981]","[479.6935088626352, 10.003779131932387, 9.71529137000986]",5.070000000000028,100.0,0.0,"[50.0, 88.41876729741672, 88.41876729741671]",28
912,3646276102,settled,Qk2i_0015,unmatched,,"[0.1578073356304914, -0.029444688123654007, -0.8111580053567837, 0.5623633571883132]","[-6.251286074534825e-05, -6.469057642360942e-05, -0.9999999871258688, -0.00013287412809852552]","[479.96782854783413, 9.996733938884356, 14.998739957940684]",5.020000000000011,100.0,0.0,"[50.0, 90.92479620641699, 90.924796206417]",21
913,3701323139,settled,Qk2i_0002,unmatched,,"[0.43512701954760485, -0.8749978402768437, 0.017281183183099957, 0.21152923457118053]","[0.7070367988528148, -0.707176748932954, 3.375265903984848e-05, 9.847507460297723e-05]","[480.1515436352061, 10.28522839195973, 15.003845996434347]",5.340000000000118,100.0,0.0,"[50.0, 91.64121500554579, 91.6412150055458]",30
914,1849545706,settled,Qk2i_0001,unmatched,,"[-0.1443496569257474, -0.07006434235886033, -0.13212818355624098, -0.9781596534233906]","[0.00012075217098039825, -3.968187923272964e-05, 5.8965354228140515e-05, -0.9999999901836744]","[479.63776338806207, 9.999304337031601, 14.99826211592159]",5.130000000000048,100.0,0.0,"[50.0, 90.71723635860488, 90.71723635860486]",34
915,3498837148,settled,Qk2i_0004,unmatched,,"[-0.5578877223062083, -0.13152919957495132, 0.7954835629912004, 0.19663992465923258]","[-0.7071679761409055, 7.613283910762326e-05, 0.7070455720972723, 8.186701109269558e-05]","[480.1244352353773, 10.00348818075572, 10.279716697482714]",5.200000000000071,100.0,0.0,"[50.0, 89.66396236969939, 89.66396236969938]",41
916,1014845009,settled,Qk2i_0012,unmatched,,"[-0.745802360550032, -0.5147483048332637, -0.3726324374151737, -0.19989519317709512]","[-0.500053667741372, -0.5000163726641802, -0.4999798834934327, -0.49995007005505154]","[480.1374967141349, 9.720532239964275, 10.000537147813937]",5.200000000000071,100.0,0.0,"[50.0, 92.5656622351822, 92.56566223518222]",35
917,2482104573,settled,Qk2i_0013,unmatched,,"[0.3913632031713356, -0.4132908864732887, 0.05822251723444586, -0.8201436611036385]","[0.2705801365032417, -0.6533378414799783, 0.2702210410873025, -0.6533885854327914]","[480.2152298611156, 12.57633005261861, 12.573834549268128]",5.130000000000048,100.0,0.0,"[50.0, 91.74764410772752, 91.7476441077275]",36
918,3315867884,settled,Qk2i_0006,unmatched,,"[-0.1839291797226305, -0.6204871287494828, -0.28946619847613464, 0.7052482540514071]","[-1.1801673182376682e-05, -0.7071007308065393, -0.00012627805019427285, 0.7071128201407697]","[480.30295564175685, 10.004151687227525, 9.715436593687647]",5.130000000000048,100.0,0.0,"[50.0, 91.03915444125674, 91.03915444125676]",24
919,3442982133,settled,Qk2i_0011,unmatched,,"[0.23981023435833115, -0.548473364990924, -0.29699985204060114, 0.7439483229905124]","[0.4997108146285253, -0.5002143507979006, -0.49998950958407146, 0.5000851880480068]","[480.21061043463743, 10.281160275496982, 9.997598026490948]",5.210000000000075,100.0,0.0,"[50.0, 90.33288607887305, 90.33288607887306]",30
920,1199431505,settled,Qk2i_0004,unmatched,,"[-0.8158875984840971, -0.2102551437771241, 0.5335186587691745, 0.07401379533745744]","[-0.7070803194215464, -8.514552527205677e-06, 0.7071332418437009, -9.68733712408687e-06]","[480.07723951711296, 10.005171604574528, 10.282692814581047]",5.020000000000011,100.0,0.0,"[50.0, 90.22703536506016, 90.22703536506017]",43
921,632241106,settled,Qk2i_0011,unmatched,,"[0.3439409857046222, -0.642522102943294, 0.42830294546408776, -0.5342532475227891]","[0.4999200883818572, -0.49996131569326197, 0.4998912740492062, -0.5002272505291968]","[479.93162259237056, 10.283888185424372, 9.999785254972771]",5.110000000000041,100.0,0.0,"[50.0, 87.67803610286315, 87.67803610286316]",36
922,2435629658,settled,Qk2i_0015,unmatched,,"[0.06889857665360942, -0.9502832120531101, 0.29954207769895674, 0.04989335339424206]","[-0.0001402237287120374, -0.9999999746966619, 0.00010586804384682402, -0.0001404846569347415]","[479.787796901526, 10.001011921348615, 14.999315956366342]",5.160000000000058,100.0,0.0,"[50.0, 91.89107954438138, 91.8910795443814]",38
923,532196825,settled,Qk2i_0012,unmatched,,"[-0.6950144125489437, -0.5621898949957045, 0.04051416346358294, 0.446381104968402]","[-0.49998209687596556, -0.5001058089245386, 0.4999941122098098, 0.4999179637090164]","[479.85797832856775, 9.711673511037727, 9.99792128014166]",4.949999999999988,100.0,0.0,"[50.0, 92.67420269170229, 92.67420269170228]",36
924,1237745114,settled,Qk2i_0005,unmatched,,"[0.5054962235886736, -0.15892594248449782, 0.059291712564358896, -0.8459909015847566]","[0.7070069313347178, -6.32840975370125e-05, 0.00019919449359402834, -0.7072065860562544]","[480.23175753129425, 15.00670569878766, 9.998363034597745]",5.050000000000021,100.0,0.0,"[50.0, 92.10762396927001, 92.10762396927002]",14
925,3654135522,settled,Qk2i_0014,unmatched,,"[-0.17188747446428582, -0.802046862922551, -0.5512943459664053, 0.15247973604337633]","[0.00018523484362505837, -0.7070918831606655, -0.7071216138829621, 0.0002400748040562026]","[480.2676836115203, 15.000532830090494, 9.994252461301516]",5.130000000000048,100.0,0.0,"[50.0, 91.13810121076752, 91.13810121076753]",26
926,2381318096,settled,Qk2i_0004,unmatched,,"[-0.5170317207267107, -0.3574316863165864, 0.7774632856296821, -0.021717018146083986]","[-0.7071624496307537, -0.00017774610895529563, 0.7070510840359484, 5.293526964678108e-05]","[480.14576744371556, 9.999912018974857, 10.275771948146613]",5.270000000000095,100.0,0.0,"[50.0, 92.08324288568329, 92.0832428856833]",33
927,4252327569,settled,Qk2i_0006,unmatched,,"[-0.5938434617044568, 0.29873492790902884, -0.7069009853476849, -0.24165757333989488]","[-0.7070694953570459, 5.67947455412665e-05, -0.7071439929014832, 0.00031434572748859074]","[479.5943370006544, 10.00548060025428, 9.712634171598877]",5.0900000000000345,100.0,0.0,"[50.0, 90.50066098967484, 90.50066098967486]",24
928,448373238,settled,Qk2i_0009,unmatched,,"[0.7884541013488514, -0.40302143424833886, 0.28563962431868045, 0.36650219456596705]","[0.5000157249132111, -0.5000102063587919, 0.5001658078831677, 0.49980819621243955]","[479.91196471238743, 15.002202011377387, 9.715587897746916]",5.1500000000000545,100.0,0.0,"[50.0, 92.26390968853163, 92.26390968853164]",18
929,4163985961,settled,Qk2i_0012,unmatched,,"[-0.20818845328680213, -0.43720394741641244, -0.3935430195887992, -0.7814308465977562]","[-0.49997349645843947, -0.500081761767569, -0.5000819219793011, -0.4998627868686122]","[479.92622687660327, 9.721645419419344, 9.999617015920107]",5.0300000000000145,100.0,0.0,"[50.0, 91.41317078050788, 91.4131707805079]",44
930,1782478245,settled,Qk2i_0001,unmatched,,"[0.982926824091041, -0.15458372000973902, -0.09896879710297664, 0.012802702458472474]","[0.9999999686107145, -0.0001393174061931161, -7.265730303216252e-05, -0.00019516697148158624]","[479.58310371834153, 9.990887842033771, 14.996418026150472]",5.1500000000000545,100.0,0.0,"[50.0, 89.7899607321052, 89.78996073210521]",31
931,1354485428,settled,Qk2i_0011,unmatched,,"[0.6252493974171248, -0.5377268504911364, 0.15699341782723672, -0.543383926933184]","[0.49969898865369766, -0.500086158611977, 0.5002837746433642, -0.4999308947562414]","[480.0426845405592, 10.279498160736933, 9.996197801061001]",5.200000000000071,100.0,0.0,"[50.0, 90.30522612449613, 90.30522612449612]",35
932,1539041800,settled,Qk2i_0009,unmatched,,"[0.5189080859766876, -0.3427938742346433, 0.5790952658656788, 0.5271389106745705]","[0.500043473476632, -0.5000642913567684, 0.49996693624381805, 0.4999252862240998]","[479.9698327581371, 14.998804734531705, 9.70898324543293]",5.130000000000048,100.0,0.0,"[50.0, 91.44021700525535, 91.44021700525533]",14
933,4907026,settled,Qk2i_0005,unmatched,,"[0.8033477739737046, -0.29541706437491144, -0.23093159359111526, -0.4626356138572464]","[0.7070249593636999, -0.00017837955640564917, 2.59929057887104e-05, -0.7071885705678941]","[479.7851974914621, 14.997184343316253, 9.98279939443393]",5.210000000000075,100.0,0.0,"[50.0, 91.91191484620529, 91.9119148462053]",24
934,3726456469,settled,Qk2i_0005,unmatched,,"[0.5807768950428274, -0.04906896716112144, -0.23937648823391416, -0.776523876984444]","[0.7071293923758608, -0.0004074760617298565, -7.970108100148747e-05, -0.7070840473728301]","[480.37663550256934, 15.010106499259216, 9.998803857967319]",5.170000000000061,100.0,0.0,"[50.0, 91.75943575520728, 91.75943575520729]",26
935,2047942954,settled,Qk2i_0002,unmatched,,"[-0.28294765020971263, -0.1436882472102388, 0.5005332941519883, -0.8054568494337921]","[-0.00012482081957002067, 0.00017320310197702082, 0.7071963340046047, -0.7070171847917814]","[480.30544647086754, 10.28736549693708, 15.003592709786965]",5.110000000000041,100.0,0.0,"[50.0, 92.32169971225831, 92.32169971225832]",34
936,4254301963,settled,Qk2i_0001,unmatched,,"[0.3038722453484271, -0.025687035362984778, 0.16983128235100062, -0.9371014727638521]","[-0.00015813081350979363, -0.0001192941865054131, -0.00019388204267264895, -0.9999999615866475]","[480.06088002578804, 10.00248920195958, 14.998492772341056]",5.220000000000078,100.0,0.0,"[50.0, 91.2975274564839, 91.29752745648392]",24
937,1459226125,settled,Qk2i_0012,unmatched,,"[0.4604083854515282, 0.5448114214671944, -0.6943530242693504, -0.09528122235162023]","[0.4999548608971987, 0.5003914464808554, -0.5000566849673175, -0.4995966865117873]","[479.8047672193757, 9.715472937202197, 9.993307647104423]",5.080000000000031,100.0,0.0,"[50.0, 92.78635622420136, 92.78635622420134]",27
938,1841421639,settled,Qk2i_0012,unmatched,,"[0.7090456664466742, 0.46634607542200573, -0.4944423411910551, -0.18788920157686734]","[0.5000110739583477, 0.4999783205612238, -0.5001593428872781, -0.4998512144732311]","[480.15087599562605, 9.716726193580953, 9.997649880907671]",5.040000000000018,100.0,0.0,"[50.0, 90.68633381401322, 90.68633381401324]",32
939,3160233957,settled,Qk2i_0015,unmatched,,"[0.3129738432553121, 0.8901846929444, 0.08598840649996693, -0.3197257885017726]","[0.00012080165328103669, 0.9999999625265364, -7.382487543894368e-05, 0.00023431554382273033]","[480.0050988302921, 9.994535589752394, 15.00316862408177]",5.210000000000075,100.0,0.0,"[50.0, 90.94720586543768, 90.94720586543767]",42
940,3176744478,settled,Qk2i_0001,unmatched,,"[0.9411517485950612, -0.005105745018358934, 0.06893140360805404, 0.3308410178331731]","[0.9999999828984945, -0.00010389188018808172, 5.6060334557764855e-05, 0.00014236125520988852]","[480.1256454741687, 10.005772884352545, 15.001949839001293]",5.080000000000031,100.0,0.0,"[50.0, 91.79855722929598, 91.79855722929597]",30
941,1176149115,settled,Qk2i_0009,unmatched,,"[0.21298006003399966, 0.68283184635136, 0.45358883626869745, -0.5316364653113214]","[0.49986981631048966, 0.5002984884868253, 0.5000488795792486, -0.499782659954358]","[479.88021593814375, 15.00805048556171, 9.710919966956702]",4.979999999999998,100.0,0.0,"[50.0, 91.86695193411592, 91.8669519341159]",30
942,1821676408,settled,Qk2i_0009,unmatched,,"[-0.4913145553095996, 0.46595232564875577, -0.7080044099470261, -0.20056967233111198]","[-0.5000675368549621, 0.5000017055886092, -0.49995565222783134, -0.4999750981776361]","[480.0993469067641, 14.993321136556347, 9.711892014492468]",4.979999999999998,100.0,0.0,"[50.0, 91.77000061863507, 91.77000061863508]",22
943,3127130715,settled,Qk2i_0004,unmatched,,"[-0.198134299826156, -0.8317782014430749, -0.12616575606531844, -0.5029612557970933]","[0.00011484013024426476, -0.7070850035746719, -1.5739671797881938e-05, -0.7071285486273438]","[480.0068495145142, 10.007009004808632, 10.283140848244305]",5.280000000000098,100.0,0.0,"[50.0, 90.80212429104918, 90.80212429104917]",23
944,945943334,settled,Qk2i_0006,unmatched,,"[0.10215366597241832, -0.5032207212506908, 0.015334375666051182, 0.8579617655555885]","[-2.2082499140596568e-05, -0.7071984841594554, -0.0002471157126326118, 0.7070150227885943]","[480.30730115261167, 9.999832547123605, 9.713360308587548]",5.0900000000000345,100.0,0.0,"[50.0, 89.8208326262134, 89.82083262621342]",23
945,1696026980,settled,Qk2i_0004,unmatched,,"[-0.41595288256800134, 0.11589643483537436, 0.8825609318024368, 0.1861113041484448]","[-0.7070478586179065, 0.0001568208262150983, 0.7071656708538258, -0.00012246191242304416]","[479.63381437462857, 9.998371698544007, 10.284999007327524]",5.280000000000098,100.0,0.0,"[50.0, 90.48317698469872, 90.48317698469873]",43
946,517407065,settled,Qk2i_0009,unmatched,,"[0.7637132916041776, -0.009298409402024383, 0.35026757211793114, -0.5421883212798986]","[0.5000236277680508, 0.500060892008756, 0.5000960531980437, -0.49981938090956857]","[479.96854902403084, 15.00434498147516, 9.709368727664275]",5.160000000000058,100.0,0.0,"[50.0, 92.2205714933829, 92.22057149338292]",19
947,2860701354,settled,Qk2i_0002,unmatched,,"[-0.8367152485523688, 0.5350335570810564, 5.9400040692597696e-05, 0.11681901432889721]","[-0.7070003603760696, 0.7072130488109489, 0.00019121097260116351, 0.00039680977084344265]","[479.58918980844436, 10.295568343945744, 15.00453905131159]",5.1500000000000545,100.0,0.0,"[50.0, 90.22911534323822, 90.22911534323823]",20
948,2049044537,settled,Qk2i_0014,unmatched,,"[0.0987533718354664, -0.901992500056389, 0.3962240127370742, 0.14022779012621636]","[-0.00016265316393314849, -0.7071442055942883, 0.7070693135879977, 0.00017838320850761124]","[480.264727704929, 15.00799085599629, 9.993642612885083]",5.1500000000000545,100.0,0.0,"[50.0, 92.50058779898552, 92.50058779898549]",19
949,3277919375,settled,Qk2i_0001,unmatched,,"[-0.9358033684590618, -0.33506737411673654, 0.0347045930592444, -0.10391102734445888]","[-0.9999999794868412, 3.4144872313276114e-05, -2.5143049896461315e-05, 0.0001980612835890683]","[479.8859425851306, 10.005601792124029, 14.999023643839035]",5.100000000000038,100.0,0.0,"[50.0, 90.11025558550492, 90.11025558550493]",33
950,3767874527,settled,Qk2i_0010,unmatched,,"[0.29572191510327905, -0.5850125236040742, -0.7368775949800176, -0.1652885542634663]","[0.49999773965073824, -0.49999882683216446, -0.49995217559031746, -0.5000512530062495]","[480.2643626500114, 14.998411669587782, 10.28225928128995]",5.1800000000000646,100.0,0.0,"[50.0, 90.5153001426198, 90.51530014261978]",33
951,2604283791,settled,Qk2i_0006,unmatched,,"[-0.7630191667262589, -0.17467652330325062, -0.5594042469053924, -0.2726843449104938]","[-0.7070005077918169, 0.00013669642973401788, -0.7072129869837402, -0.00023310455909278385]","[479.8160368405441, 10.005751578341615, 9.709977257487362]",5.160000000000058,100.0,0.0,"[50.0, 89.57757069045637, 89.57757069045635]",31
952,1406294563,settled,Qk2i_0001,unmatched,,"[-0.15589463678544954, -0.12868922420085716, 0.17568740712833444, 0.963467633484715]","[-0.0001970002209708555, 3.3541778814927306e-05, 0.00012774689460318068, 0.9999999718732961]","[479.8611950771303, 9.993138736319942, 14.995862042705065]",5.040000000000018,100.0,0.0,"[50.0, 91.81837851214517, 91.81837851214519]",36
953,44424466,settled,Qk2i_0011,unmatched,,"[0.3941199706189341, -0.3608479463958368, -0.7637214424601282, 0.3621985183126224]","[0.5000627341121985, -0.49984255604443856, -0.4999988350061647, 0.5000958369269567]","[479.6318879854199, 10.28708172010801, 10.002437871035129]",5.160000000000058,100.0,0.0,"[50.0, 90.1617899444032, 90.16178994440321]",35
954,1713030523,settled,Qk2i_0002,unmatched,,"[-0.965612442120421, 0.16876771383453884, -0.1626224548640008, 0.11253447277748073]","[-0.7070851646911355, 0.7071283914532872, -7.589020590081931e-05, 4.5989925611472644e-05]","[480.00523547030764, 10.292758562012235, 15.000629462194908]",5.0900000000000345,100.0,0.0,"[50.0, 91.94241502621763, 91.94241502621765]",28
955,539293064,settled,Qk2i_0003,unmatched,,"[0.3601778551839492, -0.09994546774870804, 0.7619420111283524, 0.5288924160821971]","[8.382944784895985e-05, -0.00019122510296548656, 0.707292923872791, 0.7069205586521459]","[480.1041391708053, 9.719342594556915, 14.995066325529052]",5.210000000000075,100.0,0.0,"[50.0, 92.16715376548473, 92.16715376548474]",37
956,409549919,settled,Qk2i_0006,unmatched,,"[-0.12781638378808588, 0.7504596205993281, -0.34172492240734204, -0.5510874769861365]","[-0.000207526951512077, 0.707185976816868, 3.72510525659675e-05, -0.7070275452473516]","[479.979938385461, 10.002507769861992, 9.718287958938202]",5.020000000000011,100.0,0.0,"[50.0, 91.65090694864496, 91.65090694864494]",20
957,1998402436,settled,Qk2i_0004,unmatched,,"[0.04250734306132721, -0.9165292873697363, -0.17463643493482933, -0.3573084196777952]","[-0.00026818081671778354, -0.7071405533124395, -0.00023360529581564762, -0.7070729179996872]","[479.8089057812005, 10.008490982466036, 10.277764448774763]",5.270000000000095,100.0,0.0,"[50.0, 92.02592964257948, 92.02592964257947]",34
958,1646097515,settled,Qk2i_0010,unmatched,,"[-0.2630617164172866, 0.5050333130958403, 0.785657284547487, 0.24183158862418952]","[-0.5001104541893876, 0.4997954631558217, 0.49972137068578604, 0.5003724415865262]","[479.5412179221584, 15.005033283309267, 10.272720211495896]",5.200000000000071,100.0,0.0,"[50.0, 91.3624257540168, 91.36242575401681]",24
959,339018233,settled,Qk2i_0010,unmatched,,"[0.6029047267049746, 0.6862009194018124, -0.308242769892203, 0.26574533587269156]","[0.4999301124837418, 0.5001108175654583, -0.4997766307627058, 0.5001823388820126]","[479.8101085816397, 15.011268187815075, 10.284133813836648]",5.080000000000031,100.0,0.0,"[50.0, 91.14127926639641, 91.14127926639642]",25
960,4191144452,settled,Qk2i_0005,unmatched,,"[-0.8802459513021449, -0.08330896156144689, -0.16608516754831343, 0.4366261550344685]","[-0.7071195750567065, 3.3536002634564345e-05, 0.00028713772445941, 0.7070939279889812]","[479.86061796499, 15.003568601674091, 9.9949664465698]",5.190000000000068,100.0,0.0,"[50.0, 92.12226737245534, 92.12226737245535]",26
961,2181600747,settled,Qk2i_0004,unmatched,,"[0.9275709258668005, 0.08697132850709806, -0.32813304736827575, -0.15613093456815608]","[0.7069559474795705, 0.0003285425640851547, -0.7072575055374002, 3.527124550453675e-05]","[480.0390936433604, 9.998066567325031, 10.287258846674728]",5.050000000000021,100.0,0.0,"[50.0, 92.3295529679786, 92.32955296797861]",30
962,3323234542,settled,Qk2i_0014,unmatched,,"[-0.08017064571695091, -0.3550445554208694, -0.9142289434921265, -0.17804906658726002]","[0.00036108605393496965, -0.7070358429124869, -0.7071776017391791, -0.00016140729218943112]","[480.245508339627, 15.00722849553305, 10.001606152692618]",5.070000000000028,100.0,0.0,"[50.0, 92.58192316169092, 92.58192316169091]",24
963,1792986731,settled,Qk2i_0012,unmatched,,"[-0.5692068889460848, -0.6151083552423721, 0.2128356235893417, 0.5023407471215919]","[-0.49999551701775247, -0.4999863381858051, 0.4999479708888449, 0.5000701660705494]","[479.60667263921084, 9.712551769690535, 9.99970731912721]",5.070000000000028,100.0,0.0,"[50.0, 90.76926431593658, 90.76926431593657]",34
964,3396828661,settled,Qk2i_0011,unmatched,,"[-0.4385289352711518, 0.5485884905873648, -0.7022745891188045, 0.11641925271638232]","[-0.5001357737308597, 0.49983923078745807, -0.49982721326364316, 0.5001976690085005]","[479.53079340885336, 10.278202977112242, 9.99922256398963]",5.110000000000041,100.0,0.0,"[50.0, 92.14789767213557, 92.14789767213554]",35
965,2901089897,settled,Qk2i_0012,unmatched,,"[0.4190709948200383, 0.3272250406963257, 0.28175293110921773, 0.7986980404716139]","[0.5001584386602023, 0.5001157793247313, 0.49994636334630316, 0.49977932858833973]","[480.0241950683261, 9.719358165020058, 9.994255103870696]",5.110000000000041,100.0,0.0,"[50.0, 91.92488307860046, 91.92488307860047]",28
966,1777789208,settled,Qk2i_0009,unmatched,,"[0.6411688332735277, -0.4390430396314748, 0.5150426975449305, 0.3617661624522945]","[0.4999540655106836, -0.5001414224865276, 0.500025239697965, 0.4998792349732928]","[480.0531774655496, 15.009185849261419, 9.71412206546387]",5.050000000000021,100.0,0.0,"[50.0, 91.46174378605829, 91.4617437860583]",31
967,4293855749,settled,Qk2i_0012,unmatched,,"[0.5166972535183565, 0.6321968208504625, 0.5736405816836968, -0.06547985154798126]","[0.5001368429574036, 0.4998895799881262, 0.5001322116175495, 0.49984129185015824]","[479.75900835051476, 9.718225572284487, 9.997000158836364]",5.170000000000061,100.0,0.0,"[50.0, 92.1447316995842, 92.14473169958421]",39
968,2977016398,settled,Qk2i_0006,unmatched,,"[-0.7697554513004683, 0.271934197101798, -0.5773849482776028, -0.012448258604438496]","[-0.7071125218132693, -4.823346833698894e-05, -0.7071009390465143, 0.0003757232346054684]","[480.25979435436903, 10.00580250053514, 9.712919138994005]",5.170000000000061,100.0,0.0,"[50.0, 89.37253919400938, 89.37253919400939]",27
969,3277550680,settled,Qk2i_0002,unmatched,,"[0.8795958511380817, -0.404251198907489, 0.18305854803349653, -0.17141083639723378]","[0.7070024644717344, -0.7072110818144386, -7.743493977696581e-07, 3.145069185916949e-05]","[479.62715137048343, 10.284397809166824, 14.994101819827716]",5.040000000000018,100.0,0.0,"[50.0, 92.10210297775339, 92.10210297775338]",30
970,3168146097,settled,Qk2i_0011,unmatched,,"[0.4713364866275963, -0.5102437468845695, 0.132809033664927, -0.707004240238867]","[0.4999559481628381, -0.500009704433685, 0.4999821464437464, -0.5000521958818306]","[480.16058041006403, 10.284622074653985, 9.99717159095307]",5.110000000000041,100.0,0.0,"[50.0, 91.4545219087071, 91.45452190870711]",31
971,2312136952,settled,Qk2i_0012,unmatched,,"[-0.238977339792555, -0.18809170192532146, -0.5365157169026477, -0.7871862729042902]","[-0.5000393510017701, -0.5001879111517848, -0.4998579836628207, -0.4999146898780653]","[480.36760911271, 9.710871742962109, 10.001074444865772]",4.990000000000001,100.0,0.0,"[50.0, 91.02562129691754, 91.02562129691755]",31
972,4119843294,settled,Qk2i_0012,unmatched,,"[-0.6782363959592157, -0.6128690115579294, 0.3186176021708939, 0.25073848818067446]","[-0.4999069510762916, -0.4999050657389289, 0.5001401980812448, 0.5000477454977841]","[480.02831708583483, 9.719504184795682, 9.99018010682338]",5.020000000000011,100.0,0.0,"[50.0, 91.05735041191697, 91.05735041191699]",44
973,356519578,settled,Qk2i_0004,unmatched,,"[0.2643802208224408, 0.477257519620779, -0.3229105049716565, 0.7733415575166313]","[0.0005981319634049688, 0.7070065335038846, 0.0002949871644335745, 0.7072067001970129]","[480.0252515368064, 10.01569642756102, 10.272192862894338]",5.050000000000021,100.0,0.0,"[50.0, 91.90722835637557, 91.90722835637558]",28
974,1943136294,settled,Qk2i_0006,unmatched,,"[-0.3629926831460144, 0.45628115459666085, -0.28675605289603895, -0.7601412934908084]","[-4.475443113174937e-05, 0.7071461550261811, -2.1352873069646616e-05, -0.707067403415533]","[479.52833937538713, 9.995654350394185, 9.719320215690242]",5.140000000000051,100.0,0.0,"[50.0, 91.65125341245628, 91.6512534124563]",29
975,3565683129,settled,Qk2i_0003,unmatched,,"[-0.547998248022544, -0.8120182559963203, 0.16486811997466025, -0.1146419430615943]","[-0.7070256789378858, -0.7071877487314814, 0.0003709390559151482, -0.00019942602040406987]","[479.81107158040686, 9.712387396597572, 14.996111511449246]",5.080000000000031,100.0,0.0,"[50.0, 91.33906503334782, 91.33906503334781]",38
976,1751546072,settled,Qk2i_0011,unmatched,,"[-0.3280221644267384, 0.36617063802881317, 0.7613309747857608, -0.42272410662527027]","[-0.5001602976791938, 0.49984871268380354, 0.49999845672372417, -0.4999924842712127]","[480.2965929500699, 10.28354459416212, 10.002668599211413]",5.1500000000000545,100.0,0.0,"[50.0, 90.28685407925785, 90.28685407925784]",38
977,1397927952,settled,Qk2i_0006,unmatched,,"[0.904925349199759, -0.2134010861924796, 0.2823914184143395, 0.23627351860397244]","[0.707171357807806, -3.720244294752595e-05, 0.707042197590671, 1.1764225106458692e-05]","[480.2848247892377, 10.004082551859783, 9.71627644079804]",5.460000000000158,100.0,0.0,"[50.0, 92.66108252812937, 92.66108252812938]",33
978,4035434587,settled,Qk2i_0005,unmatched,,"[-0.6767719944343353, 0.14128449179956656, 0.30945224413417693, 0.652884115694839]","[-0.7072201325791522, -0.00021022458865815741, -0.0003552901519432773, 0.7069932910921127]","[480.12449274723434, 15.002133483156987, 9.996227075949413]",5.1500000000000545,100.0,0.0,"[50.0, 90.42183930977178, 90.4218393097718]",26
979,2114130661,settled,Qk2i_0015,unmatched,,"[-0.11671079965840357, -0.12666230183669927, -0.982019919426621, -0.07727954700862226]","[0.00018412102343197571, 7.826335138555462e-05, -0.9999999663954644, 0.00016487379018566747]","[480.30772445774835, 10.000426139770346, 14.993818160102608]",5.160000000000058,100.0,0.0,"[50.0, 91.5261245573193, 91.52612455731932]",30
980,3638443810,settled,Qk2i_0014,unmatched,,"[0.059547317185544554, 0.39640322724174526, 0.893284933349204, -0.20337312088779458]","[-0.00012177975655824497, 0.7070651386262418, 0.7071483613580286, 0.000264457557275053]","[480.12254469626714, 15.00590612019701, 9.987724922584926]",5.140000000000051,100.0,0.0,"[50.0, 92.33072168451507, 92.33072168451508]",29
981,1276054237,settled,Qk2i_0002,unmatched,,"[0.19847170397213157, 0.14485266137657626, -0.7549022116539003, 0.6080701769159308]","[0.00010620580316855752, -0.00013071979042469925, -0.7070621999711227, 0.7071513395339499]","[479.81340496536137, 10.279869336988284, 14.999389002486812]",5.1800000000000646,100.0,0.0,"[50.0, 90.9619544896007, 90.96195448960071]",30
982,218439059,settled,Qk2i_0005,unmatched,,"[-0.31928362511020086, 0.6061291818978068, 0.5454370968132035, 0.4828703293932732]","[-0.7071559126327354, -0.00011045586416209803, 0.00017888168951089845, 0.7070576150706577]","[479.9163447567244, 15.000581816421134, 10.0018244031711]",5.430000000000148,100.0,0.0,"[50.0, 90.62267772509554, 90.62267772509556]",21
983,2213472531,settled,Qk2i_0002,unmatched,,"[0.10514992183552246, 0.24068664568741632, 0.4737389502858386, -0.8405860095836687]","[0.00036807754373641144, -5.4125354414069626e-05, 0.7071316918330989, -0.7070817717878374]","[479.9207656960743, 10.295922826418966, 14.992781854091238]",5.160000000000058,100.0,0.0,"[50.0, 91.0540793560122, 91.05407935601221]",28
984,787746249,settled,Qk2i_0005,unmatched,,"[-0.5694810868307036, -0.2375977186895554, 0.403312307451908, -0.6757054080540255]","[-0.7071808582057633, -0.0002967907339516539, -0.00015190692460814224, -0.7070326177956054]","[480.1002037937129, 15.003585809540981, 9.998614827237924]",5.160000000000058,100.0,0.0,"[50.0, 90.146678163958, 90.14667816395801]",22
985,620666044,settled,Qk2i_0002,unmatched,,"[0.3512700169167964, -0.04610390148788196, 0.2607949201033328, -0.8980366446482936]","[-7.094981522653974e-06, 0.0001448262531301425, 0.7071072864891447, -0.707106261016671]","[480.0188077103719, 10.27941067028153, 15.002032302060593]",5.240000000000085,100.0,0.0,"[50.0, 91.88280492270948, 91.88280492270945]",47
986,1382691233,settled,Qk2i_0011,unmatched,,"[0.47408594454505865, -0.6966516414024221, 0.33101000622289733, -0.4246779762319307]","[0.4997444232063999, -0.5001456799432524, 0.5001608158980946, -0.49994896594388183]","[480.17699529493524, 10.281659400719485, 9.997498584333453]",5.170000000000061,100.0,0.0,"[50.0, 89.81406526546118, 89.81406526546117]",42
987,3286462226,settled,Qk2i_0004,unmatched,,"[-0.3448778936984663, -0.42718010711039134, 0.8219048655539987, 0.1518182680243951]","[-0.7072308086956334, 1.701404220647018e-05, 0.7069827205658898, -0.00012555276123360493]","[480.3105171100834, 10.005118172383717, 10.283397239707494]",5.260000000000091,100.0,0.0,"[50.0, 92.85082005987137, 92.85082005987138]",32
988,2525897259,settled,Qk2i_0014,unmatched,,"[-0.18660777978837914, -0.7443077658333969, 0.6395441794809863, -0.046548133523710164]","[-0.00018263947870765545, -0.7071698724576173, 0.707043653876878, -9.820148635202883e-05]","[480.2502173835209, 15.005095828614472, 9.995130642920033]",5.0300000000000145,100.0,0.0,"[50.0, 90.49589035588163, 90.49589035588161]",31
989,3052397492,settled,Qk2i_0002,unmatched,,"[0.3577418947578834, -0.03461281949819094, 0.8397397400760982, -0.4070133393371179]","[0.000217170837118863, -0.00014867871889434617, 0.7071692702895215, -0.7070442375761589]","[479.9471749201747, 10.293924983811824, 15.000323939030501]",5.450000000000155,100.0,0.0,"[50.0, 92.89359909335259, 92.8935990933526]",28
990,958294864,settled,Qk2i_0004,unmatched,,"[-0.030561851898347012, -0.4924964696048103, 0.3778133004972502, -0.7834349434399235]","[-3.1065322839252125e-05, -0.7070936184106286, 0.00016426854170634167, -0.7071199239547394]","[479.60918504488654, 10.00615365467736, 10.282009453360759]",5.140000000000051,100.0,0.0,"[50.0, 91.0100444966431, 91.01004449664312]",18
991,2025461898,settled,Qk2i_0012,unmatched,,"[-0.3979758930455951, -0.005549041121273697, -0.43366712258227247, -0.8084041213949913]","[-0.5000555322410916, -0.49994844257746696, -0.5002184918526841, -0.49977743031080357]","[480.198702874765, 9.71135311457857, 9.993096569577743]",5.140000000000051,100.0,0.0,"[50.0, 92.70801268660044, 92.70801268660043]",27
992,2542739526,settled,Qk2i_0015,unmatched,,"[-0.2306445065743204, 0.9168653108316615, -0.19133692885921558, -0.2637257913731088]","[-1.9963517609085457e-05, 0.9999999946295811, 9.982215808018724e-05, 1.9437914384554283e-05]","[479.81407733575946, 9.990667235159862, 14.99674166619929]",5.110000000000041,100.0,0.0,"[50.0, 92.37513416021267, 92.37513416021267]",21
993,662844678,settled,Qk2i_0006,unmatched,,"[0.015319791156266027, -0.6766081749749832, -0.37969078318171673, 0.6307151422970638]","[-2.3678492491741032e-05, -0.7070852783081164, -4.302541869122267e-05, 0.7071282817057144]","[479.55340120911654, 10.005944818852367, 9.71037281717278]",5.190000000000068,100.0,0.0,"[50.0, 91.12853958846816, 91.12853958846817]",46
994,4118277549,settled,Qk2i_0012,unmatched,,"[-0.321344111537062, -0.6565169609170431, 0.5522363378719223, 0.4009469654985733]","[-0.5000577664702379, -0.4999232012307745, 0.499862280433414, 0.5001566991092679]","[479.72153529132186, 9.709019698821384, 9.995559451767894]",5.0600000000000245,100.0,0.0,"[50.0, 89.96107354445498, 89.96107354445496]",26
995,111249246,settled,Qk2i_0006,unmatched,,"[-0.6279501010244584, -0.002943014146429479, -0.6948500248436215, -0.3505045681099255]","[-0.7069946952959236, -8.732377947473502e-05, -0.7072188148422335, 0.0002028081072202037]","[480.23315094693254, 9.999597919431746, 9.708730745531112]",5.070000000000028,100.0,0.0,"[50.0, 91.56446199136049, 91.5644619913605]",28
996,746129938,settled,Qk2i_0014,unmatched,,"[-0.47377988456087816, 0.707079339833246, -0.49704674862137505, -0.16886668662404006]","[0.00021467068752258121, 0.7070718541924369, -0.7071416579249983, -0.00015017473115804921]","[480.1537027294312, 15.016974540409935, 10.000688384743952]",5.1800000000000646,100.0,0.0,"[50.0, 91.76996739087224, 91.76996739087225]",21
997,3176734675,settled,Qk2i_0013,unmatched,,"[-0.44694209170526156, 0.4952759132457724, -0.012535065867450861, 0.7448405255787244]","[-0.2701391597156465, 0.6533862257833077, -0.27043457209957544, 0.6534343245943607]","[479.96918249242975, 12.575530688870808, 12.577822865903816]",5.170000000000061,100.0,0.0,"[50.0, 92.10383481814253, 92.10383481814254]",37
998,2924323672,settled,Qk2i_0004,unmatched,,"[0.7808029314754367, 0.10050712330818726, -0.580673385897103, 0.20751751558476023]","[0.7070967159397127, -9.779101946791324e-05, -0.707116780524316, -0.0002888686835287868]","[479.7684661040998, 9.996595847339487, 10.277886477801605]",5.140000000000051,100.0,0.0,"[50.0, 88.91321463149373, 88.91321463149374]",26
999,3932611806,settled,Qk2i_0012,unmatched,,"[0.18863484293005242, 0.33663714806484407, 0.7901304930925778, 0.47622067412157004]","[0.5000362774769921, 0.5001487711171281, 0.49977333013379915, 0.5000415447179885]","[480.22241541892237, 9.721281537425412, 10.00245606743639]",4.990000000000001,100.0,0.0,"[50.0, 90.53520173987086, 90.53520173987087]",30
