trial,seed,status,pose_id,match_status,roadmap_pose_id,initial_quat_xyzw,final_quat_xyzw,final_pos_chute_mm,sim_time_s,actual_drop_height_mm,actual_lateral_mm,initial_pos_chute_mm,roughness_impulse_count
0,2684470948,settled,Qk1a_0009,matched,8,"[0.349089743713377, 0.08400502135107916, 0.056934439305736904, -0.9315782183171066]","[-0.0002863209031768177, -8.807442847610925e-05, 0.1892486718963276, -0.9819291473669124]","[479.7487851315003, 12.996439767288726, 15.19247135429584]",5.280000000000098,100.0,0.0,"[50.0, 92.35635115140028, 92.35635115140029]",15
1,4091952314,settled,Qk1a_0009,matched,8,"[-0.17049489125704653, 0.20532709385459424, 0.2597125984666087, 0.9280741580187418]","[-9.25235149401016e-05, -1.7231763575903394e-06, -0.18888524270528886, 0.9819991631995386]","[479.4158684407711, 12.995843392258996, 15.187742679805194]",5.330000000000115,100.0,0.0,"[50.0, 92.53304758736789, 92.5330475873679]",28
2,233227757,settled,Qk1a_0007,matched,1,"[-0.20480810163161187, 0.4982271422400755, 0.5959252640682177, -0.5955639645634782]","[-0.43141753505353847, 0.5010542033353976, 0.5606820590040954, -0.4984568431461114]","[479.570037322596, 11.907741630045104, 11.980432695045916]",5.050000000000021,100.0,0.0,"[50.0, 90.95695325826827, 90.95695325826829]",30
3,3276785861,settled,Qk1a_0009,matched,8,"[-0.06476159517851178, 0.4273534090302821, -0.8690822779070483, 0.24056390794969013]","[7.510084791693959e-05, -9.005297427855384e-05, -0.9820312801608204, -0.1887181788700405]","[479.30115847886793, 12.995845140990117, 15.189497842714458]",5.140000000000051,100.0,0.0,"[50.0, 93.17397668578201, 93.17397668578202]",27
4,3644269654,settled,Qk1a_0009,matched,8,"[-0.014279672063401007, -0.3020425176314726, -0.9375844928891162, 0.1717606683803424]","[0.00018364054265071486, 4.826987256800753e-05, -0.9819822700137314, -0.18897297511773944]","[479.4359568306647, 12.99261723802734, 15.189235006816862]",5.340000000000118,100.0,0.0,"[50.0, 92.10934804844423, 92.10934804844425]",32
5,1206282609,settled,Qk1a_0003,matched,6,"[0.5013371598926143, -0.8114746127900386, -0.0032762861669307047, -0.30026533409139416]","[0.18794047321316562, -0.9821801943158207, -0.0005502292153968248, 0.00037639069947957576]","[479.6795787002721, 12.995893818571503, 14.808449085502854]",5.160000000000058,100.0,0.0,"[50.0, 92.71203743545429, 92.7120374354543]",26
6,3543069911,settled,Qk1a_0009,matched,8,"[-0.13404834235336777, 0.26953815910033546, -0.46707971399657333, 0.8313944692346683]","[9.718857468626886e-05, -1.4976161041443949e-05, -0.1892973994155606, 0.981919795555931]","[479.51419990461517, 13.001288678391486, 15.190190342647409]",5.400000000000138,100.0,0.0,"[50.0, 93.12545089863409, 93.1254508986341]",23
7,3479688010,settled,Qk1a_0009,matched,8,"[-0.32606207839901974, -0.08560879807848332, -0.6532843717329692, 0.6779190101856776]","[-0.0001130798159850177, -0.00013171064699429857, -0.8279182082575249, 0.5608488301680858]","[480.0084848544415, 12.995941988081032, 15.194266522696156]",5.400000000000138,100.0,0.0,"[50.0, 93.17265502313323, 93.17265502313325]",24
8,877132087,settled,Qk1a_0012,matched,5,"[0.5724358435648497, -0.17574059521237254, 0.22115948882353434, 0.769753810448453]","[0.6943183058481031, -0.1336895891381035, 0.1337501347200103, 0.6943774804691496]","[479.29003282696016, 14.817959097403628, 13.001312731429264]",5.070000000000028,100.0,0.0,"[50.0, 90.77284039136886, 90.77284039136887]",19
9,1244265337,settled,Qk1a_0004,matched,9,"[-0.9163656239680553, -0.3124533183594708, 0.1567298713931644, -0.19514792970686085]","[-0.9820726408848851, 0.18850279715682813, 9.310438375785546e-05, 0.00012174158236794019]","[479.8022404371032, 12.99146328623774, 14.794500893814536]",5.070000000000028,100.0,0.0,"[50.0, 92.35271722149443, 92.35271722149444]",24
10,2740186692,settled,Qk1a_0006,matched,7,"[0.6454694822641096, -0.13579899155073316, -0.5987883368552699, -0.45429099595480205]","[0.5853925062212411, -0.3968724611739625, -0.3968257410819994, -0.5850958848226997]","[479.6622928280848, 15.193463506967495, 12.988579529162145]",5.1500000000000545,100.0,0.0,"[50.0, 93.28155450068942, 93.28155450068944]",26
11,3884972972,settled,Qk1a_0008,matched,0,"[-0.6012548493196739, -0.6463381036093496, -0.20334873870383272, -0.42354333008537154]","[-0.43536316324985513, -0.49445324355551096, -0.5642388845492433, -0.4976036446662548]","[480.0608271567897, 11.985973310167383, 11.922290865448028]",5.360000000000125,100.0,0.0,"[50.0, 91.73301549512688, 91.73301549512688]",24
12,829139639,settled,Qk1a_0010,matched,10,"[0.5209095300472875, 0.10632951834513299, -0.4095752090978097, 0.7413470463466431]","[0.706987441787461, -0.0004556864154308595, 0.00022100124040015805, 0.7072259191115411]","[479.9667890480105, 14.82615011877995, 12.993998059927517]",5.480000000000165,100.0,0.0,"[50.0, 92.01045944852598, 92.01045944852599]",28
13,2545567356,settled,Qk1a_0008,matched,0,"[-0.20435424223634752, -0.592516211079748, -0.6028523939159808, -0.4936930974172911]","[-0.4352067332808865, -0.49447987588155606, -0.5646024784669534, -0.49730151112188836]","[479.50416938294063, 11.978100801344448, 11.913616544719416]",5.070000000000028,100.0,0.0,"[50.0, 90.76856049688539, 90.76856049688539]",27
14,2718398101,settled,Qk1a_0009,matched,8,"[0.04456266628605246, 0.22721982493144482, -0.0337641677325857, -0.9722372657478868]","[0.0001644875685165026, 2.1843260270423825e-05, 0.18921968326386226, -0.9819347656195067]","[479.90440528101175, 13.0095428448724, 15.189008658583077]",5.280000000000098,100.0,0.0,"[50.0, 91.68138904657131, 91.68138904657133]",30
15,176092387,settled,Qk1a_0007,matched,1,"[0.6150094261867407, 0.09473742193381708, -0.6668593261385558, -0.40998398228323635]","[0.6595661396037874, -0.04961008039409259, -0.7487368861281818, -0.04363969251178579]","[479.9703303342932, 11.92126893663569, 11.985108711566903]",5.130000000000048,100.0,0.0,"[50.0, 91.54419911760709, 91.5441991176071]",27
16,3528048386,settled,Qk1a_0012,matched,5,"[0.05964849127147125, -0.7507736843900195, 0.5184949801332069, 0.4048998492135285]","[-0.13362590541495106, -0.6944753398692345, 0.694274600129049, -0.13353239056946137]","[480.0710559522718, 14.799909218895973, 12.990898035587968]",5.310000000000108,100.0,0.0,"[50.0, 92.81018718235842, 92.81018718235843]",31
17,569531098,settled,Qk1a_0007,matched,1,"[-0.11874297779359728, -0.7836385736386496, 0.3947598820333435, 0.4647314565072098]","[-0.5014228949617976, -0.4312629554525941, 0.49859845697254807, 0.5603453599049589]","[479.32498276339294, 11.915009232643827, 11.981535030929503]",4.819999999999944,100.0,0.0,"[50.0, 92.36971361023896, 92.36971361023897]",24
18,1337295874,settled,Qk1a_0012,matched,5,"[0.7540801171321847, 0.10513828949510484, 0.3578000943176255, 0.5406368555086236]","[0.6943185202799311, -0.13366394109757934, 0.13377054655312537, 0.6943782716368851]","[479.8969616970259, 14.82108921457369, 12.999998621903151]",5.110000000000041,100.0,0.0,"[50.0, 93.0584183157035, 93.05841831570349]",20
19,612016888,settled,Qk1a_0007,matched,1,"[0.12009615038615984, 0.8091503209928758, -0.26528910017446583, -0.5103668935463713]","[0.04967364621048925, 0.6597083946528683, 0.04371901658698821, -0.7486027053687137]","[479.5946347902637, 11.919166530638595, 11.979852355227482]",4.949999999999988,100.0,0.0,"[50.0, 90.86138088064774, 90.86138088064773]",36
20,232150720,settled,Qk1a_0008,matched,0,"[-0.5359830145526445, 0.08906100796225318, -0.8028613047566096, -0.24536517743217254]","[-0.6572236289395712, -0.04171731003416093, -0.7510413970439342, 0.04747196576201787]","[479.904545950085, 11.990606729867743, 11.918031943215988]",5.130000000000048,100.0,0.0,"[50.0, 90.34579607419732, 90.34579607419734]",30
21,2324106676,settled,Qk1a_0009,matched,8,"[-0.04500258594739219, 0.0025524340432222146, -0.32651812985035056, -0.944115545480283]","[9.63435640035093e-05, -0.0002125099543628245, 0.18894046400720926, -0.9819885165408899]","[480.0256782719884, 13.003799950320817, 15.1926226722085]",5.350000000000121,100.0,0.0,"[50.0, 89.01572162719533, 89.01572162719532]",25
22,1658700540,settled,Qk1a_0007,matched,1,"[0.3856602856164407, 0.1640545618070452, -0.897042914685939, -0.1402364220176025]","[0.6596850405773684, -0.049880740313260646, -0.7486073960042631, -0.04375529261647551]","[479.722904994272, 11.928362839375502, 11.984566550561247]",5.0900000000000345,100.0,0.0,"[50.0, 93.04944442735322, 93.04944442735324]",40
23,609942288,settled,Qk1a_0008,matched,0,"[-0.6615657420037585, 0.6011805735348285, -0.4450209339615182, 0.05356356361715848]","[-0.4943440816791132, 0.43523922389323266, -0.4973867247960678, 0.5646212827110677]","[480.1160186979927, 11.982216628678765, 11.9103363828783]",5.340000000000118,100.0,0.0,"[50.0, 92.8723404651684, 92.87234046516839]",40
24,3405943863,settled,Qk1a_0003,matched,6,"[0.7845222555156509, 0.5211125294606916, 0.14359868610630752, -0.30388481302667647]","[0.5612535179970379, 0.8276438831156284, 0.0002977797304944408, -5.1033958495622096e-05]","[479.4805931387889, 12.994888634520697, 14.816192685602688]",5.490000000000168,100.0,0.0,"[50.0, 92.86511899225773, 92.86511899225775]",29
25,2257503667,settled,Qk1a_0007,matched,1,"[0.6034227644478223, 0.39225425648930207, -0.5079168677173587, -0.4733265480620753]","[0.5010797719233772, 0.43155657184419366, -0.49854796895680986, -0.5604711501195612]","[479.3870277728537, 11.916546845409282, 11.979284546904335]",4.969999999999994,100.0,0.0,"[50.0, 87.31937123977079, 87.31937123977077]",29
26,4018327298,settled,Qk1a_0007,matched,1,"[-0.7659205575247773, -0.2830695053767261, 0.5022718464389246, -0.28453531759966677]","[-0.6595106337326468, 0.049569990072654474, 0.7487640779631688, 0.0440555970306315]","[480.1166442594793, 11.923176116485985, 11.984893204542507]",4.859999999999958,100.0,0.0,"[50.0, 91.63207473087998, 91.63207473087999]",27
27,2224437599,settled,Qk1a_0007,matched,1,"[-0.6123369115304546, 0.06270447467512338, 0.5201098551092568, -0.5921126533450277]","[-0.4312589043448124, 0.5015729093729326, 0.5604949929174764, -0.4982827881042272]","[479.26372551182675, 11.91921625773031, 11.983446013963992]",5.1500000000000545,100.0,0.0,"[50.0, 92.31961994191398, 92.31961994191397]",40
28,168388230,settled,Qk1a_0008,matched,0,"[0.611570761245609, 0.02118769316912591, 0.654066567917755, 0.44466752791262565]","[0.6574147130819553, 0.04172690033763163, 0.7508846652928058, -0.047296725464823025]","[479.2612038259029, 11.987556160009762, 11.920181616430424]",5.040000000000018,100.0,0.0,"[50.0, 92.466834395501, 92.46683439550101]",25
29,911875363,settled,Qk1a_0007,matched,1,"[0.4179313099460675, -0.6409283940444419, -0.2553852315313794, 0.59103519132962]","[0.4312489963876613, -0.5015029721240565, -0.560346341728226, 0.49852888519840777]","[479.8415451045, 11.92300092907182, 11.976767591579218]",4.990000000000001,100.0,0.0,"[50.0, 88.89707336419625, 88.89707336419626]",24
30,3699796293,settled,Qk1a_0008,matched,0,"[-0.30739590938505207, 0.5248451890741236, -0.7006219887471803, 0.37306046598779463]","[-0.4944975192321752, 0.4352871033421296, -0.4972496179263905, 0.5645707737824385]","[479.7369530427394, 11.98703882244334, 11.923117885997536]",5.050000000000021,100.0,0.0,"[50.0, 90.36639280032348, 90.3663928003235]",23
31,3195154224,settled,Qk1a_0011,matched,4,"[0.12201026212475458, -0.7550394894311968, 0.42152916537896845, 0.48717761450074515]","[0.5850660137970493, -0.39694518210171686, 0.3975038764874129, 0.5849127713457328]","[479.25516100229027, 14.805254042760867, 12.989608608429828]",5.1200000000000445,100.0,0.0,"[50.0, 92.31055898818022, 92.31055898818023]",19
32,3621210587,settled,Qk1a_0009,matched,8,"[-0.19518508667563716, -0.23685537345835786, 0.3018603443143305, -0.9025977213209435]","[0.00010314177698200755, -0.00045272269142203336, 0.18880936348906566, -0.9820136499371037]","[479.38398041995237, 13.000309977737697, 15.188185885954264]",5.460000000000158,100.0,0.0,"[50.0, 92.5878624596443, 92.58786245964431]",17
33,1945778437,settled,Qk1a_0006,matched,7,"[0.5994480898969989, 0.5232689771236637, 0.5614537647935656, -0.22720307017715616]","[0.3960089752095457, 0.5857869928143498, 0.5858771166425913, -0.39595264211464704]","[479.2822148913688, 15.193049490484416, 13.005294489809208]",5.110000000000041,100.0,0.0,"[50.0, 92.98863064298268, 92.98863064298267]",21
34,2384190687,settled,Qk1a_0003,matched,6,"[0.6271519910898339, 0.7556355349822913, 0.01241359428343946, -0.18852379431002778]","[0.5622606914824391, 0.8269598125262587, 0.00046691028263889933, -0.0004065402964806286]","[479.4643320051898, 12.99363499117127, 14.79945569389154]",5.550000000000188,100.0,0.0,"[50.0, 91.64375497888201, 91.64375497888203]",17
35,3249086786,settled,Qk1a_0010,matched,10,"[-0.1597703233753325, 0.4897195982284835, -0.5779003828038035, -0.6329923431090553]","[-5.4121887472082916e-05, 0.7065879069485352, -0.7076252243090989, 0.0002621953604878377]","[479.2773689801103, 14.829891591512851, 12.979658348166181]",5.5600000000001915,100.0,0.0,"[50.0, 92.64911129915703, 92.64911129915701]",24
36,439485575,settled,Qk1a_0007,matched,1,"[0.5212781417789312, 0.09256863769634534, -0.808698544051474, 0.25633339826790696]","[0.6593776185095386, -0.049735176023048944, -0.7488763535434929, -0.04395196898942447]","[479.7949898634104, 11.922151067519044, 11.972956731583459]",5.010000000000008,100.0,0.0,"[50.0, 90.58055066435645, 90.58055066435644]",32
37,2217192537,settled,Qk1a_0009,matched,8,"[-0.21740486374478168, -0.112592853649051, -0.6073056375673959, 0.7558027765932958]","[-7.652376834593745e-05, -0.0003660103215834543, -0.8276948205948798, 0.5611783532362661]","[479.46048235101733, 13.015059487370884, 15.18510260322706]",5.320000000000111,100.0,0.0,"[50.0, 92.34237955853395, 92.34237955853396]",29
38,3412522237,settled,Qk1a_0012,matched,5,"[-0.24621569511367875, -0.5467507847628059, 0.7917514866850981, -0.11649461005935267]","[-0.585474498310017, -0.39657129189135987, 0.3967050507613832, -0.5852998590266876]","[479.9202234959229, 14.801997242278864, 12.99004734446071]",5.510000000000175,100.0,0.0,"[50.0, 90.97852800993533, 90.97852800993535]",20
39,555567425,settled,Qk1a_0006,matched,7,"[-0.4612726253349569, -0.6958366341102525, -0.5223568792301665, 0.17373034987483388]","[0.13359369247334835, -0.6944594820332606, -0.6942865500273858, -0.13358495273234278]","[479.8487284874901, 15.18236618209197, 12.993823024823325]",5.300000000000105,100.0,0.0,"[50.0, 91.44752738334779, 91.4475273833478]",19
40,3399977417,settled,Qk1a_0012,matched,5,"[0.8655048205669646, 0.02649245432845738, 0.32018421698658933, 0.38429366717613994]","[0.3965405014315122, -0.5855740190021438, 0.5853097942340323, 0.39657426009240293]","[480.0473566616014, 14.807362790317654, 12.995158247038798]",5.470000000000161,100.0,0.0,"[50.0, 92.26957419801215, 92.26957419801217]",30
41,2903099886,settled,Qk1a_0004,matched,9,"[-0.9275430186800664, -0.235950465654843, 0.17719537592713272, -0.22933191013283477]","[-0.981939852458179, 0.18919323278845576, 0.00020823569125486, 5.881632243137647e-05]","[479.7056167293877, 13.008829465895014, 14.801471087407775]",5.130000000000048,100.0,0.0,"[50.0, 92.81897837413294, 92.81897837413295]",28
42,151712926,settled,Qk1a_0008,matched,0,"[0.7767554207616434, -0.4945431487690227, -0.02057994009867571, -0.3894284997127939]","[0.4943796390830552, -0.43527876192539583, 0.49745480577456036, -0.5644996794406506]","[479.4539917341256, 11.986488484122534, 11.914661254375297]",5.1200000000000445,100.0,0.0,"[50.0, 93.0327602075681, 93.03276020756809]",22
43,1207582415,settled,Qk1a_0008,matched,0,"[-0.43303184102989717, 0.26753182802764564, -0.22157253360287404, 0.831754626076253]","[-0.49466791444677505, 0.4350323719772815, -0.49742485635854944, 0.5644634638533965]","[479.6888427894251, 11.987295521040426, 11.922681194081807]",5.040000000000018,100.0,0.0,"[50.0, 93.12360134968145, 93.12360134968146]",30
44,2486821540,settled,Qk1a_0012,matched,5,"[0.1594260365462531, -0.38474526354833694, 0.9006348849824816, 0.12414195503884198]","[-0.13367255612917525, -0.6941656581618079, 0.6945783311100842, -0.13351639868947593]","[480.0331262221847, 14.815512737813899, 12.995475766465166]",5.330000000000115,100.0,0.0,"[50.0, 92.99387809449313, 92.99387809449314]",16
45,1259821421,settled,Qk1a_0009,matched,8,"[-0.32259113934371036, 0.05897052116106503, -0.5412481782532801, -0.7742789187291779]","[-3.0102885602567575e-05, -4.614924672038945e-05, -0.560713133965935, -0.8280101317992207]","[479.5532096427384, 13.008158992098515, 15.188464806538104]",5.530000000000181,100.0,0.0,"[50.0, 93.39718605609828, 93.39718605609829]",32
46,597594931,settled,Qk1a_0003,matched,6,"[-0.17871979468227023, -0.894261750835104, -0.36951140635140683, -0.17837173699402925]","[-0.5610286434991469, -0.8277963473537675, -0.0001817422923314771, 0.00018828437802131948]","[479.3716145245183, 12.999063968082297, 14.807388440371916]",5.230000000000081,100.0,0.0,"[50.0, 92.9269985755901, 92.92699857559012]",28
47,2865206418,settled,Qk1a_0009,matched,8,"[-0.02304740513733, -0.04508619876411423, 0.7730641006988977, 0.632303683373775]","[-0.00022154828343856625, 8.359415817058014e-05, 0.5608372879677931, 0.8279260114003579]","[479.95023703409566, 13.007084885117077, 15.190495481999207]",5.320000000000111,100.0,0.0,"[50.0, 89.02675868015687, 89.02675868015689]",30
48,3003750881,settled,Qk1a_0007,matched,1,"[-0.3199398432093655, 0.16753826196273716, 0.4776615276337274, -0.8008800737465539]","[-0.43138740178693025, 0.501606999576293, 0.5603136065033798, -0.4983412384328296]","[479.6967217112799, 11.922960836687333, 11.973889791129032]",5.040000000000018,100.0,0.0,"[50.0, 91.03748659501574, 91.03748659501572]",28
49,3312495928,settled,Qk1a_0009,matched,8,"[-0.0645330648177024, -0.0038038643413784616, 0.42946817366907813, -0.9007652868348409]","[1.0129100626615761e-05, 7.488584885362304e-05, 0.8278714712097635, -0.5609178384099518]","[479.94641936509015, 13.003509660611723, 15.195751396815206]",5.270000000000095,100.0,0.0,"[50.0, 89.52805390406449, 89.5280539040645]",19
50,3078168926,settled,Qk1a_0009,matched,8,"[0.0747193812888315, 0.25057809186231017, 0.15564422601431893, 0.9525767732035362]","[0.00022084097116176205, -0.00010788064492739391, -0.18906683271498836, 0.981964190975493]","[479.8610791262301, 13.003622520944726, 15.188027095599868]",5.420000000000145,100.0,0.0,"[50.0, 92.5697605379142, 92.56976053791422]",34
51,1005097259,settled,Qk1a_0012,matched,5,"[-0.6801311659388386, -0.5348920800158797, 0.3007708324979351, -0.40105980373687483]","[-0.5856646857008277, -0.3962650466376152, 0.396563570065222, -0.5854128659615921]","[479.672518048482, 14.821637357230559, 12.99145835509909]",5.270000000000095,100.0,0.0,"[50.0, 91.4783125121764, 91.47831251217642]",25
52,1646080115,settled,Qk1a_0012,matched,5,"[-0.5522257028074862, -0.16147308682972467, 0.6507326016280868, -0.495500046989705]","[-0.5854025193566413, -0.3961743184294688, 0.39693749282085555, -0.5854830710967965]","[480.0765706987318, 14.80273959039075, 12.995942742452623]",5.360000000000125,100.0,0.0,"[50.0, 93.1601522843024, 93.16015228430241]",21
53,2175304393,settled,Qk1a_0012,matched,5,"[0.4635177847490668, -0.3631238729793856, 0.7637832286457282, 0.2644380754227277]","[0.3961448736094079, -0.5856497748810563, 0.585502144893269, 0.3965738501466476]","[479.8017508340353, 14.813654079256214, 12.999518886836515]",5.160000000000058,100.0,0.0,"[50.0, 91.19246137653039, 91.1924613765304]",29
54,3907648593,settled,Qk1a_0007,matched,1,"[-0.5606148293844427, 0.6692917164969598, 0.42495561750449845, -0.23910737013771846]","[-0.43143930699181393, 0.5014611150209415, 0.5603112902356161, -0.49844571674243177]","[479.84024582587335, 11.919475855379142, 11.983752882348766]",4.919999999999978,100.0,0.0,"[50.0, 90.41079851980079, 90.4107985198008]",26
55,1971688097,settled,Qk1a_0001,matched,11,"[-0.7670451610843334, -0.5854990613356909, 0.19452063009749831, 0.17605196533582376]","[-0.7073249400381237, -0.706888451669215, -0.00015300910138954518, 0.000350264157018998]","[479.8760121416702, 12.988462983231363, 14.812153808146553]",5.600000000000205,100.0,0.0,"[50.0, 91.38165421942128, 91.38165421942126]",19
56,268300483,settled,Qk1a_0009,matched,8,"[0.16069949385948554, -0.1473121650444817, 0.9459423078805231, -0.2401415184112949]","[0.0005930235229792136, -8.43514119476807e-05, 0.8278426044662458, -0.5609601264247607]","[479.2726558395809, 13.007340090689278, 15.19257094552755]",5.390000000000135,100.0,0.0,"[50.0, 92.34984262790162, 92.3498426279016]",24
57,3139098279,settled,Qk1a_0008,matched,0,"[0.8218696626780811, -0.0530459906765047, 0.5409598824621232, 0.1705250304475304]","[0.6574452346295282, 0.041659092350351756, 0.7508483041792314, -0.04750902649646724]","[479.26509722914835, 11.984821589855436, 11.918329035200992]",5.110000000000041,100.0,0.0,"[50.0, 89.29282013961374, 89.29282013961372]",24
58,3174456534,settled,Qk1a_0010,matched,10,"[0.08486702368824024, 0.578487481595668, -0.8085728801483829, 0.06602817138123637]","[-9.023887769732576e-06, 0.7069181818723518, -0.7072950786205805, 0.0005965031139762183]","[479.62851457799206, 14.818593807018441, 12.995282358935874]",5.310000000000108,100.0,0.0,"[50.0, 90.03559782716903, 90.03559782716904]",26
59,997026310,settled,Qk1a_0009,matched,8,"[0.11339847940532417, -0.26350367621587667, -0.34201138662076364, 0.8948378673877303]","[0.00010993732588326922, -0.00022333094977722293, -0.8279171239072675, 0.5608504024944527]","[479.6047608776536, 12.994098837806215, 15.18783897774971]",5.0300000000000145,100.0,0.0,"[50.0, 93.17403054899495, 93.17403054899496]",38
60,4280428995,settled,Qk1a_0009,matched,8,"[0.040082764222048275, -0.3945078544329628, 0.8849169822152643, -0.24429256924853357]","[-0.0003074356763870523, 0.00016518597279902017, 0.9819936477089961, 0.18891361532742795]","[479.2714209652723, 13.002446460172639, 15.191330572800894]",5.200000000000071,100.0,0.0,"[50.0, 93.09361462752076, 93.09361462752078]",26
61,345698675,settled,Qk1a_0009,matched,8,"[0.1799933627723881, -0.12901717489034167, -0.7131556542542776, -0.6651059845967076]","[0.00017936236342958045, -6.67143873297471e-05, -0.5605199268607091, -0.8281409149235404]","[479.7517916856568, 12.999312906674778, 15.193959816445188]",5.230000000000081,100.0,0.0,"[50.0, 91.24977776563921, 91.24977776563922]",29
62,2296661869,settled,Qk1a_0009,matched,8,"[0.17970682933787863, 0.07114079317206774, 0.5188104045949198, -0.8327545899724789]","[0.00010082566902561153, -6.344046063305743e-05, 0.8281351673477828, -0.5605284385393415]","[479.76658244482854, 13.001581421946998, 15.188883843459104]",5.320000000000111,100.0,0.0,"[50.0, 92.07170089431735, 92.07170089431736]",21
63,1808063307,settled,Qk1a_0006,matched,7,"[0.2033581204969602, 0.7445317657791194, 0.5727615353710702, -0.2761560214319879]","[-0.13385820944144594, 0.6942887516280702, 0.6943326452363094, 0.13396748443937836]","[479.9092238078504, 15.199733567425202, 12.999013561539972]",5.200000000000071,100.0,0.0,"[50.0, 90.12064527509305, 90.12064527509307]",24
64,3884888703,settled,Qk1a_0007,matched,1,"[0.6793004957295425, 0.4230084733751552, -0.5069137185358015, -0.32039530257889964]","[0.5015268495665695, 0.4313588100386895, -0.49838817351128406, -0.5603656169590739]","[479.65604225185615, 11.913448555265527, 11.972755065236852]",4.859999999999958,100.0,0.0,"[50.0, 89.68624530231476, 89.68624530231475]",24
65,2494461129,settled,Qk1a_0007,matched,1,"[0.6988770933263098, 0.586695007864493, -0.028007765136989552, -0.40813642481734236]","[0.5011815870680336, 0.43138055680327536, -0.49860235721858015, -0.5604672348783101]","[479.55684941099133, 11.92381672112135, 11.983143324519679]",4.829999999999948,100.0,0.0,"[50.0, 92.99334642139222, 92.9933464213922]",31
66,3862701690,settled,Qk1a_0007,matched,1,"[0.32442249600288015, -0.49395592226430945, -0.12500221364868, 0.7969517159340374]","[-0.0495715422215689, -0.659596783313153, -0.04397900402931415, 0.748692589017219]","[480.1039372756337, 11.923647164497021, 11.981331942875352]",5.040000000000018,100.0,0.0,"[50.0, 91.31927578449263, 91.31927578449265]",32
67,1989052338,settled,Qk1a_0003,matched,6,"[-0.42870128489106196, -0.8600027388149851, 0.11578295519546317, 0.25140565795081565]","[0.18733019521822336, -0.9822969812375928, -0.00011662469122014629, -0.0001581445416761612]","[479.39713814709995, 12.996842936377986, 14.80643825072561]",5.570000000000195,100.0,0.0,"[50.0, 92.72860782486839, 92.7286078248684]",24
68,2910179760,settled,Qk1a_0008,matched,0,"[0.6874480246775395, -0.6293776814475954, 0.0713303005926424, -0.35526178471651215]","[0.49475755310500674, -0.4354246014570941, 0.49736115437364203, -0.5641385133206167]","[479.859110577132, 11.973925513716084, 11.9184323321727]",5.260000000000091,100.0,0.0,"[50.0, 92.90392885342348, 92.9039288534235]",28
69,1983180500,settled,Qk1a_0006,matched,7,"[0.5537040183723525, -0.21712226630328488, -0.041601373278368714, -0.8028319296434271]","[0.6943013040006255, 0.13389683492145305, 0.13371738823202786, -0.6943608549921672]","[479.6486500876789, 15.191873945181227, 13.003131502546008]",5.1800000000000646,100.0,0.0,"[50.0, 92.06148418272298, 92.06148418272299]",26
70,2796940620,settled,Qk1a_0006,matched,7,"[0.6429623651661133, 0.4498104375355989, 0.5600263962080593, -0.2657826232360657]","[0.3967987191631623, 0.5853520422186668, 0.5853063508087718, -0.3966487600432268]","[479.7505385127728, 15.199152669301311, 12.995411150398754]",5.130000000000048,100.0,0.0,"[50.0, 92.90444163405347, 92.90444163405346]",26
71,2835193311,settled,Qk1a_0008,matched,0,"[-0.03739039526881122, -0.9208521173882708, -0.08934805188513095, -0.3776906960298498]","[0.04191159655637448, -0.6571596998936007, -0.047495687166519814, -0.7510850195619859]","[479.8602411983145, 11.990908989663394, 11.915730424136717]",5.210000000000075,100.0,0.0,"[50.0, 91.87489035152495, 91.87489035152497]",31
72,1671370085,settled,Qk1a_0008,matched,0,"[-0.8264346652783222, -0.1321621962163896, -0.3527524311990733, 0.41845503964071346]","[-0.6574750213376941, -0.042160545540313205, -0.7507973650611143, 0.04745947043562335]","[480.0067225993667, 11.990867289504028, 11.9183945974823]",5.230000000000081,100.0,0.0,"[50.0, 91.56840986141175, 91.56840986141177]",30
73,3953588250,settled,Qk1a_0007,matched,1,"[0.4702031123833249, 0.021406761150447595, -0.8422546634947904, 0.26278863275141723]","[0.6595308862681822, -0.04945172322974645, -0.748762382650695, -0.04391390958647495]","[480.1181254727043, 11.920520559230667, 11.979280532416782]",5.000000000000004,100.0,0.0,"[50.0, 91.3147162149169, 91.31471621491691]",34
74,358542842,settled,Qk1a_0009,matched,8,"[0.10735659184234503, 0.2029367794254412, -0.02907667244048502, -0.9728544458778069]","[1.980095521775249e-05, -0.00027348366174401173, 0.18918701336834298, -0.9819410363088893]","[479.97470021880775, 12.996864468961007, 15.18931018619542]",5.250000000000088,100.0,0.0,"[50.0, 92.39381551329541, 92.39381551329542]",18
75,3497188667,settled,Qk1a_0009,matched,8,"[0.2919765679122567, -0.048747198747361525, 0.9150532874671483, 0.2739541485358981]","[1.032124831314152e-05, 7.392617465573626e-06, 0.9820063808030522, 0.18884773734655105]","[479.3257983737559, 12.999130586484346, 15.189316708517323]",5.430000000000148,100.0,0.0,"[50.0, 91.5581209672727, 91.55812096727271]",24
76,253549709,settled,Qk1a_0012,matched,5,"[0.30010673307083396, 0.5155344203869836, -0.6703577212910298, 0.44133970551866974]","[0.5852915701146756, 0.39652499037718525, -0.3967141190477168, 0.5855079996953628]","[480.07599819401383, 14.814464994514909, 12.99227628329357]",5.350000000000121,100.0,0.0,"[50.0, 90.48040008931456, 90.48040008931457]",24
77,1953331372,settled,Qk1a_0009,matched,8,"[-0.14150696466078264, -0.1808100534266529, 0.05662958103217592, -0.971636039926712]","[3.591294032145865e-05, 0.00016908406089563568, 0.18922196163644486, -0.9819343253778722]","[479.7111116488317, 13.005461124746382, 15.19369371437276]",5.410000000000141,100.0,0.0,"[50.0, 92.51957436754405, 92.51957436754407]",19
78,890775398,settled,Qk1a_0007,matched,1,"[0.6001554371354401, -0.15560007509735826, -0.7567404099813465, 0.2072342148578009]","[0.659474736818422, -0.049641592465294676, -0.7487929339298639, -0.04402187970190852]","[479.42924887337165, 11.919858222914952, 11.9814943463031]",5.020000000000011,100.0,0.0,"[50.0, 89.50379776026185, 89.50379776026186]",44
79,642810498,settled,Qk1a_0008,matched,0,"[0.2022732219215205, -0.9256380572142716, -0.08491884377451847, -0.3083318353690952]","[0.04124867484404468, -0.657413530184375, -0.0473876061335638, -0.7509063935931418]","[479.43747391225395, 11.988149085130976, 11.91833599453825]",5.200000000000071,100.0,0.0,"[50.0, 90.86621762521496, 90.86621762521497]",35
80,1233062494,settled,Qk1a_0006,matched,7,"[0.6484705890085933, -0.1699505138861542, -0.1394193506500166, -0.7288106494042248]","[0.6943669622014308, 0.13339187687069587, 0.1340742293518688, -0.6943235773123165]","[480.03136163883613, 15.193459795718349, 12.998220580786816]",5.170000000000061,100.0,0.0,"[50.0, 89.16298842752826, 89.16298842752828]",22
81,908446902,settled,Qk1a_0012,matched,5,"[0.22250656114612832, 0.8486682401872814, -0.3923837536671801, 0.2762028931825312]","[0.5852339571956723, 0.3965494209136954, -0.3966214073681914, 0.5856118435750614]","[479.68660505371236, 14.806485910874805, 13.00020291100865]",5.470000000000161,100.0,0.0,"[50.0, 92.56489883804684, 92.56489883804686]",19
82,3109591194,settled,Qk1a_0008,matched,0,"[-0.7393603768084694, -0.47008268318612156, -0.4348076896123711, -0.2081124148822611]","[-0.43534916243252275, -0.49424186258637665, -0.5645851976337827, -0.49743305343460326]","[480.0244691102746, 11.987578779209933, 11.909161555088303]",5.1800000000000646,100.0,0.0,"[50.0, 92.2753641986554, 92.27536419865541]",26
83,2446198906,settled,Qk1a_0008,matched,0,"[0.46838088924676186, -0.6025678945606854, 0.5917783634461127, -0.25947956295276087]","[0.4944740775999618, -0.43542244742220215, 0.49725919470372937, -0.5644784957331193]","[479.4590577358911, 11.989547822092112, 11.918198885300004]",5.1800000000000646,100.0,0.0,"[50.0, 89.87542932787294, 89.87542932787292]",34
84,3358664237,settled,Qk1a_0009,matched,8,"[0.024765616581336785, 0.0070959192151057865, -0.5881586200781739, -0.8083351716915311]","[9.314668233562085e-06, -0.00030109766144070793, -0.5608824176046485, -0.8278954178369391]","[479.74828880282837, 12.991198105005015, 15.186669769509495]",5.200000000000071,100.0,0.0,"[50.0, 88.54257763074409, 88.5425776307441]",24
85,896344283,settled,Qk1a_0006,matched,7,"[-0.38634312381259117, -0.4288502954339026, -0.23248445573040505, 0.7828009917167457]","[-0.3963147222337404, -0.5853924324370854, -0.5854553214597334, 0.39685313096996716]","[479.6288627036963, 15.19805808177563, 12.994204758831156]",5.1800000000000646,100.0,0.0,"[50.0, 91.18862109030482, 91.18862109030484]",23
86,1869944201,settled,Qk1a_0006,matched,7,"[0.670371325755256, 0.3999286459601908, 0.031112881082000495, -0.6242526350576072]","[0.6943879913814371, 0.13350514971939406, 0.1338395799691109, -0.6943260467945499]","[479.95884753248276, 15.19015826017377, 13.00122686079569]",5.0300000000000145,100.0,0.0,"[50.0, 91.76979109553328, 91.7697910955333]",27
87,3190319407,settled,Qk1a_0006,matched,7,"[-0.4447457840659689, 0.06240244522790489, 0.13797312136129672, 0.8827630147253258]","[-0.6943632616780026, -0.13372259721804342, -0.13373385264623716, 0.6943293055039095]","[479.5664789748476, 15.197261381635032, 12.992440441741243]",5.1500000000000545,100.0,0.0,"[50.0, 92.44506119218342, 92.44506119218343]",30
88,987968938,settled,Qk1a_0008,matched,0,"[-0.8775247888270632, -0.11605795115981574, -0.46151621007641014, -0.05902190104792356]","[-0.6572326713708482, -0.0418016655904839, -0.751036566127238, 0.047348841341758346]","[479.3453711519165, 11.984793188564911, 11.916680175076515]",5.1800000000000646,100.0,0.0,"[50.0, 91.1775586392457, 91.17755863924572]",29
89,48960437,settled,Qk1a_0006,matched,7,"[0.2114012471439735, 0.6114095541866983, 0.6451706556466325, -0.406500547167762]","[-0.1334369873144982, 0.6944330183889514, 0.6943562734417593, 0.13351673647791695]","[479.6855654846209, 15.191313126554286, 12.99674285439663]",5.220000000000078,100.0,0.0,"[50.0, 90.74820044737429, 90.74820044737427]",30
90,2405484524,settled,Qk1a_0007,matched,1,"[-0.3417230195255686, -0.4212427763487342, 0.8142340509593118, 0.20688840363521335]","[-0.5012668792742745, -0.431516554906059, 0.498698759838613, 0.5602004333451247]","[479.43976807398013, 11.915623498597943, 11.982690235735856]",4.929999999999981,100.0,0.0,"[50.0, 92.61819339313594, 92.61819339313595]",28
91,3763400334,settled,Qk1a_0010,matched,10,"[0.10769911928143597, 0.8032662467918286, -0.5638345914346622, 0.15891755715678432]","[0.0003263008264681, 0.7070046290142108, -0.7072087042030301, 0.00044359860243015753]","[479.6016108762183, 14.809942599446742, 13.004195290403237]",5.310000000000108,100.0,0.0,"[50.0, 90.10296371551438, 90.10296371551439]",25
92,4209925572,settled,Qk1a_0007,matched,1,"[-0.2551440352611338, -0.7322693535047043, 0.09629130523668734, 0.6240281241452846]","[-0.049780300424839, -0.6595453637455924, -0.04413637586623648, 0.7487147755832667]","[479.5065241531721, 11.924023534301172, 11.980603231082483]",4.909999999999974,100.0,0.0,"[50.0, 88.95369269466592, 88.95369269466593]",30
93,4172993659,settled,Qk1a_0009,matched,8,"[0.02061258821177018, -0.08279958466112873, -0.5816412641634049, -0.8089578417999006]","[-7.835088725827166e-05, -0.00010749612258484365, -0.560525365373535, -0.828137245315405]","[479.57713747948765, 12.998259271259187, 15.187753820965629]",5.240000000000085,100.0,0.0,"[50.0, 89.89018841220798, 89.89018841220796]",27
94,2147595062,settled,Qk1a_0007,matched,1,"[0.2212092258062878, -0.37459868996068196, -0.8561954135913807, 0.2786964543064874]","[0.4312051939694821, -0.5015594297484084, -0.5603967570432837, 0.4984533015434482]","[479.80807461104655, 11.925431521107969, 11.978679751037108]",5.080000000000031,100.0,0.0,"[50.0, 92.65209505873904, 92.65209505873905]",25
95,3425188374,settled,Qk1a_0008,matched,0,"[0.5059250338539225, 0.5109554085324367, 0.07321181329946617, 0.6910893292511195]","[-0.04214465124189921, 0.6574044820802845, 0.0473746068207866, 0.7508653820366389]","[480.0658778068721, 11.984801665898775, 11.916013054275975]",5.100000000000038,100.0,0.0,"[50.0, 92.91358530373573, 92.91358530373574]",35
96,3309235867,settled,Qk1a_0001,matched,11,"[-0.24306734196876895, -0.9520584383161628, 0.18532314741948006, -0.012582858568879786]","[-0.0011336485875311274, -0.99999781381209, -0.0017552366832186972, 7.972519352133123e-05]","[479.79899244328135, 12.972489887427464, 14.844137796643924]",5.380000000000131,100.0,0.0,"[50.0, 91.10531163116481, 91.10531163116482]",20
97,3869940862,settled,Qk1a_0007,matched,1,"[0.4370446962991622, 0.5315879670277385, -0.0712213307553231, -0.7220344097018713]","[0.5013473627643023, 0.43118710290636386, -0.49845029501164406, -0.5606030748571585]","[479.423786837589, 11.92338242534754, 11.975247894610707]",4.949999999999988,100.0,0.0,"[50.0, 92.9015545924153, 92.90155459241528]",23
98,3445858407,settled,Qk1a_0012,matched,5,"[0.3661788719150667, -0.41659059920173236, 0.7948487591076118, 0.24613158384254633]","[0.3962855501144386, -0.5856601053493852, 0.5853395552048188, 0.3966580503220235]","[479.6331992543007, 14.814138152299982, 12.997984394596212]",5.320000000000111,100.0,0.0,"[50.0, 91.366129738282, 91.36612973828198]",20
99,683688611,settled,Qk1a_0008,matched,0,"[-0.682405748726563, 0.305727349839879, -0.6632158721570864, 0.03158937453857804]","[-0.6575655276186615, -0.04187337789059853, -0.7507319423746139, 0.04749471349594314]","[479.32350069054115, 11.982115578123071, 11.918901810351866]",5.190000000000068,100.0,0.0,"[50.0, 90.7797011143938, 90.77970111439382]",28
100,3671515462,settled,Qk1a_0007,matched,1,"[0.6402118711341894, -0.3304223695691226, -0.27371010904364496, 0.6372068690421518]","[0.4311831725284795, -0.5015668922355954, -0.5603279937886348, 0.4985421383576377]","[480.06002549994093, 11.922454595500058, 11.97820972981366]",4.869999999999961,100.0,0.0,"[50.0, 90.5613961691499, 90.56139616914989]",33
101,3027130951,settled,Qk1a_0011,matched,4,"[0.4323985038399516, -0.027103271289900536, 0.5777234325488388, 0.6917604947135565]","[0.5854165343689086, -0.39681412554494494, 0.39669444024677314, 0.5852004375705785]","[479.70686720403205, 14.811683532658732, 12.993544647816242]",5.320000000000111,100.0,0.0,"[50.0, 93.23954013823973, 93.23954013823975]",25
102,3369736057,settled,Qk1a_0008,matched,0,"[0.392632373983932, 0.52958689597549, 0.7336367340362236, 0.1647867742977288]","[0.43530143590215875, 0.49436960858940526, 0.5644692220796488, 0.4974794943808972]","[479.9144194743799, 11.98536564765678, 11.918409067937624]",5.100000000000038,100.0,0.0,"[50.0, 92.97368045524847, 92.97368045524848]",35
103,1655287705,settled,Qk1a_0008,matched,0,"[-0.338374559147956, -0.8339932412337537, -0.3591333831681041, -0.24694360569181797]","[-0.4352618753333231, -0.4942804373832999, -0.5646780397208451, -0.4973657211333689]","[479.88737885241443, 11.992784135650286, 11.91975605530885]",5.0900000000000345,100.0,0.0,"[50.0, 91.82037156210598, 91.82037156210596]",21
104,3004971955,settled,Qk1a_0012,matched,5,"[0.5983807723644567, 0.14162009627689387, 0.0638763219609358, 0.7860050986398133]","[0.6943588107829506, -0.13321505014629398, 0.1335615280713771, 0.6944644775089983]","[479.5116495637348, 14.809220251001467, 12.998254777976408]",5.200000000000071,100.0,0.0,"[50.0, 91.82863138304059, 91.8286313830406]",20
105,1256815592,settled,Qk1a_0008,matched,0,"[-0.8963728679837667, 0.2073247730587596, -0.3124893183533954, -0.23639489405171335]","[-0.6573016537849699, -0.04194811957389652, -0.7509699962237385, 0.04731760737268817]","[479.44623424693214, 11.981182884109847, 11.915703545791702]",5.380000000000131,100.0,0.0,"[50.0, 92.49651354103743, 92.49651354103744]",32
106,267482411,settled,Qk1a_0012,matched,5,"[0.4002740386498517, -0.1331578089714626, 0.5374979806924249, 0.7301682084591344]","[0.3963089015588741, -0.5855989648479498, 0.5852968486495785, 0.3967879860518472]","[479.64694553074855, 14.818030757808062, 12.997632817917053]",5.460000000000158,100.0,0.0,"[50.0, 93.15697361135366, 93.15697361135368]",25
107,2210323869,settled,Qk1a_0009,matched,8,"[-0.03946429185382657, -0.17456744636691948, 0.9180226636504986, 0.35384059315100097]","[-0.00021497077565013623, -0.00016335915382367783, 0.5610053906441637, 0.8278121035413423]","[479.65657819327726, 12.998594785627114, 15.185751345818224]",5.350000000000121,100.0,0.0,"[50.0, 90.9242948299223, 90.92429482992232]",24
108,3218958405,settled,Qk1a_0008,matched,0,"[-0.404214603219616, -0.0038812743139640593, -0.9040684339258072, 0.13876511460971241]","[-0.6575985030210245, -0.04176748546013637, -0.7507123406356805, 0.04744120150399819]","[479.7226831416829, 11.980315042872597, 11.920808473280541]",5.0900000000000345,100.0,0.0,"[50.0, 91.3086975577646, 91.30869755776462]",21
109,3163371865,settled,Qk1a_0008,matched,0,"[0.8462289503461226, -0.5167025404202564, -0.06457889602577149, 0.11289204802573749]","[0.4947790302908846, -0.43521564878579055, 0.49736007233610224, -0.5642818521645033]","[479.638192112964, 11.977309792347256, 11.92138525077745]",5.470000000000161,100.0,0.0,"[50.0, 89.66977140767092, 89.66977140767091]",22
110,1394697297,settled,Qk1a_0007,matched,1,"[-0.527043442183119, 0.08164700032060408, 0.5638111724638022, -0.6306155240678819]","[-0.43134616267218695, 0.5014018743332985, 0.5606518851727867, -0.4982028823835072]","[479.4795870197278, 11.925358301567341, 11.982392966256473]",5.0900000000000345,100.0,0.0,"[50.0, 91.74126203300101, 91.74126203300102]",39
111,4178031102,settled,Qk1a_0009,matched,8,"[0.14205173309217967, 0.22217751906063563, 0.8725296558567031, -0.4112790473634079]","[6.533851241247168e-05, -5.174955671016779e-05, 0.8278283007728441, -0.5609815482637623]","[480.09788044413943, 13.003630216142305, 15.188956609256095]",5.300000000000105,100.0,0.0,"[50.0, 92.80449053689699, 92.80449053689698]",23
112,643453088,settled,Qk1a_0009,matched,8,"[0.16125469630250971, -0.1583389287120832, -0.45793045026355916, -0.8597821871242212]","[0.0002502074840837199, -3.625958187519763e-05, -0.5610801825627967, -0.827761417811169]","[479.39781645092995, 12.99926658418509, 15.188624973930008]",5.170000000000061,100.0,0.0,"[50.0, 91.87281000724506, 91.87281000724508]",22
113,3249835323,settled,Qk1a_0012,matched,5,"[-0.4388154353499695, -0.6030056891706321, 0.6417647301759779, -0.17878250369827034]","[-0.5852693889087389, -0.39635394858890555, 0.39691310436522353, -0.585511124939173]","[479.2964041557292, 14.81684698355485, 12.99799357070558]",5.410000000000141,100.0,0.0,"[50.0, 91.58137740934875, 91.58137740934876]",25
114,349764347,settled,Qk1a_0006,matched,7,"[-0.30489753517779516, -0.43322652470872064, -0.6190352861678763, 0.5797823607271656]","[-0.3963229601253597, -0.5857120782785971, -0.585331059430146, 0.3965564568916035]","[479.25525745698275, 15.191775049630609, 12.998806160661843]",5.1200000000000445,100.0,0.0,"[50.0, 91.24287381722004, 91.24287381722006]",25
115,317791015,settled,Qk1a_0004,matched,9,"[0.5443368254782056, 0.8017468445001573, -0.08128455950703292, 0.2330069487120453]","[0.8280227125180402, 0.5606944864997073, -0.00015254970060107897, -0.00023893866459162583]","[479.36575447081475, 13.004840843385619, 14.804526425047001]",5.160000000000058,100.0,0.0,"[50.0, 91.56989036194163, 91.56989036194165]",26
116,4067508317,settled,Qk1a_0008,matched,0,"[0.5955590242325951, 0.7207480982005338, 0.2068895066340097, 0.28814642048821065]","[0.4352549730693973, 0.49435637037115043, 0.5645257685817885, 0.49746913884075394]","[479.75525599047893, 11.992990692694423, 11.919016714955898]",5.1800000000000646,100.0,0.0,"[50.0, 91.89612957331778, 91.8961295733178]",29
117,2385507088,settled,Qk1a_0004,matched,9,"[0.7935180967557761, -0.5842239107778282, 0.16865601414313822, -0.02380338400102947]","[0.5610481184065201, -0.8277831335025176, -0.00024047686514649946, 0.0001867943621667867]","[479.86660393325104, 12.990900421116464, 14.813643202026018]",5.140000000000051,100.0,0.0,"[50.0, 91.40676909530728, 91.4067690953073]",16
118,1526028037,settled,Qk1a_0008,matched,0,"[0.2630177601705282, -0.7900518183688993, 0.4937222272738805, -0.25075514834713364]","[0.49452501129372894, -0.43536014973397713, 0.497500213742436, -0.5642695194273539]","[479.5655955590779, 11.988106596646546, 11.923872310030744]",5.270000000000095,100.0,0.0,"[50.0, 92.68308484029869, 92.6830848402987]",33
119,297824171,settled,Qk1a_0004,matched,9,"[-0.933932999720975, 0.21481804800681226, 0.26642393429049765, 0.10315350464185136]","[-0.9819300744564488, 0.1892435910020462, -5.7586753930458104e-05, -0.00043454156216043993]","[479.3478606939135, 13.000961928149984, 14.811717397977116]",5.250000000000088,100.0,0.0,"[50.0, 91.30341848258023, 91.30341848258024]",29
120,1353143832,settled,Qk1a_0012,matched,5,"[0.5671219962586049, 0.5721035472805955, -0.5847319661804703, 0.09570109861091201]","[0.5852279707115587, 0.3966721976935305, -0.39673307347765907, 0.5854590150324666]","[479.6000867856275, 14.817302658900964, 12.996098492431617]",5.520000000000178,100.0,0.0,"[50.0, 92.86636067184115, 92.86636067184116]",24
121,1739382006,settled,Qk1a_0004,matched,9,"[0.9563955010837077, 0.2085247552370943, 0.03434642180192158, -0.2016070317959121]","[0.9819340555132613, -0.18922331276902002, -4.978243825888573e-05, -0.00021459195233447526]","[479.56174772039225, 12.998833120676387, 14.810714981887287]",5.070000000000028,100.0,0.0,"[50.0, 91.49119923974892, 91.49119923974894]",25
122,580680804,settled,Qk1a_0009,matched,8,"[-0.16968873215430308, -0.36406722040316836, 0.42312173284399845, -0.8121753458477228]","[0.00023743338091561372, -2.312283983874064e-05, 0.8277372890963975, -0.5611157842460598]","[479.7445777518685, 13.00655222009859, 15.185646883573618]",5.480000000000165,100.0,0.0,"[50.0, 92.83557637459188, 92.8355763745919]",17
123,2823014988,settled,Qk1a_0008,matched,0,"[-0.41227841655831576, -0.6776159921022714, -0.6077500533991811, 0.03876786144108055]","[-0.4352514907309438, -0.49423175657940566, -0.5646175474633832, -0.49749184485914993]","[479.95268160304306, 11.986562745270872, 11.912579811076297]",5.230000000000081,100.0,0.0,"[50.0, 91.61152934364476, 91.61152934364478]",28
124,3517474495,settled,Qk1a_0009,matched,8,"[-0.23672114932782023, 0.04142403951345284, -0.8289665791097921, -0.5050361938815002]","[-0.00029213522103180295, -0.0001850825439745352, -0.9820157535772522, -0.18879867618065024]","[479.9079563625296, 12.997945697498308, 15.183324927393848]",5.400000000000138,100.0,0.0,"[50.0, 92.19493463203546, 92.19493463203547]",24
125,1323262800,settled,Qk1a_0012,matched,5,"[-0.6415921793379193, -0.5698607289892506, 0.4583733999693336, -0.23132671953065048]","[-0.5855471069443863, -0.3963598740843609, 0.39651420553766153, -0.5854997186777515]","[479.90454732424735, 14.811134049213534, 13.001794953404966]",5.460000000000158,100.0,0.0,"[50.0, 92.46911010183821, 92.46911010183823]",26
126,975802718,settled,Qk1a_0006,matched,7,"[0.1828500380211907, -0.3326974519297312, -0.8638549380056043, -0.3311086153491733]","[0.585072099174242, -0.3969284667780189, -0.39640081103271646, -0.5856661404261834]","[479.7667600888474, 15.18713193053609, 13.001029906250228]",5.340000000000118,100.0,0.0,"[50.0, 93.42288686067914, 93.42288686067916]",25
127,2199045525,settled,Qk1a_0009,matched,8,"[-0.22696590219673, 0.3044849169639917, -0.8281543798994311, 0.4122326256312622]","[-6.898828831264359e-05, -5.2498947306911514e-05, -0.8279061452107166, 0.5608666572428856]","[479.4004883490073, 13.008187039623897, 15.191538063315816]",5.580000000000198,100.0,0.0,"[50.0, 91.6836306462818, 91.68363064628181]",35
128,1193102617,settled,Qk1a_0007,matched,1,"[0.264923181569912, 0.29490665124873133, -0.18009117139264283, -0.9002293846029246]","[0.04958552214003831, 0.6596013020014225, 0.044168680680708367, -0.7486765162866094]","[480.02044283525925, 11.915867248087691, 11.981154524278434]",5.0900000000000345,100.0,0.0,"[50.0, 93.31493788456189, 93.3149378845619]",22
129,884894373,settled,Qk1a_0010,matched,10,"[0.24323434425598156, -0.33171914018306525, 0.7142081939729147, 0.5663092101251029]","[0.49965057029022814, -0.5000451151332722, 0.500220142881535, 0.5000839920409158]","[479.3532364934295, 14.822134827292569, 12.993694105182888]",5.390000000000135,100.0,0.0,"[50.0, 91.97635661420156, 91.97635661420158]",27
130,3411013638,settled,Qk1a_0008,matched,0,"[0.3126121128521153, -0.6949372831241458, -0.027806151001005218, -0.6469641855533245]","[0.04174875642540682, -0.6575152596052127, -0.04772147815619768, -0.7507685297385669]","[479.95616745508283, 11.994000928179135, 11.915529450294427]",5.1200000000000445,100.0,0.0,"[50.0, 91.45789495211608, 91.45789495211609]",32
131,805745625,settled,Qk1a_0007,matched,1,"[-0.3424978912137264, 0.6707485143263009, 0.13948719511167293, -0.6429113060470228]","[0.04979026610774759, 0.6595379413939367, 0.044016431040845544, -0.7487277122300164]","[479.71324858815524, 11.919025210087385, 11.977067668535538]",4.909999999999974,100.0,0.0,"[50.0, 90.11412422491043, 90.11412422491041]",28
132,3780170430,settled,Qk1a_0007,matched,1,"[-0.45454422231488245, -0.5278795953913799, 0.4315643283729163, 0.5731360337700163]","[-0.5015474698061867, -0.4310688558875555, 0.49846534349696636, 0.5605016309942885]","[479.83128993161944, 11.918508674841542, 11.984074594688412]",4.939999999999984,100.0,0.0,"[50.0, 85.65486118101435, 85.65486118101437]",26
133,3127142703,unsettled,,not_evaluated,,"[0.8109661425997057, 0.5741242930685939, -0.029942342788381628, 0.10871369634863957]","[0.8280323885715263, 0.5606799664408707, -0.0004936958855490114, -0.0003081765236205847]","[479.7424489064639, 13.001407905786571, 14.804091181121061]",5.480000000000165,100.0,0.0,"[50.0, 90.29588154348662, 90.29588154348663]",18
134,2145807442,settled,Qk1a_0003,matched,6,"[-0.9662686388106635, 0.17809795131962475, 0.1504178008414682, -0.10945557352988719]","[-0.9821906958068602, -0.1878865412907287, -0.0002857299611260106, 5.505118135978871e-05]","[479.510666374836, 13.003105865645594, 14.809959678847374]",5.550000000000188,100.0,0.0,"[50.0, 91.66220340958286, 91.66220340958287]",30
135,7356014,settled,Qk1a_0007,matched,1,"[0.4988490939016427, -0.7433352498905929, -0.3422532345282446, 0.2854207617510581]","[0.4313663601087115, -0.5014745892448662, -0.560078926476635, 0.4987563491576166]","[479.62193715971927, 11.912172874300571, 11.978418765365937]",5.000000000000004,100.0,0.0,"[50.0, 90.45975603191609, 90.4597560319161]",36
136,1854214563,settled,Qk1a_0006,matched,7,"[-0.4786522849747108, 0.042381572721339654, -0.04037269627946136, 0.8760512757694499]","[-0.6942813812353337, -0.1333828722327413, -0.1334817942342786, 0.6945250057938153]","[479.6836500925114, 15.201525350718583, 13.0003052794305]",5.170000000000061,100.0,0.0,"[50.0, 91.89743563821318, 91.89743563821317]",24
137,3246756741,settled,Qk1a_0007,matched,1,"[-0.08399953635894963, -0.5055213412894473, 0.5871633428450268, 0.626603112194197]","[-0.5012839792107022, -0.4314099379787804, 0.4985228238629637, 0.5604237965036154]","[479.70555003642284, 11.921675571180364, 11.98511439935368]",5.080000000000031,100.0,0.0,"[50.0, 92.26137496333071, 92.2613749633307]",35
138,4269520782,settled,Qk1a_0008,matched,0,"[-0.5194752963382888, -0.681171635858136, -0.44299430503509846, -0.2643986851386907]","[-0.4355391183995045, -0.49418755432190853, -0.5644715469082023, -0.4974497062298603]","[479.50355993975995, 11.987245407362883, 11.915551733255219]",5.200000000000071,100.0,0.0,"[50.0, 89.90966270200667, 89.90966270200668]",26
139,3093880402,settled,Qk1a_0012,matched,5,"[-0.05416076341648033, -0.7478633609396701, 0.6225989594738519, -0.22391413696379583]","[-0.13377060229401985, -0.6942188546485168, 0.6945340263781502, -0.13337201361362008]","[480.1231024378982, 14.818335233423758, 12.996823283583785]",5.080000000000031,100.0,0.0,"[50.0, 91.02680466842592, 91.02680466842594]",24
140,721312908,settled,Qk1a_0004,matched,9,"[0.9460509825279109, 0.08363880904516226, 0.11253047497721545, -0.29211124641287545]","[0.9820012198774386, -0.18887452396814441, 0.00010461245768449146, -8.608869268850183e-05]","[479.67769744498344, 13.00309901486575, 14.811760024886874]",5.130000000000048,100.0,0.0,"[50.0, 92.57348960526377, 92.57348960526379]",22
141,2185234596,settled,Qk1a_0011,matched,4,"[0.658049694064986, 0.4307563872776133, -0.5116749430735624, 0.3458443112025753]","[0.3967497490978652, 0.585121403223625, -0.5853001819744895, 0.3970469456638933]","[479.43583563250354, 14.812988795745012, 12.992427763773822]",5.220000000000078,100.0,0.0,"[50.0, 92.00549605522764, 92.00549605522765]",25
142,1811372632,settled,Qk1a_0008,matched,0,"[-0.7830079767653161, 0.2912889024962417, -0.5406254869584637, 0.09886033813084501]","[-0.6572839723510258, -0.04133048900827108, -0.7510072535254664, 0.04751500311406188]","[479.8801648335003, 11.98121105923487, 11.914220637017769]",5.170000000000061,100.0,0.0,"[50.0, 91.16141629407721, 91.16141629407718]",31
143,158871473,settled,Qk1a_0007,matched,1,"[0.2953320344710821, 0.049810363611343736, -0.7414813692062492, -0.6004192670227223]","[0.5009622355809532, 0.4315284077252941, -0.4981976265924815, -0.5609092588872323]","[479.80979293574615, 11.92759998849069, 11.979202853487774]",5.140000000000051,100.0,0.0,"[50.0, 93.24350280170412, 93.24350280170414]",31
144,3933942357,settled,Qk1a_0012,matched,5,"[-0.5223161875567112, 0.16004639687034006, -0.6757715829697406, -0.4948774784889842]","[-0.395971207638294, 0.5859550965461234, -0.5854985849853633, -0.3963014440211282]","[479.76982885596203, 14.826110208792253, 13.001576725908778]",5.380000000000131,100.0,0.0,"[50.0, 93.17550928721899, 93.17550928721897]",16
145,2247311752,settled,Qk1a_0003,matched,6,"[0.17245837010463527, -0.918707757440569, -0.27106461152521216, 0.22969140902101487]","[0.18722431267287487, -0.9823171822186771, -8.906965175470296e-06, 0.00010090983042169989]","[479.9522123569985, 13.007693543473133, 14.79983730727173]",5.440000000000151,100.0,0.0,"[50.0, 92.83868353932208, 92.83868353932209]",24
146,2639539135,settled,Qk1a_0001,matched,11,"[0.24645239917756623, 0.9491774324123663, 0.19576363711496306, -0.00012297239657634696]","[0.0018160084214062875, 0.9999983047929515, 0.0003041425448226387, -4.68499411493135e-06]","[479.47875279307857, 13.000927141025084, 14.807265679978192]",5.380000000000131,100.0,0.0,"[50.0, 91.06699620723299, 91.066996207233]",22
147,588020478,settled,Qk1a_0007,matched,1,"[-0.5541136395536193, -0.535687911217833, 0.6371731857264717, 0.0026206157474491726]","[-0.6594867168970211, 0.049649309543792264, 0.7487885060229971, 0.043908877759072706]","[479.7436222751836, 11.92708112030716, 11.987502451348648]",5.040000000000018,100.0,0.0,"[50.0, 93.00731377499736, 93.00731377499737]",22
148,2481404281,settled,Qk1a_0006,matched,7,"[0.47312332071797125, -0.36721755019782076, -0.5034863658683956, -0.6227415785092134]","[0.5850858328477127, -0.3968353426772788, -0.3970219559641047, -0.5852946655194644]","[479.9609131270949, 15.20821709029965, 12.98555683569787]",5.140000000000051,100.0,0.0,"[50.0, 90.52928972558983, 90.52928972558985]",22
149,3605935409,settled,Qk1a_0008,matched,0,"[0.43758170113077044, -0.04842813697409204, 0.8423244287835887, 0.3109124105903791]","[0.6572784532772632, 0.04207124189888273, 0.7509830551185281, -0.04732331758632338]","[479.6346139823117, 11.989333408077657, 11.917509377786118]",5.280000000000098,100.0,0.0,"[50.0, 91.59132185796801, 91.59132185796803]",34
150,1724216363,settled,Qk1a_0003,matched,6,"[0.9038264397716476, -0.3574809547607453, -0.07814863091813816, 0.2218060532056667]","[0.8269934265473067, -0.5622111635199496, -0.000616247858517105, -0.00031670122504495746]","[479.8503427347421, 12.994123571637022, 14.822979876506931]",5.420000000000145,100.0,0.0,"[50.0, 91.0895641823995, 91.08956418239951]",18
151,3705963873,settled,Qk1a_0008,matched,0,"[-0.24027385609289806, -0.5535180547836926, -0.6057941642682696, -0.5185553660364869]","[-0.4354545234343858, -0.49437808011460677, -0.5646075084285888, -0.49718008140792247]","[480.05179425734013, 11.990644299266402, 11.91987394875076]",5.070000000000028,100.0,0.0,"[50.0, 89.56142572959435, 89.56142572959436]",25
152,3077038052,settled,Qk1a_0008,matched,0,"[0.1080488437677232, 0.9024479935694852, 0.290136968917735, 0.2995556801833302]","[-0.04142724743216672, 0.6574787189286216, 0.04778910122909627, 0.7508140376483966]","[479.2654095393194, 11.98504184319632, 11.914790352213235]",5.220000000000078,100.0,0.0,"[50.0, 93.03201502706128, 93.03201502706129]",31
153,3012538924,settled,Qk1a_0009,matched,8,"[-0.2967683441627183, 0.032054318743469104, 0.7489957090204642, 0.5915289497748546]","[-6.234059907239686e-05, -9.739089731425343e-05, 0.5608272966410165, 0.8279328052269653]","[479.8454263162531, 12.99257311582061, 15.188962645813298]",5.190000000000068,100.0,0.0,"[50.0, 93.05073242825965, 93.05073242825964]",25
154,339579960,settled,Qk1a_0011,matched,4,"[0.10943307599770635, -0.7653763970695862, 0.4390938896072842, 0.457624222256652]","[0.5851635210196068, -0.39672820720663826, 0.396551863199458, 0.5856082334356147]","[479.6365532123144, 14.81576529016498, 12.994244261426148]",5.070000000000028,100.0,0.0,"[50.0, 92.39530549491532, 92.39530549491533]",14
155,3595527923,settled,Qk1a_0007,matched,1,"[0.2823598288094946, 0.23222413686361007, -0.7567781334317684, -0.5418779697424069]","[0.5012863160683173, 0.43144749414722505, -0.49840528161557707, -0.5604973366345578]","[480.0121332963129, 11.921669284697842, 11.983195680735642]",5.0300000000000145,100.0,0.0,"[50.0, 92.1732822466431, 92.17328224664311]",42
156,863450078,settled,Qk1a_0004,matched,9,"[0.7155061920956329, -0.5773152119456528, -0.01774451200080499, 0.39299257934827014]","[0.5614173238255675, -0.8275327826149016, -0.000286686902656319, -4.098268516106174e-06]","[479.42127758224075, 13.005675605638881, 14.80291292928558]",5.230000000000081,100.0,0.0,"[50.0, 93.04797449130868, 93.0479744913087]",30
157,1293846983,settled,Qk1a_0012,matched,5,"[-0.18121937706311114, -0.3645890702557667, 0.8980017844289259, -0.16681469476445587]","[-0.5854871045939001, -0.3963370782143816, 0.39647268786563183, -0.5856032603762892]","[479.7616004907501, 14.818172243917488, 12.996786407574053]",5.390000000000135,100.0,0.0,"[50.0, 93.28030886285418, 93.28030886285416]",16
158,297175216,settled,Qk1a_0006,matched,7,"[-0.8477666509896012, -0.1312003505967588, -0.01452264579268696, 0.5136801205345047]","[-0.6944200172677043, -0.1337435066753855, -0.1337212934334079, 0.6942709339462432]","[479.9781812374319, 15.196464710396246, 12.99983624238722]",5.080000000000031,100.0,0.0,"[50.0, 92.453611478495, 92.45361147849499]",31
159,1619853330,settled,Qk1a_0006,matched,7,"[0.15586584480866492, 0.8197316892259058, 0.5503561712418267, -0.029221240168093774]","[-0.13374952292347306, 0.6941207699495497, 0.6945703359252711, 0.1337141364816892]","[479.48721617066633, 15.192461152420421, 13.00047163261006]",5.160000000000058,100.0,0.0,"[50.0, 92.2462817180216, 92.24628171802162]",24
160,1315304267,settled,Qk1a_0008,matched,0,"[-0.4261424284512491, 0.323448349614014, -0.8134978350905626, 0.22804619731232195]","[-0.4943829819400345, 0.4353447400413706, -0.4972952412472905, 0.564586457080924]","[479.92680652561444, 11.986990766444363, 11.91322083465121]",5.0900000000000345,100.0,0.0,"[50.0, 91.87030802898195, 91.87030802898194]",35
161,3174143715,settled,Qk1a_0009,matched,8,"[0.21028905661679084, 0.04956162990199746, 0.6021092416687611, -0.7686264493274656]","[8.01642010004322e-05, -7.450628812244453e-07, 0.8279584920214331, -0.5607893803048879]","[479.51991667455803, 12.993308428555432, 15.188994590567573]",5.280000000000098,100.0,0.0,"[50.0, 92.41413745114194, 92.41413745114195]",26
162,1039824701,settled,Qk1a_0009,matched,8,"[0.01929008521369939, -0.13940476716176264, -0.33327631338561314, 0.9322666477146534]","[2.398195450822871e-05, -0.0003753295625235076, -0.8277421909155112, 0.5611084778641068]","[479.5855085203348, 13.001758068085495, 15.186464825579474]",5.300000000000105,100.0,0.0,"[50.0, 91.06007112798709, 91.0600711279871]",21
163,721441559,settled,Qk1a_0007,matched,1,"[0.46336501333295005, -0.46209886921724336, -0.18784827917029898, 0.732441481280148]","[0.4315202567940162, -0.5013033189786835, -0.5605758105263151, 0.49823690249734354]","[479.66202015530257, 11.918966887871514, 11.976060003853316]",4.979999999999998,100.0,0.0,"[50.0, 92.22566521303438, 92.22566521303439]",39
164,4105799406,settled,Qk1a_0006,matched,7,"[0.8527785751162813, 0.07031150942377336, -0.23963750908264853, -0.45869255248571367]","[0.6943083434917177, 0.1334149981125512, 0.13343283310624685, -0.6945012897652931]","[479.82827159280805, 15.191593156382392, 12.995561265179088]",5.1500000000000545,100.0,0.0,"[50.0, 93.17429109523474, 93.17429109523475]",23
165,1633137197,settled,Qk1a_0006,matched,7,"[0.7236837473945174, -0.25836959954595595, -0.3369182255788813, -0.5440708529780555]","[0.5853149959400362, -0.39674296098342754, -0.3964626456586581, -0.5855072578842684]","[480.159930689319, 15.197142281806025, 12.999856840247167]",5.070000000000028,100.0,0.0,"[50.0, 90.13651620367604, 90.13651620367602]",28
166,1521883525,settled,Qk1a_0007,matched,1,"[-0.5517513661834995, 0.22633379929291328, 0.7597306458933603, -0.2591385476974333]","[-0.6597089972936376, 0.04986373405027364, 0.748588969048886, 0.04372873580053202]","[479.7171524836815, 11.922460303501458, 11.98370115994665]",5.100000000000038,100.0,0.0,"[50.0, 90.60556455466076, 90.60556455466077]",29
167,3988848284,settled,Qk1a_0012,matched,5,"[0.7716485919791595, -0.43616381321231806, 0.404354639949391, 0.22542604927574153]","[0.39637289757986793, -0.5855452850328452, 0.5854444053597779, 0.39658554370133015]","[480.0543263434006, 14.80922266599997, 13.000214066497378]",5.440000000000151,100.0,0.0,"[50.0, 93.17301348652197, 93.17301348652198]",23
168,2356674901,settled,Qk1a_0001,matched,11,"[-0.27157585302068527, 0.8944891783916432, 0.23089258753045264, -0.2698597391605915]","[-0.7069515561905021, 0.7072615246584637, 0.000568739064584517, 0.0005563034147836043]","[480.069997594909, 12.985381394391885, 14.820883448467956]",5.640000000000218,100.0,0.0,"[50.0, 92.95333661026376, 92.95333661026378]",18
169,3622559309,settled,Qk1a_0009,matched,8,"[-0.28730237314646756, 0.13582052279844167, -0.8446638484557238, 0.4307587666932988]","[-0.00022686300463478637, 5.096969906664972e-05, -0.8280930615926827, 0.5605906057697762]","[479.9020509037381, 12.999234333383454, 15.18519911562579]",5.600000000000205,100.0,0.0,"[50.0, 93.2868665052621, 93.28686650526208]",27
170,855568988,settled,Qk1a_0009,matched,8,"[-0.05865782718403258, -0.1040160805530854, 0.9877741037645836, -0.10021094864582358]","[-0.0005135062191458235, -0.00016751870116488157, 0.981996660640954, 0.18889750326264967]","[479.6786802077995, 12.99898639358283, 15.180680354224542]",5.270000000000095,100.0,0.0,"[50.0, 90.77363110015015, 90.77363110015017]",28
171,2610361744,settled,Qk1a_0006,matched,7,"[0.8768837609624777, 0.09896632620723421, 0.0167945194244441, -0.47010475444803335]","[0.6944429538097208, 0.1337665516898872, 0.1336871351241545, -0.6942501303243112]","[479.9975879791646, 15.199267113981868, 12.995231058202513]",5.110000000000041,100.0,0.0,"[50.0, 92.2478484533107, 92.2478484533107]",35
172,3797455899,settled,Qk1a_0007,matched,1,"[-0.4969180501798989, 0.4726899551502556, 0.24221087694672733, -0.686272940450193]","[-0.4313513947404828, 0.5015499209012473, 0.5604179520172108, -0.4983125225761721]","[479.857215942436, 11.917014499640871, 11.977830210747392]",5.010000000000008,100.0,0.0,"[50.0, 91.3301351179233, 91.33013511792332]",27
173,3701701166,settled,Qk1a_0008,matched,0,"[0.038018151991904496, 0.4712419557531807, 0.8264302886090928, 0.30577543610716856]","[0.4352788840607227, 0.4944016866185411, 0.5646028932763896, 0.4973156324342958]","[479.5757069081877, 11.98918557725319, 11.917165954725705]",4.979999999999998,100.0,0.0,"[50.0, 93.29118132674992, 93.29118132674994]",35
174,1820757617,settled,Qk1a_0012,matched,5,"[-0.5010353124202004, 0.6673439701378755, -0.2903095196649054, -0.46833324035406926]","[-0.3966294004112987, 0.5854003012553919, -0.5856266292327883, -0.3962739672914593]","[479.71908798548924, 14.809417555493418, 12.998325217720454]",5.430000000000148,100.0,0.0,"[50.0, 92.65985036175337, 92.65985036175334]",15
175,3255375637,settled,Qk1a_0009,matched,8,"[0.16079504159719665, 0.03163046504438766, 0.9836813166119124, -0.07426665218983812]","[-5.483569405530242e-05, 6.751055982234799e-05, 0.981897764722629, 0.18941164712888073]","[479.84347108209874, 12.998071324392866, 15.188760056261808]",5.360000000000125,100.0,0.0,"[50.0, 90.68018663012487, 90.68018663012488]",25
176,1973362254,settled,Qk1a_0006,matched,7,"[0.4370329981051625, 0.6281019972483824, 0.25933110964107237, -0.5892685425102347]","[0.3963724707188654, 0.5857825731334904, 0.5856193530236609, -0.3959767857254745]","[479.548730974849, 15.180688472077112, 12.99774801978251]",5.140000000000051,100.0,0.0,"[50.0, 92.75297977919537, 92.75297977919539]",31
177,817567550,settled,Qk1a_0006,matched,7,"[-0.6508066209752018, 0.08221533458115264, 0.55707091057372, 0.5092773129122438]","[-0.5855087767945465, 0.3962716475195066, 0.3963963833172778, 0.5856775230122047]","[479.6275166898954, 15.183475992710173, 13.002187956176174]",5.0900000000000345,100.0,0.0,"[50.0, 93.45396063991514, 93.45396063991515]",25
178,3034277235,settled,Qk1a_0008,matched,0,"[0.8184751723934598, -0.1985326357737203, 0.4910595501215825, -0.22258414800390608]","[0.6573334316384316, 0.04185609016599823, 0.7509275846697769, -0.0476297170732132]","[479.8362592803543, 11.98897987214057, 11.917674824311542]",5.170000000000061,100.0,0.0,"[50.0, 91.65798333430588, 91.65798333430587]",22
179,422340604,settled,Qk1a_0007,matched,1,"[-0.10515306509406758, -0.6939169060083207, 0.5688745799846401, 0.4287235387804846]","[-0.5009958567432932, -0.43165844901718387, 0.4985519003227603, 0.5604642161661149]","[479.8850584842472, 11.924858589295916, 11.978921226787703]",5.100000000000038,100.0,0.0,"[50.0, 92.71041883827264, 92.71041883827266]",39
180,2537213971,settled,Qk1a_0011,matched,4,"[0.23132630909009871, 0.46561995068971057, -0.8276594625733378, 0.21134335630740153]","[0.39758659047469863, 0.5847508522489918, -0.5846505198635537, 0.3977123501879952]","[479.34412203828873, 14.807629376180257, 12.996168721317975]",5.330000000000115,100.0,0.0,"[50.0, 92.21629635137973, 92.21629635137974]",20
181,2777209301,settled,Qk1a_0009,matched,8,"[0.32930012781810725, 0.01867638849719574, 0.9112679827706169, -0.24658321497792762]","[0.0001653028324246353, 8.126914670519848e-05, 0.9820070020631925, 0.1888444173629727]","[479.9250261649921, 12.999247967532385, 15.183902054846905]",5.460000000000158,100.0,0.0,"[50.0, 91.97431067446036, 91.97431067446037]",19
182,3393578195,settled,Qk1a_0012,matched,5,"[-0.15397492832795756, 0.3309463782688252, -0.9275545927691834, -0.08005431649787881]","[0.13362925025485906, 0.6943741628550988, -0.6944186561828498, 0.13330594653206668]","[479.3133132294058, 14.811816935113251, 12.994891315630673]",5.330000000000115,100.0,0.0,"[50.0, 93.13338374988565, 93.13338374988567]",32
183,968986378,settled,Qk1a_0007,matched,1,"[-0.4905117620949998, -0.29508233684492746, 0.22153130108786623, 0.7894608973007544]","[-0.5013714438979985, -0.43117761805093435, 0.498202491584219, 0.5608090711773795]","[480.02239833066596, 11.919521523559977, 11.980222527219277]",5.040000000000018,100.0,0.0,"[50.0, 93.08919720342034, 93.08919720342033]",26
184,688328363,settled,Qk1a_0008,matched,0,"[0.6574786135502686, 0.48651254614584893, 0.39037759997999605, 0.4226496712415117]","[0.4357929021004986, 0.4943025037951374, 0.5644174859468073, 0.49717449932409963]","[479.30082937863864, 11.993515010292388, 11.915529708799697]",5.200000000000071,100.0,0.0,"[50.0, 89.0695466012881, 89.06954660128811]",39
185,4152859901,settled,Qk1a_0008,matched,0,"[0.8341644144507744, 0.048874222441177215, 0.5394240533290614, -0.10393618587774474]","[0.6575478985648272, 0.04176042755116061, 0.7507563118828801, -0.047453007826058616]","[479.5064451000584, 11.992628788610673, 11.912167292081863]",5.1500000000000545,100.0,0.0,"[50.0, 89.4648523851395, 89.46485238513948]",27
186,1795468969,settled,Qk1a_0001,matched,11,"[0.6958911543690574, 0.6723588408308361, 0.1118583646721971, -0.22617868308126884]","[0.7076980684477245, 0.7065149668893733, 0.00012263670674783622, -0.00017446176077318132]","[479.4797119829554, 13.006587664644414, 14.803092484353463]",5.550000000000188,100.0,0.0,"[50.0, 91.87541917328289, 91.8754191732829]",23
187,2590496957,settled,Qk1a_0006,matched,7,"[0.1047572316295402, 0.8643758926302282, 0.4643415446167823, 0.16207149226163065]","[-0.13364452272613883, 0.6943375531100703, 0.69428943246921, 0.13415173442041384]","[480.0861052769369, 15.19954483544779, 13.002940193696922]",5.160000000000058,100.0,0.0,"[50.0, 93.17398823999902, 93.173988239999]",20
188,3299187091,settled,Qk1a_0009,matched,8,"[0.20222460773203968, 0.2009896358457774, -0.3863384758428723, -0.8771835363215675]","[8.105312469541825e-05, -7.230139170907868e-06, 0.18879401487304148, -0.982016707254125]","[480.08544294853135, 12.994613385853402, 15.188327525047862]",5.300000000000105,100.0,0.0,"[50.0, 92.4967031789548, 92.49670317895482]",24
189,1977285233,settled,Qk1a_0001,matched,11,"[-0.32756654353009235, 0.8699542333514705, 0.3587758928499423, 0.08461471587927127]","[0.0015053201093331438, 0.9999977957404607, 0.0013678267198095062, -0.0005211292095712338]","[479.5539644452453, 12.994081885550282, 14.82649223263914]",5.230000000000081,100.0,0.0,"[50.0, 93.40778126488141, 93.40778126488142]",20
190,2229299064,settled,Qk1a_0012,matched,5,"[-0.619164876115041, -0.029487633076919168, 0.09038781523465148, -0.7794840463653336]","[-0.694456497086021, 0.13381695173065644, -0.1336839990711382, -0.6942274738706877]","[479.93618580870594, 14.808011962680277, 12.998762817611052]",5.200000000000071,100.0,0.0,"[50.0, 90.29679762994522, 90.29679762994523]",14
191,621973311,settled,Qk1a_0009,matched,8,"[0.16166114230001008, 0.06193822841095333, -0.8426691729137268, -0.5098411477631677]","[0.000141227044540726, 5.1179277972240866e-05, -0.5610984484568693, -0.8277490613554916]","[479.5739349782257, 12.997224057461533, 15.19084990443144]",5.200000000000071,100.0,0.0,"[50.0, 91.77694645062316, 91.77694645062317]",21
192,3137073118,settled,Qk1a_0004,matched,9,"[-0.9517371159511713, -0.13330978245545402, -0.10058018127309286, -0.2575045458971512]","[-0.9819438083649541, 0.18917231729553102, -0.00043116924679166557, 7.533823733391065e-05]","[479.706297414846, 12.990929592733995, 14.808124804864121]",5.220000000000078,100.0,0.0,"[50.0, 91.65326538641285, 91.65326538641287]",14
193,1722482046,settled,Qk1a_0001,matched,11,"[0.08813421819190732, -0.994524617110877, -0.03387195651061283, 0.0447865616709708]","[-0.0015269289036923398, -0.9999981189281734, -0.0011850351873121114, 0.0001622339142560973]","[479.87133692364864, 12.991808294077153, 14.826581431173432]",5.370000000000128,100.0,0.0,"[50.0, 89.00947677341964, 89.00947677341962]",18
194,2843863878,settled,Qk1a_0008,matched,0,"[-0.792454714480961, 0.19954686388438475, -0.5738415226829097, 0.0538746828831977]","[-0.6575246019754897, -0.04182139428286264, -0.7507686663976921, 0.04752660657613048]","[479.30720965017616, 11.98236384821731, 11.917835862374666]",5.1200000000000445,100.0,0.0,"[50.0, 89.70436329374688, 89.7043632937469]",29
195,3220027874,settled,Qk1a_0012,matched,5,"[0.7896857943755625, -0.03461262758727217, -0.1393528469326443, 0.5964722090967093]","[0.6944086572843269, -0.1333430311138771, 0.13376541098424427, 0.6943508245592844]","[479.5936078703986, 14.808145766251622, 12.999353012149983]",5.320000000000111,100.0,0.0,"[50.0, 91.58760843511942, 91.58760843511944]",29
196,2854411774,settled,Qk1a_0007,matched,1,"[0.25812684870484337, -0.42701643641739917, -0.8403627789845408, 0.21170236820704633]","[0.43108854875476654, -0.5015431732287075, -0.5605287234987603, 0.4984221691026979]","[480.0392935668796, 11.922724591704638, 11.980187362708133]",5.040000000000018,100.0,0.0,"[50.0, 93.17274023751757, 93.17274023751759]",29
197,656915034,settled,Qk1a_0009,matched,8,"[0.12784497927697372, 0.19566603027633855, -0.8798667290965462, 0.4137692652898647]","[-3.9346748125473896e-05, -0.00026292475603340026, -0.8283610566567348, 0.5601945100917574]","[479.5545718398749, 13.009732040944318, 15.191561735806454]",5.330000000000115,100.0,0.0,"[50.0, 92.4966446509797, 92.49664465097972]",29
198,3284494407,settled,Qk1a_0009,matched,8,"[0.06860253914579117, 0.045309811010266335, -0.15727795108926526, 0.9841261904604139]","[1.0942207356978704e-05, -8.160713853401501e-05, -0.18913520821822688, 0.981951050833386]","[479.8371222286368, 12.995412458852803, 15.19334567364315]",5.240000000000085,100.0,0.0,"[50.0, 90.01227137731256, 90.01227137731254]",27
199,1067328885,settled,Qk1a_0009,matched,8,"[-0.25591978843345803, -0.19766273096154707, 0.15568931420534965, -0.9333784570683347]","[-9.186408734906949e-05, 9.076268590853255e-05, 0.18914072408307667, -0.9819499833578357]","[479.50265632509866, 12.999051262752385, 15.19039569455274]",5.310000000000108,100.0,0.0,"[50.0, 93.37393558324186, 93.37393558324187]",25
200,1022616554,settled,Qk1a_0008,matched,0,"[-0.8238360682547088, 0.3606969984141823, -0.22922594801049753, 0.37235369306119537]","[-0.4943653972727235, 0.43523420348362735, -0.49745206570958495, 0.5645489211916197]","[480.1047220047896, 11.989392694430649, 11.919236874823637]",5.140000000000051,100.0,0.0,"[50.0, 91.79404274948787, 91.79404274948789]",30
201,2676922396,settled,Qk1a_0006,matched,7,"[0.5670889684174194, 0.5750736296769055, 0.14364165261314565, -0.5718981535064273]","[0.39610775395971365, 0.5854171729310115, 0.5858711087325587, -0.39640941568400684]","[479.3119339881619, 15.197492200897962, 12.99499355927321]",5.130000000000048,100.0,0.0,"[50.0, 93.10920312112134, 93.10920312112135]",24
202,2816620340,settled,Qk1a_0003,matched,6,"[-0.7565840465540268, 0.6103532874587686, 0.21623990110412925, 0.09104806510126615]","[-0.8271831157753305, 0.5619323664026309, -0.00018033148815771452, 0.0002757642292355867]","[479.9078669482956, 13.011908274918552, 14.816986959562938]",5.510000000000175,100.0,0.0,"[50.0, 91.53412725916611, 91.53412725916613]",20
203,955953799,settled,Qk1a_0005,unmatched,,"[0.11073782713774945, 0.9170597891921606, -0.07497005608619735, -0.37565671480498297]","[0.029049332732019817, 0.8986824904139058, 0.0601806052993315, -0.43347919492991904]","[479.54420100866867, 11.919267590610495, 17.78030643459642]",5.210000000000075,100.0,0.0,"[50.0, 92.10412781290295, 92.10412781290293]",30
204,2242742075,settled,Qk1a_0007,matched,1,"[-0.5055708590298321, -0.21761777531037735, 0.4139789610763628, 0.725025537588115]","[-0.5016198099372703, -0.43130034915817383, 0.49837174978768417, 0.560342015297886]","[479.27562687606166, 11.923723099126226, 11.976955488233905]",5.0600000000000245,100.0,0.0,"[50.0, 90.77422378187585, 90.77422378187586]",26
205,563646561,settled,Qk1a_0009,matched,8,"[0.1809966848044624, -0.019574520890661435, 0.7801086826909813, 0.5985711999518831]","[4.0056788810138855e-05, -0.00013059038028567782, 0.560562926748557, 0.8281118200440677]","[479.42542200334157, 13.003311135549907, 15.186097639896921]",5.400000000000138,100.0,0.0,"[50.0, 91.81495872487582, 91.81495872487581]",28
206,1252269686,settled,Qk1a_0007,matched,1,"[-0.011368646951402817, -0.28266853817251103, 0.7576322028925588, 0.5881859370420873]","[-0.5014315194090875, -0.4311511120567256, 0.49830450038739843, 0.5606850941562547]","[479.78418933659594, 11.922665938285656, 11.984766756513647]",5.110000000000041,100.0,0.0,"[50.0, 93.04057853913578, 93.0405785391358]",31
207,4027616480,settled,Qk1a_0012,matched,5,"[-0.68043651234536, -0.516815929602009, -0.050263332945028244, -0.5170890106530511]","[-0.6943603386557341, 0.13358915486230288, -0.13319272242928615, -0.6944619186801716]","[479.7167922899617, 14.819378044921997, 12.992653464787582]",5.300000000000105,100.0,0.0,"[50.0, 91.74251746558832, 91.74251746558834]",26
208,3293718972,settled,Qk1a_0006,matched,7,"[-0.08516311405964443, 0.5620827045333399, 0.651702175353801, 0.5020901830421239]","[-0.13428975109013033, 0.6943107802953837, 0.6941517075693329, 0.13435851292845447]","[479.69671525993243, 15.200465233503829, 13.008247205023565]",5.130000000000048,100.0,0.0,"[50.0, 92.08706670712542, 92.08706670712542]",29
209,1890189631,settled,Qk1a_0007,matched,1,"[-0.3394955856316147, 0.8200204556643811, -0.259860350300175, -0.3805020341213674]","[0.049820335723384984, 0.6594349877210901, 0.044035276850947935, -0.7488152813013069]","[479.3609796066334, 11.918042188199728, 11.9857794943373]",4.769999999999928,100.0,0.0,"[50.0, 92.78222538416844, 92.78222538416846]",32
210,3852779429,settled,Qk1a_0011,matched,4,"[-0.07873436011047828, 0.8811833971798156, -0.4645710261040449, -0.03860677113237618]","[-0.13260676007151317, 0.6943834055596831, -0.6947122165271181, -0.1327481430177144]","[479.58998702607204, 14.815908311340532, 12.99702014853382]",5.230000000000081,100.0,0.0,"[50.0, 91.51336114360399, 91.51336114360397]",25
211,3574699569,settled,Qk1a_0009,matched,8,"[-0.014546357465746501, -0.03992950916464047, 0.7826885063450515, -0.6209611419547136]","[5.054011157390459e-05, 8.957103345891282e-05, 0.8278523431351845, -0.5609460645982927]","[479.99888564307315, 12.999146604287777, 15.189476855412986]",5.210000000000075,100.0,0.0,"[50.0, 89.01540986981205, 89.01540986981206]",29
212,2869775536,settled,Qk1a_0006,matched,7,"[-0.3863819961020629, 0.2479889883113953, 0.7960141815311683, 0.39442595954848136]","[-0.5855652369016997, 0.3961910029605139, 0.39642815061077935, 0.585654133348955]","[479.41993536890357, 15.193512251273487, 12.997431554417524]",5.280000000000098,100.0,0.0,"[50.0, 93.36038113039054, 93.36038113039055]",30
213,4134650688,settled,Qk1a_0001,matched,11,"[-0.7081233746404337, 0.6882251021543365, -0.14514896229160873, 0.0619618737464115]","[-0.706667190103236, 0.70754570367237, 0.0007169104255053127, 0.00021374239101762393]","[479.7207524070551, 12.995450696129302, 14.80084510756449]",5.380000000000131,100.0,0.0,"[50.0, 90.85961670787616, 90.85961670787617]",17
214,2427166635,settled,Qk1a_0011,matched,4,"[-0.7325272346230783, -0.4320528088242486, 0.4107407595996201, -0.3286734691545241]","[-0.39690160964932786, -0.5848221090693811, 0.5855721852802672, -0.39693504358711623]","[479.60604408327805, 14.81547350578217, 12.973058171030845]",5.260000000000091,100.0,0.0,"[50.0, 92.83302408977852, 92.83302408977849]",20
215,1727678526,settled,Qk1a_0003,matched,6,"[-0.817861978484829, -0.44515403845660717, -0.3381080399473218, 0.13646471894828646]","[-0.9821531997371459, -0.18808120252763186, 0.0004060000316869761, 0.0006234306861496176]","[479.3019186774828, 12.992383951473533, 14.815649536637595]",5.160000000000058,100.0,0.0,"[50.0, 92.69771212334675, 92.69771212334676]",33
216,1757121035,settled,Qk1a_0003,matched,6,"[-0.9059781301467139, -0.3465295566639513, 0.21530600688523707, -0.11297883630699883]","[-0.9821536188355653, -0.18808029196962853, 0.0002119170687852473, 0.00016694902973873882]","[480.04770019710764, 13.011590223042644, 14.80995292890351]",5.300000000000105,100.0,0.0,"[50.0, 91.08737279199944, 91.08737279199946]",28
217,3717735769,settled,Qk1a_0006,matched,7,"[0.5094001570299311, -0.5002641495458026, -0.18323984826967746, -0.6757739405327805]","[0.5852893001795073, -0.3967789466597932, -0.3966630058410232, -0.5853728404872335]","[479.9484573278495, 15.186888793039522, 12.999014927637017]",5.100000000000038,100.0,0.0,"[50.0, 92.71376907295428, 92.71376907295429]",23
218,3836871440,settled,Qk1a_0003,matched,6,"[-0.4194565967077174, -0.8442144356203974, -0.1926679974710818, 0.2724650306351189]","[-0.561753249159299, -0.8273048246127855, -3.277316759209282e-05, 0.00011470526703583064]","[479.83494862239337, 13.004979661728399, 14.805045109210612]",5.430000000000148,100.0,0.0,"[50.0, 92.89604310108253, 92.89604310108254]",22
219,2749509740,settled,Qk1a_0004,matched,9,"[-0.1597855590775447, 0.9155824751788669, -0.36890595336263704, -0.009257636265270899]","[0.1887402933454192, 0.9820270131600772, -3.317501059307837e-05, -0.0002144555934019965]","[479.64358223710843, 13.00254640881982, 14.809053117745178]",5.110000000000041,100.0,0.0,"[50.0, 92.38313725947579, 92.3831372594758]",23
220,2774629600,settled,Qk1a_0007,matched,1,"[-0.30825961786575184, -0.5268689113523266, 0.49770258237844495, 0.616179598605392]","[-0.5015040407542822, -0.43120241265565784, 0.49828136977481785, 0.5606013315738718]","[479.4960853037296, 11.920849524203827, 11.976363648560783]",4.990000000000001,100.0,0.0,"[50.0, 89.04888109371322, 89.0488810937132]",30
221,4108662306,settled,Qk1a_0009,matched,8,"[-0.3062271054652854, -0.3870148795577624, -0.8664927602010577, 0.07506490124149866]","[7.515652060777202e-05, -0.00011435951438609761, -0.9819577261501345, -0.18910051646533457]","[479.3621092064859, 12.993764969089797, 15.190757882038282]",5.440000000000151,100.0,0.0,"[50.0, 92.63735630370805, 92.63735630370803]",26
222,3915063510,settled,Qk1a_0004,matched,9,"[0.46725796019968024, 0.8012846212229413, -0.1304090628171751, 0.3501520109278076]","[0.82805196171702, 0.5606513436108957, -2.9680248203267645e-05, 0.00013683192265795396]","[479.6515250276497, 13.007248027596846, 14.810392624175275]",5.160000000000058,100.0,0.0,"[50.0, 92.51925864138336, 92.51925864138337]",18
223,4074036573,settled,Qk1a_0008,matched,0,"[-0.22252096209612113, -0.8929375005362474, -0.2719299177765263, -0.2814270089773681]","[-0.435231430080786, -0.4945491980195885, -0.5643873587812238, -0.49745512587164076]","[479.59857105877205, 11.986269625875625, 11.9212668593394]",5.130000000000048,100.0,0.0,"[50.0, 92.90787425289801, 92.90787425289803]",22
224,1229361572,settled,Qk1a_0010,matched,10,"[-0.5077338642986794, -0.31380879933589584, 0.060137209423592304, -0.8000711696758213]","[-0.4996790216551262, -0.4998477719001373, 0.5003498329859136, -0.5001231097192098]","[479.94156185494325, 14.827008118139432, 12.971676597466708]",5.240000000000085,100.0,0.0,"[50.0, 92.29675972789013, 92.29675972789012]",21
225,1745034590,settled,Qk1a_0010,matched,10,"[-0.40236593803313664, 0.6784087334039052, -0.5993055388273092, -0.1367337320595452]","[0.00047092231667563827, 0.7065062201267794, -0.7077066475946912, 0.00020026139442873154]","[479.57775681362295, 14.820771373525714, 12.982335996241511]",5.400000000000138,100.0,0.0,"[50.0, 90.6232947017608, 90.62329470176078]",25
226,4151795851,settled,Qk1a_0007,matched,1,"[0.37827042312259135, 0.7093878632050035, -0.5596843583528156, -0.20108148980772006]","[0.5015790273197822, 0.43143967446567816, -0.49832033082042576, -0.5603169946922122]","[479.28436632769, 11.930332512693417, 11.979502710692906]",4.869999999999961,100.0,0.0,"[50.0, 90.70772899851883, 90.70772899851885]",28
227,2697486113,settled,Qk1a_0007,matched,1,"[-0.638297706726111, 0.517839873353241, 0.35548034649844024, -0.4450299163056749]","[-0.4312712944125731, 0.5014431626418397, 0.5604252223340451, -0.49848108833464194]","[480.1716396033032, 11.928964264069648, 11.98134006708756]",4.909999999999974,100.0,0.0,"[50.0, 89.20467391101245, 89.20467391101242]",31
228,2966183571,settled,Qk1a_0008,matched,0,"[-0.4050248111058649, 0.5694886344768997, -0.6901580810227609, 0.18793461838968]","[-0.49430438797157494, 0.4355941524910397, -0.4974025154970903, 0.564368358366082]","[479.5084000428887, 11.99302903527246, 11.922136799363928]",5.210000000000075,100.0,0.0,"[50.0, 92.11129571512426, 92.11129571512424]",27
229,2500031451,settled,Qk1a_0006,matched,7,"[0.76319034690919, -0.2277529373624901, -0.35234984779530726, -0.49144549918176267]","[0.5857797197211035, -0.39602588944136236, -0.3958609920427156, -0.5859348853196918]","[479.76573411954774, 15.201397813518307, 13.005705286510592]",5.020000000000011,100.0,0.0,"[50.0, 90.68998046183235, 90.68998046183236]",24
230,2561181116,settled,Qk1a_0007,matched,1,"[0.5557099502907066, 0.18332897211156124, -0.733061527964434, 0.3466954504328954]","[0.6595411382331302, -0.04984886117573778, -0.7487312354670795, -0.04384193259392116]","[479.7169626672399, 11.923372288302845, 11.979234532656378]",4.990000000000001,100.0,0.0,"[50.0, 92.36623215847462, 92.3662321584746]",23
231,65157401,settled,Qk1a_0008,matched,0,"[0.7007348822005915, 0.34419107347733346, 0.6134359061064913, -0.1191617342318908]","[0.6573800609240352, 0.04160687845203756, 0.7509134478959331, -0.04742696420846515]","[479.30274839871487, 11.981341428590884, 11.920195758630088]",5.1500000000000545,100.0,0.0,"[50.0, 92.37122084616774, 92.37122084616776]",27
232,2234388547,settled,Qk1a_0006,matched,7,"[0.6047940157947055, 0.6077553528195518, 0.07337389496054626, -0.5093858077296758]","[0.6945291689041911, 0.13251783519503207, 0.13285083064828102, -0.6945638298187847]","[479.68003227649575, 15.199498657792137, 12.983321511343519]",5.020000000000011,100.0,0.0,"[50.0, 92.60646678063941, 92.60646678063942]",29
233,2166876674,settled,Qk1a_0012,matched,5,"[0.337147373849726, 0.47287700853367526, -0.8005264802242199, 0.14790651630775833]","[0.5853357542774944, 0.3964889175891785, -0.39675652865113087, 0.5854595203479596]","[479.35634524409704, 14.815954369869068, 12.99271561609409]",5.470000000000161,100.0,0.0,"[50.0, 91.30974829994302, 91.30974829994304]",28
234,372911645,settled,Qk1a_0007,matched,1,"[0.45729859765411696, -0.2994543659042598, -0.817463624635389, -0.18154420321901665]","[0.6597467476838339, -0.049604515279774636, -0.7485878299283792, -0.04347277156545759]","[479.9735465497011, 11.917479412451804, 11.979473010264746]",5.020000000000011,100.0,0.0,"[50.0, 90.62318289002451, 90.62318289002452]",25
235,2861615969,settled,Qk1a_0008,matched,0,"[-0.23990956037846306, -0.901204257015366, -0.03228041700793559, -0.35948889364511455]","[0.04207546510604307, -0.657506075973676, -0.04734055787123828, -0.7507824497644099]","[479.7460592138725, 11.993345983404012, 11.923522409951099]",5.310000000000108,100.0,0.0,"[50.0, 92.29205464477339, 92.2920546447734]",31
236,2387200314,settled,Qk1a_0012,matched,5,"[0.013659507951663442, 0.4204500321245355, -0.9053954738728021, 0.05739533273394037]","[0.13359035806627867, 0.6943009192686619, -0.6944606559572495, 0.13350747942284497]","[479.4890598278593, 14.815044464157939, 12.995053494763434]",5.220000000000078,100.0,0.0,"[50.0, 91.33121924485098, 91.331219244851]",16
237,1385614205,settled,Qk1a_0007,matched,1,"[-0.04519506248186818, -0.48284814014254235, -0.26943042102355846, 0.8319989952609412]","[-0.049866198319830975, -0.6596870202462125, -0.04376450915903674, 0.7486060815421346]","[479.5171657507226, 11.927756058616213, 11.98428762684556]",4.990000000000001,100.0,0.0,"[50.0, 90.88456994383183, 90.88456994383185]",26
238,1583315686,settled,Qk1a_0010,matched,10,"[0.6752684329575351, 0.1680356411288354, 0.18105246852978027, 0.6949795467499522]","[0.7064766388603095, -0.00048626855149093396, 0.0007051739481999989, 0.7077358440952659]","[479.52666162306724, 14.827420528800257, 12.98730682948826]",5.370000000000128,100.0,0.0,"[50.0, 90.71931569965292, 90.71931569965294]",31
239,3858463115,settled,Qk1a_0001,matched,11,"[-0.02604605381927596, 0.9764416198827186, -0.2089560607397276, -0.047124629668476824]","[0.0005489254221372427, 0.9999998280869807, 0.00020537817367927147, -1.807473156948628e-05]","[479.89613956383505, 12.997032602810867, 14.81204719209853]",5.410000000000141,100.0,0.0,"[50.0, 91.24540794620445, 91.24540794620447]",20
240,341800848,settled,Qk1a_0008,matched,0,"[0.559550952873797, 0.4583146987576111, 0.5125176614239061, 0.462791545697754]","[0.4353950525822841, 0.4944438234085783, 0.564380276037387, 0.4974247256620238]","[480.01639678200627, 11.985642704733515, 11.919118793750846]",5.110000000000041,100.0,0.0,"[50.0, 86.41445678508789, 86.4144567850879]",33
241,2423485330,settled,Qk1a_0002,unmatched,,"[-0.8623942645929769, 0.4774291536592661, -0.15922513505175553, -0.0546341651449517]","[-0.6686644023502639, 0.7421915243747239, 0.030246584372945806, 0.03353807253940114]","[479.265821281771, 12.332578456760366, 15.655266540426645]",5.320000000000111,100.0,0.0,"[50.0, 90.52582697097705, 90.52582697097706]",24
242,3180880856,settled,Qk1a_0001,matched,11,"[0.10224891412479975, -0.955790906892587, -0.16146386686159142, 0.22346883800621423]","[6.0908361490795184e-05, -0.9999997248086511, -0.0007344701175568403, -8.500847179468883e-05]","[479.36607159100276, 12.977395110322309, 14.815979567448402]",5.400000000000138,100.0,0.0,"[50.0, 92.75303075646814, 92.75303075646815]",17
243,2801613835,settled,Qk1a_0007,matched,1,"[-0.14433092329872946, 0.7897983796467177, 0.5282216439799444, -0.2763494145430388]","[-0.4315254977899723, 0.5013069518051778, 0.5607245655671629, -0.4980612877934142]","[479.4802933461194, 11.91931107776565, 11.974254062844581]",5.110000000000041,100.0,0.0,"[50.0, 93.37668484510566, 93.37668484510564]",28
244,90147713,settled,Qk1a_0004,matched,9,"[-0.210859600307379, -0.9719644633107304, -0.07201725142344272, 0.07507880204630919]","[-0.18941569557518184, -0.9818969768197123, 1.919182299592315e-05, -0.00014426972417404263]","[479.84204686561645, 12.99659123774447, 14.812125352968962]",5.300000000000105,100.0,0.0,"[50.0, 90.0450471146418, 90.04504711464182]",26
245,1005713428,settled,Qk1a_0007,matched,1,"[0.6667427871336417, 0.021383060332239117, -0.7075360080632618, -0.23321581813846876]","[0.6595398616217898, -0.049677391399755855, -0.7487199836631252, -0.044246059475567256]","[479.3090258172832, 11.922813559414529, 11.98365252705479]",5.010000000000008,100.0,0.0,"[50.0, 89.46381445699436, 89.46381445699434]",34
246,2629818591,settled,Qk1a_0005,unmatched,,"[0.05151306419367056, -0.9158602742422736, 0.24549129762624153, 0.313497025619112]","[-0.02912781921520763, -0.898651407066068, -0.059457144215911084, 0.4336381748965729]","[479.2996488497694, 11.916040685722153, 17.769151440486645]",5.200000000000071,100.0,0.0,"[50.0, 92.99247502246888, 92.99247502246887]",34
247,3392212039,settled,Qk1a_0007,matched,1,"[-0.13576075001630175, -0.3113963090186456, 0.34394700026860947, 0.8753866679878102]","[-0.04973717133800104, -0.6593806487674471, -0.043891223108870725, 0.7488771156553806]","[479.906786222458, 11.924936550121814, 11.977688575132593]",5.020000000000011,100.0,0.0,"[50.0, 93.43299957071733, 93.4329995707173]",36
248,2276997534,settled,Qk1a_0007,matched,1,"[-0.5611092435708998, -0.34654972379426824, 0.7170849059217052, -0.2254971029008315]","[-0.6595305704816434, 0.04935719802891572, 0.7487833643073646, 0.043666542563350674]","[479.65367414395695, 11.920396101440394, 11.976383593623703]",5.000000000000004,100.0,0.0,"[50.0, 91.05409996058958, 91.0540999605896]",23
249,3484193762,settled,Qk1a_0006,matched,7,"[0.6459184252746818, -0.4977225913968061, -0.5385794684465182, -0.21211734033734517]","[0.5853322154251945, -0.39685067430179444, -0.39666498731017946, -0.5852799567163222]","[479.8181082947238, 15.188883836293517, 12.997238232184593]",5.110000000000041,100.0,0.0,"[50.0, 93.3086133447511, 93.30861334475108]",22
250,2295828995,settled,Qk1a_0012,matched,5,"[-0.013476426495046517, 0.8381611037621863, -0.5451108033376667, 0.01259214650648228]","[0.133468366546472, 0.694473922615169, -0.6942720612640969, 0.1337103993226368]","[479.506229722413, 14.815672780876044, 12.996031234026272]",5.170000000000061,100.0,0.0,"[50.0, 90.65392445802296, 90.65392445802297]",20
251,3771793615,settled,Qk1a_0012,matched,5,"[0.23254083200101008, -0.6380020625267856, 0.7262400279824832, -0.10702126620372046]","[-0.13351170941378238, -0.6942700282322809, 0.694492235762952, -0.13358250563877755]","[480.0422727332472, 14.809498573822978, 12.994820265579001]",5.230000000000081,100.0,0.0,"[50.0, 91.84801634326196, 91.84801634326197]",18
252,3118298281,settled,Qk1a_0006,matched,7,"[-0.14263487038408665, 0.7213743627836406, 0.5770605745656794, 0.3553525232089105]","[-0.5853318994815728, 0.39678734044553365, 0.3963222771259359, 0.5855553146929562]","[479.7321040394045, 15.196887568204676, 12.99262304042543]",5.220000000000078,100.0,0.0,"[50.0, 91.87496291447684, 91.87496291447682]",25
253,1906367210,settled,Qk1a_0006,matched,7,"[-0.6176317723461163, 0.026733677711732354, -0.29175170048315346, 0.7298611166035553]","[-0.6943702936969318, -0.13374650943855368, -0.13384309379585424, 0.6942966172230668]","[480.0561370227559, 15.197649767024888, 13.000328342222218]",5.0900000000000345,100.0,0.0,"[50.0, 91.42724918771805, 91.42724918771806]",23
254,2833079087,settled,Qk1a_0006,matched,7,"[-0.6668495150154875, 0.25735878105545934, 0.037236704706548183, 0.6983492034504332]","[-0.6942381872201364, -0.13351209639282313, -0.1340207273566861, 0.6944395612008847]","[479.34011823862596, 15.215415936370682, 12.99060116234364]",5.240000000000085,100.0,0.0,"[50.0, 91.14193548550514, 91.14193548550516]",24
255,2368896303,settled,Qk1a_0006,matched,7,"[-0.7155871487157034, 0.006217157027642254, -0.4538640368280027, 0.5309461513426882]","[-0.3964576561323039, -0.585129107396956, -0.5855213071830935, 0.39700132670499094]","[479.5601361948206, 15.19141026082517, 12.990590934899984]",5.330000000000115,100.0,0.0,"[50.0, 93.43836865751761, 93.43836865751763]",31
256,1598618583,settled,Qk1a_0001,matched,11,"[-0.6568789595911407, 0.7116914753260162, 0.16538963778309454, -0.18614925223786338]","[-0.706195377501371, 0.7080165319351244, 0.0006621152353447624, 0.0004908214239990605]","[479.76327899546703, 12.994250407700154, 14.808806928338015]",5.530000000000181,100.0,0.0,"[50.0, 90.95914632615604, 90.95914632615606]",33
257,1244567859,unsettled,,not_evaluated,,"[0.565260253583024, 0.7320121545565798, -0.09164890005678931, 0.36910639444348603]","[0.7493586971111554, 0.660806948356112, 0.03226525281552581, -0.0274713219358777]","[479.37219581331067, 12.407893351668774, 15.579565238429321]",5.350000000000121,100.0,0.0,"[50.0, 92.50630270871775, 92.50630270871777]",22
258,3419669745,settled,Qk1a_0006,matched,7,"[-0.35962053045550435, 0.37637508056528163, 0.452864258304126, 0.723829286748632]","[-0.5847049871770214, 0.3969343363632559, 0.39725989682661594, 0.5854466542388703]","[479.7839263475711, 15.203676799162364, 12.984132916263377]",5.0900000000000345,100.0,0.0,"[50.0, 92.95889696020406, 92.95889696020407]",23
259,4100535516,settled,Qk1a_0012,matched,5,"[-0.04495724533447707, 0.8754213017997509, -0.38056707385774335, 0.29459309690235463]","[0.5854021038692304, 0.39616662477921044, -0.3966577257225555, 0.5856782656212683]","[479.8925080972103, 14.80873031900936, 12.998299993219575]",5.440000000000151,100.0,0.0,"[50.0, 92.40302475173311, 92.40302475173313]",27
260,3322081678,settled,Qk1a_0007,matched,1,"[-0.257573637444613, 0.29792073162711874, 0.01884675617382141, -0.9189906739146148]","[0.049353067059787765, 0.6594710375559836, 0.043718305650423235, -0.7488330489152325]","[479.9690869639929, 11.91813486931054, 11.97994061161606]",5.110000000000041,100.0,0.0,"[50.0, 93.41491392022024, 93.41491392022026]",19
261,3513997404,settled,Qk1a_0008,matched,0,"[-0.31160099473242947, -0.3848583634180207, -0.8382718690394293, 0.2282304400515085]","[-0.6574215296970178, -0.04206347988997727, -0.7508339911244966, 0.04770653752304771]","[479.68413634677904, 11.977860767309448, 11.920939538328264]",4.959999999999991,100.0,0.0,"[50.0, 92.46282160698948, 92.4628216069895]",14
262,3617040745,settled,Qk1a_0008,matched,0,"[0.5076541819216592, -0.1836471652187958, 0.7481985211268992, -0.38569407989762045]","[0.4942426998836913, -0.435378467230233, 0.4975286354978924, -0.5644776352908392]","[479.6997416210434, 11.984220694334196, 11.913518949181356]",5.020000000000011,100.0,0.0,"[50.0, 91.89139644339427, 91.89139644339426]",18
263,2022730149,settled,Qk1a_0004,matched,9,"[-0.9298814207432338, -0.20301241814567073, -0.28420845445175663, -0.11546452205476868]","[-0.9819541362467115, 0.1891192060803942, -8.57328655301526e-06, 1.1224752123173422e-05]","[479.7135401460199, 12.997461955017783, 14.805920850492562]",4.919999999999978,100.0,0.0,"[50.0, 92.85004754626672, 92.85004754626671]",20
264,1323970333,settled,Qk1a_0006,matched,7,"[0.5994108140143483, -0.43447983992292233, -0.3543480176053207, -0.5712892675014887]","[0.5855793060502607, -0.3963650628051054, -0.39631956041292277, -0.5855957815313456]","[479.59691907826175, 15.188907204867707, 12.998771867725864]",5.110000000000041,100.0,0.0,"[50.0, 89.25554534112263, 89.25554534112264]",34
265,1607122480,settled,Qk1a_0006,matched,7,"[-0.13729706028893218, -0.4824437451248737, -0.8624230310070737, 0.06800048245766428]","[0.1338731163083754, -0.6944619472620638, -0.6941661670343006, -0.133917605563176]","[479.94053913920555, 15.192362232375723, 12.999579896666503]",5.210000000000075,100.0,0.0,"[50.0, 91.41677372275828, 91.4167737227583]",27
266,1954191936,settled,Qk1a_0003,matched,6,"[-0.3750395254128309, 0.8965561916206081, 0.1285035455493662, -0.19753275279333296]","[-0.8277069854783112, 0.5611603986025362, -0.00018657788614603876, 0.00034412111490289554]","[480.0877779360441, 13.001950616359437, 14.81664094878411]",5.7100000000002415,100.0,0.0,"[50.0, 92.2383487186963, 92.23834871869632]",34
267,1883267586,settled,Qk1a_0008,matched,0,"[-0.31654266807496767, 0.7193013611458268, 0.15715600459856857, 0.5980871854172737]","[-0.04166686397731209, 0.6573916356571202, 0.04743526003353382, 0.7508994645889046]","[479.84657565981524, 11.9858108183143, 11.92155777275502]",5.1200000000000445,100.0,0.0,"[50.0, 92.07341555500223, 92.07341555500224]",28
268,474705099,settled,Qk1a_0008,matched,0,"[0.21873165072784517, -0.6332189067608778, 0.30525693972011464, -0.6767632391339983]","[0.041617803151263344, -0.657603031456707, -0.047418446985251744, -0.7507181244417368]","[479.3111016423585, 11.98715814738653, 11.916587459005838]",5.100000000000038,100.0,0.0,"[50.0, 88.32788239250615, 88.32788239250614]",21
269,1696503777,settled,Qk1a_0008,matched,0,"[-0.5875972952099113, 0.4340333022380417, -0.6364929058043413, 0.2474293678427903]","[-0.49477419510339393, 0.43520670186252836, -0.4974585219303054, 0.5642062047449008]","[479.2594244088258, 11.978138519007524, 11.921552013832397]",5.1200000000000445,100.0,0.0,"[50.0, 89.84498710101259, 89.8449871010126]",17
270,1623912174,settled,Qk1a_0012,matched,5,"[0.7522539142905933, 0.1549308557746745, 0.05438614146876464, 0.6380851243992035]","[0.694318679459965, -0.1339160536900492, 0.133992710135745, 0.6942866954994403]","[479.28218270811846, 14.812109113722776, 12.998908323458055]",5.240000000000085,100.0,0.0,"[50.0, 91.07912077301027, 91.07912077301029]",19
271,2380680176,settled,Qk1a_0007,matched,1,"[0.336042588214607, 0.7287339870388978, -0.08053921844792626, -0.5912153493712904]","[0.049470195832327535, 0.6594314442664394, 0.0439355404631008, -0.7488474733356616]","[480.02962151770663, 11.920685226288438, 11.974860887883509]",4.919999999999978,100.0,0.0,"[50.0, 90.4255881748486, 90.42558817484858]",22
272,3622048588,settled,Qk1a_0007,matched,1,"[-0.19616592677403716, -0.3327489655198184, 0.5132945907767422, 0.7663717884928376]","[-0.5013337570892735, -0.43126522143467544, 0.49852418711554974, 0.5604894358009204]","[479.7543562179922, 11.92476487029307, 11.9849636398684]",5.080000000000031,100.0,0.0,"[50.0, 92.87807865329154, 92.87807865329155]",21
273,3881848330,settled,Qk1a_0008,matched,0,"[-0.5152420723142735, -0.7359701103176574, -0.3787059312666199, -0.22238574877853687]","[-0.4353936420593965, -0.49440925966047156, -0.5644385246448773, -0.49739422223519314]","[479.866259147089, 11.984466512132308, 11.922916687221468]",5.140000000000051,100.0,0.0,"[50.0, 90.50088912744732, 90.50088912744734]",22
274,3493192325,settled,Qk1a_0006,matched,7,"[0.5774921102786998, 0.09648544528746568, 0.025557378206479065, -0.8102717086463924]","[0.6942467899228134, 0.13319856150181653, 0.1334962243245581, -0.6945921796182297]","[479.94274074115174, 15.199443147270197, 12.994458160913672]",5.050000000000021,100.0,0.0,"[50.0, 91.01990239378908, 91.0199023937891]",27
275,1815346335,settled,Qk1a_0011,matched,4,"[0.2777221504941907, -0.6680519952292304, 0.6669217686384065, 0.17830393520992774]","[0.13269443350035937, -0.6942944390265504, 0.6948548311370953, 0.1323789367696584]","[480.0034302035756, 14.816833928775479, 12.998463910153214]",5.290000000000101,100.0,0.0,"[50.0, 89.14332835268645, 89.14332835268647]",28
276,3637393240,settled,Qk1a_0006,matched,7,"[0.7553196358765062, -0.24492385367212738, -0.15447209870656786, -0.5879140449784855]","[0.694339851685867, 0.1337831334108871, 0.13373542515917963, -0.694340751816503]","[480.01039259460765, 15.191165970689752, 12.991604430102125]",5.1500000000000545,100.0,0.0,"[50.0, 91.12323655890924, 91.12323655890926]",35
277,3360495833,settled,Qk1a_0007,matched,1,"[0.10811116254835264, 0.5111839287283958, -0.2434273997192518, -0.8171573095849841]","[0.04959923276719855, 0.6596335391797902, 0.04402995183725508, -0.7486553769520784]","[479.94208059327866, 11.924226392009013, 11.97698499382432]",5.000000000000004,100.0,0.0,"[50.0, 91.69136899314637, 91.69136899314636]",26
278,1560027829,settled,Qk1a_0007,matched,1,"[-0.2068224005022676, -0.8508258359786609, 0.4010009992602897, 0.26929183068548773]","[-0.5015361460557362, -0.43134430232151816, 0.49866234610675136, 0.5601244965448597]","[479.6995422154001, 11.917554949430608, 11.98359562512555]",5.000000000000004,100.0,0.0,"[50.0, 92.77344283888513, 92.77344283888515]",29
279,446415368,settled,Qk1a_0007,matched,1,"[-0.6447038919539761, 0.0033417160762772937, 0.7642309258427562, 0.017228366683615156]","[-0.6595380910700281, 0.049180373654493716, 0.7487821035929875, 0.043773949030997995]","[480.04569457735744, 11.917094727399302, 11.979485699337964]",4.959999999999991,100.0,0.0,"[50.0, 85.52240180562887, 85.52240180562887]",23
280,2051490765,settled,Qk1a_0007,matched,1,"[0.5677612886585218, -0.042225915797724375, -0.632701809267735, -0.5249309589700275]","[0.6594693897470547, -0.049588090892684206, -0.7488181368909274, -0.043732631883601075]","[479.71587644911955, 11.91970310481302, 11.97893858691016]",4.949999999999988,100.0,0.0,"[50.0, 93.1939866633398, 93.19398666333981]",36
281,425018833,settled,Qk1a_0008,matched,0,"[0.6177933086006123, -0.09183552083351545, 0.46035819729377525, -0.6308470457614677]","[0.49458318623432973, -0.4353493947484219, 0.4974863768614984, -0.564239028447785]","[479.64823844917356, 11.980128482073267, 11.925548753825852]",4.929999999999981,100.0,0.0,"[50.0, 92.08249071938168, 92.0824907193817]",22
282,768002776,settled,Qk1a_0012,matched,5,"[0.5416438597008607, -0.6263103578778557, 0.49528465035784297, 0.2627743898921201]","[0.39649278190265197, -0.5853124308615072, 0.5854897460768248, 0.39674247241376226]","[480.0763936482129, 14.82579041358559, 12.992924499880857]",5.260000000000091,100.0,0.0,"[50.0, 91.06869900121268, 91.06869900121269]",20
283,124666021,settled,Qk1a_0006,matched,7,"[-0.6417760342896773, 0.38975195315750033, 0.3408201163805919, 0.5657372049738714]","[-0.5856919713444984, 0.3964029580101526, 0.3960638009074694, 0.5856304937365582]","[480.01419603873086, 15.191936976013775, 12.9978208816943]",5.020000000000011,100.0,0.0,"[50.0, 89.48515248585446, 89.48515248585447]",33
284,3632654363,settled,Qk1a_0008,matched,0,"[0.7051862874546008, 0.08985479266585855, 0.5677062028398622, -0.4151482668615129]","[0.6574794999484723, 0.041853268327690596, 0.7508119151745936, -0.04743921489291422]","[479.7799286537773, 11.987406087642947, 11.920129002100607]",5.200000000000071,100.0,0.0,"[50.0, 92.99337543817258, 92.99337543817258]",22
285,703561134,settled,Qk1a_0006,matched,7,"[-0.07417779627216181, -0.49461589080912516, -0.8617672132428539, 0.08491198548465884]","[0.13323760196872075, -0.6944821185583282, -0.6944068592327051, -0.13319700550286812]","[479.4778577196039, 15.189842288956205, 12.994513912919476]",5.130000000000048,100.0,0.0,"[50.0, 91.54530657726735, 91.54530657726737]",25
286,3121521016,settled,Qk1a_0008,matched,0,"[0.010537906009646474, -0.8102638762609328, -0.3503888545444036, -0.4696690898649817]","[0.04194070018831683, -0.6573569355540249, -0.04766200590902306, -0.7509002398051713]","[479.9559912291345, 11.992363056084608, 11.918301784872039]",5.230000000000081,100.0,0.0,"[50.0, 92.14997584795596, 92.14997584795597]",23
287,2633462982,settled,Qk1a_0006,matched,7,"[-0.6696015768829735, -0.5238860473033524, -0.12537979712777328, 0.5113287046009672]","[-0.39723413470640956, -0.5847560970295813, -0.5853130260492178, 0.39708186907473986]","[479.8651110862101, 15.198671505288473, 12.991256766639866]",5.0900000000000345,100.0,0.0,"[50.0, 91.88065865703079, 91.8806586570308]",24
288,3761640212,settled,Qk1a_0007,matched,1,"[-0.5021713166671637, 0.3763741243342449, 0.7778556823101909, 0.03327198139794165]","[-0.6595730735435543, 0.04930167054115836, 0.7487376845567171, 0.0438700998723075]","[479.933854810859, 11.925232366377966, 11.980753924780846]",5.110000000000041,100.0,0.0,"[50.0, 92.52064421837997, 92.52064421837996]",20
289,1285634449,settled,Qk1a_0009,matched,8,"[-0.06179464665889061, 0.12239474429666039, 0.989804171696417, 0.038583026128440265]","[-5.900538927559873e-05, 0.00022140905370909847, 0.9819867931562736, 0.18894942593999384]","[479.37894802566393, 13.002806788590396, 15.190993132243381]",5.210000000000075,100.0,0.0,"[50.0, 91.02410460086368, 91.0241046008637]",23
290,1184822575,settled,Qk1a_0007,matched,1,"[0.08288139339956037, 0.8356324246838398, -0.34553634299367453, -0.41887201042288746]","[0.5012445011404918, 0.43142411579618034, -0.49856701445857154, -0.560408881513998]","[480.09805519828456, 11.923293354817549, 11.981926529468087]",4.939999999999984,100.0,0.0,"[50.0, 91.98865442251831, 91.9886544225183]",34
291,3115268231,settled,Qk1a_0008,matched,0,"[-0.8358054346397688, -0.3199395351726686, -0.40994245749741026, -0.17611118874480403]","[-0.6575249324788099, -0.04170462019084714, -0.7507864537321259, 0.04734330698010061]","[479.48380168938115, 11.988738174678204, 11.917855110753855]",5.240000000000085,100.0,0.0,"[50.0, 92.91608907347494, 92.91608907347495]",19
292,159930596,settled,Qk1a_0007,matched,1,"[0.07029200069442101, 0.8121000458651979, 0.19429839282092132, -0.5457111733246133]","[0.04951145519276429, 0.6597268802007044, 0.04402215671504734, -0.7485793939613195]","[480.0777942072418, 11.918575120321968, 11.971199960782657]",4.899999999999971,100.0,0.0,"[50.0, 89.10628764359406, 89.10628764359407]",24
293,2990616242,settled,Qk1a_0003,matched,6,"[0.39931632781484955, -0.8914822639433736, -0.10430196937727094, -0.18688751322355332]","[0.18865319759639548, -0.9820437520474217, -7.396685807403713e-06, -0.0002001163823895924]","[479.95401099666805, 13.011167284429828, 14.80856732704944]",5.280000000000098,100.0,0.0,"[50.0, 91.12639307629398, 91.126393076294]",29
294,188957523,settled,Qk1a_0008,matched,0,"[0.47510104677309783, 0.5299293470096674, 0.42235268641611745, 0.5613128279400916]","[0.4351097469943157, 0.4943573438741327, 0.564632584189513, 0.4974739887669784]","[479.28399195504244, 11.982018520837414, 11.915572305002845]",5.110000000000041,100.0,0.0,"[50.0, 86.78527739725223, 86.78527739725224]",28
295,481643049,settled,Qk1a_0009,matched,8,"[-0.21476873217317644, -0.056308315502426265, -0.9350997853314761, 0.27621034875441053]","[6.391996370992692e-05, 0.00015594440432881163, -0.9821041714144751, -0.1883384402767214]","[479.8087036765512, 12.989073609325233, 15.191912448797499]",5.380000000000131,100.0,0.0,"[50.0, 90.86552241879323, 90.86552241879323]",34
296,2386476367,settled,Qk1a_0008,matched,0,"[0.41604402109894867, 0.7547056021612667, 0.10448879305651773, 0.4963959293747375]","[0.43532334021861946, 0.4946863878063278, 0.564255647279813, 0.4973877076213994]","[479.6396842044869, 11.979211040188435, 11.916031030682403]",5.320000000000111,100.0,0.0,"[50.0, 92.2287093697376, 92.22870936973762]",31
297,533239478,settled,Qk1a_0006,matched,7,"[-0.4048579522964122, 0.7546106910868032, 0.5160774362278959, 0.017799527417749247]","[-0.13416369297046316, 0.6943859744000596, 0.6941269688484741, 0.13422359391044755]","[479.38325671697413, 15.198080753980694, 13.007244807772542]",5.0300000000000145,100.0,0.0,"[50.0, 92.08356214322988, 92.0835621432299]",26
298,1781618497,settled,Qk1a_0007,matched,1,"[-0.05099139373989536, 0.34612407464907746, 0.82357526110958, -0.446454691991326]","[-0.4310869857005174, 0.5012004240477842, 0.5608399718542364, -0.49841816947669826]","[479.2506770799729, 11.9191994341465, 11.974253192135707]",5.160000000000058,100.0,0.0,"[50.0, 92.59048283497916, 92.59048283497917]",28
299,3019699939,settled,Qk1a_0012,matched,5,"[-0.7295158589622052, 0.11959716108047205, -0.0508877389231582, -0.6715009818395025]","[-0.6943978732882582, 0.1336149902310097, -0.133583568637064, -0.6943443368736425]","[479.3338239794673, 14.81185414336422, 12.99762253719908]",5.1200000000000445,100.0,0.0,"[50.0, 89.1565121593791, 89.15651215937912]",33
300,2541693149,settled,Qk1a_0007,matched,1,"[0.08045852992811474, 0.40327625655887533, -0.378121920292795, -0.8294085237395116]","[0.04954484326212974, 0.6594625395500151, 0.04362566492063119, -0.7488332716944464]","[479.46036214372424, 11.922826425061476, 11.980923167824205]",4.919999999999978,100.0,0.0,"[50.0, 93.22988908927255, 93.22988908927256]",32
301,2084280921,settled,Qk1a_0008,matched,0,"[0.619849051548462, 0.00741623529008566, 0.671735423160493, -0.4055905250618995]","[0.6574780926267844, 0.041878038276119606, 0.7508011376008256, -0.04760713605433395]","[479.85358998245334, 11.98381228650308, 11.910385377174832]",5.070000000000028,100.0,0.0,"[50.0, 92.56640866278016, 92.56640866278018]",34
302,1270096408,settled,Qk1a_0006,matched,7,"[0.4349517640743151, 0.5834549578223276, 0.4957376592549344, -0.473963551676314]","[0.39621401145675894, 0.5855869068543562, 0.5857939837572179, -0.3961664299760129]","[479.5365008703555, 15.201937160363762, 12.998457654020438]",5.100000000000038,100.0,0.0,"[50.0, 89.43976586843434, 89.43976586843432]",21
303,386839995,settled,Qk1a_0007,matched,1,"[-0.00029784170792755655, 0.7696289460833465, 0.4092458033581264, -0.4900908783835057]","[0.04950219831951126, 0.6595533666431589, 0.0437066421776239, -0.7487513728473343]","[479.2595139765753, 11.920143392887974, 11.984162188872004]",4.839999999999951,100.0,0.0,"[50.0, 92.94226095449555, 92.94226095449557]",34
304,1683487450,settled,Qk1a_0004,matched,9,"[0.8246709982353464, 0.4049014931673811, -0.354562797520974, -0.17394754414605393]","[0.8279778043315961, 0.5607608282600482, -5.308131175491004e-05, 0.00021495513086156048]","[479.670098414482, 12.989871473894356, 14.805063355483137]",5.400000000000138,100.0,0.0,"[50.0, 93.07923419634497, 93.07923419634498]",29
305,600956363,settled,Qk1a_0007,matched,1,"[0.05725477910805818, -0.7446815581501165, -0.42402949309232957, 0.5122209056728005]","[-0.04928059153795622, -0.6595418014004428, -0.04391895302599755, 0.7487637551779789]","[479.4473287287847, 11.914674044115884, 11.977431837144653]",4.859999999999958,100.0,0.0,"[50.0, 92.9487281972294, 92.94872819722941]",31
306,2578686602,settled,Qk1a_0012,matched,5,"[-0.6455400009938469, 0.5753806031681371, -0.45602070897125385, -0.21038151440677957]","[-0.3968283547517579, 0.5852294761198571, -0.5853902547754621, -0.3966761484629626]","[479.6413980874263, 14.809515776505528, 12.998409950795851]",5.250000000000088,100.0,0.0,"[50.0, 92.50732854188465, 92.50732854188466]",22
307,550025147,settled,Qk1a_0007,matched,1,"[0.7099573476934985, 0.4430098413877016, -0.5402946446097417, -0.08823005097861712]","[0.5016225909468339, 0.431257304366359, -0.498168131647315, -0.560553678333726]","[479.5092154625014, 11.92565064355348, 11.970116668291109]",4.969999999999994,100.0,0.0,"[50.0, 91.57273029072151, 91.5727302907215]",29
308,1509445469,unsettled,,not_evaluated,,"[0.9208464586619982, -0.10826634392482577, 0.1606188773439282, 0.3384106596778303]","[0.9818430199828987, -0.18969510784538374, 0.00014875091768289106, 0.00016746209686208102]","[479.3199693978605, 13.003337017493632, 14.812005611084702]",5.410000000000141,100.0,0.0,"[50.0, 92.93880392794988, 92.93880392794988]",24
309,552659270,settled,Qk1a_0008,matched,0,"[-0.34640532390679185, -0.6487665398120545, -0.24996936788830862, -0.6297782494710692]","[-0.43560553297761523, -0.49437491806716527, -0.5643299176281138, -0.4973660664894799]","[479.9806716074409, 11.989982386037413, 11.914632783712719]",5.140000000000051,100.0,0.0,"[50.0, 88.36242847752881, 88.36242847752882]",30
310,3395655849,settled,Qk1a_0008,matched,0,"[0.5603417992438583, 0.49806016357495975, 0.09112456464104907, 0.6554765100282535]","[0.43550831149352265, 0.494103997472184, 0.5647349677703114, 0.4972606625096483]","[479.4856089447731, 11.983808637418155, 11.919556557174813]",5.280000000000098,100.0,0.0,"[50.0, 92.57502448010715, 92.57502448010716]",37
311,1961580372,settled,Qk1a_0012,matched,5,"[-0.5267491122142659, -0.6341667673888417, 0.5046523934663464, -0.2563081069528572]","[-0.5855778773269966, -0.3965906395004058, 0.39653043012694333, -0.585301659171755]","[479.64177191886733, 14.810676021713498, 12.998148607877008]",5.310000000000108,100.0,0.0,"[50.0, 90.92438960999712, 90.92438960999714]",24
312,3285284101,settled,Qk1a_0009,matched,8,"[-0.2519624256778158, 0.2653646457256403, 0.5632789689319362, 0.7408193733997723]","[-5.627709866229402e-06, 4.992440320425451e-05, 0.5606189454804095, 0.8280739069940053]","[479.447228780939, 13.000921939955205, 15.193485491247056]",5.330000000000115,100.0,0.0,"[50.0, 92.31663661885892, 92.31663661885894]",16
313,1198512540,settled,Qk1a_0012,matched,5,"[-0.5722362350782845, 0.014963805074935542, 0.16570812642957897, -0.8030333695658658]","[-0.6943928109406159, 0.1338772183638242, -0.13322384722911546, -0.6943680011684211]","[479.8032029828508, 14.807212608075906, 12.995540830252924]",5.200000000000071,100.0,0.0,"[50.0, 91.98125329551232, 91.98125329551233]",28
314,3013583232,settled,Qk1a_0012,matched,5,"[-0.17446144255530435, -0.5956220013565717, 0.7794641289237983, 0.08504885820855318]","[-0.13349560435492802, -0.6943321687437823, 0.6943700543098577, -0.13391038325385268]","[479.3106088378654, 14.810517093399595, 12.991048929211665]",5.080000000000031,100.0,0.0,"[50.0, 92.18542909668943, 92.18542909668945]",19
315,236571778,settled,Qk1a_0007,matched,1,"[-0.6240787190797052, -0.5692921078989122, 0.39592930131645515, 0.3601003146831605]","[-0.5015009817782924, -0.43116584608210856, 0.498564477574474, 0.5603804423323498]","[479.8016204588815, 11.919005533474284, 11.986939942498092]",4.879999999999964,100.0,0.0,"[50.0, 89.69173779580363, 89.69173779580365]",25
316,4101237787,settled,Qk1a_0008,matched,0,"[0.22137631792077062, -0.872870171370165, -0.27042651689298136, -0.3405285432341773]","[0.04170748545663838, -0.6574696828487895, -0.04759544998147036, -0.7508187364022411]","[480.06672891977735, 11.989051629662477, 11.9206047617559]",5.1500000000000545,100.0,0.0,"[50.0, 92.27413534099622, 92.27413534099621]",24
317,3459630954,settled,Qk1a_0006,matched,7,"[0.14984913631728244, -0.7555079338458067, -0.5355197552076315, -0.3463691528172838]","[0.5854424861426628, -0.3966682065588, -0.39654014326067566, -0.5853779497959639]","[479.6062266413927, 15.197072524422648, 12.99511272340807]",5.310000000000108,100.0,0.0,"[50.0, 91.84117517663518, 91.84117517663519]",28
318,1119814818,settled,Qk1a_0007,matched,1,"[-0.6971165871654177, -0.13189122910838355, 0.449280586155775, 0.5429365731709773]","[-0.501482284695828, -0.43112651318143386, 0.49833548682547657, 0.5606310643718263]","[479.8246709699882, 11.923091506946706, 11.974095071174489]",5.000000000000004,100.0,0.0,"[50.0, 92.88401337354274, 92.88401337354276]",23
319,342980811,settled,Qk1a_0008,matched,0,"[0.030532435525299394, 0.7782847485238531, 0.3908315324615853, 0.4905011048201471]","[-0.04225837131854887, 0.6575916277682652, 0.04740182655457614, 0.7506933781390889]","[479.7877275353583, 11.98377498603661, 11.912766769517207]",5.310000000000108,100.0,0.0,"[50.0, 92.73326174395753, 92.7332617439575]",31
320,3566514477,settled,Qk1a_0008,matched,0,"[0.4167803399879383, -0.48067880125688306, 0.1608241271501632, -0.7545711618847971]","[0.49464229393551873, -0.43529506978400445, 0.49741946368948964, -0.5642881182647806]","[480.1020943727506, 11.984860263892005, 11.915511790980997]",4.959999999999991,100.0,0.0,"[50.0, 92.35955260662678, 92.35955260662679]",28
321,4025272107,settled,Qk1a_0009,matched,8,"[0.21014813389143402, -0.13121837656388724, 0.9665897820764848, 0.06575479191069845]","[0.00014872290988460213, -7.374899704171156e-05, 0.98190780693445, 0.18935952873769074]","[479.2987179688895, 13.000074906493227, 15.193116099540953]",5.450000000000155,100.0,0.0,"[50.0, 92.5327791613268, 92.53277916132679]",30
322,1181857748,settled,Qk1a_0007,matched,1,"[0.5202040659321218, -0.02133506390474298, -0.8182722554790269, 0.24364535856267633]","[0.6594318517132534, -0.04968694148757974, -0.7488303709744448, -0.04397631519255649]","[480.07440906528683, 11.92572547468031, 11.97910746176651]",4.990000000000001,100.0,0.0,"[50.0, 90.95985768752406, 90.95985768752408]",26
323,268707656,settled,Qk1a_0012,matched,5,"[0.10301261730232424, 0.7022709010576099, -0.7036647303319815, -0.03255655834201603]","[0.13366715782542285, 0.694245477686539, -0.6945233787515049, 0.13339259349100446]","[479.82534875553006, 14.812570495788357, 12.996538974999263]",5.1500000000000545,100.0,0.0,"[50.0, 89.2670213055982, 89.26702130559819]",27
324,975960072,settled,Qk1a_0003,matched,6,"[0.7582962679941282, -0.5242043249157421, -0.3859285340466686, 0.035436736508854615]","[0.827703950049699, -0.5611648690455253, 0.0003774894578569554, -0.00013536230289784568]","[479.5832348014036, 12.9956729189554, 14.81038796806241]",5.460000000000158,100.0,0.0,"[50.0, 93.13570845845474, 93.13570845845476]",27
325,2687390525,settled,Qk1a_0007,matched,1,"[0.529971148785165, 0.0935671250492551, -0.7368673974424962, -0.4091481555032011]","[0.5013936641160698, 0.4313967053526516, -0.4981185836323351, -0.5606952406033566]","[479.52183521432727, 11.922315687606934, 11.983416971277146]",5.0900000000000345,100.0,0.0,"[50.0, 91.86295050184249, 91.8629505018425]",27
326,745340072,settled,Qk1a_0012,matched,5,"[0.7861852005525131, -0.41018944092891435, 0.2594748041369611, 0.3825314091688619]","[0.39691626382153816, -0.585113503726644, 0.585290531662841, 0.39690636278158975]","[479.94574292380526, 14.810503213920729, 12.990990772932639]",5.420000000000145,100.0,0.0,"[50.0, 92.94270965537176, 92.94270965537174]",17
327,2708790030,settled,Qk1a_0006,matched,7,"[-0.40010769300529814, -0.46229958432576546, -0.7355170739389548, 0.2919033440618327]","[-0.3961905330413398, -0.5856023493018236, -0.5857537051032193, 0.3962266358770634]","[479.4372086944906, 15.19915565106512, 13.001951806189723]",5.070000000000028,100.0,0.0,"[50.0, 91.20643879575739, 91.20643879575738]",19
328,3867797169,settled,Qk1a_0008,matched,0,"[0.27252022960366223, -0.4710032195972138, -0.05749293677220416, -0.8370085147757659]","[0.04186364898115269, -0.6576209675415302, -0.047663460028556176, -0.7506732261922165]","[479.28984248470607, 11.993871427752797, 11.915575191241816]",5.000000000000004,100.0,0.0,"[50.0, 91.12395525001529, 91.1239552500153]",33
329,2098479478,settled,Qk1a_0007,matched,1,"[0.15298370120063826, 0.6826603934028278, -0.3570083518569619, -0.6189634974297159]","[0.049438270255747846, 0.6595212951744133, 0.04375337868416734, -0.74878111654829]","[480.0852564142536, 11.921736564111686, 11.98469932553887]",4.969999999999994,100.0,0.0,"[50.0, 90.61533436510007, 90.61533436510008]",35
330,931152868,settled,Qk1a_0007,matched,1,"[-0.07699985549756341, 0.8909419945389845, -0.24586779421207117, -0.37395509408155014]","[0.04932785237787439, 0.6595846517320072, 0.043923319234463694, -0.7487226403727757]","[479.6763934552844, 11.926757586510485, 11.978465480142441]",4.769999999999928,100.0,0.0,"[50.0, 92.43429315303598, 92.43429315303598]",29
331,1558597429,settled,Qk1a_0008,matched,0,"[-0.05032807851328375, 0.6995851474338736, -0.399069134252301, 0.5905857533755833]","[-0.042032518027344756, 0.6575430283722852, 0.047372068918933974, 0.7507505047308493]","[479.33282289435874, 11.981519481303549, 11.92572228552707]",5.160000000000058,100.0,0.0,"[50.0, 92.2809580738165, 92.28095807381649]",23
332,4250729804,settled,Qk1a_0003,matched,6,"[-0.5179918142254788, 0.8470059183462957, 0.021460460551873155, -0.11749426928428096]","[-0.8277628269318286, 0.5610781581926981, 4.996155868472463e-05, -1.5898424647387e-05]","[479.39570749898513, 13.009296737422066, 14.810231096916187]",5.690000000000235,100.0,0.0,"[50.0, 90.44537443083536, 90.44537443083537]",24
333,4147647222,settled,Qk1a_0012,matched,5,"[0.12615750889557242, 0.8556727900390604, -0.30344808093154096, 0.39978446882663954]","[0.585495728072088, 0.39623810063564, -0.3965723702653401, 0.5855941215177334]","[479.4047773251323, 14.801421236241882, 12.99733279398245]",5.460000000000158,100.0,0.0,"[50.0, 91.85002114859228, 91.85002114859226]",19
334,546835206,settled,Qk1a_0010,matched,10,"[0.4747277603993977, -0.6651193289938975, 0.40724489525343527, 0.4079233101881997]","[0.49964960593918006, -0.5000267252468195, 0.5003113617698456, 0.5000120864616839]","[480.0206154828504, 14.813023634465877, 12.993592197607468]",5.340000000000118,100.0,0.0,"[50.0, 91.63645481552278, 91.63645481552277]",29
335,3200495743,settled,Qk1a_0007,matched,1,"[-0.7212814251850905, 0.5185469572284966, -0.03279668505260917, -0.45802460226672564]","[-0.4315206150612305, 0.5010941576495412, 0.5605806947229048, -0.49844145960248876]","[479.4642701843393, 11.917893724214721, 11.978377855797419]",4.809999999999941,100.0,0.0,"[50.0, 92.76442778459791, 92.76442778459793]",37
336,2348890405,settled,Qk1a_0012,matched,5,"[-0.3176050939804824, -0.28922093024306683, 0.616076618705389, -0.6602483303057408]","[-0.585308929766937, -0.3967261887937901, 0.39632624030288566, -0.5856170242638241]","[479.9177804835915, 14.807447437829879, 12.99088834227576]",5.290000000000101,100.0,0.0,"[50.0, 90.8880908064237, 90.88809080642372]",24
337,4061647453,settled,Qk1a_0009,matched,8,"[0.2508877114037342, -0.15163781220023995, 0.7535005001501298, -0.588471177247642]","[4.1755460734926864e-05, -1.5810772196367395e-05, 0.8280880726959426, -0.5605980216386964]","[479.7534442028063, 13.007722496286954, 15.189158953673742]",5.410000000000141,100.0,0.0,"[50.0, 92.52537319476913, 92.52537319476914]",26
338,2968043584,settled,Qk1a_0011,matched,4,"[-0.35150377954755807, -0.700554371236003, 0.6195805777205756, -0.04229153127220831]","[0.13302714607370075, -0.6943528253150391, 0.6945818034521183, 0.13316925582773237]","[479.8059254596577, 14.815255313956287, 12.993216626468856]",5.210000000000075,100.0,0.0,"[50.0, 90.55569922446436, 90.55569922446433]",33
339,3422452170,settled,Qk1a_0011,matched,4,"[0.3118768852079661, -0.6471205612970246, 0.6816277895163125, 0.13910910889911815]","[0.13249014381411278, -0.6941829213786118, 0.6949316055119795, 0.13276481882981853]","[479.32769202498946, 14.815359554828122, 12.996576965831137]",5.290000000000101,100.0,0.0,"[50.0, 90.43712173835829, 90.43712173835827]",33
340,1734648617,settled,Qk1a_0007,matched,1,"[0.3134098285251556, -0.38860391678069645, 0.2746942883010107, 0.8217690206021003]","[-0.049099423990541166, -0.659518300145202, -0.04407604463306785, 0.7487871263763047]","[479.4099357675393, 11.922380335283593, 11.976611598437614]",5.0600000000000245,100.0,0.0,"[50.0, 92.10521006898823, 92.10521006898824]",27
341,2090830508,settled,Qk1a_0009,matched,8,"[0.19578986618197766, 0.057011685569233625, -0.8839591859764658, -0.4207518907109296]","[0.00038490270258245696, 5.825972045878092e-05, -0.5609290843438818, -0.8278637634253894]","[479.6753611335516, 13.004063750073197, 15.187148517115094]",5.020000000000011,100.0,0.0,"[50.0, 92.27598179998306, 92.27598179998307]",22
342,3952832875,settled,Qk1a_0007,matched,1,"[-0.44287830183887705, -0.037070952885603164, 0.87693113035891, -0.18296542520353493]","[-0.6596474398392524, 0.04990150499035137, 0.7486415188857298, 0.04371465559380758]","[479.4148627658782, 11.926826201179372, 11.986941196893136]",5.010000000000008,100.0,0.0,"[50.0, 90.77471780762983, 90.77471780762981]",29
343,3817366363,settled,Qk1a_0006,matched,7,"[0.6329807026932204, -0.4246937457648563, -0.5796698736189316, -0.28801647512742096]","[0.5854461490255574, -0.3965989645739644, -0.3965229507041163, -0.5854328462384949]","[480.0921668573279, 15.197669856696432, 13.001239280107523]",5.1200000000000445,100.0,0.0,"[50.0, 92.50062061049984, 92.50062061049985]",20
344,401891113,settled,Qk1a_0012,matched,5,"[0.445830858310104, -0.29384339024250955, 0.3955308816009174, 0.7472925996484009]","[0.3963136808036916, -0.5856884320155301, 0.5852577616027781, 0.39670880944935594]","[479.61681169369405, 14.81927384576151, 12.993428903469413]",5.320000000000111,100.0,0.0,"[50.0, 92.20742933908477, 92.20742933908474]",31
345,225434681,settled,Qk1a_0012,matched,5,"[-0.3912896982650508, 0.6237061331187186, -0.5782994858442289, -0.351358415601564]","[-0.39641090431219317, 0.585575812876681, -0.5854878902242933, -0.3964382583920347]","[479.84494648836034, 14.82243831405103, 12.99394916054158]",5.250000000000088,100.0,0.0,"[50.0, 88.53135304947119, 88.5313530494712]",24
346,2594131664,settled,Qk1a_0003,matched,6,"[0.9287638649349177, 0.1673585554405621, -0.2524568204596961, -0.21366878788298235]","[0.9823355552676012, 0.18712741451398668, -0.00014561561975892645, -0.00040790991094530327]","[479.44901608311187, 13.012435511296546, 14.815296322287917]",5.370000000000128,100.0,0.0,"[50.0, 93.0675660162003, 93.06756601620032]",20
347,1003632784,settled,Qk1a_0006,matched,7,"[-0.5534335173751268, 0.1501665188983372, -0.19810919181889083, 0.7949302526414607]","[-0.6943270333066486, -0.13349094665489192, -0.13365757848311102, 0.6944247905243591]","[479.33779197952316, 15.200243405452587, 12.993136076443301]",5.130000000000048,100.0,0.0,"[50.0, 93.07470822134695, 93.07470822134694]",31
348,1582205474,settled,Qk1a_0008,matched,0,"[0.453668244587904, 0.3920223605087072, 0.1535447506293244, 0.785447389879099]","[0.43537216808400353, 0.4942445404537527, 0.564449356819142, 0.4975644009331356]","[480.0107532006615, 11.98086653101249, 11.916520452788474]",5.100000000000038,100.0,0.0,"[50.0, 92.86254888413109, 92.8625488841311]",22
349,1175386389,settled,Qk1a_0007,matched,1,"[-0.169876418588353, -0.4905923723818673, 0.6427253288901665, 0.5633518245034387]","[-0.5010989415865368, -0.4314291376443148, 0.4980839992727494, 0.5609644191932313]","[479.3021834232241, 11.92007526555738, 11.975501874710838]",5.0600000000000245,100.0,0.0,"[50.0, 91.27700099032508, 91.27700099032509]",32
350,3426315339,settled,Qk1a_0006,matched,7,"[0.7619549124828563, -0.10773591762875073, 0.2103228261383814, -0.6029776050576822]","[0.6943518087601599, 0.1338038965318927, 0.13369966011778506, -0.6943316814237743]","[479.9689627388643, 15.197540609892918, 12.997695800965015]",5.110000000000041,100.0,0.0,"[50.0, 92.65595242328018, 92.6559524232802]",29
351,1950208217,settled,Qk1a_0008,matched,0,"[0.32467456317231624, -0.555252933700564, 0.724202560419202, -0.24861870228937888]","[0.49454303729498506, -0.4354635590843592, 0.4972074581927157, -0.5644319414155907]","[479.52525905892276, 11.982091155397505, 11.911943841796257]",5.140000000000051,100.0,0.0,"[50.0, 92.0335696531001, 92.03356965310012]",26
352,3843021671,settled,Qk1a_0012,matched,5,"[-0.6004387263867339, 0.46022149587923483, -0.1398662779784892, -0.638832477939405]","[-0.39671702209305504, 0.5852924640654923, -0.5851620700373006, -0.3970310915777558]","[479.8055883306308, 14.81400587938577, 12.987528729723671]",5.440000000000151,100.0,0.0,"[50.0, 92.11537990114233, 92.11537990114232]",30
353,4285819425,settled,Qk1a_0007,matched,1,"[0.10798352907547408, 0.7503078307153173, -0.5097169204095255, -0.40689848569871895]","[0.5013400216275274, 0.431393500492315, -0.49844750066290266, -0.5604533161026019]","[479.8486249852025, 11.920733141765195, 11.982663147720471]",5.010000000000008,100.0,0.0,"[50.0, 93.07518593150643, 93.07518593150644]",33
354,3497012217,settled,Qk1a_0012,matched,5,"[-0.03614389212516662, -0.47092224253230175, 0.8776470309927155, -0.08161831620453769]","[-0.1342605530864049, -0.6941163388999952, 0.6944306766387406, -0.13395016722669914]","[479.96238617851213, 14.81461089430049, 13.005634170043368]",5.160000000000058,100.0,0.0,"[50.0, 91.5624020110147, 91.56240201101471]",24
355,2873029230,settled,Qk1a_0003,matched,6,"[0.4628663485147122, -0.8593102772631258, 0.024602172352034594, 0.21618354220011224]","[0.8276462213596297, -0.5612500682796496, -0.00011035134026524118, -0.0002845132634798908]","[479.54546605142923, 12.991974427262825, 14.809661870083564]",5.6500000000002215,100.0,0.0,"[50.0, 91.63858024997208, 91.63858024997207]",31
356,1554565609,settled,Qk1a_0012,matched,5,"[-0.652094966003504, 0.3679621994719656, -0.4952347691569995, -0.44058880885770996]","[-0.39639140605026807, 0.5855799802824645, -0.5853978955048322, -0.39658447251549506]","[479.48155962308, 14.805032282044971, 12.991890758524482]",5.380000000000131,100.0,0.0,"[50.0, 90.46147961062587, 90.46147961062586]",26
357,2965863122,settled,Qk1a_0004,matched,9,"[-0.12769327799571875, -0.940130401887314, -0.03815505373810864, 0.31367729608013967]","[-0.1890043851182737, -0.981976170384899, -0.0002577794112527121, -0.0002770415965423628]","[479.54641543159806, 12.99395298901059, 14.82162925789904]",5.300000000000105,100.0,0.0,"[50.0, 90.64092318147038, 90.6409231814704]",21
358,288631476,settled,Qk1a_0007,matched,1,"[0.15646738306889113, 0.4577879066219654, -0.17363200094501036, -0.8577879218280493]","[0.04992092333700657, 0.6596487907056293, 0.04368774626316993, -0.7486406048032839]","[479.7906618816172, 11.928170177107468, 11.985730571854887]",5.040000000000018,100.0,0.0,"[50.0, 92.37543410692516, 92.37543410692517]",34
359,3535010220,settled,Qk1a_0007,matched,1,"[-0.38296168635250694, 0.6040267022354994, 0.08806163065029556, -0.6933521752902795]","[0.04987396117783112, 0.6593855539483443, 0.043756001304432655, -0.7488716122210227]","[479.9555805672699, 11.92910958657616, 11.977802398041387]",4.929999999999981,100.0,0.0,"[50.0, 91.75862472588386, 91.75862472588383]",27
360,2618921339,settled,Qk1a_0008,matched,0,"[0.7111506376373382, -0.1553816167939371, 0.3915002002004868, -0.5628933442433726]","[0.49430294313892487, -0.4355054750651173, 0.49745486344971235, -0.5643919209403438]","[479.76741332313736, 11.979579097941699, 11.913693685090276]",5.110000000000041,100.0,0.0,"[50.0, 92.82247587047608, 92.8224758704761]",31
361,1660890013,settled,Qk1a_0008,matched,0,"[0.45280857555295406, 0.20066766691702484, 0.5321230520114401, 0.6866891137027097]","[0.4352847682798448, 0.4944882091449348, 0.5646090141027348, 0.49721750041016755]","[479.7769888477077, 11.987091356040864, 11.921025203587412]",5.050000000000021,100.0,0.0,"[50.0, 90.86663379898165, 90.86663379898164]",31
362,4217470258,settled,Qk1a_0006,matched,7,"[-0.705585590940385, 0.12040932334872317, -0.01745986958392375, 0.6981015124336307]","[-0.6945328919525952, -0.13396305772783354, -0.13388217038636852, 0.6940846674670241]","[479.27972816381055, 15.19270013479138, 12.992228661259203]",5.110000000000041,100.0,0.0,"[50.0, 89.5925167998649, 89.59251679986488]",33
363,3876941340,settled,Qk1a_0003,matched,6,"[-0.12107567680190418, 0.9796114234016763, 0.025284708254459297, -0.1583124226218193]","[-0.18664579135694906, 0.9824271029219519, 0.0005560607526801098, -0.0001637362455104152]","[479.56271909671295, 13.006785150747682, 14.820780760208192]",5.310000000000108,100.0,0.0,"[50.0, 90.6770579095866, 90.67705790958661]",27
364,1763217951,settled,Qk1a_0004,matched,9,"[0.3073770505126439, 0.9100429245687035, 0.09833167340130129, -0.26013862893981854]","[0.1886632826565212, 0.9820418257075263, 0.00013521333541405278, 7.459780524202153e-06]","[479.37952648394173, 13.007059764752825, 14.807633024822149]",5.250000000000088,100.0,0.0,"[50.0, 90.85894794420989, 90.85894794420987]",21
365,4219013935,settled,Qk1a_0006,matched,7,"[0.7454283172530326, -0.3094702124605008, -0.041500737105532565, -0.5889333580776878]","[0.6944292216486407, 0.13365183645141693, 0.13351625656262417, -0.6943188402795436]","[479.5083789541045, 15.194315675205123, 12.993913243984135]",5.210000000000075,100.0,0.0,"[50.0, 91.71201018589376, 91.71201018589377]",23
366,2392790572,settled,Qk1a_0008,matched,0,"[0.506298281140592, -0.4800913546943908, 0.6900901351759378, -0.19222368999330575]","[0.4941718902402248, -0.4356026351561234, 0.4972167386290919, -0.5646414809137688]","[479.9221555915067, 11.989478290056695, 11.916507315497748]",5.080000000000031,100.0,0.0,"[50.0, 91.80619278699565, 91.80619278699567]",35
367,1164810619,settled,Qk1a_0008,matched,0,"[-0.38137065741942194, -0.17571490907316958, -0.402914362951204, -0.8132285708929016]","[-0.43509756396539434, -0.494675029517862, -0.5644902002964683, -0.497330412072432]","[479.8531566137057, 11.98932172997607, 11.917535965222521]",5.130000000000048,100.0,0.0,"[50.0, 91.53706846578855, 91.53706846578856]",19
368,2725202999,settled,Qk1a_0007,matched,1,"[0.6020706777101422, 0.6374296419236787, -0.13537127254050507, -0.4613772525921334]","[0.5011997824764771, 0.4316594917989225, -0.4984145235100105, -0.5604032690301846]","[480.0050741742321, 11.920554742745983, 11.975742819783445]",4.839999999999951,100.0,0.0,"[50.0, 92.205112165538, 92.20511216553801]",44
369,654768980,settled,Qk1a_0009,matched,8,"[0.36951331627604517, 0.16361525016927125, -0.050278802764462525, -0.9133246963699704]","[0.00010061751590917378, -6.467510004604105e-05, 0.18916856147612957, -0.9819446221871673]","[479.265568419403, 12.996912363556351, 15.188069899257135]",5.230000000000081,100.0,0.0,"[50.0, 92.47174743776894, 92.47174743776895]",32
370,2221380443,settled,Qk1a_0007,matched,1,"[-0.35836865151581215, 0.05949061892660346, 0.9295317164905558, 0.0632737221015895]","[-0.6594862608227617, 0.049824773276163054, 0.7487812860580599, 0.04384004337622302]","[479.94600931238705, 11.92351809767709, 11.982800036628332]",5.0900000000000345,100.0,0.0,"[50.0, 91.28274602982084, 91.28274602982086]",52
371,476349535,settled,Qk1a_0008,matched,0,"[0.09604740000755455, 0.7008195225679995, 0.19012996826416934, 0.6807918102527497]","[-0.041764473616742404, 0.6574318266111925, 0.047427635020514086, 0.7508593353874934]","[479.92225304689833, 11.987371143946104, 11.916976487061195]",5.0900000000000345,100.0,0.0,"[50.0, 87.79996451126746, 87.79996451126745]",37
372,3612281220,settled,Qk1a_0008,matched,0,"[0.6715049193823535, 0.5474979878976362, 0.17480186313158846, 0.46773005584317984]","[0.4351806040285489, 0.4944682752716819, 0.5645288328286092, 0.49741950457572903]","[479.44993094897416, 11.989882733793465, 11.92197067822419]",5.310000000000108,100.0,0.0,"[50.0, 91.10455496281209, 91.1045549628121]",24
373,1017460157,settled,Qk1a_0007,matched,1,"[0.7624564013137765, 0.3983607319822863, -0.4894468025699346, 0.14286633880746705]","[0.6595355553634791, -0.049602462454659324, -0.7487526652631056, -0.04383940226801944]","[479.2618141923961, 11.923556045372534, 11.987493093218957]",4.799999999999938,100.0,0.0,"[50.0, 92.8054900674636, 92.80549006746361]",23
374,3334185002,settled,Qk1a_0007,matched,1,"[0.29294854975408346, -0.3482776720377911, 0.3091249391142775, 0.8350602267947566]","[-0.04957542466525092, -0.6594830668566007, -0.04414537530719659, 0.7487827105627234]","[479.79330085066437, 11.915112071915754, 11.98068981651867]",5.010000000000008,100.0,0.0,"[50.0, 92.63907080469696, 92.63907080469697]",31
375,36137377,settled,Qk1a_0007,matched,1,"[-0.20545604068213918, -0.3180872002026298, 0.5867492465968921, 0.7157748738482309]","[-0.5016180371313734, -0.4313250950332889, 0.49828367870829954, 0.560402875395832]","[479.24853714503206, 11.919999320073167, 11.96956566584224]",5.010000000000008,100.0,0.0,"[50.0, 92.36209563203961, 92.36209563203963]",29
376,289982995,settled,Qk1a_0004,matched,9,"[0.44371958448672016, 0.8345991150536697, -0.14418709359260803, 0.29286059744506493]","[0.18914338518246637, 0.9819494781062132, -4.70426696566606e-05, 8.697116368930337e-06]","[479.8241782539888, 12.995162102571745, 14.81058391773162]",5.310000000000108,100.0,0.0,"[50.0, 92.33184030109544, 92.33184030109545]",25
377,437091509,settled,Qk1a_0007,matched,1,"[0.46244359947511104, -0.1983497310405094, -0.8436222101105, -0.18736293152311587]","[0.6594497653955933, -0.049683291182981815, -0.7488205679871013, -0.04387863325582533]","[479.53215666146053, 11.922256804541162, 11.987925389716525]",5.000000000000004,100.0,0.0,"[50.0, 90.36892818293103, 90.36892818293104]",39
378,3839845437,settled,Qk1a_0003,matched,6,"[0.35226777543534865, 0.934847391708788, 0.031132634150594862, -0.03159948885586536]","[0.5620927148456246, 0.8270741405598668, 0.00030476030539683396, -0.00023033842376052327]","[479.7180968796893, 13.000205247851152, 14.805744625692663]",5.380000000000131,100.0,0.0,"[50.0, 88.63039823559204, 88.63039823559203]",24
379,1660966759,settled,Qk1a_0007,matched,1,"[-0.1517052857831241, -0.29127561974959143, -0.18264073679145526, 0.9267072789555645]","[-0.04916481276451207, -0.6595682090362472, -0.0437830861606823, 0.7487560618658083]","[479.29616944549065, 11.921603657958693, 11.978202547724743]",5.240000000000085,100.0,0.0,"[50.0, 92.32572493601911, 92.3257249360191]",26
380,1637501604,settled,Qk1a_0007,matched,1,"[0.18129149155088545, -0.6913895059743468, 0.032480297838960365, 0.6986121788031583]","[-0.04959652095799505, -0.6595317180739488, -0.04399808726419005, 0.7487471310665444]","[479.823982910338, 11.929285497349394, 11.985168058719609]",4.909999999999974,100.0,0.0,"[50.0, 88.65604508029956, 88.65604508029958]",21
381,485279111,settled,Qk1a_0003,matched,6,"[-0.9312632588279296, -0.3349799535042644, 0.12213209572889121, 0.07497282641286965]","[-0.5609216514694555, -0.8278688804452509, 8.644030783921952e-05, 0.00010114928954385594]","[479.26933847882606, 12.985869866600396, 14.80435573622862]",5.700000000000238,100.0,0.0,"[50.0, 90.8979018566223, 90.89790185662231]",23
382,3762580992,settled,Qk1a_0010,matched,10,"[0.1773482491946259, -0.3470449091463339, 0.7076768376718273, 0.5893224270007174]","[0.4993179172780372, -0.49980573344227325, 0.500993687369805, 0.49988115739539574]","[479.8097659106447, 14.81497886304709, 12.988609649012941]",5.330000000000115,100.0,0.0,"[50.0, 92.70944221513928, 92.70944221513929]",25
383,2423116493,settled,Qk1a_0012,matched,5,"[0.29462108731827746, 0.6033356075849531, -0.42676698231237864, 0.6058502309444782]","[0.5856322477941044, 0.39645762978916654, -0.3964435853610783, 0.5853961921225951]","[479.87717312668383, 14.806510242401531, 12.996519845451013]",5.320000000000111,100.0,0.0,"[50.0, 91.86039691734155, 91.86039691734153]",26
384,4174505831,settled,Qk1a_0010,matched,10,"[0.2244048008060311, 0.5715964015653734, -0.6853403945532466, 0.39144422678885216]","[0.5000956062738463, 0.4995730874370898, -0.5004224434615633, 0.4999084845990581]","[479.8125681264161, 14.817551637626424, 12.99596924248921]",5.500000000000171,100.0,0.0,"[50.0, 90.11534521151515, 90.11534521151516]",24
385,2525438779,settled,Qk1a_0012,matched,5,"[-0.6897378057101372, -0.14439285100342594, -0.2628215548777614, -0.6590427104861286]","[-0.6943361098877847, 0.13396417033296537, -0.1337495839195897, -0.6943068603825222]","[480.0249070307748, 14.808818798025927, 12.999206534421424]",5.1500000000000545,100.0,0.0,"[50.0, 91.40187983182649, 91.40187983182648]",24
386,1288210302,settled,Qk1a_0008,matched,0,"[0.04615286212208781, -0.6333120855466261, 0.5372564310861841, -0.5551047134325727]","[0.4945843404001924, -0.4352728916209724, 0.4972998423435477, -0.5644614307956802]","[479.6319282694682, 11.978780221401989, 11.9202141092843]",4.919999999999978,100.0,0.0,"[50.0, 92.76280772926977, 92.76280772926978]",22
387,2398396039,settled,Qk1a_0008,matched,0,"[0.7576079537954379, -0.18841092674201143, 0.5765840312664487, -0.24100283383943177]","[0.6574452484635023, 0.04179922993594462, 0.7508430865927684, -0.04746818898346997]","[479.83972722507565, 11.99471195494313, 11.917116430434671]",5.1800000000000646,100.0,0.0,"[50.0, 89.60553158344216, 89.60553158344217]",23
388,701727153,settled,Qk1a_0008,matched,0,"[0.19212178778999547, -0.6549558889125926, -0.32855242530116996, -0.6528210367809931]","[0.041639134938598665, -0.6574346726837244, -0.04741478914967476, -0.7508646158693998]","[479.78951615445834, 11.98751132538663, 11.917106973776091]",5.0900000000000345,100.0,0.0,"[50.0, 91.93540471810378, 91.9354047181038]",38
389,1545886231,settled,Qk1a_0006,matched,7,"[0.6603699745772341, -0.13748381202057905, -0.26800047012429995, -0.6878847622402371]","[0.6941885624239589, 0.1345313257023506, 0.13435768896334788, -0.6942273212867337]","[479.471169500457, 15.189457533003262, 13.01231878903328]",5.160000000000058,100.0,0.0,"[50.0, 89.66152537954942, 89.66152537954943]",18
390,1745869872,settled,Qk1a_0007,matched,1,"[-0.447504222096961, 0.26585095795835, 0.8533219872333381, 0.030080316856180497]","[-0.6595996191194516, 0.049269061654854646, 0.7487196438372073, 0.04381548759753964]","[479.9777122853565, 11.924069001351805, 11.968135591107297]",5.0900000000000345,100.0,0.0,"[50.0, 91.73550680931173, 91.73550680931174]",37
391,406022352,settled,Qk1a_0008,matched,0,"[-0.3653408397420556, 0.6171309206484219, -0.6060321330849663, 0.3440938117209992]","[-0.4943616417402086, 0.43536981836317473, -0.49749928506508556, 0.564406015022936]","[479.67823729187654, 11.98811947054623, 11.921877304050778]",5.170000000000061,100.0,0.0,"[50.0, 90.1066401409617, 90.10664014096169]",28
392,1249401832,settled,Qk1a_0009,matched,8,"[-0.1733833582670486, 0.1891697261426468, -0.9649533349426495, -0.05493712014854206]","[0.00021346872495574265, -5.392835992767964e-06, -0.9819853543625752, -0.18895692159703636]","[479.39173582417465, 12.996916393821705, 15.180961529425261]",5.500000000000171,100.0,0.0,"[50.0, 92.91592718536863, 92.91592718536864]",22
393,3632292210,settled,Qk1a_0007,matched,1,"[-0.016288161035539764, 0.41417340070696734, 0.444247711431849, -0.79425377609708]","[-0.4313092656117506, 0.5016503005135932, 0.5602982745353143, -0.49838252070555555]","[480.014922941998, 11.919321492965242, 11.983254361472353]",5.260000000000091,100.0,0.0,"[50.0, 93.05540895363134, 93.05540895363136]",24
394,2973749025,settled,Qk1a_0011,matched,4,"[-0.257487360526622, 0.7199862692742867, -0.4075739458834495, -0.4992028744533857]","[-0.5848255181227793, 0.39715251399358986, -0.3969307823977726, -0.5854015271299575]","[479.8681372267317, 14.806777106069042, 12.999146640932059]",5.1500000000000545,100.0,0.0,"[50.0, 90.92171521857804, 90.92171521857806]",27
395,1941028596,settled,Qk1a_0010,matched,10,"[-0.3979706979410011, 0.5124873277994502, -0.5234674702789294, -0.552229906818808]","[-0.4993129649132812, 0.4994792213960071, -0.5005898673074147, -0.5006164751706559]","[479.55555334075586, 14.824977890680639, 12.980158866942812]",5.320000000000111,100.0,0.0,"[50.0, 90.21931445913337, 90.21931445913337]",21
396,3070380030,settled,Qk1a_0007,matched,1,"[-0.06994234935673012, 0.3801467522525942, 0.7566750495891676, -0.5272943995980771]","[-0.4314251689331374, 0.5011577957218573, 0.5607934231201616, -0.4982207582823047]","[479.2475410921792, 11.916954506290567, 11.980379560387975]",5.230000000000081,100.0,0.0,"[50.0, 92.8039977391079, 92.80399773910791]",34
397,1915343937,settled,Qk1a_0007,matched,1,"[0.4906712176433897, -0.7697750840218592, 0.18896804856236424, 0.36191042098566995]","[-0.04918703947997072, -0.6594112884885833, -0.04416451811081751, 0.7488704047437458]","[479.97063121695044, 11.91739743302139, 11.981936711869139]",4.889999999999968,100.0,0.0,"[50.0, 92.93513511580005, 92.93513511580007]",40
398,354290017,settled,Qk1a_0006,matched,7,"[-0.28835621042518916, -0.38855276042979314, -0.7424310043056404, 0.46332888116038073]","[-0.3965825171402504, -0.5854750369932168, -0.5856686942082844, 0.3961482914021688]","[479.2553729814392, 15.187904948139055, 12.998479314215649]",5.0900000000000345,100.0,0.0,"[50.0, 92.86077324612167, 92.86077324612165]",27
399,3963352672,settled,Qk1a_0001,matched,11,"[0.9251647455085984, -0.043595273119650155, -0.02004224774347514, -0.3765208548474078]","[0.9999995016588634, -0.0003343949570232386, -2.268162947599152e-06, -0.0009406683224740251]","[479.6520502797886, 12.989175139212401, 14.819063113291802]",5.360000000000125,100.0,0.0,"[50.0, 91.10339267965304, 91.10339267965306]",22
400,2241331819,settled,Qk1a_0011,matched,4,"[0.5925854334590082, 0.24491752173755219, -0.09201458593482868, 0.7618341207726109]","[0.6941791996388714, 0.13273721890299892, -0.13274785074160897, 0.6948914142728465]","[479.5045179920163, 14.809233275486566, 12.991116632435569]",5.280000000000098,100.0,0.0,"[50.0, 91.05687968390203, 91.05687968390204]",19
401,1248089024,settled,Qk1a_0012,matched,5,"[0.2827366532360801, -0.6531151424436665, 0.5934076092222453, 0.3759893681273299]","[-0.13338829763513804, -0.6943520413177185, 0.694434122475099, -0.13358163913561122]","[479.56156882013215, 14.81603495397447, 12.994336841309476]",5.310000000000108,100.0,0.0,"[50.0, 89.46515574029087, 89.46515574029087]",17
402,1190590428,settled,Qk1a_0004,matched,9,"[-0.8466737523926994, -0.520625593890875, -0.0190786065475082, 0.10829845228462341]","[-0.8278409849666315, -0.5609627770359648, -8.466136600640552e-05, -0.00024335576658235383]","[480.0791480293058, 12.996600792409716, 14.805008995959339]",5.200000000000071,100.0,0.0,"[50.0, 90.24686376842658, 90.24686376842656]",27
403,870255912,settled,Qk1a_0009,matched,8,"[-0.016935335981255635, 0.22228673932136322, -0.7657847735540874, 0.6032209218104038]","[0.00022780720679191346, 3.667558136932758e-05, -0.8282010556040075, 0.5604310468337618]","[479.39856866457137, 13.005854161639691, 15.19379845738158]",5.350000000000121,100.0,0.0,"[50.0, 92.42347243691113, 92.42347243691114]",27
404,3990659583,settled,Qk1a_0007,matched,1,"[-0.20215787328060575, -0.6371998885809219, 0.5616658613913516, 0.4874832883398513]","[-0.5009486962678109, -0.43157192016653495, 0.4982816222402342, 0.5608132544519532]","[480.0769266312231, 11.923018346695779, 11.97770977959034]",4.979999999999998,100.0,0.0,"[50.0, 91.31726365819628, 91.31726365819627]",24
405,3397404430,settled,Qk1a_0012,matched,5,"[0.41182468093020647, -0.4075472598130009, 0.478449909386871, 0.6598419109175645]","[0.3964550607381923, -0.5855165759734249, 0.585555151199853, 0.3963822510894634]","[479.84789089333754, 14.804822032001619, 12.997262205779391]",5.310000000000108,100.0,0.0,"[50.0, 91.52070886404012, 91.5207088640401]",21
406,3645697704,settled,Qk1a_0012,matched,5,"[0.8864963890943234, -0.051138257445942525, -0.1415384693951913, 0.4375795841094335]","[0.6944674865054256, -0.1332869284672042, 0.1332048301549402, 0.6944105256330787]","[479.56037065709825, 14.814133228078234, 12.991639035392483]",5.260000000000091,100.0,0.0,"[50.0, 92.24858015049543, 92.24858015049544]",37
407,51817196,settled,Qk1a_0008,matched,0,"[0.7638451508528649, 0.27373350348973174, 0.43368309953207546, 0.39182843664804773]","[0.43548031868866166, 0.4941811357153678, 0.5647028579127267, 0.4972449893192388]","[479.5606020554289, 11.98300074453258, 11.914211451580305]",5.200000000000071,100.0,0.0,"[50.0, 91.07015109631678, 91.07015109631679]",26
408,2309212288,settled,Qk1a_0004,matched,9,"[0.8495889160767383, 0.3365625935702812, -0.2307471229477699, -0.33418566626970336]","[0.8284018711356653, 0.5601342013119073, -0.0001254693645969529, 2.601997166290504e-05]","[479.79805544588265, 13.005022412950675, 14.803852106124811]",5.360000000000125,100.0,0.0,"[50.0, 91.7394647849399, 91.73946478493988]",28
409,48961705,settled,Qk1a_0007,matched,1,"[0.07809326247491846, -0.2879763649877445, 0.049014886336602684, 0.9531886468490268]","[-0.04928392997558176, -0.659649577760452, -0.043993836527269264, 0.7486641911793508]","[479.93827386151787, 11.922056257920907, 11.976793466364892]",5.0600000000000245,100.0,0.0,"[50.0, 91.97022325904496, 91.97022325904497]",28
410,1554068286,settled,Qk1a_0007,matched,1,"[0.6452777913563432, -0.48357184564960204, -0.23356384192165672, 0.5433440657853112]","[0.431436413275638, -0.5011433631464074, -0.5608075136618116, 0.4982096782426233]","[480.0373430846662, 11.91697012346133, 11.98306060363461]",4.909999999999974,100.0,0.0,"[50.0, 89.98089232164136, 89.98089232164138]",32
411,3534876538,settled,Qk1a_0009,matched,8,"[-0.2977258657233537, 0.10832781411501317, -0.3707268817149146, -0.8730326298267885]","[8.016677959576947e-06, 0.00021103095462061963, 0.1892827787775809, -0.981922596267092]","[479.72518949426666, 12.993711710838227, 15.18855046220576]",5.380000000000131,100.0,0.0,"[50.0, 93.34681600123712, 93.34681600123713]",21
412,534105821,settled,Qk1a_0012,matched,5,"[0.61992343084427, 0.12344665611091266, 0.04777704849200498, 0.7734165867258707]","[0.6944423634200866, -0.1336336625988985, 0.1331345528735773, 0.6943824874945226]","[480.0002602688204, 14.810791617198626, 12.996524422444054]",5.210000000000075,100.0,0.0,"[50.0, 91.27386008689194, 91.27386008689194]",22
413,4091761413,settled,Qk1a_0012,matched,5,"[0.5674666330929233, -0.4537568823728552, 0.5632140784565418, 0.3935431537376766]","[0.3965211880858829, -0.5855353039799123, 0.5854914097227499, 0.3963825984235163]","[479.81571711529807, 14.822752752586515, 13.001319776656723]",5.370000000000128,100.0,0.0,"[50.0, 90.39513155977556, 90.39513155977555]",21
414,3173205562,settled,Qk1a_0012,matched,5,"[-0.09130783514718892, -0.5669139993428666, 0.7439710281521406, -0.3417287021308819]","[-0.1334958117364742, -0.6943115355101076, 0.6945229465588312, -0.13322250789433188]","[479.3858929803712, 14.819182883091957, 12.990224362129279]",5.160000000000058,100.0,0.0,"[50.0, 91.41224449399695, 91.41224449399692]",20
415,251389692,settled,Qk1a_0006,matched,7,"[0.6080055123042141, 0.07237173668191489, -0.4106834322929009, -0.6755965861203387]","[0.6943990866399998, 0.13344667545763647, 0.13381904429120237, -0.6943301496174766]","[479.44263478254123, 15.202846356199322, 12.996201970901469]",5.260000000000091,100.0,0.0,"[50.0, 91.48384651934342, 91.48384651934343]",23
416,2745748030,settled,Qk1a_0012,matched,5,"[-0.44688314577346244, 0.750365958923362, -0.42026706391498325, -0.24621530557810048]","[-0.3963642496062354, 0.5855782410035759, -0.5854575541663039, -0.39652611208702665]","[479.7489941183379, 14.817266469247748, 13.001782601616046]",5.340000000000118,100.0,0.0,"[50.0, 92.4195841577872, 92.41958415778718]",20
417,2132957445,settled,Qk1a_0007,matched,1,"[0.02440900510333862, 0.4192243821668913, -0.3393466787833796, -0.8417237964233536]","[0.049336189958917254, 0.659538980852064, 0.044359206019321834, -0.7487366252149643]","[479.75195880142417, 11.913955399403223, 11.979799274002398]",4.899999999999971,100.0,0.0,"[50.0, 92.69228472952233, 92.69228472952234]",34
418,2592582287,settled,Qk1a_0008,matched,0,"[-0.17317025778823744, 0.877343216343861, -0.19804333936939197, 0.40132253647706384]","[-0.04177242326609982, 0.6575192168442978, 0.047358189821378356, 0.7507867513427375]","[479.7007310603798, 11.983107268203412, 11.925668514543908]",5.310000000000108,100.0,0.0,"[50.0, 92.80842083247079, 92.8084208324708]",19
419,488833476,settled,Qk1a_0001,matched,11,"[0.814050814904451, -0.47546433509702507, 0.2701807450712651, -0.19559473867381785]","[0.7067761070440587, -0.7074371385669642, -0.0004537085703018029, -0.0001537412254082604]","[479.2866735794474, 13.005934257787382, 14.816012595922356]",5.230000000000081,100.0,0.0,"[50.0, 92.51661232060228, 92.51661232060229]",21
420,1079718317,settled,Qk1a_0007,matched,1,"[-0.06942338662369815, -0.7737009619714047, 0.02210873122520877, 0.6293476136745343]","[-0.049828076892789924, -0.6596425008468205, -0.043565899750805714, 0.7486594327253357]","[480.0212906633632, 11.925437934159454, 11.982295148324551]",4.889999999999968,100.0,0.0,"[50.0, 87.95975712488936, 87.95975712488935]",41
421,1354260012,settled,Qk1a_0007,matched,1,"[-0.4187518959274471, 0.7746345086352491, 0.30176239181627623, -0.3654144038949682]","[-0.43124027438100304, 0.5014699693394635, 0.5605738081890099, -0.49831385810044027]","[479.87323555943465, 11.924046561983655, 11.984293912145121]",5.040000000000018,100.0,0.0,"[50.0, 91.73693884660165, 91.73693884660166]",16
422,882229007,settled,Qk1a_0001,matched,11,"[0.1273924501741963, -0.9584522427451846, 0.2029272869603875, 0.1547933403678503]","[-0.001937691309544788, -0.9999977204008837, -0.000848536140211409, 0.00029074360467414186]","[479.6779434009217, 12.983965157302006, 14.81871946996747]",5.310000000000108,100.0,0.0,"[50.0, 92.56961730242283, 92.56961730242284]",13
423,4192697643,settled,Qk1a_0007,matched,1,"[0.6550885994433101, -0.4372331383276803, -0.14355208181188908, 0.5992319329233069]","[0.43126973537262825, -0.5016782847477552, -0.5601687073352357, 0.49853418467196864]","[479.35315488218447, 11.922010759556267, 11.978861700709466]",4.819999999999944,100.0,0.0,"[50.0, 90.93180919139445, 90.93180919139446]",27
424,3669686380,settled,Qk1a_0007,matched,1,"[-0.06116896501923223, 0.885354112653527, -0.3315742172768101, -0.32010153289734866]","[0.04925725479210319, 0.6594708138984229, 0.04395325700836311, -0.7488258006137706]","[479.92118328989295, 11.920516979071337, 11.978779692482004]",4.809999999999941,100.0,0.0,"[50.0, 92.7815839169286, 92.78158391692861]",31
425,514171889,settled,Qk1a_0004,matched,9,"[-0.8749889709778484, -0.4028463397589936, 0.14105621020290338, 0.22850004983172698]","[-0.8279011645356545, -0.5608738276366761, 0.0003881920272644501, 0.0002460480466421333]","[479.4970033165465, 13.00754339143782, 14.810850638389962]",5.460000000000158,100.0,0.0,"[50.0, 91.14605153121454, 91.14605153121455]",22
426,551640303,settled,Qk1a_0011,matched,4,"[-0.2697721665536638, 0.4464575027683721, -0.8515280409815804, 0.05290247439244444]","[-0.13255331687780397, 0.6945496260560559, -0.6945021566878342, -0.13303078397886864]","[479.9978421804511, 14.809905819527835, 12.99106249922002]",5.310000000000108,100.0,0.0,"[50.0, 92.81477691613341, 92.81477691613343]",28
427,1447824218,settled,Qk1a_0009,matched,8,"[0.054177171776904016, 0.03524804273418602, -0.8950143501031719, -0.44132949442685304]","[8.166285277427798e-05, 0.00010095889566547056, -0.5603104520566468, -0.8282826694157956]","[479.46491683356464, 13.005733456140225, 15.187018555939218]",5.280000000000098,100.0,0.0,"[50.0, 89.5431771153248, 89.54317711532481]",32
428,88904940,unsettled,,not_evaluated,,"[0.9031736958155836, -0.2856238255728287, 0.17222343768948123, -0.27025061140056533]","[0.648376144189147, -0.7605060601302882, -0.023116417127489852, -0.02654316127948958]","[479.5499843775825, 12.551127554739715, 15.484350632922572]",5.300000000000105,100.0,0.0,"[50.0, 91.91017396137849, 91.91017396137848]",27
429,1326025458,settled,Qk1a_0006,matched,7,"[-0.5718926520009407, -0.20994557547447532, -0.2553657328752236, 0.7507662701527834]","[-0.3965919962105625, -0.585354148973473, -0.5855262663155737, 0.3965278051736173]","[479.947412723618, 15.200151693631014, 12.990915239523188]",5.230000000000081,100.0,0.0,"[50.0, 90.97249732603383, 90.97249732603385]",23
430,1890205973,settled,Qk1a_0007,matched,1,"[0.4550261583998374, -0.14329072983126753, -0.6002766520818873, 0.6419399527071591]","[0.4313125627749703, -0.5015611313619311, -0.560508697714498, 0.4982327814243304]","[479.6869722224853, 11.924428743423887, 11.982368397874486]",5.050000000000021,100.0,0.0,"[50.0, 92.17306560844791, 92.17306560844793]",23
431,296743350,settled,Qk1a_0008,matched,0,"[0.6332094678323993, -0.22651466425909744, 0.7306858552586184, 0.11762252185691]","[0.6575919599486485, 0.041523405321499264, 0.7507248671814776, -0.04754781610920398]","[479.4393340891487, 11.991355971787563, 11.91228138456388]",5.080000000000031,100.0,0.0,"[50.0, 89.95641612692597, 89.95641612692599]",20
432,4200615586,settled,Qk1a_0008,matched,0,"[0.655926729555045, 0.4715822210767977, 0.3000995891145564, 0.5072578938102114]","[0.4354793568610306, 0.49437099509359206, 0.5645278852784319, 0.4972557849850885]","[479.54657996267923, 11.991277172584008, 11.922011640450998]",5.1200000000000445,100.0,0.0,"[50.0, 89.42089852315209, 89.42089852315208]",29
433,1827127625,settled,Qk1a_0006,matched,7,"[0.8579350932580933, -0.2128157517921675, -0.14611278493536695, -0.44419352271706153]","[0.6943567084601818, 0.13345077263380492, 0.13361606361391595, -0.6944108295844071]","[479.650722284799, 15.19686551696818, 12.99793205490952]",5.360000000000125,100.0,0.0,"[50.0, 92.73579199924102, 92.73579199924103]",22
434,534635392,settled,Qk1a_0008,matched,0,"[0.4023365553425705, -0.1994319114941423, 0.8810665716111402, -0.14857289558415035]","[0.6572008713143768, 0.04177130869141954, 0.751056636443733, -0.047498435423249885]","[479.7738001443756, 11.989562433555838, 11.916942972594233]",5.130000000000048,100.0,0.0,"[50.0, 92.98246372048659, 92.9824637204866]",29
435,2590583326,settled,Qk1a_0009,matched,8,"[0.09030055180909459, -0.04441867200298009, -0.8023967719212277, -0.5882450274595253]","[-5.813166418916493e-05, -1.9859325176563303e-06, -0.5609780692320541, -0.8278306604961201]","[479.89381441771314, 12.99725166683412, 15.186351195828502]",5.320000000000111,100.0,0.0,"[50.0, 89.91585961343416, 89.91585961343418]",24
436,2547354583,settled,Qk1a_0007,matched,1,"[0.8152563941732772, 0.21622676966726295, -0.40583675953436604, -0.3519936369446071]","[0.5011416447258652, 0.43144334144063773, -0.4985455367438396, -0.5605051675415571]","[479.42659799601427, 11.926209681423494, 11.983799079032952]",4.979999999999998,100.0,0.0,"[50.0, 91.73296294279929, 91.73296294279928]",39
437,3218085765,settled,Qk1a_0007,matched,1,"[0.2954657990931379, 0.39282819469298863, -0.3980689292476701, -0.7745496101529676]","[0.501348874706711, 0.4313369183404016, -0.49821363243205, -0.560696838911887]","[479.6720338655085, 11.92308168728681, 11.982357063963677]",5.050000000000021,100.0,0.0,"[50.0, 91.99877221480266, 91.99877221480264]",27
438,1304232084,settled,Qk1a_0008,matched,0,"[-0.352213766853653, 0.21184664024323208, -0.8685438811426818, -0.27694401958883696]","[-0.6575665384520497, -0.0414327840735288, -0.7507586021388147, 0.04744568712410364]","[479.625360161748, 12.002095670348202, 11.91225598607105]",5.040000000000018,100.0,0.0,"[50.0, 91.9359480018014, 91.93594800180142]",27
439,297768368,settled,Qk1a_0007,matched,1,"[-0.22472066688496214, -0.872516407788627, -0.21434063640960546, 0.3771920354380955]","[-0.04978384058035887, -0.6596792355856496, -0.04385402178436504, 0.748613184580354]","[479.90497263792173, 11.923517354492613, 11.979491045997653]",4.899999999999971,100.0,0.0,"[50.0, 91.53524107725381, 91.53524107725383]",35
440,891232979,settled,Qk1a_0007,matched,1,"[-0.34380334234946835, -0.7338992915597421, -0.0763126847783356, 0.5808334234351233]","[-0.0496312744825298, -0.6595088335341553, -0.04387538914543229, 0.7487721851878543]","[479.3078318817497, 11.929279542609198, 11.98141505503938]",4.929999999999981,100.0,0.0,"[50.0, 92.15897040642318, 92.1589704064232]",28
441,3841963349,settled,Qk1a_0007,matched,1,"[-0.5133375855609958, -0.07907450326392841, 0.6897991190402434, -0.5043896525061499]","[-0.6596409902490594, 0.049596605515473347, 0.7486576679150277, 0.04388208035878596]","[479.65840030103044, 11.914258172471024, 11.980225226223236]",5.130000000000048,100.0,0.0,"[50.0, 92.92805957388447, 92.92805957388447]",33
442,18385099,settled,Qk1a_0009,matched,8,"[0.12047864421829556, -0.12517628543684167, -0.7144336243554615, 0.6777908159910955]","[-0.00027306407869157057, 0.0002475424736115839, -0.8279414909660909, 0.560814364737191]","[479.9212367531264, 13.003135783315356, 15.196272622351117]",5.330000000000115,100.0,0.0,"[50.0, 90.43159814841347, 90.43159814841346]",19
443,2691739939,settled,Qk1a_0012,matched,5,"[-0.22267729535334213, 0.7891356077799049, -0.5696644964821498, 0.0562332296395906]","[0.13382113345629226, 0.6943483793046314, -0.6943670447988483, 0.13351643904336064]","[479.7199305582209, 14.818090923196896, 12.995953245118429]",5.230000000000081,100.0,0.0,"[50.0, 92.32689926057898, 92.326899260579]",19
444,1648306844,settled,Qk1a_0006,matched,7,"[0.40372342625092367, -0.4878801446397, -0.3946080481346454, -0.6657813814683657]","[0.5853503303219647, -0.39668867238267336, -0.39674055812137715, -0.5853204400469688]","[479.9142857274837, 15.194083963706484, 12.99611501438744]",5.050000000000021,100.0,0.0,"[50.0, 91.66777117919175, 91.66777117919176]",26
445,3556173456,settled,Qk1a_0008,matched,0,"[0.8819022092181918, -0.180298544692677, 0.353429474799875, -0.2546144821106211]","[0.6572588701664679, 0.04129542809306688, 0.7509886115160298, -0.04818267924611827]","[479.5432656981738, 11.983836873230187, 11.91489144524134]",5.170000000000061,100.0,0.0,"[50.0, 92.98058234262692, 92.9805823426269]",34
446,4217925759,settled,Qk1a_0007,matched,1,"[0.0961030644699224, -0.5789503453412914, -0.05326938281784191, 0.8079251645312798]","[-0.04989549418758493, -0.6594072507810026, -0.04360060115029396, 0.7488601370459972]","[479.4713601741983, 11.922927320141307, 11.982412089321121]",4.969999999999994,100.0,0.0,"[50.0, 88.85999330118285, 88.85999330118287]",40
447,2301786321,settled,Qk1a_0008,matched,0,"[0.2578223818748416, -0.7105505883403768, 0.20813108451813142, -0.620747076087221]","[0.04175675322461922, -0.6573719429223701, -0.04765426125089933, -0.7508978449850803]","[480.1255491203246, 11.99780305206813, 11.916455703770575]",5.140000000000051,100.0,0.0,"[50.0, 88.73079911865771, 88.73079911865773]",31
448,325454950,settled,Qk1a_0007,matched,1,"[0.7956384402483112, 0.3843416545390062, -0.3939975078371101, -0.25299590669336963]","[0.5013067186136692, 0.4312135590748118, -0.4982440723949768, -0.5608023579355729]","[479.25334107894275, 11.920644492414237, 11.980366019689274]",5.0600000000000245,100.0,0.0,"[50.0, 92.4051685291681, 92.40516852916811]",26
449,969502381,settled,Qk1a_0007,matched,1,"[-0.30927980161513835, -0.15406158471051223, 0.5135925348162733, 0.7853876371642105]","[-0.5014298616005407, -0.43129139452717385, 0.49813705113772144, 0.5607274785364842]","[479.8072538402251, 11.920156744908319, 11.979659461557134]",5.250000000000088,100.0,0.0,"[50.0, 91.47237051827074, 91.47237051827075]",26
450,2996715874,settled,Qk1a_0006,matched,7,"[-0.19287291865651282, 0.48587151384416694, 0.6514239194558252, 0.5498870669914926]","[-0.5851931595708091, 0.3967530394610947, 0.3969087632858668, 0.585319934135854]","[479.27046824018356, 15.187662594064657, 13.001169104490057]",5.200000000000071,100.0,0.0,"[50.0, 91.66476283173073, 91.66476283173074]",29
451,1609489958,settled,Qk1a_0004,matched,9,"[-0.9949556450195594, -0.05813871976815337, 0.08029387326127228, -0.015363841451134974]","[-0.9820777245387119, 0.1884762060538546, -4.203656709125814e-06, -0.0002503971653193271]","[479.81263804717923, 12.994939571363389, 14.802520188898542]",5.280000000000098,100.0,0.0,"[50.0, 89.14913833341619, 89.1491383334162]",23
452,2771918735,settled,Qk1a_0012,matched,5,"[-0.11460745564524599, 0.43084029765301896, -0.8796516023320977, 0.16569498345862566]","[0.13326600620773607, 0.6942594764074224, -0.6945150425951125, 0.13376399596692848]","[479.9465993108225, 14.819967556225041, 12.996968960811223]",5.280000000000098,100.0,0.0,"[50.0, 93.01376630124257, 93.01376630124254]",39
453,610631633,settled,Qk1a_0008,matched,0,"[0.1514681535432902, -0.6127328788032343, 0.29993681550540857, -0.7152997444429585]","[0.041429984624459036, -0.6574621386029692, -0.04744226126699268, -0.7508504008945467]","[479.30426655977806, 11.983647960779045, 11.916920692305482]",4.990000000000001,100.0,0.0,"[50.0, 89.49775557973169, 89.49775557973167]",31
454,2319603761,settled,Qk1a_0009,matched,8,"[-0.1570165804251357, 0.03132179366028071, 0.9537235132709428, -0.2545116872515474]","[0.00026027708063165733, 0.0003146865359964779, 0.9819188139770513, 0.18930207602170285]","[479.38155377386965, 12.99967804341206, 15.193141184957499]",5.130000000000048,100.0,0.0,"[50.0, 91.3556778369252, 91.35567783692518]",31
455,1854309513,settled,Qk1a_0009,matched,8,"[0.12356854996780049, -0.2678906918240119, -0.7278985147329342, -0.6189742667853777]","[-8.178097835009888e-05, -6.912348394644273e-06, -0.5606827515737521, -0.8280307031455881]","[479.4958722488391, 13.008139174190188, 15.191446725093703]",5.310000000000108,100.0,0.0,"[50.0, 92.74338310686397, 92.74338310686399]",23
456,989447075,settled,Qk1a_0004,matched,9,"[0.9713800337355661, -0.21011797810244398, 0.016179182275794755, 0.10958786154915928]","[0.9819416775015406, -0.1891833479137589, 0.00017317315633183505, -0.0004157747706333148]","[479.97375324000524, 13.002794692636542, 14.80657346349605]",5.340000000000118,100.0,0.0,"[50.0, 89.99152054849095, 89.99152054849097]",27
457,2183323969,settled,Qk1a_0008,matched,0,"[0.4719514165278837, -0.21436734646952207, 0.6328959274691771, -0.5751097688249347]","[0.4945680485824715, -0.43501284007794205, 0.49758922084692636, -0.5644211562172328]","[479.59791338307423, 11.983224608080226, 11.92150972555082]",4.969999999999994,100.0,0.0,"[50.0, 91.38872495663979, 91.3887249566398]",29
458,3333157346,settled,Qk1a_0004,matched,9,"[-0.9276509904190547, 0.24159716448372856, 0.27468312960690555, 0.07512408666549768]","[-0.982077777697752, 0.1884760662820185, -7.904730643068515e-05, -6.886671531480816e-05]","[480.0791493952002, 12.997030810692623, 14.80729451202324]",5.260000000000091,100.0,0.0,"[50.0, 90.64303303322558, 90.64303303322559]",27
459,1536433214,settled,Qk1a_0009,matched,8,"[0.08218339877503628, 0.2576184628040969, -0.6582543058704985, -0.7025524075762501]","[4.777300265762508e-05, -4.475142406629163e-05, -0.5605756185988808, -0.8281032372521753]","[479.9832927352508, 13.001813919472653, 15.188582965970085]",5.160000000000058,100.0,0.0,"[50.0, 92.76481593062081, 92.76481593062083]",17
460,3003981838,settled,Qk1a_0007,matched,1,"[-0.7818738120739928, -0.012854806092070811, 0.6135808908157429, -0.10966579402428699]","[-0.6595246218374042, 0.04962820676240932, 0.748760851616503, 0.04383493321890539]","[479.6929612437507, 11.921241159689098, 11.984822720195751]",4.929999999999981,100.0,0.0,"[50.0, 88.08517380851643, 88.08517380851644]",27
461,1671738075,settled,Qk1a_0008,matched,0,"[0.16848477985767996, 0.6303939036957051, 0.6092136526744295, 0.4506385808324433]","[0.43535273030730864, 0.4943268042654444, 0.5644896499736655, 0.49745396356978966]","[479.2838843074797, 11.98941223609084, 11.918926023963664]",5.0300000000000145,100.0,0.0,"[50.0, 91.69669211479946, 91.69669211479948]",24
462,1427896573,settled,Qk1a_0008,matched,0,"[-0.8276546587604369, 0.01672756570963244, -0.5591638238802129, 0.045208101499985595]","[-0.6576797650462725, -0.041781573320365674, -0.7506487610298154, 0.04730818474596261]","[479.69130413343873, 11.981511142827733, 11.91940686667818]",5.190000000000068,100.0,0.0,"[50.0, 89.31150021863341, 89.3115002186334]",25
463,617616967,settled,Qk1a_0011,matched,4,"[-0.653353822706798, 0.3994512311384112, -0.04260644431797357, -0.6416791933661253]","[-0.6943524294482042, -0.13257940963505577, 0.13305296956089635, -0.6946900828075955]","[480.0414480224111, 14.812389911499839, 12.994536499495675]",5.220000000000078,100.0,0.0,"[50.0, 91.73051102436382, 91.73051102436384]",23
464,4137320547,settled,Qk1a_0006,matched,7,"[0.42361130840775824, -0.7453039372078921, -0.42955826919711343, -0.2838224690468704]","[0.58552782569234, -0.3965393889418617, -0.396302626486644, -0.5855406959361605]","[479.90524567279283, 15.19976762979728, 12.994234643017421]",5.110000000000041,100.0,0.0,"[50.0, 92.68757924105148, 92.6875792410515]",20
465,2545035017,settled,Qk1a_0008,matched,0,"[-0.5569568557253328, 0.6963649029460673, 0.07238081643017763, 0.44680644603493136]","[-0.4939947384490384, 0.4358080315528017, -0.4974859738399141, 0.5644008007181516]","[479.66348965863347, 11.97973736502825, 11.91977084754988]",5.270000000000095,100.0,0.0,"[50.0, 92.6043219547459, 92.60432195474591]",22
466,1308104037,settled,Qk1a_0006,matched,7,"[0.6202867767754898, 0.441811349337051, 0.34047399362073083, -0.5514748460468515]","[0.39615832736683454, 0.5858056988409728, 0.5857989077881178, -0.3958912761069632]","[479.5827387709188, 15.194402481826463, 13.003227843474109]",5.140000000000051,100.0,0.0,"[50.0, 89.41365139934324, 89.41365139934322]",22
467,997398106,settled,Qk1a_0006,matched,7,"[0.11084417898417434, -0.7964657463755247, -0.5903442692092394, 0.06963854283090477]","[0.13386570916650853, -0.6941004813446133, -0.6945416536113879, -0.13385210160951158]","[479.4059180158179, 15.197907083225301, 12.988694827463053]",5.160000000000058,100.0,0.0,"[50.0, 92.1340359955557, 92.13403599555572]",31
468,3869532184,settled,Qk1a_0006,matched,7,"[-0.444034000270401, -0.15779409734244773, -0.714768004045331, 0.5167606117350677]","[-0.3964123181442963, -0.5855686808580942, -0.5857092307904925, 0.39612029863210263]","[479.49077122855607, 15.193677567589006, 12.999036334930825]",5.200000000000071,100.0,0.0,"[50.0, 93.25634770100059, 93.2563477010006]",23
469,2215946165,settled,Qk1a_0008,matched,0,"[0.36889047016788995, -0.7622059379761799, -0.12484839185158167, -0.5170829799802338]","[0.04151123275401015, -0.6573732538157754, -0.04767280818514969, -0.7509091330398403]","[479.2702518994663, 11.988800144069005, 11.908869895324917]",5.080000000000031,100.0,0.0,"[50.0, 92.69638367601154, 92.69638367601155]",28
470,1197086404,settled,Qk1a_0008,matched,0,"[0.755057280627056, -0.1767846178774512, 0.631366319746603, 0.0035031619473357]","[0.6574654318692414, 0.041948016485374336, 0.7508297084250698, -0.047268581068820155]","[480.04027663581365, 11.981304035732725, 11.921758147257332]",5.1800000000000646,100.0,0.0,"[50.0, 88.09483227819844, 88.09483227819842]",26
471,148282538,settled,Qk1a_0010,matched,10,"[-0.4253381753982559, 0.7238946308654451, -0.5174617999902729, -0.16521890177546342]","[0.0003193567203852026, 0.7067561506385274, -0.7074570882871634, 0.00033132785134175444]","[479.48980849646546, 14.830130894156623, 12.99520178420807]",5.430000000000148,100.0,0.0,"[50.0, 91.66044706450782, 91.66044706450779]",24
472,4068892255,settled,Qk1a_0001,matched,11,"[0.3748737161170823, 0.8447448672063396, 0.13016443113470874, -0.35907245391493114]","[0.0006622113964717331, 0.9999993134911571, 0.0008034426641279069, -0.0005375622441864428]","[480.07128200550505, 12.992568265999289, 14.815879742721803]",5.490000000000168,100.0,0.0,"[50.0, 92.3904987521632, 92.39049875216318]",22
473,1326143893,settled,Qk1a_0004,matched,9,"[0.14356132151723644, 0.9476595487597521, -0.08740535376396882, -0.2714623928688525]","[0.18914275388822196, 0.9819495906466186, -0.00014049826891471273, 1.845953011266055e-05]","[479.7424707304375, 13.00543901915006, 14.805539069277245]",5.460000000000158,100.0,0.0,"[50.0, 92.44044773067415, 92.44044773067417]",26
474,2736713625,settled,Qk1a_0007,matched,1,"[0.017407009755828814, 0.4637843759830021, 0.32652442269539567, -0.8233971398959656]","[0.049545308120937326, 0.6593417945628489, 0.044178491768490036, -0.7489071512883989]","[479.9235560281447, 11.92095015769839, 11.98222048404057]",5.0600000000000245,100.0,0.0,"[50.0, 91.85110667985116, 91.85110667985117]",32
475,3271021467,settled,Qk1a_0010,matched,10,"[-0.521156935288762, 0.18990290551240585, 0.14878659799666374, -0.8186543125977841]","[-0.7066944459808999, 0.0005939697669533946, -0.000670211541981208, -0.7075183093292738]","[479.58205869670337, 14.816849210715052, 12.990269975184818]",5.390000000000135,100.0,0.0,"[50.0, 93.05041643503824, 93.05041643503826]",27
476,3851873653,settled,Qk1a_0004,matched,9,"[-0.6890452941250381, 0.5804733049738838, -0.022912083130372837, -0.43329246624360196]","[-0.560939979951486, 0.8278564723495208, 1.670657189478675e-06, -8.845485660713416e-06]","[479.5041142660995, 12.998608831964907, 14.809929683213737]",5.190000000000068,100.0,0.0,"[50.0, 92.99440466581372, 92.99440466581369]",33
477,1222532304,settled,Qk1a_0008,matched,0,"[-0.4892347766941237, -0.673558720770075, -0.5376203582472012, -0.13391166247112982]","[-0.4355085869727796, -0.49429012760378865, -0.5645253210242474, -0.4973134849859531]","[479.6686736354518, 11.981613139319775, 11.921332801715353]",5.1800000000000646,100.0,0.0,"[50.0, 90.43683113897072, 90.43683113897073]",30
478,2025214609,settled,Qk1a_0008,matched,0,"[-0.6720498297597366, 0.25987250603860684, -0.3820612441455619, 0.5786575089351808]","[-0.4945153432440326, 0.43533663744389595, -0.4973647454605596, 0.5644155360797852]","[479.87042792193427, 11.987194694224614, 11.918454430635506]",5.130000000000048,100.0,0.0,"[50.0, 91.376676003842, 91.376676003842]",24
479,3974321818,settled,Qk1a_0008,matched,0,"[0.5890076497595739, 0.578138251652458, 0.2804648250741726, 0.4900669672575945]","[0.4353550150968104, 0.49422049586179717, 0.5645206905814838, 0.497522363523068]","[479.2810056738838, 11.984207152645421, 11.919108113320773]",5.140000000000051,100.0,0.0,"[50.0, 89.45508717186397, 89.45508717186395]",33
480,2134301099,settled,Qk1a_0003,matched,6,"[0.23258563386672154, -0.9707151930310784, -0.014332229697203118, 0.05839969288753257]","[0.18732886032424947, -0.9822967767487967, -0.0009386155917449069, 0.0002438838119381698]","[479.6517570829685, 12.993937674667754, 14.814048645448828]",5.260000000000091,100.0,0.0,"[50.0, 89.02900354867857, 89.02900354867859]",33
481,978334388,settled,Qk1a_0009,matched,8,"[-0.0529483899273966, -0.302997353705265, -0.8480072285136022, -0.4315933410519471]","[4.6387508903344976e-05, 4.931580904618538e-05, -0.5604760774187381, -0.828170611684244]","[479.58122881527254, 13.005081569379385, 15.190629144995178]",5.360000000000125,100.0,0.0,"[50.0, 92.34104710300043, 92.34104710300042]",20
482,2325744455,settled,Qk1a_0006,matched,7,"[0.18274323590751634, 0.8725818368775546, 0.3737068263916387, -0.2560254979288821]","[-0.13354013431531028, 0.6945344042175399, 0.6942593782565363, 0.13339006555243832]","[479.2683650050809, 15.191770405713525, 12.991443862490254]",5.290000000000101,100.0,0.0,"[50.0, 92.86150019306343, 92.86150019306345]",39
483,348550585,settled,Qk1a_0004,matched,9,"[-0.9150115933974345, 0.34906982214210186, -0.028151545384796382, -0.2002786401751746]","[-0.982004269606095, 0.18885813970164353, -0.00046358567839052683, 5.130451544083093e-05]","[479.55998745270637, 12.99970249161128, 14.81668825374942]",5.1500000000000545,100.0,0.0,"[50.0, 91.68963400938074, 91.68963400938075]",24
484,1740214684,settled,Qk1a_0012,matched,5,"[-0.08212628680529313, 0.5264601975169598, -0.73218323243745, -0.42426718890744497]","[0.13371820853099797, 0.6943863089066665, -0.6942846254179655, 0.13385048979541045]","[479.3542444687542, 14.807962829045534, 13.005588820861188]",5.340000000000118,100.0,0.0,"[50.0, 91.95860082140058, 91.9586008214006]",25
485,55311315,settled,Qk1a_0008,matched,0,"[-0.7661319425224496, -0.4844520809690637, -0.32013599349819377, 0.27542870866786173]","[-0.6575649735103951, -0.04141588423082279, -0.7507419243090812, 0.04774508592882201]","[479.92098500757464, 11.981438348576848, 11.924138936431566]",5.330000000000115,100.0,0.0,"[50.0, 93.2826316706987, 93.28263167069872]",24
486,1316840683,settled,Qk1a_0012,matched,5,"[0.07675491347951191, 0.6400061569458476, -0.7595435032536367, 0.08714625059836124]","[0.1339225599043127, 0.6940846326395715, -0.6946302704628455, 0.1334168581513626]","[479.871949942199, 14.817925826184624, 13.002722068511654]",5.130000000000048,100.0,0.0,"[50.0, 89.30317645148388, 89.30317645148389]",29
487,3906633774,settled,Qk1a_0012,matched,5,"[-0.4126339930361076, 0.7677208856764828, -0.44529899126803724, -0.20505276848378087]","[-0.3965970642491599, 0.5854953995160346, -0.5854239853470943, -0.39646521052272926]","[479.64453201708955, 14.814129599101733, 12.991945964165064]",5.270000000000095,100.0,0.0,"[50.0, 92.47995388069029, 92.47995388069027]",29
488,3892948482,settled,Qk1a_0007,matched,1,"[0.5881394421842769, -0.4614317568880165, -0.6511079169270512, -0.13126770660494644]","[0.6594520524111943, -0.049143509574481284, -0.7488405302589867, -0.04411084083086584]","[479.44166869951266, 11.915300159209401, 11.965589557954369]",5.000000000000004,100.0,0.0,"[50.0, 93.3000937001401, 93.30009370014011]",21
489,726396242,settled,Qk1a_0008,matched,0,"[-0.588104219804756, -0.17625190134214422, -0.7803869967171447, -0.1185952329392438]","[-0.657449076130452, -0.041961420352334106, -0.7508355800249534, 0.04739075084678099]","[479.5077176576334, 11.990407842199227, 11.919684217858144]",5.050000000000021,100.0,0.0,"[50.0, 89.35664755769882, 89.3566475576988]",24
490,2940707866,settled,Qk1a_0008,matched,0,"[0.497173177018088, 0.03845020895787252, 0.8641151523332156, 0.06815729596294492]","[0.6574466541976194, 0.04161901161617232, 0.7508474760658539, -0.047537589778888]","[479.725502177034, 11.982448542811396, 11.914060756875177]",5.020000000000011,100.0,0.0,"[50.0, 90.22932171482145, 90.22932171482147]",29
491,304160197,settled,Qk1a_0008,matched,0,"[0.9038276135597187, -0.022174154481154725, 0.42216816549128033, 0.06616639544146515]","[0.6573706108087963, 0.04210186065863522, 0.7508920064929291, -0.047460593748645585]","[479.97185300225993, 11.99086669566251, 11.924540065968966]",5.340000000000118,100.0,0.0,"[50.0, 90.78045087453538, 90.78045087453536]",27
492,4041846957,settled,Qk1a_0006,matched,7,"[-0.42387011570386224, 0.43694254873817007, 0.72414277921501, 0.32408728673946435]","[-0.585685512720597, 0.3963266607849061, 0.3959830165167683, 0.5857432106056187]","[479.4499741296423, 15.190340218070991, 13.006272903626344]",5.1500000000000545,100.0,0.0,"[50.0, 91.56851208718356, 91.56851208718358]",14
493,1321792822,settled,Qk1a_0004,matched,9,"[0.8692626977408878, 0.4179941004244013, -0.14782251222700962, -0.2186590935806806]","[0.8280027324534769, 0.5607240274002601, -1.0976168457771385e-05, -0.0002000628208314037]","[480.02189980455586, 12.992478114151977, 14.805397911245587]",5.480000000000165,100.0,0.0,"[50.0, 91.23505512637229, 91.2350551263723]",39
494,4197430582,settled,Qk1a_0001,matched,11,"[0.03321905480953784, 0.9728731798589902, 0.2096095331892582, 0.0920766740537427]","[0.00044309622255321113, 0.9999998993503398, 6.39555227550659e-05, -2.9575987093829503e-05]","[479.69569070239055, 12.998819455921337, 14.80629731387398]",5.280000000000098,100.0,0.0,"[50.0, 91.7586871046587, 91.75868710465872]",16
495,2542721139,settled,Qk1a_0007,matched,1,"[-0.6495938786809407, -0.005279080681094758, 0.6857852760822487, 0.3281744645706117]","[-0.6594144469961757, 0.0491345099161597, 0.7488796205165781, 0.044019325335273196]","[480.0334532012176, 11.91628773743722, 11.979238872209484]",5.0600000000000245,100.0,0.0,"[50.0, 91.49298279629161, 91.49298279629163]",27
496,2692174792,settled,Qk1a_0006,matched,7,"[0.47989987830095804, 0.40658434079067574, 0.7168406037565264, -0.30087344421951895]","[0.39628356992989, 0.5856044305327069, 0.5856460603144807, -0.3962896354716002]","[479.5046509588704, 15.187942618402763, 12.995482411343382]",5.110000000000041,100.0,0.0,"[50.0, 91.24751982532314, 91.24751982532315]",34
497,3415389587,settled,Qk1a_0007,matched,1,"[0.014422751469727813, -0.6581796891617329, -0.4012873838272596, 0.6368358631516293]","[-0.04968174079679831, -0.6595244957690891, -0.043666691726326014, 0.7487672429704751]","[479.85342192505294, 11.917307665581637, 11.975755657690797]",5.020000000000011,100.0,0.0,"[50.0, 92.53255053155779, 92.5325505315578]",32
498,1604256032,settled,Qk1a_0006,matched,7,"[0.7194335288308407, -0.12594507376429795, -0.2512441202018914, -0.6351611040141603]","[0.6944911909859963, 0.13346444323886236, 0.1337425652495826, -0.6942493458940051]","[479.25189836449096, 15.198161426441551, 12.995814924111565]",5.170000000000061,100.0,0.0,"[50.0, 90.54948655073417, 90.54948655073419]",25
499,262656233,settled,Qk1a_0007,matched,1,"[-0.36391009820553344, 0.39535104709640495, 0.3331361145539588, -0.7747821107664442]","[-0.4310909901608743, 0.5016202151652324, 0.5604378117616589, -0.49844475831079477]","[479.29126326124526, 11.920888366343616, 11.983113174434017]",5.000000000000004,100.0,0.0,"[50.0, 91.10437134287726, 91.10437134287727]",21
500,4212216518,settled,Qk1a_0004,matched,9,"[-0.29048204249306936, -0.9429696391518119, 0.01821415926537831, -0.16154469050145792]","[-0.18905266805813534, -0.981966940723586, 9.656808244795645e-05, 8.185760296282318e-05]","[479.87467972428414, 12.999990034175832, 14.809862454053855]",5.080000000000031,100.0,0.0,"[50.0, 90.48380295102244, 90.48380295102245]",31
501,3782923788,settled,Qk1a_0008,matched,0,"[-0.7787440695715817, 0.09365545432764234, -0.38650657307348313, 0.48517934720345085]","[-0.6576496595947683, -0.04206522107801009, -0.7506364407560367, 0.04766944744438204]","[479.62941978139304, 11.989561527636825, 11.923003499875884]",5.160000000000058,100.0,0.0,"[50.0, 93.41632762887481, 93.4163276288748]",26
502,3362482467,settled,Qk1a_0007,matched,1,"[0.7832846989191279, -0.38675165402377154, -0.48657950948779993, 0.011341053551597924]","[0.6595724096973635, -0.049724362318405074, -0.7487160451718887, -0.043772227041898926]","[479.6951828806965, 11.918437358352387, 11.986361809002325]",4.979999999999998,100.0,0.0,"[50.0, 91.97945709416804, 91.97945709416805]",27
503,2700113713,settled,Qk1a_0001,matched,11,"[0.03447712517487698, 0.9641850388290412, 0.23864003994039065, 0.11049647087199173]","[-0.00012437403341326763, 0.9999998909018378, 0.0004245392380595182, -0.00014997949072823678]","[479.84819989058025, 12.993809789388228, 14.817967113175646]",5.330000000000115,100.0,0.0,"[50.0, 92.11509760544176, 92.11509760544175]",18
504,470461877,settled,Qk1a_0007,matched,1,"[-0.3661237010024778, 0.6138259312149058, -0.3211534154736574, -0.6213144497450597]","[0.04917421296239275, 0.6597037614364472, 0.04407080306488296, -0.7486191343021823]","[480.1432967871364, 11.914058286182792, 11.976855995535347]",4.969999999999994,100.0,0.0,"[50.0, 91.0465230137301, 91.04652301373008]",32
505,1077415524,settled,Qk1a_0008,matched,0,"[-0.9281882426101508, -0.132775582072791, -0.2798262576919452, 0.2062389308341965]","[-0.6574536960445274, -0.04172911601780119, -0.7508217250817446, 0.047749927529120606]","[479.8689322696041, 11.992764650414873, 11.921944876056978]",5.220000000000078,100.0,0.0,"[50.0, 92.76804553819511, 92.76804553819512]",33
506,3461860755,settled,Qk1a_0009,matched,8,"[-0.05646607210453661, 0.35164116118681604, -0.895910406203069, -0.2655270617419717]","[9.366475834998722e-05, -0.00020007262305324347, -0.5606411428070057, -0.8280588506802601]","[480.0526371219609, 12.998231023506078, 15.189565680523767]",5.340000000000118,100.0,0.0,"[50.0, 92.96270059611625, 92.96270059611624]",24
507,4041061826,settled,Qk1a_0004,matched,9,"[-0.3481962430304041, -0.8253540043337292, -0.2323053652870821, 0.3789252711665267]","[-0.18925583628936257, -0.9819277965039486, -0.0001554165718115064, -8.203050258900892e-05]","[479.65664960722563, 13.009155604670463, 14.802959599218624]",5.280000000000098,100.0,0.0,"[50.0, 93.02800056176424, 93.02800056176423]",36
508,306890977,settled,Qk1a_0008,matched,0,"[-0.6281596778640454, 0.2934023739395993, -0.14503032828879558, 0.7059013174295615]","[-0.4941660067315248, 0.4353742335102674, -0.49734630457218865, 0.5647086752607521]","[480.06223111594915, 11.9830188572253, 11.910691723804492]",5.140000000000051,100.0,0.0,"[50.0, 92.31153928928549, 92.3115392892855]",30
509,1149764821,settled,Qk1a_0008,matched,0,"[0.5506074498766016, 0.1942346200872333, 0.7633583094821048, 0.2763845868433636]","[0.657477807270463, 0.0415617988618909, 0.7508250271999153, -0.04751134972229515]","[480.0928775849156, 11.978821729441, 11.91812166452487]",5.0300000000000145,100.0,0.0,"[50.0, 90.8863276748524, 90.88632767485241]",21
510,2826209534,settled,Qk1a_0007,matched,1,"[-0.054747368474066145, -0.6743927245094147, 0.08177656121602812, 0.7317853324641148]","[-0.04967952810830961, -0.659721554390708, -0.044016597837303634, 0.7485732791611474]","[479.6125220620095, 11.924806244142989, 11.981151220483804]",4.939999999999984,100.0,0.0,"[50.0, 86.24438762267788, 86.24438762267789]",29
511,809482123,settled,Qk1a_0004,matched,9,"[-0.9896455908076977, -0.0660978533166102, -0.015510723040940765, -0.12645985866102424]","[-0.981964838783857, 0.1890635169545677, 1.8334900418928716e-05, 0.00020399214492844433]","[479.5517827091559, 12.988534724251547, 14.808743224267568]",5.160000000000058,100.0,0.0,"[50.0, 89.70164870597748, 89.70164870597746]",20
512,1905413278,settled,Qk1a_0007,matched,1,"[0.7481737568194641, 0.08510956857516272, -0.6001973035567936, -0.26973243732772156]","[0.6596147921486145, -0.049905770396130006, -0.748658053124145, -0.04391878359282944]","[480.08155466028813, 11.930852006050493, 11.984712753247823]",4.899999999999971,100.0,0.0,"[50.0, 90.20156888192761, 90.20156888192763]",31
513,3286044974,settled,Qk1a_0008,matched,0,"[-0.5116328064185239, -0.4434826427084401, -0.6709170843675203, -0.30236614049266347]","[-0.43527282729921546, -0.494361119370145, -0.5645601871872697, -0.4974097350405596]","[479.2641345142942, 11.984065930946498, 11.920810140673112]",5.040000000000018,100.0,0.0,"[50.0, 89.88382157284336, 89.88382157284337]",30
514,1725715576,settled,Qk1a_0009,matched,8,"[0.06505155144275046, -0.2850129164414062, 0.21597777360011147, -0.9316058900775555]","[5.266841178241943e-05, 0.0002829466625869914, 0.1893357138654321, -0.9819123711524831]","[480.0868271308897, 12.998990982702717, 15.188505167504434]",5.390000000000135,100.0,0.0,"[50.0, 92.77819311392408, 92.77819311392409]",29
515,1615467983,settled,Qk1a_0007,matched,1,"[-0.6197829620305907, -0.4968457370711996, 0.10198844289142846, 0.5988420084190367]","[-0.5015845557692338, -0.4312153246331322, 0.4983182533826951, 0.5604865703662693]","[479.93465377433523, 11.925751655556823, 11.986621210411537]",4.829999999999948,100.0,0.0,"[50.0, 91.93745793195714, 91.93745793195716]",33
516,3814597079,settled,Qk1a_0008,matched,0,"[0.667114342466612, -0.47649663241467166, 0.2707484495608343, -0.5045836803080551]","[0.49455430728981165, -0.4351372251253092, 0.4974409069016394, -0.5644680474501769]","[479.6671620677274, 11.986514560811022, 11.922502526338258]",5.130000000000048,100.0,0.0,"[50.0, 89.10365632060275, 89.10365632060277]",28
517,34287890,settled,Qk1a_0008,matched,0,"[-0.020940699529930898, 0.9375278849134914, 0.13409955172815838, 0.3203439750317453]","[-0.041480890907855346, 0.6573194418884966, 0.04745977867066748, 0.7509714085192708]","[479.63562040223076, 11.987761409377244, 11.9139560995237]",5.280000000000098,100.0,0.0,"[50.0, 92.39026406425246, 92.39026406425248]",40
518,3631687601,settled,Qk1a_0009,matched,8,"[0.01632317933537506, -0.10891332960164436, -0.21908469273952824, 0.9694706482708464]","[0.00014629344435473923, 7.946671183790832e-05, -0.18964742597285084, 0.981852242501458]","[479.8557856960893, 12.99311904281944, 15.19516692077092]",5.1500000000000545,100.0,0.0,"[50.0, 90.36774847632056, 90.36774847632057]",19
519,2511762870,settled,Qk1a_0006,matched,7,"[0.07168445665046755, -0.7412878042100359, -0.6643917565661196, 0.06274809806820239]","[0.13370411925535677, -0.6942203123862158, -0.6945001346909121, -0.13360736985226324]","[479.84410796669044, 15.196096935331731, 13.002370723512552]",5.130000000000048,100.0,0.0,"[50.0, 90.50337789062277, 90.50337789062279]",31
520,3838213929,settled,Qk1a_0004,matched,9,"[0.8821667003735669, -0.4005839344237604, -0.23141838226947753, -0.08809061573954291]","[0.9819530313762368, -0.1891248485666449, 0.00010075480481350207, 0.0001602314963340956]","[479.76849945541215, 13.000248572945404, 14.810056025010631]",5.160000000000058,100.0,0.0,"[50.0, 91.1837484707372, 91.18374847073717]",34
521,1582246333,settled,Qk1a_0001,matched,11,"[-0.04681754495458157, 0.978931168426654, 0.19652707016210968, 0.029647860981003544]","[0.0013921146774177073, 0.9999973331365928, 0.0018414517539996345, 6.922329821307867e-05]","[479.9234715058777, 12.966483165935676, 14.836154906920454]",5.300000000000105,100.0,0.0,"[50.0, 90.93359985954123, 90.93359985954125]",19
522,1534090043,settled,Qk1a_0012,matched,5,"[-0.46539282176227803, 0.0937664437621731, -0.3668153027806936, -0.8000399422042925]","[-0.6944971251701568, 0.13345727575203703, -0.13346859464269617, -0.6942975103824987]","[479.8632190318369, 14.805632090086483, 13.002716038232531]",5.160000000000058,100.0,0.0,"[50.0, 92.73033984020796, 92.73033984020798]",24
523,3898018603,settled,Qk1a_0011,matched,4,"[0.48513314473120167, -0.6294995748038434, 0.5923599459209928, 0.13223392784559354]","[0.1332303571345256, -0.6942288094507312, 0.6947049835351384, 0.13296998878645627]","[479.6387667611122, 14.80982820803509, 12.998999306125459]",5.340000000000118,100.0,0.0,"[50.0, 91.92054609979935, 91.92054609979937]",21
524,2830597505,settled,Qk1a_0007,matched,1,"[0.576867332971806, -0.29015814683690533, -0.547573958901899, 0.5321607741149939]","[0.4315197313354019, -0.5011113769430132, -0.5607405544109563, 0.49824506019166237]","[479.97900619743496, 11.927347337567094, 11.976866614834869]",5.000000000000004,100.0,0.0,"[50.0, 88.92488135231405, 88.92488135231406]",29
525,3406774502,settled,Qk1a_0007,matched,1,"[-0.8184929368826612, -0.28156105544036936, 0.10698870083035565, 0.4892301117338689]","[-0.5013345750776041, -0.4313838287752823, 0.4986699333879466, 0.5602677338896085]","[479.6702735911914, 11.918476992267317, 11.981106107435522]",4.889999999999968,100.0,0.0,"[50.0, 93.24531627334777, 93.24531627334775]",33
526,2789814901,settled,Qk1a_0004,matched,9,"[-0.26970363680921006, 0.9276292097826353, -0.15848816628110093, -0.20407228767959454]","[0.18927849091254698, 0.9819234095476892, -0.0002529969477859662, -8.156380668591924e-05]","[479.74189884096444, 12.99330827267626, 14.810011251119933]",5.0600000000000245,100.0,0.0,"[50.0, 92.02228191766383, 92.02228191766385]",29
527,3760347501,settled,Qk1a_0008,matched,0,"[-0.1002536087097096, 0.35093466032656606, 0.2054738778488905, 0.9080608810227965]","[-0.04177247437189627, 0.6575893642450347, 0.04792190594038734, 0.7506895359252727]","[479.790092580941, 11.99194714647338, 11.915291035699145]",4.919999999999978,100.0,0.0,"[50.0, 91.01902420046518, 91.01902420046517]",23
528,4270682813,settled,Qk1a_0004,matched,9,"[-0.4929634617197576, -0.8456967034240723, -0.09130020337584438, -0.18288899390192767]","[-0.8281749852609365, -0.5604693303529841, -0.0004777067895876397, -0.00030873605026171536]","[479.75830367943007, 12.993351236758627, 14.811098394400085]",4.949999999999988,100.0,0.0,"[50.0, 91.82217293038853, 91.8221729303885]",21
529,2251849766,settled,Qk1a_0003,matched,6,"[-0.9540381800532999, 0.14298004548502866, -0.23627115718417716, -0.11637782381766813]","[-0.9822921777929156, -0.18735527262339138, 2.3841146122818846e-05, 0.00028053282460821505]","[479.5589303214049, 12.996441255990948, 14.815779218126387]",5.380000000000131,100.0,0.0,"[50.0, 91.85057944458657, 91.85057944458659]",30
530,534416715,settled,Qk1a_0003,matched,6,"[0.8539475834375602, 0.4980579942392897, -0.06957051044451185, 0.13368508963970963]","[0.5616192415288341, 0.827395804318216, -8.50458704585444e-05, -5.751860133099141e-05]","[479.89024734243367, 13.004528564706918, 14.808561469150522]",5.540000000000185,100.0,0.0,"[50.0, 90.9564661434245, 90.95646614342449]",19
531,2592423895,settled,Qk1a_0008,matched,0,"[-0.7627362211012204, 0.22713702742415, -0.5529063964301926, 0.24685369063420926]","[-0.494580141736588, 0.4351204979041547, -0.4973126634159672, 0.5645712979859799]","[479.50755242565606, 11.990707323355826, 11.916210260073768]",5.190000000000068,100.0,0.0,"[50.0, 90.25074342374343, 90.25074342374342]",36
532,907034003,settled,Qk1a_0012,matched,5,"[0.3422772396015353, 0.6790099916879979, -0.547941234685763, 0.34864326434001264]","[0.5856940920829085, 0.39622725723523766, -0.39617498774436805, 0.5856720671235467]","[479.43487235523673, 14.818492578565833, 12.996588498547911]",5.330000000000115,100.0,0.0,"[50.0, 89.7436801914894, 89.74368019148942]",28
533,3984301831,settled,Qk1a_0004,matched,9,"[-0.11390344336326703, 0.9654493302717585, -0.20652691217242056, -0.11081620286009315]","[0.18961518350947804, 0.9818584496244183, 0.00020684114806096554, -0.00015588630551406635]","[480.0248365989643, 13.006607545164957, 14.808164473869986]",5.220000000000078,100.0,0.0,"[50.0, 92.23772054521383, 92.23772054521385]",21
534,4291204682,settled,Qk1a_0004,matched,9,"[0.9102301720992834, 0.25705660167763955, -0.31181419162339175, 0.09041486181100448]","[0.9819951798789479, -0.18890516855396328, 1.4952001192627962e-05, -0.0005511483911474491]","[479.53867489023827, 12.996068453089208, 14.808954364117609]",5.140000000000051,100.0,0.0,"[50.0, 90.5815489521002, 90.58154895210022]",26
535,1157350213,settled,Qk1a_0006,matched,7,"[0.09159539395124666, -0.38103529340517006, -0.903230823874266, 0.17491846040360173]","[0.13370702126769712, -0.6944610454450572, -0.6943005764960101, -0.1333903980816685]","[479.4127735167994, 15.189916632286865, 12.990939725815876]",5.140000000000051,100.0,0.0,"[50.0, 93.02283110448036, 93.02283110448037]",20
536,1755359008,settled,Qk1a_0009,matched,8,"[0.09753683006993497, -0.2256443990971123, -0.9692314832589591, 0.012708414364118367]","[-2.2422823197476575e-05, 5.753559982274448e-05, -0.9819326260170688, -0.18923084883309893]","[479.76301083331913, 12.993798010318447, 15.192561102634832]",5.200000000000071,100.0,0.0,"[50.0, 92.2984541742811, 92.29845417428112]",37
537,1408581071,settled,Qk1a_0012,matched,5,"[-0.45471816580131014, 0.36881043623739057, -0.67610896635819, -0.44731076157715893]","[-0.396249262854003, 0.5853568811223852, -0.5854884155319804, -0.3969221065753133]","[479.6806479117421, 14.825857187508074, 12.988828616363197]",5.330000000000115,100.0,0.0,"[50.0, 92.09222220526667, 92.09222220526665]",25
538,4025969406,settled,Qk1a_0007,matched,1,"[0.5709753087547726, -0.565686932621656, -0.20846448437644396, 0.5572504372426795]","[0.43134386758108734, -0.5013023819592706, -0.5605063368293252, 0.4984686912097112]","[479.7991355630311, 11.92212687845917, 11.974893400685918]",4.929999999999981,100.0,0.0,"[50.0, 90.035254887234, 90.03525488723402]",29
539,2979020610,settled,Qk1a_0012,matched,5,"[0.8112307203794777, -0.24357840399230152, 0.375267764858577, 0.37649486594003445]","[0.396260698599219, -0.5856254382305603, 0.5855185288951941, 0.39646986917460814]","[479.5893441437389, 14.815485515776937, 12.994809058058092]",5.430000000000148,100.0,0.0,"[50.0, 91.56820485309397, 91.56820485309399]",28
540,1028301620,settled,Qk1a_0009,matched,8,"[0.28892918457711164, 0.24730923049045345, 0.9179907074772494, 0.112477250140836]","[-0.00011051652704999193, 4.251534834648352e-05, 0.9819705824183629, 0.18903375688877305]","[479.56993085576977, 13.005316313506336, 15.187761751641736]",5.480000000000165,100.0,0.0,"[50.0, 93.4464648705211, 93.44646487052111]",37
541,1824536695,settled,Qk1a_0008,matched,0,"[0.3578502322835677, -0.800703126013853, 0.2395142510307735, -0.41647405537369075]","[0.04233764410760543, -0.657515360450291, -0.047332878640054726, -0.7507600637107621]","[479.43830858891573, 11.987749189234993, 11.924128885503325]",5.230000000000081,100.0,0.0,"[50.0, 92.45452998225457, 92.45452998225458]",26
542,1733341495,settled,Qk1a_0009,matched,8,"[-0.10725658997326243, 0.21456612060218364, -0.3731717225845471, 0.8962144103172625]","[-5.093524993154964e-05, 6.655852915173067e-05, -0.1891453748650885, 0.9819490924394746]","[479.6832850421831, 13.000851954135605, 15.190207447430288]",5.6200000000002115,100.0,0.0,"[50.0, 92.7233002979746, 92.72330029797459]",27
543,2081953756,settled,Qk1a_0009,matched,8,"[0.25888675527262234, 0.11196108251609478, -0.02210478959212772, 0.9591421908264307]","[0.0001874561742018499, 0.0002671780567857912, -0.18863560863054235, 0.9820470969524088]","[479.5804730391852, 12.991752370853272, 15.190690248810233]",5.460000000000158,100.0,0.0,"[50.0, 92.66394316778933, 92.66394316778934]",26
544,1596940682,settled,Qk1a_0006,matched,7,"[-0.19632461640955656, -0.5756304342672571, -0.7748853172965169, 0.17221786543563297]","[0.13313923677930972, -0.6944065789378522, -0.6945369199955075, -0.13301095263475654]","[479.7129526772402, 15.186826525974512, 12.993680394795346]",5.1500000000000545,100.0,0.0,"[50.0, 90.4789012838917, 90.47890128389172]",21
545,581162313,settled,Qk1a_0009,matched,8,"[0.04461988653389065, 0.19339945396857908, 0.7698665327673556, -0.6065568717400935]","[9.882324336818461e-05, -0.0003294126845131418, 0.8281635486502215, -0.5604864123315768]","[479.9330434438074, 13.002463400438172, 15.187806010879827]",5.170000000000061,100.0,0.0,"[50.0, 92.17509173233694, 92.17509173233695]",30
546,3502698889,settled,Qk1a_0003,matched,6,"[0.5283433173134485, -0.7298517633133956, -0.10698109618937755, -0.4203864742075638]","[0.18719930909334898, -0.9823214448107176, -0.0007620863332368222, 0.0006457277892065877]","[480.02388318292117, 12.997413946229088, 14.809470038987472]",5.170000000000061,100.0,0.0,"[50.0, 92.83232441871358, 92.83232441871357]",24
547,1071262967,settled,Qk1a_0004,matched,9,"[0.8300743687420142, 0.3050562345016756, -0.2379524964004282, -0.40161654050351286]","[0.8276870930559667, 0.5611894805068125, 0.0006352245811102886, 0.0001986121577348121]","[479.2819585597417, 13.000202008871959, 14.806840838461031]",5.390000000000135,100.0,0.0,"[50.0, 92.52269425541564, 92.52269425541566]",22
548,2632182746,settled,Qk1a_0009,matched,8,"[0.12463518999557266, 0.2666351509468831, -0.9139540700125686, 0.2793917028148142]","[-0.00029586859665234333, 8.734258240772341e-06, -0.9819615142467811, -0.18908066247941596]","[479.45201076001376, 12.996785301421774, 15.193702529797294]",5.260000000000091,100.0,0.0,"[50.0, 93.21577886440626, 93.21577886440627]",22
549,2828869928,settled,Qk1a_0003,matched,6,"[-0.28857867045607677, -0.9072533208270996, 0.09782974016625558, 0.289901888136324]","[0.18653787352872486, -0.9824476377152306, -0.0005089002042001911, 4.367753349673875e-05]","[479.6698675419757, 13.00158824684396, 14.822134459287572]",5.5600000000001915,100.0,0.0,"[50.0, 92.89050374439609, 92.8905037443961]",25
550,242711853,settled,Qk1a_0007,matched,1,"[0.4453195280059114, -0.6620938811624908, -0.15791792580823788, 0.5817079501022876]","[0.4312721121141009, -0.5013747745029425, -0.5605821990531967, 0.4983726506435201]","[479.5948463118757, 11.920335222353932, 11.98285108364028]",4.889999999999968,100.0,0.0,"[50.0, 90.55531478332371, 90.55531478332372]",33
551,1651512630,settled,Qk1a_0009,matched,8,"[0.0865315596859267, 0.07213667043285749, -0.3591108145116115, -0.926470729628297]","[-0.00017020529799516293, -1.1187935646597702e-05, 0.1885658638193242, -0.9820605306736743]","[479.79551084419796, 13.001133707449613, 15.191132230826746]",5.240000000000085,100.0,0.0,"[50.0, 90.35332539153946, 90.35332539153947]",20
552,1631844025,settled,Qk1a_0009,matched,8,"[-0.1638439152687643, 0.1823014535722178, 0.9657088863423422, -0.08560197599525166]","[-0.00010193034470257212, 9.1882075595906e-05, 0.9819416134697483, 0.18918416663219095]","[479.4552962816554, 12.999361585906696, 15.195748420578816]",5.230000000000081,100.0,0.0,"[50.0, 92.73081933326587, 92.73081933326588]",30
553,2736063736,settled,Qk1a_0006,matched,7,"[-0.843944520795286, -0.07874995523921714, -0.028550908035474637, 0.5298499183917899]","[-0.694529800165349, -0.1335741810464924, -0.1335455674007733, 0.6942275392604681]","[479.47070209891916, 15.192920861122813, 12.987814359903217]",5.170000000000061,100.0,0.0,"[50.0, 91.65308045297085, 91.65308045297084]",19
554,2383909704,settled,Qk1a_0001,matched,11,"[0.6518991038919032, -0.6526703844856946, -0.36014167870515257, -0.13909313002324686]","[0.7065269321871912, -0.7076861299643725, -4.918636273409938e-05, -0.00018201897496081257]","[479.73442502334683, 13.006931488686263, 14.814134167668666]",5.480000000000165,100.0,0.0,"[50.0, 92.50346063227033, 92.50346063227032]",22
555,786084746,settled,Qk1a_0004,matched,9,"[0.2039477377247787, 0.88653858841402, -0.044391204423401436, -0.41289716940136734]","[0.18857416944780414, 0.9820589462846078, 8.122098590396254e-05, 4.519500326041759e-05]","[479.8013460599024, 13.00262746305421, 14.80874471029454]",5.370000000000128,100.0,0.0,"[50.0, 92.02271094260239, 92.0227109426024]",23
556,3304824113,settled,Qk1a_0009,matched,8,"[-0.13080897053962634, 0.016978959777673188, -0.9531859353290428, -0.2720979618485396]","[0.00011441113312266049, 9.435963089471366e-05, -0.9819756518856056, -0.18900739961756158]","[479.8219807016714, 13.000935694851464, 15.192239352442247]",5.430000000000148,100.0,0.0,"[50.0, 90.3479223700061, 90.34792237000612]",27
557,1346177025,settled,Qk1a_0009,matched,8,"[-0.11499311941669005, 0.4206101350444942, 0.7451990628761969, 0.5045216085294161]","[-0.0004205464814364124, -6.554916624212925e-06, 0.5608857847631719, 0.827893084611951]","[479.69280460301337, 13.00365466904942, 15.191430358936215]",5.350000000000121,100.0,0.0,"[50.0, 93.19176423458617, 93.19176423458619]",35
558,1189755357,settled,Qk1a_0007,matched,1,"[0.44321918603854427, 0.24072236551575096, -0.6050649771751497, -0.6160404769687353]","[0.5011572086828333, 0.4315513556484207, -0.4985901858010453, -0.5603683665644598]","[479.49932259083414, 11.915098716113741, 11.98414381233467]",5.110000000000041,100.0,0.0,"[50.0, 90.94459229335995, 90.94459229335996]",35
559,404206193,settled,Qk1a_0007,matched,1,"[0.21300452584677976, 0.2149451527649457, 0.2569436815404462, -0.9178276514619095]","[0.04947168361515786, 0.6595856771173879, 0.04390516947517939, -0.7487133117256795]","[480.0996105347868, 11.9152149224108, 11.984488302836537]",5.310000000000108,100.0,0.0,"[50.0, 92.96573450533585, 92.96573450533586]",33
560,1249438590,settled,Qk1a_0007,matched,1,"[-0.25983007503873057, -0.0960866751857659, 0.6624144666085784, 0.6960335892647606]","[-0.5012901076207584, -0.4314888069653596, 0.4982426886044866, 0.5606066898613965]","[479.74333440080943, 11.917977516455908, 11.981488754175714]",5.140000000000051,100.0,0.0,"[50.0, 92.56525569903602, 92.56525569903603]",25
561,3893150923,settled,Qk1a_0006,matched,7,"[0.5250380837594202, -0.2965867571242271, -0.10548193818621408, -0.7907242672494948]","[0.6942714733451215, 0.13380267312408547, 0.13369822754345864, -0.6944125214278477]","[480.0578990953627, 15.196835646836123, 12.99385533733299]",5.240000000000085,100.0,0.0,"[50.0, 91.98552833381342, 91.98552833381343]",35
562,784341871,settled,Qk1a_0007,matched,1,"[0.6092956200950023, 0.2465329145720911, -0.5075357975286466, -0.5571245673927846]","[0.5015683369204853, 0.43135102860951036, -0.4981030329423214, -0.5605879610640927]","[479.8783863201821, 11.924407120952589, 11.97739777112843]",4.949999999999988,100.0,0.0,"[50.0, 90.45880869473895, 90.45880869473893]",30
563,1442674168,settled,Qk1a_0009,matched,8,"[0.32283344498595823, -0.05339721884669838, 0.10384039947967572, 0.9392254656118718]","[-3.9245156757183874e-05, -2.0924516146325622e-05, -0.18906552822009456, 0.9819644718933771]","[479.4617234302835, 12.999188227788308, 15.19121806426555]",5.100000000000038,100.0,0.0,"[50.0, 92.27595133120498, 92.275951331205]",20
564,914947571,settled,Qk1a_0012,matched,5,"[0.008699331871120803, -0.7185529989891443, 0.5977778274188038, 0.3553414953466003]","[-0.1340291524612084, -0.6943598648241353, 0.6941904304597957, -0.1341648637683598]","[479.31459704267075, 14.812508051228761, 12.999111740114314]",5.400000000000138,100.0,0.0,"[50.0, 92.49868127951201, 92.49868127951203]",38
565,4103205779,settled,Qk1a_0007,matched,1,"[-0.32975880371071165, 0.06651764303843705, 0.39372305764285254, -0.8554628504033676]","[-0.431303808634993, 0.5014271662651719, 0.5606790668937993, -0.4981835058844556]","[479.4964004294293, 11.920465877517833, 11.97972518018717]",5.050000000000021,100.0,0.0,"[50.0, 92.18964552451833, 92.18964552451834]",34
566,2879595323,settled,Qk1a_0012,matched,5,"[-0.43373184720898755, -0.09479036241635837, -0.023562481084522684, -0.895732259882827]","[-0.6944082771985843, 0.1330340898774648, -0.13331613423522054, -0.6944968566099816]","[479.4257503833042, 14.817445389953425, 12.989599485582191]",5.230000000000081,100.0,0.0,"[50.0, 91.62168808901563, 91.62168808901565]",21
567,3848514265,settled,Qk1a_0008,matched,0,"[-0.2281102713768126, 0.6538138972962924, -0.039395776699347185, 0.7203756412961819]","[-0.04197868306301918, 0.6574157224256603, 0.04727588503058909, 0.7508710600165758]","[480.06645595117345, 11.981291585214974, 11.923143370803018]",5.110000000000041,100.0,0.0,"[50.0, 89.39950956983002, 89.39950956983003]",23
568,1245831326,settled,Qk1a_0007,matched,1,"[-0.388786402531299, -0.5092396166273795, 0.47217131459175427, 0.6054538758160402]","[-0.5013586886289896, -0.4315002519448191, 0.4983839198612409, 0.5604109798456146]","[480.12563105752776, 11.92005377856063, 11.977814403349788]",4.949999999999988,100.0,0.0,"[50.0, 87.44234631313337, 87.44234631313338]",40
569,1886621264,settled,Qk1a_0008,matched,0,"[-0.7028736851730464, -0.2706600985987688, -0.6461462310172245, 0.12331561888099102]","[-0.6573851221977487, -0.041700134502610266, -0.7508934660995112, 0.04759099142251259]","[479.257734094319, 11.985318484440764, 11.918721699051854]",5.130000000000048,100.0,0.0,"[50.0, 91.09967949637084, 91.09967949637083]",22
570,3916208710,settled,Qk1a_0008,matched,0,"[-0.3292193713764832, -0.512177968271426, -0.7828183003384974, -0.12838941927968053]","[-0.43541543204548305, -0.49457009365354976, -0.5643966736474668, -0.49726272610747646]","[479.70155514027493, 11.991520226681534, 11.919188100845195]",5.140000000000051,100.0,0.0,"[50.0, 93.41463759328586, 93.41463759328587]",25
571,200935633,settled,Qk1a_0007,matched,1,"[0.5617879019177501, 0.6795740462850371, -0.21259320806254298, -0.42116219768672375]","[0.5014589968950858, 0.4312779913948669, -0.4985700758164334, -0.5603267333188551]","[479.92045101266643, 11.916686252080055, 11.981006137325396]",4.869999999999961,100.0,0.0,"[50.0, 91.88426331641541, 91.88426331641543]",37
572,840784676,settled,Qk1a_0003,matched,6,"[0.8654110191946646, -0.44201200077430836, -0.21767084887705168, -0.09115130595382805]","[0.827631290069863, -0.5612721578734498, -2.216364369089785e-05, -0.00010955431758452594]","[479.4275396312245, 12.992074118132628, 14.797913742804097]",5.450000000000155,100.0,0.0,"[50.0, 91.21063118326614, 91.21063118326616]",24
573,110682437,settled,Qk1a_0006,matched,7,"[0.4827598211213677, 0.6793758138798732, 0.5195958435911711, -0.1881797490398582]","[-0.133422584252914, 0.6943379993587931, 0.6944981542062706, 0.1332871729079205]","[480.0536517391609, 15.194684718313475, 12.994743200011085]",5.300000000000105,100.0,0.0,"[50.0, 91.29115596847731, 91.29115596847728]",17
574,3288537121,settled,Qk1a_0011,matched,4,"[0.3556440857288201, 0.6668875589514781, -0.6287630502717741, 0.18285320509847525]","[0.3977255706410189, 0.5841302362072254, -0.585071103644677, 0.39786686377074265]","[479.6896882773486, 14.815523587034859, 12.997121126428297]",5.320000000000111,100.0,0.0,"[50.0, 89.93599332694377, 89.93599332694379]",20
575,4008853645,settled,Qk1a_0008,matched,0,"[0.39826557421314845, 0.7672577639207893, 0.40191914618957114, 0.30192889233425063]","[0.43549745864216427, 0.49420317142382525, 0.5645129549223715, 0.4974236751459085]","[480.07729491500805, 11.996493716886272, 11.921177477669195]",5.1200000000000445,100.0,0.0,"[50.0, 90.56198162114839, 90.5619816211484]",30
576,3726675985,settled,Qk1a_0007,matched,1,"[0.3748586046734741, -0.17909293368641002, -0.7152482362932548, 0.5619846155236276]","[0.43135433011981056, -0.5013190549884451, -0.5605338202921818, 0.4984119614345485]","[479.82455131614364, 11.917681395123909, 11.983095004958955]",5.070000000000028,100.0,0.0,"[50.0, 92.78295313370573, 92.78295313370575]",34
577,849676372,settled,Qk1a_0004,matched,9,"[-0.28458835823206236, -0.9489149051119783, 0.047744204428998675, -0.12763408697736886]","[-0.18917376662587285, -0.9819436144295515, -0.00014977874269328506, 4.084037900634052e-05]","[479.2913343082312, 13.003734371156337, 14.80746151741408]",5.100000000000038,100.0,0.0,"[50.0, 89.8427513551123, 89.84275135511231]",20
578,1751227975,settled,Qk1a_0009,matched,8,"[0.0022446443763873476, -0.018615092473756815, 0.5822536585823236, -0.8127909429683108]","[2.7622022685885872e-05, 1.7363867375164155e-05, 0.8280681793722066, -0.5606274067923537]","[479.9091917352011, 12.999535363081113, 15.195745245334587]",5.360000000000125,100.0,0.0,"[50.0, 88.42133475112874, 88.42133475112873]",37
579,1013355929,settled,Qk1a_0009,matched,8,"[0.22953036583675168, -0.09964654803118614, 0.0956001665862809, 0.9634557513311086]","[-6.60540895309758e-05, 1.1874513969015177e-05, -0.18914283624234926, 0.9819495827149443]","[480.01416479445123, 13.000201411245596, 15.193537612655602]",5.170000000000061,100.0,0.0,"[50.0, 92.59117160351573, 92.59117160351575]",20
580,2299907025,settled,Qk1a_0009,matched,8,"[0.08455653425668659, -0.2328417642850038, 0.9625820044041526, 0.10986714757573443]","[-0.000307695801070762, -2.310809314454154e-06, 0.981984346219219, 0.1889620308378565]","[479.91243052877684, 13.008108955972432, 15.19092782148895]",5.430000000000148,100.0,0.0,"[50.0, 92.4740911289147, 92.47409112891467]",19
581,3406489006,settled,Qk1a_0010,matched,10,"[0.4269850661988979, 0.36394401752977307, -0.5950713256595703, 0.5754290770591738]","[0.5000272113764641, 0.49959291606424405, -0.500233359487818, 0.5001462707618977]","[479.6581072716374, 14.805549909196854, 12.987115191300436]",5.360000000000125,100.0,0.0,"[50.0, 90.87066962046845, 90.87066962046846]",24
582,2423796619,settled,Qk1a_0006,matched,7,"[-0.16701013076321958, 0.49812904024453486, 0.8480761247043386, -0.06886190669726149]","[-0.13307697393150245, 0.6942406337871218, 0.6946539443989665, 0.13332801258193006]","[479.74784457599964, 15.196446151167084, 12.999680539686626]",5.050000000000021,100.0,0.0,"[50.0, 92.9710494066284, 92.97104940662837]",17
583,1783060612,settled,Qk1a_0007,matched,1,"[-0.4255018339134278, -0.012993678735004564, 0.4336514100514712, -0.7941824779039209]","[-0.4314598697032909, 0.5013223885553373, 0.5604022152347016, -0.49846524525670804]","[480.0966468133934, 11.93105758333983, 11.969331033856042]",5.040000000000018,100.0,0.0,"[50.0, 92.93882590359392, 92.93882590359394]",39
584,1163852597,settled,Qk1a_0006,matched,7,"[-0.06512201765005957, -0.45662172925732786, -0.8836481508507021, 0.08013528988758817]","[0.1339890479400986, -0.6942548978386294, -0.6943622995739701, -0.13385839080733294]","[479.320929554042, 15.198338730745396, 12.99377746973787]",5.190000000000068,100.0,0.0,"[50.0, 91.65165499115255, 91.65165499115257]",28
585,300535037,settled,Qk1a_0008,matched,0,"[-0.35142249661355834, 0.4728701792018044, -0.7428979686214585, 0.31780281734694765]","[-0.49453857517225835, 0.4355333438841676, -0.4974562004772394, 0.564162771404155]","[479.88898626208317, 11.984742416319694, 11.918410259537325]",5.0900000000000345,100.0,0.0,"[50.0, 91.36053988967261, 91.36053988967262]",26
586,2202722907,settled,Qk1a_0008,matched,0,"[0.5124774959073248, -0.5319461136587357, 0.5757058289795667, -0.35066072895446276]","[0.49498967606420263, -0.4349897832512434, 0.49712535565765403, -0.5644780685014635]","[479.32402248115005, 11.98381519578574, 11.92120730841977]",5.100000000000038,100.0,0.0,"[50.0, 88.3166525627249, 88.31665256272488]",26
587,247068866,settled,Qk1a_0003,matched,6,"[0.2663569656585872, -0.9303810532191625, -0.12659665487131766, 0.21775754781716367]","[0.8279481595783267, -0.5608046363940369, 4.182960320539553e-05, 5.5678524617186476e-05]","[480.00697359481427, 13.009231984348666, 14.809804921567713]",5.7100000000002415,100.0,0.0,"[50.0, 92.53326808433664, 92.53326808433665]",37
588,3592442215,settled,Qk1a_0007,matched,1,"[0.4986228065315347, 0.1869661205412491, -0.41797164096076433, -0.7360154033231484]","[0.5014770237567542, 0.4311521999374552, -0.49840310705177715, -0.5605559008825931]","[479.4936300133759, 11.925080801508436, 11.983896188076457]",5.040000000000018,100.0,0.0,"[50.0, 91.03747957603613, 91.03747957603615]",28
589,817587664,settled,Qk1a_0009,matched,8,"[-0.07577032750485735, 0.2163005929188234, 0.9733798759676174, 0.002127917770489224]","[2.5660719405684596e-05, 5.080368899362808e-05, 0.9820201507320339, 0.18877611161570806]","[480.0546880320322, 12.994266925446592, 15.193368185636297]",5.250000000000088,100.0,0.0,"[50.0, 91.9982467676919, 91.99824676769191]",30
590,956714543,settled,Qk1a_0008,matched,0,"[-0.03263422553297066, 0.6172465985498278, -0.3550635453785339, 0.7013355278650559]","[-0.041303854221228786, 0.6574829970106573, 0.04787761113538819, 0.7508114507786388]","[479.3846611100661, 11.986131236672176, 11.910340145186082]",5.0600000000000245,100.0,0.0,"[50.0, 91.36422683381528, 91.3642268338153]",24
591,390567019,settled,Qk1a_0008,matched,0,"[-0.05576000439088655, 0.4339213101568298, 0.7614267507275267, 0.4783643190901987]","[0.4351780108893407, 0.494896273725804, 0.5641189583773709, 0.4974611320394198]","[479.427315702839, 11.983334548640208, 11.919984480314028]",4.949999999999988,100.0,0.0,"[50.0, 93.16214172833777, 93.16214172833779]",27
592,4117714206,settled,Qk1a_0006,matched,7,"[0.6449494163759041, -0.5791058778370126, -0.1724574204003194, -0.4679049804392673]","[0.6942732925970749, 0.1332677505714312, 0.13350469581199248, -0.6945507886686146]","[479.67170976107843, 15.197279210706576, 12.994407020658196]",5.360000000000125,100.0,0.0,"[50.0, 91.85596225738016, 91.85596225738017]",31
593,2521025845,settled,Qk1a_0007,matched,1,"[0.2502199291952107, 0.6862156576978117, -0.6555637187440244, -0.19166186065675433]","[0.5012569823417914, 0.43136203125110917, -0.49827773030763906, -0.5607027190303129]","[479.2511526982009, 11.924957425032744, 11.985286975297361]",4.879999999999964,100.0,0.0,"[50.0, 90.71322702327294, 90.71322702327292]",28
594,118959254,settled,Qk1a_0008,matched,0,"[-0.5054991243376068, 0.12293413704927827, -0.2517487032519535, 0.816076236422077]","[-0.49468660055271185, 0.43518886391955575, -0.49724666076625956, 0.5644834615033574]","[479.40778498226047, 11.991373761462732, 11.919956634833516]",5.020000000000011,100.0,0.0,"[50.0, 93.27787550446769, 93.2778755044677]",23
595,536323564,settled,Qk1a_0008,matched,0,"[0.2987672183365751, 0.6164033511906383, -0.03367927294981921, 0.7277710934503702]","[-0.04184083567007038, 0.6574226803841089, 0.04786886763611839, 0.7508350919464538]","[479.8871780306762, 11.987692111890127, 11.917187943667818]",5.0900000000000345,100.0,0.0,"[50.0, 91.15030512194157, 91.15030512194159]",21
596,3098034090,settled,Qk1a_0006,matched,7,"[-0.2106048733431788, -0.4854357699365941, -0.5301879847400127, 0.6624940765225706]","[-0.3962370863596332, -0.5857120879023271, -0.5856675098239147, 0.39614528826553047]","[479.2911540062982, 15.195276430963188, 13.00013136896314]",5.100000000000038,100.0,0.0,"[50.0, 93.24082943900788, 93.2408294390079]",22
597,318939885,settled,Qk1a_0006,matched,7,"[-0.46175195073807324, 0.10705404599565982, 0.3483910274929797, 0.8086706741238544]","[-0.6943103994979232, -0.13335575608713535, -0.13348092500126577, 0.6945013708613319]","[480.07108835226313, 15.201671386375187, 12.998164028118763]",5.280000000000098,100.0,0.0,"[50.0, 93.14332644864206, 93.14332644864207]",27
598,3202722054,settled,Qk1a_0009,matched,8,"[0.18155062225358312, 0.05267923178463344, 0.42013907835606906, 0.8875513646747609]","[-8.132433690777319e-05, -0.0002599951712422832, 0.5610707287446637, 0.8277678195815512]","[479.8227005253741, 12.996623457714204, 15.185664866125435]",5.290000000000101,100.0,0.0,"[50.0, 91.07230436645372, 91.07230436645371]",21
599,2576870985,settled,Qk1a_0012,matched,5,"[-0.4516636024144685, 0.6309803758169514, -0.4832380895695982, -0.40539450462112636]","[-0.3962586861726931, 0.5855480276321726, -0.5855406367205713, -0.3965535571869599]","[479.9758521738422, 14.81325714252023, 13.006697814781642]",5.280000000000098,100.0,0.0,"[50.0, 90.19552544240277, 90.19552544240278]",25
600,447954548,settled,Qk1a_0009,matched,8,"[0.05575006052663945, -0.33589163307563924, 0.9332256004098558, 0.11471146551552941]","[6.473711741729338e-05, -3.643716377682571e-05, 0.9819158444658751, 0.18931790424655043]","[479.7470244679388, 13.00873084135163, 15.190769426417607]",5.230000000000081,100.0,0.0,"[50.0, 92.33243404953257, 92.33243404953258]",26
601,940726953,settled,Qk1a_0006,matched,7,"[0.5127838771000137, 0.2725405650552121, 0.3368759618564963, -0.7411402850398325]","[0.3958884913530033, 0.5856199435333387, 0.5858522721315349, -0.3963567829475993]","[479.69261159110977, 15.204755036407278, 12.999804000119582]",5.1500000000000545,100.0,0.0,"[50.0, 91.7169231776503, 91.71692317765027]",25
602,219800231,settled,Qk1a_0009,matched,8,"[-0.051373563678022885, -0.2384194692129483, 0.5599082053165334, -0.7918457648269988]","[-0.0001192982537562004, -3.083734403941385e-07, 0.8281338494522353, -0.5605303855807051]","[479.2517814998251, 12.998766141199994, 15.18684953575306]",5.440000000000151,100.0,0.0,"[50.0, 92.30238139345292, 92.30238139345293]",20
603,1224559636,settled,Qk1a_0011,matched,4,"[-0.5159554415873885, 0.544496901531378, -0.6183230394090855, -0.23449888156450227]","[-0.5847120830515551, 0.3970423282733323, -0.3968520908019266, -0.5856428839480099]","[479.4301026302527, 14.822119719446102, 12.991258256550674]",5.0600000000000245,100.0,0.0,"[50.0, 91.9547385929335, 91.95473859293351]",25
604,4023118421,settled,Qk1a_0007,matched,1,"[0.40965602581074484, -0.3216666623403111, -0.04117597991695293, 0.8526529408461977]","[-0.04979744530609309, -0.6598054657896795, -0.043820191472334125, 0.748503007725673]","[479.85366191894195, 11.923758642428202, 11.970961641096753]",5.100000000000038,100.0,0.0,"[50.0, 92.61074054865908, 92.61074054865907]",23
605,1928023996,settled,Qk1a_0010,matched,10,"[0.2701948784625633, -0.44223581999339284, 0.6407685392582975, 0.5664255346152394]","[0.49925040818410726, -0.5000136906199191, 0.5005484466170347, 0.5001865569064445]","[479.9601880001478, 14.82772784017223, 12.990640278974896]",5.430000000000148,100.0,0.0,"[50.0, 90.83328056160136, 90.83328056160134]",20
606,3626385919,settled,Qk1a_0007,matched,1,"[-0.22727184610678164, 0.5116337626984891, 0.5890445784282585, -0.582756283070785]","[-0.4313594943311116, 0.5013859578192894, 0.5604179078601016, -0.49847053724543067]","[479.4045200962405, 11.921322831057198, 11.981485006465578]",4.990000000000001,100.0,0.0,"[50.0, 90.34160571981674, 90.34160571981676]",28
607,2577297428,settled,Qk1a_0007,matched,1,"[0.5535741985734218, -0.0935011453620174, -0.4399733339065075, 0.7008827348001787]","[0.43151040047720113, -0.5012538070086625, -0.5604582734275513, 0.4984274460600422]","[479.6746467387326, 11.930840507485183, 11.98805109000612]",5.050000000000021,100.0,0.0,"[50.0, 90.61243918241827, 90.61243918241829]",27
608,2076254014,settled,Qk1a_0003,matched,6,"[-0.7351439095736402, 0.6157884512551096, -0.2469555466334948, 0.13921556487896336]","[-0.8276879125793688, 0.561188624645814, -0.00012793709330929937, 0.00017484349302704372]","[479.7834744592791, 13.005371567340488, 14.80952535164318]",5.310000000000108,100.0,0.0,"[50.0, 92.14355299479104, 92.14355299479105]",21
609,452233348,settled,Qk1a_0007,matched,1,"[0.29905909259017793, 0.2413006443491481, -0.8201651007773044, 0.423871284286609]","[0.6593622299144543, -0.04958882932109341, -0.7488920622315821, -0.04408034590756147]","[479.27187821307683, 11.926863323791865, 11.975742801602168]",5.0900000000000345,100.0,0.0,"[50.0, 93.07809403826094, 93.07809403826091]",34
610,96115233,settled,Qk1a_0009,matched,8,"[0.01596805096025928, -0.24776091960427232, -0.8946441276783356, -0.3714450603737326]","[4.785787877159553e-05, 0.00030192500609643735, -0.5608629903609601, -0.8279085774373133]","[479.7287957366034, 13.008545147949084, 15.186879478200881]",5.420000000000145,100.0,0.0,"[50.0, 92.47029139446158, 92.4702913944616]",29
611,3222166524,settled,Qk1a_0008,matched,0,"[0.5102761807816077, -0.5864514971243014, -0.11103432962465044, -0.6191641450313526]","[0.4943636350891776, -0.43511377364844817, 0.49746966225878353, -0.5646277848414416]","[479.705964785979, 11.981467057614037, 11.916440732931216]",5.260000000000091,100.0,0.0,"[50.0, 93.44440500552318, 93.44440500552317]",32
612,3216037984,settled,Qk1a_0007,matched,1,"[-0.8538072858367715, 0.23931008038765292, 0.3766095808763793, 0.2681585867896432]","[-0.6596827854831879, 0.049613930774316944, 0.7486297361488614, 0.04371039423237871]","[479.3573410975983, 11.93259944524696, 11.982084072734278]",4.919999999999978,100.0,0.0,"[50.0, 91.8885292654941, 91.88852926549411]",26
613,1866588208,settled,Qk1a_0009,matched,8,"[0.0913958532145423, 0.04136570481144703, 0.5384939494883795, -0.8366360874627897]","[0.00014347224147231996, -0.00016819492384678725, 0.8279157385214085, -0.5608524592392676]","[479.4159437605451, 12.995688363745623, 15.188325116602734]",5.290000000000101,100.0,0.0,"[50.0, 90.35678338823324, 90.35678338823325]",31
614,1833144678,settled,Qk1a_0008,matched,0,"[0.6190268023519331, -0.6010870861268118, 0.21622287731930848, -0.4568892646859618]","[0.49423890698788525, -0.4355856100406834, 0.4972629364085862, -0.5645552685248952]","[479.4229881528411, 11.989689462229222, 11.915115028794203]",5.280000000000098,100.0,0.0,"[50.0, 91.0235356114901, 91.02353561149012]",23
615,1205690518,settled,Qk1a_0008,matched,0,"[-0.6618533813516694, 0.035264487260398346, -0.7484741909013679, 0.022201420814120642]","[-0.657308073015544, -0.04164760915064267, -0.750968215322459, 0.04752171478417652]","[479.435656674114, 11.982772466212968, 11.916850458673617]",5.0600000000000245,100.0,0.0,"[50.0, 86.10280101623644, 86.10280101623643]",25
616,369857696,settled,Qk1a_0008,matched,0,"[-0.12954261784404994, 0.7527893050896254, 0.08052108080394728, 0.640346256216864]","[-0.041553159304208664, 0.6573987246576112, 0.04765537093158673, 0.7508856220435696]","[480.03751592296703, 11.975406173387801, 11.913467179346702]",5.0600000000000245,100.0,0.0,"[50.0, 87.58296281438591, 87.5829628143859]",23
617,4153277340,settled,Qk1a_0004,matched,9,"[-0.8578806105175065, -0.3593468864883421, 0.3459746782934644, -0.12333772840854022]","[-0.9819014915252865, 0.1893919224760554, -0.0003561334857073717, -0.0001838754520183672]","[480.0957264758991, 13.003443849450452, 14.801387557291358]",5.260000000000091,100.0,0.0,"[50.0, 91.95175710568775, 91.95175710568773]",28
618,2533894697,settled,Qk1a_0012,matched,5,"[-0.2425132989820442, 0.4498265645237411, -0.8056564159904082, -0.2996015704883817]","[-0.39642027522008777, 0.5855164500910137, -0.585471330048129, -0.39654101144638537]","[479.6519841111577, 14.809058164053685, 12.994801277144381]",5.270000000000095,100.0,0.0,"[50.0, 92.39948237845655, 92.39948237845653]",23
619,1831038023,settled,Qk1a_0007,matched,1,"[-0.2075734006871383, -0.5066822775218267, 0.671322952129416, 0.4995116083903529]","[-0.501190128222391, -0.4314724116458691, 0.49840854027475695, 0.5605612726028326]","[479.9197664545391, 11.917739341728806, 11.98392014845887]",5.050000000000021,100.0,0.0,"[50.0, 89.9848052619721, 89.98480526197211]",32
620,3843606305,settled,Qk1a_0003,matched,6,"[-0.8825006106086865, 0.4092270962118539, -0.22842687556967828, -0.0393321562946197]","[-0.8276231732051036, 0.5612841331165095, 5.9586960306251546e-05, 3.9178536830997146e-05]","[479.3778455057767, 13.005568129960816, 14.811036306793998]",5.390000000000135,100.0,0.0,"[50.0, 91.45688950347413, 91.45688950347414]",29
621,339420997,settled,Qk1a_0007,matched,1,"[0.3338907115702825, -0.690545754793728, -0.6283784602883653, 0.1296304898898177]","[0.4312338486140036, -0.5013872604119147, -0.5604237317331607, 0.4985713828695624]","[479.8551058114335, 11.925184296769991, 11.984089326993509]",4.879999999999964,100.0,0.0,"[50.0, 90.94695679265112, 90.94695679265111]",44
622,318514168,settled,Qk1a_0008,matched,0,"[0.4702166024432413, 0.27585662200913136, 0.8325093600382049, -0.0986287804305852]","[0.6573574103650068, 0.04131147888914741, 0.7509525573981182, -0.04737988272916749]","[479.6150794227939, 11.982231517320088, 11.921738698680507]",5.0300000000000145,100.0,0.0,"[50.0, 90.91124855962065, 90.91124855962066]",31
623,2406135167,settled,Qk1a_0009,matched,8,"[0.30370085785503587, 0.08961302071284508, 0.327763058386395, 0.8901161008621467]","[-7.374875258864265e-05, -9.626145226263036e-05, 0.560598973118139, 0.8280874208884845]","[479.36053336357566, 13.000710723648345, 15.187370856347961]",5.260000000000091,100.0,0.0,"[50.0, 92.23305146799281, 92.2330514679928]",20
624,503826566,settled,Qk1a_0003,matched,6,"[-0.8879109927937016, 0.4037290052106611, 0.10763674471210347, -0.1924351589899693]","[-0.827456069809925, 0.5615302748368983, 0.00036683717964364193, 0.00026154692370561333]","[479.57741624153556, 12.997333166946493, 14.804900476484386]",5.500000000000171,100.0,0.0,"[50.0, 90.72322068870147, 90.72322068870146]",30
625,1951490665,settled,Qk1a_0007,matched,1,"[-0.37979554275908345, 0.21260781508691884, 0.30614412443480676, -0.8466575681692955]","[-0.43133875837964886, 0.5013091990563623, 0.5606061060104225, -0.4983540472041965]","[479.4123809527551, 11.920119620260923, 11.980427815917453]",4.889999999999968,100.0,0.0,"[50.0, 92.34599523129351, 92.34599523129353]",25
626,1304113979,settled,Qk1a_0007,matched,1,"[0.09948409051905921, -0.45613823132516407, -0.11408373739586006, 0.8769411214665094]","[-0.04951233194211335, -0.6593980289232535, -0.044090039877500486, 0.7488650324466903]","[479.54317050372873, 11.929093044302657, 11.977376079191695]",5.050000000000021,100.0,0.0,"[50.0, 91.83871724465202, 91.83871724465203]",31
627,1335222620,settled,Qk1a_0009,matched,8,"[-0.19639680642520668, 0.19642498494383, 0.9301330988887067, -0.24020395098225877]","[-6.718684121309604e-05, 0.0001082421055499383, 0.9820126698265377, 0.18881498899645288]","[479.7072690053938, 12.996417506743963, 15.194280517716779]",5.1800000000000646,100.0,0.0,"[50.0, 92.86548303966008, 92.86548303966006]",29
628,760072861,settled,Qk1a_0008,matched,0,"[0.2349944290385704, -0.22175586461706412, 0.6329365821941642, -0.7035575582346796]","[0.4943361038744911, -0.43558325080892846, 0.4973507721346667, -0.5643945937710294]","[479.5359304376483, 11.993029050511891, 11.91765476825788]",5.070000000000028,100.0,0.0,"[50.0, 90.9897591195427, 90.98975911954271]",27
629,4291316198,settled,Qk1a_0009,matched,8,"[0.00045310346422546824, -0.3221131643259609, -0.12074992918595746, -0.9389687740637349]","[0.0004566518817357701, -0.00015759699215397993, 0.18918468372125857, -0.981941404604946]","[479.27841560172385, 12.996242648205406, 15.186122967565138]",5.420000000000145,100.0,0.0,"[50.0, 91.56938637067542, 91.56938637067543]",20
630,3385771503,settled,Qk1a_0012,matched,5,"[0.16321663743935153, 0.8999089523290272, -0.3797931339126148, -0.13885741684871736]","[0.13313557647096344, 0.6944460646266395, -0.6943765740869499, 0.13364413553010224]","[479.26759835372326, 14.81425019072996, 12.997032856101564]",5.310000000000108,100.0,0.0,"[50.0, 92.73654233052845, 92.73654233052844]",34
631,2885950628,settled,Qk1a_0007,matched,1,"[0.3078809116531951, 0.20521297007126735, 0.30730450118607866, -0.8767330977583211]","[0.04986151968240163, 0.6595994281196939, 0.04398282992382907, -0.7486707780800756]","[479.9912323683732, 11.923915929975667, 11.984326341344667]",5.0900000000000345,100.0,0.0,"[50.0, 93.37066847754771, 93.37066847754772]",19
632,991867160,settled,Qk1a_0003,matched,6,"[-0.2375625373328836, -0.9604688225999017, -0.11681093371613689, 0.08613296368920043]","[0.18772668542324356, -0.9822212401768544, -0.00035618628253131224, 7.535044488277132e-06]","[479.55917070243595, 12.996194240412768, 14.81504320926134]",5.390000000000135,100.0,0.0,"[50.0, 90.93941319599493, 90.93941319599492]",31
633,303405335,settled,Qk1a_0009,matched,8,"[-0.02279042232984286, 0.044058517012017934, 0.9582225775537128, 0.2816894311028513]","[7.904471002842528e-05, -3.389613120374779e-05, 0.9819872254320612, 0.18894729871376453]","[479.95435073267004, 13.004549369198118, 15.190032241033334]",5.170000000000061,100.0,0.0,"[50.0, 89.22847269178767, 89.22847269178766]",27
634,747624188,settled,Qk1a_0007,matched,1,"[0.4488529877620475, -0.17881305492877836, -0.36350582461711256, 0.7965051175187475]","[0.4313335002503879, -0.5013729109851918, -0.5606840710946046, 0.4982067724477096]","[479.35634969277476, 11.92130376438898, 11.982650991063904]",5.0300000000000145,100.0,0.0,"[50.0, 92.09779440907333, 92.09779440907334]",24
635,2224256403,settled,Qk1a_0012,matched,5,"[-0.7074316561155337, 0.5159224139634822, -0.45665515639945287, -0.1575772281439098]","[-0.39662881351641327, 0.585479582576745, -0.5852495302855686, -0.3967142926273821]","[479.71767816331544, 14.809286138121525, 12.993528074278233]",5.230000000000081,100.0,0.0,"[50.0, 93.03018180681146, 93.03018180681147]",28
636,3659359167,settled,Qk1a_0010,matched,10,"[0.475642554762377, 0.008531275876956044, 0.5084562058079787, 0.7177490259181025]","[0.7066681990085181, 4.430521349370018e-05, 0.0004296585331508986, 0.7075449596602681]","[479.4174698895718, 14.828410143044223, 12.986049719994686]",5.190000000000068,100.0,0.0,"[50.0, 92.65530108298267, 92.65530108298269]",27
637,1825701951,settled,Qk1a_0009,matched,8,"[0.26664443488412504, 0.09287231278579614, 0.9568484641898873, 0.06867674599598332]","[-0.0002546990905695768, 0.0001406869790652188, 0.9819636734448061, 0.1890694564712388]","[479.3458458380247, 12.996724532138238, 15.18822401966252]",5.450000000000155,100.0,0.0,"[50.0, 92.5987443238256, 92.59874432382561]",42
638,741066932,settled,Qk1a_0006,matched,7,"[-0.14380109630361193, 0.5897438042590014, 0.5912240676798182, 0.5310156229680344]","[-0.5849665370783304, 0.3972027240327449, 0.39712021591107327, 0.5850980094260245]","[479.71152854396473, 15.196203294135, 12.99070505279315]",5.220000000000078,100.0,0.0,"[50.0, 92.80287541880912, 92.80287541880911]",19
639,3503504066,settled,Qk1a_0006,matched,7,"[0.5187699492102906, -0.6177811041237394, -0.23828102636228377, -0.5407831355171334]","[0.6942545046986115, 0.13367071427222083, 0.1337246169027, -0.6944498179752561]","[479.7791457071445, 15.199342452944755, 12.995717585035592]",5.340000000000118,100.0,0.0,"[50.0, 93.02158311819667, 93.02158311819669]",31
640,3011375563,settled,Qk1a_0008,matched,0,"[-0.5247529899489422, 0.6195718340292504, -0.4558137166205935, 0.36469013937560457]","[-0.4943748420039112, 0.4353157907655298, -0.49753825553315983, 0.5644017737257827]","[479.69353978312597, 11.982436349124056, 11.91834882522189]",5.1800000000000646,100.0,0.0,"[50.0, 88.94885084641025, 88.94885084641027]",29
641,1512233073,settled,Qk1a_0010,matched,10,"[-0.27085008450069903, -0.5333245905422038, 0.7126948784235688, -0.3664302431811122]","[-0.5003027611447847, -0.4996751895262912, 0.5001000725039123, -0.499921763523405]","[479.9594545875753, 14.821149171659387, 12.997774353311806]",5.460000000000158,100.0,0.0,"[50.0, 90.86725753622123, 90.86725753622122]",26
642,2951951071,settled,Qk1a_0009,matched,8,"[0.2777554044515004, -0.309719604872192, 0.8976138231511166, -0.1456541319147266]","[-0.00015487719460151317, -5.909214489524528e-05, 0.982043966546662, 0.1886521144606431]","[479.6957738429396, 13.002764715512617, 15.190645898383677]",5.440000000000151,100.0,0.0,"[50.0, 93.097133708541, 93.09713370854101]",31
643,3173375156,settled,Qk1a_0006,matched,7,"[0.20658466998426864, -0.650663487887515, -0.5944086293330616, -0.42501550681349876]","[0.5851485028757428, -0.396831765519544, -0.3969113684010935, -0.585309443876391]","[479.9176161592875, 15.197850346417116, 12.993508363894016]",5.250000000000088,100.0,0.0,"[50.0, 91.57372976282969, 91.57372976282967]",31
644,32306830,settled,Qk1a_0008,matched,0,"[-0.6986094149864885, 0.5782516452435902, -0.4198669161311812, 0.03580073747576859]","[-0.4940386959086933, 0.43577704881034085, -0.4972844600436182, 0.5645638108080562]","[479.28023219054813, 11.982068879250777, 11.919432166590717]",5.260000000000091,100.0,0.0,"[50.0, 93.06843047424925, 93.06843047424927]",25
645,895153355,settled,Qk1a_0009,matched,8,"[-0.19060827060911253, -0.37814759900373973, -0.36161796459736506, -0.8306053986241415]","[9.390225805866459e-05, -5.7276924267074536e-05, -0.5614054315566198, -0.8275408928388044]","[479.99373806053364, 12.991472148432184, 15.187639363247678]",5.530000000000181,100.0,0.0,"[50.0, 93.25833915266071, 93.25833915266072]",27
646,3593388868,settled,Qk1a_0009,matched,8,"[0.22142497322908522, 0.2166201095432776, 0.635142299606034, -0.7075598692853604]","[-0.0001519074368803719, 0.00028946023740722415, 0.8284453433938623, -0.560069822563158]","[479.32321239109103, 13.010128333000166, 15.19568867220128]",5.310000000000108,100.0,0.0,"[50.0, 91.24681685600702, 91.24681685600703]",28
647,75550316,settled,Qk1a_0008,matched,0,"[-0.2862997747692738, 0.2598481907905693, -0.7213721391252358, 0.5745725311949853]","[-0.4938823863877291, 0.43571251806913014, -0.4973431189833304, 0.5646986913511955]","[479.2722691911477, 11.9916916216226, 11.913351986883482]",5.020000000000011,100.0,0.0,"[50.0, 91.54382807058475, 91.54382807058477]",26
648,2936757457,settled,Qk1a_0012,matched,5,"[-0.6103894817246166, 0.37109450284833706, -0.5232037798726356, -0.46472718371393584]","[-0.396767057380703, 0.585299904884996, -0.5853445779690487, -0.3967009560882216]","[479.65679382785567, 14.813759808282851, 12.99315110128979]",5.350000000000121,100.0,0.0,"[50.0, 90.12129197416199, 90.121291974162]",24
649,1838880854,settled,Qk1a_0008,matched,0,"[-0.6784023744617863, -0.0988498696711346, -0.5712742979592471, -0.4512699835816463]","[-0.4352554834200172, -0.49438593548892407, -0.5644651899848915, -0.4975080504261906]","[479.55871198724657, 11.978480775380982, 11.913635422849065]",5.020000000000011,100.0,0.0,"[50.0, 92.3340260740311, 92.33402607403112]",24
650,1672810551,settled,Qk1a_0007,matched,1,"[0.48681364714769565, 0.3945555621457038, -0.6249290389801788, -0.46562010004933935]","[0.5017053330062856, 0.4311464150854733, -0.4984073524339038, -0.5603522451385587]","[479.29370802204056, 11.93047703415326, 11.984672211544611]",4.990000000000001,100.0,0.0,"[50.0, 87.8469726170511, 87.84697261705111]",27
651,3879484383,settled,Qk1a_0008,matched,0,"[-0.7626412532388688, -0.3577434821654657, -0.447859840912783, -0.2996989868584001]","[-0.4353667025847835, -0.49438187598145433, -0.5646323987632832, -0.49722494833659686]","[479.7055789732611, 11.99091009431606, 11.921490228907965]",5.1800000000000646,100.0,0.0,"[50.0, 91.38087202511578, 91.38087202511579]",30
652,230873740,settled,Qk1a_0004,matched,9,"[0.9054548951501281, -0.2845109799386636, -0.19564783538213537, 0.2468336679897962]","[0.9820591098304831, -0.18857308902206565, -0.00030333310355606935, 5.370906593910041e-05]","[479.50075440624806, 13.006776966410477, 14.806027343230518]",5.230000000000081,100.0,0.0,"[50.0, 92.30261882278027, 92.30261882278025]",25
653,2079884426,settled,Qk1a_0004,matched,9,"[0.8394310349645914, 0.2693330375425513, -0.24178989971722017, -0.40540460878129414]","[0.8279106382834079, 0.5608600287279829, 5.2416700356217045e-05, -2.109255861848514e-05]","[479.79452833462307, 12.991712666632793, 14.812089397548553]",5.460000000000158,100.0,0.0,"[50.0, 92.81607333446088, 92.81607333446087]",29
654,3975850094,settled,Qk1a_0007,matched,1,"[0.4807614675171685, 0.6552872187456834, -0.5495107625156788, -0.1936620617950838]","[0.501600077561698, 0.43141734582581925, -0.49836804033632154, -0.5602729087525461]","[480.05073008968515, 11.918618553667477, 11.979760265300083]",4.839999999999951,100.0,0.0,"[50.0, 90.24923253760161, 90.24923253760163]",16
655,1123490515,settled,Qk1a_0009,matched,8,"[-0.06244286843504125, 0.13298112156545572, -0.4729946592036122, 0.8687306612832636]","[8.667723156102758e-05, 6.99818702150079e-05, -0.8278963319896654, 0.560881138092246]","[479.9046519470744, 13.000821211036877, 15.19450320072396]",5.390000000000135,100.0,0.0,"[50.0, 91.3092258601725, 91.3092258601725]",18
656,1957802489,settled,Qk1a_0004,matched,9,"[-0.8523013335500537, 0.34785705271440737, 0.23829970511210874, -0.30950146728105843]","[-0.5605433115143867, 0.8281251035329104, -5.857492680622079e-05, 7.337622044434335e-05]","[479.59888595495215, 12.99810823162563, 14.810063082778118]",5.260000000000091,100.0,0.0,"[50.0, 91.84267379805843, 91.8426737980584]",27
657,1848857429,settled,Qk1a_0006,matched,7,"[0.4047002669435426, -0.25709265837166206, -0.547330599681826, -0.6859666709098554]","[0.5852529457424824, -0.39659492043120304, -0.39650926227032546, -0.5856379969928156]","[479.28238464248767, 15.19552369071747, 12.993552616426113]",5.070000000000028,100.0,0.0,"[50.0, 91.61298722651964, 91.61298722651965]",27
658,3054531549,settled,Qk1a_0007,matched,1,"[0.7420221664256267, 0.08780540357961956, -0.5410633505390331, -0.38593233388602627]","[0.6595396266104417, -0.049707648634848646, -0.7487339171683747, -0.043978993615762525]","[480.0335004275834, 11.92197570564315, 11.984416503071662]",4.919999999999978,100.0,0.0,"[50.0, 92.3143539737099, 92.3143539737099]",29
659,2001620538,settled,Qk1a_0008,matched,0,"[-0.013667271276261574, 0.657999285484137, -0.1380674222777314, 0.7401267005748466]","[-0.04179959633128864, 0.6572848033940415, 0.04733689298929345, 0.7509918105651471]","[480.0637562129742, 11.986627630272821, 11.918857511327866]",5.070000000000028,100.0,0.0,"[50.0, 87.47922610501297, 87.47922610501298]",20
660,1618230679,settled,Qk1a_0008,matched,0,"[0.2717351777618916, -0.2956507772804097, 0.8181601580938112, -0.41153926515961137]","[0.4944249947354085, -0.4354320965697288, 0.49741403771245263, -0.5643776120155515]","[479.76006820531086, 11.97918901589647, 11.918314416593223]",5.170000000000061,100.0,0.0,"[50.0, 92.09042061845966, 92.09042061845965]",21
661,2498729330,settled,Qk1a_0007,matched,1,"[-0.7387230461151346, -0.12526626774130828, 0.5657817222933168, -0.3442203742130146]","[-0.6597657413075912, 0.04961194498160415, 0.748554711662672, 0.04374545873117669]","[479.8199186433729, 11.922529658571092, 11.978459758073162]",4.829999999999948,100.0,0.0,"[50.0, 91.7015217597995, 91.70152175979952]",32
662,801359670,settled,Qk1a_0006,matched,7,"[0.5201545776930955, -0.5993619606811081, -0.6079273170496118, -0.02507653441518706]","[0.13375040303443708, -0.694228687759864, -0.6944438353656508, -0.13381000822803996]","[479.99541980347885, 15.196207871747628, 12.993923795257796]",5.0600000000000245,100.0,0.0,"[50.0, 92.91072754267074, 92.91072754267076]",28
663,460050522,settled,Qk1a_0006,matched,7,"[-0.43159420217306005, -0.27588044649597515, 0.04316033554187708, 0.8577608112566659]","[-0.6944488211269383, -0.13360302489803996, -0.13306904010384638, 0.6943944823652767]","[479.46355177229196, 15.184363046180113, 12.991431820963404]",5.0900000000000345,100.0,0.0,"[50.0, 92.95597612453787, 92.95597612453788]",25
664,24185252,settled,Qk1a_0001,matched,11,"[-0.8823119357992979, -0.09850590553688278, 0.22500939213918061, 0.401488490457212]","[-0.9999981707526989, 0.0014977947290911859, 9.316559341509212e-05, 0.0011859268012244797]","[479.77660833789315, 12.981330400852288, 14.830275024636363]",5.430000000000148,100.0,0.0,"[50.0, 92.9272398376507, 92.92723983765072]",27
665,2055269984,settled,Qk1a_0004,matched,9,"[0.5271450856724299, 0.7677936786238437, -0.29311052402864035, 0.21609522535291723]","[0.8279568016147801, 0.5607918772999456, -7.010447265473618e-05, 9.979452892272533e-06]","[479.85496380023, 12.988023719721943, 14.813392257592229]",5.230000000000081,100.0,0.0,"[50.0, 92.301701942392, 92.30170194239201]",24
666,2572174639,settled,Qk1a_0008,matched,0,"[0.6648910559496792, 0.23251016525203572, 0.7084928277910303, -0.043552494087720814]","[0.6577100042443811, 0.04230601557729857, 0.7506201690906189, -0.04687337322191043]","[479.40760088989794, 11.97955140456915, 11.927730753224912]",5.0600000000000245,100.0,0.0,"[50.0, 89.951177677169, 89.95117767716899]",22
667,4231113218,settled,Qk1a_0007,matched,1,"[-0.32714810443199194, -0.26553553967436144, -0.22723901491828985, 0.8779677813196595]","[-0.04930890994645892, -0.6595570988708213, -0.0436007628890962, 0.7487670119633253]","[480.06609038395084, 11.923028565717168, 11.978842174210563]",5.200000000000071,100.0,0.0,"[50.0, 93.19536209319809, 93.19536209319809]",33
668,2269359926,settled,Qk1a_0004,matched,9,"[-0.20885908760357036, -0.8901486806034541, 0.0483529199096359, 0.4020885512937993]","[-0.18930930147437375, -0.9819174870939786, -0.00016532200697710886, 9.789261946753502e-05]","[479.4937443666181, 12.998281196882179, 14.804547582471061]",5.310000000000108,100.0,0.0,"[50.0, 92.15834000692931, 92.15834000692932]",23
669,791422006,settled,Qk1a_0008,matched,0,"[0.4178617844510886, 0.3221307565748081, 0.3487388486073498, 0.7745995870357235]","[0.4355014020884321, 0.49423444703912145, 0.5645770795053924, 0.4973163595098251]","[480.0923138258394, 11.992225871564509, 11.917725526292267]",5.1800000000000646,100.0,0.0,"[50.0, 91.14000810411198, 91.140008104112]",26
670,2789584226,settled,Qk1a_0007,matched,1,"[-0.32203768413503847, -0.09291562367445043, 0.895757891321467, -0.29202091878741854]","[-0.6595583094276498, 0.04975097154586963, 0.748721083499672, 0.04386817090168893]","[479.28635112566315, 11.92558564722004, 11.977003009157748]",5.0300000000000145,100.0,0.0,"[50.0, 91.01724864907392, 91.0172486490739]",35
671,959163029,settled,Qk1a_0007,matched,1,"[0.8565572897553921, 0.19600051919097283, -0.3610798207247458, -0.3122735482059784]","[0.5015025140216938, 0.43112668023040446, -0.49840603431974717, -0.5605501217349742]","[479.6021309758553, 11.920977013663087, 11.982953087863153]",4.959999999999991,100.0,0.0,"[50.0, 92.49623454143065, 92.49623454143064]",25
672,1269286363,settled,Qk1a_0006,matched,7,"[-0.22278797788535612, -0.8262023699346746, -0.4768502630653011, 0.20092035098176173]","[0.1336229273007191, -0.6943933107576997, -0.694354728750887, -0.1335453253986439]","[479.2683931189677, 15.199126892215682, 12.996352641675482]",5.260000000000091,100.0,0.0,"[50.0, 92.26570317555289, 92.2657031755529]",30
673,339846494,settled,Qk1a_0009,matched,8,"[-0.08833281860877842, 0.061391870416495166, 0.03633882288790775, 0.9935330096954575]","[-7.99435884511479e-05, -4.359245110954757e-05, -0.18946097869634987, 0.9818882468286002]","[479.7975227797656, 13.004029662393286, 15.192917533751762]",5.310000000000108,100.0,0.0,"[50.0, 90.54541360639965, 90.54541360639963]",25
674,3620654759,settled,Qk1a_0012,matched,5,"[-0.4813429093912272, 0.22554370352942188, 0.09490204981190052, -0.8416844077910204]","[-0.6943848737169684, 0.1333718671446656, -0.13313061788699657, -0.6944910588254122]","[479.4652620455078, 14.814510120486762, 12.993655695800593]",5.260000000000091,100.0,0.0,"[50.0, 93.03053142109832, 93.03053142109829]",23
675,1118229367,settled,Qk1a_0012,matched,5,"[-0.35991857214289824, -0.48385237718009744, 0.7578605277637142, -0.2489837725264248]","[-0.5855850866143163, -0.39652402991879093, 0.3964980173079488, -0.5853615312802262]","[479.54724048501816, 14.804838594548938, 12.993550668050133]",5.350000000000121,100.0,0.0,"[50.0, 90.59383598265427, 90.59383598265428]",19
676,614510698,settled,Qk1a_0008,matched,0,"[0.5408724855206847, -0.7068822607308365, 0.20453650455646982, -0.40735640681663454]","[0.49450369614014145, -0.4354147386975474, 0.4974523192198193, -0.5642883039116691]","[479.51571241347915, 11.98173925204379, 11.920270026107753]",5.250000000000088,100.0,0.0,"[50.0, 92.2101771181514, 92.21017711815142]",32
677,1838271581,settled,Qk1a_0009,matched,8,"[-0.12691279253410218, 0.07788097071762332, 0.8830851733374935, -0.4449587330559608]","[0.00019364060477916611, -3.1144539991923015e-05, 0.9819552801878699, 0.18911316518025884]","[479.46575189289007, 13.00051331220901, 15.189122618034636]",5.260000000000091,100.0,0.0,"[50.0, 91.28197258603656, 91.28197258603657]",20
678,896877213,settled,Qk1a_0012,matched,5,"[0.4570635111793557, 0.37785478930814337, -0.003768496967547743, 0.8051735858657455]","[0.5856379546091001, 0.39631243915922104, -0.3966683115474283, 0.5853365590009313]","[479.2490407706881, 14.813838717691866, 12.990425649647174]",5.160000000000058,100.0,0.0,"[50.0, 92.86724489794416, 92.86724489794418]",19
679,2115121010,settled,Qk1a_0008,matched,0,"[0.28127320910761855, -0.44450024844831, 0.46518435559245397, -0.7119750180165917]","[0.4946853676490549, -0.4353276534760442, 0.49730298553633595, -0.5643278849477557]","[479.28576592146123, 11.986237714650969, 11.91504151925385]",5.080000000000031,100.0,0.0,"[50.0, 91.34866550781767, 91.34866550781766]",26
680,1207846639,settled,Qk1a_0008,matched,0,"[-0.26830697556454275, -0.6799392983449297, -0.12928932687703654, -0.670058346254485]","[0.04153184717144434, -0.6573640551263688, -0.04761688576114284, -0.7509195941568942]","[479.39228178609903, 11.981680899135963, 11.916379248477458]",5.1500000000000545,100.0,0.0,"[50.0, 89.03883333166348, 89.0388333316635]",26
681,3010240499,settled,Qk1a_0009,matched,8,"[0.3808922698588771, -0.2069628001145944, 0.7443905927285974, -0.507907593551865]","[0.00020499316908961784, -0.00011437904795874587, 0.8281882368382136, -0.5604499881863189]","[479.27865917596137, 12.996752213287774, 15.18790256452415]",5.450000000000155,100.0,0.0,"[50.0, 92.71157889187035, 92.71157889187036]",24
682,1954751036,settled,Qk1a_0012,matched,5,"[0.4288412192270202, 0.05806141530597197, -0.19458495559188416, 0.8802617655003849]","[0.6944529287301913, -0.13369790662312153, 0.1335737877132493, 0.6942751923975038]","[479.45856572929563, 14.81092917056574, 13.000810845360416]",5.210000000000075,100.0,0.0,"[50.0, 92.71776673243558, 92.71776673243556]",20
683,1984373932,settled,Qk1a_0012,matched,5,"[-0.3985619353203301, -0.55517319696044, 0.5342309002269262, -0.4975223113923289]","[-0.5853618256393295, -0.3965285240876954, 0.39674129992575846, -0.5854169485095599]","[479.9197144509223, 14.81568731021531, 13.001099745090224]",5.350000000000121,100.0,0.0,"[50.0, 89.37288395168528, 89.3728839516853]",23
684,2472346160,settled,Qk1a_0006,matched,7,"[0.5216855084416874, 0.1681033179362908, 0.2930575820934824, -0.7833918293920803]","[0.6943344995636991, 0.1339090586155659, 0.1341355739156209, -0.6942446359509359]","[479.4303145374841, 15.19566175642107, 13.00179043013164]",5.110000000000041,100.0,0.0,"[50.0, 92.3014840921319, 92.30148409213191]",20
685,1573955309,settled,Qk1a_0006,matched,7,"[-0.6193383676590124, 0.38429802173753186, 0.5834598968312737, 0.35820324624956834]","[-0.5850765005743566, 0.3968234042228532, 0.3966849635612808, 0.5855405314929414]","[479.3460087390391, 15.190413715995007, 12.99230503162479]",5.1500000000000545,100.0,0.0,"[50.0, 91.32414236416027, 91.32414236416028]",26
686,4284683632,settled,Qk1a_0006,matched,7,"[0.45315710631947115, 0.5277361964398244, 0.2103800227056479, -0.6869376900460198]","[0.3967850123029795, 0.5850222579916963, 0.5854279048465999, -0.39696949491483824]","[479.7775370627701, 15.1994252446015, 12.991816681162577]",5.160000000000058,100.0,0.0,"[50.0, 92.44236078025564, 92.44236078025565]",31
687,1664694624,settled,Qk1a_0008,matched,0,"[-0.17671571791651616, 0.6330224626739569, -0.08908301980255993, 0.7484105373218002]","[-0.0419529368561312, 0.6574776553403114, 0.04744797916384048, 0.7508074141153775]","[479.4994422131979, 11.98508589121595, 11.919707205996682]",5.0900000000000345,100.0,0.0,"[50.0, 87.80311079833918, 87.80311079833919]",19
688,1909553120,settled,Qk1a_0007,matched,1,"[-0.34526094914388883, 0.1559007805280971, -0.11240903271903165, -0.9186152801854336]","[0.04918407694639888, 0.6594525916873637, 0.04391649670484168, -0.7488488146541488]","[479.8804089528477, 11.91880229983822, 11.981405621036169]",5.210000000000075,100.0,0.0,"[50.0, 93.17519988937887, 93.17519988937889]",26
689,2668664694,settled,Qk1a_0010,matched,10,"[0.11631302817836991, -0.7209141450716977, 0.6512811007120145, 0.20636618610341087]","[-0.000551310559976476, -0.7062970659560608, 0.7079153081446029, -0.00025917765816410484]","[479.9835843170327, 14.828475804107924, 12.98223835022629]",5.390000000000135,100.0,0.0,"[50.0, 89.58427304285627, 89.58427304285628]",27
690,931999062,settled,Qk1a_0008,matched,0,"[0.40985524264100454, 0.27226453579317034, 0.8643033037923744, -0.10426169806117322]","[0.6575950825718707, 0.04239744550744079, 0.7506771786173712, -0.04748618214598535]","[479.52576240172027, 11.985742284887811, 11.913450237402634]",4.959999999999991,100.0,0.0,"[50.0, 92.05048733407267, 92.05048733407266]",30
691,2928446550,settled,Qk1a_0009,matched,8,"[0.08829629227230848, -0.08328675959324888, -0.35542274088605197, -0.9267911068350115]","[-0.00023488965277551624, -7.444056660549371e-05, 0.18941304280210405, -0.9818974684262616]","[479.70995512743553, 13.0113562745783, 15.188361951720625]",5.400000000000138,100.0,0.0,"[50.0, 90.67069851173936, 90.67069851173937]",14
692,4062086078,settled,Qk1a_0009,matched,8,"[0.11302998519651891, 0.09536864003104563, 0.8851959380404075, 0.4410863818141144]","[0.00010171472034609108, 2.0407959985230262e-05, 0.560764200320185, 0.8279755436466069]","[479.82814090696985, 13.003911704059876, 15.191127035025538]",5.410000000000141,100.0,0.0,"[50.0, 91.08305493635218, 91.0830549363522]",13
693,3262843349,settled,Qk1a_0007,matched,1,"[0.23701903657768664, -0.4535324717792806, 0.255514247423889, 0.8202699206389107]","[-0.04989287618108855, -0.6596126473723969, -0.04368860093325593, 0.748674269947386]","[479.69983669015147, 11.925470025905852, 11.985392745740883]",5.100000000000038,100.0,0.0,"[50.0, 91.5134561505078, 91.51345615050782]",27
694,1218851074,settled,Qk1a_0007,matched,1,"[-0.6898747204057384, -0.30126227785830795, 0.6219437982928524, -0.2156381734521688]","[-0.6592825449937754, 0.049675491446201536, 0.7489615499755936, 0.043993954974128835]","[479.8014156246307, 11.918819994306157, 11.980281590052318]",4.769999999999928,100.0,0.0,"[50.0, 91.3950034882824, 91.39500348828241]",30
695,651205762,settled,Qk1a_0006,matched,7,"[0.6449485734097136, -0.08182203042582824, -0.6028448695667808, -0.4625197900963603]","[0.5855220589729092, -0.39664008926363115, -0.39652444988636715, -0.5853280436536232]","[479.93158974556366, 15.190051148764134, 12.998308730552417]",5.130000000000048,100.0,0.0,"[50.0, 93.38146630526185, 93.38146630526187]",19
696,4255050540,settled,Qk1a_0012,matched,5,"[-0.25882804226598577, 0.6809913270748578, -0.6838292010292903, 0.040453439967739646]","[0.13378073769827273, 0.694386527530419, -0.6943611578284242, 0.1333890816533449]","[479.98643904445026, 14.804784158915975, 12.995567545153392]",5.240000000000085,100.0,0.0,"[50.0, 90.96331380788403, 90.96331380788405]",28
697,2395249347,settled,Qk1a_0006,matched,7,"[0.6348411229845365, -0.4903602220541158, -0.11445046579517916, -0.5860244807804853]","[0.6943860315168069, 0.13299589438602727, 0.13358266318733067, -0.6944751999939098]","[479.41599106946734, 15.199537327596765, 12.989248470503556]",5.290000000000101,100.0,0.0,"[50.0, 92.28154612681126, 92.28154612681125]",26
698,249202919,settled,Qk1a_0003,matched,6,"[-0.8662809176125051, -0.3880906819206864, 0.23603906961474444, 0.20791477100528136]","[-0.5612422515020531, -0.827651571673411, -5.967008459067946e-05, 8.645761990097589e-05]","[479.96512000210146, 12.991139424213719, 14.808926306244462]",5.7100000000002415,100.0,0.0,"[50.0, 92.49876479708192, 92.49876479708193]",31
699,2371620818,settled,Qk1a_0007,matched,1,"[-0.6854600836334261, -0.5263584251775121, 0.5015678560573432, -0.03899958666378184]","[-0.6597088530906949, 0.04931468996443547, 0.7486397133873678, 0.04348413557553593]","[480.0150844297637, 11.919854859771103, 11.976329522969696]",4.929999999999981,100.0,0.0,"[50.0, 92.57462689536608, 92.5746268953661]",20
700,3603842823,settled,Qk1a_0006,matched,7,"[0.1945135409653445, 0.7046745058258995, 0.4915635600122643, -0.4732479156723422]","[0.39666843823194176, 0.5852344892098389, 0.5854960892044154, -0.39667250002523047]","[479.4676274477733, 15.19876244487809, 12.995198297544679]",5.080000000000031,100.0,0.0,"[50.0, 92.35391205966106, 92.35391205966104]",28
701,2673681171,settled,Qk1a_0007,matched,1,"[0.7797691628533903, 0.1826904425636023, -0.5705104467956182, -0.1819397838734074]","[0.6591692954552643, -0.04959191096664726, -0.7490544440189424, -0.04420319209242569]","[479.322344379178, 11.917878640987785, 11.981491094646863]",4.939999999999984,100.0,0.0,"[50.0, 90.05346950372258, 90.05346950372257]",23
702,4235238339,settled,Qk1a_0006,matched,7,"[-0.7562445711375627, 0.24799993940147816, 0.08222943494976244, 0.5998570652327683]","[-0.6943760563126149, -0.13360180992850687, -0.13365114726665062, 0.6943556866893764]","[480.0185975684358, 15.190267974970618, 12.99810191191447]",5.1800000000000646,100.0,0.0,"[50.0, 91.45108837617344, 91.45108837617346]",30
703,3994960236,settled,Qk1a_0008,matched,0,"[0.5313292307007738, 0.7813692565057293, 0.17265756090654222, 0.278101960173623]","[0.43545394540704496, 0.49444316763316504, 0.5643763342807139, 0.4973782953790649]","[480.032846618357, 11.985873414626685, 11.917224418659574]",5.100000000000038,100.0,0.0,"[50.0, 92.51029633476439, 92.5102963347644]",27
704,3831792919,settled,Qk1a_0008,matched,0,"[0.4401407278908014, -0.15233626782494392, 0.5535394359146462, -0.6904084979519137]","[0.494262348441633, -0.43555784570099504, 0.4974096051793317, -0.5644269471212475]","[479.5712922599109, 11.989157088246673, 11.919789454700656]",4.979999999999998,100.0,0.0,"[50.0, 91.84449126205989, 91.8444912620599]",27
705,2949590194,settled,Qk1a_0008,matched,0,"[0.017602188927888177, 0.8092823677871741, -0.24878508131529067, 0.5318441458253315]","[-0.041556160198006564, 0.6574202154348208, 0.047452952445609875, 0.7508794598278915]","[479.4297268464284, 11.991622353733069, 11.91874516798834]",5.160000000000058,100.0,0.0,"[50.0, 90.0682215397298, 90.06822153972982]",22
706,1922957456,settled,Qk1a_0009,matched,8,"[-0.17983493385574306, 0.16984593387623137, -0.8817110177146157, -0.40174299813620656]","[-0.00022361990001429358, 0.00023204878560917355, -0.5606700907853802, -0.828039217335879]","[479.97389009846995, 12.994786550426566, 15.18912642405141]",5.360000000000125,100.0,0.0,"[50.0, 92.12928234902459, 92.1292823490246]",26
707,2467004035,settled,Qk1a_0007,matched,1,"[-0.8510412091524794, -0.15061605794523547, 0.48797472711500356, 0.12216517142934463]","[-0.6595297128632921, 0.04933453927744447, 0.7487663852322922, 0.043995015978089635]","[479.9722009845866, 11.920628178388458, 11.97633701051453]",4.899999999999971,100.0,0.0,"[50.0, 91.51174892104443, 91.51174892104444]",29
708,3895465590,settled,Qk1a_0009,matched,8,"[-0.008865959929603692, 0.08725246230030541, 0.920553074823044, -0.3806447674813083]","[-0.00018723916063971557, 0.00017194030411160632, 0.982024730328845, 0.188752124228015]","[479.2688706042843, 13.00317216327707, 15.191107018725647]",5.300000000000105,100.0,0.0,"[50.0, 89.84351180401612, 89.84351180401613]",29
709,3817935553,unsettled,,not_evaluated,,"[-0.9489519390650242, 0.22293354094083298, -0.12955939050887, 0.1816733827484993]","[-0.6570203543184914, 0.7528213996255442, 0.026252843919381208, 0.029916257506336447]","[479.9438025718267, 12.46025630677466, 15.560566917204456]",5.330000000000115,100.0,0.0,"[50.0, 91.71896220341496, 91.71896220341497]",12
710,2350393894,settled,Qk1a_0008,matched,0,"[0.6082563107633402, 0.02796229408013884, 0.7339208530504554, 0.30100257803553526]","[0.6573851787407745, 0.04163371306156652, 0.7508912452266219, -0.047683315223257916]","[480.047136908813, 11.988187303559359, 11.921765022653677]",5.010000000000008,100.0,0.0,"[50.0, 90.4560353704781, 90.45603537047812]",23
711,507274054,settled,Qk1a_0006,matched,7,"[-0.5283622470933963, 0.487647568656346, 0.636099650849066, 0.28001860441704135]","[-0.5854112961234568, 0.3966373630900535, 0.39662781183940965, 0.5853706479210463]","[479.77656617107004, 15.186077231210165, 12.989941255146372]",5.1500000000000545,100.0,0.0,"[50.0, 91.89704524620772, 91.89704524620774]",39
712,2418103130,settled,Qk1a_0008,matched,0,"[0.5388957797689139, 0.08448260675867462, 0.7139924401755003, -0.438940568955238]","[0.6574510062905987, 0.04173244464862297, 0.7508401431521807, -0.0474937556142038]","[480.0080807123949, 11.995978413184886, 11.918843467348871]",5.1200000000000445,100.0,0.0,"[50.0, 93.0916733624466, 93.09167336244661]",23
713,3567153921,settled,Qk1a_0007,matched,1,"[0.1988727524070747, -0.4381407272501607, -0.2546711136222361, 0.8388235543671534]","[0.4314508959192516, -0.5013556406329552, -0.5603019076325213, 0.4985523225493508]","[479.69185515963545, 11.919307943288656, 11.976301630080114]",4.990000000000001,100.0,0.0,"[50.0, 92.77356745343988, 92.77356745343987]",29
714,4274748223,settled,Qk1a_0004,matched,9,"[0.9013150862583911, -0.41985594111574515, -0.10060076260099281, -0.0350940245189892]","[0.9819426824557139, -0.18917862941974845, -8.839554128106665e-05, -8.20290847325378e-05]","[479.6642346092758, 13.008761070587806, 14.80553769263009]",5.1500000000000545,100.0,0.0,"[50.0, 89.50314385944196, 89.50314385944195]",20
715,1338308663,settled,Qk1a_0009,matched,8,"[-0.2512912006807127, 0.11445045012758237, 0.3013030382493696, -0.9126720692930941]","[9.27294539404544e-07, -0.00013361195282224347, 0.82771992766391, -0.5611414291380007]","[479.9111899167108, 12.996634478858894, 15.192203114171882]",5.240000000000085,100.0,0.0,"[50.0, 91.47827779714301, 91.478277797143]",26
716,1277006266,settled,Qk1a_0007,matched,1,"[0.32865400942607437, 0.5957578798403752, -0.6876782647442755, -0.25329369296247584]","[0.5017584436581122, 0.43102768769230576, -0.49858041039049233, -0.5602420646785294]","[479.72524082057566, 11.926078253100565, 11.985754015769597]",4.949999999999988,100.0,0.0,"[50.0, 91.39684315049011, 91.3968431504901]",28
717,3440375285,settled,Qk1a_0008,matched,0,"[0.8875611663635753, 0.23820790771944308, 0.3862538725813326, 0.07937326110963647]","[0.6572394264825351, 0.04163950869600997, 0.7510250979160955, -0.047579301093886174]","[479.9468514101028, 11.982931820463007, 11.919153782060818]",5.1200000000000445,100.0,0.0,"[50.0, 92.64136909213245, 92.64136909213244]",22
718,2778763133,settled,Qk1a_0005,unmatched,,"[0.8756319323738309, 0.23263808462416577, -0.40106778977893365, 0.13525113157201868]","[0.899105099000969, -0.02942836659765677, -0.432709572016507, -0.059215018999769164]","[480.01182094070754, 11.920446815751498, 17.78969024496031]",5.140000000000051,100.0,0.0,"[50.0, 90.55797518171852, 90.55797518171853]",25
719,763136023,settled,Qk1a_0012,matched,5,"[0.25131930339948066, -0.2951017507363295, 0.6878492538765465, 0.6136912647191838]","[0.3962540903057348, -0.5859299924119191, 0.5854470323210827, 0.39613193793808166]","[479.95500267344767, 14.815242416721853, 12.999481664805113]",5.320000000000111,100.0,0.0,"[50.0, 91.39180270570112, 91.39180270570114]",17
720,3763933021,settled,Qk1a_0009,matched,8,"[-0.04623430397558888, -0.06701270344375135, 0.7888818316337297, 0.6091281822664787]","[-3.082873465459768e-05, 6.347205185552873e-06, 0.5605808286685457, 0.828099712316451]","[480.0479438869427, 12.999856337134217, 15.193117309969551]",5.370000000000128,100.0,0.0,"[50.0, 89.40837250783812, 89.40837250783811]",26
721,3455780355,settled,Qk1a_0008,matched,0,"[-0.8840207684311262, -0.0872379833482472, -0.3272251922323647, 0.32221186944658625]","[-0.6573925858585369, -0.04181925697148989, -0.7508861331672632, 0.04749897705944783]","[480.0015738364336, 11.990020328461087, 11.913137612228207]",5.250000000000088,100.0,0.0,"[50.0, 92.74655292883216, 92.74655292883217]",32
722,1499718306,settled,Qk1a_0012,matched,5,"[0.3612539443898203, 0.6684707255139583, -0.19887294746240802, 0.6189442846987546]","[0.5854429042407043, 0.39673873498426004, -0.3963848684103574, 0.5854348965791177]","[479.8698095620361, 14.805472641062323, 12.999028822546238]",5.440000000000151,100.0,0.0,"[50.0, 92.23698061947974, 92.23698061947975]",17
723,79361427,settled,Qk1a_0010,matched,10,"[0.7460182460433417, 0.4331332622393408, -0.16442246222556398, 0.47834883466776185]","[0.7070002306244829, -6.818064206514877e-05, -7.985302820076919e-05, 0.70721330790068]","[479.3426146360325, 14.822703769428712, 12.988885244900448]",5.510000000000175,100.0,0.0,"[50.0, 92.25136614820964, 92.25136614820963]",26
724,849183527,settled,Qk1a_0008,matched,0,"[-0.597965345494862, 0.4341566937715529, -0.3987457477691585, 0.5430904523894513]","[-0.4942680535058511, 0.43530643340000064, -0.4973422109537524, 0.5646752389894046]","[479.36988702363993, 11.988966255614852, 11.915429180333879]",5.070000000000028,100.0,0.0,"[50.0, 87.17224836894161, 87.17224836894164]",32
725,833658135,settled,Qk1a_0007,matched,1,"[-0.22322301575031606, -0.6254522972279739, -0.046491102783879086, 0.7462033814540932]","[-0.04969379532253432, -0.659510446521151, -0.04406496961941858, 0.7487554848469252]","[479.2560018504536, 11.923659206072836, 11.984404872067534]",4.990000000000001,100.0,0.0,"[50.0, 89.7137585711579, 89.71375857115791]",45
726,2766943526,settled,Qk1a_0007,matched,1,"[-0.5008796812345071, -0.2940481208795292, 0.7384220044987085, 0.3426196007319862]","[-0.5016174239095117, -0.431454690003745, 0.498392925681375, 0.5602064816966306]","[479.6146644730243, 11.919884283311346, 11.975512295759644]",5.040000000000018,100.0,0.0,"[50.0, 90.80980316148145, 90.80980316148147]",39
727,2503276600,settled,Qk1a_0009,matched,8,"[-0.12838043991948922, -0.15768557088960727, 0.9650166796619405, 0.16551897581105576]","[-0.00038309512636412746, -0.00033539185844094765, 0.9818878952426497, 0.18946213850367213]","[479.7136431222372, 13.021331561078501, 15.190198815469692]",5.210000000000075,100.0,0.0,"[50.0, 92.07021434088689, 92.0702143408869]",24
728,274262062,settled,Qk1a_0008,matched,0,"[-0.2888088733633255, 0.9067311338231195, 0.2402429853663154, 0.19160217536533122]","[-0.04174574954455193, 0.6572927099156043, 0.04744799160634364, 0.7509808745762367]","[479.8919091795079, 11.987993390746855, 11.916679529212166]",5.300000000000105,100.0,0.0,"[50.0, 92.83471847156743, 92.83471847156744]",20
729,3693717378,settled,Qk1a_0006,matched,7,"[-0.4080947709038988, -0.4131066308879288, -0.5424541860804435, 0.6070790932663737]","[-0.396357610278724, -0.5851835848630597, -0.5856195744495799, 0.39687596400191655]","[479.92510239425314, 15.1983180160026, 12.988498596617823]",5.1200000000000445,100.0,0.0,"[50.0, 91.04517432607926, 91.04517432607928]",30
730,244256465,settled,Qk1a_0007,matched,1,"[-0.41965871946026745, 0.6803774779211695, 0.017196036946970892, -0.6005641872705326]","[0.04950464691515625, 0.6595405894459535, 0.04381601522361881, -0.7487560735092662]","[479.9317491264612, 11.922924252811852, 11.98444931650038]",4.849999999999954,100.0,0.0,"[50.0, 92.21743399368651, 92.21743399368653]",31
731,476182520,settled,Qk1a_0007,matched,1,"[0.1036601992641189, -0.6668421953979564, -0.4595244020197611, 0.5774195818239437]","[0.43138740235359996, -0.5011159819993534, -0.5607607941881555, 0.4983322319265593]","[479.30525833294024, 11.920720097399307, 11.967571566573577]",5.0300000000000145,100.0,0.0,"[50.0, 92.45352137841438, 92.45352137841437]",28
732,299505894,settled,Qk1a_0001,matched,11,"[0.579202363364909, 0.6811474595430645, 0.10658459271012398, -0.43497412018113246]","[0.707930262030331, 0.706282253066745, 0.00022448363261257104, -0.00026965112261095886]","[479.93559114869305, 12.991842654360928, 14.81590545581389]",5.510000000000175,100.0,0.0,"[50.0, 92.59768456957232, 92.59768456957231]",34
733,927647419,settled,Qk1a_0009,matched,8,"[0.00617218359995602, 0.30738817925260187, -0.906291643473959, 0.29001701393995705]","[0.00019763813502331198, -3.475022280918783e-05, -0.9819640542190566, -0.18906759625399383]","[480.09778032100667, 13.001312338311145, 15.190615573300015]",5.1800000000000646,100.0,0.0,"[50.0, 92.6613417427486, 92.66134174274862]",21
734,2054887602,settled,Qk1a_0007,matched,1,"[0.3733597105779809, 0.05758875730829268, -0.4407491559025929, 0.8142642342139097]","[0.4313226760396646, -0.5013687103129568, -0.5604628410456698, 0.49846922599105475]","[479.4494407115281, 11.926526283910754, 11.985095001362602]",4.969999999999994,100.0,0.0,"[50.0, 93.36781394446197, 93.36781394446199]",23
735,2921836587,settled,Qk1a_0003,matched,6,"[0.2754056786538453, -0.9404034533507056, -0.09401578724089038, 0.1759377413767654]","[0.8274650894354286, -0.5615171624825503, 4.4679370598016403e-05, 2.630005702053406e-06]","[479.57570226596425, 12.992760067543855, 14.804362356060995]",5.750000000000255,100.0,0.0,"[50.0, 91.86906502887649, 91.8690650288765]",34
736,4082104990,settled,Qk1a_0009,matched,8,"[-0.365030319869446, -0.1893794515799419, -0.17774880524233333, -0.8940322427799869]","[-0.00017036117136404186, -0.00016588635664686882, 0.1890467699061545, -0.9819680556142535]","[479.72429651498675, 13.000023120892422, 15.185954996846931]",5.440000000000151,100.0,0.0,"[50.0, 92.64313384690554, 92.64313384690553]",23
737,2103653974,settled,Qk1a_0001,matched,11,"[0.935028749816513, 0.3245948714742076, 0.13098927296552268, -0.056579296541891304]","[0.99999840229494, -0.0011636571954102934, -0.0002068188227992162, -0.0013410948786566903]","[479.9421476697449, 12.989977477780064, 14.8262123880531]",5.310000000000108,100.0,0.0,"[50.0, 89.94066527352251, 89.94066527352253]",20
738,4054721125,settled,Qk1a_0008,matched,0,"[0.3314452681763487, -0.23353500978133768, 0.6073874692324064, -0.6831441250785895]","[0.4945775779933724, -0.43538221802654403, 0.4973306961607913, -0.5643558471644636]","[480.1381490292542, 11.993734425017905, 11.921675668260608]",5.020000000000011,100.0,0.0,"[50.0, 91.10842767886548, 91.1084276788655]",30
739,548968393,settled,Qk1a_0008,matched,0,"[0.1739833845668215, -0.4541327469372948, 0.8058144553671144, -0.33787023185723425]","[0.49456785039845785, -0.4351520303080932, 0.4971194743418821, -0.5647278814624295]","[479.95558876714244, 11.979344725268012, 11.909699443371066]",5.100000000000038,100.0,0.0,"[50.0, 92.4254427761222, 92.42544277612218]",19
740,1564990497,settled,Qk1a_0012,matched,5,"[0.11176623498886057, 0.43491256596679395, -0.5962539075390001, 0.6654627310564188]","[0.5851393767382308, 0.3964108944056442, -0.3967457640492258, 0.5857158964002156]","[480.0714360948615, 14.80674931970403, 12.990284205377394]",5.390000000000135,100.0,0.0,"[50.0, 92.59582126862657, 92.59582126862655]",38
741,666536387,settled,Qk1a_0004,matched,9,"[0.8328379747296384, 0.5225458757364239, -0.11627756712454848, -0.1407346545193621]","[0.827997016216734, 0.5607324632330029, 0.00019060322947533903, 9.738194691627511e-05]","[479.54984897331565, 13.000174064076917, 14.799200996592493]",5.460000000000158,100.0,0.0,"[50.0, 90.55742894827239, 90.5574289482724]",17
742,2535867986,settled,Qk1a_0009,matched,8,"[0.055606694092448415, 0.02990174770564514, 0.11232118714017658, 0.9916641225615043]","[0.0001307108463167728, 7.689579995172337e-05, -0.18881652069079782, 0.9820123718751879]","[479.85446538490226, 12.995883277057255, 15.188627398027217]",5.330000000000115,100.0,0.0,"[50.0, 89.4193438115064, 89.41934381150641]",14
743,4190058861,settled,Qk1a_0001,matched,11,"[0.6389330524725584, 0.6994797245503248, 0.04674223784673845, -0.3167141180973458]","[0.7079902948248951, 0.7062221549591562, 1.6259704160109804e-05, -0.00010007110469734128]","[479.90721579398377, 13.01107320235723, 14.810833927235542]",5.460000000000158,100.0,0.0,"[50.0, 92.90484719719731, 92.9048471971973]",23
744,4145498066,settled,Qk1a_0008,matched,0,"[0.5331427153280388, -0.13489619692221552, 0.6897760063632064, -0.4709256015489013]","[0.4940058373555152, -0.4356675577751574, 0.4975106661561145, -0.5644777664548051]","[479.47681532778864, 11.978975374119223, 11.917198474925405]",5.020000000000011,100.0,0.0,"[50.0, 91.68007788570318, 91.68007788570317]",23
745,439097313,settled,Qk1a_0003,matched,6,"[-0.31229783943541295, -0.9478655253499281, -0.04306678203388648, -0.04654307276409306]","[-0.5617466279438911, -0.8273092810544348, -3.1783794286976974e-05, -0.00028011542666581124]","[479.6130574147421, 12.991502666896293, 14.806186340731054]",5.410000000000141,100.0,0.0,"[50.0, 89.12045250846901, 89.120452508469]",28
746,848878887,unsettled,,not_evaluated,,"[-0.7330445846747963, 0.6200137340102204, -0.2603398618609048, -0.10223386348908145]","[-0.6411037375864866, 0.7667466024104574, 0.02118008997961257, 0.02523983227188631]","[479.37068503654064, 12.612087733351276, 15.433449651457952]",5.310000000000108,100.0,0.0,"[50.0, 92.01617655870739, 92.0161765587074]",30
747,3282409243,settled,Qk1a_0006,matched,7,"[-0.36484502967256854, -0.38112029136195696, -0.4876938161083083, 0.695550263866757]","[-0.39611108484294444, -0.5858519973572991, -0.5856917525353952, 0.39602855537072884]","[479.429148267648, 15.190618610913422, 12.9971673639375]",5.080000000000031,100.0,0.0,"[50.0, 92.65247035858121, 92.65247035858123]",31
748,1021812353,settled,Qk1a_0009,matched,8,"[-0.02751463814164228, 0.23808994494372776, -0.5888537692642116, 0.7718855881722095]","[-0.00013536843354144956, -0.00023431669029649882, -0.8279356049906735, 0.5608231100443378]","[479.81572818689835, 12.996453767750664, 15.190842584482796]",5.440000000000151,100.0,0.0,"[50.0, 92.73724729511017, 92.73724729511018]",27
749,3025522320,settled,Qk1a_0008,matched,0,"[-0.006779130001992734, 0.8094588839319384, 0.39735742244128586, 0.432246963495285]","[-0.04153202613563434, 0.6574773753304617, 0.047326214902940894, 0.7508387450821894]","[479.95716301379366, 11.989225628355252, 11.918903814950154]",5.260000000000091,100.0,0.0,"[50.0, 92.73890961364327, 92.73890961364329]",31
750,2691185665,settled,Qk1a_0008,matched,0,"[-0.347779535447512, -0.7595016959896297, 0.11884014838012455, -0.5367341871408777]","[0.042019463942725016, -0.6572723569620813, -0.047422130578169935, -0.7509850564125118]","[480.0598337925513, 11.9901311634481, 11.920987185328837]",5.240000000000085,100.0,0.0,"[50.0, 92.21788820454046, 92.21788820454044]",27
751,1229380122,settled,Qk1a_0008,matched,0,"[0.48619715748621767, -0.6641977522402341, 0.06255628408896385, -0.564393817553243]","[0.49426023327394875, -0.4354329471283399, 0.4973384668656478, -0.5645878317275685]","[479.59202038826504, 11.985834761587919, 11.918465818940515]",5.230000000000081,100.0,0.0,"[50.0, 92.14435129692363, 92.14435129692365]",12
752,2395213454,settled,Qk1a_0008,matched,0,"[-0.44933477067353494, 0.12225715102068627, -0.8501988666400425, -0.24558774409985212]","[-0.6576029146656306, -0.041867341172491614, -0.750691056554688, 0.047628457619577604]","[479.83008834977926, 11.9911981978164, 11.920764502938633]",5.080000000000031,100.0,0.0,"[50.0, 90.62945369642831, 90.62945369642833]",27
753,3006291426,settled,Qk1a_0007,matched,1,"[-0.8032647886071603, -0.10041121216468736, 0.5539172969708682, -0.1945736260956228]","[-0.6595163535288976, 0.04954815731249563, 0.7487780673944554, 0.043755746181580686]","[479.3745953322844, 11.924783401086428, 11.979326286736894]",4.879999999999964,100.0,0.0,"[50.0, 89.68828546471192, 89.68828546471194]",34
754,2038363769,settled,Qk1a_0008,matched,0,"[-0.5612002152789947, 0.020352301138744127, -0.7190324086645994, -0.409429478053489]","[-0.657270424336552, -0.041503840918588, -0.7510130983510771, 0.04745889365091474]","[479.62247214379187, 11.983323442605021, 11.918471490209845]",5.1200000000000445,100.0,0.0,"[50.0, 92.247685361103, 92.24768536110301]",24
755,3549726088,settled,Qk1a_0009,matched,8,"[0.3251935600628316, -0.17496902770656705, 0.7483285312602824, 0.5510348420371516]","[0.0002685328951745891, 6.174978943418452e-05, 0.5601627587689196, 0.828382525024183]","[479.39823188486, 12.996995503082056, 15.193189216972979]",5.420000000000145,100.0,0.0,"[50.0, 92.31970415138694, 92.31970415138693]",34
756,1415504078,settled,Qk1a_0008,matched,0,"[0.026030222451953543, 0.644775665048881, -0.1990092891583883, 0.7375514030279845]","[-0.041702074344478895, 0.6575894138414456, 0.04731838721236575, 0.7507316897738181]","[479.41168601333794, 11.993461712650777, 11.922348353041762]",5.020000000000011,100.0,0.0,"[50.0, 88.87386949121607, 88.87386949121608]",28
757,1167033059,settled,Qk1a_0009,matched,8,"[-0.14038596652816046, 0.22510227837965416, 0.9577570236566346, -0.11100553277484694]","[3.2830046721096795e-05, -0.00016627769801563774, 0.981946148521111, 0.18916060022761544]","[479.9617815262596, 12.999071409383186, 15.188910812775438]",5.200000000000071,100.0,0.0,"[50.0, 92.57683965892416, 92.57683965892417]",23
758,57751237,settled,Qk1a_0007,matched,1,"[-0.24977854227901278, 0.18879418204542422, 0.9462315214486297, 0.08132247204667463]","[-0.6594839325952391, 0.04977152727515275, 0.7487865825214602, 0.043845085896251]","[479.32291269634584, 11.92620834923198, 11.980434083293346]",5.160000000000058,100.0,0.0,"[50.0, 93.12438272099938, 93.12438272099939]",25
759,1367057463,settled,Qk1a_0008,matched,0,"[-0.2682954155863644, 0.4446128882782166, -0.4818836406653182, 0.7057797860603408]","[-0.4943301762348065, 0.43547098986212424, -0.4971578839450725, 0.5646562957086592]","[479.905736664176, 11.986760014613571, 11.917269676906546]",5.080000000000031,100.0,0.0,"[50.0, 91.47147230125941, 91.47147230125942]",23
760,3460723404,settled,Qk1a_0012,matched,5,"[0.7525328538070888, 0.08332020185243715, -0.2968881536312691, 0.5819016000473309]","[0.694418264948998, -0.13356043381903954, 0.13388171011673303, 0.6942770135324318]","[479.376699288677, 14.820230442009624, 12.999034142971345]",5.190000000000068,100.0,0.0,"[50.0, 91.7026265669955, 91.70262656699549]",20
761,490291057,settled,Qk1a_0001,matched,11,"[0.6050671852203282, -0.723040663150318, -0.30768659951572824, -0.12819850732027002]","[0.7064476929346659, -0.707765238254104, -6.324607245838942e-05, -0.00014375789978923748]","[479.55320829768027, 12.990813191929558, 14.813773828460192]",5.510000000000175,100.0,0.0,"[50.0, 92.70376855467539, 92.7037685546754]",25
762,2736550147,settled,Qk1a_0007,matched,1,"[-0.12290483584257283, 0.9147122688500888, 0.06678560268850425, -0.37912471538422043]","[0.049520661243344824, 0.6595925819957364, 0.043683586302599935, -0.7487169519744847]","[479.61764060911486, 11.9206658915896, 11.98758893416986]",4.879999999999964,100.0,0.0,"[50.0, 92.05533556966421, 92.05533556966422]",30
763,3645682007,settled,Qk1a_0008,matched,0,"[0.08237622614656674, 0.7623107531555448, 0.47199339798971696, 0.43510769384532433]","[-0.04133327550313598, 0.6573938908595381, 0.04749712189725919, 0.7509120161564978]","[479.70991991281164, 11.983626431580085, 11.919630337028755]",5.230000000000081,100.0,0.0,"[50.0, 93.32573392619598, 93.325733926196]",31
764,4011650803,settled,Qk1a_0007,matched,1,"[-0.11238713257916548, 0.5943727968817791, -0.13889353961568968, -0.7840909994449555]","[0.04944676402454978, 0.6596140073410938, 0.0440860746033683, -0.7486793685370197]","[479.7199605400292, 11.9155904986416, 11.972907091557886]",5.000000000000004,100.0,0.0,"[50.0, 89.10579157618189, 89.10579157618187]",36
765,4175174794,settled,Qk1a_0008,matched,0,"[0.6283567845402819, -0.3838002345637537, -0.49353374713503045, -0.46291421636180186]","[0.04143826963901012, -0.6576294686633112, -0.04753048280941788, -0.7506978120114907]","[479.9674164301446, 11.989744249267474, 11.91712603977405]",5.140000000000051,100.0,0.0,"[50.0, 90.32569693263721, 90.32569693263723]",28
766,1362896629,settled,Qk1a_0012,matched,5,"[-0.1369099586496964, 0.8359536484781134, -0.4124440525900376, -0.3351523001588615]","[-0.3970601797454873, 0.5848640494507037, -0.5856911542159432, -0.3965389378028376]","[479.6393809435028, 14.811820642955608, 13.000267866950077]",5.250000000000088,100.0,0.0,"[50.0, 91.86494661764903, 91.86494661764901]",28
767,1392627679,settled,Qk1a_0006,matched,7,"[-0.5442430083840383, -0.06998565228722617, -0.49363300479666244, 0.674705871379849]","[-0.694178397942353, -0.13436246662961038, -0.13453430939070948, 0.6942359822050136]","[479.6972486619828, 15.202857186224165, 13.007825813251872]",5.0900000000000345,100.0,0.0,"[50.0, 91.72460360556404, 91.72460360556406]",31
768,2030435075,settled,Qk1a_0009,matched,8,"[-0.15391770369278407, 0.2984445877709614, -0.9416051474307936, 0.02489808932417896]","[-4.4151392919522525e-05, 4.9560268248149963e-05, -0.9819340707718778, -0.1892233501759314]","[479.80628258140445, 13.000091873314306, 15.190440247198596]",5.240000000000085,100.0,0.0,"[50.0, 92.92324649620106, 92.92324649620107]",23
769,1969071229,settled,Qk1a_0008,matched,0,"[-0.292157474405667, 0.7386316240005625, -0.37135322396325127, 0.480795296594396]","[-0.4943529712941641, 0.43543110171632055, -0.4971749417777377, 0.5646520811075135]","[480.0186958585148, 11.985227887014156, 11.917724475366597]",5.190000000000068,100.0,0.0,"[50.0, 90.09580071185681, 90.0958007118568]",26
770,3971321240,settled,Qk1a_0007,matched,1,"[0.16134477163431363, -0.59713412711119, -0.14540785866209355, 0.7721756623623495]","[-0.04984495407456663, -0.6594785002987383, -0.044098065277132864, 0.7487716266231282]","[479.32657181487, 11.921720324343598, 11.98204655148379]",4.949999999999988,100.0,0.0,"[50.0, 89.258551712225, 89.25855171222499]",35
771,1847143231,settled,Qk1a_0008,matched,0,"[0.37247343903267255, -0.17212231899601646, 0.8927953174030391, -0.1858869703390051]","[0.6575107799419253, 0.04139553868420373, 0.7508051350927293, -0.047514553092651346]","[479.88590170283095, 11.9899561391234, 11.915840015523429]",5.070000000000028,100.0,0.0,"[50.0, 93.25599632077655, 93.25599632077656]",32
772,4250210521,settled,Qk1a_0007,matched,1,"[0.7179714736657065, -0.32018305942895253, -0.20166750117733687, 0.5842345337498447]","[0.43134743282581633, -0.5014848795646746, -0.560557282635345, 0.4982246889176207]","[480.0627299352014, 11.921060854667271, 11.981870957180718]",4.849999999999954,100.0,0.0,"[50.0, 91.29859637708829, 91.2985963770883]",32
773,1265008604,settled,Qk1a_0012,matched,5,"[0.1588790074721968, 0.4462089044889321, -0.7306042503802944, 0.49180535160333994]","[0.5851919369815173, 0.3965784615583778, -0.3967527003876056, 0.5855452292137244]","[479.94330203636304, 14.821190563427155, 12.995091702022316]",5.470000000000161,100.0,0.0,"[50.0, 92.75377106312096, 92.75377106312098]",18
774,2561878822,settled,Qk1a_0011,matched,4,"[-0.8844363438236836, 0.2271251635155647, 0.06609453688063316, -0.4022661134328336]","[-0.6942546513989805, -0.13243802848929578, 0.132442487285394, -0.6949313888308738]","[479.6114986420436, 14.810833856798617, 12.988852298867661]",5.230000000000081,100.0,0.0,"[50.0, 93.08432935441658, 93.08432935441657]",21
775,2593056862,settled,Qk1a_0001,matched,11,"[-0.6440080616705269, 0.6801245432667002, 0.34981776085047156, 0.017656623210441386]","[-0.7061149458970404, 0.7080969368294798, 0.00046156773841438126, 0.000445183951189837]","[479.3139271289322, 12.996807990216851, 14.8174534251699]",5.470000000000161,100.0,0.0,"[50.0, 93.1624117142684, 93.16241171426839]",26
776,2876057514,settled,Qk1a_0007,matched,1,"[0.5828207064822837, 0.0588372724123627, -0.6350018125597128, -0.5036178089746675]","[0.6597519894498306, -0.049945320865070086, -0.7485584875753902, -0.04350825231516672]","[479.3389492090818, 11.926365452042754, 11.98524614880429]",5.040000000000018,100.0,0.0,"[50.0, 92.43349813513942, 92.4334981351394]",27
777,3157771195,settled,Qk1a_0007,matched,1,"[0.5983360677836528, 0.10378296890113489, -0.7104906983150071, -0.3555643583981888]","[0.659551694653994, -0.04994178519953946, -0.7487208057736368, -0.04375540163001762]","[479.2466805588775, 11.925781798392535, 11.982201364256161]",4.929999999999981,100.0,0.0,"[50.0, 90.48476114643373, 90.48476114643371]",34
778,2345037609,settled,Qk1a_0006,matched,7,"[0.6604384413014063, 0.10747290077092331, 0.443880841915452, -0.596020502190723]","[0.3968552648509746, 0.5851698248351499, 0.5854717226117788, -0.3966169901611117]","[479.92575831198207, 15.195204253973289, 12.99323036456044]",5.230000000000081,100.0,0.0,"[50.0, 92.65584938189104, 92.65584938189106]",24
779,184414698,settled,Qk1a_0003,matched,6,"[-0.35632809196677084, -0.93177754920896, -0.06878720385769516, 0.00944511783434199]","[-0.5613383061839805, -0.8275863873275111, 7.264011299751294e-05, 0.0002687826495806622]","[479.8893287564277, 12.99839413918092, 14.797756817797694]",5.420000000000145,100.0,0.0,"[50.0, 89.25709537389939, 89.2570953738994]",24
780,1322610371,settled,Qk1a_0012,matched,5,"[-0.3915866921210055, -0.4167497704200111, 0.43307521759641576, -0.6967247285064698]","[-0.5856447438298913, -0.3961996857985788, 0.39624955125369665, -0.5856896243991117]","[479.64006939859973, 14.81117222550542, 13.002141802161251]",5.340000000000118,100.0,0.0,"[50.0, 92.08924818000756, 92.08924818000754]",28
781,2871559337,settled,Qk1a_0012,matched,5,"[-0.0016060938878102355, -0.8499218234626733, 0.5204304719878642, 0.0823555601692851]","[-0.13374397656861464, -0.6942087793059428, 0.6944869910227336, -0.13369569464405384]","[479.75954729689533, 14.807308008402094, 13.001310259730209]",5.210000000000075,100.0,0.0,"[50.0, 91.27450724392928, 91.27450724392929]",23
782,3834652190,settled,Qk1a_0006,matched,7,"[-0.38796054467225627, -0.5034752546116924, -0.5498540153702292, 0.5419039080432375]","[-0.3966583361418235, -0.5852457890878356, -0.5854010723929072, 0.3968061430539997]","[479.76382233993775, 15.195107172047429, 12.992332868348985]",5.0900000000000345,100.0,0.0,"[50.0, 90.5053264901757, 90.50532649017569]",14
783,3919222154,settled,Qk1a_0007,matched,1,"[-0.30245125319755284, -0.7544306213363382, -0.28171015049334985, 0.5098990764242572]","[-0.04947543089885387, -0.6595786472741066, -0.043555333596366874, 0.7487396895535469]","[479.2542802136178, 11.912601752758118, 11.980183101696262]",4.909999999999974,100.0,0.0,"[50.0, 92.12768372177857, 92.12768372177858]",30
784,2928265615,settled,Qk1a_0007,matched,1,"[-0.16044831560608788, -0.841189383199689, 0.29634351733816594, 0.4228915692502515]","[-0.04976617812021694, -0.6595548019654857, -0.04354292315127983, 0.7487421482479918]","[480.0496240961209, 11.917859501751506, 11.986489140167263]",4.869999999999961,100.0,0.0,"[50.0, 92.12789988370899, 92.127899883709]",34
785,1004255327,settled,Qk1a_0001,matched,11,"[-0.7918552891140278, -0.48308124432092175, -0.12326100465448263, 0.3527101320051027]","[-0.7072973295902119, -0.7069161698779725, -9.376949142719805e-05, -8.675768318358591e-05]","[479.9434153309936, 12.998039260200526, 14.805856835225704]",5.500000000000171,100.0,0.0,"[50.0, 93.13948930461731, 93.13948930461733]",18
786,4151959314,settled,Qk1a_0008,matched,0,"[0.32961659258017734, -0.44109631094848434, 0.13135878999472297, -0.8243371971800095]","[0.04192875745324068, -0.65723602685486, -0.04733585714381841, -0.7510273636365888]","[479.7331244424152, 11.981746091969647, 11.916846061917433]",5.040000000000018,100.0,0.0,"[50.0, 91.76128837393928, 91.7612883739393]",25
787,3643437407,settled,Qk1a_0007,matched,1,"[-0.3679797931408954, 0.033329154626742165, 0.5756948008932865, 0.729421370345214]","[-0.5009313185997277, -0.43188128214649835, 0.49841053797369905, 0.5604759654206438]","[480.0462747670907, 11.91658373888473, 11.9744896615516]",5.210000000000075,100.0,0.0,"[50.0, 93.46197194255802, 93.46197194255801]",40
788,193074623,settled,Qk1a_0007,matched,1,"[0.333473225592462, 0.8262963374305321, -0.44231445523318763, -0.10192101477916964]","[0.501108331041856, 0.4315848485936288, -0.4985608686688303, -0.5604123653677189]","[479.4439259428991, 11.911952291041187, 11.980501514789081]",4.789999999999934,100.0,0.0,"[50.0, 92.80413600976935, 92.80413600976937]",35
789,1840744130,settled,Qk1a_0001,matched,11,"[-0.003013295977485854, -0.9164638387372006, -0.385878694127883, -0.10574774585108596]","[-0.0009973464842239516, -0.9999994331136077, -0.00036187660849901215, -9.009869081541148e-05]","[479.4838378765414, 13.00881768177025, 14.817889718335293]",5.300000000000105,100.0,0.0,"[50.0, 91.77214137042907, 91.77214137042905]",19
790,929367818,settled,Qk1a_0008,matched,0,"[0.07689805139311431, 0.6194549874432171, -0.12913616986127133, 0.7705102581129122]","[-0.0420167747483452, 0.6572505363645681, 0.04750754873370755, 0.750998905393043]","[480.04322754887136, 11.981882645825722, 11.919054234282122]",5.050000000000021,100.0,0.0,"[50.0, 88.59781845697239, 88.5978184569724]",35
791,911894422,settled,Qk1a_0007,matched,1,"[-0.6982777647420497, -0.11412682446000724, 0.6869509496557707, 0.16577582445144326]","[-0.6595549546438034, 0.049444730067052384, 0.7487499858179517, 0.04377144287116863]","[479.3993183647697, 11.92203331370376, 11.978034950151644]",4.949999999999988,100.0,0.0,"[50.0, 86.9070463487674, 86.90704634876741]",30
792,2813630436,settled,Qk1a_0008,matched,0,"[0.34525116620660357, 0.291654603545629, 0.2899276643120054, 0.8436119806701463]","[0.43530560616663827, 0.49463283915902956, 0.5645293125391708, 0.4971458930227871]","[479.505824894916, 11.982566383885253, 11.916519992797822]",5.200000000000071,100.0,0.0,"[50.0, 92.131432859693, 92.13143285969302]",32
793,3258326862,settled,Qk1a_0010,matched,10,"[0.15155241457782917, 0.463115550262533, -0.8698966348433236, 0.07639173665339816]","[0.0003583306773953629, 0.7067138572056035, -0.7074991655578255, 0.0005712859914523746]","[480.03735352181, 14.820300861870166, 12.98667141180566]",5.360000000000125,100.0,0.0,"[50.0, 91.85793973577711, 91.8579397357771]",21
794,376402550,settled,Qk1a_0007,matched,1,"[-0.26313053826577254, 0.4562496417490367, 0.7970160287942423, -0.29557407545469244]","[-0.43113330246742254, 0.5017073762889933, 0.560352329528893, -0.4984165435379241]","[479.5517203370428, 11.933326751516406, 11.987303469658306]",5.040000000000018,100.0,0.0,"[50.0, 92.59819313462994, 92.59819313462995]",27
795,3842851706,settled,Qk1a_0007,matched,1,"[-0.6306123024957917, 0.1538519811917822, 0.7587299060057031, 0.054649991371421895]","[-0.6594914335862296, 0.049917834027493974, 0.7487791997651438, 0.043691748322242235]","[479.67527013177676, 11.923695876915385, 11.98032822753351]",4.990000000000001,100.0,0.0,"[50.0, 87.88245738078476, 87.88245738078477]",26
796,1816527500,settled,Qk1a_0001,matched,11,"[-0.26996349254057417, -0.9012033727303118, -0.2599849606697233, -0.21762356007649683]","[-0.7076068714524095, -0.7066059484698398, -0.0004609616365211234, 0.0005801506192832374]","[479.27988245823553, 12.990848133441443, 14.815058069299326]",5.330000000000115,100.0,0.0,"[50.0, 92.49428108725444, 92.49428108725445]",23
797,2293293225,settled,Qk1a_0008,matched,0,"[-0.3936519694424518, 0.8116179663979275, -0.13515402938440954, 0.4099363266597991]","[-0.04168254665316228, 0.6575795688450163, 0.047268915182695756, 0.7507445141987787]","[479.3607892878535, 11.985513810398817, 11.91749465306958]",5.140000000000051,100.0,0.0,"[50.0, 93.01250916749267, 93.01250916749265]",26
798,349554575,settled,Qk1a_0009,matched,8,"[0.04319524511180846, 0.011599100461029443, -0.6856641279883682, -0.726542727758097]","[0.0003634293647330478, -0.00015373623021597285, -0.560548055041874, -0.8281218040077443]","[479.4425262176099, 13.002217023327342, 15.195647688880292]",5.250000000000088,100.0,0.0,"[50.0, 89.05204080061948, 89.05204080061947]",24
799,1393430897,settled,Qk1a_0006,matched,7,"[0.40293627404439963, 0.406187963639368, 0.6478008582825009, -0.5029987527441547]","[0.39639228220757766, 0.585536614244718, 0.5857121656764678, -0.39618340571467947]","[480.02799985912145, 15.1852781779443, 12.997147566032423]",5.110000000000041,100.0,0.0,"[50.0, 91.74692065235998, 91.74692065235999]",24
800,2235878669,settled,Qk1a_0012,matched,5,"[0.24249144715551083, -0.6473370825137739, 0.7223079800681069, -0.02058595610878343]","[-0.132994326294081, -0.6943654297640153, 0.6946241390976716, -0.13291525309397903]","[479.4252107601286, 14.81352722962344, 12.995974955300676]",5.250000000000088,100.0,0.0,"[50.0, 91.45843063714041, 91.45843063714042]",15
801,3616341429,settled,Qk1a_0008,matched,0,"[-0.016108622453450877, 0.5241575278336051, -0.5047182381256154, 0.6857542551099413]","[-0.4942293607802626, 0.4355053461073953, -0.49730974592931676, 0.5645843152783555]","[479.3273986077778, 11.990793559007859, 11.918750253477507]",5.020000000000011,100.0,0.0,"[50.0, 92.20981148882844, 92.20981148882845]",25
802,2901890060,settled,Qk1a_0007,matched,1,"[-0.5153234759328452, -0.7348465806857323, 0.43106836411443006, 0.09285625162953134]","[-0.5014584734978589, -0.4312141383719677, 0.4985480539402431, 0.5603959351545257]","[479.6221482806685, 11.921824584628254, 11.979992924657616]",4.789999999999934,100.0,0.0,"[50.0, 92.13080848688426, 92.13080848688428]",27
803,903317644,settled,Qk1a_0007,matched,1,"[0.3806152325204924, 0.3549790843641196, -0.42221367482912736, -0.7421977547962988]","[0.501408685955795, 0.43149551060024904, -0.4985152393326693, -0.5602530768617024]","[479.48961337446855, 11.924629981267275, 11.982513740565658]",5.020000000000011,100.0,0.0,"[50.0, 90.37478985889976, 90.37478985889977]",42
804,261748224,settled,Qk1a_0010,matched,10,"[0.6073531994118689, -0.481676980220278, 0.5182685683491363, 0.36125762130559586]","[0.49980508636646753, -0.4997186783081246, 0.5002493382360337, 0.5002266664089383]","[479.3550069458055, 14.805880085138924, 12.989916937842674]",5.360000000000125,100.0,0.0,"[50.0, 91.45839460888097, 91.45839460888095]",22
805,3757485644,settled,Qk1a_0008,matched,0,"[-0.46408639041706307, 0.12400900187034086, -0.7767306422281417, 0.40735132147648895]","[-0.4945316231366217, 0.4351831030313779, -0.49753623929731694, 0.5643685242283827]","[479.55287929068874, 11.983766782642851, 11.921546905993743]",5.0300000000000145,100.0,0.0,"[50.0, 92.79768034551665, 92.79768034551667]",29
806,2459300321,settled,Qk1a_0012,matched,5,"[-0.3023952662426782, 0.3237351264050331, -0.8489692368047562, -0.28810398443042556]","[-0.3963705045351077, 0.5856541300173248, -0.585375407442472, -0.39652906008235367]","[479.39366635441064, 14.809541114113062, 12.99281040240392]",5.290000000000101,100.0,0.0,"[50.0, 92.69393375346628, 92.69393375346625]",24
807,900242666,settled,Qk1a_0003,matched,6,"[0.9362436743944617, 0.1817165933924474, -0.08337124411561313, -0.288922303564152]","[0.9821278134386476, 0.18821498234281125, 0.00012383395895584903, -0.0002513106981368307]","[479.7340694411949, 13.007210746716584, 14.811041496645837]",5.430000000000148,100.0,0.0,"[50.0, 92.02352284078925, 92.02352284078927]",26
808,328348858,settled,Qk1a_0007,matched,1,"[-0.6190823838403996, -0.43170850451213133, 0.6501504533297416, 0.08757372428713266]","[-0.6596358026098221, 0.04979587910594903, 0.7486500348238083, 0.0438646064347108]","[479.97052003356134, 11.92267293584733, 11.984003379525488]",4.839999999999951,100.0,0.0,"[50.0, 92.02085424815128, 92.0208542481513]",24
809,1553474154,settled,Qk1a_0006,matched,7,"[0.10359371276990213, -0.7893752306748082, -0.4829995942980539, -0.36450854555079465]","[0.5854964139105261, -0.3964150919788779, -0.39632801719780614, -0.5856390756544062]","[479.3480192674171, 15.19547123210174, 12.999640607301135]",5.230000000000081,100.0,0.0,"[50.0, 92.44737849137634, 92.44737849137636]",36
810,1442494840,settled,Qk1a_0007,matched,1,"[0.31201293868009317, 0.50003338073906, -0.7536486285584268, -0.29090941702681444]","[0.5013705116686485, 0.43131353837027175, -0.49831413321174445, -0.5606061596959684]","[479.3048875474645, 11.922554341824934, 11.98283805608022]",4.969999999999994,100.0,0.0,"[50.0, 91.995478245541, 91.99547824554098]",38
811,3990831217,settled,Qk1a_0012,matched,5,"[0.2733426921134199, -0.7015874727139076, 0.6366695552613991, -0.16646521619350974]","[-0.1344471696941817, -0.6943197582949094, 0.6941748783247776, -0.13403458548189218]","[479.26402110975505, 14.830423272761784, 13.002162050415388]",5.230000000000081,100.0,0.0,"[50.0, 90.94611403606505, 90.94611403606507]",24
812,2431699989,settled,Qk1a_0009,matched,8,"[0.17344721513629868, 0.1827432617709468, 0.5962854258550948, -0.7622103743400414]","[-2.695713091993568e-05, -4.6257465422083754e-05, 0.8279670163024759, -0.5607767978873018]","[480.00043472416644, 12.997895878488725, 15.188892789980061]",5.300000000000105,100.0,0.0,"[50.0, 91.29257105660413, 91.29257105660415]",26
813,1926362747,unsettled,,not_evaluated,,"[0.8047503699102742, -0.5172269162450497, -0.11253861894396196, 0.26867865283103326]","[0.6628799337664928, -0.7474912457205259, -0.02869948341808015, -0.03199016462042309]","[479.4987638603512, 12.392707771410501, 15.59525983831647]",5.490000000000168,100.0,0.0,"[50.0, 91.46258162625931, 91.46258162625932]",23
814,2263480944,settled,Qk1a_0011,matched,4,"[-0.026306953825207702, -0.8321721463338888, 0.5135298938644082, -0.2075680879954735]","[0.13207477450016963, -0.6944179064912241, 0.6949463659166475, 0.13186953243384192]","[479.67621337518233, 14.82335261091745, 12.997822826060347]",5.170000000000061,100.0,0.0,"[50.0, 91.93490010653717, 91.93490010653716]",27
815,2732533349,settled,Qk1a_0008,matched,0,"[0.9574942959753904, 0.11604176436625958, -0.09067729522294143, 0.2480254225445619]","[0.6573806433353553, 0.04211162537554894, 0.7508859188146288, -0.04740925755730155]","[480.0682700014347, 11.98877576227003, 11.917913337613266]",5.450000000000155,100.0,0.0,"[50.0, 92.30492066807594, 92.30492066807595]",26
816,789762371,settled,Qk1a_0007,matched,1,"[0.4310996061007461, 0.2904541347288934, -0.6141148610307922, -0.5938454872269402]","[0.5014400012678112, 0.4315370630134757, -0.49828406428170496, -0.5603986792071756]","[479.9072441209318, 11.919803822565337, 11.978706173892808]",5.0600000000000245,100.0,0.0,"[50.0, 90.22519534541861, 90.2251953454186]",24
817,857415767,settled,Qk1a_0008,matched,0,"[0.4929514726326843, -0.5214882517666204, 0.27904449074365084, -0.6381089413918899]","[0.49427401341539945, -0.4353977107402325, 0.4975506836234623, -0.5644159373814881]","[479.5016807740349, 11.986254440130738, 11.916791422514384]",5.1500000000000545,100.0,0.0,"[50.0, 90.13185095989046, 90.13185095989047]",28
818,1814279234,settled,Qk1a_0009,matched,8,"[0.06752254297908439, 0.2422686337739487, 0.9010294106317556, -0.3534014946990646]","[0.00018153716606413015, -0.0001691805674277069, 0.9819161360101298, 0.18931624406037903]","[479.4714029061657, 12.996726388568046, 15.192312534038793]",5.310000000000108,100.0,0.0,"[50.0, 92.79817730456229, 92.79817730456227]",32
819,790041088,settled,Qk1a_0007,matched,1,"[0.7935730239832247, -0.23344936952655115, -0.5048092129096586, 0.24680134933850478]","[0.6595168981757183, -0.049348671207385036, -0.748784536774979, -0.04386213808542411]","[479.91282520784506, 11.911691095355872, 11.982333347504337]",4.879999999999964,100.0,0.0,"[50.0, 91.30156225271685, 91.30156225271686]",28
820,315618556,settled,Qk1a_0007,matched,1,"[0.012552934920398582, 0.8480138297868738, 0.36518308059114246, -0.3838701420598461]","[0.049052124902851435, 0.6594912430608236, 0.04388847814678029, -0.748825073601682]","[479.9003587404705, 11.92649001424481, 11.979078092379664]",4.779999999999931,100.0,0.0,"[50.0, 92.18660224154564, 92.18660224154563]",39
821,3269845912,settled,Qk1a_0012,matched,5,"[0.7777716428001235, 0.1283811862612407, -0.44555779470696755, 0.4243439574755573]","[0.5854034691909883, 0.3967191138385631, -0.3967178133546526, 0.5852620776553048]","[479.5235472538545, 14.807207345064798, 12.993239973402726]",5.300000000000105,100.0,0.0,"[50.0, 92.03297555265418, 92.0329755526542]",30
822,3522819498,settled,Qk1a_0008,matched,0,"[0.13041023961018636, -0.7145137268385542, -0.15145017210366415, -0.6704671124923759]","[0.041612818564947696, -0.6573934796677793, -0.04777645273280359, -0.7508792158434271]","[479.62779492967195, 11.992245897891928, 11.919848360092574]",5.040000000000018,100.0,0.0,"[50.0, 88.02349459167131, 88.02349459167132]",21
823,3738436170,settled,Qk1a_0007,matched,1,"[0.2742912649506295, -0.2822096081700994, -0.8912861599283453, 0.22523547710883984]","[0.6594008773278539, -0.049461982005115424, -0.7488628155734723, -0.044141576396337895]","[479.90747429450585, 11.922108157914536, 11.984916324752291]",5.230000000000081,100.0,0.0,"[50.0, 93.08095833009874, 93.08095833009874]",33
824,410172629,settled,Qk1a_0007,matched,1,"[0.3546157266565474, 0.013883879429048904, -0.6309730588490037, -0.6898752954748997]","[0.5014792104938701, 0.4312636683140819, -0.4985756541985147, -0.5603147034258955]","[480.1551246819262, 11.920348731904488, 11.986592819877119]",5.1200000000000445,100.0,0.0,"[50.0, 93.42718806328789, 93.4271880632879]",37
825,3404775389,settled,Qk1a_0008,matched,0,"[0.6021409344898768, -0.06674626191403271, 0.5214703782369879, -0.6008659385865817]","[0.4943556859617239, -0.43519970823067544, 0.49736605190054894, -0.5646597914940544]","[479.5696952384762, 11.991665071627843, 11.918413794498369]",5.000000000000004,100.0,0.0,"[50.0, 92.4065751024167, 92.40657510241671]",30
826,869269750,settled,Qk1a_0008,matched,0,"[-0.15468769276196398, -0.9115211001983778, -0.20989464635174815, -0.31803339295425204]","[0.04178770897293111, -0.6575413523948171, -0.04737374103466092, -0.750765533259199]","[479.25248695042376, 11.983159366792183, 11.920589889986648]",5.210000000000075,100.0,0.0,"[50.0, 93.1775869033273, 93.17758690332731]",31
827,2991429464,settled,Qk1a_0006,matched,7,"[-0.5489088942851251, -0.4032734075502577, 0.03768896459558421, 0.7311970503805372]","[-0.6943319558765232, -0.13375310871224283, -0.13361763802640486, 0.6943771077496274]","[479.3185688568254, 15.200788240160623, 12.998641811150742]",5.070000000000028,100.0,0.0,"[50.0, 93.36745170939527, 93.36745170939528]",28
828,2771908924,settled,Qk1a_0007,matched,1,"[-0.7389579476458161, 0.3421219953129573, 0.5776396756246475, -0.05679874187353187]","[-0.6596135420126419, 0.049870451051640174, 0.7486769769262751, 0.043654295618833494]","[479.2671440261555, 11.924208238425509, 11.98869667286619]",4.889999999999968,100.0,0.0,"[50.0, 90.74685618829406, 90.74685618829405]",29
829,255470810,settled,Qk1a_0001,matched,11,"[-0.9154696723146558, -0.164181234465625, 0.007536104595736204, 0.36729144891892374]","[-0.9999999274191378, -8.455037480952175e-05, 0.00016602923057736852, 0.00033233604685845025]","[479.53886532759236, 13.006000630885293, 14.813233700830713]",5.270000000000095,100.0,0.0,"[50.0, 92.71351501714557, 92.71351501714558]",20
830,2021639551,settled,Qk1a_0007,matched,1,"[-0.34543261414584014, 0.05210044336923012, 0.3432315446139134, -0.8718680861615752]","[-0.431096924541451, 0.5014923496410048, 0.560547025699249, -0.49844548035083275]","[479.5416236838063, 11.927457016289148, 11.985774654508848]",5.0900000000000345,100.0,0.0,"[50.0, 92.7031549448882, 92.70315494488821]",30
831,651020664,settled,Qk1a_0008,matched,0,"[0.0756818332635065, -0.774085924955174, 0.18955994400860776, -0.5992747854929498]","[0.04177032973539962, -0.657693213571001, -0.04780177292418859, -0.7506063328281676]","[479.61701696491946, 11.994585663959999, 11.91393524595159]",5.110000000000041,100.0,0.0,"[50.0, 88.65124344608688, 88.65124344608687]",33
832,2521713783,settled,Qk1a_0008,matched,0,"[-0.5065582247263176, -0.04434755212228694, -0.8534016420621019, -0.11461979283086583]","[-0.6573272875279894, -0.04193722817083798, -0.7509332643437155, 0.047553532639904784]","[479.7188065536443, 11.989562017377652, 11.911394894172503]",5.000000000000004,100.0,0.0,"[50.0, 90.50860970403724, 90.50860970403726]",29
833,1390613592,settled,Qk1a_0007,matched,1,"[-0.31808432194865294, -0.360744281429727, 0.8330604728818863, -0.27330601176707336]","[-0.6595663178929352, 0.049731922436127014, 0.7487302820990832, 0.043611613817767826]","[479.3846776944715, 11.924151952487582, 11.982648674357996]",5.0300000000000145,100.0,0.0,"[50.0, 92.41751231028988, 92.4175123102899]",21
834,2201560545,settled,Qk1a_0004,matched,9,"[-0.49268336303607696, -0.8575563518653537, -0.1364275913741798, 0.05698876621481443]","[-0.8278663394190425, -0.5609254020051434, 4.174384245214658e-05, 0.00012529858195942103]","[480.10487494189954, 13.00156255775948, 14.808861023153584]",5.380000000000131,100.0,0.0,"[50.0, 90.9717104962032, 90.97171049620319]",35
835,1733610838,settled,Qk1a_0004,matched,9,"[0.933328729096697, 0.24078483671468087, 0.094274575342167, 0.2490631451963197]","[0.827982251334104, 0.5607542402006523, 0.0002475259317569478, -0.0001109216429360238]","[479.58991172746227, 12.99681029557861, 14.8032985216805]",5.210000000000075,100.0,0.0,"[50.0, 91.48707009552854, 91.48707009552855]",26
836,4057973372,settled,Qk1a_0004,matched,9,"[-0.9362565697560981, -0.3191572023110337, -0.1386331679133244, 0.048406203691826986]","[-0.9820446385167193, 0.18864867763907311, 2.2700591182783785e-06, 6.618490779319865e-05]","[479.3922353339569, 13.001909543811138, 14.81149647814838]",5.1800000000000646,100.0,0.0,"[50.0, 89.80686590727564, 89.80686590727565]",26
837,1049088550,settled,Qk1a_0007,matched,1,"[-0.2985014385404711, 0.8416771729573497, 0.24460506638696494, -0.3776834510666589]","[-0.4315189654678401, 0.5013632430655077, 0.560419210872905, -0.49835387931568476]","[479.3692642854051, 11.914552707237238, 11.981956530302474]",5.0600000000000245,100.0,0.0,"[50.0, 92.79217030505446, 92.79217030505447]",30
838,4151715388,settled,Qk1a_0009,matched,8,"[-0.05848826288872228, 0.33353550026198525, -0.9360448600269542, 0.09567242646847915]","[5.581086821633552e-05, -0.0002102394802690477, -0.982057813283024, -0.18857996726660337]","[479.68454373150996, 13.000849023124372, 15.192272021575924]",5.240000000000085,100.0,0.0,"[50.0, 91.56468234525983, 91.56468234525984]",32
839,1058135528,settled,Qk1a_0006,matched,7,"[-0.3686608373472068, 0.16863467661175469, 0.398686593963824, 0.8226180964724944]","[-0.5853650320823989, 0.3968077277917631, 0.3967467361118119, 0.5852208418747017]","[479.85694106793005, 15.189924115739224, 12.98279720432467]",5.040000000000018,100.0,0.0,"[50.0, 93.3863653471089, 93.38636534710892]",26
840,3093900153,settled,Qk1a_0008,matched,0,"[0.3030056044096427, 0.42204349005597586, 0.2242803135340926, 0.8244787669544726]","[0.43530951937071843, 0.4944907452166367, 0.5645313451162369, 0.4972814953540719]","[479.7676019562924, 11.982532372655298, 11.916455645016162]",5.070000000000028,100.0,0.0,"[50.0, 92.19056045112042, 92.1905604511204]",22
841,728316358,settled,Qk1a_0003,matched,6,"[0.3840331144981177, 0.9003152367821304, -0.19825093141067207, 0.05145492767085645]","[0.5611386383069751, 0.827721824732228, 5.2383905384645324e-05, -8.19565201537753e-05]","[479.91939396328337, 12.995284044476332, 14.808648923163513]",5.440000000000151,100.0,0.0,"[50.0, 91.90038276849266, 91.90038276849265]",29
842,4246793081,settled,Qk1a_0012,matched,5,"[-0.5487920213062103, 0.4448274047159202, -0.09678850678790442, -0.7011332842749022]","[0.13344113208759167, 0.6943559142315184, -0.6944360575500937, 0.13349865397515076]","[479.665266106004, 14.815165659766045, 12.990264605837123]",5.500000000000171,100.0,0.0,"[50.0, 92.69594781513864, 92.69594781513865]",31
843,1208846367,settled,Qk1a_0008,matched,0,"[-0.4269867495516249, -0.6814935301266007, -0.04209566062964502, -0.5928548215702353]","[0.041499303836405266, -0.6573826509916316, -0.04747654577476604, -0.7509140001076055]","[479.32449054229244, 11.977046861193744, 11.920857826188293]",5.210000000000075,100.0,0.0,"[50.0, 91.99537156881989, 91.9953715688199]",37
844,2094361518,settled,Qk1a_0007,matched,1,"[0.454999045629448, 0.15518384815777372, -0.8447071013896332, 0.23529503736619822]","[0.6596858645789692, -0.04932051699032036, -0.7486408971771491, -0.04380472294512061]","[479.73885676572297, 11.918167749998982, 11.980516774579955]",5.0600000000000245,100.0,0.0,"[50.0, 90.7377557088069, 90.73775570880692]",29
845,1813902428,settled,Qk1a_0008,matched,0,"[-0.37122801695149316, 0.3149778818305276, -0.536490794779554, 0.6893158350891256]","[-0.4944650320667426, 0.43539365446413947, -0.4972926669311791, 0.5644791414499495]","[480.04851409862323, 11.99189154867098, 11.91743137573826]",5.050000000000021,100.0,0.0,"[50.0, 89.55751638348939, 89.55751638348937]",31
846,256306198,settled,Qk1a_0008,matched,0,"[0.6027470823016317, -0.5832330633428373, 0.031765834920367934, -0.5436231050391547]","[0.4942799873205884, -0.43561882503334687, 0.4974292347519116, -0.5643471359234962]","[479.49986778039323, 11.980651456167278, 11.919247833240416]",5.210000000000075,100.0,0.0,"[50.0, 92.19330926508536, 92.19330926508538]",20
847,1252793217,settled,Qk1a_0008,matched,0,"[-0.3428014306370549, -0.38046800862750096, -0.40789653833367195, -0.7558780904217424]","[-0.4354671251307969, -0.49434923374116213, -0.5645722898340695, -0.4972377173760659]","[480.0230481646125, 11.990156773551185, 11.913765418600672]",5.110000000000041,100.0,0.0,"[50.0, 91.17507196477419, 91.1750719647742]",20
848,3006607485,settled,Qk1a_0008,matched,0,"[-0.44749560199152477, -0.48362124840305704, -0.7378950366888786, -0.14618169899556457]","[-0.43547740324871687, -0.4944033086934218, -0.5646734592413426, -0.49706004068036636]","[479.88242682053766, 11.986652078829072, 11.915255190042744]",5.080000000000031,100.0,0.0,"[50.0, 92.94627881217666, 92.94627881217667]",22
849,2867213443,settled,Qk1a_0007,matched,1,"[0.5874113053436852, 0.05635745471717812, -0.8002026813813683, 0.10699282388224654]","[0.6594546656175869, -0.04984262856097671, -0.7488073192380683, -0.04385037090865876]","[479.67642045399845, 11.918769205381796, 11.97793967930848]",5.040000000000018,100.0,0.0,"[50.0, 88.04671776050708, 88.0467177605071]",30
850,2495832973,settled,Qk1a_0008,matched,0,"[0.3262025162052073, -0.6578051041473078, 0.17771235512448658, -0.6552119368687124]","[0.04167321596702611, -0.6575445090017046, -0.04736829916384053, -0.7507694759291949]","[480.1037520074913, 11.988948180047586, 11.92115050692975]",5.1800000000000646,100.0,0.0,"[50.0, 89.51328027206418, 89.5132802720642]",17
851,265160720,settled,Qk1a_0008,matched,0,"[0.8435873026476047, -0.3709199350210046, -0.02365782574005351, -0.3875811810408313]","[0.49431571547413056, -0.43548151813482544, 0.49742179564148925, -0.5644283639392007]","[479.3312570437599, 11.98095718909667, 11.919322114036232]",5.240000000000085,100.0,0.0,"[50.0, 93.23001531328308, 93.23001531328309]",23
852,1758450250,settled,Qk1a_0003,matched,6,"[0.9413323467127771, 0.30018672090032433, -0.15370639037251485, 0.01247762741785174]","[0.9820332681155339, 0.18870783183787457, 7.411143927864294e-05, -9.499930038386895e-05]","[479.3390431602042, 13.006638450609984, 14.807477769303611]",5.380000000000131,100.0,0.0,"[50.0, 90.47132905627812, 90.47132905627814]",17
853,2129291007,settled,Qk1a_0006,matched,7,"[-0.03753887711357162, 0.6384621255893187, 0.6921458417195642, 0.33450124167682416]","[-0.13483208914596395, 0.694040968620808, 0.6942610185712799, 0.13464427096907802]","[480.05182783840434, 15.188171868753464, 13.014120972071355]",5.0600000000000245,100.0,0.0,"[50.0, 91.06043973279891, 91.06043973279893]",34
854,3856770388,settled,Qk1a_0006,matched,7,"[-0.25213650424446543, -0.701757853708884, -0.6657290505739787, -0.0277115356331983]","[0.1336568406619239, -0.6943875570608329, -0.6943658903469425, -0.13348325687538354]","[479.56871219110553, 15.196167421558911, 12.988919512432561]",5.1500000000000545,100.0,0.0,"[50.0, 90.735942022414, 90.73594202241401]",29
855,1491966553,settled,Qk1a_0006,matched,7,"[-0.6096693218837025, -0.4457254391332099, -0.5365245649855478, 0.37652827520711146]","[-0.39691758937801336, -0.5853399294582672, -0.5852266779516213, 0.39666526144577746]","[479.5832004510659, 15.199797450680151, 12.985581600929656]",5.160000000000058,100.0,0.0,"[50.0, 91.53698093659129, 91.53698093659128]",25
856,1018470395,settled,Qk1a_0008,matched,0,"[0.4554128693224524, 0.3307092876332764, 0.45886088160517285, 0.6875152193668916]","[0.43528789316511907, 0.4944469297649142, 0.5645883934029923, 0.49727922713959216]","[479.2663688590008, 11.985137849476283, 11.920751377909763]",5.080000000000031,100.0,0.0,"[50.0, 88.89787517336792, 88.89787517336791]",28
857,752446852,settled,Qk1a_0007,matched,1,"[-0.7753197505773834, -0.339162850235583, 0.5320819122821735, -0.02714192341829914]","[-0.6595089421058694, 0.049436783402674274, 0.7487847546828998, 0.0438788204452193]","[480.00101580914196, 11.923521177194027, 11.978350351220486]",4.919999999999978,100.0,0.0,"[50.0, 91.33363531126209, 91.3336353112621]",29
858,3085755170,settled,Qk1a_0007,matched,1,"[0.2870725734139959, 0.25024436237980596, -0.6767794375637842, -0.6300291180425219]","[0.501603246090781, 0.4314955814319672, -0.4985098856741089, -0.5600836014391665]","[479.8220346300461, 11.919033806081693, 11.979544372169675]",5.050000000000021,100.0,0.0,"[50.0, 91.23268019024047, 91.23268019024046]",35
859,285489008,settled,Qk1a_0009,matched,8,"[0.3494928370664176, -0.07694225131568626, 0.0618235084376707, -0.931725550044753]","[2.123789247293617e-05, -2.7245259466457394e-05, 0.1887259299338585, -0.9820297969905232]","[479.6990810074375, 12.987731696414253, 15.188561006307728]",5.360000000000125,100.0,0.0,"[50.0, 91.630399660528, 91.63039966052801]",24
860,3332121111,settled,Qk1a_0007,matched,1,"[0.3402458092039916, 0.33697252244392834, -0.8027813352863759, 0.3552807849472308]","[0.6594183852862454, -0.04950736602346748, -0.7488559990366147, -0.043944357576065025]","[480.0997714942052, 11.91673154914056, 11.983840436885774]",5.040000000000018,100.0,0.0,"[50.0, 92.91831481692063, 92.91831481692064]",42
861,4081109628,settled,Qk1a_0009,matched,8,"[-0.12945047511210567, 0.16348273552005468, 0.7041245185904645, 0.6787669938939845]","[-0.00012605516122721208, 8.598921634034308e-05, 0.5607561693805089, 0.8279809751544109]","[479.4541101713671, 12.995577592683695, 15.188449777783479]",5.240000000000085,100.0,0.0,"[50.0, 91.16833278336833, 91.16833278336834]",27
862,3384837160,settled,Qk1a_0009,matched,8,"[0.2687275791925676, -0.16483984670014942, -0.14897767382090257, -0.9372400790747728]","[0.00018583492521967448, 0.00039634646702094156, 0.1891417694679454, -0.9819496929157793]","[479.8156632551683, 12.998885817367157, 15.194830257601385]",5.330000000000115,100.0,0.0,"[50.0, 93.31927576326119, 93.3192757632612]",22
863,3022828123,settled,Qk1a_0003,matched,6,"[0.3539696974690416, 0.8967636949489357, -0.13840987716161407, -0.22663414261605436]","[-0.1876407908627121, 0.9822377057683783, 9.574928577532615e-05, 0.000117487714511047]","[479.4378027815457, 13.008002979953242, 14.811568987622119]",5.580000000000198,100.0,0.0,"[50.0, 92.60222101723757, 92.60222101723758]",23
864,2197473996,settled,Qk1a_0007,matched,1,"[-0.29618725117093264, 0.23096601621633117, 0.8837445268345094, 0.27914767218627]","[-0.6595841822063958, 0.049576295633978334, 0.7487230646351628, 0.04364252487726014]","[479.553741048972, 11.925116716824936, 11.9835692074428]",5.110000000000041,100.0,0.0,"[50.0, 92.56931067194044, 92.56931067194044]",41
865,2371567213,settled,Qk1a_0007,matched,1,"[-0.8719734789042677, -0.21012196795995688, 0.2727863314750347, -0.3479922815647152]","[-0.6596277365964208, 0.04980929689307137, 0.7486577132737091, 0.04383961007446943]","[479.2950356319734, 11.920086737064812, 11.981496744539434]",4.799999999999938,100.0,0.0,"[50.0, 92.87075910554205, 92.87075910554206]",31
866,292549026,settled,Qk1a_0006,matched,7,"[-0.41240616483951276, -0.35153133331546, -0.1763722075237171, 0.8217297130523091]","[-0.3964529126399956, -0.5855857509450566, -0.5855505059560929, 0.3962890628366393]","[479.8467386345155, 15.193765630966372, 13.001471893243114]",5.220000000000078,100.0,0.0,"[50.0, 91.74989647677842, 91.74989647677843]",28
867,94154559,settled,Qk1a_0008,matched,0,"[-0.23853106088105577, -0.31041063527998763, -0.7544951487540574, -0.5267686788397972]","[-0.4354749226726333, -0.4944645385671, -0.5643473380428632, -0.49737158530300407]","[479.7417671973511, 11.984687794169792, 11.919595801969002]",5.0600000000000245,100.0,0.0,"[50.0, 90.77220352237106, 90.77220352237107]",23
868,2674077932,settled,Qk1a_0009,matched,8,"[0.24002683723339482, 0.1464301042618074, 0.022173247800655688, 0.9594027772815652]","[-0.0001786900515575174, -0.00025078558504207377, -0.18838097448354005, 0.9820959798457011]","[479.6718966249157, 13.00261507299639, 15.184964056205462]",5.430000000000148,100.0,0.0,"[50.0, 92.87420427535683, 92.87420427535685]",28
869,616383569,settled,Qk1a_0003,matched,6,"[-0.8750405999561124, -0.41172617187828964, 0.07875326495354029, -0.2420401435259313]","[-0.5610123541462071, -0.8278073897994894, 0.0002031844767074742, 0.00015034877945013791]","[479.9841416968471, 12.999546100348592, 14.80631621935431]",5.570000000000195,100.0,0.0,"[50.0, 92.55906388449657, 92.55906388449658]",28
870,1209062005,settled,Qk1a_0012,matched,5,"[0.701149044596514, -0.4604335593045607, 0.20497041658198253, 0.5043590814625407]","[0.3967457230741167, -0.5853166362561433, 0.5853329163490778, 0.3967148139186053]","[479.9916380314867, 14.807705150099462, 12.981154422219976]",5.370000000000128,100.0,0.0,"[50.0, 91.44480778712952, 91.4448077871295]",16
871,3023774950,settled,Qk1a_0007,matched,1,"[0.35215076468575207, 0.07578336168804366, -0.4051888740909775, -0.8402789401950909]","[0.5014371749951494, 0.4313873010674559, -0.4985700469254789, -0.5602621389308277]","[479.969290993581, 11.90984137287731, 11.98425638043133]",5.1200000000000445,100.0,0.0,"[50.0, 92.34767006330307, 92.34767006330308]",27
872,711993328,settled,Qk1a_0012,matched,5,"[0.14145945968594764, -0.730383443588849, 0.6302754560840633, 0.22199571179344949]","[-0.13369197667590998, -0.6944366206422797, 0.6943437830296584, -0.13330771264814828]","[479.49819839926306, 14.81479088674904, 12.998759761820123]",5.250000000000088,100.0,0.0,"[50.0, 89.66143216667705, 89.66143216667703]",20
873,2494180298,settled,Qk1a_0008,matched,0,"[0.5054583382569515, -0.6799397746818389, 0.34407924974820103, -0.4047261308401603]","[0.49457619087071913, -0.43543779423416973, 0.49727866250695774, -0.5643600363168729]","[479.8467616161143, 11.97967305122817, 11.913323030614777]",5.220000000000078,100.0,0.0,"[50.0, 89.9573375179254, 89.95733751792538]",43
874,2540672877,settled,Qk1a_0008,matched,0,"[0.776589373390443, -0.15424382296249706, 0.6104496590694767, -0.02165645300857539]","[0.6572959070021205, 0.041867849940620094, 0.7509674520181899, -0.04750852332916097]","[479.87154065729266, 11.984026563688147, 11.916848737054043]",5.130000000000048,100.0,0.0,"[50.0, 88.28129343250554, 88.28129343250552]",21
875,3729267110,settled,Qk1a_0011,matched,4,"[-0.3886037083533229, -0.7035834699448852, 0.5934766828956262, 0.041747880587701035]","[0.13354698534123433, -0.6943691435271944, 0.6943377194571849, 0.13383507224406563]","[479.6696090155861, 14.815944070984852, 12.99470470089421]",5.1800000000000646,100.0,0.0,"[50.0, 90.62536612908573, 90.62536612908575]",22
876,2245489004,settled,Qk1a_0012,matched,5,"[-0.7698115704787045, -0.1622092770394392, 0.35841225589542, -0.5026121280106651]","[-0.5851558911802477, -0.396691717260483, 0.39666850611535276, -0.5855615772318002]","[479.27964776709035, 14.811093740447834, 12.994109006699672]",5.220000000000078,100.0,0.0,"[50.0, 91.41857556471312, 91.41857556471314]",19
877,732591320,settled,Qk1a_0006,matched,7,"[0.5805538513683136, -0.32809511427750826, -0.26803236022996346, -0.6953196930320625]","[0.6942016231725898, 0.13364375067347706, 0.13382256084966443, -0.6944890038712672]","[479.80829588814015, 15.198998197363816, 12.994811831747954]",5.260000000000091,100.0,0.0,"[50.0, 89.55188479441527, 89.55188479441529]",24
878,20080919,settled,Qk1a_0006,matched,7,"[0.34744503420333317, 0.4507829125682593, 0.8124848224943764, -0.12627401617198783]","[-0.13329489744213266, 0.6942924944563917, 0.6945438693542074, 0.13341370244430764]","[479.75927398864707, 15.200294102191911, 12.991584378352446]",5.240000000000085,100.0,0.0,"[50.0, 91.86919867791515, 91.86919867791514]",22
879,1914700835,settled,Qk1a_0007,matched,1,"[0.8827138027193332, -0.15349909388919725, -0.3389577734260767, 0.2869878020021166]","[0.659625853038162, -0.04978797365695756, -0.748647669636941, -0.04406311870475063]","[479.87162883139524, 11.916187469518428, 11.98183693787269]",4.859999999999958,100.0,0.0,"[50.0, 92.8871910727283, 92.88719107272831]",33
880,910532442,settled,Qk1a_0003,matched,6,"[-0.7578845855451424, 0.5991817817734482, 0.25731973936574776, 0.019460193128720063]","[-0.8278458698087698, 0.5609556167758156, 8.856670551604662e-05, 6.327846867626441e-05]","[479.7891224771127, 12.998373874101722, 14.806401407261976]",5.5900000000002015,100.0,0.0,"[50.0, 92.46905381468925, 92.46905381468926]",21
881,305688743,settled,Qk1a_0003,matched,6,"[0.5088588775201294, -0.8379428703504597, 0.13612036932205998, 0.142778268141243]","[0.8276790211171628, -0.5612015026312063, -0.0005203648822667828, -0.0002016615991872195]","[479.2641070254558, 13.001571927272273, 14.798672554034681]",5.500000000000171,100.0,0.0,"[50.0, 90.97281219119925, 90.97281219119927]",21
882,3833901011,settled,Qk1a_0006,matched,7,"[0.6658115689949964, -0.5720634512106734, -0.07775283095098386, -0.4726445383800201]","[0.6943276784417154, 0.1334898444940057, 0.13361753740882493, -0.6944320629575692]","[479.5737809172363, 15.197812494704145, 12.993694155988011]",5.290000000000101,100.0,0.0,"[50.0, 92.57112305775591, 92.57112305775593]",21
883,940842501,settled,Qk1a_0009,matched,8,"[-0.15476270569017284, 0.261752323020326, -0.1287733230575111, 0.9439023559614871]","[-6.727935580319588e-07, -0.00011048740129562806, -0.18852647075579831, 0.9820681023312205]","[480.07972294950224, 12.987220641624234, 15.188074091836526]",5.430000000000148,100.0,0.0,"[50.0, 93.23141948934003, 93.23141948934004]",23
884,2720272236,settled,Qk1a_0004,matched,9,"[-0.9339430194929941, 0.33644656385373783, -0.05642516677177487, -0.10663182717228038]","[-0.9819552576092925, 0.18911326671308534, 7.513759831087596e-05, 0.00019687791871131344]","[479.5725043209116, 13.002025022168688, 14.798282425982134]",5.110000000000041,100.0,0.0,"[50.0, 90.4715762094647, 90.47157620946469]",16
885,2174765832,settled,Qk1a_0008,matched,0,"[0.7584658715267024, -0.4700288327205854, 0.10017222663587377, -0.44019080311993675]","[0.49417790490269237, -0.43538817731292917, 0.4973729040190887, -0.5646640839558767]","[479.6351173743458, 12.001437026479588, 11.921739088082154]",5.160000000000058,100.0,0.0,"[50.0, 91.72066994840306, 91.72066994840307]",32
886,1061608303,settled,Qk1a_0007,matched,1,"[-0.4689307766989574, 0.36625135030648165, 0.7222223966399722, -0.35264526773346316]","[-0.43145882898107407, 0.5012935715508738, 0.5602847090951664, -0.4986271941743594]","[479.31763277111725, 11.920552926929464, 11.982089170105032]",4.979999999999998,100.0,0.0,"[50.0, 89.93346396153211, 89.9334639615321]",32
887,3154141855,settled,Qk1a_0007,matched,1,"[0.27090988559165213, 0.4422585803127909, -0.7396988208773515, -0.4287899677243961]","[0.5017437949915342, 0.4310520415207409, -0.49853567744816996, -0.5602762532890261]","[479.2757218758623, 11.925538163036393, 11.984225274163906]",4.990000000000001,100.0,0.0,"[50.0, 90.10975258525352, 90.10975258525353]",36
888,2921790412,settled,Qk1a_0007,matched,1,"[0.3416504075113855, 0.18124356735981575, -0.5118659550465788, -0.7670847491654661]","[0.5013559162402109, 0.43128464504551334, -0.49858058962929797, -0.5604044930617578]","[479.9878814835209, 11.915705833214089, 11.977691714094242]",5.1800000000000646,100.0,0.0,"[50.0, 91.17168731599868, 91.1716873159987]",28
889,2154312058,settled,Qk1a_0006,matched,7,"[0.7256893593025631, -0.20402254438647918, -0.37672815407176513, -0.5383545793496913]","[0.5853251393062704, -0.39678940372107074, -0.39678746656443636, -0.5852455525402553]","[479.92445828491554, 15.193588146437262, 12.99320674555833]",5.020000000000011,100.0,0.0,"[50.0, 91.38213592985886, 91.38213592985888]",32
890,3592569166,settled,Qk1a_0006,matched,7,"[0.10273452874389172, -0.7756451790115862, -0.5748782509724327, -0.2394476340219959]","[0.1341278343175108, -0.6940637719753986, -0.6945115924649519, -0.13393600122585742]","[479.2883685573498, 15.19934026419299, 13.000644865776716]",5.070000000000028,100.0,0.0,"[50.0, 91.3445831552505, 91.34458315525048]",28
891,1454938154,settled,Qk1a_0008,matched,0,"[-0.16718081934912513, 0.4446266140871033, -0.15011444180695008, 0.8670775063673264]","[-0.041770533996855375, 0.6574373660484322, 0.04776099976890699, 0.7508330167980042]","[479.52998441041046, 11.990617514920341, 11.917867255944856]",4.959999999999991,100.0,0.0,"[50.0, 92.4892121536194, 92.48921215361942]",27
892,1296548187,settled,Qk1a_0006,matched,7,"[0.31314276895349097, -0.5781882807260639, -0.5626663257674945, -0.5010454312040842]","[0.5853377925335999, -0.396566064101626, -0.39635504286841683, -0.5856771341170944]","[479.94214140785397, 15.19674978188402, 12.994314030664446]",5.170000000000061,100.0,0.0,"[50.0, 91.08653502891833, 91.08653502891835]",24
893,4254865545,settled,Qk1a_0007,matched,1,"[-0.5867148895206743, -0.6821284832765666, 0.3941724191729146, 0.18733519338588187]","[-0.5013683088291828, -0.4312781328619233, 0.49846057201057203, 0.5605051731855756]","[479.4858321083708, 11.93705766608344, 11.984462710372876]",4.769999999999928,100.0,0.0,"[50.0, 91.52344165870558, 91.5234416587056]",24
894,1038362872,settled,Qk1a_0006,matched,7,"[0.4220587536149921, 0.2365411686124719, 0.34472372914068605, -0.8044129751662044]","[0.39674393361076954, 0.5853903974943473, 0.5855814074956879, -0.3962407713244972]","[479.7483334083536, 15.193727864089029, 13.003867170174601]",5.250000000000088,100.0,0.0,"[50.0, 93.11351939577207, 93.11351939577209]",30
895,2137408216,settled,Qk1a_0012,matched,5,"[-0.15315413144856377, 0.9076297849365145, -0.3780756789344609, -0.09904931354925715]","[0.13371296665152646, 0.6942515442151143, -0.6945129766223724, 0.133369266352144]","[479.38648248713616, 14.8150758685472, 12.994065637324093]",5.250000000000088,100.0,0.0,"[50.0, 92.51078337868336, 92.51078337868337]",19
896,2161823873,settled,Qk1a_0006,matched,7,"[-0.5223970600271564, 0.3040328086274699, 0.5806908141981769, 0.5454021830346245]","[-0.5853076559211098, 0.39674695617039274, 0.39691994779876816, 0.5852019785758482]","[479.83912579278115, 15.197197213455551, 12.983349360073841]",5.100000000000038,100.0,0.0,"[50.0, 92.09118259583407, 92.09118259583408]",25
897,611351195,settled,Qk1a_0007,matched,1,"[-0.04573037853383769, 0.8616864055672583, 0.18915695116025852, -0.46864156747719876]","[0.04942673277543742, 0.6594552794660916, 0.044162687088606774, -0.7488159917767238]","[479.5779937318973, 11.915946190389636, 11.977761497773132]",4.889999999999968,100.0,0.0,"[50.0, 91.54672548477637, 91.54672548477637]",39
898,2763017489,settled,Qk1a_0001,matched,11,"[-0.42473500215462706, 0.8115024029006092, -0.06368051566992698, -0.39624338474636855]","[0.0010674556534233965, 0.9999994104348058, 0.0001990648232746417, 6.4548493924188434e-06]","[479.7652610430793, 13.001905132510796, 14.813191970552168]",5.450000000000155,100.0,0.0,"[50.0, 92.05329648912662, 92.05329648912664]",13
899,2132063619,settled,Qk1a_0004,matched,9,"[0.5955343919741106, 0.7230138530547521, -0.2696667085859822, 0.2233150746083904]","[0.8284331448170213, 0.5600879483639075, -6.450628053478179e-05, 0.00010249404143802818]","[479.958428336466, 13.00393943978451, 14.808799170325283]",5.260000000000091,100.0,0.0,"[50.0, 91.56908654081931, 91.56908654081933]",29
900,1360639973,settled,Qk1a_0009,matched,8,"[-0.1489656769715508, -0.1288165080424097, 0.7582996753381918, 0.621447613819669]","[9.748184560176565e-06, -4.7556463514591973e-05, 0.5605115544543281, 0.8281466023395547]","[479.53732763101436, 13.013108912181176, 15.183883141539404]",5.270000000000095,100.0,0.0,"[50.0, 91.18716795247806, 91.18716795247808]",19
901,1669509337,settled,Qk1a_0009,matched,8,"[-0.015275918508966315, 0.1874018656583203, -0.11433169238248563, 0.9754872890911727]","[-0.00018250939218183995, 5.246468197353527e-05, -0.1895803930782785, 0.9818651834636283]","[480.07462250170187, 13.002035007322082, 15.187676532992459]",5.400000000000138,100.0,0.0,"[50.0, 91.17593780720138, 91.1759378072014]",21
902,582273668,settled,Qk1a_0012,matched,5,"[-0.006376614660577938, 0.509344379935385, -0.8209002523185972, -0.258167420789247]","[0.13377279518485108, 0.6943224054337286, -0.6943850953679459, 0.1336060474379868]","[479.47070457428197, 14.811289682760796, 12.99354625668962]",5.350000000000121,100.0,0.0,"[50.0, 92.79482290879122, 92.79482290879123]",26
903,680248275,settled,Qk1a_0008,matched,0,"[0.06401976516295559, -0.8705445669058692, -0.015573167883228054, -0.4876587978712505]","[0.04163137349757068, -0.6574610978882484, -0.04761039014070506, -0.7508295307557733]","[479.95772591556204, 11.987662038445606, 11.914534071186297]",5.200000000000071,100.0,0.0,"[50.0, 90.2226222362564, 90.2226222362564]",31
904,2896868767,settled,Qk1a_0008,matched,0,"[-0.08519660861891312, 0.3927029312463917, 0.12431391456233111, 0.9072331543305265]","[-0.04182003705376727, 0.6575705891581813, 0.047769987609439735, 0.7507130164442188]","[479.8935152006257, 11.982652965167764, 11.917003144063015]",4.969999999999994,100.0,0.0,"[50.0, 90.9029669164847, 90.90296691648471]",25
905,3134066944,settled,Qk1a_0007,matched,1,"[0.37534820722239215, 0.6025807220421286, -0.4933938528436443, -0.5025661177737984]","[0.5013753549792211, 0.43134600590566013, -0.49826066043012385, -0.5606243759206614]","[479.5462428653764, 11.918954399367617, 11.98494664801381]",4.919999999999978,100.0,0.0,"[50.0, 87.9624673136637, 87.96246731366371]",36
906,405083464,settled,Qk1a_0006,matched,7,"[0.25971912770264904, -0.31468704929943936, -0.8472140700697216, -0.34021516013323705]","[0.5851841973929028, -0.3968042033947171, -0.3967638620939914, -0.5853924470183813]","[479.6897501799719, 15.19543692720699, 12.992061063869626]",5.300000000000105,100.0,0.0,"[50.0, 93.33035055808902, 93.33035055808904]",26
907,897742626,settled,Qk1a_0003,matched,6,"[0.626555782251434, 0.7589459830048849, -0.1386752386173409, -0.11044466851082534]","[0.5611016361167823, 0.8277469112595908, 6.763179641233741e-05, 1.6529291764821874e-05]","[479.30269355480533, 13.000804907818583, 14.808644309281876]",5.540000000000185,100.0,0.0,"[50.0, 90.13850587424301, 90.13850587424302]",25
908,480836371,settled,Qk1a_0001,matched,11,"[-0.39743928281978835, -0.8706917564322766, -0.2664878160766326, -0.113675527864515]","[-0.7074533602070114, -0.7067593613947409, -0.0007115034110862782, 0.0006648124567539825]","[480.01227727608, 12.976273660988406, 14.825083017236674]",5.350000000000121,100.0,0.0,"[50.0, 91.33510195210393, 91.33510195210394]",15
909,4082109974,settled,Qk1a_0006,matched,7,"[-0.35956502737734314, -0.6791764426160904, -0.41884548866301663, 0.48373629955702296]","[-0.39631649050885587, -0.5856596224515677, -0.5856645809980662, 0.39614775595097196]","[479.69189512999435, 15.188880408684945, 12.995087163511803]",5.130000000000048,100.0,0.0,"[50.0, 91.37606374306024, 91.37606374306026]",21
910,163555050,settled,Qk1a_0009,matched,8,"[-0.08549674306774306, -0.25654355067407436, -0.9235012688874048, -0.2720682265456595]","[-0.00021276772100053967, -0.000472756163503757, -0.5615120623183766, -0.8274683891862398]","[479.3769507231026, 12.999326485185573, 15.18335621375264]",5.370000000000128,100.0,0.0,"[50.0, 91.86934227354955, 91.86934227354956]",25
911,3400140363,settled,Qk1a_0007,matched,1,"[0.298407216867827, 0.6810207916951393, -0.18813418040157473, -0.6416925621859357]","[0.04973936676302804, 0.6596084013339149, 0.0437255471414654, -0.7486860682628664]","[479.4195377316402, 11.928010692748, 11.98343674763548]",4.939999999999984,100.0,0.0,"[50.0, 88.62592180918877, 88.62592180918878]",26
912,3646276102,settled,Qk1a_0009,matched,8,"[0.1578073356304914, -0.029444688123654007, -0.8111580053567837, 0.5623633571883132]","[-0.00037946780458783524, 0.0001472246431282742, -0.828089494943889, 0.5605957747723977]","[479.99598122318656, 13.01488341992589, 15.183176558514743]",5.230000000000081,100.0,0.0,"[50.0, 91.6008576284973, 91.60085762849731]",20
913,3701323139,settled,Qk1a_0001,matched,11,"[0.43512701954760485, -0.8749978402768437, 0.017281183183099957, 0.21152923457118053]","[0.7068439597775739, -0.7073694505629095, -0.0002487133529677777, 0.0001227923258032282]","[479.4029683039694, 13.004252306123472, 14.808430621172375]",5.610000000000208,100.0,0.0,"[50.0, 91.57559541483565, 91.57559541483566]",21
914,1849545706,settled,Qk1a_0009,matched,8,"[-0.1443496569257474, -0.07006434235886033, -0.13212818355624098, -0.9781596534233906]","[-4.411584696589754e-05, 0.00015163155256704697, 0.18920643919117913, -0.9819373189925409]","[479.3036171902935, 13.000905597995375, 15.192942623391682]",5.360000000000125,100.0,0.0,"[50.0, 91.11836646576255, 91.11836646576256]",25
915,3498837148,settled,Qk1a_0007,matched,1,"[-0.5578877223062083, -0.13152919957495132, 0.7954835629912004, 0.19663992465923258]","[-0.6594578119107161, 0.049860868558242594, 0.7488077751967703, 0.04377446631783774]","[480.0497732806948, 11.926036254710699, 11.98396642640223]",4.990000000000001,100.0,0.0,"[50.0, 90.56540538978373, 90.56540538978375]",39
916,1014845009,settled,Qk1a_0008,matched,0,"[-0.745802360550032, -0.5147483048332637, -0.3726324374151737, -0.19989519317709512]","[-0.435473320269915, -0.4944277664409101, -0.5643975766471147, -0.49735253752264447]","[479.62877640594644, 11.979244489805245, 11.914300087499527]",5.210000000000075,100.0,0.0,"[50.0, 92.54137480127017, 92.54137480127015]",29
917,2482104573,settled,Qk1a_0008,matched,0,"[0.3913632031713356, -0.4132908864732887, 0.05822251723444586, -0.8201436611036385]","[0.49415823723844055, -0.4355545639212477, 0.4973459462710449, -0.5645767159071723]","[479.99113729134757, 11.988352579872323, 11.921742971091675]",5.040000000000018,100.0,0.0,"[50.0, 92.79065056513804, 92.79065056513805]",32
918,3315867884,settled,Qk1a_0007,matched,1,"[-0.1839291797226305, -0.6204871287494828, -0.28946619847613464, 0.7052482540514071]","[-0.04972217059486931, -0.6598276566953982, -0.0440070352826022, 0.7484774880093792]","[479.34347909743957, 11.920740106516162, 11.978637173820676]",5.000000000000004,100.0,0.0,"[50.0, 91.55697644215985, 91.55697644215986]",24
919,3442982133,settled,Qk1a_0007,matched,1,"[0.23981023435833115, -0.548473364990924, -0.29699985204060114, 0.7439483229905124]","[0.43149731360895677, -0.5010237091495001, -0.5606071594410399, 0.49850268204070797]","[480.0059005227754, 11.910626526621174, 11.980203032526614]",5.130000000000048,100.0,0.0,"[50.0, 90.57731232153178, 90.57731232153176]",26
920,1199431505,settled,Qk1a_0007,matched,1,"[-0.8158875984840971, -0.2102551437771241, 0.5335186587691745, 0.07401379533745744]","[-0.6593007862204975, 0.04963855971886478, 0.7489706218439741, 0.04360612677963278]","[480.03044764374425, 11.925772633548316, 11.972477251304124]",4.859999999999958,100.0,0.0,"[50.0, 90.77247065028153, 90.77247065028155]",42
921,632241106,settled,Qk1a_0008,matched,0,"[0.3439409857046222, -0.642522102943294, 0.42830294546408776, -0.5342532475227891]","[0.4941808095912205, -0.4353495755050418, 0.49731299758719816, -0.5647440632447422]","[479.72824376869926, 11.999313985805905, 11.914713637042034]",5.1200000000000445,100.0,0.0,"[50.0, 88.38037315703576, 88.38037315703578]",32
922,2435629658,settled,Qk1a_0001,matched,11,"[0.06889857665360942, -0.9502832120531101, 0.29954207769895674, 0.04989335339424206]","[-0.0015015958593426369, -0.9999987582764565, -0.00047456475454132896, -5.8683167510690506e-05]","[479.6142697500021, 13.007272056934454, 14.817268895264318]",5.430000000000148,100.0,0.0,"[50.0, 91.77322308762379, 91.7732230876238]",26
923,532196825,settled,Qk1a_0007,matched,1,"[-0.6950144125489437, -0.5621898949957045, 0.04051416346358294, 0.446381104968402]","[-0.5015799829304186, -0.4313078169516925, 0.49847874933408476, 0.5602767389622856]","[479.85652249677946, 11.921550845017249, 11.985065720102126]",4.819999999999944,100.0,0.0,"[50.0, 92.6853502861644, 92.68535028616441]",31
924,1237745114,settled,Qk1a_0006,matched,7,"[0.5054962235886736, -0.15892594248449782, 0.059291712564358896, -0.8459909015847566]","[0.6944256555427946, 0.1332471968548656, 0.13350609405599823, -0.6944021286719906]","[479.6465109935915, 15.201138611724877, 12.99445682479177]",5.1500000000000545,100.0,0.0,"[50.0, 92.84671198251955, 92.84671198251952]",17
925,3654135522,settled,Qk1a_0006,matched,7,"[-0.17188747446428582, -0.802046862922551, -0.5512943459664053, 0.15247973604337633]","[0.13312469668674057, -0.6941602887187235, -0.6946864795970931, -0.13352903715297074]","[479.6476453996931, 15.200889237521217, 12.994741222271248]",5.160000000000058,100.0,0.0,"[50.0, 91.34796344308708, 91.3479634430871]",28
926,2381318096,settled,Qk1a_0007,matched,1,"[-0.5170317207267107, -0.3574316863165864, 0.7774632856296821, -0.021717018146083986]","[-0.6598211293480437, 0.049239761471143756, 0.7485408308396376, 0.04356773716917384]","[479.45042344095015, 11.92015297901664, 11.979984000209367]",5.140000000000051,100.0,0.0,"[50.0, 92.06723953114216, 92.06723953114218]",32
927,4252327569,settled,Qk1a_0012,matched,5,"[-0.5938434617044568, 0.29873492790902884, -0.7069009853476849, -0.24165757333989488]","[-0.39604964289567157, 0.5857214516222438, -0.5854577680485913, -0.39662862138693983]","[479.5967999499752, 14.817389280655727, 12.995598483292556]",5.260000000000091,100.0,0.0,"[50.0, 90.60316105898272, 90.60316105898274]",19
928,448373238,settled,Qk1a_0012,matched,5,"[0.7884541013488514, -0.40302143424833886, 0.28563962431868045, 0.36650219456596705]","[0.39651584202470036, -0.5853816061044506, 0.5856017000458527, 0.39645202882747854]","[479.6237009784089, 14.814537193924709, 13.00184378953091]",5.350000000000121,100.0,0.0,"[50.0, 93.0050181657034, 93.00501816570339]",22
929,4163985961,settled,Qk1a_0008,matched,0,"[-0.20818845328680213, -0.43720394741641244, -0.3935430195887992, -0.7814308465977562]","[-0.4355088125170989, -0.494447454577319, -0.5646528706483667, -0.4970119963849119]","[480.00058585792823, 11.991613115008052, 11.91313636738208]",5.040000000000018,100.0,0.0,"[50.0, 92.66687536528768, 92.6668753652877]",38
930,1782478245,settled,Qk1a_0001,matched,11,"[0.982926824091041, -0.15458372000973902, -0.09896879710297664, 0.012802702458472474]","[0.9999997367610969, -0.0005102622488220222, 1.4006815152841902e-05, -0.0005156684821132629]","[479.3052183635604, 12.992819376600822, 14.819298324389711]",5.370000000000128,100.0,0.0,"[50.0, 89.68778318290828, 89.68778318290826]",26
931,1354485428,settled,Qk1a_0008,matched,0,"[0.6252493974171248, -0.5377268504911364, 0.15699341782723672, -0.543383926933184]","[0.49445698603478805, -0.43545096952753765, 0.49715630960148827, -0.5645620833197621]","[479.62692284590975, 11.985810815490142, 11.90965529853366]",5.210000000000075,100.0,0.0,"[50.0, 90.58720037060026, 90.58720037060027]",27
932,1539041800,settled,Qk1a_0010,matched,10,"[0.5189080859766876, -0.3427938742346433, 0.5790952658656788, 0.5271389106745705]","[0.4997983497256123, -0.5001156830801613, 0.5000425763297837, 0.5000433331285309]","[479.49470546955683, 14.814676830445677, 12.991289221477905]",5.420000000000145,100.0,0.0,"[50.0, 91.33122919908648, 91.3312291990865]",14
933,4907026,settled,Qk1a_0006,matched,7,"[0.8033477739737046, -0.29541706437491144, -0.23093159359111526, -0.4626356138572464]","[0.6943504447685068, 0.13375789408291766, 0.133684382480771, -0.694344850561315]","[479.71585902852473, 15.19685916572749, 12.994566064226206]",5.260000000000091,100.0,0.0,"[50.0, 92.65925208614385, 92.65925208614387]",24
934,3726456469,settled,Qk1a_0006,matched,7,"[0.5807768950428274, -0.04906896716112144, -0.23937648823391416, -0.776523876984444]","[0.6943892133276364, 0.1334516725189871, 0.1335302724868941, -0.6943946556862944]","[480.0432838117529, 15.198135044650412, 12.994169933011953]",5.1200000000000445,100.0,0.0,"[50.0, 92.02561073457206, 92.02561073457207]",29
935,2047942954,settled,Qk1a_0009,matched,8,"[-0.28294765020971263, -0.1436882472102388, 0.5005332941519883, -0.8054568494337921]","[0.00011032449003550715, 0.00016559753277828326, 0.8281364900247475, -0.5605264617263447]","[479.6483811140671, 12.996888053064866, 15.185743568681394]",5.1200000000000445,100.0,0.0,"[50.0, 93.1093413931379, 93.10934139313791]",29
936,4254301963,settled,Qk1a_0009,matched,8,"[0.3038722453484271, -0.025687035362984778, 0.16983128235100062, -0.9371014727638521]","[-3.6250674972371226e-06, -0.00013073821398400245, 0.18907033675410723, -0.9819635383526554]","[479.4747304037291, 13.001977940365792, 15.19461984280638]",5.320000000000111,100.0,0.0,"[50.0, 92.14550660043648, 92.14550660043646]",21
937,1459226125,settled,Qk1a_0007,matched,1,"[0.4604083854515282, 0.5448114214671944, -0.6943530242693504, -0.09528122235162023]","[0.5015963357450891, 0.43134879807112503, -0.4984273018698111, -0.5602763203281718]","[479.71912494349857, 11.913857194225255, 11.977942898916542]",4.979999999999998,100.0,0.0,"[50.0, 92.83714644635641, 92.83714644635643]",27
938,1841421639,settled,Qk1a_0007,matched,1,"[0.7090456664466742, 0.46634607542200573, -0.4944423411910551, -0.18788920157686734]","[0.5015749761454467, 0.43125512597467125, -0.49857581456138467, -0.5602354119115616]","[479.27033848484984, 11.915995988609007, 11.98455016252994]",4.869999999999961,100.0,0.0,"[50.0, 91.76829739263421, 91.76829739263422]",29
939,3160233957,settled,Qk1a_0001,matched,11,"[0.3129738432553121, 0.8901846929444, 0.08598840649996693, -0.3197257885017726]","[-2.6719225378998565e-05, 0.9999997103155296, 0.000754598295061748, 9.610594602918479e-05]","[479.7494470017952, 12.994244142605062, 14.815343178125824]",5.460000000000158,100.0,0.0,"[50.0, 90.99200426140173, 90.99200426140175]",29
940,3176744478,settled,Qk1a_0004,matched,9,"[0.9411517485950612, -0.005105745018358934, 0.06893140360805404, 0.3308410178331731]","[0.9819815043668801, -0.18897680433794806, -0.0001965257991736469, -0.00023212321317511722]","[479.69769109236483, 13.005184320538449, 14.815352631217838]",5.100000000000038,100.0,0.0,"[50.0, 91.68828950317702, 91.68828950317703]",28
941,1176149115,settled,Qk1a_0006,matched,7,"[0.21298006003399966, 0.68283184635136, 0.45358883626869745, -0.5316364653113214]","[0.39645422615098524, 0.5854831494109538, 0.5855537954927775, -0.3964344597873108]","[479.8730956514177, 15.198619428870789, 12.992105495244884]",5.0900000000000345,100.0,0.0,"[50.0, 92.45357821470083, 92.45357821470084]",36
942,1821676408,settled,Qk1a_0011,matched,4,"[-0.4913145553095996, 0.46595232564875577, -0.7080044099470261, -0.20056967233111198]","[-0.5852099143953423, 0.39692580899449637, -0.3969256138683597, -0.5851746024074238]","[479.82906381855645, 14.809634090196365, 12.997841877111162]",4.979999999999998,100.0,0.0,"[50.0, 91.99136753622554, 91.99136753622555]",22
943,3127130715,settled,Qk1a_0008,matched,0,"[-0.198134299826156, -0.8317782014430749, -0.12616575606531844, -0.5029612557970933]","[0.04170592407237697, -0.6575104933842857, -0.04732701746950485, -0.750800053545725]","[479.4227218222881, 11.983349858872405, 11.92104535443343]",5.200000000000071,100.0,0.0,"[50.0, 91.51448110419898, 91.51448110419899]",21
944,945943334,settled,Qk1a_0007,matched,1,"[0.10215366597241832, -0.5032207212506908, 0.015334375666051182, 0.8579617655555885]","[-0.04948940431642677, -0.6595488337163761, -0.043788302259504204, 0.7487514403251615]","[479.80798433086557, 11.916902547413493, 11.982404736157749]",5.0600000000000245,100.0,0.0,"[50.0, 90.15601165785168, 90.15601165785169]",22
945,1696026980,settled,Qk1a_0007,matched,1,"[-0.41595288256800134, 0.11589643483537436, 0.8825609318024368, 0.1861113041484448]","[-0.6595885813885649, 0.0496612216172197, 0.7486767120631171, 0.04427016132415218]","[480.00172068033584, 11.92308831894494, 11.980169633131428]",5.1500000000000545,100.0,0.0,"[50.0, 90.50828495842318, 90.50828495842319]",41
946,517407065,settled,Qk1a_0006,matched,7,"[0.7637132916041776, -0.009298409402024383, 0.35026757211793114, -0.5421883212798986]","[0.3959769912246551, 0.5857183390818053, 0.5859989652067567, -0.3959058757590387]","[479.68355076986785, 15.196149912273333, 13.0093972100038]",5.260000000000091,100.0,0.0,"[50.0, 93.25185145777495, 93.25185145777496]",24
947,2860701354,unsettled,,not_evaluated,,"[-0.8367152485523688, 0.5350335570810564, 5.9400040692597696e-05, 0.11681901432889721]","[-0.5607566767385819, 0.8279805825468536, -8.175379037028696e-05, 0.0003126256428737928]","[479.25669568920324, 12.997938371672216, 14.803367432802357]",5.360000000000125,100.0,0.0,"[50.0, 90.320181532884, 90.32018153288402]",20
948,2049044537,settled,Qk1a_0012,matched,5,"[0.0987533718354664, -0.901992500056389, 0.3962240127370742, 0.14022779012621636]","[-0.13360933178314863, -0.6943126240977505, 0.6944354100365446, -0.13355892993855684]","[479.30097963228286, 14.821220664307587, 12.994033496976423]",5.260000000000091,100.0,0.0,"[50.0, 92.4701669054766, 92.47016690547662]",19
949,3277919375,settled,Qk1a_0003,matched,6,"[-0.9358033684590618, -0.33506737411673654, 0.0347045930592444, -0.10391102734445888]","[-0.9821076036166471, -0.18832056315508164, -0.00013903633741389754, -3.286664895130187e-05]","[479.95572706326845, 13.011365755325537, 14.808595030135129]",5.260000000000091,100.0,0.0,"[50.0, 90.22172486578455, 90.22172486578457]",25
950,3767874527,settled,Qk1a_0006,matched,7,"[0.29572191510327905, -0.5850125236040742, -0.7368775949800176, -0.1652885542634663]","[0.5855870857614176, -0.3963934138724704, -0.39627273965604276, -0.5856004971253633]","[479.93868618135764, 15.193698686455418, 13.003054669700457]",5.190000000000068,100.0,0.0,"[50.0, 90.92634486171123, 90.92634486171121]",37
951,2604283791,settled,Qk1a_0008,matched,0,"[-0.7630191667262589, -0.17467652330325062, -0.5594042469053924, -0.2726843449104938]","[-0.6574952699919685, -0.041602415971616485, -0.7508150305863651, 0.04739196945800614]","[479.67354307163447, 11.989268089844108, 11.921811867414075]",5.1500000000000545,100.0,0.0,"[50.0, 89.74844481015488, 89.7484448101549]",28
952,1406294563,settled,Qk1a_0009,matched,8,"[-0.15589463678544954, -0.12868922420085716, 0.17568740712833444, 0.963467633484715]","[-1.7445818023154036e-05, -0.00031323750428324804, -0.18844136595852717, 0.9820843920832842]","[479.53978992027083, 12.99726199093961, 15.189054632765105]",5.210000000000075,100.0,0.0,"[50.0, 92.04886129317914, 92.04886129317916]",30
953,44424466,settled,Qk1a_0007,matched,1,"[0.3941199706189341, -0.3608479463958368, -0.7637214424601282, 0.3621985183126224]","[0.4314378834315029, -0.5014226707580538, -0.5605082937641626, 0.49826409725324644]","[479.4218343051063, 11.925737288562742, 11.971731415076151]",5.020000000000011,100.0,0.0,"[50.0, 90.99933475945481, 90.99933475945483]",36
954,1713030523,settled,Qk1a_0004,matched,9,"[-0.965612442120421, 0.16876771383453884, -0.1626224548640008, 0.11253447277748073]","[-0.9820020311153379, 0.18887002957024218, -0.0002719977023068476, 0.00022098130435793673]","[480.00529436813196, 12.994245401726817, 14.804668549583994]",5.040000000000018,100.0,0.0,"[50.0, 91.84371659615697, 91.84371659615698]",25
955,539293064,settled,Qk1a_0009,matched,8,"[0.3601778551839492, -0.09994546774870804, 0.7619420111283524, 0.5288924160821971]","[0.0003688711319191907, 0.0001824446006945535, 0.5607918522799071, 0.8279567193184235]","[479.7731631148463, 13.001805131617573, 15.180606406834187]",5.470000000000161,100.0,0.0,"[50.0, 92.48998539168501, 92.48998539168502]",30
956,409549919,settled,Qk1a_0007,matched,1,"[-0.12781638378808588, 0.7504596205993281, -0.34172492240734204, -0.5510874769861365]","[0.049705360252536135, 0.6594701504805235, 0.04428754083570083, -0.7487770773161312]","[479.87802819473876, 11.919466490161765, 11.983897121363633]",4.819999999999944,100.0,0.0,"[50.0, 91.57779688056885, 91.57779688056887]",17
957,1998402436,settled,Qk1a_0008,matched,0,"[0.04250734306132721, -0.9165292873697363, -0.17463643493482933, -0.3573084196777952]","[0.042211240753419255, -0.657554363897884, -0.04719576434605799, -0.7507416529677152]","[479.4511921304979, 11.976954811311552, 11.92288609255542]",5.270000000000095,100.0,0.0,"[50.0, 92.43022729133538, 92.4302272913354]",27
958,1646097515,settled,Qk1a_0006,matched,7,"[-0.2630617164172866, 0.5050333130958403, 0.785657284547487, 0.24183158862418952]","[-0.5853107730034481, 0.39655166114756824, 0.3965619883389355, 0.5855737941983745]","[480.0355380103089, 15.19689348214839, 12.998999940000322]",5.1800000000000646,100.0,0.0,"[50.0, 91.5711185308325, 91.57111853083252]",29
959,339018233,settled,Qk1a_0012,matched,5,"[0.6029047267049746, 0.6862009194018124, -0.308242769892203, 0.26574533587269156]","[0.5854952111828247, 0.3966823678094199, -0.3962938943014698, 0.5854823704352397]","[479.89083680355685, 14.800604755007083, 12.996616801286455]",5.310000000000108,100.0,0.0,"[50.0, 91.1861282999776, 91.1861282999776]",27
960,4191144452,settled,Qk1a_0006,matched,7,"[-0.8802459513021449, -0.08330896156144689, -0.16608516754831343, 0.4366261550344685]","[-0.6944407296244288, -0.13386149045833734, -0.13396068247354462, 0.6941813235475194]","[479.610099848746, 15.190292560226148, 13.002450203676654]",5.200000000000071,100.0,0.0,"[50.0, 92.11734972854708, 92.1173497285471]",31
961,2181600747,settled,Qk1a_0007,matched,1,"[0.9275709258668005, 0.08697132850709806, -0.32813304736827575, -0.15613093456815608]","[0.659648472103888, -0.04946155155817117, -0.7486774067931133, -0.043584271543800374]","[479.6327667797835, 11.921907179578973, 11.9829543900361]",4.869999999999961,100.0,0.0,"[50.0, 92.89119476628262, 92.89119476628264]",30
962,3323234542,settled,Qk1a_0006,matched,7,"[-0.08017064571695091, -0.3550445554208694, -0.9142289434921265, -0.17804906658726002]","[0.13374388867966822, -0.6941578058427649, -0.6945912796889697, -0.13341839081790136]","[479.4910337596908, 15.20551215660083, 12.988729771235894]",5.1200000000000445,100.0,0.0,"[50.0, 92.8088027840339, 92.80880278403392]",30
963,1792986731,settled,Qk1a_0007,matched,1,"[-0.5692068889460848, -0.6151083552423721, 0.2128356235893417, 0.5023407471215919]","[-0.5013906352068237, -0.4314079522439869, 0.4985422012242657, 0.5603126656305493]","[479.4533150823167, 11.915360912879345, 11.982676514507807]",4.949999999999988,100.0,0.0,"[50.0, 90.7977598900787, 90.79775989007871]",30
964,3396828661,settled,Qk1a_0008,matched,0,"[-0.4385289352711518, 0.5485884905873648, -0.7022745891188045, 0.11641925271638232]","[-0.49427018486642377, 0.43539970663385863, -0.49741887766091414, 0.5645339139164428]","[479.71556028751655, 11.984333519474829, 11.917806019105498]",5.1800000000000646,100.0,0.0,"[50.0, 92.7653478999657, 92.76534789996572]",26
965,2901089897,settled,Qk1a_0008,matched,0,"[0.4190709948200383, 0.3272250406963257, 0.28175293110921773, 0.7986980404716139]","[0.4353941882298911, 0.4944166640951334, 0.564439923132817, 0.49738479700780347]","[479.64691820056913, 11.988693676571355, 11.917172266127238]",5.140000000000051,100.0,0.0,"[50.0, 92.0363947377318, 92.03639473773181]",26
966,1777789208,unsettled,,not_evaluated,,"[0.6411688332735277, -0.4390430396314748, 0.5150426975449305, 0.3617661624522945]","[0.4550018350506123, -0.4986926403320801, 0.5411503665785703, 0.5014332072480573]","[479.5929183807386, 15.63770083579603, 12.331582795829334]",5.420000000000145,100.0,0.0,"[50.0, 91.70834805614601, 91.70834805614602]",31
967,4293855749,settled,Qk1a_0008,matched,0,"[0.5166972535183565, 0.6321968208504625, 0.5736405816836968, -0.06547985154798126]","[0.43539864855269866, 0.49448630248902015, 0.56447889495267, 0.4972674236688277]","[479.852191351301, 11.985607730789482, 11.911880848572327]",5.230000000000081,100.0,0.0,"[50.0, 92.45987159631343, 92.45987159631345]",34
968,2977016398,settled,Qk1a_0008,matched,0,"[-0.7697554513004683, 0.271934197101798, -0.5773849482776028, -0.012448258604438496]","[-0.6574545029600178, -0.04175085164898512, -0.7508302541112338, 0.047585422509844016]","[479.54961821169087, 11.983527041301137, 11.920482183009268]",5.1500000000000545,100.0,0.0,"[50.0, 90.20526543445429, 90.2052654344543]",24
969,3277550680,settled,Qk1a_0004,matched,9,"[0.8795958511380817, -0.404251198907489, 0.18305854803349653, -0.17141083639723378]","[0.5608847005549191, -0.827893861137621, -0.00021198077221340483, 0.0002498763944720206]","[479.49009559751323, 12.999390700661879, 14.806217173557155]",5.020000000000011,100.0,0.0,"[50.0, 91.98637358500218, 91.9863735850022]",26
970,3168146097,settled,Qk1a_0008,matched,0,"[0.4713364866275963, -0.5102437468845695, 0.132809033664927, -0.707004240238867]","[0.49450301238045186, -0.43527123672239343, 0.49744930086189726, -0.5644022628416957]","[479.9723502772947, 11.989008076708503, 11.914497205096374]",5.140000000000051,100.0,0.0,"[50.0, 92.66850469967237, 92.66850469967235]",27
971,2312136952,settled,Qk1a_0009,matched,8,"[-0.238977339792555, -0.18809170192532146, -0.5365157169026477, -0.7871862729042902]","[0.00010347340095667734, -0.00019742000480715838, -0.5604035132743777, -0.8282196886263521]","[479.62455639302226, 13.005034014176479, 15.185111713284213]",5.300000000000105,100.0,0.0,"[50.0, 91.26982456174129, 91.2698245617413]",24
972,4119843294,settled,Qk1a_0004,matched,9,"[-0.6782363959592157, -0.6128690115579294, 0.3186176021708939, 0.25073848818067446]","[-0.827440548706164, -0.5615532679904932, 0.00014667672999763018, 0.0002098856277997774]","[479.9863092201668, 13.008022594686823, 14.810632363210848]",5.310000000000108,100.0,0.0,"[50.0, 91.20563541254373, 91.20563541254374]",38
973,356519578,settled,Qk1a_0008,matched,0,"[0.2643802208224408, 0.477257519620779, -0.3229105049716565, 0.7733415575166313]","[-0.04176314170586842, 0.6574339100150263, 0.04740822925945867, 0.7508588107998019]","[479.5056197756122, 11.977479479072105, 11.915208338537445]",4.990000000000001,100.0,0.0,"[50.0, 92.31778883621517, 92.31778883621516]",26
974,1943136294,settled,Qk1a_0007,matched,1,"[-0.3629926831460144, 0.45628115459666085, -0.28675605289603895, -0.7601412934908084]","[0.04972806804904881, 0.6595555274514732, 0.043398044216315934, -0.7487524525599346]","[479.79597362878013, 11.916464111492923, 11.97808977944182]",5.0300000000000145,100.0,0.0,"[50.0, 91.5249228297126, 91.52492282971258]",28
975,3565683129,settled,Qk1a_0001,matched,11,"[-0.547998248022544, -0.8120182559963203, 0.16486811997466025, -0.1146419430615943]","[-0.7078611833882694, -0.7063514964160861, -0.00032947254696000244, 3.279596172744981e-06]","[479.58967488035915, 13.00352039209222, 14.802463981148637]",5.420000000000145,100.0,0.0,"[50.0, 91.41461472802882, 91.41461472802884]",28
976,1751546072,settled,Qk1a_0007,matched,1,"[-0.3280221644267384, 0.36617063802881317, 0.7613309747857608, -0.42272410662527027]","[-0.4312700983195952, 0.5015798304190882, 0.5606578035627419, -0.498082928151897]","[479.82423845393015, 11.921431478259878, 11.981499533059687]",5.000000000000004,100.0,0.0,"[50.0, 90.80697199955267, 90.80697199955269]",38
977,1397927952,settled,Qk1a_0008,matched,0,"[0.904925349199759, -0.2134010861924796, 0.2823914184143395, 0.23627351860397244]","[0.6573550498380871, 0.04183293428669868, 0.7509252089636524, -0.047388549294378385]","[479.8020115708916, 11.983198247377432, 11.918036692526503]",5.430000000000148,100.0,0.0,"[50.0, 92.69414669108203, 92.69414669108204]",30
978,4035434587,settled,Qk1a_0006,matched,7,"[-0.6767719944343353, 0.14128449179956656, 0.30945224413417693, 0.652884115694839]","[-0.694180674243039, -0.13402607515009857, -0.1339778330849793, 0.6944063240849649]","[479.64871240307355, 15.193303068286145, 13.003093187846211]",5.160000000000058,100.0,0.0,"[50.0, 90.66799740825336, 90.66799740825337]",27
979,2114130661,settled,Qk1a_0009,matched,8,"[-0.11671079965840357, -0.12666230183669927, -0.982019919426621, -0.07727954700862226]","[0.00032899076014963896, 0.00021053753561089963, -0.9819086352141626, -0.18935490363570348]","[479.9041325753533, 13.006059881359748, 15.192152455548666]",5.330000000000115,100.0,0.0,"[50.0, 91.76554216217416, 91.76554216217417]",26
980,3638443810,settled,Qk1a_0006,matched,7,"[0.059547317185544554, 0.39640322724174526, 0.893284933349204, -0.20337312088779458]","[-0.13382177597949912, 0.6942957791553865, 0.6944211522215866, 0.1335079273599564]","[480.03926830329334, 15.193576697101173, 12.990885965034435]",5.200000000000071,100.0,0.0,"[50.0, 93.02874400558788, 93.0287440055879]",32
981,1276054237,settled,Qk1a_0009,matched,8,"[0.19847170397213157, 0.14485266137657626, -0.7549022116539003, 0.6080701769159308]","[0.00022651414647328894, 0.0001356223895471187, -0.8281101737650777, 0.5605653132371657]","[479.68894705109335, 13.00576542415941, 15.187680562516816]",5.170000000000061,100.0,0.0,"[50.0, 91.05280223379368, 91.05280223379367]",28
982,218439059,settled,Qk1a_0006,matched,7,"[-0.31928362511020086, 0.6061291818978068, 0.5454370968132035, 0.4828703293932732]","[-0.585359102647145, 0.396681152480817, 0.3966198232578582, 0.5853985821758758]","[479.6791905603622, 15.183901974407478, 12.984486745062767]",5.1800000000000646,100.0,0.0,"[50.0, 90.84788575973037, 90.84788575973039]",26
983,2213472531,settled,Qk1a_0009,matched,8,"[0.10514992183552246, 0.24068664568741632, 0.4737389502858386, -0.8405860095836687]","[-0.00024100011805444632, -0.0001652972545495568, 0.8279798387330821, -0.5607577919630722]","[480.0866760458991, 13.003057595628595, 15.186818038770397]",5.350000000000121,100.0,0.0,"[50.0, 91.60905297049266, 91.60905297049267]",20
984,787746249,settled,Qk1a_0011,matched,4,"[-0.5694810868307036, -0.2375977186895554, 0.403312307451908, -0.6757054080540255]","[-0.6939693617848826, -0.1327243351672927, 0.13273602619444988, -0.6951056920414256]","[479.88394320285107, 14.814192092396096, 12.992486997211081]",5.330000000000115,100.0,0.0,"[50.0, 89.95018460328232, 89.95018460328234]",27
985,620666044,settled,Qk1a_0009,matched,8,"[0.3512700169167964, -0.04610390148788196, 0.2607949201033328, -0.8980366446482936]","[0.00043248140008836367, 0.0002997007100632998, 0.8279790984990321, -0.5607587142328269]","[479.5434846536762, 12.997723112498035, 15.193151647808733]",5.400000000000138,100.0,0.0,"[50.0, 93.10972352792747, 93.10972352792749]",45
986,1382691233,settled,Qk1a_0008,matched,0,"[0.47408594454505865, -0.6966516414024221, 0.33101000622289733, -0.4246779762319307]","[0.4939279987768178, -0.43547002717932387, 0.49746779304501665, -0.5647360288981813]","[479.6569223721832, 11.995855630782575, 11.918130007148164]",5.1800000000000646,100.0,0.0,"[50.0, 90.34975905764458, 90.34975905764459]",34
987,3286462226,settled,Qk1a_0007,matched,1,"[-0.3448778936984663, -0.42718010711039134, 0.8219048655539987, 0.1518182680243951]","[-0.5014307694981085, -0.43115581288752447, 0.49847264659140855, 0.5605326654299371]","[479.5362451457974, 11.921283941009792, 11.982822778203063]",5.000000000000004,100.0,0.0,"[50.0, 92.88994305660975, 92.88994305660977]",28
988,2525897259,settled,Qk1a_0012,matched,5,"[-0.18660777978837914, -0.7443077658333969, 0.6395441794809863, -0.046548133523710164]","[-0.1336685239917591, -0.6942833086571586, 0.6945031770178294, -0.1332994753405839]","[479.29686584708685, 14.806434365648245, 12.996046924406308]",5.1200000000000445,100.0,0.0,"[50.0, 90.37174342658028, 90.3717434265803]",31
989,3052397492,settled,Qk1a_0009,matched,8,"[0.3577418947578834, -0.03461281949819094, 0.8397397400760982, -0.4070133393371179]","[9.177378713146057e-05, 0.00033518656386410944, 0.8278500111916836, -0.5609494078769216]","[479.7719831127423, 12.993892004384637, 15.195823005350126]",5.600000000000205,100.0,0.0,"[50.0, 93.19734000395572, 93.19734000395573]",22
990,958294864,settled,Qk1a_0008,matched,0,"[-0.030561851898347012, -0.4924964696048103, 0.3778133004972502, -0.7834349434399235]","[0.041519342262131, -0.6574574031849091, -0.0474731910222472, -0.7508476565520074]","[480.07548712936926, 11.982052085043117, 11.912958070137963]",5.210000000000075,100.0,0.0,"[50.0, 91.69465786994468, 91.69465786994468]",15
991,2025461898,settled,Qk1a_0008,matched,0,"[-0.3979758930455951, -0.005549041121273697, -0.43366712258227247, -0.8084041213949913]","[-0.4350094330528874, -0.49471869420257525, -0.5642163170061835, -0.4976747475866969]","[479.6374855119361, 11.984648126233825, 11.919073681377936]",5.100000000000038,100.0,0.0,"[50.0, 92.93381230271085, 92.93381230271086]",25
992,2542739526,settled,Qk1a_0005,unmatched,,"[-0.2306445065743204, 0.9168653108316615, -0.19133692885921558, -0.2637257913731088]","[0.02894017968880252, 0.8985487666820128, 0.05982348329723568, -0.4338130135669038]","[479.8497569788959, 11.926065445265554, 17.776842801057526]",5.130000000000048,100.0,0.0,"[50.0, 92.3856195782714, 92.38561957827139]",21
993,662844678,settled,Qk1a_0007,matched,1,"[0.015319791156266027, -0.6766081749749832, -0.37969078318171673, 0.6307151422970638]","[-0.04947096195400996, -0.6594818162861935, -0.04410619196956486, 0.7487930299763429]","[479.70274518652, 11.918667604761302, 11.981172104381292]",5.000000000000004,100.0,0.0,"[50.0, 92.33145833372988, 92.3314583337299]",46
994,4118277549,settled,Qk1a_0007,matched,1,"[-0.321344111537062, -0.6565169609170431, 0.5522363378719223, 0.4009469654985733]","[-0.5012752471762995, -0.4312608141800577, 0.49841633386734285, 0.5606410570546284]","[479.93663724749354, 11.919436758910134, 11.982795492716967]",4.879999999999964,100.0,0.0,"[50.0, 90.11559901734681, 90.11559901734682]",24
995,111249246,settled,Qk1a_0008,matched,0,"[-0.6279501010244584, -0.002943014146429479, -0.6948500248436215, -0.3505045681099255]","[-0.6575063073956822, -0.04161964594241127, -0.7508018020116358, 0.047433267888724095]","[479.697132372456, 11.990387316093114, 11.920940706454374]",5.140000000000051,100.0,0.0,"[50.0, 91.61942883949509, 91.6194288394951]",25
996,746129938,settled,Qk1a_0011,matched,4,"[-0.47377988456087816, 0.707079339833246, -0.49704674862137505, -0.16886668662404006]","[-0.1326638161453575, 0.6944035110734548, -0.6946712258335659, -0.1328004657126637]","[479.31584649877465, 14.816583013731403, 13.002326195831284]",5.350000000000121,100.0,0.0,"[50.0, 91.88430419316423, 91.88430419316424]",25
997,3176734675,settled,Qk1a_0008,matched,0,"[-0.44694209170526156, 0.4952759132457724, -0.012535065867450861, 0.7448405255787244]","[-0.4950276680237649, 0.4349325398426105, -0.49730248983882835, 0.5643328160554829]","[479.25065321551494, 11.986792293502265, 11.922510608883805]",5.1500000000000545,100.0,0.0,"[50.0, 93.25228009536134, 93.25228009536136]",32
998,2924323672,settled,Qk1a_0007,matched,1,"[0.7808029314754367, 0.10050712330818726, -0.580673385897103, 0.20751751558476023]","[0.6595034874975068, -0.049323134748067654, -0.7487962575882515, -0.04389240229332078]","[479.8306878475177, 11.91905931808226, 11.982293057439495]",4.929999999999981,100.0,0.0,"[50.0, 89.77347137625563, 89.77347137625561]",23
999,3932611806,settled,Qk1a_0008,matched,0,"[0.18863484293005242, 0.33663714806484407, 0.7901304930925778, 0.47622067412157004]","[0.43551273535711843, 0.49420607524004084, 0.564371985240101, 0.49756735706207966]","[479.934259109333, 11.982422291712025, 11.916352575903323]",4.969999999999994,100.0,0.0,"[50.0, 90.71972453502988, 90.7197245350299]",25
