trial,seed,status,pose_id,match_status,roadmap_pose_id,initial_quat_xyzw,final_quat_xyzw,final_pos_chute_mm,sim_time_s,actual_drop_height_mm,actual_lateral_mm,initial_pos_chute_mm,roughness_impulse_count
0,2684470948,unsettled,,not_evaluated,,"[0.349089743713377, 0.08400502135107916, 0.056934439305736904, -0.9315782183171066]","[-0.403256104946337, -0.5808505281805663, -0.5808868779779891, 0.4031967419620983]","[459.66464663345016, 3.8339312535218726, 39.98821978717611]",8.020000000000994,100.0,0.0,"[50.0, 105.28105278279538, 105.2810527827954]",11
1,4091952314,unsettled,,not_evaluated,,"[-0.17049489125704653, 0.20532709385459424, 0.2597125984666087, 0.9280741580187418]","[-8.660395482590864e-06, 0.00014234548507002787, -0.9999594307252125, 0.00900647358678516]","[459.78784989625274, 40.00181551982953, 3.832454816102705]",5.980000000000332,100.0,0.0,"[50.0, 110.57159365946116, 110.57159365946117]",18
2,233227757,unsettled,,not_evaluated,,"[-0.20480810163161187, 0.4982271422400755, 0.5959252640682177, -0.5955639645634782]","[0.27748542485920424, -0.6503560610006489, -0.6504000370893712, -0.27752229579724175]","[459.81601665002285, 3.839471313720564, 39.993174123126444]",7.910000000000976,100.0,0.0,"[50.0, 111.50513182729237, 111.50513182729239]",19
3,3276785861,unsettled,,not_evaluated,,"[-0.06476159517851178, 0.4273534090302821, -0.8690822779070483, 0.24056390794969013]","[-0.7009944947320224, -0.09310888144697188, 0.09298786181850285, -0.7009213308963522]","[459.94278439956474, 6.1662576854909394, 39.97700037879088]",8.360000000000806,100.0,0.0,"[50.0, 106.2798824950246, 106.2798824950246]",29
4,3644269654,unsettled,,not_evaluated,,"[-0.014279672063401007, -0.3020425176314726, -0.9375844928891162, 0.1717606683803424]","[-0.48694471522967653, 0.512616432645873, 0.5127891062628406, 0.4869872378096427]","[459.9941600842186, 3.8351298506052736, 39.99169517278135]",8.060000000000972,100.0,0.0,"[50.0, 107.72783885963256, 107.72783885963256]",23
5,1206282609,unsettled,,not_evaluated,,"[0.5013371598926143, -0.8114746127900386, -0.0032762861669307047, -0.30026533409139416]","[0.2476060833958703, -0.968860788438374, 8.449907410001956e-06, -4.530888210729778e-06]","[460.14351233383155, 39.988855260829475, 6.171169171685306]",4.909999999999974,100.0,0.0,"[50.0, 111.95978111800142, 111.95978111800142]",17
6,3543069911,unsettled,,not_evaluated,,"[-0.13404834235336777, 0.26953815910033546, -0.46707971399657333, 0.8313944692346683]","[-2.9303079335789295e-05, -3.512401417571365e-05, -0.995739747422558, 0.09220820630775674]","[459.6697019363299, 39.994701702965266, 3.8361457141546755]",5.1800000000000646,100.0,0.0,"[50.0, 112.86747815143352, 112.86747815143353]",5
7,3479688010,unsettled,,not_evaluated,,"[-0.32606207839901974, -0.08560879807848332, -0.6532843717329692, 0.6779190101856776]","[-0.3322931800476447, 0.6241530288771193, 0.6241379329140325, 0.33236437795759666]","[459.9904330567622, 3.834495462755515, 39.99096413369518]",8.48000000000074,100.0,0.0,"[50.0, 108.1221517670985, 108.12215176709852]",17
8,877132087,unsettled,,not_evaluated,,"[0.5724358435648497, -0.17574059521237254, 0.22115948882353434, 0.769753810448453]","[-0.13786616400468915, 0.6935645411532474, -0.6935161458919024, -0.13782780367095498]","[459.92011455080194, 6.167135792134206, 39.98729093443996]",8.210000000000889,100.0,0.0,"[50.0, 112.15550781310051, 112.15550781310053]",19
9,1244265337,unsettled,,not_evaluated,,"[-0.9163656239680553, -0.3124533183594708, 0.1567298713931644, -0.19514792970686085]","[-0.14500605270665376, 0.9894307678621758, -1.636927373099839e-05, -4.259968346541354e-06]","[459.5423082154943, 39.99765597896637, 6.1636487569251655]",6.160000000000392,100.0,0.0,"[50.0, 111.12091900297237, 111.12091900297239]",16
10,2740186692,unsettled,,not_evaluated,,"[0.6454694822641096, -0.13579899155073316, -0.5987883368552699, -0.45429099595480205]","[-0.6983089919483958, -0.11131318405340776, -0.11131462689206512, 0.6982714233446675]","[459.8016003123523, 3.837754906217388, 39.98097091876396]",7.700000000000906,100.0,0.0,"[50.0, 112.8539985466968, 112.85399854669681]",25
11,3884972972,unsettled,,not_evaluated,,"[-0.6012548493196739, -0.6463381036093496, -0.20334873870383272, -0.42354333008537154]","[-0.9718232646461246, -0.2357105766357199, 0.00021656555100246777, 0.0001394774792389808]","[460.18582225955083, 40.00468023649012, 6.168449988135261]",4.599999999999871,100.0,0.0,"[50.0, 112.99292809546421, 112.99292809546422]",18
12,829139639,unsettled,,not_evaluated,,"[0.5209095300472875, 0.10632951834513299, -0.4095752090978097, 0.7413470463466431]","[-0.5694833664017863, 0.41916458491382674, -0.4191987827655771, -0.5694401870904149]","[459.9801279687876, 6.1650117203098205, 39.995296658794615]",8.290000000000845,100.0,0.0,"[50.0, 110.37878859292996, 110.37878859292998]",27
13,2545567356,unsettled,,not_evaluated,,"[-0.20435424223634752, -0.592516211079748, -0.6028523939159808, -0.4936930974172911]","[-0.2861787308211563, -0.6465501198324013, -0.6466419975035649, 0.28623208002405953]","[459.62001093879206, 3.8341275271265816, 39.992953799152225]",9.640000000000096,100.0,0.0,"[50.0, 112.59025309029757, 112.59025309029758]",27
14,2718398101,unsettled,,not_evaluated,,"[0.04456266628605246, 0.22721982493144482, -0.0337641677325857, -0.9722372657478868]","[-0.00024626799259486193, 4.266107788697405e-05, 0.8329289173603774, -0.5533799383398155]","[459.6126877175472, 39.99246324470325, 3.831488516731707]",4.949999999999988,100.0,0.0,"[50.0, 112.86173806542679, 112.86173806542678]",16
15,176092387,unsettled,,not_evaluated,,"[0.6150094261867407, 0.09473742193381708, -0.6668593261385558, -0.40998398228323635]","[-0.5945055161949947, -0.38273525810819276, -0.3827734449636088, 0.5946102952735255]","[459.58548043440305, 3.8381112773515738, 40.00014099985799]",8.070000000000967,100.0,0.0,"[50.0, 112.53770537445212, 112.53770537445213]",17
16,3528048386,unsettled,,not_evaluated,,"[0.05964849127147125, -0.7507736843900195, 0.5184949801332069, 0.4048998492135285]","[0.6789494421306959, 0.1978235802035653, -0.19768026331518504, 0.67883429468575]","[460.031424456012, 6.1736430673649565, 39.98033026908493]",8.920000000000496,100.0,0.0,"[50.0, 113.15392684755477, 113.15392684755477]",40
17,569531098,unsettled,,not_evaluated,,"[-0.11874297779359728, -0.7836385736386496, 0.3947598820333435, 0.4647314565072098]","[0.7059590439830706, 0.040823249192061706, -0.04080439361298148, 0.7058967998268505]","[459.6442782609303, 6.173296873733504, 39.987620395852794]",9.120000000000385,100.0,0.0,"[50.0, 112.95225547505908, 112.95225547505908]",24
18,1337295874,unsettled,,not_evaluated,,"[0.7540801171321847, 0.10513828949510484, 0.3578000943176255, 0.5406368555086236]","[-0.6469722943112644, 0.28531444310547543, -0.28524920353180827, -0.6470358651832991]","[459.96333312983563, 6.169650170019313, 39.990274726035516]",7.290000000000769,100.0,0.0,"[50.0, 113.16367585258702, 113.16367585258702]",20
19,612016888,unsettled,,not_evaluated,,"[0.12009615038615984, 0.8091503209928758, -0.26528910017446583, -0.5103668935463713]","[-0.6247165176979644, -0.3312049814791901, 0.3311910868937832, -0.6247759572205166]","[459.5404936628577, 6.166962416008795, 39.98916258487969]",8.610000000000667,100.0,0.0,"[50.0, 112.66411940338675, 112.66411940338676]",29
20,232150720,unsettled,,not_evaluated,,"[-0.5359830145526445, 0.08906100796225318, -0.8028613047566096, -0.24536517743217254]","[-5.0319643201846016e-05, 8.301249194396511e-05, 0.11333435470940825, -0.9935569005444337]","[459.630745387912, 39.99207585056384, 3.825327848298057]",5.250000000000088,100.0,0.0,"[50.0, 111.76713842129783, 111.76713842129783]",17
21,2324106676,unsettled,,not_evaluated,,"[-0.04500258594739219, 0.0025524340432222146, -0.32651812985035056, -0.944115545480283]","[0.00020958497412837396, -7.745940608733237e-06, 0.570096620971509, -0.8215776279640328]","[460.35742259478627, 39.98510147126523, 3.8314125041660487]",5.0600000000000245,100.0,0.0,"[50.0, 113.07037497233432, 113.07037497233433]",15
22,1658700540,unsettled,,not_evaluated,,"[0.3856602856164407, 0.1640545618070452, -0.897042914685939, -0.1402364220176025]","[8.41544770188163e-05, -0.00020296194544358606, -0.3664438901432068, -0.9304401254788973]","[459.9569698708536, 39.98266805548069, 3.8300675878453623]",4.759999999999924,100.0,0.0,"[50.0, 113.15162038747252, 113.1516203874725]",20
23,609942288,unsettled,,not_evaluated,,"[-0.6615657420037585, 0.6011805735348285, -0.4450209339615182, 0.05356356361715848]","[0.054210698191103794, 0.9985295172447679, -5.0455358811818396e-05, -2.9100180926278085e-05]","[460.3387917703294, 40.000138929363594, 6.1752221791892925]",5.0900000000000345,100.0,0.0,"[50.0, 110.99867826638454, 110.99867826638456]",25
24,3405943863,unsettled,,not_evaluated,,"[0.7845222555156509, 0.5211125294606916, 0.14359868610630752, -0.30388481302667647]","[0.9978151544255613, 0.06606751275490132, -2.362794722138989e-05, 2.826295100971654e-05]","[459.584081059442, 40.00883269921626, 6.172514123058019]",4.969999999999994,100.0,0.0,"[50.0, 106.29005930520394, 106.29005930520395]",22
25,2257503667,unsettled,,not_evaluated,,"[0.6034227644478223, 0.39225425648930207, -0.5079168677173587, -0.4733265480620753]","[-0.3782815797171851, -0.5973857699792173, -0.5974200058790387, 0.3783155096589327]","[459.88649884433624, 3.8342194209133282, 39.99687143631317]",8.080000000000961,100.0,0.0,"[50.0, 112.90463814516947, 112.90463814516946]",26
26,4018327298,unsettled,,not_evaluated,,"[-0.7659205575247773, -0.2830695053767261, 0.5022718464389246, -0.28453531759966677]","[0.2048064780297682, -0.6768020913863848, 0.6767791475340097, 0.20484926437553289]","[459.58246422040236, 6.161021516303815, 39.98212392528665]",9.160000000000363,100.0,0.0,"[50.0, 112.46963298925631, 112.46963298925631]",28
27,2224437599,unsettled,,not_evaluated,,"[-0.6123369115304546, 0.06270447467512338, 0.5201098551092568, -0.5921126533450277]","[0.22177190765564203, -0.6714913659615748, 0.671383436502203, 0.2217224562472832]","[459.7482632399679, 6.170746548433588, 40.00179495475498]",8.970000000000468,100.0,0.0,"[50.0, 112.4375515384596, 112.43755153845959]",39
28,168388230,unsettled,,not_evaluated,,"[0.611570761245609, 0.02118769316912591, 0.654066567917755, 0.44466752791262565]","[-0.0016761782414547025, 0.7071718560631347, -0.7070377021645431, -0.001686456820401196]","[459.8154025193982, 6.164939504907634, 39.98138271699113]",7.930000000000983,100.0,0.0,"[50.0, 112.38587336771458, 112.3858733677146]",24
29,911875363,unsettled,,not_evaluated,,"[0.4179313099460675, -0.6409283940444419, -0.2553852315313794, 0.59103519132962]","[0.051706157689305095, -0.9986623409304375, -2.086727651590126e-05, -4.035968566210719e-05]","[459.8105502655669, 39.992074801339804, 6.1734465443472955]",5.470000000000161,100.0,0.0,"[50.0, 113.17459329562476, 113.17459329562476]",15
30,3699796293,unsettled,,not_evaluated,,"[-0.30739590938505207, 0.5248451890741236, -0.7006219887471803, 0.37306046598779463]","[-0.6640732146483814, -0.2431976677476068, 0.2430744552667285, -0.6639099857552022]","[459.7553159039901, 6.173803541680508, 39.976149581001835]",8.110000000000944,100.0,0.0,"[50.0, 112.32750701072104, 112.32750701072104]",22
31,3195154224,unsettled,,not_evaluated,,"[0.12201026212475458, -0.7550394894311968, 0.42152916537896845, 0.48717761450074515]","[0.6942571873881633, 0.13420138395301123, -0.13428352655927847, 0.6942369053858898]","[459.53032929809007, 6.167606011956806, 39.99653398660485]",9.22000000000033,100.0,0.0,"[50.0, 113.1652592944638, 113.16525929446381]",25
32,3621210587,unsettled,,not_evaluated,,"[-0.19518508667563716, -0.23685537345835786, 0.3018603443143305, -0.9025977213209435]","[0.0001756680107269232, 0.00012171156465434764, 0.9823286517802842, -0.18716403024773298]","[459.89471627643695, 39.99280589013474, 3.833285262074715]",5.070000000000028,100.0,0.0,"[50.0, 110.50274638856158, 110.50274638856159]",9
33,1945778437,unsettled,,not_evaluated,,"[0.5994480898969989, 0.5232689771236637, 0.5614537647935656, -0.22720307017715616]","[0.6901401384712689, -0.15388106822835257, -0.15391524876202267, -0.6901719367739343]","[459.76460097156473, 3.834698328105141, 39.995196287960695]",9.120000000000385,100.0,0.0,"[50.0, 112.89389463974032, 112.89389463974034]",18
34,2384190687,unsettled,,not_evaluated,,"[0.6271519910898339, 0.7556355349822913, 0.01241359428343946, -0.18852379431002778]","[0.9334075355426087, 0.3588180052975814, -0.00010797819370719776, -2.69229793181669e-06]","[459.5493904411829, 39.989236198808825, 6.166908781861845]",4.939999999999984,100.0,0.0,"[50.0, 112.36423612193487, 112.36423612193487]",10
35,3249086786,unsettled,,not_evaluated,,"[-0.1597703233753325, 0.4897195982284835, -0.5779003828038035, -0.6329923431090553]","[-0.12156879869204539, -0.6965954135194515, 0.6965778078712567, -0.12147104440776048]","[459.94280975948, 6.1634415096236195, 39.96577707676967]",8.28000000000085,100.0,0.0,"[50.0, 109.83037920872873, 109.83037920872874]",25
36,439485575,unsettled,,not_evaluated,,"[0.5212781417789312, 0.09256863769634534, -0.808698544051474, 0.25633339826790696]","[5.480290050069448e-05, 0.00019689380412746263, -0.9191531598865044, -0.39390027532375027]","[459.53621908711364, 39.97326623568163, 3.833318362797898]",4.909999999999974,100.0,0.0,"[50.0, 111.63021251476732, 111.63021251476734]",14
37,2217192537,unsettled,,not_evaluated,,"[-0.21740486374478168, -0.112592853649051, -0.6073056375673959, 0.7558027765932958]","[-0.14364614742732895, 0.69229852579036, 0.6924527047426325, 0.1435192921261559]","[459.7667220545416, 3.83087464430636, 39.983808368975495]",8.28000000000085,100.0,0.0,"[50.0, 109.89663328649989, 109.8966332864999]",19
38,3412522237,unsettled,,not_evaluated,,"[-0.24621569511367875, -0.5467507847628059, 0.7917514866850981, -0.11649461005935267]","[0.6997330200610931, 0.1022693555826134, -0.10227477916111578, 0.6996102837240489]","[459.90318436542606, 6.162950728135545, 39.992705053437106]",8.330000000000823,100.0,0.0,"[50.0, 112.163207862211, 112.16320786221101]",22
39,555567425,unsettled,,not_evaluated,,"[-0.4612726253349569, -0.6958366341102525, -0.5223568792301665, 0.17373034987483388]","[-0.6583922703797617, 0.2579009544215045, 0.2578178845517212, 0.6584350039433926]","[459.63343135390795, 3.833837467632356, 39.993221958001214]",8.690000000000623,100.0,0.0,"[50.0, 111.90223031823062, 111.90223031823062]",18
40,3399977417,unsettled,,not_evaluated,,"[0.8655048205669646, 0.02649245432845738, 0.32018421698658933, 0.38429366717613994]","[-0.3471040009211038, 0.6160895589381428, -0.6160387242071784, -0.34705728372872297]","[460.0205893220724, 6.169108900115732, 39.97023992585362]",7.930000000000983,100.0,0.0,"[50.0, 110.42419602365088, 110.42419602365088]",31
41,2903099886,unsettled,,not_evaluated,,"[-0.9275430186800664, -0.235950465654843, 0.17719537592713272, -0.22933191013283477]","[0.6267179411337028, -0.3277092647285399, 0.3276525815457518, 0.6264782884335393]","[459.76197616606424, 6.166826713171158, 39.98253582370782]",8.110000000000944,100.0,0.0,"[50.0, 110.27714710359895, 110.27714710359896]",22
42,151712926,unsettled,,not_evaluated,,"[0.7767554207616434, -0.4945431487690227, -0.02057994009867571, -0.3894284997127939]","[0.6632422459600638, -0.7484047613999817, -0.00012262794830575355, 0.0001457740483401249]","[459.79591401207944, 40.0036857916906, 6.168737569596319]",5.080000000000031,100.0,0.0,"[50.0, 106.31738807343535, 106.31738807343537]",14
43,1207582415,unsettled,,not_evaluated,,"[-0.43303184102989717, 0.26753182802764564, -0.22157253360287404, 0.831754626076253]","[-0.5000094845879157, 0.4999204628184457, 0.5000005380039265, 0.5000695033425874]","[459.8089348326899, 3.8436683843483115, 40.00199777202129]",9.320000000000274,100.0,0.0,"[50.0, 109.60495840799939, 109.6049584079994]",32
44,2486821540,unsettled,,not_evaluated,,"[0.1594260365462531, -0.38474526354833694, 0.9006348849824816, 0.12414195503884198]","[0.5094809907312499, 0.49037516411150206, -0.49033829319927263, 0.5094405526933892]","[459.8882907946381, 6.171734868570502, 39.999098465395605]",8.210000000000889,100.0,0.0,"[50.0, 105.4915068932219, 105.4915068932219]",20
45,1259821421,unsettled,,not_evaluated,,"[-0.32259113934371036, 0.05897052116106503, -0.5412481782532801, -0.7742789187291779]","[-4.368584074354587e-05, 0.00022515931703223635, 0.44543469735944, -0.8953144016395209]","[459.70650554928875, 39.979234524401605, 3.8322535947503606]",4.979999999999998,100.0,0.0,"[50.0, 109.21248213654758, 109.21248213654756]",20
46,597594931,unsettled,,not_evaluated,,"[-0.17871979468227023, -0.894261750835104, -0.36951140635140683, -0.17837173699402925]","[-0.6968610984074598, 0.11962181691653738, 0.11964775562724814, 0.6969645938046619]","[459.80839186082983, 3.841625626544047, 39.9795943617653]",8.520000000000717,100.0,0.0,"[50.0, 107.06721188377568, 107.0672118837757]",28
47,2865206418,unsettled,,not_evaluated,,"[-0.02304740513733, -0.04508619876411423, 0.7730641006988977, 0.632303683373775]","[-4.564257117256609e-06, 4.531772744889584e-05, -0.20715176930360735, 0.9783088175008219]","[459.76472472211435, 39.981347158651324, 3.8303949755292903]",5.1500000000000545,100.0,0.0,"[50.0, 112.92130233184783, 112.92130233184784]",18
48,3003750881,unsettled,,not_evaluated,,"[-0.3199398432093655, 0.16753826196273716, 0.4776615276337274, -0.8008800737465539]","[-5.1568048100303354e-05, -5.882542062746188e-05, 0.9632438617819752, -0.26862847321096345]","[459.8466530460724, 39.99033415348145, 3.8396536041225557]",5.020000000000011,100.0,0.0,"[50.0, 112.303943965034, 112.30394396503401]",14
49,3312495928,unsettled,,not_evaluated,,"[-0.0645330648177024, -0.0038038643413784616, 0.42946817366907813, -0.9007652868348409]","[2.573300754626917e-05, 5.469897874593732e-05, 0.9706694841031216, -0.24041786326480402]","[459.8600831155217, 39.97729738933749, 3.8393855003416544]",4.990000000000001,100.0,0.0,"[50.0, 113.15928692849407, 113.15928692849408]",12
50,3078168926,unsettled,,not_evaluated,,"[0.0747193812888315, 0.25057809186231017, 0.15564422601431893, 0.9525767732035362]","[-9.602362261593168e-05, -9.383143948116236e-05, -0.736989186293585, 0.6759045208174336]","[459.66319273374836, 39.99123300528653, 3.84550567098536]",5.130000000000048,100.0,0.0,"[50.0, 113.02471808369155, 113.02471808369157]",20
51,1005097259,unsettled,,not_evaluated,,"[-0.6801311659388386, -0.5348920800158797, 0.3007708324979351, -0.40105980373687483]","[0.7052680545238016, -0.05126782264678682, 0.05129479726982099, 0.7052215434899289]","[459.6658951779063, 6.16865955330758, 39.99419460972949]",7.95000000000099,100.0,0.0,"[50.0, 110.47761654449033, 110.47761654449035]",23
52,1646080115,unsettled,,not_evaluated,,"[-0.5522257028074862, -0.16147308682972467, 0.6507326016280868, -0.495500046989705]","[0.6404084320444516, -0.29980200163342713, 0.29976966041222264, 0.6404170131088792]","[459.5680274535865, 6.168414595649242, 39.98358373418708]",8.450000000000756,100.0,0.0,"[50.0, 111.63430599064654, 111.63430599064655]",23
53,2175304393,unsettled,,not_evaluated,,"[0.4635177847490668, -0.3631238729793856, 0.7637832286457282, 0.2644380754227277]","[0.1686468545159693, 0.6866981824772114, -0.6867065505040542, 0.16863557791636682]","[459.6009142364405, 6.166145281571601, 39.98143868138269]",7.92000000000098,100.0,0.0,"[50.0, 111.94318145173571, 111.94318145173573]",30
54,3907648593,unsettled,,not_evaluated,,"[-0.5606148293844427, 0.6692917164969598, 0.42495561750449845, -0.23910737013771846]","[0.10869432169586395, 0.9940752162794112, 9.134842551827838e-07, -9.385778340165879e-05]","[460.32071239856214, 39.98927014866903, 6.171886848930278]",5.0900000000000345,100.0,0.0,"[50.0, 112.00900052378913, 112.00900052378913]",17
55,1971688097,unsettled,,not_evaluated,,"[-0.7670451610843334, -0.5854990613356909, 0.19452063009749831, 0.17605196533582376]","[-0.995548763355957, -0.09424784625501888, 9.405630086556373e-06, 5.628720318490155e-05]","[460.26808025004317, 40.001063114941196, 6.165093408389031]",5.000000000000004,100.0,0.0,"[50.0, 112.81513642681895, 112.81513642681897]",12
56,268300483,unsettled,,not_evaluated,,"[0.16069949385948554, -0.1473121650444817, 0.9459423078805231, -0.2401415184112949]","[9.022130695265917e-05, 0.00014962003354740405, 0.7411233763542462, 0.6713688334255946]","[460.10047582664305, 39.98174591055691, 3.8255894216544344]",5.110000000000041,100.0,0.0,"[50.0, 113.12858394371152, 113.12858394371153]",17
57,3139098279,unsettled,,not_evaluated,,"[0.8218696626780811, -0.0530459906765047, 0.5409598824621232, 0.1705250304475304]","[-0.3294014297044872, 0.6258514886473494, -0.6256339157698979, -0.3292215298320584]","[459.847780587821, 6.175706169038054, 39.98991208417971]",7.790000000000936,100.0,0.0,"[50.0, 112.43362937551571, 112.4336293755157]",20
58,3174456534,unsettled,,not_evaluated,,"[0.08486702368824024, 0.578487481595668, -0.8085728801483829, 0.06602817138123637]","[-0.6520785579287259, -0.27351605052235384, 0.2734653472482305, -0.6520730237102675]","[459.68462859436585, 6.1706743035330955, 39.99069031980654]",8.200000000000895,100.0,0.0,"[50.0, 111.86832992140646, 111.86832992140647]",26
59,997026310,unsettled,,not_evaluated,,"[0.11339847940532417, -0.26350367621587667, -0.34201138662076364, 0.8948378673877303]","[-9.100103681709826e-05, -6.65413383504343e-05, -0.9568985389459389, 0.2904224052207216]","[459.533550824094, 40.00153292966206, 3.838951881304172]",5.000000000000004,100.0,0.0,"[50.0, 112.83978050734036, 112.83978050734038]",26
60,4280428995,unsettled,,not_evaluated,,"[0.040082764222048275, -0.3945078544329628, 0.8849169822152643, -0.24429256924853357]","[4.55115774937731e-05, -0.00011359768523397373, 0.6536564553261357, 0.7567914002119303]","[460.06097187259945, 40.001320274635894, 3.8349998987547638]",5.210000000000075,100.0,0.0,"[50.0, 106.27088701848115, 106.27088701848116]",17
61,345698675,unsettled,,not_evaluated,,"[0.1799933627723881, -0.12901717489034167, -0.7131556542542776, -0.6651059845967076]","[-9.221252270477653e-05, 0.00011004452458446279, 0.8108286200473163, -0.5852836306434841]","[460.32175028870876, 39.99989001289974, 3.8303510145971593]",5.830000000000282,100.0,0.0,"[50.0, 110.56508872579029, 110.56508872579029]",15
62,2296661869,unsettled,,not_evaluated,,"[0.17970682933787863, 0.07114079317206774, 0.5188104045949198, -0.8327545899724789]","[-6.426030780570803e-05, -3.820382286945368e-05, 0.8179496431163078, 0.575289818906076]","[460.2968579770396, 39.99118935465462, 3.8354163422395295]",5.830000000000282,100.0,0.0,"[50.0, 111.23813944179831, 111.23813944179831]",12
63,1808063307,unsettled,,not_evaluated,,"[0.2033581204969602, 0.7445317657791194, 0.5727615353710702, -0.2761560214319879]","[0.6806381933010415, -0.1910983530723509, -0.19115061624979218, -0.6809364957029795]","[459.5285729581081, 3.8409920517812264, 39.986219852546455]",8.620000000000662,100.0,0.0,"[50.0, 113.14916661976508, 113.14916661976508]",22
64,3884888703,unsettled,,not_evaluated,,"[0.6793004957295425, 0.4230084733751552, -0.5069137185358015, -0.32039530257889964]","[0.9995920447770902, 0.028560892136259692, -9.593595195681386e-06, 0.00013916428992377663]","[459.8595578489064, 40.006900246098624, 6.1651141238233915]",5.280000000000098,100.0,0.0,"[50.0, 112.83282659468146, 112.83282659468148]",19
65,2494461129,unsettled,,not_evaluated,,"[0.6988770933263098, 0.586695007864493, -0.028007765136989552, -0.40813642481734236]","[0.9972565465927394, -0.07402271356564916, -2.2090572168176337e-05, -0.0001329146636439571]","[459.92625977835223, 39.992924136467956, 6.150299584401487]",4.909999999999974,100.0,0.0,"[50.0, 108.48868902064423, 108.48868902064424]",19
66,3862701690,unsettled,,not_evaluated,,"[0.32442249600288015, -0.49395592226430945, -0.12500221364868, 0.7969517159340374]","[-0.20530887607736154, 0.6766530307944559, -0.6766347532175595, -0.20531525042904186]","[459.83642722525803, 6.1676297797332404, 39.982803610342735]",8.240000000000872,100.0,0.0,"[50.0, 112.0013240758996, 112.00132407589962]",26
67,1989052338,unsettled,,not_evaluated,,"[-0.42870128489106196, -0.8600027388149851, 0.11578295519546317, 0.25140565795081565]","[-0.8257149000337755, -0.564087625727359, 0.00023299096492451765, 8.870930942428412e-06]","[459.8847942886016, 39.996317072643365, 6.1622682060389105]",5.0300000000000145,100.0,0.0,"[50.0, 112.76862298442181, 112.76862298442181]",13
68,2910179760,unsettled,,not_evaluated,,"[0.6874480246775395, -0.6293776814475954, 0.0713303005926424, -0.35526178471651215]","[0.7077256362200601, -0.7064873810168872, -5.7805504535879404e-05, -3.097312387950746e-05]","[459.64129050877335, 40.003255768198215, 6.169698676234323]",4.899999999999971,100.0,0.0,"[50.0, 110.91940670123948, 110.9194067012395]",17
69,1983180500,unsettled,,not_evaluated,,"[0.5537040183723525, -0.21712226630328488, -0.041601373278368714, -0.8028319296434271]","[0.08230325465673141, -0.7023211222203347, -0.702279626528974, -0.08230760425625255]","[459.737710368275, 3.8354097999909325, 39.99474204381294]",9.000000000000451,100.0,0.0,"[50.0, 112.06916722824069, 112.0691672282407]",25
70,2796940620,unsettled,,not_evaluated,,"[0.6429623651661133, 0.4498104375355989, 0.5600263962080593, -0.2657826232360657]","[0.6992009020873611, -0.10429933396308427, -0.10443438165177851, -0.699523557418968]","[459.96886907209085, 3.8408064589986433, 39.9844948857525]",9.260000000000307,100.0,0.0,"[50.0, 113.0421164099854, 113.04211640998538]",27
71,2835193311,unsettled,,not_evaluated,,"[-0.03739039526881122, -0.9208521173882708, -0.08934805188513095, -0.3776906960298498]","[-0.5030340225783951, -0.8642666087692571, 2.7837080803450043e-05, -1.7893677033919975e-05]","[460.0647250828468, 39.994909438577935, 6.173769714509318]",4.749999999999921,100.0,0.0,"[50.0, 112.8572217099333, 112.8572217099333]",15
72,1671370085,unsettled,,not_evaluated,,"[-0.8264346652783222, -0.1321621962163896, -0.3527524311990733, 0.41845503964071346]","[-0.35025630134071195, 0.6141909232932938, 0.614291421464319, 0.35033709856451417]","[459.9483582761536, 3.837333660690334, 39.991957531866944]",8.890000000000512,100.0,0.0,"[50.0, 111.82591192259873, 111.82591192259875]",29
73,3953588250,unsettled,,not_evaluated,,"[0.4702031123833249, 0.021406761150447595, -0.8422546634947904, 0.26278863275141723]","[3.7096783939788436e-05, -4.5258594090769044e-06, -0.8951655255823574, -0.44573386724839203]","[459.9955220792906, 40.00346529914078, 3.836970378992034]",4.929999999999981,100.0,0.0,"[50.0, 112.81888628919613, 112.81888628919614]",24
74,358542842,unsettled,,not_evaluated,,"[0.10735659184234503, 0.2029367794254412, -0.02907667244048502, -0.9728544458778069]","[-4.782992094598538e-05, 8.274808688590875e-06, 0.8498004299311717, -0.5271045692579623]","[459.5675444634331, 40.00876344132985, 3.840133878185919]",4.869999999999961,100.0,0.0,"[50.0, 112.67034766810671, 112.67034766810673]",8
75,3497188667,unsettled,,not_evaluated,,"[0.2919765679122567, -0.048747198747361525, 0.9150532874671483, 0.2739541485358981]","[-1.0392209982945655e-05, 1.704420751287572e-05, 0.31956562365588076, 0.9475641465246165]","[460.3830620672559, 39.99376966936079, 3.833895934598916]",5.140000000000051,100.0,0.0,"[50.0, 112.97585205109151, 112.97585205109152]",10
76,253549709,unsettled,,not_evaluated,,"[0.30010673307083396, 0.5155344203869836, -0.6703577212910298, 0.44133970551866974]","[-0.70600624371345, 0.040549235191351125, -0.04066058809143723, -0.7058736855408902]","[459.68887048592103, 6.171796729374922, 39.994762456815906]",8.1900000000009,100.0,0.0,"[50.0, 112.11555771300551, 112.11555771300553]",27
77,1953331372,unsettled,,not_evaluated,,"[-0.14150696466078264, -0.1808100534266529, 0.05662958103217592, -0.971636039926712]","[-5.0922902391503655e-05, -2.570903136189795e-05, 0.8505351322992514, -0.5259182307836445]","[460.31202751512234, 40.00273471415373, 3.837301059619401]",5.080000000000031,100.0,0.0,"[50.0, 112.73117926038263, 112.73117926038265]",10
78,890775398,unsettled,,not_evaluated,,"[0.6001554371354401, -0.15560007509735826, -0.7567404099813465, 0.2072342148578009]","[0.00029444390150668015, -0.00016187106773066226, -0.5963520029850414, -0.8027229756499283]","[459.901715884064, 39.996540483393645, 3.835164441078214]",4.669999999999894,100.0,0.0,"[50.0, 112.78857923762095, 112.78857923762097]",19
79,642810498,unsettled,,not_evaluated,,"[0.2022732219215205, -0.9256380572142716, -0.08491884377451847, -0.3083318353690952]","[-0.1223831991944044, -0.9924829090375004, 5.722271923608302e-05, 0.0001566810906157151]","[459.8220506961244, 39.97574036513064, 6.1626053156339164]",4.909999999999974,100.0,0.0,"[50.0, 112.14445127857957, 112.14445127857958]",25
80,1233062494,unsettled,,not_evaluated,,"[0.6484705890085933, -0.1699505138861542, -0.1394193506500166, -0.7288106494042248]","[-0.022652954593906253, -0.7067003619411237, -0.7067880622639848, 0.02262912109589961]","[459.9156528737597, 3.8415528816060673, 39.99644082225015]",8.75000000000059,100.0,0.0,"[50.0, 112.89228796595202, 112.89228796595202]",21
81,908446902,unsettled,,not_evaluated,,"[0.22250656114612832, 0.8486682401872814, -0.3923837536671801, 0.2762028931825312]","[-0.5939303135275973, -0.3837539034714985, 0.38372242902351983, -0.5939165107215725]","[459.85501230711645, 6.162970176641944, 39.98030328198694]",7.780000000000933,100.0,0.0,"[50.0, 109.71301136449841, 109.71301136449841]",18
82,3109591194,unsettled,,not_evaluated,,"[-0.7393603768084694, -0.47008268318612156, -0.4348076896123711, -0.2081124148822611]","[-0.9999646281636322, -0.008410576759485009, 3.898827989720155e-05, 5.567814465795573e-05]","[460.0984682598189, 39.979948167750855, 6.1710906380507415]",4.479999999999831,100.0,0.0,"[50.0, 112.89096642038956, 112.89096642038956]",9
83,2446198906,unsettled,,not_evaluated,,"[0.46838088924676186, -0.6025678945606854, 0.5917783634461127, -0.25947956295276087]","[0.16125809042864347, 0.688558340871747, -0.6883954351560937, 0.16122953930191244]","[459.6349112092498, 6.173207161545676, 39.99539260808773]",7.420000000000813,100.0,0.0,"[50.0, 113.1693729483348, 113.1693729483348]",29
84,3358664237,unsettled,,not_evaluated,,"[0.024765616581336785, 0.0070959192151057865, -0.5881586200781739, -0.8083351716915311]","[0.00021618535132811314, 4.51789247212231e-05, 0.45404011310671316, -0.8909812158024443]","[459.70560852630973, 40.00205445433552, 3.8403267515945103]",5.140000000000051,100.0,0.0,"[50.0, 112.80181028197701, 112.80181028197703]",11
85,896344283,unsettled,,not_evaluated,,"[-0.38634312381259117, -0.4288502954339026, -0.23248445573040505, 0.7828009917167457]","[-0.031095994386190873, 0.7064424366805475, 0.7064048500130395, 0.031053351961420006]","[459.8007777183896, 3.833766369558296, 39.99338555017776]",7.990000000001003,100.0,0.0,"[50.0, 111.6955979852075, 111.69559798520751]",21
86,1869944201,unsettled,,not_evaluated,,"[0.670371325755256, 0.3999286459601908, 0.031112881082000495, -0.6242526350576072]","[0.0320248574121648, -0.7063061710596531, -0.7064572880080592, -0.032001585133878394]","[459.7514488768831, 3.842411609930478, 39.99936436818616]",8.220000000000883,100.0,0.0,"[50.0, 113.07607449065584, 113.07607449065586]",27
87,3190319407,unsettled,,not_evaluated,,"[-0.4447457840659689, 0.06240244522790489, 0.13797312136129672, 0.8827630147253258]","[0.46796940291985445, 0.5300264898965203, 0.5301283637754535, -0.4680176020830513]","[459.730110011467, 3.834277656700701, 39.98762029073441]",8.120000000000939,100.0,0.0,"[50.0, 107.09620497505959, 107.09620497505959]",21
88,987968938,unsettled,,not_evaluated,,"[-0.8775247888270632, -0.11605795115981574, -0.46151621007641014, -0.05902190104792356]","[-0.955429000514982, 0.295220976389239, -4.485917459842726e-06, -7.389421586345702e-06]","[460.02911774229125, 39.99838037009123, 6.16685899903404]",4.569999999999861,100.0,0.0,"[50.0, 112.72225550695144, 112.72225550695146]",16
89,48960437,unsettled,,not_evaluated,,"[0.2114012471439735, 0.6114095541866983, 0.6451706556466325, -0.406500547167762]","[0.6252645724162827, -0.3303399558534962, -0.3302823477394907, -0.6251666168466478]","[459.564702377962, 3.8316681296646644, 39.99290527945762]",8.39000000000079,100.0,0.0,"[50.0, 112.78803303757317, 112.78803303757316]",27
90,2405484524,unsettled,,not_evaluated,,"[-0.3417230195255686, -0.4212427763487342, 0.8142340509593118, 0.20688840363521335]","[0.48634184074927306, 0.5132886531258278, -0.513364391817545, 0.4862749980439921]","[459.86652459305503, 6.169403204894834, 39.9886788837555]",8.050000000000978,100.0,0.0,"[50.0, 110.7370858534488, 110.73708585344882]",27
91,3763400334,unsettled,,not_evaluated,,"[0.10769911928143597, 0.8032662467918286, -0.5638345914346622, 0.15891755715678432]","[-0.5886706175693134, -0.39173088838284725, 0.39171471254691914, -0.5887048488603037]","[459.5578311144955, 6.162567115768853, 39.9973500150926]",8.010000000001,100.0,0.0,"[50.0, 112.61023497687975, 112.61023497687977]",23
92,4209925572,unsettled,,not_evaluated,,"[-0.2551440352611338, -0.7322693535047043, 0.09629130523668734, 0.6240281241452846]","[-0.7028961232929584, 0.07769548153230285, 0.07765908905365987, 0.7027585061004594]","[459.67275092636936, 3.8330985589395925, 39.99071581714493]",9.11000000000039,100.0,0.0,"[50.0, 113.12513879761791, 113.12513879761792]",23
93,4172993659,unsettled,,not_evaluated,,"[0.02061258821177018, -0.08279958466112873, -0.5816412641634049, -0.8089578417999006]","[7.005716448776901e-05, -0.00011468752065266209, 0.37657469985965336, -0.9263862463165018]","[459.95888128057334, 39.98582903708633, 3.8354196541989722]",5.210000000000075,100.0,0.0,"[50.0, 112.85295887565344, 112.85295887565343]",16
94,2147595062,unsettled,,not_evaluated,,"[0.2212092258062878, -0.37459868996068196, -0.8561954135913807, 0.2786964543064874]","[-3.633578781631064e-05, -0.00024243836132575858, -0.65580106006243, -0.7549337120067858]","[460.3685837512751, 40.00288055174267, 3.8318425325661667]",5.0600000000000245,100.0,0.0,"[50.0, 108.88823698304849, 108.88823698304847]",16
95,3425188374,unsettled,,not_evaluated,,"[0.5059250338539225, 0.5109554085324367, 0.07321181329946617, 0.6910893292511195]","[-0.6923386103398352, 0.1443519823595659, -0.14434478444716045, -0.6920941677434308]","[459.94546389986533, 6.167111705915315, 39.99810285535539]",7.610000000000876,100.0,0.0,"[50.0, 112.8915917203137, 112.8915917203137]",33
96,3309235867,unsettled,,not_evaluated,,"[-0.24306734196876895, -0.9520584383161628, 0.18532314741948006, -0.012582858568879786]","[-0.9774169446603193, -0.21131961670122176, 0.00033779099565145465, -0.00014759870696828825]","[459.91355589337616, 40.00812407552538, 6.16312639131213]",5.5600000000001915,100.0,0.0,"[50.0, 112.24606450203433, 112.24606450203434]",16
97,3869940862,unsettled,,not_evaluated,,"[0.4370446962991622, 0.5315879670277385, -0.0712213307553231, -0.7220344097018713]","[0.024409482444716954, -0.7067508472051796, -0.7066108039613718, -0.0246695939692164]","[459.9136843579116, 3.830459392075901, 39.98956055515264]",8.050000000000978,100.0,0.0,"[50.0, 112.8564160925149, 112.85641609251489]",19
98,3445858407,unsettled,,not_evaluated,,"[0.3661788719150667, -0.41659059920173236, 0.7948487591076118, 0.24613158384254633]","[0.4850502384355199, 0.5145172469553626, -0.5145055643495333, 0.48505906138581534]","[459.6890665232588, 6.165575922709668, 39.9852063336201]",8.30000000000084,100.0,0.0,"[50.0, 111.09224499066457, 111.09224499066458]",22
99,683688611,unsettled,,not_evaluated,,"[-0.682405748726563, 0.305727349839879, -0.6632158721570864, 0.03158937453857804]","[-0.10624876302674954, -0.6992275730508307, 0.6989285516073706, -0.10625855819064195]","[459.56063801927047, 6.168085347442738, 40.00303318907153]",7.670000000000896,100.0,0.0,"[50.0, 113.13480319909642, 113.13480319909644]",28
100,3671515462,unsettled,,not_evaluated,,"[0.6402118711341894, -0.3304223695691226, -0.27371010904364496, 0.6372068690421518]","[0.06217207174809051, 0.7043834301237762, -0.7043586695861759, 0.06210862613523222]","[459.6704753233525, 6.166380189843168, 39.99476196502072]",8.950000000000479,100.0,0.0,"[50.0, 112.91113532105865, 112.91113532105864]",33
101,3027130951,unsettled,,not_evaluated,,"[0.4323985038399516, -0.027103271289900536, 0.5777234325488388, 0.6917604947135565]","[-0.00018929184046945213, 0.00013661439481593707, -0.2766272133151516, 0.9609772787941451]","[460.35924376943376, 39.97368661609241, 3.8414565057985595]",5.330000000000115,100.0,0.0,"[50.0, 107.66624293696428, 107.66624293696428]",21
102,3369736057,unsettled,,not_evaluated,,"[0.392632373983932, 0.52958689597549, 0.7336367340362236, 0.1647867742977288]","[0.5747981562377269, 0.41173491237719045, 0.41175820640125277, -0.5749231435389257]","[459.73716769665464, 3.834344810336083, 39.97962436528135]",9.570000000000135,100.0,0.0,"[50.0, 112.86865714917968, 112.8686571491797]",35
103,1655287705,unsettled,,not_evaluated,,"[-0.338374559147956, -0.8339932412337537, -0.3591333831681041, -0.24694360569181797]","[-0.36223085568440067, -0.9320884079370393, -8.274919111966872e-05, -1.1494078564572296e-05]","[459.66193840340657, 39.96476885423251, 6.169923319306103]",4.939999999999984,100.0,0.0,"[50.0, 110.42992720187522, 110.42992720187523]",11
104,3004971955,unsettled,,not_evaluated,,"[0.5983807723644567, 0.14162009627689387, 0.0638763219609358, 0.7860050986398133]","[-0.4019700649190286, 0.5819022282484093, -0.5817046733965916, -0.4017829471457107]","[459.9838495425365, 6.175443234714143, 39.99956968951635]",8.10000000000095,100.0,0.0,"[50.0, 112.4359575537712, 112.43595755377122]",20
105,1256815592,unsettled,,not_evaluated,,"[-0.8963728679837667, 0.2073247730587596, -0.3124893183533954, -0.23639489405171335]","[-0.12360805137430206, 0.9923311076188295, -4.1138124594553016e-05, -0.00014420502669975493]","[460.03521209923974, 39.99935608852659, 6.1673364533659205]",5.510000000000175,100.0,0.0,"[50.0, 109.4203320850822, 109.4203320850822]",9
106,267482411,unsettled,,not_evaluated,,"[0.4002740386498517, -0.1331578089714626, 0.5374979806924249, 0.7301682084591344]","[-0.016542171512669478, 0.7069905313299606, -0.7068359175455882, -0.016544813051590175]","[459.76368469737275, 6.176560690052138, 39.99873407020415]",8.1900000000009,100.0,0.0,"[50.0, 105.75911989404314, 105.75911989404315]",29
107,2210323869,unsettled,,not_evaluated,,"[-0.03946429185382657, -0.17456744636691948, 0.9180226636504986, 0.35384059315100097]","[-3.1559291379656966e-06, -3.9920956095867994e-05, 0.1469768138051443, 0.9891399368138188]","[460.3487925465616, 39.9951670524307, 3.839324963946379]",5.110000000000041,100.0,0.0,"[50.0, 112.7631254870139, 112.76312548701388]",15
108,3218958405,unsettled,,not_evaluated,,"[-0.404214603219616, -0.0038812743139640593, -0.9040684339258072, 0.13876511460971241]","[-3.563737146689006e-06, -7.058398698434055e-05, -0.7119112452501927, -0.7022694453637583]","[459.84905662461506, 39.998610649660186, 3.837137637596383]",5.740000000000252,100.0,0.0,"[50.0, 112.876204805028, 112.87620480502801]",17
109,3163371865,unsettled,,not_evaluated,,"[0.8462289503461226, -0.5167025404202564, -0.06457889602577149, 0.11289204802573749]","[0.5808309978195373, -0.8140241648076786, -7.29945320805947e-05, -7.584800940829695e-05]","[459.74293031292876, 40.003513335190355, 6.16807464425708]",5.020000000000011,100.0,0.0,"[50.0, 113.16477375974749, 113.16477375974749]",9
110,1394697297,unsettled,,not_evaluated,,"[-0.527043442183119, 0.08164700032060408, 0.5638111724638022, -0.6306155240678819]","[0.6800810136215164, -0.19384345558057867, 0.19377798013465922, 0.6799739877782406]","[459.55282783061114, 6.174505772374463, 40.00197081313998]",8.110000000000944,100.0,0.0,"[50.0, 110.44764690144287, 110.44764690144287]",33
111,4178031102,unsettled,,not_evaluated,,"[0.14205173309217967, 0.22217751906063563, 0.8725296558567031, -0.4112790473634079]","[0.45836085399660553, -0.5383306775668397, -0.5384287437839218, -0.4584756231046506]","[459.64753525602794, 3.8378342644045245, 39.993471202983926]",8.240000000000872,100.0,0.0,"[50.0, 109.16944835163481, 109.16944835163481]",16
112,643453088,unsettled,,not_evaluated,,"[0.16125469630250971, -0.1583389287120832, -0.45793045026355916, -0.8597821871242212]","[7.77370941053568e-05, 5.996842862221464e-05, 0.9790737242091131, -0.20350585476597327]","[460.3021083117831, 39.98187492388104, 3.8336230849892323]",6.000000000000338,100.0,0.0,"[50.0, 110.5744901242033, 110.57449012420328]",17
113,3249835323,unsettled,,not_evaluated,,"[-0.4388154353499695, -0.6030056891706321, 0.6417647301759779, -0.17878250369827034]","[0.6877807220595156, -0.16433002212034575, 0.16426137334237229, 0.6877292515379114]","[459.54279941195733, 6.173101140604785, 39.98090640736565]",8.630000000000656,100.0,0.0,"[50.0, 113.14468375059081, 113.14468375059083]",28
114,349764347,unsettled,,not_evaluated,,"[-0.30489753517779516, -0.43322652470872064, -0.6190352861678763, 0.5797823607271656]","[-0.21956369373110968, 0.6721273084269427, 0.6721738880870118, 0.21958809128888185]","[459.84363599437734, 3.839268440113057, 39.97279581403039]",8.180000000000906,100.0,0.0,"[50.0, 110.33562784758224, 110.33562784758223]",18
115,317791015,unsettled,,not_evaluated,,"[0.5443368254782056, 0.8017468445001573, -0.08128455950703292, 0.2330069487120453]","[0.9892071011329313, -0.14652407832728392, 2.8212447793080075e-06, 7.43677558235345e-05]","[460.18804880500124, 39.9883672981309, 6.163813001300859]",5.440000000000151,100.0,0.0,"[50.0, 112.01126532948565, 112.01126532948567]",17
116,4067508317,unsettled,,not_evaluated,,"[0.5955590242325951, 0.7207480982005338, 0.2068895066340097, 0.28814642048821065]","[0.902916386649243, 0.42981622232726713, -0.00010029099245709161, 6.071498113863205e-05]","[460.1571289410961, 39.9828186702182, 6.165062094476866]",4.779999999999931,100.0,0.0,"[50.0, 112.94614781681183, 112.94614781681184]",12
117,2385507088,unsettled,,not_evaluated,,"[0.7935180967557761, -0.5842239107778282, 0.16865601414313822, -0.02380338400102947]","[0.2993449832754596, -0.9541449424594287, 8.011960015563702e-05, 5.785981291492326e-05]","[459.55858057709577, 40.009664219662916, 6.172679015126327]",4.889999999999968,100.0,0.0,"[50.0, 113.18169865425715, 113.18169865425716]",9
118,1526028037,unsettled,,not_evaluated,,"[0.2630177601705282, -0.7900518183688993, 0.4937222272738805, -0.25075514834713364]","[0.10728123112391473, 0.6990452934109529, -0.698812955723895, 0.10717680775692826]","[459.7870067559319, 6.174099847573659, 39.999314332335004]",7.330000000000783,100.0,0.0,"[50.0, 111.979672972742, 111.979672972742]",31
119,297824171,unsettled,,not_evaluated,,"[-0.933932999720975, 0.21481804800681226, 0.26642393429049765, 0.10315350464185136]","[-0.6898011910900471, 0.7239988056745856, 6.216455766661078e-05, -0.00020564069088760406]","[459.6940507176556, 39.998211035804474, 6.172645130211034]",4.959999999999991,100.0,0.0,"[50.0, 111.95355759795875, 111.95355759795876]",17
120,1353143832,unsettled,,not_evaluated,,"[0.5671219962586049, 0.5721035472805955, -0.5847319661804703, 0.09570109861091201]","[-0.5772781728899522, 0.40841950583297093, -0.408324391260535, -0.5772474424903968]","[459.5357206232436, 6.170240514966653, 39.98992945238299]",8.960000000000473,100.0,0.0,"[50.0, 112.72786442847142, 112.72786442847143]",28
121,1739382006,unsettled,,not_evaluated,,"[0.9563955010837077, 0.2085247552370943, 0.03434642180192158, -0.2016070317959121]","[0.955187302929787, -0.29600205406406077, 1.5588415109707432e-05, 8.281153230871308e-06]","[459.57386243427015, 40.000479224962774, 6.170381960752806]",5.000000000000004,100.0,0.0,"[50.0, 110.89931830074214, 110.89931830074215]",22
122,580680804,unsettled,,not_evaluated,,"[-0.16968873215430308, -0.36406722040316836, 0.42312173284399845, -0.8121753458477228]","[-5.8238221379436274e-05, 1.1180982175673648e-06, 0.9999994923525279, 0.0010059332712027828]","[460.04130022250433, 39.992259485904945, 3.8334862203593354]",5.050000000000021,100.0,0.0,"[50.0, 108.7760750587536, 108.77607505875362]",13
123,2823014988,unsettled,,not_evaluated,,"[-0.41227841655831576, -0.6776159921022714, -0.6077500533991811, 0.03876786144108055]","[-0.70623043322889, -0.03395005727799117, -0.034157049663295, 0.7063421725696795]","[459.90973333740067, 3.8311827872698525, 39.97801035064412]",9.050000000000423,100.0,0.0,"[50.0, 112.93749408479015, 112.93749408479016]",28
124,3517474495,unsettled,,not_evaluated,,"[-0.23672114932782023, 0.04142403951345284, -0.8289665791097921, -0.5050361938815002]","[5.654614030309313e-05, -4.507817446695525e-05, 0.060118219077963185, -0.9981912614851857]","[459.74886666924164, 39.989067580613394, 3.8340809264212004]",5.140000000000051,100.0,0.0,"[50.0, 112.648962737713, 112.64896273771302]",13
125,1323262800,unsettled,,not_evaluated,,"[-0.6415921793379193, -0.5698607289892506, 0.4583733999693336, -0.23132671953065048]","[0.7061942494369426, -0.036748308892023955, 0.03668645861670885, 0.7061114271911582]","[459.55450835881066, 6.171355805218413, 39.989089069419435]",8.1900000000009,100.0,0.0,"[50.0, 110.87249075618615, 110.87249075618617]",26
126,975802718,unsettled,,not_evaluated,,"[0.1828500380211907, -0.3326974519297312, -0.8638549380056043, -0.3311086153491733]","[-0.6851451350873315, 0.17468273652651584, 0.17469476800806236, 0.6852326783337025]","[459.61099392385637, 3.841628069127908, 39.98338574310918]",8.10000000000095,100.0,0.0,"[50.0, 104.0945189222441, 104.09451892224409]",15
127,2199045525,unsettled,,not_evaluated,,"[-0.22696590219673, 0.3044849169639917, -0.8281543798994311, 0.4122326256312622]","[4.1886051660222634e-05, 8.620620863730721e-05, -0.6989048959891352, -0.7152146091743823]","[459.7427135662572, 39.98639806391234, 3.8320532877212306]",5.250000000000088,100.0,0.0,"[50.0, 112.59491057050161, 112.59491057050163]",24
128,1193102617,unsettled,,not_evaluated,,"[0.264923181569912, 0.29490665124873133, -0.18009117139264283, -0.9002293846029246]","[1.642642821025886e-05, 1.6117057425324433e-06, 0.7866470963578595, -0.6174029037179236]","[459.60254730758066, 40.000603559252184, 3.8374547431502086]",4.759999999999924,100.0,0.0,"[50.0, 111.27659826068442, 111.27659826068444]",10
129,884894373,unsettled,,not_evaluated,,"[0.24323434425598156, -0.33171914018306525, 0.7142081939729147, 0.5663092101251029]","[0.29443596896917285, 0.6429174813053381, -0.6428910094098743, 0.2943734404275249]","[459.5987940207465, 6.170786721575238, 39.98253432410232]",8.28000000000085,100.0,0.0,"[50.0, 105.23480079486477, 105.23480079486477]",28
130,3411013638,unsettled,,not_evaluated,,"[0.3126121128521153, -0.6949372831241458, -0.027806151001005218, -0.6469641855533245]","[0.167638430770432, -0.6869497001015001, -0.6869396184236684, -0.16766462566454202]","[459.7022789541227, 3.8358087928445985, 39.980068132483545]",9.680000000000074,100.0,0.0,"[50.0, 113.17505350656282, 113.17505350656283]",32
131,805745625,unsettled,,not_evaluated,,"[-0.3424978912137264, 0.6707485143263009, 0.13948719511167293, -0.6429113060470228]","[-0.3470832426957671, -0.6160819328133853, 0.6160634766388103, -0.3470476443550898]","[459.5590131164696, 6.17169034778527, 39.99128698670557]",8.830000000000545,100.0,0.0,"[50.0, 113.15163758003976, 113.15163758003978]",27
132,3780170430,unsettled,,not_evaluated,,"[-0.45454422231488245, -0.5278795953913799, 0.4315643283729163, 0.5731360337700163]","[-0.9286574417197718, -0.37093847868666996, -2.7087985452423083e-05, 1.5308451922269043e-05]","[459.75168729380835, 39.98895820491229, 6.1632253083799515]",5.400000000000138,100.0,0.0,"[50.0, 112.87628522427417, 112.87628522427418]",16
133,3127142703,unsettled,,not_evaluated,,"[0.8109661425997057, 0.5741242930685939, -0.029942342788381628, 0.10871369634863957]","[0.9944276035804485, -0.10542162365175452, 0.00013605043786734522, -6.319930792497708e-05]","[459.85524755032486, 39.98185972083327, 6.167925483278752]",5.130000000000048,100.0,0.0,"[50.0, 113.0940705964072, 113.0940705964072]",14
134,2145807442,unsettled,,not_evaluated,,"[-0.9662686388106635, 0.17809795131962475, 0.1504178008414682, -0.10945557352988719]","[-0.8671872932561909, 0.4979821245276421, -3.826329596662292e-05, 2.4532777839314512e-05]","[459.74179804855123, 40.001505344756815, 6.176572755374958]",5.050000000000021,100.0,0.0,"[50.0, 113.17919778847944, 113.17919778847946]",13
135,7356014,unsettled,,not_evaluated,,"[0.4988490939016427, -0.7433352498905929, -0.3422532345282446, 0.2854207617510581]","[-0.04001432520852783, -0.9991990851587486, 0.00018514623345172732, 8.784587956312678e-05]","[460.32966044710173, 39.99028925375479, 6.170162695178311]",5.210000000000075,100.0,0.0,"[50.0, 112.53910101889963, 112.53910101889964]",18
136,1854214563,unsettled,,not_evaluated,,"[-0.4786522849747108, 0.042381572721339654, -0.04037269627946136, 0.8760512757694499]","[0.2920142505782449, 0.6439224144586897, 0.6440355550671841, -0.29207842341778967]","[459.8817509545582, 3.8397471510218453, 39.99986955295508]",8.250000000000867,100.0,0.0,"[50.0, 108.47675940656103, 108.47675940656104]",22
137,3246756741,unsettled,,not_evaluated,,"[-0.08399953635894963, -0.5055213412894473, 0.5871633428450268, 0.626603112194197]","[0.16155612526200827, 0.6884120818329175, -0.6884012344734968, 0.16153069167239034]","[459.6656050460076, 6.167072711337298, 39.994890849014574]",7.990000000001003,100.0,0.0,"[50.0, 110.62435468430382, 110.62435468430384]",27
138,4269520782,unsettled,,not_evaluated,,"[-0.5194752963382888, -0.681171635858136, -0.44299430503509846, -0.2643986851386907]","[-0.7408039054068976, -0.6717213247756448, -0.00014273935390607395, -0.00012329240939878972]","[460.0316756128969, 39.987682347696754, 6.165467703481142]",4.809999999999941,100.0,0.0,"[50.0, 111.74745254458558, 111.7474525445856]",14
139,3093880402,unsettled,,not_evaluated,,"[-0.05416076341648033, -0.7478633609396701, 0.6225989594738519, -0.22391413696379583]","[0.6487370612209622, 0.28152833842562913, -0.2813811461092626, 0.6486190489616628]","[459.7614717233978, 6.171158431698891, 39.99294893963559]",7.95000000000099,100.0,0.0,"[50.0, 113.14421870605511, 113.14421870605513]",28
140,721312908,unsettled,,not_evaluated,,"[0.9460509825279109, 0.08363880904516226, 0.11253047497721545, -0.29211124641287545]","[0.9695359085495887, -0.24494904331934375, 0.0002583996177628334, -0.00014642233277684102]","[460.2796806779734, 39.98257956636549, 6.171331942548586]",4.969999999999994,100.0,0.0,"[50.0, 107.7219456420938, 107.72194564209381]",14
141,2185234596,unsettled,,not_evaluated,,"[0.658049694064986, 0.4307563872776133, -0.5116749430735624, 0.3458443112025753]","[-0.568958943678449, 0.41985184998141617, -0.4199058303715118, -0.5689369368352676]","[459.7332226744572, 6.167039344357434, 39.98651577572008]",8.620000000000662,100.0,0.0,"[50.0, 113.02720419363781, 113.02720419363783]",33
142,1811372632,unsettled,,not_evaluated,,"[-0.7830079767653161, 0.2912889024962417, -0.5406254869584637, 0.09886033813084501]","[-0.6722636462417194, 0.740311817283283, 2.3431690320319103e-05, -5.082781994078521e-05]","[459.72898078917495, 39.99684114838087, 6.1695822878192095]",4.479999999999831,100.0,0.0,"[50.0, 113.17919092810422, 113.1791909281042]",19
143,158871473,unsettled,,not_evaluated,,"[0.2953320344710821, 0.049810363611343736, -0.7414813692062492, -0.6004192670227223]","[1.907526564365325e-05, -1.3426090511720057e-05, 0.414646294614177, -0.9099826645703792]","[459.6262820206229, 39.98665131238941, 3.835988484290245]",4.889999999999968,100.0,0.0,"[50.0, 112.17839962245209, 112.1783996224521]",16
144,3933942357,unsettled,,not_evaluated,,"[-0.5223161875567112, 0.16004639687034006, -0.6757715829697406, -0.4948774784889842]","[-0.32440299800516353, -0.6283834056601261, 0.6281986928716495, -0.324443204044397]","[460.01316448964496, 6.16653584562878, 39.99389007275324]",8.250000000000867,100.0,0.0,"[50.0, 110.84933386191697, 110.84933386191699]",18
145,2247311752,unsettled,,not_evaluated,,"[0.17245837010463527, -0.918707757440569, -0.27106461152521216, 0.22969140902101487]","[-0.5379811324223032, -0.8429568313167609, -0.00017989600250872817, 0.00022210684492462995]","[460.3340989920766, 39.99713407923262, 6.158503947254968]",4.909999999999974,100.0,0.0,"[50.0, 110.6338435515023, 110.6338435515023]",16
146,2639539135,unsettled,,not_evaluated,,"[0.24645239917756623, 0.9491774324123663, 0.19576363711496306, -0.00012297239657634696]","[0.6326036449546933, 0.774475707213434, 8.524366779827375e-05, -7.733360206957363e-06]","[460.10652265408845, 40.01144241524066, 6.17616760880366]",4.949999999999988,100.0,0.0,"[50.0, 111.25150926877555, 111.25150926877556]",19
147,588020478,unsettled,,not_evaluated,,"[-0.5541136395536193, -0.535687911217833, 0.6371731857264717, 0.0026206157474491726]","[0.49375231006211806, -0.5062443288489844, 0.5061737881670721, 0.4936734062000497]","[459.7163245149436, 6.175328955021212, 39.98794249576903]",9.210000000000335,100.0,0.0,"[50.0, 113.15235986098871, 113.15235986098872]",22
148,2481404281,unsettled,,not_evaluated,,"[0.47312332071797125, -0.36721755019782076, -0.5034863658683956, -0.6227415785092134]","[-0.5965368641066867, -0.3795573939639516, -0.3796313353932348, 0.5966238376369178]","[459.8528417666289, 3.839616633341262, 39.996624879002795]",8.3700000000008,100.0,0.0,"[50.0, 112.15368532296846, 112.15368532296847]",17
149,3605935409,unsettled,,not_evaluated,,"[0.43758170113077044, -0.04842813697409204, 0.8423244287835887, 0.3109124105903791]","[-2.8211003059497308e-05, 6.228982163467185e-05, -0.04387124532494871, 0.999037191078368]","[460.37462060614916, 40.00051680691827, 3.832019423326737]",5.220000000000078,100.0,0.0,"[50.0, 112.299770230055, 112.299770230055]",19
150,1724216363,unsettled,,not_evaluated,,"[0.9038264397716476, -0.3574809547607453, -0.07814863091813816, 0.2218060532056667]","[0.09527341407835942, -0.9954511186208049, -6.022828198626319e-05, -0.0002082762489732729]","[460.015816689751, 39.977045750912374, 6.167393191604021]",5.610000000000208,100.0,0.0,"[50.0, 112.38124992910106, 112.38124992910106]",13
151,3705963873,unsettled,,not_evaluated,,"[-0.24027385609289806, -0.5535180547836926, -0.6057941642682696, -0.5185553660364869]","[-0.3776276621507923, -0.5977034237931121, -0.5978221083464758, 0.3778315666228714]","[459.8978626632656, 3.8348878611113095, 39.99744283537769]",9.440000000000207,100.0,0.0,"[50.0, 112.24538672162191, 112.24538672162193]",25
152,3077038052,unsettled,,not_evaluated,,"[0.1080488437677232, 0.9024479935694852, 0.290136968917735, 0.2995556801833302]","[0.10701075244210695, 0.9942578576087342, -4.854941813309255e-05, 9.53310971965951e-05]","[459.798886831269, 39.98857169277154, 6.171992472078603]",4.979999999999998,100.0,0.0,"[50.0, 110.00603063292574, 110.00603063292576]",16
153,3012538924,unsettled,,not_evaluated,,"[-0.2967683441627183, 0.032054318743469104, 0.7489957090204642, 0.5915289497748546]","[-6.107474316174864e-05, 8.779909116610195e-05, -0.5611871455026545, 0.8276889369103454]","[460.1515489684472, 39.98963940799118, 3.836724739379724]",5.480000000000165,100.0,0.0,"[50.0, 110.90076592172385, 110.90076592172386]",13
154,339579960,unsettled,,not_evaluated,,"[0.10943307599770635, -0.7653763970695862, 0.4390938896072842, 0.457624222256652]","[0.7017100989214828, 0.08709452501772852, -0.08735193786675341, 0.7017030139129103]","[459.56404262654337, 6.161317082643815, 39.991621491932165]",9.180000000000351,100.0,0.0,"[50.0, 113.13017117820623, 113.13017117820624]",21
155,3595527923,unsettled,,not_evaluated,,"[0.2823598288094946, 0.23222413686361007, -0.7567781334317684, -0.5418779697424069]","[0.00018868878788808047, 4.516716339704115e-05, 0.023509161802159256, -0.9997236026361629]","[459.70752895136343, 39.98539809693294, 3.8401690061137077]",4.939999999999984,100.0,0.0,"[50.0, 112.94122013010738, 112.9412201301074]",21
156,863450078,unsettled,,not_evaluated,,"[0.7155061920956329, -0.5773152119456528, -0.01774451200080499, 0.39299257934827014]","[0.006113826295775594, 0.707216123871783, -0.7069436149527424, 0.006220975915784237]","[459.6507421803895, 6.169533439486261, 39.995340176555096]",8.270000000000856,100.0,0.0,"[50.0, 109.66905092846872, 109.66905092846874]",26
157,1293846983,unsettled,,not_evaluated,,"[-0.18121937706311114, -0.3645890702557667, 0.8980017844289259, -0.16681469476445587]","[0.6886646075437795, 0.16085633519441586, -0.16082245956486077, 0.6884783469680821]","[459.8881040003254, 6.172503263384202, 39.99841605675689]",8.270000000000856,100.0,0.0,"[50.0, 105.07482357567795, 105.07482357567797]",19
158,297175216,unsettled,,not_evaluated,,"[-0.8477666509896012, -0.1312003505967588, -0.01452264579268696, 0.5136801205345047]","[-0.19890132208440844, 0.678519275784498, 0.6786190402730171, 0.19881160590087296]","[459.84385798677295, 3.836157929456484, 39.98272706917001]",8.75000000000059,100.0,0.0,"[50.0, 110.88277340016346, 110.88277340016347]",28
159,1619853330,unsettled,,not_evaluated,,"[0.15586584480866492, 0.8197316892259058, 0.5503561712418267, -0.029221240168093774]","[0.7069778940918925, 0.013252906045711815, 0.013415244861263075, -0.7069841928586869]","[459.82541724297755, 3.836552543104603, 39.99030562874013]",8.7300000000006,100.0,0.0,"[50.0, 111.90477206219285, 111.90477206219286]",24
160,1315304267,unsettled,,not_evaluated,,"[-0.4261424284512491, 0.323448349614014, -0.8134978350905626, 0.22804619731232195]","[0.0001550759675719715, -4.587639247710662e-05, -0.48039282197790084, -0.8770534250767793]","[460.1178571127284, 39.995040376679725, 3.8389999693797217]",5.280000000000098,100.0,0.0,"[50.0, 112.48539121678155, 112.48539121678154]",25
161,3174143715,unsettled,,not_evaluated,,"[0.21028905661679084, 0.04956162990199746, 0.6021092416687611, -0.7686264493274656]","[-0.00019805140356515816, -0.00013305927502932358, 0.5886025499254007, 0.8084225264626087]","[459.9054765906332, 39.992169477424426, 3.834475251442832]",5.930000000000315,100.0,0.0,"[50.0, 111.1193783603923, 111.1193783603923]",14
162,1039824701,unsettled,,not_evaluated,,"[0.01929008521369939, -0.13940476716176264, -0.33327631338561314, 0.9322666477146534]","[8.532200725484829e-05, -1.2124147760139703e-05, -0.9803218618305107, 0.19740577446042734]","[460.15377647263614, 39.99403170604582, 3.8309613773642552]",5.040000000000018,100.0,0.0,"[50.0, 112.86144549946644, 112.86144549946646]",9
163,721441559,unsettled,,not_evaluated,,"[0.46336501333295005, -0.46209886921724336, -0.18784827917029898, 0.732441481280148]","[0.12515599784540965, 0.696023558875228, -0.6958932522677728, 0.12497905081318186]","[459.7001564570503, 6.172042257461651, 39.98615941320238]",8.940000000000484,100.0,0.0,"[50.0, 112.83287869074124, 112.83287869074125]",37
164,4105799406,unsettled,,not_evaluated,,"[0.8527785751162813, 0.07031150942377336, -0.23963750908264853, -0.45869255248571367]","[0.13114298889044151, -0.6947518583330347, -0.6949443220537739, -0.1310486972575348]","[459.920245794096, 3.831222208883083, 39.995035847803116]",8.770000000000579,100.0,0.0,"[50.0, 110.99295180514055, 110.99295180514056]",21
165,1633137197,unsettled,,not_evaluated,,"[0.7236837473945174, -0.25836959954595595, -0.3369182255788813, -0.5440708529780555]","[-0.27784812350705235, -0.6501143188584626, -0.6503073564693674, 0.2779426825815533]","[459.7729923628958, 3.8446956039692863, 39.9814868166729]",8.600000000000673,100.0,0.0,"[50.0, 113.16264753286137, 113.16264753286139]",26
166,1521883525,unsettled,,not_evaluated,,"[-0.5517513661834995, 0.22633379929291328, 0.7597306458933603, -0.2591385476974333]","[-4.6434932027716875e-05, 1.600531946699402e-06, 0.7585322653337058, 0.6516354811464398]","[460.31432397673854, 39.997646626051456, 3.8334159987979435]",4.579999999999864,100.0,0.0,"[50.0, 112.84421120351853, 112.84421120351851]",11
167,3988848284,unsettled,,not_evaluated,,"[0.7716485919791595, -0.43616381321231806, 0.404354639949391, 0.22542604927574153]","[-0.17521650802361846, 0.6851454699788578, -0.6849473426316353, -0.17527691834728457]","[459.6638729599419, 6.1722911577957795, 39.9931643315786]",7.840000000000953,100.0,0.0,"[50.0, 109.06190244956329, 109.06190244956329]",20
168,2356674901,unsettled,,not_evaluated,,"[-0.27157585302068527, 0.8944891783916432, 0.23089258753045264, -0.2698597391605915]","[0.3430350611895188, 0.9393225493079103, -0.00020797404622197035, -0.00022782271127261278]","[459.77518588640964, 40.00098957374659, 6.17157773373813]",5.070000000000028,100.0,0.0,"[50.0, 112.27927347220287, 112.27927347220289]",15
169,3622559309,unsettled,,not_evaluated,,"[-0.28730237314646756, 0.13582052279844167, -0.8446638484557238, 0.4307587666932988]","[-2.133299732656746e-05, 3.588905096829631e-05, -0.9239124978855858, -0.3826038349359514]","[459.961721013838, 40.003611080290476, 3.835759861480579]",5.260000000000091,100.0,0.0,"[50.0, 112.76514435627388, 112.76514435627388]",16
170,855568988,unsettled,,not_evaluated,,"[-0.05865782718403258, -0.1040160805530854, 0.9877741037645836, -0.10021094864582358]","[-5.609695949498894e-05, -8.788095627360049e-05, 0.5989732701368797, 0.8007690121324633]","[459.5735545178745, 40.00098603811296, 3.838623688586243]",5.070000000000028,100.0,0.0,"[50.0, 113.07853237542996, 113.07853237542994]",19
171,2610361744,unsettled,,not_evaluated,,"[0.8768837609624777, 0.09896632620723421, 0.0167945194244441, -0.47010475444803335]","[0.17795442222660343, -0.6843168087532211, -0.6843678800410254, -0.17799812818104543]","[459.98688969615364, 3.838148320638061, 39.995211692439945]",8.700000000000617,100.0,0.0,"[50.0, 109.34916597348598, 109.349165973486]",34
172,3797455899,unsettled,,not_evaluated,,"[-0.4969180501798989, 0.4726899551502556, 0.24221087694672733, -0.686272940450193]","[-0.12959644305908855, -0.69520956974464, 0.6950470914989558, -0.12960693145332677]","[459.5371839271473, 6.176450660620145, 39.995181500040566]",9.02000000000044,100.0,0.0,"[50.0, 112.8671051039972, 112.86710510399722]",26
173,3701701166,unsettled,,not_evaluated,,"[0.038018151991904496, 0.4712419557531807, 0.8264302886090928, 0.30577543610716856]","[0.688389821220297, -0.16147654928420846, -0.16147046725509978, -0.688456292204503]","[459.5483373037764, 3.839048941404386, 39.985248842733064]",8.290000000000845,100.0,0.0,"[50.0, 108.14008410753992, 108.14008410753993]",24
174,1820757617,unsettled,,not_evaluated,,"[-0.5010353124202004, 0.6673439701378755, -0.2903095196649054, -0.46833324035406926]","[-0.2629845939532607, -0.6564701055853948, 0.6562924741448248, -0.2629948520347952]","[459.8328471971974, 6.1691820308115775, 39.99199981511]",8.48000000000074,100.0,0.0,"[50.0, 111.91350202410912, 111.91350202410914]",20
175,3255375637,unsettled,,not_evaluated,,"[0.16079504159719665, 0.03163046504438766, 0.9836813166119124, -0.07426665218983812]","[-6.215209720902837e-05, -9.553553704921836e-05, 0.7310342317680778, 0.6823407792249664]","[460.26333625724135, 39.99374030950291, 3.827844345379392]",5.190000000000068,100.0,0.0,"[50.0, 112.8790365392638, 112.87903653926381]",17
176,1973362254,unsettled,,not_evaluated,,"[0.4370329981051625, 0.6281019972483824, 0.25933110964107237, -0.5892685425102347]","[0.32438741064211923, -0.6282747174990991, -0.6283420006476966, -0.3243917652937241]","[459.8514270039726, 3.8434369322885296, 40.00028504693206]",8.240000000000872,100.0,0.0,"[50.0, 113.16579773685912, 113.16579773685913]",28
177,817567550,unsettled,,not_evaluated,,"[-0.6508066209752018, 0.08221533458115264, 0.55707091057372, 0.5092773129122438]","[0.7063159922760303, -0.031115899845276095, -0.03113418323847075, -0.7065268448304133]","[459.9775022156183, 3.8312505080421166, 39.99972376266747]",7.480000000000833,100.0,0.0,"[50.0, 112.8540524235887, 112.85405242358871]",19
178,3034277235,unsettled,,not_evaluated,,"[0.8184751723934598, -0.1985326357737203, 0.4910595501215825, -0.22258414800390608]","[0.7422621970575333, -0.6701095379608691, 0.00017623290980309236, -8.303707483436895e-05]","[460.32442340833626, 39.99991379831695, 6.173284226145156]",4.519999999999844,100.0,0.0,"[50.0, 112.7790677683615, 112.7790677683615]",8
179,422340604,unsettled,,not_evaluated,,"[-0.10515306509406758, -0.6939169060083207, 0.5688745799846401, 0.4287235387804846]","[0.6257210082608438, 0.3293977838238198, -0.32934481696892687, 0.6257014554631413]","[459.8765958529704, 6.171237921217286, 39.99847905383779]",8.740000000000595,100.0,0.0,"[50.0, 112.76217283095495, 112.76217283095495]",38
180,2537213971,unsettled,,not_evaluated,,"[0.23132630909009871, 0.46561995068971057, -0.8276594625733378, 0.21134335630740153]","[-0.6896586839433035, -0.1563889832259734, 0.15635990637585223, -0.6895396763531969]","[459.7753616780754, 6.176544395907171, 40.00069662852031]",8.28000000000085,100.0,0.0,"[50.0, 109.98593954451614, 109.98593954451616]",20
181,2777209301,unsettled,,not_evaluated,,"[0.32930012781810725, 0.01867638849719574, 0.9112679827706169, -0.24658321497792762]","[0.675039199464817, -0.21071347279245028, 0.21054167280002895, 0.6749771222672736]","[459.78253909851014, 6.171908815173946, 39.98509942488704]",8.880000000000518,100.0,0.0,"[50.0, 112.68186180131146, 112.68186180131147]",22
182,3393578195,unsettled,,not_evaluated,,"[-0.15397492832795756, 0.3309463782688252, -0.9275545927691834, -0.08005431649787881]","[-6.815005355464976e-05, 9.063063659472959e-05, -0.36783288852347157, -0.9298919040738753]","[459.9602112177224, 39.99113311110923, 3.832891597808488]",5.260000000000091,100.0,0.0,"[50.0, 107.42979819500094, 107.42979819500096]",23
183,968986378,unsettled,,not_evaluated,,"[-0.4905117620949998, -0.29508233684492746, 0.22153130108786623, 0.7894608973007544]","[0.5930845103451782, 0.38487256984398704, 0.38497746572901625, -0.5932252687227422]","[459.82354994912026, 3.8416992687445584, 39.99191110069298]",7.630000000000883,100.0,0.0,"[50.0, 111.5810910295032, 111.58109102950321]",18
184,688328363,unsettled,,not_evaluated,,"[0.6574786135502686, 0.48651254614584893, 0.39037759997999605, 0.4226496712415117]","[-0.7020435495683042, -0.08474108581060419, 0.08466527856476445, -0.7019868898282408]","[459.9079109155359, 6.169620220014973, 40.00001603293325]",7.390000000000803,100.0,0.0,"[50.0, 113.1562983881414, 113.15629838814141]",27
185,4152859901,unsettled,,not_evaluated,,"[0.8341644144507744, 0.048874222441177215, 0.5394240533290614, -0.10393618587774474]","[0.8885289288413301, -0.45882057842690827, -3.932676502318988e-05, -0.00013370669985846018]","[459.64767076429365, 39.99291710593653, 6.160194541387522]",4.5299999999998475,100.0,0.0,"[50.0, 112.53791759609715, 112.53791759609716]",17
186,1795468969,unsettled,,not_evaluated,,"[0.6958911543690574, 0.6723588408308361, 0.1118583646721971, -0.22617868308126884]","[0.9753412991921945, 0.22070194013965763, 3.677393109285943e-05, 4.8542261335327026e-05]","[460.22818811716303, 39.98633424100426, 6.166501350350038]",4.959999999999991,100.0,0.0,"[50.0, 109.90156612918314, 109.90156612918315]",16
187,2590496957,unsettled,,not_evaluated,,"[0.1047572316295402, 0.8643758926302282, 0.4643415446167823, 0.16207149226163065]","[0.7070689625097963, 0.004314641734684294, 0.0043358864017639664, -0.7071181416221285]","[459.7421306781067, 3.8347084217783545, 39.979542897629905]",8.720000000000606,100.0,0.0,"[50.0, 110.14529535717038, 110.1452953571704]",18
188,3299187091,unsettled,,not_evaluated,,"[0.20222460773203968, 0.2009896358457774, -0.3863384758428723, -0.8771835363215675]","[2.5487147436720203e-05, 2.8445293431211827e-05, 0.6612025554298646, -0.7502074241396758]","[459.78452861310797, 39.99734502216508, 3.8348106844990313]",4.779999999999931,100.0,0.0,"[50.0, 112.64831261823147, 112.64831261823149]",10
189,1977285233,unsettled,,not_evaluated,,"[-0.32756654353009235, 0.8699542333514705, 0.3587758928499423, 0.08461471587927127]","[0.12231405836626341, 0.9924914347800533, 1.8558222086628717e-05, 0.0001505649298770076]","[460.2195006820556, 39.99198630398684, 6.1755575845824255]",4.959999999999991,100.0,0.0,"[50.0, 104.64574226859553, 104.64574226859554]",19
190,2229299064,unsettled,,not_evaluated,,"[-0.619164876115041, -0.029487633076919168, 0.09038781523465148, -0.7794840463653336]","[0.414611161032499, -0.5728264724976245, 0.572798205849775, 0.4145716258121026]","[459.97340167257005, 6.17079881749704, 39.98497267798323]",8.230000000000878,100.0,0.0,"[50.0, 112.51122748724816, 112.51122748724818]",14
191,621973311,unsettled,,not_evaluated,,"[0.16166114230001008, 0.06193822841095333, -0.8426691729137268, -0.5098411477631677]","[2.765421393752243e-05, 0.0001775915790326807, 0.09393234281726294, -0.9955785667988919]","[459.97874091823326, 39.98859438818707, 3.8374671405860887]",5.0300000000000145,100.0,0.0,"[50.0, 112.86663514348659, 112.86663514348658]",13
192,3137073118,unsettled,,not_evaluated,,"[-0.9517371159511713, -0.13330978245545402, -0.10058018127309286, -0.2575045458971512]","[-0.34033222732820795, 0.9403052562487324, -6.747127289929987e-06, -8.203832229741746e-06]","[459.6147075233782, 39.99546734325717, 6.173196523089584]",5.690000000000235,100.0,0.0,"[50.0, 111.01394715835434, 111.01394715835436]",10
193,1722482046,unsettled,,not_evaluated,,"[0.08813421819190732, -0.994524617110877, -0.03387195651061283, 0.0447865616709708]","[-0.3971108299117031, -0.9177706607478673, 5.1490780320850866e-05, -1.964589052586008e-05]","[459.69177302727076, 39.96970510494067, 6.168447760222934]",4.969999999999994,100.0,0.0,"[50.0, 112.86191196373868, 112.86191196373869]",15
194,2843863878,unsettled,,not_evaluated,,"[-0.792454714480961, 0.19954686388438475, -0.5738415226829097, 0.0538746828831977]","[-0.6500954954419432, 0.7598525113361679, -2.208643904577645e-05, 8.564112489017894e-05]","[459.55854846690573, 39.98827580244962, 6.167807859561586]",4.479999999999831,100.0,0.0,"[50.0, 113.17817359773478, 113.1781735977348]",18
195,3220027874,unsettled,,not_evaluated,,"[0.7896857943755625, -0.03461262758727217, -0.1393528469326443, 0.5964722090967093]","[-0.3272680617678121, 0.6267892568730158, -0.6268308304113961, -0.3272826809671905]","[459.97321346015946, 6.1659085747618505, 39.974894830596455]",8.470000000000745,100.0,0.0,"[50.0, 112.97328603061761, 112.97328603061763]",32
196,2854411774,unsettled,,not_evaluated,,"[0.25812684870484337, -0.42701643641739917, -0.8403627789845408, 0.21170236820704633]","[-0.6919495741898757, 0.1450333394484814, 0.14506104026863703, 0.6921910226397423]","[459.89398789570106, 3.839715494886979, 39.97378988155595]",8.310000000000834,100.0,0.0,"[50.0, 109.22678767808594, 109.22678767808596]",24
197,656915034,unsettled,,not_evaluated,,"[0.12784497927697372, 0.19566603027633855, -0.8798667290965462, 0.4137692652898647]","[-8.469142262634842e-05, 0.0002728186982858815, -0.86845642517149, -0.4957654243446964]","[460.05635444970864, 39.99314463020845, 3.83686162334022]",5.110000000000041,100.0,0.0,"[50.0, 111.19587710495044, 111.19587710495045]",19
198,3284494407,unsettled,,not_evaluated,,"[0.06860253914579117, 0.045309811010266335, -0.15727795108926526, 0.9841261904604139]","[-8.047330801677632e-05, -1.2774089593048377e-05, -0.9051165322802031, 0.42516356423608254]","[460.0024123556047, 40.00436458791942, 3.8399012701211683]",5.050000000000021,100.0,0.0,"[50.0, 113.18239568188754, 113.18239568188756]",17
199,1067328885,unsettled,,not_evaluated,,"[-0.25591978843345803, -0.19766273096154707, 0.15568931420534965, -0.9333784570683347]","[4.246577263861129e-06, 6.9419807655624055e-06, 0.9419737805410835, -0.3356864559479788]","[460.0806952900659, 39.99492624190755, 3.835792168712108]",5.040000000000018,100.0,0.0,"[50.0, 109.72000546541041, 109.72000546541042]",14
200,1022616554,unsettled,,not_evaluated,,"[-0.8238360682547088, 0.3606969984141823, -0.22922594801049753, 0.37235369306119537]","[-0.9038058223193335, 0.4279427275553896, -5.519424884950497e-05, -0.00023329749674394495]","[459.85247288760934, 39.995524569890584, 6.171010667575298]",4.959999999999991,100.0,0.0,"[50.0, 110.18635154090445, 110.18635154090447]",22
201,2676922396,unsettled,,not_evaluated,,"[0.5670889684174194, 0.5750736296769055, 0.14364165261314565, -0.5718981535064273]","[0.2970919074642032, -0.6415022971388478, -0.641766162072913, -0.2972328960647968]","[459.7395510628731, 3.838165541050494, 39.99117439827445]",8.330000000000823,100.0,0.0,"[50.0, 112.67504586989091, 112.67504586989092]",23
202,2816620340,unsettled,,not_evaluated,,"[-0.7565840465540268, 0.6103532874587686, 0.21623990110412925, 0.09104806510126615]","[-0.35415994426987735, 0.9351848552103509, -8.261199186010426e-06, -0.0001427995271522653]","[459.5723279881624, 40.00221180190969, 6.167070964455557]",4.939999999999984,100.0,0.0,"[50.0, 110.87836414985571, 110.87836414985573]",11
203,955953799,unsettled,,not_evaluated,,"[0.11073782713774945, 0.9170597891921606, -0.07497005608619735, -0.37565671480498297]","[0.4940266898509816, 0.8694467131391137, 0.00017950674203237593, 0.000102488064773254]","[460.13534864607766, 39.98262994914098, 6.163583145392896]",5.240000000000085,100.0,0.0,"[50.0, 112.98540068102074, 112.98540068102075]",18
204,2242742075,unsettled,,not_evaluated,,"[-0.5055708590298321, -0.21761777531037735, 0.4139789610763628, 0.725025537588115]","[0.5527329571645353, 0.4409531522645709, 0.44108487451139783, -0.552712157500946]","[459.82073165603106, 3.8372658664433263, 39.995173831949295]",7.910000000000976,100.0,0.0,"[50.0, 110.97535111161093, 110.97535111161095]",21
205,563646561,unsettled,,not_evaluated,,"[0.1809966848044624, -0.019574520890661435, 0.7801086826909813, 0.5985711999518831]","[-5.398585185018012e-05, 0.0001505469986353286, -0.11546388321102763, 0.9933116661425855]","[459.59659093492803, 39.999674242905805, 3.835550146800964]",5.1200000000000445,100.0,0.0,"[50.0, 112.99310019110024, 112.99310019110025]",16
206,1252269686,unsettled,,not_evaluated,,"[-0.011368646951402817, -0.28266853817251103, 0.7576322028925588, 0.5881859370420873]","[2.586258722853118e-05, 0.00013320516935052572, -0.035267134917235876, 0.9993779118943138]","[459.65813070002895, 39.98987212645341, 3.8328481104170398]",5.1500000000000545,100.0,0.0,"[50.0, 111.65712321005361, 111.65712321005363]",21
207,4027616480,unsettled,,not_evaluated,,"[-0.68043651234536, -0.516815929602009, -0.050263332945028244, -0.5170890106530511]","[0.6694011514201796, -0.22791740951217954, 0.2279869391416746, 0.6693113688705771]","[459.84937103792674, 6.169210266218441, 39.99011653470108]",7.660000000000893,100.0,0.0,"[50.0, 111.04612761782178, 111.04612761782178]",29
208,3293718972,unsettled,,not_evaluated,,"[-0.08516311405964443, 0.5620827045333399, 0.651702175353801, 0.5020901830421239]","[0.19142713283277865, 0.6806529695019552, 0.6807818836872807, -0.19131966644020165]","[459.649421359419, 3.8388423510491605, 39.98937802717018]",9.49000000000018,100.0,0.0,"[50.0, 111.48081357963069, 111.4808135796307]",29
209,1890189631,unsettled,,not_evaluated,,"[-0.3394955856316147, 0.8200204556643811, -0.259860350300175, -0.3805020341213674]","[-0.28991717793573046, -0.6449735897704933, 0.644915335997627, -0.28989878894437177]","[459.7997689081536, 6.168678887561046, 39.98060934695639]",8.320000000000828,100.0,0.0,"[50.0, 108.97306283602067, 108.97306283602067]",26
210,3852779429,unsettled,,not_evaluated,,"[-0.07873436011047828, 0.8811833971798156, -0.4645710261040449, -0.03860677113237618]","[-0.4084214597082143, -0.5773059625008554, 0.5771893524679735, -0.408365263346889]","[460.022142918856, 6.170074154983412, 39.992904072139815]",7.930000000000983,100.0,0.0,"[50.0, 109.1791095313383, 109.1791095313383]",21
211,3574699569,unsettled,,not_evaluated,,"[-0.014546357465746501, -0.03992950916464047, 0.7826885063450515, -0.6209611419547136]","[-1.1784714051332745e-05, -3.3942844063217237e-07, 0.922172994501566, 0.3867776726661198]","[459.91961206101286, 39.980928274216275, 3.837969717518191]",5.070000000000028,100.0,0.0,"[50.0, 113.06505104673633, 113.06505104673634]",22
212,2869775536,unsettled,,not_evaluated,,"[-0.3863819961020629, 0.2479889883113953, 0.7960141815311683, 0.39442595954848136]","[0.6462340177344729, 0.2869820237717726, 0.2870524814352829, -0.6462381799742765]","[460.0170814662964, 3.8363988839906042, 39.99624751369266]",8.350000000000811,100.0,0.0,"[50.0, 107.55698055893212, 107.55698055893212]",29
213,4134650688,unsettled,,not_evaluated,,"[-0.7081233746404337, 0.6882251021543365, -0.14514896229160873, 0.0619618737464115]","[-0.20267750019844843, 0.9792455280639506, -0.0001579636603319945, 4.156374156064069e-05]","[459.57968022950814, 39.98656595375091, 6.1639391660361955]",4.889999999999968,100.0,0.0,"[50.0, 113.14749905275167, 113.14749905275167]",16
214,2427166635,unsettled,,not_evaluated,,"[-0.7325272346230783, -0.4320528088242486, 0.4107407595996201, -0.3286734691545241]","[0.6813671900995345, -0.18902387978349647, 0.18896978893852084, 0.6813949985111352]","[459.9256281334169, 6.167688996909528, 39.987423813080085]",8.200000000000895,100.0,0.0,"[50.0, 111.2342619881134, 111.23426198811342]",20
215,1727678526,unsettled,,not_evaluated,,"[-0.817861978484829, -0.44515403845660717, -0.3381080399473218, 0.13646471894828646]","[-0.9111302194161206, -0.4121185573934534, -4.3382420999327216e-05, 0.0001266358417204572]","[460.0167873305384, 39.99919775094238, 6.166788487148592]",4.969999999999994,100.0,0.0,"[50.0, 108.78295497690145, 108.78295497690145]",30
216,1757121035,unsettled,,not_evaluated,,"[-0.9059781301467139, -0.3465295566639513, 0.21530600688523707, -0.11297883630699883]","[-0.6582270970877537, 0.7528194199674489, -2.1138623944261248e-05, 9.556391104878492e-05]","[459.7879583484998, 39.98947915839847, 6.166359852533925]",5.700000000000238,100.0,0.0,"[50.0, 112.28021918013566, 112.28021918013567]",16
217,3717735769,unsettled,,not_evaluated,,"[0.5094001570299311, -0.5002641495458026, -0.18323984826967746, -0.6757739405327805]","[0.03973459550219458, -0.7059636605574946, -0.7060149261382551, -0.03974161499654748]","[459.9831411826467, 3.8380169514382128, 39.989106934338686]",9.240000000000318,100.0,0.0,"[50.0, 112.81999555942767, 112.81999555942767]",22
218,3836871440,unsettled,,not_evaluated,,"[-0.4194565967077174, -0.8442144356203974, -0.1926679974710818, 0.2724650306351189]","[-0.882299025085514, -0.47068923746047275, 1.2134889118692316e-05, 0.0002681879468239834]","[459.97731916650133, 39.99358478740986, 6.161138603895482]",4.909999999999974,100.0,0.0,"[50.0, 108.11886280681283, 108.11886280681284]",16
219,2749509740,unsettled,,not_evaluated,,"[-0.1597855590775447, 0.9155824751788669, -0.36890595336263704, -0.009257636265270899]","[-0.3325150215554515, -0.6240741708826717, 0.6240692979395005, -0.33241946550462814]","[459.6715507621152, 6.172813776338968, 39.98626843775382]",7.850000000000956,100.0,0.0,"[50.0, 106.27292890923223, 106.27292890923225]",20
220,2774629600,unsettled,,not_evaluated,,"[-0.30825961786575184, -0.5268689113523266, 0.49770258237844495, 0.616179598605392]","[0.00013468211464312543, 3.587652626368954e-06, -0.36382484964273426, 0.9314673696004057]","[459.565086591626, 40.002785610473396, 3.8310929708183505]",4.509999999999841,100.0,0.0,"[50.0, 113.15879165232532, 113.15879165232533]",13
221,4108662306,unsettled,,not_evaluated,,"[-0.3062271054652854, -0.3870148795577624, -0.8664927602010577, 0.07506490124149866]","[-0.7057734444606107, 0.04167419120596005, 0.04160845615881321, 0.7059857245423695]","[459.7864963563485, 3.8356037751489587, 39.98575744704768]",8.960000000000473,100.0,0.0,"[50.0, 109.00802254721701, 109.00802254721702]",26
222,3915063510,unsettled,,not_evaluated,,"[0.46725796019968024, 0.8012846212229413, -0.1304090628171751, 0.3501520109278076]","[0.9605269212140002, -0.2781869858568924, -0.0001643846966244561, 8.660648178127062e-05]","[460.12897521555595, 39.98123668764136, 6.165720406911833]",5.600000000000205,100.0,0.0,"[50.0, 109.76791484268718, 109.76791484268719]",12
223,4074036573,unsettled,,not_evaluated,,"[-0.22252096209612113, -0.8929375005362474, -0.2719299177765263, -0.2814270089773681]","[-0.4009294766218629, -0.9161089201929886, 2.7292904651143868e-05, 1.93301022749226e-05]","[459.6372833436449, 39.99044484788371, 6.163848889724145]",4.899999999999971,100.0,0.0,"[50.0, 111.40458912671312, 111.40458912671313]",15
224,1229361572,unsettled,,not_evaluated,,"[-0.5077338642986794, -0.31380879933589584, 0.060137209423592304, -0.8000711696758213]","[0.5761724384636598, -0.4100729647020331, 0.40996163947336506, 0.5760181758726334]","[459.8088669294655, 6.179625990223852, 39.98610644297097]",8.020000000000994,100.0,0.0,"[50.0, 112.10339878757578, 112.10339878757578]",25
225,1745034590,unsettled,,not_evaluated,,"[-0.40236593803313664, 0.6784087334039052, -0.5993055388273092, -0.1367337320595452]","[-0.38441796602071737, -0.593627508079816, 0.593419789803418, -0.3842943690988848]","[459.5416274195681, 6.174175904190754, 39.985138486820375]",7.970000000000996,100.0,0.0,"[50.0, 113.00022708211081, 113.00022708211083]",22
226,4151795851,unsettled,,not_evaluated,,"[0.37827042312259135, 0.7093878632050035, -0.5596843583528156, -0.20108148980772006]","[-0.6170206907994235, 0.34551238743032403, -0.34555463680820275, -0.6168457264486406]","[459.7157703032584, 6.164196329765403, 39.979162570238216]",9.260000000000307,100.0,0.0,"[50.0, 112.75824486788008, 112.75824486788008]",28
227,2697486113,unsettled,,not_evaluated,,"[-0.638297706726111, 0.517839873353241, 0.35548034649844024, -0.4450299163056749]","[-0.2683535796460106, 0.9633204795599575, -8.388110217782963e-05, -5.399543130972517e-05]","[459.91371857177353, 40.00107637725728, 6.171454097220756]",5.450000000000155,100.0,0.0,"[50.0, 113.1141513366473, 113.1141513366473]",20
228,2966183571,unsettled,,not_evaluated,,"[-0.4050248111058649, 0.5694886344768997, -0.6901580810227609, 0.18793461838968]","[-0.3940752179509467, -0.5871630042604103, 0.5871273200980216, -0.3939871051434535]","[459.7626878086085, 6.171783294703123, 39.998490775150415]",7.8300000000009495,100.0,0.0,"[50.0, 112.78752419165734, 112.78752419165734]",26
229,2500031451,unsettled,,not_evaluated,,"[0.76319034690919, -0.2277529373624901, -0.35234984779530726, -0.49144549918176267]","[-0.339935525228429, -0.6200480619545953, -0.6200349117800865, 0.3399131473301424]","[460.00340137646924, 3.8279221842050895, 39.994803998316755]",8.450000000000756,100.0,0.0,"[50.0, 112.88199532786405, 112.88199532786403]",22
230,2561181116,unsettled,,not_evaluated,,"[0.5557099502907066, 0.18332897211156124, -0.733061527964434, 0.3466954504328954]","[-0.645989797936077, 0.2876077619068272, -0.287620110352469, -0.645951722943972]","[459.92362407530635, 6.169776114504245, 39.99626554856947]",8.690000000000623,100.0,0.0,"[50.0, 111.87573102020406, 111.87573102020407]",23
231,65157401,unsettled,,not_evaluated,,"[0.7007348822005915, 0.34419107347733346, 0.6134359061064913, -0.1191617342318908]","[0.7038552537237277, -0.0674032713329075, -0.06746697243964977, -0.7039124863567607]","[460.01418960581947, 3.836735410130309, 39.98394344117344]",9.440000000000207,100.0,0.0,"[50.0, 113.0793024832436, 113.07930248324361]",27
232,2234388547,unsettled,,not_evaluated,,"[0.6047940157947055, 0.6077553528195518, 0.07337389496054626, -0.5093858077296758]","[0.604583914523791, -0.3665526800925115, -0.36664022152568954, -0.6047250374969434]","[459.6893575001647, 3.8451708164647105, 39.99406108892491]",8.810000000000556,100.0,0.0,"[50.0, 110.90994383057729, 110.90994383057729]",29
233,2166876674,unsettled,,not_evaluated,,"[0.337147373849726, 0.47287700853367526, -0.8005264802242199, 0.14790651630775833]","[-0.7067160784338448, -0.024858594974907004, 0.02485003773301968, -0.7066235987876635]","[459.8438775513, 6.167319611623891, 39.98691236912648]",8.430000000000767,100.0,0.0,"[50.0, 111.77831142830281, 111.77831142830283]",28
234,372911645,unsettled,,not_evaluated,,"[0.45729859765411696, -0.2994543659042598, -0.817463624635389, -0.18154420321901665]","[-0.7051108669531881, 0.05297307165568415, 0.05299823498991402, 0.7051267305044101]","[459.98228119212496, 3.8373825822861987, 39.99011806781415]",7.930000000000983,100.0,0.0,"[50.0, 110.84746109894222, 110.84746109894222]",17
235,2861615969,unsettled,,not_evaluated,,"[-0.23990956037846306, -0.901204257015366, -0.03228041700793559, -0.35948889364511455]","[-0.7962542854993379, -0.6049620230915772, -0.00023118056898779882, -9.998214724799004e-05]","[459.6380848997321, 39.98835800691104, 6.167030080891613]",4.639999999999884,100.0,0.0,"[50.0, 113.15121982235306, 113.15121982235307]",14
236,2387200314,unsettled,,not_evaluated,,"[0.013659507951663442, 0.4204500321245355, -0.9053954738728021, 0.05739533273394037]","[-0.6496048469199565, -0.2793611305308092, 0.2793982295261245, -0.6495440946882014]","[459.60782378208, 6.168563285961891, 39.99354902526173]",8.28000000000085,100.0,0.0,"[50.0, 105.7179068862957, 105.71790688629571]",18
237,1385614205,unsettled,,not_evaluated,,"[-0.04519506248186818, -0.48284814014254235, -0.26943042102355846, 0.8319989952609412]","[2.688653632659105e-05, -0.0001665893889579162, -0.9864586387457706, 0.16401013861627925]","[459.7722453480285, 39.99105829353382, 3.8370917428671816]",4.829999999999948,100.0,0.0,"[50.0, 111.67825012996242, 111.67825012996242]",12
238,1583315686,unsettled,,not_evaluated,,"[0.6752684329575351, 0.1680356411288354, 0.18105246852978027, 0.6949795467499522]","[-0.4948742671828079, 0.5050778393674602, -0.505083648858236, -0.49485992312595606]","[459.99677175159076, 6.168673114525146, 39.993965404447216]",7.92000000000098,100.0,0.0,"[50.0, 112.79489153973535, 112.79489153973533]",30
239,3858463115,unsettled,,not_evaluated,,"[-0.02604605381927596, 0.9764416198827186, -0.2089560607397276, -0.047124629668476824]","[0.906350464134671, 0.4225267266703787, 4.618347020562963e-06, -3.729279347319814e-05]","[459.7344035951243, 39.98855986210771, 6.1656501668366435]",5.6200000000002115,100.0,0.0,"[50.0, 111.71148887727401, 111.71148887727402]",14
240,341800848,unsettled,,not_evaluated,,"[0.559550952873797, 0.4583146987576111, 0.5125176614239061, 0.462791545697754]","[-6.898778833874797e-05, 7.963449927987643e-05, -0.23293925551718625, 0.9724912812658686]","[459.6632476738189, 39.98480518422626, 3.8322228262056037]",5.550000000000188,100.0,0.0,"[50.0, 112.96039798023533, 112.96039798023534]",14
241,2423485330,unsettled,,not_evaluated,,"[-0.8623942645929769, 0.4774291536592661, -0.15922513505175553, -0.0546341651449517]","[-0.5638713630774421, 0.8258626275856333, -2.2336621613161523e-05, -7.589213591560617e-05]","[459.5537775901151, 39.99278071962674, 6.167668821830837]",4.869999999999961,100.0,0.0,"[50.0, 112.98462703534891, 112.98462703534892]",15
242,3180880856,unsettled,,not_evaluated,,"[0.10224891412479975, -0.955790906892587, -0.16146386686159142, 0.22346883800621423]","[-0.410734162821708, -0.9117551300276558, 0.00014494239271467535, 9.67011168421239e-05]","[460.2879576936376, 40.01089203075, 6.177211758528416]",4.929999999999981,100.0,0.0,"[50.0, 112.29795885905531, 112.2979588590553]",10
243,2801613835,unsettled,,not_evaluated,,"[-0.14433092329872946, 0.7897983796467177, 0.5282216439799444, -0.2763494145430388]","[0.666067511112302, -0.2369777371659606, -0.23713284528687995, -0.6663059630639014]","[459.7895577250556, 3.839337113383846, 39.9970973915485]",8.250000000000867,100.0,0.0,"[50.0, 112.7670924051513, 112.7670924051513]",19
244,90147713,unsettled,,not_evaluated,,"[-0.210859600307379, -0.9719644633107304, -0.07201725142344272, 0.07507880204630919]","[-0.6209095773146383, -0.7838821365697979, -0.0002442566513723432, -0.0001819461851030879]","[460.1428864290546, 40.00148937048227, 6.170617705816183]",4.929999999999981,100.0,0.0,"[50.0, 112.77512132205058, 112.7751213220506]",15
245,1005713428,unsettled,,not_evaluated,,"[0.6667427871336417, 0.021383060332239117, -0.7075360080632618, -0.23321581813846876]","[-0.5829702099653777, -0.3999945135413511, -0.40018765195901934, 0.5830951608865128]","[459.6289243583022, 3.832674561803674, 39.99498039358901]",8.050000000000978,100.0,0.0,"[50.0, 112.8762048639606, 112.87620486396061]",27
246,2629818591,unsettled,,not_evaluated,,"[0.05151306419367056, -0.9158602742422736, 0.24549129762624153, 0.313497025619112]","[-0.8733397448646114, -0.48711156273788375, 0.00011725748058988295, -4.168399655812838e-05]","[459.92005330643696, 39.99346169861604, 6.156651823453041]",5.690000000000235,100.0,0.0,"[50.0, 110.72699165053508, 110.7269916505351]",19
247,3392212039,unsettled,,not_evaluated,,"[-0.13576075001630175, -0.3113963090186456, 0.34394700026860947, 0.8753866679878102]","[8.672432089906756e-06, 9.272084162886829e-05, -0.6049503409491904, 0.7962631953776921]","[460.1533672204758, 40.00139247250672, 3.83859900294543]",4.909999999999974,100.0,0.0,"[50.0, 112.78271036553414, 112.78271036553414]",19
248,2276997534,unsettled,,not_evaluated,,"[-0.5611092435708998, -0.34654972379426824, 0.7170849059217052, -0.2254971029008315]","[0.6605114394729887, -0.25263847051693594, 0.252573288119372, 0.6603825979451248]","[459.58234163201246, 6.17123511783187, 39.98263532303949]",8.650000000000645,100.0,0.0,"[50.0, 112.86853050352535, 112.86853050352536]",22
249,3484193762,unsettled,,not_evaluated,,"[0.6459184252746818, -0.4977225913968061, -0.5385794684465182, -0.21211734033734517]","[-0.5798978503046603, -0.40451417122794087, -0.40449211756940984, 0.5800628373823138]","[459.64662984704034, 3.83736529574831, 39.996606919939694]",8.410000000000778,100.0,0.0,"[50.0, 112.48996085392798, 112.489960853928]",22
250,2295828995,unsettled,,not_evaluated,,"[-0.013476426495046517, 0.8381611037621863, -0.5451108033376667, 0.01259214650648228]","[-0.484247485684044, -0.5153619165230582, 0.5152555762587285, -0.4841674903797733]","[459.6915984747133, 6.171732950877344, 39.98016103272285]",7.980000000001,100.0,0.0,"[50.0, 111.77408107451622, 111.77408107451622]",19
251,3771793615,unsettled,,not_evaluated,,"[0.23254083200101008, -0.6380020625267856, 0.7262400279824832, -0.10702126620372046]","[0.5090970465687895, 0.4908443697340532, -0.4906159298819635, 0.509105108225573]","[459.86263705807335, 6.169459512222166, 39.99692003236518]",8.040000000000983,100.0,0.0,"[50.0, 112.88733149445422, 112.88733149445423]",20
252,3118298281,unsettled,,not_evaluated,,"[-0.14263487038408665, 0.7213743627836406, 0.5770605745656794, 0.3553525232089105]","[0.532587140235732, 0.4650396317078333, 0.4651028053948301, -0.5326992203959252]","[459.9665349433103, 3.8356163623773645, 39.99739431993489]",8.940000000000484,100.0,0.0,"[50.0, 113.07872599572134, 113.07872599572136]",24
253,1906367210,unsettled,,not_evaluated,,"[-0.6176317723461163, 0.026733677711732354, -0.29175170048315346, 0.7298611166035553]","[-0.4795239112103603, 0.5196707897869425, 0.5196968106815124, 0.47949380995712393]","[459.7834570420842, 3.8409362766985944, 39.982187234155376]",9.210000000000335,100.0,0.0,"[50.0, 112.48710005870205, 112.48710005870207]",24
254,2833079087,unsettled,,not_evaluated,,"[-0.6668495150154875, 0.25735878105545934, 0.037236704706548183, 0.6983492034504332]","[-0.03617328444602956, 0.7061278806977199, 0.70623594730536, 0.03613442025872538]","[459.8114308954529, 3.833915305001455, 39.99486235445984]",8.950000000000479,100.0,0.0,"[50.0, 112.81786707846864, 112.81786707846865]",21
255,2368896303,unsettled,,not_evaluated,,"[-0.7155871487157034, 0.006217157027642254, -0.4538640368280027, 0.5309461513426882]","[-0.590313930685323, 0.38921380248118154, 0.38925608088148683, 0.5903573347505466]","[459.60353706905096, 3.843655482749196, 39.99986947349173]",9.350000000000257,100.0,0.0,"[50.0, 112.84797411783168, 112.8479741178317]",29
256,1598618583,unsettled,,not_evaluated,,"[-0.6568789595911407, 0.7116914753260162, 0.16538963778309454, -0.18614925223786338]","[-0.22488512460999577, 0.9743852553668602, 7.407358050692814e-05, -0.00022218440570687115]","[459.95769362245534, 39.995651378481654, 6.167280791163774]",5.0300000000000145,100.0,0.0,"[50.0, 112.75139561778948, 112.7513956177895]",31
257,1244567859,unsettled,,not_evaluated,,"[0.565260253583024, 0.7320121545565798, -0.09164890005678931, 0.36910639444348603]","[0.9644141641119459, -0.2643960812466164, -0.0001254848853906726, 0.00012858939631377186]","[460.3176262394283, 39.997484811068354, 6.158981198689465]",5.440000000000151,100.0,0.0,"[50.0, 109.47875827250127, 109.47875827250128]",17
258,3419669745,unsettled,,not_evaluated,,"[-0.35962053045550435, 0.37637508056528163, 0.452864258304126, 0.723829286748632]","[0.6084248648323108, 0.36027672681299683, 0.3602038065904754, -0.6085006833919163]","[459.6834814297912, 3.836497520275945, 39.995095762798044]",8.30000000000084,100.0,0.0,"[50.0, 110.01403977687363, 110.01403977687364]",19
259,4100535516,unsettled,,not_evaluated,,"[-0.04495724533447707, 0.8754213017997509, -0.38056707385774335, 0.29459309690235463]","[-0.6158542976271622, -0.34763855891440026, 0.3475229941814968, -0.6157099032541228]","[459.9102304487259, 6.1754338506442155, 40.00265354847276]",8.030000000000989,100.0,0.0,"[50.0, 109.76740485098426, 109.76740485098428]",27
260,3322081678,unsettled,,not_evaluated,,"[-0.257573637444613, 0.29792073162711874, 0.01884675617382141, -0.9189906739146148]","[1.8843404708590583e-05, -2.4611717451716864e-05, 0.5098633691813435, -0.8602553945231838]","[460.32670488527435, 39.9741255427407, 3.8378048464405707]",5.070000000000028,100.0,0.0,"[50.0, 111.02424025497989, 111.0242402549799]",10
261,3513997404,unsettled,,not_evaluated,,"[-0.31160099473242947, -0.3848583634180207, -0.8382718690394293, 0.2282304400515085]","[-0.691176505815811, 0.14912569824471, 0.14912440071425084, 0.6912296847234569]","[459.97854743822626, 3.8374564180178803, 39.986937118087205]",8.910000000000501,100.0,0.0,"[50.0, 109.0701568512336, 109.07015685123362]",14
262,3617040745,unsettled,,not_evaluated,,"[0.5076541819216592, -0.1836471652187958, 0.7481985211268992, -0.38569407989762045]","[-2.481615973090601e-05, 3.852373809626331e-05, 0.8767941197129521, 0.48086595797256165]","[459.5925406502677, 39.99707014244618, 3.844684182948779]",5.5900000000002015,100.0,0.0,"[50.0, 112.88306431608069, 112.8830643160807]",17
263,2022730149,unsettled,,not_evaluated,,"[-0.9298814207432338, -0.20301241814567073, -0.28420845445175663, -0.11546452205476868]","[-0.9302964397690632, 0.3668085719439915, -4.333507423767702e-05, 6.183435042600438e-05]","[459.6352597513741, 39.99543209098874, 6.16686866111112]",4.829999999999948,100.0,0.0,"[50.0, 113.11233222609822, 113.11233222609823]",10
264,1323970333,unsettled,,not_evaluated,,"[0.5994108140143483, -0.43447983992292233, -0.3543480176053207, -0.5712892675014887]","[-0.3091050509682578, -0.6358930535488669, -0.6359923009312691, 0.309205247481925]","[459.55919360810196, 3.842346239713992, 39.99276220845578]",8.75000000000059,100.0,0.0,"[50.0, 113.11618201298745, 113.11618201298747]",30
265,1607122480,unsettled,,not_evaluated,,"[-0.13729706028893218, -0.4824437451248737, -0.8624230310070737, 0.06800048245766428]","[-0.6162845746217424, 0.3464434435306445, 0.34640497115726837, 0.616582402826629]","[459.82669635786874, 3.8324018304536427, 39.995852353802206]",8.380000000000795,100.0,0.0,"[50.0, 109.32706533126715, 109.32706533126716]",21
266,1954191936,unsettled,,not_evaluated,,"[-0.3750395254128309, 0.8965561916206081, 0.1285035455493662, -0.19753275279333296]","[0.08612402349844549, 0.9962843908172576, 0.00010007043820597916, 0.00023489621700838875]","[459.64942110701514, 39.98395728747299, 6.174608116650624]",5.0300000000000145,100.0,0.0,"[50.0, 112.89003879798219, 112.8900387979822]",20
267,1883267586,unsettled,,not_evaluated,,"[-0.31654266807496767, 0.7193013611458268, 0.15715600459856857, 0.5980871854172737]","[0.10584033791360463, 0.6990373401667888, 0.6992272779735914, -0.10595203471626846]","[459.79892040898136, 3.8392258047442973, 39.97727157468495]",9.340000000000263,100.0,0.0,"[50.0, 113.02823529767547, 113.02823529767548]",28
268,474705099,unsettled,,not_evaluated,,"[0.21873165072784517, -0.6332189067608778, 0.30525693972011464, -0.6767632391339983]","[4.134131835326072e-05, 5.7887420876701075e-05, 0.9734066886117322, -0.2290838569299117]","[459.6269041177152, 40.00376744339726, 3.8245675567474406]",5.430000000000148,100.0,0.0,"[50.0, 113.09143758039687, 113.09143758039689]",14
269,1696503777,unsettled,,not_evaluated,,"[-0.5875972952099113, 0.4340333022380417, -0.6364929058043413, 0.2474293678427903]","[-0.26767671057899367, -0.6545211481082299, 0.6544410300793404, -0.26769046199180524]","[459.86601588308264, 6.165275909242977, 39.970029480983136]",7.760000000000926,100.0,0.0,"[50.0, 113.03499947037945, 113.03499947037945]",13
270,1623912174,unsettled,,not_evaluated,,"[0.7522539142905933, 0.1549308557746745, 0.05438614146876464, 0.6380851243992035]","[-0.4715537976349531, 0.5269009784315206, -0.5268991172562225, -0.4715821191463619]","[459.7884304363409, 6.170090519869234, 39.972767548911214]",7.92000000000098,100.0,0.0,"[50.0, 113.1523127406138, 113.15231274061381]",19
271,2380680176,unsettled,,not_evaluated,,"[0.336042588214607, 0.7287339870388978, -0.08053921844792626, -0.5912153493712904]","[0.6653031997876151, -0.23926063755755017, -0.23929959690126718, -0.6654785515633141]","[459.5700781768662, 3.8336545816719143, 39.980589307730604]",8.940000000000484,100.0,0.0,"[50.0, 112.79056464035772, 112.79056464035772]",17
272,3622048588,unsettled,,not_evaluated,,"[-0.19616592677403716, -0.3327489655198184, 0.5132945907767422, 0.7663717884928376]","[-2.645745854579218e-05, -1.3044589420696528e-05, -0.3701493232467033, 0.9289722695698991]","[460.2480579839547, 39.98705025555137, 3.834630716654696]",4.949999999999988,100.0,0.0,"[50.0, 112.91684305426749, 112.9168430542675]",12
273,3881848330,unsettled,,not_evaluated,,"[-0.5152420723142735, -0.7359701103176574, -0.3787059312666199, -0.22238574877853687]","[-0.5857440335884547, -0.8104960855887111, -0.0001161439595141478, -9.418855933460146e-05]","[459.9139232357011, 39.975217012828956, 6.1631026731455565]",4.869999999999961,100.0,0.0,"[50.0, 111.74334907280537, 111.74334907280539]",11
274,3493192325,unsettled,,not_evaluated,,"[0.5774921102786998, 0.09648544528746568, 0.025557378206479065, -0.8102717086463924]","[-0.06632103472120034, -0.7039470780441711, -0.7040143807000366, 0.06651152858059357]","[459.8745389097556, 3.833951873049399, 39.99434162502672]",8.430000000000767,100.0,0.0,"[50.0, 111.887691534459, 111.887691534459]",20
275,1815346335,unsettled,,not_evaluated,,"[0.2777221504941907, -0.6680519952292304, 0.6669217686384065, 0.17830393520992774]","[0.4904895861774012, 0.5095361674971206, -0.5092435654004355, 0.4903711359390155]","[459.8199193508215, 6.173720555904084, 40.00347901157572]",8.1900000000009,100.0,0.0,"[50.0, 112.94513879657181, 112.94513879657183]",29
276,3637393240,unsettled,,not_evaluated,,"[0.7553196358765062, -0.24492385367212738, -0.15447209870656786, -0.5879140449784855]","[-0.10117219726115524, -0.6996704171085141, -0.6999976019812394, 0.1011377829748222]","[459.6957845627566, 3.83354543880432, 39.989232185348705]",8.690000000000623,100.0,0.0,"[50.0, 112.921107232722, 112.92110723272201]",31
277,3360495833,unsettled,,not_evaluated,,"[0.10811116254835264, 0.5111839287283958, -0.2434273997192518, -0.8171573095849841]","[-1.3083472163666345e-05, -7.237013505387303e-05, 0.6019711380302375, -0.798517841735529]","[459.542348878734, 39.99358696326063, 3.8302916507025713]",4.489999999999834,100.0,0.0,"[50.0, 113.03940431116497, 113.03940431116499]",13
278,1560027829,unsettled,,not_evaluated,,"[-0.2068224005022676, -0.8508258359786609, 0.4010009992602897, 0.26929183068548773]","[0.6574617334630904, 0.260283880980121, -0.2603564832009295, 0.6574274651920764]","[459.93347218342996, 6.172731636512417, 39.99187913532383]",8.57000000000069,100.0,0.0,"[50.0, 109.83376467545133, 109.83376467545135]",21
279,446415368,unsettled,,not_evaluated,,"[-0.6447038919539761, 0.0033417160762772937, 0.7642309258427562, 0.017228366683615156]","[0.7063703947644256, -0.03044096677659652, -0.03050302768286272, -0.7065293895120247]","[459.8256989598177, 3.832713697657638, 40.00023254571732]",7.940000000000986,100.0,0.0,"[50.0, 112.77985592942504, 112.77985592942505]",16
280,2051490765,unsettled,,not_evaluated,,"[0.5677612886585218, -0.042225915797724375, -0.632701809267735, -0.5249309589700275]","[-0.7027351933729318, 0.07801941049469105, 0.0781187804589013, 0.7028326086066177]","[459.6657498116043, 3.8403693547272786, 39.9936087533397]",7.460000000000826,100.0,0.0,"[50.0, 111.50226710061762, 111.5022671006176]",28
281,425018833,unsettled,,not_evaluated,,"[0.6177933086006123, -0.09183552083351545, 0.46035819729377525, -0.6308470457614677]","[0.6886444878397711, -0.16043698073209203, -0.16042086076091405, -0.6886899825133201]","[459.54621337053084, 3.8358546979047023, 39.994187932491165]",9.750000000000036,100.0,0.0,"[50.0, 112.57489802730201, 112.57489802730203]",25
282,768002776,unsettled,,not_evaluated,,"[0.5416438597008607, -0.6263103578778557, 0.49528465035784297, 0.2627743898921201]","[0.12601128998695965, 0.6957556707455358, -0.6958237858529056, 0.12599389057641544]","[459.70987360576305, 6.16862303959528, 39.98714370762845]",8.000000000001005,100.0,0.0,"[50.0, 112.14003360260153, 112.14003360260152]",20
283,124666021,unsettled,,not_evaluated,,"[-0.6417760342896773, 0.38975195315750033, 0.3408201163805919, 0.5657372049738714]","[0.2652027341592565, 0.6554437990786169, 0.6555490276556323, -0.2651724125613363]","[459.6958112362486, 3.8382467239310785, 39.997702293494946]",8.680000000000629,100.0,0.0,"[50.0, 113.16649726902011, 113.16649726902013]",29
284,3632654363,unsettled,,not_evaluated,,"[0.7051862874546008, 0.08985479266585855, 0.5677062028398622, -0.4151482668615129]","[0.6015238459149996, -0.3716772917152422, -0.3716360018596609, -0.6015910037065187]","[459.584700447989, 3.8366978032245598, 39.99609980065516]",9.280000000000296,100.0,0.0,"[50.0, 112.7749748304582, 112.77497483045822]",23
285,703561134,unsettled,,not_evaluated,,"[-0.07417779627216181, -0.49461589080912516, -0.8617672132428539, 0.08491198548465884]","[-0.6063301491359384, 0.363703394407596, 0.3636290646164567, 0.6065125674801339]","[459.86127006922806, 3.833452450070926, 39.98785355866379]",8.260000000000861,100.0,0.0,"[50.0, 109.2643838382985, 109.26438383829851]",19
286,3121521016,unsettled,,not_evaluated,,"[0.010537906009646474, -0.8102638762609328, -0.3503888545444036, -0.4696690898649817]","[-0.47765746553744004, -0.5213705587280304, -0.5213200769345426, 0.47774623336341787]","[460.0209965912221, 3.8353932531552775, 39.99695320193887]",9.300000000000285,100.0,0.0,"[50.0, 112.62482678407852, 112.62482678407852]",23
287,2633462982,unsettled,,not_evaluated,,"[-0.6696015768829735, -0.5238860473033524, -0.12537979712777328, 0.5113287046009672]","[-0.4645136935408622, 0.5329971647917274, 0.5331417656114958, 0.4646513839403291]","[459.8293100749107, 3.83999488150007, 39.9829203383385]",8.700000000000617,100.0,0.0,"[50.0, 111.26274301999781, 111.26274301999783]",23
288,3761640212,unsettled,,not_evaluated,,"[-0.5021713166671637, 0.3763741243342449, 0.7778556823101909, 0.03327198139794165]","[0.6912236683322097, -0.14849864133074267, -0.14865339036066658, -0.6914189492591061]","[459.5932585087253, 3.8412726018622854, 39.98476524344953]",7.8600000000009596,100.0,0.0,"[50.0, 112.60854000415641, 112.60854000415642]",16
289,1285634449,unsettled,,not_evaluated,,"[-0.06179464665889061, 0.12239474429666039, 0.989804171696417, 0.038583026128440265]","[5.3030988331814743e-05, 8.171788596239571e-05, 0.21653029032822707, 0.9762758953698873]","[459.59413341507803, 39.99402807331817, 3.8330901858429773]",5.310000000000108,100.0,0.0,"[50.0, 112.4161751192122, 112.4161751192122]",13
290,1184822575,unsettled,,not_evaluated,,"[0.08288139339956037, 0.8356324246838398, -0.34553634299367453, -0.41887201042288746]","[-0.6820278042779444, -0.18678116586727345, 0.18671781376348096, -0.6819731140539591]","[459.67128255104757, 6.167941693095699, 39.99489029748349]",8.75000000000059,100.0,0.0,"[50.0, 111.71859698927285, 111.71859698927287]",33
291,3115268231,unsettled,,not_evaluated,,"[-0.8358054346397688, -0.3199395351726686, -0.40994245749741026, -0.17611118874480403]","[-0.9995376972490704, 0.03040380242946297, 1.6823312528209056e-05, -1.7112339774416622e-05]","[460.04671213048124, 39.984581799330186, 6.173239807125988]",4.679999999999898,100.0,0.0,"[50.0, 112.87121171797425, 112.87121171797426]",10
292,159930596,unsettled,,not_evaluated,,"[0.07029200069442101, 0.8121000458651979, 0.19429839282092132, -0.5457111733246133]","[0.6939712070945456, -0.13534580236976432, -0.13523738335592875, -0.6941155002214441]","[459.6304911061982, 3.82915991154896, 39.9866616065352]",8.620000000000662,100.0,0.0,"[50.0, 112.49324185940777, 112.49324185940779]",20
293,2990616242,unsettled,,not_evaluated,,"[0.39931632781484955, -0.8914822639433736, -0.10430196937727094, -0.18688751322355332]","[0.011698718385565627, -0.9999315662191828, 4.750460050662042e-05, 2.4696163479689254e-05]","[459.6438723807839, 39.99982473426232, 6.171875153090818]",4.959999999999991,100.0,0.0,"[50.0, 111.67555984935215, 111.67555984935217]",19
294,188957523,unsettled,,not_evaluated,,"[0.47510104677309783, 0.5299293470096674, 0.42235268641611745, 0.5613128279400916]","[-4.222487547167476e-05, -9.244709888681092e-06, -0.31463177909161144, 0.9492138018998896]","[459.8907604908757, 39.98647229780683, 3.835207840463272]",5.540000000000185,100.0,0.0,"[50.0, 113.08211677573847, 113.08211677573848]",18
295,481643049,unsettled,,not_evaluated,,"[-0.21476873217317644, -0.056308315502426265, -0.9350997853314761, 0.27621034875441053]","[1.0450988997268151e-05, -2.8435973792872993e-05, -0.775620430915886, -0.631199608862385]","[460.01828881945744, 39.98765676437297, 3.8362839533095037]",5.350000000000121,100.0,0.0,"[50.0, 112.5521983035786, 112.55219830357859]",21
296,2386476367,unsettled,,not_evaluated,,"[0.41604402109894867, 0.7547056021612667, 0.10448879305651773, 0.4963959293747375]","[0.8658320172395365, 0.5003347693146996, -0.00018533753423752297, 4.677306613554144e-05]","[460.29287603883836, 40.00084073168622, 6.1705152814241355]",4.699999999999904,100.0,0.0,"[50.0, 112.95791475097693, 112.95791475097694]",10
297,533239478,unsettled,,not_evaluated,,"[-0.4048579522964122, 0.7546106910868032, 0.5160774362278959, 0.017799527417749247]","[0.5858053395719682, 0.3959460482549628, 0.39606718928602525, -0.5858238750437862]","[459.6893054672195, 3.839154522044388, 39.990209770695635]",8.760000000000584,100.0,0.0,"[50.0, 110.96492276480159, 110.96492276480159]",25
298,1781618497,unsettled,,not_evaluated,,"[-0.05099139373989536, 0.34612407464907746, 0.82357526110958, -0.446454691991326]","[-9.193474398105916e-05, -8.634582157479587e-05, 0.5905859379473037, 0.8069747418546044]","[460.11771555430045, 40.002720659206716, 3.8269631253584624]",5.490000000000168,100.0,0.0,"[50.0, 108.7595284032602, 108.75952840326022]",12
299,3019699939,unsettled,,not_evaluated,,"[-0.7295158589622052, 0.11959716108047205, -0.0508877389231582, -0.6715009818395025]","[0.23949846374526854, -0.6653575250431323, 0.6652611573413213, 0.2395150146964065]","[459.9640006042228, 6.170754695910594, 39.986557558351535]",8.230000000000878,100.0,0.0,"[50.0, 113.08965053311091, 113.08965053311093]",34
300,2541693149,unsettled,,not_evaluated,,"[0.08045852992811474, 0.40327625655887533, -0.378121920292795, -0.8294085237395116]","[0.0001296000466121661, 3.53886559067429e-05, 0.5964732272619973, -0.8026329616400817]","[459.80261795721935, 39.978143993185355, 3.836955174117054]",4.759999999999924,100.0,0.0,"[50.0, 113.17586594528215, 113.17586594528217]",11
301,2084280921,unsettled,,not_evaluated,,"[0.619849051548462, 0.00741623529008566, 0.671735423160493, -0.4055905250618995]","[0.705150715161946, -0.05218832519165508, -0.052206592624421164, -0.7052044521320281]","[459.67867021955936, 3.8422700344085126, 39.99666603365663]",9.650000000000091,100.0,0.0,"[50.0, 112.49931575105002, 112.49931575105003]",34
302,1270096408,unsettled,,not_evaluated,,"[0.4349517640743151, 0.5834549578223276, 0.4957376592549344, -0.473963551676314]","[0.5963473627750494, -0.37989288181591757, -0.37993410853011766, -0.5964069872429947]","[459.90527160209905, 3.835410022624379, 39.97746564646052]",8.650000000000645,100.0,0.0,"[50.0, 112.99576771268477, 112.99576771268477]",20
303,386839995,unsettled,,not_evaluated,,"[-0.00029784170792755655, 0.7696289460833465, 0.4092458033581264, -0.4900908783835057]","[0.5388388751752363, -0.45783407344219995, -0.45788623081895996, -0.5388699540906086]","[459.8809123675855, 3.8431430820514563, 39.993819643227006]",8.090000000000956,100.0,0.0,"[50.0, 113.14856826854457, 113.14856826854458]",24
304,1683487450,unsettled,,not_evaluated,,"[0.8246709982353464, 0.4049014931673811, -0.354562797520974, -0.17394754414605393]","[0.9860861316345975, -0.166235173807929, 8.92935210533713e-05, -3.6919102967547524e-06]","[459.5522474454803, 39.98696484672186, 6.169669311258979]",5.290000000000101,100.0,0.0,"[50.0, 112.71120690208107, 112.71120690208109]",22
305,600956363,unsettled,,not_evaluated,,"[0.05725477910805818, -0.7446815581501165, -0.42402949309232957, 0.5122209056728005]","[-0.5648530219928973, 0.42541075363193487, 0.4253819222023957, 0.5648158766387466]","[459.75084180391184, 3.834269325913818, 39.981032434334296]",8.140000000000928,100.0,0.0,"[50.0, 113.14220857541761, 113.14220857541763]",27
306,2578686602,unsettled,,not_evaluated,,"[-0.6455400009938469, 0.5753806031681371, -0.45602070897125385, -0.21038151440677957]","[0.006866941075822603, -0.7072134360792268, 0.7069334702944252, 0.006860723486316781]","[459.7005628689961, 6.172539713164775, 39.974951544069434]",7.8300000000009495,100.0,0.0,"[50.0, 110.50905247335533, 110.50905247335534]",22
307,550025147,unsettled,,not_evaluated,,"[0.7099573476934985, 0.4430098413877016, -0.5402946446097417, -0.08823005097861712]","[-0.6739988803106401, 0.21418542563298054, -0.21426877401571714, -0.6737499575274375]","[459.8837978979539, 6.175322752185693, 39.994039192719555]",8.470000000000745,100.0,0.0,"[50.0, 112.28590160311799, 112.28590160311799]",25
308,1509445469,unsettled,,not_evaluated,,"[0.9208464586619982, -0.10826634392482577, 0.1606188773439282, 0.3384106596778303]","[-0.516722600607574, 0.48290134836105497, -0.4827627083017182, -0.5164728543162851]","[460.02256711491077, 6.169999864669155, 40.00084961789118]",7.820000000000946,100.0,0.0,"[50.0, 106.87424330156885, 106.87424330156884]",22
309,552659270,unsettled,,not_evaluated,,"[-0.34640532390679185, -0.6487665398120545, -0.24996936788830862, -0.6297782494710692]","[-7.810450056472407e-05, 2.290755102474229e-05, 0.6073895355572827, -0.7944041449227464]","[459.6320076172536, 39.99218387029692, 3.8354606479390103]",5.580000000000198,100.0,0.0,"[50.0, 113.1334117970304, 113.13341179703042]",20
310,3395655849,unsettled,,not_evaluated,,"[0.5603417992438583, 0.49806016357495975, 0.09112456464104907, 0.6554765100282535]","[-0.7051054583677926, 0.05342419873683247, -0.053424856050006526, -0.705065906369971]","[459.9939764583734, 6.171078980851702, 39.987453244945115]",7.430000000000816,100.0,0.0,"[50.0, 113.16536711461056, 113.16536711461058]",33
311,1961580372,unsettled,,not_evaluated,,"[-0.5267491122142659, -0.6341667673888417, 0.5046523934663464, -0.2563081069528572]","[0.7070228650699314, -0.010953657765856871, 0.01099318804345236, 0.7070203925393493]","[459.7866201005874, 6.167914969729425, 39.98867744353986]",8.220000000000883,100.0,0.0,"[50.0, 112.25303452015596, 112.25303452015596]",24
312,3285284101,unsettled,,not_evaluated,,"[-0.2519624256778158, 0.2653646457256403, 0.5632789689319362, 0.7408193733997723]","[0.6076079786410793, 0.36141126675714585, 0.36150273072580175, -0.6078735199286818]","[459.55161659748074, 3.8442706068156327, 39.99674430905758]",8.320000000000828,100.0,0.0,"[50.0, 104.88422644279612, 104.88422644279613]",13
313,1198512540,unsettled,,not_evaluated,,"[-0.5722362350782845, 0.014963805074935542, 0.16570812642957897, -0.8030333695658658]","[0.3801362839852814, -0.5963126933119215, 0.5961125469788012, 0.3802070603334323]","[460.02071872400927, 6.166711925686904, 39.9983183649268]",8.30000000000084,100.0,0.0,"[50.0, 111.5769274478141, 111.57692744781409]",31
314,3013583232,unsettled,,not_evaluated,,"[-0.17446144255530435, -0.5956220013565717, 0.7794641289237983, 0.08504885820855318]","[0.6770538615426548, 0.20407162848817473, -0.20407660009634893, 0.6769827031095247]","[459.68514286447515, 6.171678205582072, 39.99398697491215]",8.420000000000773,100.0,0.0,"[50.0, 112.5184672461884, 112.51846724618841]",20
315,236571778,unsettled,,not_evaluated,,"[-0.6240787190797052, -0.5692921078989122, 0.39592930131645515, 0.3601003146831605]","[-0.993512822676325, -0.11371987202005905, 4.682412151572196e-05, 0.0002443214366309454]","[459.99148088287996, 39.981603696408726, 6.175081067458815]",5.230000000000081,100.0,0.0,"[50.0, 112.71113019872448, 112.71113019872449]",12
316,4101237787,unsettled,,not_evaluated,,"[0.22137631792077062, -0.872870171370165, -0.27042651689298136, -0.3405285432341773]","[-0.6971483060554065, -0.1180125454965682, -0.11798797306472833, 0.6972346209717177]","[459.94179777373904, 3.8395405050669975, 39.99329224266519]",8.510000000000723,100.0,0.0,"[50.0, 107.8610125896596, 107.86101258965961]",22
317,3459630954,unsettled,,not_evaluated,,"[0.14984913631728244, -0.7555079338458067, -0.5355197552076315, -0.3463691528172838]","[-0.5458117870017815, -0.44946007589783643, -0.44956744104602936, 0.545861016464043]","[459.9415956013747, 3.831803983038444, 39.98968197032837]",9.000000000000451,100.0,0.0,"[50.0, 113.14130412928822, 113.14130412928823]",27
318,1119814818,unsettled,,not_evaluated,,"[-0.6971165871654177, -0.13189122910838355, 0.449280586155775, 0.5429365731709773]","[0.29565229507655744, 0.6423251149149483, 0.6423074064079572, -0.2957183843438654]","[459.9491984300954, 3.8351784401666444, 39.99410309588722]",8.200000000000895,100.0,0.0,"[50.0, 112.74358003664408, 112.74358003664408]",19
319,342980811,unsettled,,not_evaluated,,"[0.030532435525299394, 0.7782847485238531, 0.3908315324615853, 0.4905011048201471]","[0.2504399866255371, 0.6612636238335122, 0.6612751981575029, -0.25045028487771276]","[459.8557076554289, 3.8360904759887244, 39.989154583877905]",9.650000000000091,100.0,0.0,"[50.0, 113.09192966608363, 113.09192966608364]",29
320,3566514477,unsettled,,not_evaluated,,"[0.4167803399879383, -0.48067880125688306, 0.1608241271501632, -0.7545711618847971]","[0.4556703448191557, -0.5405366406732505, -0.5407562627896483, -0.4558150295852935]","[459.56339328249663, 3.8391563899286623, 39.9982892445997]",9.590000000000124,100.0,0.0,"[50.0, 112.69903434704833, 112.69903434704833]",28
321,4025272107,unsettled,,not_evaluated,,"[0.21014813389143402, -0.13121837656388724, 0.9665897820764848, 0.06575479191069845]","[-5.746097798819961e-05, -4.598801257077457e-05, 0.3853089299172262, 0.9227876370592428]","[459.5988910222332, 40.007770706737276, 3.8336028467766057]",5.200000000000071,100.0,0.0,"[50.0, 112.82178228292868, 112.8217822829287]",19
322,1181857748,unsettled,,not_evaluated,,"[0.5202040659321218, -0.02133506390474298, -0.8182722554790269, 0.24364535856267633]","[0.00014258287184110152, -2.485334417556828e-05, -0.7709295202451836, -0.6369204454772724]","[460.1939307648802, 39.9889538574023, 3.8350178357298423]",4.639999999999884,100.0,0.0,"[50.0, 113.09056045413487, 113.09056045413489]",12
323,268707656,unsettled,,not_evaluated,,"[0.10301261730232424, 0.7022709010576099, -0.7036647303319815, -0.03255655834201603]","[-0.6366791230828452, -0.30765392437003264, 0.3076199221457092, -0.6366778938751098]","[459.5428342472114, 6.17124583976484, 39.98996721798294]",8.240000000000872,100.0,0.0,"[50.0, 112.75462254015326, 112.75462254015328]",29
324,975960072,unsettled,,not_evaluated,,"[0.7582962679941282, -0.5242043249157421, -0.3859285340466686, 0.035436736508854615]","[0.16418046987363236, -0.9864302929340616, -5.369806807681288e-05, 0.00021819856185768122]","[459.7490259925207, 39.99137588185969, 6.165811982890814]",4.929999999999981,100.0,0.0,"[50.0, 111.49614255537122, 111.49614255537124]",19
325,2687390525,unsettled,,not_evaluated,,"[0.529971148785165, 0.0935671250492551, -0.7368673974424962, -0.4091481555032011]","[-0.00013119542370171322, 4.847350345615897e-06, 0.8562758561570037, -0.516518771127298]","[459.9498683663514, 39.99804637348235, 3.8380067345210738]",5.850000000000288,100.0,0.0,"[50.0, 112.04514758021107, 112.04514758021108]",16
326,745340072,unsettled,,not_evaluated,,"[0.7861852005525131, -0.41018944092891435, 0.2594748041369611, 0.3825314091688619]","[-0.2636618594664221, 0.656193748422342, -0.6560432700508457, -0.2636274193158559]","[459.8357944112126, 6.172389205941719, 39.994802748856635]",7.910000000000976,100.0,0.0,"[50.0, 109.03141443563094, 109.03141443563092]",15
327,2708790030,unsettled,,not_evaluated,,"[-0.40010769300529814, -0.46229958432576546, -0.7355170739389548, 0.2919033440618327]","[-0.6862586793239647, 0.1703505473723309, 0.17028957740948802, 0.6863171102982739]","[459.63937280458396, 3.833231865832367, 39.9687446625984]",9.000000000000451,100.0,0.0,"[50.0, 112.37066442205608, 112.3706644220561]",19
328,3867797169,unsettled,,not_evaluated,,"[0.27252022960366223, -0.4710032195972138, -0.05749293677220416, -0.8370085147757659]","[0.28344769605704695, -0.6477905851281253, -0.6478040653370768, -0.28350424044812733]","[459.6943894310524, 3.8296738467158074, 39.9897033279922]",9.450000000000202,100.0,0.0,"[50.0, 110.79331470105963, 110.79331470105963]",34
329,2098479478,unsettled,,not_evaluated,,"[0.15298370120063826, 0.6826603934028278, -0.3570083518569619, -0.6189634974297159]","[-0.6081959650800147, -0.36073691410061687, 0.3606168998251191, -0.6082121327514552]","[459.5948170352836, 6.16952348265698, 39.97591678266467]",8.760000000000584,100.0,0.0,"[50.0, 112.7740080659166, 112.77400806591662]",31
330,931152868,unsettled,,not_evaluated,,"[-0.07699985549756341, 0.8909419945389845, -0.24586779421207117, -0.37395509408155014]","[0.9732196707034784, 0.2298770606189613, -2.5925457396214213e-05, 9.42595896956111e-05]","[460.2916939318185, 39.989154905801534, 6.165101757423089]",5.960000000000325,100.0,0.0,"[50.0, 110.50731374333773, 110.50731374333773]",12
331,1558597429,unsettled,,not_evaluated,,"[-0.05032807851328375, 0.6995851474338736, -0.399069134252301, 0.5905857533755833]","[-0.6827733072906064, -0.18415055388299725, 0.18416504359784025, -0.6826363754391047]","[459.77802030913716, 6.173941935938614, 39.99274878624433]",7.790000000000936,100.0,0.0,"[50.0, 112.758734287378, 112.75873428737802]",19
332,4250729804,unsettled,,not_evaluated,,"[-0.5179918142254788, 0.8470059183462957, 0.021460460551873155, -0.11749426928428096]","[-0.13474701849827983, 0.9908800118058787, 0.00018009056251155897, 0.00010381134578722057]","[459.64643040350546, 39.96973572224561, 6.164353341565051]",5.010000000000008,100.0,0.0,"[50.0, 113.08711411404607, 113.08711411404609]",12
333,4147647222,unsettled,,not_evaluated,,"[0.12615750889557242, 0.8556727900390604, -0.30344808093154096, 0.39978446882663954]","[-0.6176622185503731, -0.3443501422823639, 0.34425906805471607, -0.6175775719273211]","[459.9208153762258, 6.1669366207607945, 39.998007405302566]",7.7700000000009295,100.0,0.0,"[50.0, 110.47934192878752, 110.47934192878753]",22
334,546835206,unsettled,,not_evaluated,,"[0.4747277603993977, -0.6651193289938975, 0.40724489525343527, 0.4079233101881997]","[0.1477501265382129, 0.6914710890588522, -0.6915392704085992, 0.1476857155802456]","[459.73384405740535, 6.180273026114829, 39.98688369119033]",8.120000000000939,100.0,0.0,"[50.0, 112.45399577433444, 112.45399577433446]",29
335,3200495743,unsettled,,not_evaluated,,"[-0.7212814251850905, 0.5185469572284966, -0.03279668505260917, -0.45802460226672564]","[-0.15296447281637718, -0.6904007174041659, 0.6903031920116648, -0.15306933906673648]","[459.65257301485764, 6.170217413495205, 39.99320664015773]",8.620000000000662,100.0,0.0,"[50.0, 108.90922007787853, 108.90922007787852]",34
336,2348890405,unsettled,,not_evaluated,,"[-0.3176050939804824, -0.28922093024306683, 0.616076618705389, -0.6602483303057408]","[0.6518860828316154, -0.2739478442415542, 0.27388902034062285, 0.6519063722519601]","[460.0188768996013, 6.168744804681433, 39.99482925738053]",8.250000000000867,100.0,0.0,"[50.0, 106.15035043680672, 106.15035043680673]",26
337,4061647453,unsettled,,not_evaluated,,"[0.2508877114037342, -0.15163781220023995, 0.7535005001501298, -0.588471177247642]","[9.554836333344752e-06, 1.9855495548726232e-05, 0.9926859633382421, 0.12072521569950034]","[460.1916120478876, 39.98161163824018, 3.835923823858091]",5.270000000000095,100.0,0.0,"[50.0, 112.87379765840926, 112.87379765840927]",14
338,2968043584,unsettled,,not_evaluated,,"[-0.35150377954755807, -0.700554371236003, 0.6195805777205756, -0.04229153127220831]","[0.7056096864275933, -0.04715693290052697, 0.04713237648338576, 0.7054571093879466]","[459.7791742678115, 6.166291213067124, 40.00139444682389]",8.600000000000673,100.0,0.0,"[50.0, 113.05891998377616, 113.05891998377618]",34
339,3422452170,unsettled,,not_evaluated,,"[0.3118768852079661, -0.6471205612970246, 0.6816277895163125, 0.13910910889911815]","[0.4269547748850912, 0.5637317533749004, -0.5636389894597774, 0.426880803035745]","[459.84886634792696, 6.176083400452749, 39.98726878102271]",8.070000000000967,100.0,0.0,"[50.0, 112.88134053577558, 112.88134053577559]",33
340,1734648617,unsettled,,not_evaluated,,"[0.3134098285251556, -0.38860391678069645, 0.2746942883010107, 0.8217690206021003]","[-0.16956951474769588, 0.686442821375878, -0.686510467420741, -0.16954589576722706]","[459.5358776792246, 6.162672852921186, 39.99524923864604]",8.200000000000895,100.0,0.0,"[50.0, 109.23898926700798, 109.238989267008]",24
341,2090830508,unsettled,,not_evaluated,,"[0.19578986618197766, 0.057011685569233625, -0.8839591859764658, -0.4207518907109296]","[3.8145968154157384e-05, -3.3144495679755955e-05, 0.0014683654628812727, -0.9999989206740151]","[460.3348232501493, 39.99801482413749, 3.8322290736303963]",5.020000000000011,100.0,0.0,"[50.0, 112.86012431466064, 112.86012431466065]",16
342,3952832875,unsettled,,not_evaluated,,"[-0.44287830183887705, -0.037070952885603164, 0.87693113035891, -0.18296542520353493]","[9.271470898430945e-05, -0.00011532225149918363, 0.7314043983523093, 0.6819439743671452]","[460.1047450170338, 39.99715332234192, 3.828603720306911]",4.689999999999901,100.0,0.0,"[50.0, 113.06502450401277, 113.06502450401278]",11
343,3817366363,unsettled,,not_evaluated,,"[0.6329807026932204, -0.4246937457648563, -0.5796698736189316, -0.28801647512742096]","[-0.6099595201920915, -0.3575583942217935, -0.3576322406419586, 0.6100824197614436]","[459.69800417800536, 3.843737781858748, 39.99715277029499]",8.28000000000085,100.0,0.0,"[50.0, 113.1716257336779, 113.17162573367791]",19
344,401891113,unsettled,,not_evaluated,,"[0.445830858310104, -0.29384339024250955, 0.3955308816009174, 0.7472925996484009]","[0.02496477102003097, 0.7066705031332107, -0.7066595795013192, 0.02501597306504486]","[459.67960621838324, 6.16898115624006, 39.98763182939884]",8.330000000000823,100.0,0.0,"[50.0, 110.47560147177207, 110.47560147177207]",32
345,225434681,unsettled,,not_evaluated,,"[-0.3912896982650508, 0.6237061331187186, -0.5782994858442289, -0.351358415601564]","[-0.324965272965161, -0.6280630418863327, 0.6279856313468777, -0.32491296312247797]","[459.62376580537403, 6.173413189265606, 39.99910967152942]",8.170000000000911,100.0,0.0,"[50.0, 113.06904387470101, 113.06904387470102]",26
346,2594131664,unsettled,,not_evaluated,,"[0.9287638649349177, 0.1673585554405621, -0.2524568204596961, -0.21366878788298235]","[0.8933411544878037, -0.44937910666815534, -1.2730830110524451e-05, 5.143428780329807e-06]","[460.2883197726803, 39.989946109132944, 6.1725657603812145]",4.969999999999994,100.0,0.0,"[50.0, 111.888297764309, 111.88829776430899]",13
347,1003632784,unsettled,,not_evaluated,,"[-0.5534335173751268, 0.1501665188983372, -0.19810919181889083, 0.7949302526414607]","[-0.32274751245730127, 0.6290914022377969, 0.6292097309695245, 0.3227586796452816]","[459.8735785263562, 3.8408369431521225, 39.9850578587932]",9.120000000000385,100.0,0.0,"[50.0, 111.60607303437564, 111.60607303437565]",30
348,1582205474,unsettled,,not_evaluated,,"[0.453668244587904, 0.3920223605087072, 0.1535447506293244, 0.785447389879099]","[-0.46849293192486063, 0.5297789937694388, -0.5296591470935799, -0.46830521927178026]","[459.7297897419927, 6.174903844785608, 39.98768433214675]",7.980000000001,100.0,0.0,"[50.0, 112.17553079797733, 112.17553079797734]",21
349,1175386389,unsettled,,not_evaluated,,"[-0.169876418588353, -0.4905923723818673, 0.6427253288901665, 0.5633518245034387]","[5.109222839799754e-05, 7.399795704908507e-05, 0.1505298873411262, 0.9886054546334216]","[460.231059679335, 39.98246201383414, 3.8311868128373567]",5.040000000000018,100.0,0.0,"[50.0, 111.35074276038425, 111.35074276038426]",16
350,3426315339,unsettled,,not_evaluated,,"[0.7619549124828563, -0.10773591762875073, 0.2103228261383814, -0.6029776050576822]","[0.3663347828028719, -0.6048270048458664, -0.6048066946571633, -0.36632223958671684]","[459.90448372235096, 3.83701460472256, 39.99255379035835]",9.13000000000038,100.0,0.0,"[50.0, 113.16177804084889, 113.1617780408489]",28
351,1950208217,unsettled,,not_evaluated,,"[0.32467456317231624, -0.555252933700564, 0.724202560419202, -0.24861870228937888]","[0.3060545689523083, 0.6375080967527931, -0.6375114920782382, 0.3057664547759068]","[459.5661359078426, 6.171765065247762, 40.00077922876613]",7.580000000000866,100.0,0.0,"[50.0, 112.77222579939796, 112.77222579939796]",24
352,3843021671,unsettled,,not_evaluated,,"[-0.6004387263867339, 0.46022149587923483, -0.1398662779784892, -0.638832477939405]","[-0.21181048077952813, -0.6746197368295446, 0.6746238162950644, -0.21191327801594811]","[459.8810179713463, 6.168834139892359, 39.99304194590347]",8.710000000000612,100.0,0.0,"[50.0, 113.17376766208254, 113.17376766208255]",33
353,4285819425,unsettled,,not_evaluated,,"[0.10798352907547408, 0.7503078307153173, -0.5097169204095255, -0.40689848569871895]","[-0.705222505673046, 0.053114822538706745, -0.053083441830151706, -0.7049980009350219]","[459.74666679991896, 6.172151769193363, 39.99049066883394]",9.260000000000307,100.0,0.0,"[50.0, 113.16673021831318, 113.16673021831319]",32
354,3497012217,unsettled,,not_evaluated,,"[-0.03614389212516662, -0.47092224253230175, 0.8776470309927155, -0.08161831620453769]","[0.6523563271207296, 0.2729903837199867, -0.27293779098540594, 0.6522364871072248]","[459.7583337651213, 6.1721051767910655, 39.99323988749693]",8.200000000000895,100.0,0.0,"[50.0, 108.13754479608569, 108.1375447960857]",24
355,2873029230,unsettled,,not_evaluated,,"[0.4628663485147122, -0.8593102772631258, 0.024602172352034594, 0.21618354220011224]","[-0.1450793365580014, -0.9894200235183106, 4.361084111875746e-05, -3.553886106014842e-05]","[459.6703263596804, 39.99744380157567, 6.172556183265857]",5.220000000000078,100.0,0.0,"[50.0, 113.0079756546338, 113.00797565463381]",24
356,1554565609,unsettled,,not_evaluated,,"[-0.652094966003504, 0.3679621994719656, -0.4952347691569995, -0.44058880885770996]","[0.04464647274593292, -0.7057125198362556, 0.7056604936758288, 0.04494217932961125]","[459.5973995950141, 6.164024454826042, 39.995767014791454]",7.880000000000966,100.0,0.0,"[50.0, 113.16357700440454, 113.16357700440456]",28
357,2965863122,unsettled,,not_evaluated,,"[-0.12769327799571875, -0.940130401887314, -0.03815505373810864, 0.31367729608013967]","[-0.5351831756676183, -0.8447360199635778, -0.00010599281851120247, -0.00011757525126268599]","[460.0989889520513, 40.006052978188144, 6.175124512180597]",5.0900000000000345,100.0,0.0,"[50.0, 112.81957631849473, 112.81957631849474]",10
358,288631476,unsettled,,not_evaluated,,"[0.15646738306889113, 0.4577879066219654, -0.17363200094501036, -0.8577879218280493]","[0.00023274308331944216, -5.990613354295293e-05, 0.6671508693664304, -0.7449225864111844]","[459.75451236958475, 40.00418101986844, 3.832673953413343]",4.689999999999901,100.0,0.0,"[50.0, 112.87497122761972, 112.87497122761974]",18
359,3535010220,unsettled,,not_evaluated,,"[-0.38296168635250694, 0.6040267022354994, 0.08806163065029556, -0.6933521752902795]","[-0.2971021798448011, -0.6417307681861658, 0.6416236751213641, -0.29703699335001277]","[459.88905823759416, 6.175232244183527, 39.99608632664288]",8.960000000000473,100.0,0.0,"[50.0, 112.82345025099745, 112.82345025099745]",27
360,2618921339,unsettled,,not_evaluated,,"[0.7111506376373382, -0.1553816167939371, 0.3915002002004868, -0.5628933442433726]","[0.4411421407653996, -0.552680624039779, -0.5526039098336034, -0.44109710754950054]","[459.563505834146, 3.8323220943852867, 39.979163286085395]",9.280000000000296,100.0,0.0,"[50.0, 112.99764624997056, 112.99764624997054]",31
361,1660890013,unsettled,,not_evaluated,,"[0.45280857555295406, 0.20066766691702484, 0.5321230520114401, 0.6866891137027097]","[9.998167387259561e-05, -3.3710461038394264e-05, -0.691687482583002, 0.7221969366490412]","[460.2478246255272, 39.996537340297984, 3.834634521449592]",5.270000000000095,100.0,0.0,"[50.0, 111.73050516363818, 111.7305051636382]",16
362,4217470258,unsettled,,not_evaluated,,"[-0.705585590940385, 0.12040932334872317, -0.01745986958392375, 0.6981015124336307]","[-0.04770379241227719, 0.7054080406467269, 0.7055838339206161, 0.047700080611219095]","[459.89695524807723, 3.8448079298146127, 39.98564503640772]",8.810000000000556,100.0,0.0,"[50.0, 112.84387968126377, 112.84387968126379]",33
363,3876941340,unsettled,,not_evaluated,,"[-0.12107567680190418, 0.9796114234016763, 0.025284708254459297, -0.1583124226218193]","[0.38382701529793495, 0.9234049788633163, 0.00021361503578815055, 0.00014733137435987698]","[460.04689690958577, 39.99033528287825, 6.160170934146944]",4.949999999999988,100.0,0.0,"[50.0, 112.74757216719536, 112.74757216719537]",19
364,1763217951,unsettled,,not_evaluated,,"[0.3073770505126439, 0.9100429245687035, 0.09833167340130129, -0.26013862893981854]","[0.7490935854646167, 0.6624641741810493, 0.00012068651521374152, 5.980928589910395e-05]","[460.14752933887587, 39.991178196019646, 6.151711628031489]",5.000000000000004,100.0,0.0,"[50.0, 111.64075588458404, 111.64075588458405]",11
365,4219013935,unsettled,,not_evaluated,,"[0.7454283172530326, -0.3094702124605008, -0.041500737105532565, -0.5889333580776878]","[0.06600578132618548, -0.7040304448167787, -0.704002199925045, -0.0660702058669851]","[459.959792978109, 3.8350093699001317, 39.98363526708732]",8.990000000000457,100.0,0.0,"[50.0, 112.69643735606775, 112.69643735606776]",22
366,2392790572,unsettled,,not_evaluated,,"[0.506298281140592, -0.4800913546943908, 0.6900901351759378, -0.19222368999330575]","[0.29737142927417864, 0.6416429460598227, -0.641534328135194, 0.2971502459148047]","[459.85886819696196, 6.173264351258274, 39.9976608135037]",7.640000000000886,100.0,0.0,"[50.0, 112.79054695658368, 112.7905469565837]",31
367,1164810619,unsettled,,not_evaluated,,"[-0.38137065741942194, -0.17571490907316958, -0.402914362951204, -0.8132285708929016]","[6.526301217640863e-06, 1.747896923703918e-05, 0.794884408595693, -0.6067608891675275]","[459.84592890526704, 40.000479840782006, 3.8369655981934994]",5.220000000000078,100.0,0.0,"[50.0, 110.77548793748022, 110.77548793748024]",10
368,2725202999,unsettled,,not_evaluated,,"[0.6020706777101422, 0.6374296419236787, -0.13537127254050507, -0.4613772525921334]","[0.989516750441145, -0.1444181373874407, -3.4556805782876005e-07, 4.6795509630104246e-05]","[460.0067553309858, 40.000876958148915, 6.173336972463559]",5.040000000000018,100.0,0.0,"[50.0, 111.11511833028023, 111.11511833028024]",25
369,654768980,unsettled,,not_evaluated,,"[0.36951331627604517, 0.16361525016927125, -0.050278802764462525, -0.9133246963699704]","[-0.44384396051663433, -0.5503944055401706, -0.5504582556037962, 0.4439191884798587]","[459.9646347130857, 3.8344386967271817, 39.9916204608231]",8.030000000000989,100.0,0.0,"[50.0, 105.33395637137482, 105.33395637137484]",21
370,2221380443,unsettled,,not_evaluated,,"[-0.35836865151581215, 0.05949061892660346, 0.9295317164905558, 0.0632737221015895]","[-8.441969390227122e-05, 7.55876150741186e-05, 0.16007144012633606, 0.9871054255831585]","[459.768796708392, 39.99150872757277, 3.839356578809853]",4.839999999999951,100.0,0.0,"[50.0, 112.8097256802822, 112.80972568028221]",29
371,476349535,unsettled,,not_evaluated,,"[0.09604740000755455, 0.7008195225679995, 0.19012996826416934, 0.6807918102527497]","[0.3240261530564449, 0.6284188200906293, 0.6286319643207905, -0.3239115498489166]","[459.67216587118946, 3.8377209088390587, 39.97642230249441]",9.11000000000039,100.0,0.0,"[50.0, 112.86012784276684, 112.86012784276686]",33
372,3612281220,unsettled,,not_evaluated,,"[0.6715049193823535, 0.5474979878976362, 0.17480186313158846, 0.46773005584317984]","[-0.7061932833125466, 0.03662467973227678, -0.03670821247322342, -0.7061176860664051]","[459.74484538445074, 6.167560441840733, 39.985476632232135]",7.650000000000889,100.0,0.0,"[50.0, 111.37034620745203, 111.37034620745204]",15
373,1017460157,unsettled,,not_evaluated,,"[0.7624564013137765, 0.3983607319822863, -0.4894468025699346, 0.14286633880746705]","[-0.5406162618841117, 0.45567239104027285, -0.4557531096676673, -0.5407271330887157]","[459.99237518280023, 6.16326376872137, 39.98243292430485]",8.75000000000059,100.0,0.0,"[50.0, 110.75494115619558, 110.7549411561956]",21
374,3334185002,unsettled,,not_evaluated,,"[0.29294854975408346, -0.3482776720377911, 0.3091249391142775, 0.8350602267947566]","[-0.14171597814042716, 0.6928068495739598, -0.692678557525675, -0.1418861045601609]","[459.5962339325851, 6.166935495028944, 39.99336643928392]",8.160000000000917,100.0,0.0,"[50.0, 107.37139990457943, 107.37139990457945]",26
375,36137377,unsettled,,not_evaluated,,"[-0.20545604068213918, -0.3180872002026298, 0.5867492465968921, 0.7157748738482309]","[1.7940010810346685e-05, 4.095505236584307e-06, -0.27006151557039626, 0.9628430700115173]","[459.80264605224613, 39.996804319599526, 3.8340130489345863]",4.869999999999961,100.0,0.0,"[50.0, 113.07040649235348, 113.0704064923535]",18
376,289982995,unsettled,,not_evaluated,,"[0.44371958448672016, 0.8345991150536697, -0.14418709359260803, 0.29286059744506493]","[0.9796038577850485, -0.20093844121254364, -1.2169151982474593e-05, -0.00015654914733370664]","[460.181784037851, 39.98213387219566, 6.1627693378534385]",5.610000000000208,100.0,0.0,"[50.0, 110.4233202446906, 110.42332024469061]",19
377,437091509,unsettled,,not_evaluated,,"[0.46244359947511104, -0.1983497310405094, -0.8436222101105, -0.18736293152311587]","[-0.6762024452887133, -0.20639989884609597, -0.20647507791001798, 0.676400308208045]","[459.785481616798, 3.8451911597136257, 39.9793965699641]",8.470000000000745,100.0,0.0,"[50.0, 109.38914035499961, 109.38914035499961]",29
378,3839845437,unsettled,,not_evaluated,,"[0.35226777543534865, 0.934847391708788, 0.031132634150594862, -0.03159948885586536]","[0.7539576574444748, 0.6569230173120796, -9.891524697352994e-06, -2.9310240398650045e-06]","[459.9131573633921, 40.002250098704074, 6.16955659695206]",4.959999999999991,100.0,0.0,"[50.0, 112.88526393095223, 112.88526393095225]",15
379,1660966759,unsettled,,not_evaluated,,"[-0.1517052857831241, -0.29127561974959143, -0.18264073679145526, 0.9267072789555645]","[7.281850379958767e-05, 1.993856842186226e-05, -0.8883353622022404, 0.4591952510217559]","[460.3279210579724, 40.00271763216709, 3.8277668265291367]",4.949999999999988,100.0,0.0,"[50.0, 111.05078126742183, 111.05078126742184]",16
380,1637501604,unsettled,,not_evaluated,,"[0.18129149155088545, -0.6913895059743468, 0.032480297838960365, 0.6986121788031583]","[0.2139204196397086, 0.6740390101170429, -0.6739271057181834, 0.21384976754703394]","[459.6684962294757, 6.172939747286437, 39.99347911900827]",8.580000000000684,100.0,0.0,"[50.0, 112.83510455550977, 112.83510455550976]",19
381,485279111,unsettled,,not_evaluated,,"[-0.9312632588279296, -0.3349799535042644, 0.12213209572889121, 0.07497282641286965]","[-0.9848460826995633, 0.17343065711846353, -1.2893676037399604e-05, -1.991321404398727e-05]","[459.55168063708226, 39.98338354730588, 6.172899696152554]",4.990000000000001,100.0,0.0,"[50.0, 112.86518035790584, 112.86518035790583]",19
382,3762580992,unsettled,,not_evaluated,,"[0.1773482491946259, -0.3470449091463339, 0.7076768376718273, 0.5893224270007174]","[-2.199629355259525e-05, 0.00018415947405916666, -0.041359484841029984, 0.9991443132076246]","[459.800320381972, 40.006341359254336, 3.833722817743062]",5.130000000000048,100.0,0.0,"[50.0, 105.58133607704603, 105.58133607704605]",21
383,2423116493,unsettled,,not_evaluated,,"[0.29462108731827746, 0.6033356075849531, -0.42676698231237864, 0.6058502309444782]","[-0.7071835239923919, -0.002159927235748333, 0.0023092338739874223, -0.7070229597028328]","[459.9366693470822, 6.166225727266124, 39.99810750295324]",7.95000000000099,100.0,0.0,"[50.0, 112.88432977066273, 112.88432977066275]",32
384,4174505831,unsettled,,not_evaluated,,"[0.2244048008060311, 0.5715964015653734, -0.6853403945532466, 0.39144422678885216]","[-0.7046855992149863, -0.0586132831927728, 0.05866431545286452, -0.7046567869429958]","[459.9562087881481, 6.173245743632025, 39.991542990383195]",8.1900000000009,100.0,0.0,"[50.0, 112.42371657584025, 112.42371657584026]",26
385,2525438779,unsettled,,not_evaluated,,"[-0.6897378057101372, -0.14439285100342594, -0.2628215548777614, -0.6590427104861286]","[0.49940156075312947, -0.500690668538288, 0.5006564196711352, 0.4992495217805427]","[459.91200877754187, 6.174095499146142, 40.00037069414519]",7.810000000000943,100.0,0.0,"[50.0, 112.72299351732607, 112.72299351732609]",27
386,1288210302,unsettled,,not_evaluated,,"[0.04615286212208781, -0.6333120855466261, 0.5372564310861841, -0.5551047134325727]","[0.5539661022600899, 0.4395166216553853, -0.4394148197587771, 0.553950641313612]","[459.63169225118077, 6.167189246401614, 39.98668459769769]",7.560000000000859,100.0,0.0,"[50.0, 112.69329470496146, 112.69329470496147]",25
387,2398396039,unsettled,,not_evaluated,,"[0.7576079537954379, -0.18841092674201143, 0.5765840312664487, -0.24100283383943177]","[0.6693355831488035, -0.22789617258280567, -0.22785388173734855, -0.6694294736790289]","[459.7461604432039, 3.8389328635356037, 39.995302915282565]",9.450000000000202,100.0,0.0,"[50.0, 113.08869902300547, 113.08869902300549]",23
388,701727153,unsettled,,not_evaluated,,"[0.19212178778999547, -0.6549558889125926, -0.32855242530116996, -0.6528210367809931]","[-0.13034672788972151, -0.6949600273457054, -0.695012270115151, 0.13037728064921414]","[459.60588675238023, 3.8373669124184446, 39.98489224802414]",9.410000000000224,100.0,0.0,"[50.0, 112.87848103086601, 112.87848103086603]",37
389,1545886231,unsettled,,not_evaluated,,"[0.6603699745772341, -0.13748381202057905, -0.26800047012429995, -0.6878847622402371]","[-0.18417232552145418, -0.6826846779350086, -0.6827276344747408, 0.1841335443348599]","[459.6597798872767, 3.83742914181915, 39.97255069172109]",8.530000000000712,100.0,0.0,"[50.0, 112.88582494408526, 112.88582494408527]",17
390,1745869872,unsettled,,not_evaluated,,"[-0.447504222096961, 0.26585095795835, 0.8533219872333381, 0.030080316856180497]","[0.7056367594719483, 0.04445338876125303, 0.04438254254009932, -0.705783854892732]","[459.8389971392257, 3.8346604009616354, 39.998218475866324]",8.3700000000008,100.0,0.0,"[50.0, 110.0043812810334, 110.00438128103342]",26
391,406022352,unsettled,,not_evaluated,,"[-0.3653408397420556, 0.6171309206484219, -0.6060321330849663, 0.3440938117209992]","[-0.4492974221021228, -0.5459003859813535, 0.546055038125736, -0.4493867937704638]","[459.7156858178393, 6.168316067111893, 39.996216092421754]",7.600000000000873,100.0,0.0,"[50.0, 112.84497251638668, 112.84497251638668]",27
392,1249401832,unsettled,,not_evaluated,,"[-0.1733833582670486, 0.1891697261426468, -0.9649533349426495, -0.05493712014854206]","[8.341208497464336e-06, 6.091355769392848e-05, -0.28090441928358645, -0.9597357466755699]","[459.9077339781429, 40.0028048604269, 3.837265883474942]",5.1800000000000646,100.0,0.0,"[50.0, 112.00867022685952, 112.00867022685954]",17
393,3632292210,unsettled,,not_evaluated,,"[-0.016288161035539764, 0.41417340070696734, 0.444247711431849, -0.79425377609708]","[-8.824047770632226e-05, -0.00019644102509769334, 0.9733332430455588, 0.22939562246685757]","[459.9202066908564, 39.98442142636983, 3.8285511287667537]",4.749999999999921,100.0,0.0,"[50.0, 111.6048086281704, 111.6048086281704]",11
394,2973749025,unsettled,,not_evaluated,,"[-0.257487360526622, 0.7199862692742867, -0.4075739458834495, -0.4992028744533857]","[-0.6066845500442608, -0.36345560263970256, 0.3633306831486114, -0.6064855285414211]","[459.659687822372, 6.166185054527765, 39.98277662135108]",8.940000000000484,100.0,0.0,"[50.0, 113.16996733792674, 113.16996733792675]",30
395,1941028596,unsettled,,not_evaluated,,"[-0.3979706979410011, 0.5124873277994502, -0.5234674702789294, -0.552229906818808]","[-0.24557088551358894, -0.6631548981280966, 0.6630488991154423, -0.24553345730996803]","[459.9667319505333, 6.178121473870635, 39.978004633595894]",8.250000000000867,100.0,0.0,"[50.0, 112.80105388005225, 112.80105388005227]",25
396,3070380030,unsettled,,not_evaluated,,"[-0.06994234935673012, 0.3801467522525942, 0.7566750495891676, -0.5272943995980771]","[3.886303117553447e-05, 8.823855210693399e-05, 0.9248455581194908, 0.3803428510308435]","[460.2644772409287, 40.00015900482048, 3.836713398693025]",5.010000000000008,100.0,0.0,"[50.0, 109.23826206646382, 109.23826206646383]",10
397,1915343937,unsettled,,not_evaluated,,"[0.4906712176433897, -0.7697750840218592, 0.18896804856236424, 0.36191042098566995]","[0.0844333263160294, 0.7021671959414707, -0.701922894224776, 0.08447776579678828]","[460.0329297303294, 6.167964098995376, 40.000878469705135]",8.020000000000994,100.0,0.0,"[50.0, 107.22300182902772, 107.22300182902774]",30
398,354290017,unsettled,,not_evaluated,,"[-0.28835621042518916, -0.38855276042979314, -0.7424310043056404, 0.46332888116038073]","[-0.3498969357096568, 0.6143181163723307, 0.6145306231349077, 0.35005356662540393]","[459.9869546175351, 3.8401573698609024, 39.998704636067]",8.160000000000917,100.0,0.0,"[50.0, 108.6224457448636, 108.6224457448636]",17
399,3963352672,unsettled,,not_evaluated,,"[0.9251647455085984, -0.043595273119650155, -0.02004224774347514, -0.3765208548474078]","[0.05243036703316685, -0.7050796652143918, -0.7052444299435974, -0.052383359451825595]","[459.7986976703878, 3.843042835610315, 39.99318913095383]",8.710000000000612,100.0,0.0,"[50.0, 105.0603994521, 105.06039945210001]",25
400,2241331819,unsettled,,not_evaluated,,"[0.5925854334590082, 0.24491752173755219, -0.09201458593482868, 0.7618341207726109]","[-0.506085551104009, 0.4938644908990899, -0.4938274376216091, -0.5060728617944358]","[459.5737959201134, 6.171860134122724, 39.98603909275199]",8.110000000000944,100.0,0.0,"[50.0, 112.75233953101564, 112.75233953101565]",22
401,1248089024,unsettled,,not_evaluated,,"[0.2827366532360801, -0.6531151424436665, 0.5934076092222453, 0.3759893681273299]","[0.4039422249989852, 0.5804693672531089, -0.5802767850713937, 0.4039366847054774]","[459.79524765717457, 6.166759543088127, 39.98322372749427]",8.290000000000845,100.0,0.0,"[50.0, 112.7801404796821, 112.7801404796821]",18
402,1190590428,unsettled,,not_evaluated,,"[-0.8466737523926994, -0.520625593890875, -0.0190786065475082, 0.10829845228462341]","[-0.9976377108551594, -0.06869490588588681, -6.425092540795346e-06, -8.799843692858245e-05]","[459.9391402473066, 39.9953498164643, 6.163429350590995]",4.919999999999978,100.0,0.0,"[50.0, 112.64170607651607, 112.64170607651609]",16
403,870255912,unsettled,,not_evaluated,,"[-0.016935335981255635, 0.22228673932136322, -0.7657847735540874, 0.6032209218104038]","[3.853770056132245e-05, -3.886104842087957e-06, -0.9400733984650401, -0.3409721454871848]","[460.0316879458058, 39.99341979220042, 3.838848147298235]",5.070000000000028,100.0,0.0,"[50.0, 112.57983567626943, 112.57983567626944]",11
404,3990659583,unsettled,,not_evaluated,,"[-0.20215787328060575, -0.6371998885809219, 0.5616658613913516, 0.4874832883398513]","[0.6857741351001462, 0.17271163280268578, -0.1726490678077193, 0.685621489531507]","[459.54320682682334, 6.1700763303764, 39.982219817484896]",8.970000000000468,100.0,0.0,"[50.0, 112.89060928659762, 112.89060928659762]",24
405,3397404430,unsettled,,not_evaluated,,"[0.41182468093020647, -0.4075472598130009, 0.478449909386871, 0.6598419109175645]","[0.1546401702147013, 0.6900620517526831, -0.6899566247386503, 0.15446889158045635]","[459.97296739429436, 6.167665019014019, 39.99553918905995]",8.270000000000856,100.0,0.0,"[50.0, 111.74280554303792, 111.74280554303793]",23
406,3645697704,unsettled,,not_evaluated,,"[0.8864963890943234, -0.051138257445942525, -0.1415384693951913, 0.4375795841094335]","[-0.5086119380256682, 0.49128472882449614, -0.49127262217689416, -0.5085316336483442]","[459.7472813734954, 6.168394188338419, 39.974143234546524]",8.030000000000989,100.0,0.0,"[50.0, 108.93202084084581, 108.93202084084582]",32
407,51817196,unsettled,,not_evaluated,,"[0.7638451508528649, 0.27373350348973174, 0.43368309953207546, 0.39182843664804773]","[-0.5407066123368245, 0.4557350789775435, -0.4556718324593247, -0.5406524560822124]","[459.8829138434981, 6.167530446448761, 39.98839812036974]",7.810000000000943,100.0,0.0,"[50.0, 112.60398770291042, 112.60398770291043]",24
408,2309212288,unsettled,,not_evaluated,,"[0.8495889160767383, 0.3365625935702812, -0.2307471229477699, -0.33418566626970336]","[0.8691512149299077, -0.4945464224952674, 3.1588059037329634e-05, 2.4190748059316196e-05]","[460.0045598834813, 39.990832827127626, 6.1716479881844535]",4.969999999999994,100.0,0.0,"[50.0, 110.73031946037898, 110.730319460379]",13
409,48961705,unsettled,,not_evaluated,,"[0.07809326247491846, -0.2879763649877445, 0.049014886336602684, 0.9531886468490268]","[-0.00015192257299606607, -7.935225353822296e-05, -0.8106567612616866, 0.5855216358457344]","[459.90900915667066, 39.99541509928511, 3.833294720600358]",4.869999999999961,100.0,0.0,"[50.0, 113.1700538918201, 113.17005389182012]",11
410,1554068286,unsettled,,not_evaluated,,"[0.6452777913563432, -0.48357184564960204, -0.23356384192165672, 0.5433440657853112]","[0.1903308376504503, 0.6810898141519253, -0.680951003144599, 0.1902539582088591]","[459.7064809820944, 6.17255298971206, 39.98800927095031]",8.970000000000468,100.0,0.0,"[50.0, 112.69381883199958, 112.6938188319996]",32
411,3534876538,unsettled,,not_evaluated,,"[-0.2977258657233537, 0.10832781411501317, -0.3707268817149146, -0.8730326298267885]","[8.043556817532993e-05, -1.0927375001884565e-05, 0.5458105418645565, -0.8379086142296372]","[459.5493955530235, 39.99775204933607, 3.8405486177129182]",5.110000000000041,100.0,0.0,"[50.0, 108.39029960633944, 108.39029960633945]",11
412,534105821,unsettled,,not_evaluated,,"[0.61992343084427, 0.12344665611091266, 0.04777704849200498, 0.7734165867258707]","[-0.35025252625577075, 0.614279732495184, -0.6142590626917459, -0.3502418906957785]","[459.9123222558463, 6.170066268880594, 39.98533521395523]",8.170000000000911,100.0,0.0,"[50.0, 112.6501871412579, 112.65018714125792]",22
413,4091761413,unsettled,,not_evaluated,,"[0.5674666330929233, -0.4537568823728552, 0.5632140784565418, 0.3935431537376766]","[0.120129978697575, 0.6968434187964495, -0.6968570675509195, 0.11986769916257523]","[460.0335650799877, 6.163936678159277, 39.967980718785206]",8.060000000000972,100.0,0.0,"[50.0, 112.99196171074001, 112.99196171074003]",22
414,3173205562,unsettled,,not_evaluated,,"[-0.09130783514718892, -0.5669139993428666, 0.7439710281521406, -0.3417287021308819]","[0.7007157165092684, 0.0957774355699781, -0.09574520444174736, 0.7004691451441307]","[459.85244635612065, 6.16161799345501, 39.97641985527085]",8.240000000000872,100.0,0.0,"[50.0, 111.62439089900053, 111.62439089900055]",21
415,251389692,unsettled,,not_evaluated,,"[0.6080055123042141, 0.07237173668191489, -0.4106834322929009, -0.6755965861203387]","[-0.5353909516606842, -0.46190030556456146, -0.4618964965055879, 0.5354028979330383]","[459.70740856226325, 3.8402091648646506, 39.99283626350546]",7.8600000000009596,100.0,0.0,"[50.0, 112.38659743630066, 112.38659743630068]",23
416,2745748030,unsettled,,not_evaluated,,"[-0.44688314577346244, 0.750365958923362, -0.42026706391498325, -0.24621530557810048]","[-0.15582427456986722, -0.689752373448178, 0.6896922181764495, -0.15583678309124763]","[459.91859262354615, 6.168046603483291, 39.999922573504556]",7.980000000001,100.0,0.0,"[50.0, 109.98321692800606, 109.98321692800607]",17
417,2132957445,unsettled,,not_evaluated,,"[0.02440900510333862, 0.4192243821668913, -0.3393466787833796, -0.8417237964233536]","[1.866193612859446e-05, -3.422699152441644e-05, 0.5774857620960656, -0.8164007551788347]","[459.8150476175294, 39.98732711839938, 3.830316203647641]",4.709999999999908,100.0,0.0,"[50.0, 112.99747443748926, 112.99747443748925]",14
418,2592582287,unsettled,,not_evaluated,,"[-0.17317025778823744, 0.877343216343861, -0.19804333936939197, 0.40132253647706384]","[0.37910266767746775, 0.9253545957301168, 9.761843547817506e-05, 0.00017318089028600658]","[459.60765941727635, 40.00916145893499, 6.168989038485266]",4.5599999999998575,100.0,0.0,"[50.0, 113.09865720024273, 113.09865720024274]",16
419,488833476,unsettled,,not_evaluated,,"[0.814050814904451, -0.47546433509702507, 0.2701807450712651, -0.19559473867381785]","[0.591605658852735, -0.806227476074284, -3.403956412528775e-05, 8.810184953439437e-06]","[460.0855311007254, 39.991359876523035, 6.166393346522455]",4.839999999999951,100.0,0.0,"[50.0, 112.86024026984256, 112.86024026984258]",13
420,1079718317,unsettled,,not_evaluated,,"[-0.06942338662369815, -0.7737009619714047, 0.02210873122520877, 0.6293476136745343]","[-0.5446659776045012, -0.8386530694306179, -1.1000665618376983e-05, -4.305486845121443e-05]","[459.754405332382, 39.9934170009094, 6.1707066933314]",5.290000000000101,100.0,0.0,"[50.0, 113.11395709735051, 113.11395709735052]",27
421,1354260012,unsettled,,not_evaluated,,"[-0.4187518959274471, 0.7746345086352491, 0.30176239181627623, -0.3654144038949682]","[-0.08977689661937852, 0.9959618936981928, -4.6926410606773494e-05, -0.00011372077696258226]","[459.87789638649247, 39.99801030288083, 6.171726769994955]",5.310000000000108,100.0,0.0,"[50.0, 112.79317691937226, 112.79317691937227]",10
422,882229007,unsettled,,not_evaluated,,"[0.1273924501741963, -0.9584522427451846, 0.2029272869603875, 0.1547933403678503]","[-0.9368065054097137, -0.34984790276779, 0.00011518494039805538, -5.552881017717448e-05]","[459.87421611172215, 40.001392587681536, 6.171154154653222]",5.850000000000288,100.0,0.0,"[50.0, 111.47631849646923, 111.47631849646925]",10
423,4192697643,unsettled,,not_evaluated,,"[0.6550885994433101, -0.4372331383276803, -0.14355208181188908, 0.5992319329233069]","[0.46443875437116267, 0.5333754537648688, -0.5331264882660003, 0.46430961250920233]","[459.9282384708139, 6.173635779706938, 39.97453496192423]",9.410000000000224,100.0,0.0,"[50.0, 113.01734592982731, 113.01734592982731]",29
424,3669686380,unsettled,,not_evaluated,,"[-0.06116896501923223, 0.885354112653527, -0.3315742172768101, -0.32010153289734866]","[-0.5647469542164221, -0.4256106586882408, 0.42542476861205253, -0.5647390646711256]","[460.0215222134299, 6.171775459972488, 39.98243510790854]",8.520000000000717,100.0,0.0,"[50.0, 108.9765808908914, 108.97658089089141]",28
425,514171889,unsettled,,not_evaluated,,"[-0.8749889709778484, -0.4028463397589936, 0.14105621020290338, 0.22850004983172698]","[-0.9906788196273171, 0.13621848182559235, 1.3597428948866619e-05, -3.696033870947968e-05]","[460.0441222224161, 39.97814881493781, 6.168582874849136]",4.959999999999991,100.0,0.0,"[50.0, 112.13226925406386, 112.13226925406387]",13
426,551640303,unsettled,,not_evaluated,,"[-0.2697721665536638, 0.4464575027683721, -0.8515280409815804, 0.05290247439244444]","[-0.6771022672118145, -0.20383597381827212, 0.20383653686969422, -0.6770776039355807]","[459.9379565597387, 6.168851643902983, 39.99181799695344]",8.350000000000811,100.0,0.0,"[50.0, 110.06083858098043, 110.06083858098044]",27
427,1447824218,unsettled,,not_evaluated,,"[0.054177171776904016, 0.03524804273418602, -0.8950143501031719, -0.44132949442685304]","[-3.080174448666373e-06, 0.0002613692737138086, 0.00822576651611379, -0.999966133647454]","[460.16354798624997, 39.99843201220972, 3.8355365039916616]",5.1200000000000445,100.0,0.0,"[50.0, 112.80038674791899, 112.800386747919]",19
428,88904940,unsettled,,not_evaluated,,"[0.9031736958155836, -0.2856238255728287, 0.17222343768948123, -0.27025061140056533]","[0.8656450519229012, -0.5006582085672092, -4.4173743563386e-05, -1.8009747278391334e-05]","[460.18053138486033, 39.98443110124683, 6.167030413694381]",4.939999999999984,100.0,0.0,"[50.0, 111.03501547146102, 111.03501547146102]",18
429,1326025458,unsettled,,not_evaluated,,"[-0.5718926520009407, -0.20994557547447532, -0.2553657328752236, 0.7507662701527834]","[-0.02212821505083963, 0.7067117104639927, 0.7068078035806844, 0.02217271271563845]","[459.80855462992645, 3.836160047435311, 39.98529072220123]",8.340000000000817,100.0,0.0,"[50.0, 112.33615457794704, 112.33615457794706]",19
430,1890205973,unsettled,,not_evaluated,,"[0.4550261583998374, -0.14329072983126753, -0.6002766520818873, 0.6419399527071591]","[-1.4916508026291408e-05, -1.6657854716828346e-05, -0.8990281531968624, 0.4378908302984348]","[460.1062145925068, 39.992675125722464, 3.8383925241523427]",4.949999999999988,100.0,0.0,"[50.0, 111.67738458214006, 111.67738458214008]",6
431,296743350,unsettled,,not_evaluated,,"[0.6332094678323993, -0.22651466425909744, 0.7306858552586184, 0.11762252185691]","[0.0021401307485330247, 0.7071116271431233, -0.707095434263754, 0.0021478926269640052]","[459.6624225522678, 6.170502038100111, 39.99749011994877]",7.630000000000883,100.0,0.0,"[50.0, 112.87315800736908, 112.8731580073691]",19
432,4200615586,unsettled,,not_evaluated,,"[0.655926729555045, 0.4715822210767977, 0.3000995891145564, 0.5072578938102114]","[-0.6321628842245699, 0.3168424857802338, -0.31691798640143415, -0.6320948638525201]","[459.7627947427577, 6.1703809372691785, 39.993419976766404]",7.820000000000946,100.0,0.0,"[50.0, 112.68380332902584, 112.68380332902585]",26
433,1827127625,unsettled,,not_evaluated,,"[0.8579350932580933, -0.2128157517921675, -0.14611278493536695, -0.44419352271706153]","[-0.07678271477915866, -0.702979626879269, -0.7028776227465603, 0.07672748103496028]","[459.8272988244018, 3.8308932318340294, 39.989301862982785]",8.720000000000606,100.0,0.0,"[50.0, 109.22702833411161, 109.22702833411162]",22
434,534635392,unsettled,,not_evaluated,,"[0.4023365553425705, -0.1994319114941423, 0.8810665716111402, -0.14857289558415035]","[-0.00019847374759868197, -7.256902507885021e-05, 0.6625181112515903, 0.7490458648210627]","[459.7633324365122, 39.999778546254326, 3.834598493021861]",5.480000000000165,100.0,0.0,"[50.0, 113.0500586751573, 113.05005867515732]",23
435,2590583326,unsettled,,not_evaluated,,"[0.09030055180909459, -0.04441867200298009, -0.8023967719212277, -0.5882450274595253]","[-1.0871198322270903e-05, -4.704530561571579e-06, 0.06620745825454286, -0.997805879082278]","[460.34168132213085, 39.98370560735767, 3.833727679567519]",5.100000000000038,100.0,0.0,"[50.0, 112.74392987379963, 112.74392987379963]",12
436,2547354583,unsettled,,not_evaluated,,"[0.8152563941732772, 0.21622676966726295, -0.40583675953436604, -0.3519936369446071]","[0.3927187111796428, -0.5880331206120373, -0.5879735178401415, -0.3927800978554774]","[459.67693225388814, 3.8378380024148875, 39.995842159808106]",9.080000000000407,100.0,0.0,"[50.0, 111.56662101008011, 111.56662101008013]",35
437,3218085765,unsettled,,not_evaluated,,"[0.2954657990931379, 0.39282819469298863, -0.3980689292476701, -0.7745496101529676]","[-1.8794149349465883e-05, 5.065819737595789e-05, 0.3913527848011941, -0.920240726608466]","[460.35140957726384, 39.99517761503221, 3.8306628178193143]",4.719999999999911,100.0,0.0,"[50.0, 112.82119714641343, 112.82119714641344]",12
438,1304232084,unsettled,,not_evaluated,,"[-0.352213766853653, 0.21184664024323208, -0.8685438811426818, -0.27694401958883696]","[-1.456691694295964e-05, 4.4788723465027935e-06, 0.04977525189728474, -0.9987604437833463]","[459.9094409409451, 40.00478004166862, 3.8342473697376804]",5.0600000000000245,100.0,0.0,"[50.0, 109.23913487983408, 109.2391348798341]",17
439,297768368,unsettled,,not_evaluated,,"[-0.22472066688496214, -0.872516407788627, -0.21434063640960546, 0.3771920354380955]","[-0.49530382173866383, -0.86871979135193, 0.00014433966853655278, 0.0001656822057395646]","[460.14128790322894, 39.988509877375954, 6.16530030891287]",5.270000000000095,100.0,0.0,"[50.0, 108.3684444252066, 108.36844442520662]",17
440,891232979,unsettled,,not_evaluated,,"[-0.34380334234946835, -0.7338992915597421, -0.0763126847783356, 0.5808334234351233]","[-0.47126452540711455, 0.5270377407282576, 0.5271741715763384, 0.47141103059184164]","[459.6887134026999, 3.8431038901389805, 39.995694037463515]",8.380000000000795,100.0,0.0,"[50.0, 112.62056431147771, 112.62056431147772]",18
441,3841963349,unsettled,,not_evaluated,,"[-0.5133375855609958, -0.07907450326392841, 0.6897991190402434, -0.5043896525061499]","[0.7064828636277475, 0.03163379583808455, -0.031612081378315636, 0.7063157528132463]","[459.7792749579152, 6.172449150221273, 39.9987677896078]",8.050000000000978,100.0,0.0,"[50.0, 109.98103762268596, 109.98103762268597]",27
442,18385099,unsettled,,not_evaluated,,"[0.12047864421829556, -0.12517628543684167, -0.7144336243554615, 0.6777908159910955]","[1.6220351196111208e-05, -1.1404901482159337e-05, -0.9726884242234108, -0.23211468929950646]","[459.7433894417733, 39.98868236323862, 3.8335310105475884]",5.0600000000000245,100.0,0.0,"[50.0, 112.7610749498446, 112.76107494984461]",15
443,2691739939,unsettled,,not_evaluated,,"[-0.22267729535334213, 0.7891356077799049, -0.5696644964821498, 0.0562332296395906]","[-0.4731094015498202, -0.5255999072486809, 0.525501700154076, -0.4730329743268692]","[459.8006302164919, 6.175609302799058, 39.99908656891189]",7.92000000000098,100.0,0.0,"[50.0, 112.37637397837537, 112.37637397837538]",19
444,1648306844,unsettled,,not_evaluated,,"[0.40372342625092367, -0.4878801446397, -0.3946080481346454, -0.6657813814683657]","[-0.14566374312498614, -0.691896272537422, -0.6919807570419181, 0.14568546211387598]","[459.6403782768344, 3.8417294503814285, 39.99681332292427]",9.080000000000407,100.0,0.0,"[50.0, 112.66582129293356, 112.66582129293356]",25
445,3556173456,unsettled,,not_evaluated,,"[0.8819022092181918, -0.180298544692677, 0.353429474799875, -0.2546144821106211]","[0.9693641053587425, -0.24562818330933744, 0.00011960787447157228, -0.00011180409497929533]","[460.0551315084883, 39.982855736156715, 6.166881685611851]",4.849999999999954,100.0,0.0,"[50.0, 111.80051018906916, 111.80051018906917]",22
446,4217925759,unsettled,,not_evaluated,,"[0.0961030644699224, -0.5789503453412914, -0.05326938281784191, 0.8079251645312798]","[0.0002794476515098066, -3.901103532583106e-05, -0.899227497179213, 0.43748123240198306]","[460.10056881351903, 39.984003066653024, 3.828016593373836]",4.519999999999844,100.0,0.0,"[50.0, 113.0875501621911, 113.08755016219112]",17
447,2301786321,unsettled,,not_evaluated,,"[0.2578223818748416, -0.7105505883403768, 0.20813108451813142, -0.620747076087221]","[-0.00010846067453165742, 0.00011131651686591137, 0.9687077116172849, -0.24820424109615544]","[460.0977887924423, 39.98840095940922, 3.8325936358481645]",5.530000000000181,100.0,0.0,"[50.0, 113.17670772668613, 113.17670772668615]",21
448,325454950,unsettled,,not_evaluated,,"[0.7956384402483112, 0.3843416545390062, -0.3939975078371101, -0.25299590669336963]","[0.9981012013017088, 0.0615953625975312, -4.9871518514699876e-05, 2.7917670372801243e-05]","[459.85239602570664, 40.000624844124715, 6.168636168287483]",5.390000000000135,100.0,0.0,"[50.0, 112.87370212056095, 112.87370212056096]",9
449,969502381,unsettled,,not_evaluated,,"[-0.30927980161513835, -0.15406158471051223, 0.5135925348162733, 0.7853876371642105]","[-2.166679976511876e-05, 5.704579175475066e-05, -0.5870558599529199, 0.8095464245929724]","[459.9213867629521, 40.00182910002327, 3.832020997571888]",4.829999999999948,100.0,0.0,"[50.0, 111.75673545011004, 111.75673545011003]",15
450,2996715874,unsettled,,not_evaluated,,"[-0.19287291865651282, 0.48587151384416694, 0.6514239194558252, 0.5498870669914926]","[0.5331187753422658, 0.46453348469197203, 0.4645185102435358, -0.5331187171902918]","[459.98946034690044, 3.8330503131177167, 39.99373877505461]",8.830000000000545,100.0,0.0,"[50.0, 110.09067213315514, 110.09067213315515]",29
451,1609489958,unsettled,,not_evaluated,,"[-0.9949556450195594, -0.05813871976815337, 0.08029387326127228, -0.015363841451134974]","[-0.9024450840129695, 0.43080490705147934, 3.4057649127727796e-05, -3.5231624169462794e-05]","[460.3584685446916, 39.989422080643806, 6.167807136864025]",4.929999999999981,100.0,0.0,"[50.0, 112.9216878656281, 112.92168786562809]",17
452,2771918735,unsettled,,not_evaluated,,"[-0.11460745564524599, 0.43084029765301896, -0.8796516023320977, 0.16569498345862566]","[-0.6949920370697847, -0.1306107257999603, 0.13055774852078386, -0.6948968132153021]","[459.93504680941135, 6.179026581698829, 39.998494438214195]",8.420000000000773,100.0,0.0,"[50.0, 106.93933924747823, 106.93933924747824]",40
453,610631633,unsettled,,not_evaluated,,"[0.1514681535432902, -0.6127328788032343, 0.29993681550540857, -0.7152997444429585]","[3.870832021988374e-05, 3.0446512574833218e-05, 0.9944093189492551, -0.10559405268079458]","[459.9862509677988, 39.985290030431166, 3.837602922340946]",5.420000000000145,100.0,0.0,"[50.0, 113.18266106700952, 113.18266106700953]",17
454,2319603761,unsettled,,not_evaluated,,"[-0.1570165804251357, 0.03132179366028071, 0.9537235132709428, -0.2545116872515474]","[3.146487623983951e-05, -8.95538685795616e-05, 0.6698477503987605, 0.742498472911417]","[459.5501136040055, 39.9841590123858, 3.830894248295011]",5.110000000000041,100.0,0.0,"[50.0, 112.82614217338539, 112.8261421733854]",21
455,1854309513,unsettled,,not_evaluated,,"[0.12356854996780049, -0.2678906918240119, -0.7278985147329342, -0.6189742667853777]","[-0.6905044732303521, -0.15216254065521387, -0.15214583433576415, 0.6905807547017935]","[459.5567161201652, 3.841625981256702, 39.98996699342255]",8.230000000000878,100.0,0.0,"[50.0, 108.36164753678578, 108.36164753678577]",12
456,989447075,unsettled,,not_evaluated,,"[0.9713800337355661, -0.21011797810244398, 0.016179182275794755, 0.10958786154915928]","[0.5377966540224748, -0.8430745844171318, -5.9053085632365665e-05, -2.3341900882434263e-05]","[460.0546268164567, 39.97734073999853, 6.161180149944548]",5.240000000000085,100.0,0.0,"[50.0, 113.0770375381313, 113.07703753813131]",13
457,2183323969,unsettled,,not_evaluated,,"[0.4719514165278837, -0.21436734646952207, 0.6328959274691771, -0.5751097688249347]","[-5.0971194221247074e-05, 8.21685528141769e-05, 0.9442488885763097, 0.3292324818007333]","[459.69214991308723, 39.98252253508214, 3.833673326130299]",5.500000000000171,100.0,0.0,"[50.0, 112.24766226650134, 112.24766226650134]",22
458,3333157346,unsettled,,not_evaluated,,"[-0.9276509904190547, 0.24159716448372856, 0.27468312960690555, 0.07512408666549768]","[-0.6714989600214136, 0.7410054956292034, -4.559123612762894e-05, 7.675806248996775e-06]","[459.57069449656103, 39.99723480947173, 6.173868046946238]",4.959999999999991,100.0,0.0,"[50.0, 112.24007648567832, 112.24007648567833]",16
459,1536433214,unsettled,,not_evaluated,,"[0.08218339877503628, 0.2576184628040969, -0.6582543058704985, -0.7025524075762501]","[7.023449787119107e-05, 6.532957375367243e-05, 0.24659127464754804, -0.9691195664451625]","[459.55305710814434, 39.98777872844218, 3.8335079736064768]",4.909999999999974,100.0,0.0,"[50.0, 113.0683786957146, 113.06837869571461]",12
460,3003981838,unsettled,,not_evaluated,,"[-0.7818738120739928, -0.012854806092070811, 0.6135808908157429, -0.10966579402428699]","[0.5420801275752765, -0.4539893655929786, 0.45390589124655223, 0.5422289489764724]","[459.7241619401236, 6.165118665724514, 39.97471428118449]",8.330000000000823,100.0,0.0,"[50.0, 113.14396982154331, 113.1439698215433]",18
461,1671738075,unsettled,,not_evaluated,,"[0.16848477985767996, 0.6303939036957051, 0.6092136526744295, 0.4506385808324433]","[0.37435226056354876, 0.5998570383051356, 0.5999140186678811, -0.37434621517053607]","[459.5812619461643, 3.834568358545502, 39.98587035868045]",9.58000000000013,100.0,0.0,"[50.0, 112.83613970687787, 112.83613970687786]",25
462,1427896573,unsettled,,not_evaluated,,"[-0.8276546587604369, 0.01672756570963244, -0.5591638238802129, 0.045208101499985595]","[-0.8510251640181971, 0.5251248892406807, -5.56039170304945e-05, -0.00013347647039640975]","[460.3762519933182, 40.001885815050976, 6.174078490695928]",4.459999999999824,100.0,0.0,"[50.0, 112.85994617311385, 112.85994617311385]",14
463,617616967,unsettled,,not_evaluated,,"[-0.653353822706798, 0.3994512311384112, -0.04260644431797357, -0.6416791933661253]","[-0.1584036241154648, -0.6892122628412827, 0.689070057363194, -0.15835783738662834]","[459.64812519867627, 6.171253945639738, 39.998152273194655]",8.7300000000006,100.0,0.0,"[50.0, 113.16919884172853, 113.16919884172854]",24
464,4137320547,unsettled,,not_evaluated,,"[0.42361130840775824, -0.7453039372078921, -0.42955826919711343, -0.2838224690468704]","[-0.561939270363639, -0.4291403902431443, -0.4292170135887107, 0.5619924707067981]","[459.60044954812565, 3.8357687071503763, 39.988021250325076]",8.710000000000612,100.0,0.0,"[50.0, 110.9175006744146, 110.91750067441458]",20
465,2545035017,unsettled,,not_evaluated,,"[-0.5569568557253328, 0.6963649029460673, 0.07238081643017763, 0.44680644603493136]","[0.5111910235943044, 0.48855789861008997, 0.4885459861253963, -0.5111924652643706]","[459.9080135139285, 3.8344601576547377, 39.98091277261036]",8.620000000000662,100.0,0.0,"[50.0, 108.62664542311263, 108.62664542311265]",20
466,1308104037,unsettled,,not_evaluated,,"[0.6202867767754898, 0.441811349337051, 0.34047399362073083, -0.5514748460468515]","[0.4813306354442338, -0.5180074398401103, -0.5180385971295303, -0.4812744783771655]","[459.7066617081914, 3.8306169396907093, 39.96955746564978]",8.670000000000634,100.0,0.0,"[50.0, 113.15899552146251, 113.15899552146253]",21
467,997398106,unsettled,,not_evaluated,,"[0.11084417898417434, -0.7964657463755247, -0.5903442692092394, 0.06963854283090477]","[-0.7069372785635579, -0.01025834629970127, -0.010231224513799453, 0.7071278332474931]","[459.61189936103636, 3.8418681200325375, 39.98225676673195]",8.540000000000706,100.0,0.0,"[50.0, 112.76008347845857, 112.76008347845858]",25
468,3869532184,unsettled,,not_evaluated,,"[-0.444034000270401, -0.15779409734244773, -0.714768004045331, 0.5167606117350677]","[-0.4547815223077172, 0.5413929421589494, 0.5414333790548519, 0.4548816826309858]","[459.63174401517557, 3.8371287802521254, 39.985490017990855]",8.75000000000059,100.0,0.0,"[50.0, 108.09242780696567, 108.09242780696569]",22
469,2215946165,unsettled,,not_evaluated,,"[0.36889047016788995, -0.7622059379761799, -0.12484839185158167, -0.5170829799802338]","[-0.5549057408644685, -0.43825851043797565, -0.43826883505304526, 0.5549139798253317]","[459.80927137082256, 3.835629815282491, 39.989128469969216]",8.710000000000612,100.0,0.0,"[50.0, 111.40207536438817, 111.40207536438818]",26
470,1197086404,unsettled,,not_evaluated,,"[0.755057280627056, -0.1767846178774512, 0.631366319746603, 0.0035031619473357]","[-0.18824213066268217, 0.6815897157307498, -0.6815956526874665, -0.18822254352546652]","[460.0310255567656, 6.168432790312664, 39.98881565168769]",7.820000000000946,100.0,0.0,"[50.0, 113.12957359399557, 113.12957359399559]",24
471,148282538,unsettled,,not_evaluated,,"[-0.4253381753982559, 0.7238946308654451, -0.5174617999902729, -0.16521890177546342]","[-0.1769774848233001, -0.684661913195086, 0.6845605421686423, -0.17690081568901198]","[459.84786839280173, 6.162799495800751, 39.99430637839667]",7.820000000000946,100.0,0.0,"[50.0, 111.72305284404851, 111.72305284404852]",19
472,4068892255,unsettled,,not_evaluated,,"[0.3748737161170823, 0.8447448672063396, 0.13016443113470874, -0.35907245391493114]","[0.9395040010890326, 0.34253791281740137, 9.917799771190507e-05, -1.9599035571638005e-05]","[459.59774133475435, 39.996293413917655, 6.166848692477904]",4.889999999999968,100.0,0.0,"[50.0, 109.45253799580291, 109.45253799580293]",17
473,1326143893,unsettled,,not_evaluated,,"[0.14356132151723644, 0.9476595487597521, -0.08740535376396882, -0.2714623928688525]","[0.4382677161751464, 0.8988444750129354, 3.844529813223918e-05, 0.00013122233381979154]","[459.88508539311005, 39.99315404766938, 6.171546940904601]",5.080000000000031,100.0,0.0,"[50.0, 113.09217925388883, 113.09217925388883]",19
474,2736713625,unsettled,,not_evaluated,,"[0.017407009755828814, 0.4637843759830021, 0.32652442269539567, -0.8233971398959656]","[-9.93803607369087e-05, -3.0485059271057047e-05, 0.9830569036942736, -0.1833006090912769]","[460.0223981391348, 40.00035761005377, 3.8306716263141647]",4.749999999999921,100.0,0.0,"[50.0, 111.71704245280547, 111.71704245280549]",15
475,3271021467,unsettled,,not_evaluated,,"[-0.521156935288762, 0.18990290551240585, 0.14878659799666374, -0.8186543125977841]","[0.35688501031337644, -0.6105176103376942, 0.610448229407345, 0.3567272012261052]","[459.7975472225844, 6.167747052255847, 39.994651472582085]",8.380000000000795,100.0,0.0,"[50.0, 111.09209691826909, 111.0920969182691]",27
476,3851873653,unsettled,,not_evaluated,,"[-0.6890452941250381, 0.5804733049738838, -0.022912083130372837, -0.43329246624360196]","[0.1130684213178335, -0.6979264771181664, 0.698081839426171, 0.1131190085772158]","[459.8229117429394, 6.17209191821879, 39.98647492157188]",8.070000000000967,100.0,0.0,"[50.0, 107.82110004831794, 107.82110004831796]",25
477,1222532304,unsettled,,not_evaluated,,"[-0.4892347766941237, -0.673558720770075, -0.5376203582472012, -0.13391166247112982]","[-0.7035687778203099, 0.07126640915507587, 0.07124173378288462, 0.7034462944462678]","[459.97095689871475, 3.8337024504756894, 39.97342086862117]",9.000000000000451,100.0,0.0,"[50.0, 111.97251730906879, 111.97251730906879]",27
478,2025214609,unsettled,,not_evaluated,,"[-0.6720498297597366, 0.25987250603860684, -0.3820612441455619, 0.5786575089351808]","[-0.42182488774625704, 0.5674027064386938, 0.567532549745686, 0.42192977826062883]","[459.714170024482, 3.836268438956781, 39.972157071965675]",9.340000000000263,100.0,0.0,"[50.0, 112.9128573122409, 112.91285731224092]",24
479,3974321818,unsettled,,not_evaluated,,"[0.5890076497595739, 0.578138251652458, 0.2804648250741726, 0.4900669672575945]","[-0.7022893180499236, 0.08270791332834204, -0.0826965011888677, -0.7022182022113672]","[459.80228328474084, 6.163463289693884, 39.97233719652593]",7.700000000000906,100.0,0.0,"[50.0, 112.96803604818619, 112.9680360481862]",30
480,2134301099,unsettled,,not_evaluated,,"[0.23258563386672154, -0.9707151930310784, -0.014332229697203118, 0.05839969288753257]","[-0.21700858460562725, -0.9761696950707511, -2.4659203044619108e-05, -4.986276463919693e-06]","[460.2900662538533, 39.99281501338119, 6.167070463887835]",4.919999999999978,100.0,0.0,"[50.0, 112.70572624293833, 112.70572624293834]",19
481,978334388,unsettled,,not_evaluated,,"[-0.0529483899273966, -0.302997353705265, -0.8480072285136022, -0.4315933410519471]","[0.00013960573044669025, -8.80167520177222e-05, 0.5075884030087155, -0.8615996668374201]","[460.31801152862556, 39.979516931640376, 3.8344559309743365]",5.900000000000305,100.0,0.0,"[50.0, 109.84349048676113, 109.84349048676111]",10
482,2325744455,unsettled,,not_evaluated,,"[0.18274323590751634, 0.8725818368775546, 0.3737068263916387, -0.2560254979288821]","[0.7065330505100146, -0.028152441413684063, -0.02806988172612072, -0.7065625027691068]","[459.59093978916786, 3.8358989439459776, 39.992035859276925]",8.780000000000573,100.0,0.0,"[50.0, 108.63968933164313, 108.63968933164313]",38
483,348550585,unsettled,,not_evaluated,,"[-0.9150115933974345, 0.34906982214210186, -0.028151545384796382, -0.2002786401751746]","[-0.09861698826844155, 0.9951254593219176, 9.850566738622835e-05, -1.1438455033249695e-05]","[459.57200616902685, 39.97676404200487, 6.168364461111551]",5.5900000000002015,100.0,0.0,"[50.0, 111.98766962741823, 111.98766962741824]",12
484,1740214684,unsettled,,not_evaluated,,"[-0.08212628680529313, 0.5264601975169598, -0.73218323243745, -0.42426718890744497]","[-0.31780383642924354, -0.6316982723978924, 0.6316750057533463, -0.31771795874152736]","[459.61714443570656, 6.164582329589517, 39.97624342221828]",8.210000000000889,100.0,0.0,"[50.0, 110.42845051507065, 110.42845051507065]",32
485,55311315,unsettled,,not_evaluated,,"[-0.7661319425224496, -0.4844520809690637, -0.32013599349819377, 0.27542870866786173]","[-0.39848958762792713, 0.5841270853089499, 0.584169696582493, 0.3984311262380407]","[459.53273736424694, 3.8343913648645964, 39.9837570755069]",8.630000000000656,100.0,0.0,"[50.0, 107.30248844064941, 107.30248844064941]",23
486,1316840683,unsettled,,not_evaluated,,"[0.07675491347951191, 0.6400061569458476, -0.7595435032536367, 0.08714625059836124]","[-0.6663030245936469, -0.23690801402549455, 0.2368285146171591, -0.6662035176821601]","[460.0141715477855, 6.16088353428771, 39.988365182167804]",8.28000000000085,100.0,0.0,"[50.0, 112.78299686936944, 112.78299686936946]",29
487,3906633774,unsettled,,not_evaluated,,"[-0.4126339930361076, 0.7677208856764828, -0.44529899126803724, -0.20505276848378087]","[-0.18601031165982257, -0.6822526103174253, 0.682153134343966, -0.18600709926230874]","[460.02361148640705, 6.175173265400763, 39.994144297610504]",7.910000000000976,100.0,0.0,"[50.0, 110.09637472172597, 110.09637472172598]",26
488,3892948482,unsettled,,not_evaluated,,"[0.5881394421842769, -0.4614317568880165, -0.6511079169270512, -0.13126770660494644]","[-0.6901526942640297, -0.15363101958833109, -0.1536609262714908, 0.6902717494999617]","[459.9698789950745, 3.8274937267367832, 39.983751818644386]",8.070000000000967,100.0,0.0,"[50.0, 113.15771173689714, 113.15771173689714]",15
489,726396242,unsettled,,not_evaluated,,"[-0.588104219804756, -0.17625190134214422, -0.7803869967171447, -0.1185952329392438]","[0.00018400252126654637, -0.00011658910606301975, -0.42836159516381117, -0.9036073795287242]","[460.1718514311998, 39.976474685572995, 3.838410952209381]",5.550000000000188,100.0,0.0,"[50.0, 112.8599680213838, 112.85996802138382]",14
490,2940707866,unsettled,,not_evaluated,,"[0.497173177018088, 0.03845020895787252, 0.8641151523332156, 0.06815729596294492]","[8.907895680143607e-06, -8.102275187985009e-05, 0.44976646392170283, 0.8931461925616269]","[459.9029499869363, 39.993445976551165, 3.8364511603076816]",5.530000000000181,100.0,0.0,"[50.0, 112.70053997225934, 112.70053997225935]",18
491,304160197,unsettled,,not_evaluated,,"[0.9038276135597187, -0.022174154481154725, 0.42216816549128033, 0.06616639544146515]","[0.7271806832771053, -0.686446017061924, -0.0001554923474866854, 0.0003087889135334754]","[459.94435209312934, 39.98680744349046, 6.167681029240469]",4.5899999999998675,100.0,0.0,"[50.0, 113.15627822334002, 113.15627822334004]",16
492,4041846957,unsettled,,not_evaluated,,"[-0.42387011570386224, 0.43694254873817007, 0.72414277921501, 0.32408728673946435]","[0.6927709053915693, 0.14167538721215772, 0.1416891995699884, -0.6927631110462267]","[459.6264703425877, 3.8372903548250896, 39.99292864327536]",8.200000000000895,100.0,0.0,"[50.0, 112.33340424105415, 112.33340424105417]",13
493,1321792822,unsettled,,not_evaluated,,"[0.8692626977408878, 0.4179941004244013, -0.14782251222700962, -0.2186590935806806]","[0.9928658657087468, -0.11923660597684851, -4.990398177689287e-05, 4.489026000359386e-05]","[460.1367480862042, 40.00809543077994, 6.166592913162357]",4.990000000000001,100.0,0.0,"[50.0, 112.33359400213777, 112.33359400213776]",28
494,4197430582,unsettled,,not_evaluated,,"[0.03321905480953784, 0.9728731798589902, 0.2096095331892582, 0.0920766740537427]","[0.3910643577102723, 0.920363330660078, 8.775876637362458e-05, 1.8273499235998971e-06]","[459.930378137437, 39.98441348067918, 6.169856312451677]",4.939999999999984,100.0,0.0,"[50.0, 110.87774545179813, 110.87774545179815]",14
495,2542721139,unsettled,,not_evaluated,,"[-0.6495938786809407, -0.005279080681094758, 0.6857852760822487, 0.3281744645706117]","[0.6659879976686842, 0.2374280090854314, 0.23749459536648362, -0.6660962727974802]","[459.8391665319249, 3.8282437084395102, 39.989663975335446]",7.820000000000946,100.0,0.0,"[50.0, 112.8140422366759, 112.81404223667592]",18
496,2692174792,unsettled,,not_evaluated,,"[0.47989987830095804, 0.40658434079067574, 0.7168406037565264, -0.30087344421951895]","[0.6978329801867318, 0.11433129012939977, 0.11427679762234756, -0.6977809838238875]","[459.79530327509195, 3.8377931178327565, 39.99327185030438]",9.47000000000019,100.0,0.0,"[50.0, 112.62467479750883, 112.62467479750885]",35
497,3415389587,unsettled,,not_evaluated,,"[0.014422751469727813, -0.6581796891617329, -0.4012873838272596, 0.6368358631516293]","[-0.37039699556785594, 0.6022796538817465, 0.6023418708818736, 0.37047207017117184]","[459.52742856140355, 3.837778391846458, 39.99397898417612]",7.910000000000976,100.0,0.0,"[50.0, 112.864512975772, 112.86451297577202]",18
498,1604256032,unsettled,,not_evaluated,,"[0.7194335288308407, -0.12594507376429795, -0.2512441202018914, -0.6351611040141603]","[-0.16885908545334175, -0.6865439105747787, -0.6867392486304352, 0.16891794606570568]","[459.651840506561, 3.8373890377723963, 40.00355563553458]",8.600000000000673,100.0,0.0,"[50.0, 113.01941753542977, 113.01941753542978]",24
499,262656233,unsettled,,not_evaluated,,"[-0.36391009820553344, 0.39535104709640495, 0.3331361145539588, -0.7747821107664442]","[-4.353348967414683e-05, -2.920893894103882e-05, 0.899080999583147, -0.43778231284537117]","[459.54594497741937, 39.99864179836277, 3.837390432187098]",4.899999999999971,100.0,0.0,"[50.0, 112.70128517828454, 112.70128517828455]",11
500,4212216518,unsettled,,not_evaluated,,"[-0.29048204249306936, -0.9429696391518119, 0.01821415926537831, -0.16154469050145792]","[-0.7468114074960269, -0.6650358711977722, -5.9406927482047456e-05, -9.013789629447322e-05]","[460.31359643442505, 39.981406613976105, 6.172537973404124]",4.879999999999964,100.0,0.0,"[50.0, 113.16475103784524, 113.16475103784525]",20
501,3782923788,unsettled,,not_evaluated,,"[-0.7787440695715817, 0.09365545432764234, -0.38650657307348313, 0.48517934720345085]","[-0.6251347614886273, 0.3304838066933774, 0.33050364444839253, 0.62510345103698]","[459.78947952466774, 3.836292868893528, 39.99329538994631]",9.590000000000124,100.0,0.0,"[50.0, 113.05462883109803, 113.05462883109804]",27
502,3362482467,unsettled,,not_evaluated,,"[0.7832846989191279, -0.38675165402377154, -0.48657950948779993, 0.011341053551597924]","[0.23182623091247065, -0.9727572145692063, -8.54664119587234e-06, 9.562000931592762e-06]","[460.1264023459804, 40.000925536473396, 6.167026709173788]",5.080000000000031,100.0,0.0,"[50.0, 111.41833040390725, 111.41833040390725]",16
503,2700113713,unsettled,,not_evaluated,,"[0.03447712517487698, 0.9641850388290412, 0.23864003994039065, 0.11049647087199173]","[0.3139247924673268, 0.9494478251007816, 0.0002188368935449048, 6.477773918690811e-05]","[460.2251894060473, 40.007367665501505, 6.172579588168917]",4.969999999999994,100.0,0.0,"[50.0, 110.11374639035742, 110.11374639035743]",11
504,470461877,unsettled,,not_evaluated,,"[-0.3661237010024778, 0.6138259312149058, -0.3211534154736574, -0.6213144497450597]","[-0.4403638496298554, -0.5532932056864976, 0.5532287679474877, -0.4403228801636794]","[459.6612712546202, 6.165455174893926, 39.98574904662571]",8.760000000000584,100.0,0.0,"[50.0, 112.83276826415927, 112.83276826415928]",32
505,1077415524,unsettled,,not_evaluated,,"[-0.9281882426101508, -0.132775582072791, -0.2798262576919452, 0.2062389308341965]","[-0.9999933196349192, -0.0036544803213334883, 7.183080658476355e-05, -1.7304638829596097e-05]","[460.1590495657548, 39.994261244805315, 6.168609098114099]",4.979999999999998,100.0,0.0,"[50.0, 110.03026265879524, 110.03026265879524]",19
506,3461860755,unsettled,,not_evaluated,,"[-0.05646607210453661, 0.35164116118681604, -0.895910406203069, -0.2655270617419717]","[6.154912759293031e-05, 1.6089224292165085e-06, -0.29987358501115363, -0.9539789459006288]","[459.8667390059696, 39.989043721423116, 3.8305259177147666]",5.140000000000051,100.0,0.0,"[50.0, 106.82727383417652, 106.82727383417651]",17
507,4041061826,unsettled,,not_evaluated,,"[-0.3481962430304041, -0.8253540043337292, -0.2323053652870821, 0.3789252711665267]","[-0.7063873471465973, 0.030350960311501547, 0.030450435951231397, 0.7065185814610555]","[459.9764765769232, 3.8352493415533955, 40.00185892433798]",8.960000000000473,100.0,0.0,"[50.0, 108.29274886411149, 108.2927488641115]",34
508,306890977,unsettled,,not_evaluated,,"[-0.6281596778640454, 0.2934023739395993, -0.14503032828879558, 0.7059013174295615]","[-0.30476349381162493, 0.6379468847228333, 0.6381213067935944, 0.30486748420944987]","[459.79235804780257, 3.8375851436389037, 39.999798311995185]",9.260000000000307,100.0,0.0,"[50.0, 112.82883931015074, 112.82883931015076]",28
509,1149764821,unsettled,,not_evaluated,,"[0.5506074498766016, 0.1942346200872333, 0.7633583094821048, 0.2763845868433636]","[-4.900371434818363e-05, -3.1602589727720155e-05, 0.07545195741961902, 0.9971494365046095]","[460.055235151434, 39.99350972324338, 3.835827784077813]",5.530000000000181,100.0,0.0,"[50.0, 112.7535112630186, 112.7535112630186]",10
510,2826209534,unsettled,,not_evaluated,,"[-0.054747368474066145, -0.6743927245094147, 0.08177656121602812, 0.7317853324641148]","[-0.593106290778426, -0.8051241379720511, -0.00013012618674129728, -0.00018264992308475447]","[459.5661362886418, 40.00210623680233, 6.177335143802982]",5.370000000000128,100.0,0.0,"[50.0, 112.88019226479553, 112.88019226479554]",18
511,809482123,unsettled,,not_evaluated,,"[-0.9896455908076977, -0.0660978533166102, -0.015510723040940765, -0.12645985866102424]","[-0.6789481982468732, 0.7341861752730133, 2.2253255921034224e-05, 6.033325056387097e-05]","[459.9331871296737, 39.982515748363426, 6.162581016602876]",5.340000000000118,100.0,0.0,"[50.0, 112.98609822941887, 112.98609822941889]",15
512,1905413278,unsettled,,not_evaluated,,"[0.7481737568194641, 0.08510956857516272, -0.6001973035567936, -0.26973243732772156]","[-0.5542963085541106, -0.43899779977588693, -0.43904436907933686, 0.5543253341630198]","[459.5556382851109, 3.8411972197532998, 39.994412220432736]",7.980000000001,100.0,0.0,"[50.0, 113.17508181760728, 113.17508181760729]",25
513,3286044974,unsettled,,not_evaluated,,"[-0.5116328064185239, -0.4434826427084401, -0.6709170843675203, -0.30236614049266347]","[-0.5804779098486668, -0.40368642358434387, -0.40363923155590337, 0.5806531136060193]","[459.685438164218, 3.8332224674574067, 39.99797132707207]",9.460000000000196,100.0,0.0,"[50.0, 112.88469513233235, 112.88469513233235]",30
514,1725715576,unsettled,,not_evaluated,,"[0.06505155144275046, -0.2850129164414062, 0.21597777360011147, -0.9316058900775555]","[8.973283566471313e-06, -7.673523612583555e-06, 0.9105478151209055, -0.41340376901903364]","[459.6782462537489, 39.97153897460303, 3.833663558590921]",5.190000000000068,100.0,0.0,"[50.0, 112.72186120787896, 112.72186120787897]",21
515,1615467983,unsettled,,not_evaluated,,"[-0.6197829620305907, -0.4968457370711996, 0.10198844289142846, 0.5988420084190367]","[-0.04331609618071641, 0.7057664628951741, 0.7057845339538674, 0.0434235799493765]","[459.76195788184083, 3.8373056318547065, 39.98001593571841]",8.170000000000911,100.0,0.0,"[50.0, 112.92205000099547, 112.92205000099548]",23
516,3814597079,unsettled,,not_evaluated,,"[0.667114342466612, -0.47649663241467166, 0.2707484495608343, -0.5045836803080551]","[-0.03144136996660985, -0.7063488036885953, -0.706470983072176, 0.03132982380011411]","[459.84742466759707, 3.8367981845785284, 39.970927410833866]",8.890000000000512,100.0,0.0,"[50.0, 112.36652628322433, 112.36652628322435]",19
517,34287890,unsettled,,not_evaluated,,"[-0.020940699529930898, 0.9375278849134914, 0.13409955172815838, 0.3203439750317453]","[0.26569054670749154, 0.9640583589173295, 5.625930124908417e-05, 0.00010405186537898456]","[460.2504049899822, 39.99473591196741, 6.1644335155756975]",4.849999999999954,100.0,0.0,"[50.0, 112.296835126467, 112.29683512646702]",19
518,3631687601,unsettled,,not_evaluated,,"[0.01632317933537506, -0.10891332960164436, -0.21908469273952824, 0.9694706482708464]","[-5.487220280447902e-05, -7.44141742115012e-08, -0.9283156102765356, 0.37179312084267946]","[460.31413399016634, 40.00309484199165, 3.8287851719571755]",5.010000000000008,100.0,0.0,"[50.0, 112.76538945511653, 112.76538945511655]",13
519,2511762870,unsettled,,not_evaluated,,"[0.07168445665046755, -0.7412878042100359, -0.6643917565661196, 0.06274809806820239]","[-0.7051216028965962, -0.05216033112523741, -0.05222174914882006, 0.705234509862697]","[459.77100137118134, 3.8297751651843495, 39.99122665744018]",8.560000000000695,100.0,0.0,"[50.0, 113.14005610857458, 113.1400561085746]",30
520,3838213929,unsettled,,not_evaluated,,"[0.8821667003735669, -0.4005839344237604, -0.23141838226947753, -0.08809061573954291]","[0.5462091378813693, -0.8376488338804785, 4.8241976517371394e-05, 8.041316847781645e-05]","[459.9612088356847, 39.99932755592854, 6.170438520749496]",4.929999999999981,100.0,0.0,"[50.0, 111.60989108942174, 111.60989108942175]",22
521,1582246333,unsettled,,not_evaluated,,"[-0.04681754495458157, 0.978931168426654, 0.19652707016210968, 0.029647860981003544]","[0.3960582341599896, 0.9182253930082382, 1.6174525495182834e-05, 5.0272479222096544e-05]","[459.8260237720819, 39.973996134837094, 6.166967720929763]",4.959999999999991,100.0,0.0,"[50.0, 111.07000065191647, 111.07000065191649]",18
522,1534090043,unsettled,,not_evaluated,,"[-0.46539282176227803, 0.0937664437621731, -0.3668153027806936, -0.8000399422042925]","[-0.06947659056958885, -0.7037448515107547, 0.7036103914634801, -0.06963192055041896]","[459.9005059420252, 6.166460803816419, 39.97677788202964]",8.380000000000795,100.0,0.0,"[50.0, 108.24291170854238, 108.2429117085424]",24
523,3898018603,unsettled,,not_evaluated,,"[0.48513314473120167, -0.6294995748038434, 0.5923599459209928, 0.13223392784559354]","[0.22345773200582136, 0.6709523597607423, -0.6707828932158373, 0.22347233186078522]","[459.75333127741754, 6.171287431611744, 39.985587445102276]",7.8600000000009596,100.0,0.0,"[50.0, 112.90883853841304, 112.90883853841305]",23
524,2830597505,unsettled,,not_evaluated,,"[0.576867332971806, -0.29015814683690533, -0.547573958901899, 0.5321607741149939]","[-0.2647213123670736, 0.6557263154775108, -0.6556596728112842, -0.26468097668314206]","[459.6701936741635, 6.166597287853206, 39.99366868467846]",8.770000000000579,100.0,0.0,"[50.0, 112.77762044680684, 112.77762044680685]",26
525,3406774502,unsettled,,not_evaluated,,"[-0.8184929368826612, -0.28156105544036936, 0.10698870083035565, 0.4892301117338689]","[-0.36534279443202755, 0.6053788058405383, 0.6054252140710729, 0.3653785080744035]","[459.5537886145489, 3.840977659198372, 39.99323777199838]",8.740000000000595,100.0,0.0,"[50.0, 110.45996778850146, 110.45996778850147]",26
526,2789814901,unsettled,,not_evaluated,,"[-0.26970363680921006, 0.9276292097826353, -0.15848816628110093, -0.20407228767959454]","[0.8090753214545864, 0.5877049625872729, 1.5867910911959715e-05, 3.0193697544034226e-05]","[460.385681649323, 39.986247552606244, 6.166786483902998]",5.670000000000228,100.0,0.0,"[50.0, 111.77732346368381, 111.7773234636838]",17
527,3760347501,unsettled,,not_evaluated,,"[-0.1002536087097096, 0.35093466032656606, 0.2054738778488905, 0.9080608810227965]","[-8.739145849367969e-05, -3.6343637596358835e-05, -0.6174495743078913, 0.7866104590131491]","[459.95235956559753, 39.996161084580166, 3.840071864071436]",5.450000000000155,100.0,0.0,"[50.0, 111.76699142142454, 111.76699142142455]",12
528,4270682813,unsettled,,not_evaluated,,"[-0.4929634617197576, -0.8456967034240723, -0.09130020337584438, -0.18288899390192767]","[-0.8437494775184841, -0.5367371767631304, 0.00014830158072398625, -1.656111997133669e-05]","[459.9744633228425, 39.98759872925063, 6.162807414520011]",4.889999999999968,100.0,0.0,"[50.0, 112.85282885742456, 112.85282885742457]",10
529,2251849766,unsettled,,not_evaluated,,"[-0.9540381800532999, 0.14298004548502866, -0.23627115718417716, -0.11637782381766813]","[-0.7421100568934825, 0.6702780412413022, -4.623474291642893e-05, 9.353942529682913e-05]","[460.15891331618445, 39.99219947087787, 6.17141340059419]",4.799999999999938,100.0,0.0,"[50.0, 112.78169213270186, 112.78169213270188]",17
530,534416715,unsettled,,not_evaluated,,"[0.8539475834375602, 0.4980579942392897, -0.06957051044451185, 0.13368508963970963]","[0.9213415728219331, -0.38875397543551016, 0.00021228499212530563, -8.779621612098333e-05]","[460.02001241965985, 39.99252336381759, 6.172902724977617]",5.360000000000125,100.0,0.0,"[50.0, 112.73290879070218, 112.7329087907022]",13
531,2592423895,unsettled,,not_evaluated,,"[-0.7627362211012204, 0.22713702742415, -0.5529063964301926, 0.24685369063420926]","[-0.6086250498703052, 0.7934579657557256, 3.456969814702449e-05, -6.367173959737073e-05]","[460.2321125093783, 40.0061722839343, 6.168028843181006]",4.4699999999998274,100.0,0.0,"[50.0, 112.90364465792392, 112.90364465792392]",22
532,907034003,unsettled,,not_evaluated,,"[0.3422772396015353, 0.6790099916879979, -0.547941234685763, 0.34864326434001264]","[-0.706683010534275, -0.026187586656023273, 0.026186971158260082, -0.7065603834555851]","[459.85778080388735, 6.17259409054308, 39.996112314248585]",8.020000000000994,100.0,0.0,"[50.0, 113.18203191525653, 113.18203191525654]",28
533,3984301831,unsettled,,not_evaluated,,"[-0.11390344336326703, 0.9654493302717585, -0.20652691217242056, -0.11081620286009315]","[0.8955969016392419, 0.4448664852089474, 1.055450021714144e-05, 7.938471181523355e-07]","[460.0952913488573, 39.99545560340805, 6.166756280429963]",5.690000000000235,100.0,0.0,"[50.0, 111.53396158788954, 111.53396158788955]",14
534,4291204682,unsettled,,not_evaluated,,"[0.9102301720992834, 0.25705660167763955, -0.31181419162339175, 0.09041486181100448]","[0.8987242159398472, -0.43851416187523184, -0.00020842396639630945, 0.0002647217791581502]","[459.544425222098, 39.99305173875244, 6.1737177510673185]",5.290000000000101,100.0,0.0,"[50.0, 112.52121111253473, 112.52121111253474]",21
535,1157350213,unsettled,,not_evaluated,,"[0.09159539395124666, -0.38103529340517006, -0.903230823874266, 0.17491846040360173]","[-0.49920358807958526, 0.5007783035768717, 0.5008050172933802, 0.49921057978463895]","[459.7552131610638, 3.83661146390411, 39.99869561982387]",8.070000000000967,100.0,0.0,"[50.0, 105.40425641496081, 105.40425641496078]",17
536,1755359008,unsettled,,not_evaluated,,"[0.09753683006993497, -0.2256443990971123, -0.9692314832589591, 0.012708414364118367]","[4.533696519964936e-05, -2.1139667272726537e-05, 0.14478080939420376, -0.9894637510939112]","[459.80628152537196, 39.9944020477318, 3.835385152091031]",5.820000000000278,100.0,0.0,"[50.0, 110.39303364137932, 110.3930336413793]",19
537,1408581071,unsettled,,not_evaluated,,"[-0.45471816580131014, 0.36881043623739057, -0.67610896635819, -0.44731076157715893]","[-0.23887746415602584, -0.6656027953943116, 0.6654823412505948, -0.23883829124596362]","[459.79788683733386, 6.163637942717834, 39.98721233330346]",8.140000000000928,100.0,0.0,"[50.0, 111.87620461069818, 111.87620461069817]",29
538,4025969406,unsettled,,not_evaluated,,"[0.5709753087547726, -0.565686932621656, -0.20846448437644396, 0.5572504372426795]","[0.24286023378932733, 0.6640304310439861, -0.6640403593465718, 0.24317256146655877]","[459.5901831786049, 6.168854789218102, 39.97875306250533]",8.920000000000496,100.0,0.0,"[50.0, 112.76703692106226, 112.76703692106227]",26
539,2979020610,unsettled,,not_evaluated,,"[0.8112307203794777, -0.24357840399230152, 0.375267764858577, 0.37649486594003445]","[-0.2517425591722392, 0.660767805754792, -0.6607565899462055, -0.25181802878680337]","[459.78426270980015, 6.1695252940341465, 39.98509034222841]",7.700000000000906,100.0,0.0,"[50.0, 111.41090540200183, 111.41090540200184]",30
540,1028301620,unsettled,,not_evaluated,,"[0.28892918457711164, 0.24730923049045345, 0.9179907074772494, 0.112477250140836]","[-2.7484422424783883e-05, -9.142817888031438e-05, 0.045235981601442626, 0.9989763244712302]","[459.5915908785913, 39.97712548639804, 3.83837607539448]",5.500000000000171,100.0,0.0,"[50.0, 111.03810675057946, 111.03810675057946]",24
541,1824536695,unsettled,,not_evaluated,,"[0.3578502322835677, -0.800703126013853, 0.2395142510307735, -0.41647405537369075]","[-0.12547038851607195, -0.9920973440970423, 0.00014071309574215096, 0.00014710895801715168]","[459.8943392201783, 39.99633787226141, 6.1659260336674215]",4.429999999999814,100.0,0.0,"[50.0, 113.09085726376729, 113.0908572637673]",17
542,1733341495,unsettled,,not_evaluated,,"[-0.10725658997326243, 0.21456612060218364, -0.3731717225845471, 0.8962144103172625]","[-0.00011883963383108043, 6.200925445315475e-05, -0.9110055063933007, 0.4123941674576396]","[459.7561760973047, 39.980251214957654, 3.8330259195026963]",5.190000000000068,100.0,0.0,"[50.0, 112.80796770297948, 112.8079677029795]",19
543,2081953756,unsettled,,not_evaluated,,"[0.25888675527262234, 0.11196108251609478, -0.02210478959212772, 0.9591421908264307]","[-0.00021338722201066918, -2.4777374250772866e-05, -0.8356696031708264, 0.5492324354845485]","[460.05761235540416, 39.99186224779676, 3.833516311829457]",5.050000000000021,100.0,0.0,"[50.0, 110.38592097049116, 110.38592097049117]",19
544,1596940682,unsettled,,not_evaluated,,"[-0.19632461640955656, -0.5756304342672571, -0.7748853172965169, 0.17221786543563297]","[-0.6180963692432726, 0.343526803818088, 0.3434882249931919, 0.6180307861893609]","[459.94296024652914, 3.834456590294126, 39.991307279243095]",8.440000000000762,100.0,0.0,"[50.0, 112.32756464403725, 112.32756464403727]",18
545,581162313,unsettled,,not_evaluated,,"[0.04461988653389065, 0.19339945396857908, 0.7698665327673556, -0.6065568717400935]","[9.155133367938494e-05, -2.044676707857462e-05, 0.6236291378779806, 0.781720339757032]","[460.3186671420797, 40.004876627508764, 3.8390315870430145]",5.610000000000208,100.0,0.0,"[50.0, 111.49044367851424, 111.49044367851425]",14
546,3502698889,unsettled,,not_evaluated,,"[0.5283433173134485, -0.7298517633133956, -0.10698109618937755, -0.4203864742075638]","[-0.4729104553775728, -0.5255917956237779, -0.5257099195241711, 0.4730095623572943]","[459.5292107527457, 3.840861338320029, 39.97946654908417]",8.650000000000645,100.0,0.0,"[50.0, 107.8178454518592, 107.81784545185921]",26
547,1071262967,unsettled,,not_evaluated,,"[0.8300743687420142, 0.3050562345016756, -0.2379524964004282, -0.40161654050351286]","[0.1309328007374345, -0.6948478977861637, -0.6949131049398136, -0.1309151527368318]","[459.78021244040985, 3.836854679055736, 39.99744835683181]",8.740000000000595,100.0,0.0,"[50.0, 109.20933813818299, 109.209338138183]",22
548,2632182746,unsettled,,not_evaluated,,"[0.12463518999557266, 0.2666351509468831, -0.9139540700125686, 0.2793917028148142]","[6.163254744148694e-05, -7.455893576252537e-05, -0.8170868045770487, -0.5765146523970246]","[460.20657427675286, 39.99028573729646, 3.8391143599615303]",5.0900000000000345,100.0,0.0,"[50.0, 109.3487664508989, 109.3487664508989]",16
549,2828869928,unsettled,,not_evaluated,,"[-0.28857867045607677, -0.9072533208270996, 0.09782974016625558, 0.289901888136324]","[-0.7500327095434148, -0.6614007235494339, 0.00013070739565201886, -2.0465230770816415e-05]","[460.1341663823333, 39.992972854290485, 6.164592954578028]",5.0600000000000245,100.0,0.0,"[50.0, 112.76853884260579, 112.7685388426058]",19
550,242711853,unsettled,,not_evaluated,,"[0.4453195280059114, -0.6620938811624908, -0.15791792580823788, 0.5817079501022876]","[0.26545101413594385, 0.6554594452745329, -0.6553447170158343, 0.26539023451143945]","[459.89408699188573, 6.177893083912117, 39.97800479709949]",8.600000000000673,100.0,0.0,"[50.0, 112.87151268078848, 112.87151268078848]",30
551,1651512630,unsettled,,not_evaluated,,"[0.0865315596859267, 0.07213667043285749, -0.3591108145116115, -0.926470729628297]","[0.00013952933577593418, -5.8854347258829875e-05, 0.57066750077767, -0.821181210588685]","[459.92416375917077, 39.97147631658055, 3.834018006209701]",5.000000000000004,100.0,0.0,"[50.0, 112.87739403607155, 112.87739403607156]",10
552,1631844025,unsettled,,not_evaluated,,"[-0.1638439152687643, 0.1823014535722178, 0.9657088863423422, -0.08560197599525166]","[3.6264058719204246e-05, 4.561118073542759e-05, 0.2657198986136504, 0.9640502746668815]","[460.1967873149762, 39.987496192378806, 3.834123716626798]",5.390000000000135,100.0,0.0,"[50.0, 111.79377901549726, 111.79377901549728]",16
553,2736063736,unsettled,,not_evaluated,,"[-0.843944520795286, -0.07874995523921714, -0.028550908035474637, 0.5298499183917899]","[-0.16429188268965325, 0.687725199081618, 0.6877766458194955, 0.16433354281984766]","[459.7289555938832, 3.8355774124370425, 39.994714726490194]",8.740000000000595,100.0,0.0,"[50.0, 111.377970041093, 111.377970041093]",19
554,2383909704,unsettled,,not_evaluated,,"[0.6518991038919032, -0.6526703844856946, -0.36014167870515257, -0.13909313002324686]","[0.24471913353445818, -0.9695940106475699, 1.2601676333545697e-05, -6.30096190773477e-06]","[459.56064384782655, 39.97980714113698, 6.170555216382774]",4.990000000000001,100.0,0.0,"[50.0, 105.53537560517168, 105.53537560517167]",17
555,786084746,unsettled,,not_evaluated,,"[0.2039477377247787, 0.88653858841402, -0.044391204423401436, -0.41289716940136734]","[0.5820859655487731, 0.8131272521071443, 1.6853595446730818e-05, 1.7544045123135676e-05]","[460.0922585913413, 39.98082416631199, 6.1693464114152]",5.310000000000108,100.0,0.0,"[50.0, 112.8932058275663, 112.89320582756632]",16
556,3304824113,unsettled,,not_evaluated,,"[-0.13080897053962634, 0.016978959777673188, -0.9531859353290428, -0.2720979618485396]","[0.00014007027071177847, 3.555237891793295e-05, -0.17359120275253417, -0.9848177869247063]","[459.849669337946, 40.002825633407625, 3.8338818746803187]",5.1200000000000445,100.0,0.0,"[50.0, 113.12921315618387, 113.12921315618388]",16
557,1346177025,unsettled,,not_evaluated,,"[-0.11499311941669005, 0.4206101350444942, 0.7451990628761969, 0.5045216085294161]","[0.7008058715454651, 0.09390600942358295, 0.09394819804761834, -0.7008755437915812]","[460.0248271666007, 3.8319392629318947, 39.9957061718746]",8.330000000000823,100.0,0.0,"[50.0, 106.4705927033053, 106.47059270330531]",24
558,1189755357,unsettled,,not_evaluated,,"[0.44321918603854427, 0.24072236551575096, -0.6050649771751497, -0.6160404769687353]","[-2.5491132852772935e-05, 3.2915625863272346e-05, 0.2778543823976942, -0.960623204200877]","[460.04677886756843, 39.98329659552471, 3.830105208088831]",4.829999999999948,100.0,0.0,"[50.0, 112.36366647066527, 112.36366647066528]",20
559,404206193,unsettled,,not_evaluated,,"[0.21300452584677976, 0.2149451527649457, 0.2569436815404462, -0.9178276514619095]","[-9.017703659544574e-05, 8.261223549410612e-06, 0.7903493356541674, 0.6126564448619394]","[459.82169422504796, 39.967368345596014, 3.837948349436963]",6.050000000000355,100.0,0.0,"[50.0, 109.2397569273001, 109.23975692730012]",17
560,1249438590,unsettled,,not_evaluated,,"[-0.25983007503873057, -0.0960866751857659, 0.6624144666085784, 0.6960335892647606]","[-0.00010354133948248245, -0.00013952069380504528, -0.484745002366251, 0.8746555050384754]","[459.65220373187174, 39.998679602815876, 3.8319696945801516]",4.729999999999914,100.0,0.0,"[50.0, 112.49207674578743, 112.49207674578743]",16
561,3893150923,unsettled,,not_evaluated,,"[0.5250380837594202, -0.2965867571242271, -0.10548193818621408, -0.7907242672494948]","[0.06258286837923652, -0.7043090959660065, -0.7043467601558723, -0.06267155162352282]","[459.5863240926797, 3.8375052312648976, 39.991667218078135]",9.060000000000418,100.0,0.0,"[50.0, 112.23069052981376, 112.23069052981377]",35
562,784341871,unsettled,,not_evaluated,,"[0.6092956200950023, 0.2465329145720911, -0.5075357975286466, -0.5571245673927846]","[-0.5162670015685212, -0.483098342279526, -0.4831351520313886, 0.516395971759879]","[459.5282503693921, 3.8417951405967306, 39.99574480168848]",7.820000000000946,100.0,0.0,"[50.0, 112.84807601361052, 112.84807601361052]",23
563,1442674168,unsettled,,not_evaluated,,"[0.32283344498595823, -0.05339721884669838, 0.10384039947967572, 0.9392254656118718]","[0.00018652505126084964, -0.00012084302150849881, -0.7400939188255463, 0.6725034884094023]","[459.84253774788584, 39.995741754072114, 3.8305729888785494]",5.070000000000028,100.0,0.0,"[50.0, 107.98032311461947, 107.98032311461948]",9
564,914947571,unsettled,,not_evaluated,,"[0.008699331871120803, -0.7185529989891443, 0.5977778274188038, 0.3553414953466003]","[0.6287416043425388, 0.32369989617314754, -0.3234995081329231, 0.6286894626316086]","[459.8872306902184, 6.167846231281162, 40.00209726092716]",8.64000000000065,100.0,0.0,"[50.0, 112.88910838478755, 112.88910838478755]",40
565,4103205779,unsettled,,not_evaluated,,"[-0.32975880371071165, 0.06651764303843705, 0.39372305764285254, -0.8554628504033676]","[1.5837899400378275e-05, 2.3752797192633235e-05, 0.8542487236406333, -0.5198645182577039]","[460.2733294583531, 40.00179363137256, 3.834370678519557]",5.0900000000000345,100.0,0.0,"[50.0, 110.21322343417853, 110.21322343417852]",14
566,2879595323,unsettled,,not_evaluated,,"[-0.43373184720898755, -0.09479036241635837, -0.023562481084522684, -0.895732259882827]","[0.29593627640112735, -0.642309214685491, 0.6421606718781565, 0.29578753275440495]","[459.9468832917843, 6.173333245129417, 39.992744714802285]",8.30000000000084,100.0,0.0,"[50.0, 106.84691009322763, 106.84691009322765]",26
567,3848514265,unsettled,,not_evaluated,,"[-0.2281102713768126, 0.6538138972962924, -0.039395776699347185, 0.7203756412961819]","[-0.11936728642568371, 0.6968546825425279, 0.6970552098379861, 0.11941120880236751]","[459.5290261642341, 3.830809729576154, 39.974509334475414]",9.370000000000246,100.0,0.0,"[50.0, 112.8327219911837, 112.83272199118372]",24
568,1245831326,unsettled,,not_evaluated,,"[-0.388786402531299, -0.5092396166273795, 0.47217131459175427, 0.6054538758160402]","[0.4640062753002802, 0.5335542113392439, 0.5335560803147735, -0.46404308981306175]","[459.8010035285154, 3.8382329589629753, 39.98377357037254]",8.10000000000095,100.0,0.0,"[50.0, 112.74795788516475, 112.74795788516477]",30
569,1886621264,unsettled,,not_evaluated,,"[-0.7028736851730464, -0.2706600985987688, -0.6461462310172245, 0.12331561888099102]","[-0.7070928854071259, -0.002688685586370478, -0.0027168114754026196, 0.7071103459233572]","[459.7281067667312, 3.835731638781887, 39.98292206459662]",9.530000000000157,100.0,0.0,"[50.0, 113.15357019374395, 113.15357019374393]",22
570,3916208710,unsettled,,not_evaluated,,"[-0.3292193713764832, -0.512177968271426, -0.7828183003384974, -0.12838941927968053]","[-0.39834724195170945, -0.5841463693151783, -0.584221111824642, 0.3984698063137793]","[459.97360216816696, 3.8303686074608603, 39.99387566705845]",9.859999999999975,100.0,0.0,"[50.0, 112.34090746455412, 112.34090746455414]",28
571,200935633,unsettled,,not_evaluated,,"[0.5617879019177501, 0.6795740462850371, -0.21259320806254298, -0.42116219768672375]","[0.923972400048008, 0.38245915212470744, 3.008543961108279e-05, 6.63525030752954e-07]","[459.99650132917645, 40.003182335017925, 6.171563565792959]",5.260000000000091,100.0,0.0,"[50.0, 112.73256922101972, 112.73256922101973]",24
572,840784676,unsettled,,not_evaluated,,"[0.8654110191946646, -0.44201200077430836, -0.21767084887705168, -0.09115130595382805]","[0.5478826719316484, -0.8365551815967579, 7.23583647417869e-05, 2.655033124668304e-05]","[460.3531574052292, 39.99194986665565, 6.166240886639511]",4.959999999999991,100.0,0.0,"[50.0, 111.51977304139238, 111.5197730413924]",15
573,110682437,unsettled,,not_evaluated,,"[0.4827598211213677, 0.6793758138798732, 0.5195958435911711, -0.1881797490398582]","[0.6499348493312874, -0.2782705079841707, -0.2783472324330397, -0.6501330896115163]","[459.61673123942563, 3.84065888509659, 40.00174362938652]",8.680000000000629,100.0,0.0,"[50.0, 111.9429067049053, 111.94290670490531]",17
574,3288537121,unsettled,,not_evaluated,,"[0.3556440857288201, 0.6668875589514781, -0.6287630502717741, 0.18285320509847525]","[-0.703583015064751, -0.07139534250876638, 0.07137909082711574, -0.7034050549812283]","[459.53724508629006, 6.178705652554146, 39.97792085054507]",8.350000000000811,100.0,0.0,"[50.0, 113.15967956641346, 113.15967956641346]",22
575,4008853645,unsettled,,not_evaluated,,"[0.39826557421314845, 0.7672577639207893, 0.40191914618957114, 0.30192889233425063]","[0.5562929683988751, -0.43659840173345077, -0.43661171943929944, -0.5561386296257644]","[459.9103514261894, 3.8348769332884163, 39.99079826755037]",8.210000000000889,100.0,0.0,"[50.0, 111.19189620557248, 111.19189620557249]",27
576,3726675985,unsettled,,not_evaluated,,"[0.3748586046734741, -0.17909293368641002, -0.7152482362932548, 0.5619846155236276]","[-2.0494197069703682e-05, -8.596122261772533e-05, -0.9314577958596582, -0.3638493736739472]","[460.23860248104734, 39.97538332109563, 3.8373914419313238]",4.679999999999898,100.0,0.0,"[50.0, 113.1767428413403, 113.17674284134031]",17
577,849676372,unsettled,,not_evaluated,,"[-0.28458835823206236, -0.9489149051119783, 0.047744204428998675, -0.12763408697736886]","[-0.7077028427298624, -0.7065101739044881, -0.00021714831870364715, -0.00011579347700280129]","[459.67968097349046, 39.996327259162065, 6.170508282772456]",4.889999999999968,100.0,0.0,"[50.0, 113.18058762891846, 113.18058762891846]",14
578,1751227975,unsettled,,not_evaluated,,"[0.0022446443763873476, -0.018615092473756815, 0.5822536585823236, -0.8127909429683108]","[8.316386888055066e-05, 5.47352507261345e-05, 0.9999064582335963, 0.013677166028417682]","[459.9503925869601, 39.9865421339059, 3.8384609102680503]",5.0600000000000245,100.0,0.0,"[50.0, 112.81466809667317, 112.81466809667319]",22
579,1013355929,unsettled,,not_evaluated,,"[0.22953036583675168, -0.09964654803118614, 0.0956001665862809, 0.9634557513311086]","[-7.278210208150337e-05, -4.22028303670996e-05, -0.7159451426332943, 0.6981565337812707]","[459.6036855553299, 39.999963905972024, 3.8415748474010805]",5.0600000000000245,100.0,0.0,"[50.0, 111.02833845703846, 111.02833845703847]",14
580,2299907025,unsettled,,not_evaluated,,"[0.08455653425668659, -0.2328417642850038, 0.9625820044041526, 0.10986714757573443]","[-7.669210506838775e-05, 1.9774041594894376e-05, 0.43484184829784783, 0.9005068354522469]","[460.13065844557394, 39.988852981340386, 3.840396062561476]",5.110000000000041,100.0,0.0,"[50.0, 110.96317600452198, 110.96317600452198]",10
581,3406489006,unsettled,,not_evaluated,,"[0.4269850661988979, 0.36394401752977307, -0.5950713256595703, 0.5754290770591738]","[-0.6525680213236035, 0.2724066609787398, -0.2724983381549675, -0.6524524843258641]","[459.71916729486225, 6.166907592586642, 39.99370237661695]",8.310000000000834,100.0,0.0,"[50.0, 111.2710513879949, 111.27105138799492]",28
582,2423796619,unsettled,,not_evaluated,,"[-0.16701013076321958, 0.49812904024453486, 0.8480761247043386, -0.06886190669726149]","[0.6896722725895665, -0.15586189957979102, -0.15590721977868238, -0.6897478985117704]","[459.6111143564971, 3.839122355901, 39.99928730403807]",8.30000000000084,100.0,0.0,"[50.0, 110.18897390317461, 110.18897390317463]",15
583,1783060612,unsettled,,not_evaluated,,"[-0.4255018339134278, -0.012993678735004564, 0.4336514100514712, -0.7941824779039209]","[0.61601058377373, -0.3473157757268021, 0.347252573930188, 0.6158882711246395]","[459.9572553096662, 6.16719532055842, 39.97981013009383]",8.120000000000939,100.0,0.0,"[50.0, 105.99735183982872, 105.99735183982871]",30
584,1163852597,unsettled,,not_evaluated,,"[-0.06512201765005957, -0.45662172925732786, -0.8836481508507021, 0.08013528988758817]","[-0.57055581789707, 0.4176205050296632, 0.41775234384149973, 0.5705630128719423]","[459.55084712522137, 3.8281254583630644, 39.98828252477211]",8.170000000000911,100.0,0.0,"[50.0, 107.63458463453732, 107.63458463453733]",18
585,300535037,unsettled,,not_evaluated,,"[-0.35142249661355834, 0.4728701792018044, -0.7428979686214585, 0.31780281734694765]","[-0.6875203239994987, -0.16557606936393277, 0.16556484802437227, -0.6873780986038769]","[459.96763844194516, 6.163513603702035, 39.98940408391832]",8.240000000000872,100.0,0.0,"[50.0, 111.94234799452256, 111.94234799452258]",26
586,2202722907,unsettled,,not_evaluated,,"[0.5124774959073248, -0.5319461136587357, 0.5757058289795667, -0.35066072895446276]","[0.5273004806639223, 0.47120159421834396, -0.471115430387014, 0.5272319337340505]","[459.8995684372816, 6.170895747755072, 40.00087507009771]",7.990000000001003,100.0,0.0,"[50.0, 113.09765776391396, 113.09765776391394]",26
587,247068866,unsettled,,not_evaluated,,"[0.2663569656585872, -0.9303810532191625, -0.12659665487131766, 0.21775754781716367]","[-0.1845428071045776, -0.9828244634523028, -9.159451112550344e-05, -0.00013414954878675225]","[459.84554911060917, 39.9754763890732, 6.169994272154197]",4.990000000000001,100.0,0.0,"[50.0, 112.8805650109733, 112.88056501097329]",26
588,3592442215,unsettled,,not_evaluated,,"[0.4986228065315347, 0.1869661205412491, -0.41797164096076433, -0.7360154033231484]","[-0.5245374151818811, -0.47415495434759425, -0.4741542994443909, 0.5246096450317517]","[459.8439829131034, 3.8381691862512044, 39.98196938969012]",8.010000000001,100.0,0.0,"[50.0, 110.42828144060825, 110.42828144060826]",18
589,817587664,unsettled,,not_evaluated,,"[-0.07577032750485735, 0.2163005929188234, 0.9733798759676174, 0.002127917770489224]","[-6.746118830336378e-05, -3.582704858048902e-06, -0.22518516619679055, 0.9743159838374182]","[459.93979825089804, 40.0031023878602, 3.8377666472120575]",5.840000000000285,100.0,0.0,"[50.0, 110.59759677306822, 110.59759677306823]",17
590,956714543,unsettled,,not_evaluated,,"[-0.03263422553297066, 0.6172465985498278, -0.3550635453785339, 0.7013355278650559]","[-0.6603474776164595, 0.25315102559538655, -0.25293888235607886, -0.6602103368155039]","[459.58058000609213, 6.16995093880723, 39.98709151841838]",8.28000000000085,100.0,0.0,"[50.0, 112.47777318714162, 112.47777318714162]",22
591,390567019,unsettled,,not_evaluated,,"[-0.05576000439088655, 0.4339213101568298, 0.7614267507275267, 0.4783643190901987]","[0.7066021306771263, 0.02649410972133875, 0.0265863163724273, -0.7066149296854436]","[459.9052242128078, 3.8398346221177326, 39.99433764466603]",8.310000000000834,100.0,0.0,"[50.0, 106.54168719872604, 106.54168719872605]",23
592,4117714206,unsettled,,not_evaluated,,"[0.6449494163759041, -0.5791058778370126, -0.1724574204003194, -0.4679049804392673]","[-0.36468572029987856, -0.6056985288427744, -0.6058317588333305, 0.36483077934293184]","[459.8388291592653, 3.8379579150778844, 39.99453235455817]",8.800000000000562,100.0,0.0,"[50.0, 110.38482427728468, 110.3848242772847]",28
593,2521025845,unsettled,,not_evaluated,,"[0.2502199291952107, 0.6862156576978117, -0.6555637187440244, -0.19166186065675433]","[-0.7026310804936332, 0.07932910424632533, -0.07944629091616992, -0.7026412632371435]","[459.91025172447326, 6.162186823536694, 39.982165773894515]",8.960000000000473,100.0,0.0,"[50.0, 113.0214176234841, 113.02141762348411]",29
594,118959254,unsettled,,not_evaluated,,"[-0.5054991243376068, 0.12293413704927827, -0.2517487032519535, 0.816076236422077]","[-0.36410459372786236, 0.6061161519256615, 0.6062326089711576, 0.36405092915843584]","[459.88286797614535, 3.8385394096748167, 39.98696431701476]",9.070000000000412,100.0,0.0,"[50.0, 110.01170279624789, 110.0117027962479]",24
595,536323564,unsettled,,not_evaluated,,"[0.2987672183365751, 0.6164033511906383, -0.03367927294981921, 0.7277710934503702]","[-0.7057867760582949, 0.04383673345630397, -0.04392364380449203, -0.7057011272883554]","[459.88800339356277, 6.163639399429592, 39.99440741140041]",7.560000000000859,100.0,0.0,"[50.0, 112.86906547515925, 112.86906547515926]",20
596,3098034090,unsettled,,not_evaluated,,"[-0.2106048733431788, -0.4854357699365941, -0.5301879847400127, 0.6624940765225706]","[-0.34484699150390696, 0.6172385456399353, 0.6173205973041314, 0.3449817536784698]","[459.9230967417335, 3.83220082724995, 39.995787350485706]",8.170000000000911,100.0,0.0,"[50.0, 110.30806185374223, 110.30806185374225]",21
597,318939885,unsettled,,not_evaluated,,"[-0.46175195073807324, 0.10705404599565982, 0.3483910274929797, 0.8086706741238544]","[0.5953522696275918, 0.38148969322688536, 0.38152999751261957, -0.5953622006887511]","[459.98795869883287, 3.835751510060898, 39.99477898664297]",8.030000000000989,100.0,0.0,"[50.0, 108.19205045375524, 108.19205045375526]",21
598,3202722054,unsettled,,not_evaluated,,"[0.18155062225358312, 0.05267923178463344, 0.42013907835606906, 0.8875513646747609]","[3.08989213628763e-05, 1.2063018421604174e-05, -0.5650218104157084, 0.8250759678079924]","[460.0500174702744, 39.98797591281307, 3.8308437721617064]",5.110000000000041,100.0,0.0,"[50.0, 112.84863746386165, 112.84863746386166]",13
599,2576870985,unsettled,,not_evaluated,,"[-0.4516636024144685, 0.6309803758169514, -0.4832380895695982, -0.40539450462112636]","[-0.29417497202380116, -0.643088540620286, 0.6429486158687162, -0.2941348196153742]","[459.63367691990464, 6.169666400837725, 39.98635945091859]",8.330000000000823,100.0,0.0,"[50.0, 113.10366029020166, 113.10366029020167]",25
600,447954548,unsettled,,not_evaluated,,"[0.05575006052663945, -0.33589163307563924, 0.9332256004098558, 0.11471146551552941]","[2.6417013647028756e-05, 0.00012788527767351734, 0.3824313695141018, 0.923983890854741]","[460.29160312450966, 39.99549936490522, 3.835000521549902]",5.1500000000000545,100.0,0.0,"[50.0, 107.38310041504428, 107.38310041504427]",19
601,940726953,unsettled,,not_evaluated,,"[0.5127838771000137, 0.2725405650552121, 0.3368759618564963, -0.7411402850398325]","[0.039076723369284215, -0.7060006272399344, -0.7060517387506293, -0.03907769484952952]","[460.0057523132835, 3.835706777562901, 39.9933298629304]",8.240000000000872,100.0,0.0,"[50.0, 111.77944010262814, 111.77944010262814]",22
602,219800231,unsettled,,not_evaluated,,"[-0.051373563678022885, -0.2384194692129483, 0.5599082053165334, -0.7918457648269988]","[2.86728949545987e-05, 1.58620120123687e-05, 0.999333598819808, 0.03650146841036362]","[460.2119597881056, 39.99388358299608, 3.836844205116853]",5.050000000000021,100.0,0.0,"[50.0, 112.3523149075206, 112.35231490752061]",12
603,1224559636,unsettled,,not_evaluated,,"[-0.5159554415873885, 0.544496901531378, -0.6183230394090855, -0.23449888156450227]","[-0.11799941341146869, -0.6971493075747165, 0.6972354275627656, -0.11799042306056111]","[459.63631251811876, 6.161327445337647, 39.98044113084981]",7.7700000000009295,100.0,0.0,"[50.0, 113.1632953953754, 113.16329539537541]",25
604,4023118421,unsettled,,not_evaluated,,"[0.40965602581074484, -0.3216666623403111, -0.04117597991695293, 0.8526529408461977]","[-0.35073770504758134, 0.6140559109832906, -0.6139109715431735, -0.35075877674457967]","[460.03149644822054, 6.173682143138716, 39.985786628765005]",8.260000000000861,100.0,0.0,"[50.0, 110.03060994924448, 110.0306099492445]",21
605,1928023996,unsettled,,not_evaluated,,"[0.2701948784625633, -0.44223581999339284, 0.6407685392582975, 0.5664255346152394]","[0.2408625407258191, 0.6648172220299894, -0.6648249236904257, 0.24085497422193888]","[459.64886860143906, 6.165222122239598, 39.97604163580911]",8.310000000000834,100.0,0.0,"[50.0, 109.94134941153266, 109.94134941153267]",20
606,3626385919,unsettled,,not_evaluated,,"[-0.22727184610678164, 0.5116337626984891, 0.5890445784282585, -0.582756283070785]","[0.49289474616381573, -0.5069528086141316, -0.5069914303064678, -0.49296380053524574]","[459.5288806946348, 3.8385693902265245, 39.99019170409042]",8.250000000000867,100.0,0.0,"[50.0, 111.62921556040446, 111.62921556040445]",18
607,2577297428,unsettled,,not_evaluated,,"[0.5535741985734218, -0.0935011453620174, -0.4399733339065075, 0.7008827348001787]","[-0.5910186572323336, 0.3882155827087267, -0.38816232608668433, -0.5910292858669423]","[459.67018808240374, 6.169736657835961, 39.9821967512843]",8.28000000000085,100.0,0.0,"[50.0, 111.29092371517754, 111.29092371517756]",26
608,2076254014,unsettled,,not_evaluated,,"[-0.7351439095736402, 0.6157884512551096, -0.2469555466334948, 0.13921556487896336]","[-0.2667710650843691, 0.9637599207513716, -7.101931821462682e-06, -0.00011805347868565354]","[459.71361578838685, 39.98785569119334, 6.166768403093881]",4.789999999999934,100.0,0.0,"[50.0, 113.11294541598343, 113.11294541598345]",17
609,452233348,unsettled,,not_evaluated,,"[0.29905909259017793, 0.2413006443491481, -0.8201651007773044, 0.423871284286609]","[0.00010308552757323787, 0.00014821957554583823, -0.9163210670845916, -0.40044433997908724]","[460.3234088350441, 39.984763585827324, 3.8362950683337553]",5.130000000000048,100.0,0.0,"[50.0, 107.13454034193167, 107.13454034193168]",16
610,96115233,unsettled,,not_evaluated,,"[0.01596805096025928, -0.24776091960427232, -0.8946441276783356, -0.3714450603737326]","[9.415447426225351e-05, 8.620415627566545e-05, 0.699292734235548, -0.7148354045157176]","[459.5727767735402, 39.991513318442415, 3.8301002736366963]",6.100000000000372,100.0,0.0,"[50.0, 110.06537316317193, 110.06537316317194]",20
611,3222166524,unsettled,,not_evaluated,,"[0.5102761807816077, -0.5864514971243014, -0.11103432962465044, -0.6191641450313526]","[0.10832849941586613, -0.6987601027348261, -0.6987516404542323, -0.10837619666163423]","[459.93915362107373, 3.8401897488667194, 39.998623701594504]",9.450000000000202,100.0,0.0,"[50.0, 113.11640188568289, 113.1164018856829]",28
612,3216037984,unsettled,,not_evaluated,,"[-0.8538072858367715, 0.23931008038765292, 0.3766095808763793, 0.2681585867896432]","[-0.05957615870666636, 0.7045750843124561, 0.7046165858457377, 0.059498729658285426]","[459.54516518720294, 3.8302293015805393, 39.996860482403186]",8.900000000000507,100.0,0.0,"[50.0, 109.02969316891759, 109.0296931689176]",20
613,1866588208,unsettled,,not_evaluated,,"[0.0913958532145423, 0.04136570481144703, 0.5384939494883795, -0.8366360874627897]","[0.0001803926711398257, 4.6306717084831917e-05, 0.9801545561769237, 0.19823473792398225]","[460.09099891298865, 39.98687285082954, 3.8277679950720724]",5.310000000000108,100.0,0.0,"[50.0, 112.66536173230058, 112.6653617323006]",15
614,1833144678,unsettled,,not_evaluated,,"[0.6190268023519331, -0.6010870861268118, 0.21622287731930848, -0.4568892646859618]","[0.6412269263448493, -0.7673513063701446, 3.571427316140241e-05, -1.633586916038876e-05]","[459.9041279849674, 40.0001450141882, 6.1689355658699245]",4.829999999999948,100.0,0.0,"[50.0, 111.94642150102219, 111.9464215010222]",11
615,1205690518,unsettled,,not_evaluated,,"[-0.6618533813516694, 0.035264487260398346, -0.7484741909013679, 0.022201420814120642]","[-6.950201833222369e-06, -0.0001314754869820023, -0.5023709760688327, -0.8646521757733218]","[459.6969724253022, 39.98925308783963, 3.828120265864491]",5.500000000000171,100.0,0.0,"[50.0, 112.87846885751003, 112.87846885751004]",18
616,369857696,unsettled,,not_evaluated,,"[-0.12954261784404994, 0.7527893050896254, 0.08052108080394728, 0.640346256216864]","[-0.03972924851087403, 0.7059285130177995, 0.7060503765654444, 0.039741503155189345]","[459.65981681388524, 3.8450452580536565, 39.98532959218096]",9.620000000000108,100.0,0.0,"[50.0, 113.17659730654555, 113.17659730654555]",22
617,4153277340,unsettled,,not_evaluated,,"[-0.8578806105175065, -0.3593468864883421, 0.3459746782934644, -0.12333772840854022]","[-0.8665331766580248, 0.4991193998995454, 0.0001834419154718714, -0.00021152761980125503]","[459.75641993780295, 39.99252596260303, 6.165793815025703]",5.440000000000151,100.0,0.0,"[50.0, 111.05887420454658, 111.0588742045466]",20
618,2533894697,unsettled,,not_evaluated,,"[-0.2425132989820442, 0.4498265645237411, -0.8056564159904082, -0.2996015704883817]","[-0.4971724392453524, -0.502767488008304, 0.5028685647019309, -0.49715955717582905]","[459.7551391931084, 6.1660714289501, 39.99381161684981]",8.320000000000828,100.0,0.0,"[50.0, 109.68333118303306, 109.68333118303305]",25
619,1831038023,unsettled,,not_evaluated,,"[-0.2075734006871383, -0.5066822775218267, 0.671322952129416, 0.4995116083903529]","[0.26684455433316484, 0.6548835213541303, -0.6547956750519173, 0.26676615455273345]","[459.92231546669666, 6.172583321526204, 39.97870872304984]",8.000000000001005,100.0,0.0,"[50.0, 110.89237817647017, 110.89237817647019]",26
620,3843606305,unsettled,,not_evaluated,,"[-0.8825006106086865, 0.4092270962118539, -0.22842687556967828, -0.0393321562946197]","[-0.5624924190171264, 0.8268024402830978, -2.6965784540478044e-05, -5.062630298396931e-05]","[459.76919728363407, 39.994274464818126, 6.172155734082772]",4.839999999999951,100.0,0.0,"[50.0, 112.9540513577364, 112.95405135773642]",16
621,339420997,unsettled,,not_evaluated,,"[0.3338907115702825, -0.690545754793728, -0.6283784602883653, 0.1296304898898177]","[-0.691268364499386, 0.14861917400576216, 0.14870187964481568, 0.6913379349856971]","[459.89709954593445, 3.8331800017175586, 39.98097990333783]",8.10000000000095,100.0,0.0,"[50.0, 113.16786986474209, 113.1678698647421]",36
622,318514168,unsettled,,not_evaluated,,"[0.4702166024432413, 0.27585662200913136, 0.8325093600382049, -0.0986287804305852]","[0.706483637204983, -0.02968775251721719, -0.029823105651364066, -0.7064772396060627]","[459.6480709786105, 3.835233264575053, 39.9981350393654]",9.140000000000374,100.0,0.0,"[50.0, 110.82016331204689, 110.82016331204689]",31
623,2406135167,unsettled,,not_evaluated,,"[0.30370085785503587, 0.08961302071284508, 0.327763058386395, 0.8901161008621467]","[5.145755932206564e-05, -4.674469537441217e-05, -0.6777912335862482, 0.7352544041627259]","[459.77665362604154, 39.9905008886163, 3.83525662460717]",4.990000000000001,100.0,0.0,"[50.0, 110.71233017990494, 110.71233017990495]",10
624,503826566,unsettled,,not_evaluated,,"[-0.8879109927937016, 0.4037290052106611, 0.10763674471210347, -0.1924351589899693]","[-0.5626216463517087, 0.8267145089949993, 2.2019131040107442e-05, -5.6469530855723926e-05]","[459.59918955325094, 39.998735039172324, 6.1709956470666]",5.1800000000000646,100.0,0.0,"[50.0, 112.95572589248698, 112.95572589248697]",23
625,1951490665,unsettled,,not_evaluated,,"[-0.37979554275908345, 0.21260781508691884, 0.30614412443480676, -0.8466575681692955]","[7.711770461465985e-06, 1.2938042861621037e-05, 0.7691944927730033, -0.6390147354019452]","[459.9395580818873, 40.00459435884253, 3.8353505458247477]",5.100000000000038,100.0,0.0,"[50.0, 110.1956158588721, 110.19561585887212]",15
626,1304113979,unsettled,,not_evaluated,,"[0.09948409051905921, -0.45613823132516407, -0.11408373739586006, 0.8769411214665094]","[4.1181169582599215e-05, -4.9595330952556533e-05, -0.8318703244232569, 0.5549700525148722]","[459.79546930115106, 39.99264144987917, 3.8357291338757364]",4.579999999999864,100.0,0.0,"[50.0, 113.04298287801726, 113.04298287801727]",13
627,1335222620,unsettled,,not_evaluated,,"[-0.19639680642520668, 0.19642498494383, 0.9301330988887067, -0.24020395098225877]","[-9.282516708364331e-05, -0.00010240402277353346, 0.5943407551190635, 0.8042133098260722]","[460.20606136519666, 39.99785970222257, 3.8297185651776644]",4.919999999999978,100.0,0.0,"[50.0, 112.24417748816053, 112.24417748816055]",16
628,760072861,unsettled,,not_evaluated,,"[0.2349944290385704, -0.22175586461706412, 0.6329365821941642, -0.7035575582346796]","[-7.14965530542247e-06, -7.558842497756846e-06, 0.9974645682590945, -0.07116484356369246]","[460.3160922746443, 39.99028459131169, 3.8367370905758245]",5.320000000000111,100.0,0.0,"[50.0, 112.84386737532168, 112.84386737532168]",19
629,4291316198,unsettled,,not_evaluated,,"[0.00045310346422546824, -0.3221131643259609, -0.12074992918595746, -0.9389687740637349]","[0.03725336977068392, -0.706177146743391, 0.7060723113763139, 0.0372547307841802]","[459.8811127633301, 6.174309379487021, 39.984751937272065]",8.650000000000645,100.0,0.0,"[50.0, 112.8697538965224, 112.86975389652241]",20
630,3385771503,unsettled,,not_evaluated,,"[0.16321663743935153, 0.8999089523290272, -0.3797931339126148, -0.13885741684871736]","[-0.5669677066179264, -0.42261782881163634, 0.4223623168330096, -0.5670554326892563]","[459.6740179726474, 6.166569420563303, 39.97278528730742]",8.130000000000933,100.0,0.0,"[50.0, 107.437207022399, 107.43720702239901]",30
631,2885950628,unsettled,,not_evaluated,,"[0.3078809116531951, 0.20521297007126735, 0.30730450118607866, -0.8767330977583211]","[-0.17405387354061921, -0.6853218959621644, -0.6853550261632525, 0.17414831648080348]","[459.5783301719128, 3.837503000518022, 39.99413754441809]",8.140000000000928,100.0,0.0,"[50.0, 105.100559200427, 105.10055920042701]",10
632,991867160,unsettled,,not_evaluated,,"[-0.2375625373328836, -0.9604688225999017, -0.11681093371613689, 0.08613296368920043]","[-0.6455947082138516, -0.7636801671455866, 0.00023346457766998396, 0.0001432796282376525]","[460.343985250058, 39.99761824478604, 6.1626191414363465]",4.919999999999978,100.0,0.0,"[50.0, 112.28822404691006, 112.28822404691007]",15
633,303405335,unsettled,,not_evaluated,,"[-0.02279042232984286, 0.044058517012017934, 0.9582225775537128, 0.2816894311028513]","[3.379287398846965e-05, 8.995466535099279e-05, 0.1511527756225206, 0.9885104092460574]","[460.1693197414329, 39.979074212752316, 3.830744401231736]",5.190000000000068,100.0,0.0,"[50.0, 112.8916707679015, 112.89167076790152]",18
634,747624188,unsettled,,not_evaluated,,"[0.4488529877620475, -0.17881305492877836, -0.36350582461711256, 0.7965051175187475]","[-0.638474464474521, 0.30407736785533734, -0.3039813394321338, -0.6383436831748156]","[459.765939241666, 6.166893028715741, 39.98031329288965]",7.95000000000099,100.0,0.0,"[50.0, 108.74781115359556, 108.74781115359558]",16
635,2224256403,unsettled,,not_evaluated,,"[-0.7074316561155337, 0.5159224139634822, -0.45665515639945287, -0.1575772281439098]","[-0.017900572389021117, -0.7068905508214284, 0.7068689428471557, -0.017933664033529643]","[459.8853121764112, 6.170487557105208, 39.98050807874091]",7.820000000000946,100.0,0.0,"[50.0, 109.83604136173197, 109.83604136173199]",33
636,3659359167,unsettled,,not_evaluated,,"[0.475642554762377, 0.008531275876956044, 0.5084562058079787, 0.7177490259181025]","[0.32240104031650335, 0.6293525770097924, -0.6293010326505909, 0.32241760702366995]","[459.798034813267, 6.167389115583021, 39.99370661269511]",8.540000000000706,100.0,0.0,"[50.0, 108.26574051290642, 108.26574051290643]",28
637,1825701951,unsettled,,not_evaluated,,"[0.26664443488412504, 0.09287231278579614, 0.9568484641898873, 0.06867674599598332]","[0.00010571803214814991, 9.881141767462133e-05, 0.5474981562404126, 0.8368068761508538]","[460.05329844599515, 39.98763091507562, 3.837591760366247]",5.480000000000165,100.0,0.0,"[50.0, 112.84713913910078, 112.84713913910079]",25
638,741066932,unsettled,,not_evaluated,,"[-0.14380109630361193, 0.5897438042590014, 0.5912240676798182, 0.5310156229680344]","[0.3227890478707669, 0.6291007722868802, 0.629068999368487, -0.32297313033171227]","[459.6613126939341, 3.836101934850157, 39.979900598032806]",9.270000000000302,100.0,0.0,"[50.0, 112.30610211877233, 112.30610211877233]",20
639,3503504066,unsettled,,not_evaluated,,"[0.5187699492102906, -0.6177811041237394, -0.23828102636228377, -0.5407831355171334]","[-0.12958562943564345, -0.6950315888127331, -0.6952381793228144, 0.12954740139467943]","[459.813724190522, 3.838771973103526, 39.986610115790455]",9.140000000000374,100.0,0.0,"[50.0, 112.6897579742654, 112.68975797426542]",29
640,3011375563,unsettled,,not_evaluated,,"[-0.5247529899489422, 0.6195718340292504, -0.4558137166205935, 0.36469013937560457]","[-0.12208263038252244, 0.9925199342642431, 1.4587865722615058e-05, -0.00010599142057679535]","[460.10499561359126, 40.00227407176228, 6.1654433280226675]",4.599999999999871,100.0,0.0,"[50.0, 113.16424996932304, 113.16424996932305]",22
641,1512233073,unsettled,,not_evaluated,,"[-0.27085008450069903, -0.5333245905422038, 0.7126948784235688, -0.3664302431811122]","[0.7071257919227105, -0.00471341327143007, 0.0047223698479107925, 0.7070562900901398]","[459.6518495964726, 6.173301091387189, 39.976571401791006]",8.210000000000889,100.0,0.0,"[50.0, 112.14578582534327, 112.14578582534328]",26
642,2951951071,unsettled,,not_evaluated,,"[0.2777554044515004, -0.309719604872192, 0.8976138231511166, -0.1456541319147266]","[3.4479538866261103e-06, 2.9693040620726313e-07, 0.38666661844481526, 0.9222195650540468]","[459.71257870080126, 39.99136523981197, 3.8314301965272564]",5.140000000000051,100.0,0.0,"[50.0, 110.83616439533151, 110.83616439533152]",18
643,3173375156,unsettled,,not_evaluated,,"[0.20658466998426864, -0.650663487887515, -0.5944086293330616, -0.42501550681349876]","[-0.49924048610416505, -0.5007110124746132, -0.5007588378480834, 0.49928749767860364]","[459.6373394445313, 3.8368025430601977, 39.99540355995505]",8.960000000000473,100.0,0.0,"[50.0, 112.86173199281455, 112.86173199281457]",28
644,32306830,unsettled,,not_evaluated,,"[-0.6986094149864885, 0.5782516452435902, -0.4198669161311812, 0.03580073747576859]","[-0.22774723183188048, 0.973720281846824, 9.470613870721235e-05, 4.630123851151469e-05]","[460.1421918058881, 39.99697752577195, 6.164608814485519]",4.829999999999948,100.0,0.0,"[50.0, 111.39272070426797, 111.39272070426799]",16
645,895153355,unsettled,,not_evaluated,,"[-0.19060827060911253, -0.37814759900373973, -0.36161796459736506, -0.8306053986241415]","[-3.876196282343036e-05, -0.00016239760317013352, 0.5246215252852576, -0.8513355550732616]","[459.64593515254796, 40.001272033334715, 3.8272036507828835]",5.390000000000135,100.0,0.0,"[50.0, 112.93889303328507, 112.93889303328508]",13
646,3593388868,unsettled,,not_evaluated,,"[0.22142497322908522, 0.2166201095432776, 0.635142299606034, -0.7075598692853604]","[0.09795899065334235, -0.7002742481735001, -0.7002949333583978, -0.09801540597158687]","[460.0007122123466, 3.8376320092364176, 39.98171707892059]",8.090000000000956,100.0,0.0,"[50.0, 107.30425409973267, 107.30425409973269]",20
647,75550316,unsettled,,not_evaluated,,"[-0.2862997747692738, 0.2598481907905693, -0.7213721391252358, 0.5745725311949853]","[-6.487034646229795e-05, -2.4113639218059646e-05, -0.9117288725988717, -0.41079247568566896]","[460.339211722321, 40.00576854537195, 3.834648416684395]",5.380000000000131,100.0,0.0,"[50.0, 112.93768816005155, 112.93768816005156]",13
648,2936757457,unsettled,,not_evaluated,,"[-0.6103894817246166, 0.37109450284833706, -0.5232037798726356, -0.46472718371393584]","[-0.07577930506127588, -0.7030823578625882, 0.7029797456497398, -0.07584307610481696]","[459.74658789754454, 6.175712661521597, 39.99086226353977]",8.130000000000933,100.0,0.0,"[50.0, 112.80430936191303, 112.80430936191303]",27
649,1838880854,unsettled,,not_evaluated,,"[-0.6784023744617863, -0.0988498696711346, -0.5712742979592471, -0.4512699835816463]","[0.2886494911843113, -0.6455191747757639, 0.6454847191507602, 0.2886796556370388]","[459.9032883857621, 6.171942072070273, 39.991812642603975]",7.700000000000906,100.0,0.0,"[50.0, 112.86190431616458, 112.8619043161646]",24
650,1672810551,unsettled,,not_evaluated,,"[0.48681364714769565, 0.3945555621457038, -0.6249290389801788, -0.46562010004933935]","[2.7021598428600413e-05, -4.148941812524842e-05, 0.2855304667229971, -0.9583696312599899]","[460.2447902075158, 40.0017482026714, 3.837512230230003]",4.709999999999908,100.0,0.0,"[50.0, 112.90601568069532, 112.90601568069532]",14
651,3879484383,unsettled,,not_evaluated,,"[-0.7626412532388688, -0.3577434821654657, -0.447859840912783, -0.2996989868584001]","[-0.9884138847986847, 0.15178267341613377, -0.0001103821096324481, 1.4269318111881368e-05]","[460.31082663656474, 40.001963902896215, 6.162566250624665]",4.479999999999831,100.0,0.0,"[50.0, 113.16258365327589, 113.1625836532759]",17
652,230873740,unsettled,,not_evaluated,,"[0.9054548951501281, -0.2845109799386636, -0.19564783538213537, 0.2468336679897962]","[0.5479827091564585, -0.836489645219314, 4.8342520672983724e-05, -0.00014686529641128043]","[459.77702429199735, 39.99928984210012, 6.167151013283374]",5.220000000000078,100.0,0.0,"[50.0, 112.43857019593311, 112.43857019593312]",19
653,2079884426,unsettled,,not_evaluated,,"[0.8394310349645914, 0.2693330375425513, -0.24178989971722017, -0.40540460878129414]","[0.3400283217179735, -0.6198985096704152, -0.6200365561839953, -0.34009005738708076]","[459.9062027058128, 3.8296392082535458, 39.98373184259926]",8.910000000000501,100.0,0.0,"[50.0, 109.4190846237868, 109.4190846237868]",29
654,3975850094,unsettled,,not_evaluated,,"[0.4807614675171685, 0.6552872187456834, -0.5495107625156788, -0.1936620617950838]","[-0.606162732632269, 0.3642588305838131, -0.3640331720629298, -0.6061040303011478]","[459.8499389542558, 6.171400033785856, 39.989709530335574]",9.11000000000039,100.0,0.0,"[50.0, 112.56959709404683, 112.56959709404684]",16
655,1123490515,unsettled,,not_evaluated,,"[-0.06244286843504125, 0.13298112156545572, -0.4729946592036122, 0.8687306612832636]","[5.873532005112869e-05, -0.00017292341957786395, -0.9842127144865556, 0.17698954571007575]","[459.8054933742326, 39.99086767878548, 3.834644857804617]",5.020000000000011,100.0,0.0,"[50.0, 112.78709333680884, 112.78709333680884]",13
656,1957802489,unsettled,,not_evaluated,,"[-0.8523013335500537, 0.34785705271440737, 0.23829970511210874, -0.30950146728105843]","[-0.4769857986273094, 0.8789109929523533, -8.222340869645794e-05, 8.726217671370384e-05]","[459.74004925493665, 39.970391884266185, 6.162673111936794]",5.350000000000121,100.0,0.0,"[50.0, 112.21126859630128, 112.2112685963013]",19
657,1848857429,unsettled,,not_evaluated,,"[0.4047002669435426, -0.25709265837166206, -0.547330599681826, -0.6859666709098554]","[-0.6752144829821844, -0.20999686943971851, -0.2099663197216306, 0.675204310841669]","[459.86462664349375, 3.831280534806129, 39.98053833793418]",8.040000000000983,100.0,0.0,"[50.0, 108.44087386908362, 108.44087386908362]",19
658,3054531549,unsettled,,not_evaluated,,"[0.7420221664256267, 0.08780540357961956, -0.5410633505390331, -0.38593233388602627]","[-0.5035017852720192, -0.4964481190068808, -0.49645767541457375, 0.5035424449680257]","[459.5926698835059, 3.839877121658359, 39.989987376737915]",7.910000000000976,100.0,0.0,"[50.0, 113.14776871362974, 113.14776871362976]",17
659,2001620538,unsettled,,not_evaluated,,"[-0.013667271276261574, 0.657999285484137, -0.1380674222777314, 0.7401267005748466]","[6.435928544454295e-05, -2.0407804177058342e-05, -0.93045581646858, 0.36640410620132535]","[459.82106628910327, 39.99114814844414, 3.836476340812356]",5.390000000000135,100.0,0.0,"[50.0, 113.18029454423058, 113.18029454423059]",15
660,1618230679,unsettled,,not_evaluated,,"[0.2717351777618916, -0.2956507772804097, 0.8181601580938112, -0.41153926515961137]","[-3.77644944713762e-05, 2.4581986514005116e-05, 0.8517493369730733, 0.5239494870075729]","[460.0767448841664, 39.97468079548115, 3.8350548977742793]",5.220000000000078,100.0,0.0,"[50.0, 112.93372832171464, 112.93372832171465]",17
661,2498729330,unsettled,,not_evaluated,,"[-0.7387230461151346, -0.12526626774130828, 0.5657817222933168, -0.3442203742130146]","[0.26958948441083425, -0.6537614550814721, 0.6536522373796894, 0.269548181803149]","[459.8209161921612, 6.173526742383893, 40.0028886824048]",9.070000000000412,100.0,0.0,"[50.0, 113.15782164393828, 113.15782164393829]",32
662,801359670,unsettled,,not_evaluated,,"[0.5201545776930955, -0.5993619606811081, -0.6079273170496118, -0.02507653441518706]","[-0.7069051514771414, 0.014750455818436927, 0.014766433085612958, 0.7070003418119092]","[459.56570136058247, 3.837110517807357, 39.989659700677436]",8.070000000000967,100.0,0.0,"[50.0, 112.93508245906979, 112.9350824590698]",27
663,460050522,unsettled,,not_evaluated,,"[-0.43159420217306005, -0.27588044649597515, 0.04316033554187708, 0.8577608112566659]","[0.0486059828914623, 0.7053398088751218, 0.705524643673502, -0.04866404846022992]","[459.88777908580545, 3.840219407939497, 39.99376727408359]",8.150000000000922,100.0,0.0,"[50.0, 109.71015518569016, 109.71015518569017]",21
664,24185252,unsettled,,not_evaluated,,"[-0.8823119357992979, -0.09850590553688278, 0.22500939213918061, 0.401488490457212]","[-0.26934958672221737, 0.6537805986829607, 0.6538068319013998, 0.2693665819610429]","[459.9778706747255, 3.8380736536940305, 39.973267639415475]",8.870000000000523,100.0,0.0,"[50.0, 108.94579599110519, 108.9457959911052]",33
665,2055269984,unsettled,,not_evaluated,,"[0.5271450856724299, 0.7677936786238437, -0.29311052402864035, 0.21609522535291723]","[-0.6810686472154452, -0.18999502399756796, 0.1900552472006737, -0.681121422103121]","[459.8974190646065, 6.1721901270527475, 39.991960111427275]",7.92000000000098,100.0,0.0,"[50.0, 106.29182259675336, 106.29182259675338]",19
666,2572174639,unsettled,,not_evaluated,,"[0.6648910559496792, 0.23251016525203572, 0.7084928277910303, -0.043552494087720814]","[0.7036752573919198, 0.06851917954075751, 0.06847067843028373, -0.7038877896119337]","[459.87390927605367, 3.8355665395192924, 39.99399857608034]",9.47000000000019,100.0,0.0,"[50.0, 112.73575472033377, 112.73575472033379]",27
667,4231113218,unsettled,,not_evaluated,,"[-0.32714810443199194, -0.26553553967436144, -0.22723901491828985, 0.8779677813196595]","[0.14818172494136472, 0.6913689182681693, 0.6914405231125206, -0.14819311132433635]","[459.73698793078216, 3.8350759547354683, 40.00078519407843]",8.140000000000928,100.0,0.0,"[50.0, 105.74981683307482, 105.74981683307482]",18
668,2269359926,unsettled,,not_evaluated,,"[-0.20885908760357036, -0.8901486806034541, 0.0483529199096359, 0.4020885512937993]","[-0.6241089082275443, -0.7813373181773196, 0.00023059468707925523, -0.00011278558108421266]","[460.14574481022555, 40.00676796182573, 6.174525342108109]",5.270000000000095,100.0,0.0,"[50.0, 112.8886712432917, 112.88867124329171]",13
669,791422006,unsettled,,not_evaluated,,"[0.4178617844510886, 0.3221307565748081, 0.3487388486073498, 0.7745995870357235]","[-4.4817061414792476e-05, -2.480079052669116e-05, -0.7957754703240542, 0.6055917752140317]","[460.23063652924645, 40.00234219132222, 3.8373395281078477]",5.210000000000075,100.0,0.0,"[50.0, 111.5490533130849, 111.54905331308491]",18
670,2789584226,unsettled,,not_evaluated,,"[-0.32203768413503847, -0.09291562367445043, 0.895757891321467, -0.29202091878741854]","[-4.188584682388031e-05, 7.225765474960789e-06, 0.8906700603916686, 0.45465024108127955]","[459.79786503148586, 39.996482165811074, 3.831059274168578]",5.020000000000011,100.0,0.0,"[50.0, 112.29784634463854, 112.29784634463856]",17
671,959163029,unsettled,,not_evaluated,,"[0.8565572897553921, 0.19600051919097283, -0.3610798207247458, -0.3122735482059784]","[0.7671513147347367, -0.6414660627928424, -0.00028008476363017287, 0.0002685858138914976]","[460.2149796131893, 39.99533494607939, 6.169934710133996]",5.070000000000028,100.0,0.0,"[50.0, 110.98221274278549, 110.9822127427855]",12
672,1269286363,unsettled,,not_evaluated,,"[-0.22278797788535612, -0.8262023699346746, -0.4768502630653011, 0.20092035098176173]","[-0.7024885631323639, 0.08030213796119011, 0.08027104961751381, 0.7025794929404015]","[459.8752732480687, 3.843221439824608, 39.996289427001535]",8.770000000000579,100.0,0.0,"[50.0, 110.98227706251082, 110.98227706251083]",28
673,339846494,unsettled,,not_evaluated,,"[-0.08833281860877842, 0.061391870416495166, 0.03633882288790775, 0.9935330096954575]","[3.680155068019886e-05, 2.20992390387309e-07, -0.8267652922952451, 0.5625470203472374]","[459.9774685528753, 39.993398133148766, 3.834855510979809]",5.210000000000075,100.0,0.0,"[50.0, 112.74609173583774, 112.74609173583774]",21
674,3620654759,unsettled,,not_evaluated,,"[-0.4813429093912272, 0.22554370352942188, 0.09490204981190052, -0.8416844077910204]","[0.4308268979304578, -0.560799058952404, 0.5606607213335842, 0.430757652342268]","[459.8806765326016, 6.168527487329423, 39.98282200633937]",8.28000000000085,100.0,0.0,"[50.0, 110.39216501398168, 110.3921650139817]",24
675,1118229367,unsettled,,not_evaluated,,"[-0.35991857214289824, -0.48385237718009744, 0.7578605277637142, -0.2489837725264248]","[0.7061354756996775, -0.038845030375120805, 0.038805482162661234, 0.7059446778095785]","[459.90282847090054, 6.178573781863425, 39.99502031001913]",8.320000000000828,100.0,0.0,"[50.0, 112.23962844937755, 112.23962844937756]",23
676,614510698,unsettled,,not_evaluated,,"[0.5408724855206847, -0.7068822607308365, 0.20453650455646982, -0.40735640681663454]","[0.15119692792177347, -0.9885036583983282, -4.5139783082182035e-05, -6.544111360557576e-05]","[459.8972372869482, 40.00352569589431, 6.1664208195428385]",4.4699999999998274,100.0,0.0,"[50.0, 112.82369872710093, 112.82369872710095]",14
677,1838271581,unsettled,,not_evaluated,,"[-0.12691279253410218, 0.07788097071762332, 0.8830851733374935, -0.4449587330559608]","[-0.0002477427816385546, -5.241820412982266e-05, 0.8502924495655351, 0.5263104464930255]","[460.28565631625565, 39.982812591788345, 3.8299745010309736]",5.020000000000011,100.0,0.0,"[50.0, 112.78465099395545, 112.78465099395547]",12
678,896877213,unsettled,,not_evaluated,,"[0.4570635111793557, 0.37785478930814337, -0.003768496967547743, 0.8051735858657455]","[-0.6197734256447391, 0.3403359277822322, -0.3404059880105931, -0.6198194256811611]","[459.79614728707867, 6.167913751942568, 39.9935323001158]",7.89000000000097,100.0,0.0,"[50.0, 112.0326680732885, 112.0326680732885]",21
679,2115121010,unsettled,,not_evaluated,,"[0.28127320910761855, -0.44450024844831, 0.46518435559245397, -0.7119750180165917]","[2.1098811801588402e-05, 1.756575569555885e-06, 0.9975737481569736, -0.06961764531928313]","[460.0814638097255, 39.98443041870177, 3.837470566126353]",5.580000000000198,100.0,0.0,"[50.0, 112.77545950761194, 112.77545950761193]",19
680,1207846639,unsettled,,not_evaluated,,"[-0.26830697556454275, -0.6799392983449297, -0.12928932687703654, -0.670058346254485]","[0.7051519534562071, -0.05301786037229184, 0.05290516993013007, 0.7050892652800094]","[459.63483291119803, 6.1725508236479785, 39.98530016722003]",7.7400000000009195,100.0,0.0,"[50.0, 113.15547082531982, 113.15547082531984]",26
681,3010240499,unsettled,,not_evaluated,,"[0.3808922698588771, -0.2069628001145944, 0.7443905927285974, -0.507907593551865]","[-0.000196076465980001, -6.094819007573804e-05, 0.9864830599292854, 0.1638631450689615]","[460.0812615705864, 39.9907275755753, 3.8314052197696604]",5.610000000000208,100.0,0.0,"[50.0, 112.88400035760877, 112.88400035760878]",20
682,1954751036,unsettled,,not_evaluated,,"[0.4288412192270202, 0.05806141530597197, -0.19458495559188416, 0.8802617655003849]","[-0.474724571540066, 0.5241100932044047, -0.5240479662583569, -0.474677701643811]","[459.6813186951619, 6.165741365783042, 39.97995044912782]",8.1900000000009,100.0,0.0,"[50.0, 106.30732202436582, 106.30732202436583]",22
683,1984373932,unsettled,,not_evaluated,,"[-0.3985619353203301, -0.55517319696044, 0.5342309002269262, -0.4975223113923289]","[0.6953446673229241, -0.12876027311077265, 0.12882662799221978, 0.6952124032367126]","[460.0173512589728, 6.164009660382532, 39.99056910700995]",8.1900000000009,100.0,0.0,"[50.0, 112.86945811368652, 112.8694581136865]",30
684,2472346160,unsettled,,not_evaluated,,"[0.5216855084416874, 0.1681033179362908, 0.2930575820934824, -0.7833918293920803]","[-0.0886713320883515, -0.7014720406136018, -0.7015789867687909, 0.08866395224409684]","[459.5458744085999, 3.8399213579553733, 39.989202757636555]",8.250000000000867,100.0,0.0,"[50.0, 110.89445094863139, 110.89445094863139]",14
685,1573955309,unsettled,,not_evaluated,,"[-0.6193383676590124, 0.38429802173753186, 0.5834598968312737, 0.35820324624956834]","[0.5708590053724651, 0.4173125082034425, 0.41729923501852323, -0.5708166211096756]","[459.52752362652495, 3.837972385043773, 39.98575440043552]",8.340000000000817,100.0,0.0,"[50.0, 113.01699890437528, 113.0169989043753]",23
686,4284683632,unsettled,,not_evaluated,,"[0.45315710631947115, 0.5277361964398244, 0.2103800227056479, -0.6869376900460198]","[0.2533422517095389, -0.6601824475846885, -0.6601104368947257, -0.2534384550585904]","[459.7732800370323, 3.832238478003933, 39.992824852801895]",8.240000000000872,100.0,0.0,"[50.0, 112.80528233073794, 112.80528233073795]",30
687,1664694624,unsettled,,not_evaluated,,"[-0.17671571791651616, 0.6330224626739569, -0.08908301980255993, 0.7484105373218002]","[0.18321054994819916, 0.6829160332508721, 0.682998035591168, -0.1832300993155267]","[459.6421060229187, 3.835922732962696, 39.97550415332024]",8.810000000000556,100.0,0.0,"[50.0, 112.85884285358034, 112.85884285358034]",14
688,1909553120,unsettled,,not_evaluated,,"[-0.34526094914388883, 0.1559007805280971, -0.11240903271903165, -0.9186152801854336]","[-4.0041813073932175e-05, -9.825914017186355e-06, 0.6878374761132481, -0.7258647289641932]","[460.1788878844309, 39.99373073705791, 3.83129233460602]",5.170000000000061,100.0,0.0,"[50.0, 106.55482545593539, 106.5548254559354]",15
689,2668664694,unsettled,,not_evaluated,,"[0.11631302817836991, -0.7209141450716977, 0.6512811007120145, 0.20636618610341087]","[0.534726113321011, 0.4627264492723905, -0.4626377725690708, 0.5347134824078217]","[459.66960248695955, 6.17331321576596, 39.97274993794631]",8.260000000000861,100.0,0.0,"[50.0, 113.023906746941, 113.02390674694101]",27
690,931999062,unsettled,,not_evaluated,,"[0.40985524264100454, 0.27226453579317034, 0.8643033037923744, -0.10426169806117322]","[-3.0467299947822823e-05, 2.3696658521411146e-05, -0.062476176104542314, 0.9980464547953499]","[460.35579376992115, 39.97946311652209, 3.842296324056169]",6.1800000000003985,100.0,0.0,"[50.0, 108.9384423907794, 108.93844239077941]",15
691,2928446550,unsettled,,not_evaluated,,"[0.08829629227230848, -0.08328675959324888, -0.35542274088605197, -0.9267911068350115]","[3.384319149879467e-05, 3.162510252041617e-05, 0.7264149083894976, -0.6872564141017303]","[459.99096055311713, 39.99662626619771, 3.833607413174393]",5.330000000000115,100.0,0.0,"[50.0, 112.55325604449492, 112.55325604449493]",10
692,4062086078,unsettled,,not_evaluated,,"[0.11302998519651891, 0.09536864003104563, 0.8851959380404075, 0.4410863818141144]","[-4.522968094883284e-05, -0.00015110117231635634, 0.2490338645483478, 0.9684947647926792]","[460.1530517289889, 39.99934637729072, 3.833147334335544]",5.1800000000000646,100.0,0.0,"[50.0, 112.87661717125907, 112.87661717125908]",7
693,3262843349,unsettled,,not_evaluated,,"[0.23701903657768664, -0.4535324717792806, 0.255514247423889, 0.8202699206389107]","[-0.32687531952841564, 0.6271271950927073, -0.6269608807000334, -0.3267783051706283]","[459.9253395060111, 6.171534526324334, 39.9727367342684]",7.980000000001,100.0,0.0,"[50.0, 109.68726771019064, 109.68726771019065]",23
694,1218851074,unsettled,,not_evaluated,,"[-0.6898747204057384, -0.30126227785830795, 0.6219437982928524, -0.2156381734521688]","[0.32385387801454557, -0.628755724204994, 0.6284826097068958, 0.3237198082762365]","[459.8341532193145, 6.181065086339889, 39.972881924045275]",9.250000000000313,100.0,0.0,"[50.0, 113.15698071030602, 113.15698071030603]",28
695,651205762,unsettled,,not_evaluated,,"[0.6449485734097136, -0.08182203042582824, -0.6028448695667808, -0.4625197900963603]","[-0.6952873409532673, -0.12805661269618657, -0.12809768975198224, 0.6955343264966287]","[459.993351440399, 3.839141317637032, 39.98180196744668]",7.680000000000899,100.0,0.0,"[50.0, 112.81814843190357, 112.81814843190357]",19
696,4255050540,unsettled,,not_evaluated,,"[-0.25882804226598577, 0.6809913270748578, -0.6838292010292903, 0.040453439967739646]","[-0.3309497111046583, -0.6249055143012171, 0.6248591119903318, -0.33093273799720785]","[460.00862380727125, 6.171979630732127, 39.99572550098016]",7.780000000000933,100.0,0.0,"[50.0, 112.99218104468841, 112.99218104468842]",29
697,2395249347,unsettled,,not_evaluated,,"[0.6348411229845365, -0.4903602220541158, -0.11445046579517916, -0.5860244807804853]","[-0.03655535111700783, -0.7060941804332157, -0.7062289543914407, 0.03654283298035718]","[459.7213922347526, 3.840883791737252, 39.990876341785984]",9.090000000000401,100.0,0.0,"[50.0, 112.77528223534817, 112.77528223534819]",26
698,249202919,unsettled,,not_evaluated,,"[-0.8662809176125051, -0.3880906819206864, 0.23603906961474444, 0.20791477100528136]","[-0.9999021995274233, -0.013985263983038154, -6.064738997528085e-05, 9.666433587685043e-06]","[460.3273406629302, 39.979066459565686, 6.167735436990691]",5.160000000000058,100.0,0.0,"[50.0, 112.74890088612531, 112.74890088612533]",22
699,2371620818,unsettled,,not_evaluated,,"[-0.6854600836334261, -0.5263584251775121, 0.5015678560573432, -0.03899958666378184]","[0.6812500899244045, -0.18989921679415156, 0.18967950166630312, 0.6810714273015581]","[459.8942751187672, 6.17093866812939, 39.99623723437297]",8.520000000000717,100.0,0.0,"[50.0, 110.51605758152395, 110.51605758152395]",19
700,3603842823,unsettled,,not_evaluated,,"[0.1945135409653445, 0.7046745058258995, 0.4915635600122643, -0.4732479156723422]","[0.5592842829529351, -0.432644464796412, -0.43262889912136365, -0.5593318277801511]","[459.7962759305363, 3.8351373688022723, 39.99809727973419]",8.330000000000823,100.0,0.0,"[50.0, 113.02327643559565, 113.02327643559566]",27
701,2673681171,unsettled,,not_evaluated,,"[0.7797691628533903, 0.1826904425636023, -0.5705104467956182, -0.1819397838734074]","[0.964450264779709, -0.26426428508513716, -0.00022891330863972215, 0.00014830201572113566]","[459.86055403472136, 39.999938988013724, 6.163595366053876]",5.320000000000111,100.0,0.0,"[50.0, 112.8691467895907, 112.86914678959072]",14
702,4235238339,unsettled,,not_evaluated,,"[-0.7562445711375627, 0.24799993940147816, 0.08222943494976244, 0.5998570652327683]","[0.06733020941970114, 0.7037449327232548, 0.7040379129691128, -0.06738196841838832]","[459.69417917660127, 3.8373200686223385, 40.000469762846585]",8.740000000000595,100.0,0.0,"[50.0, 112.90562566527176, 112.90562566527177]",27
703,3994960236,unsettled,,not_evaluated,,"[0.5313292307007738, 0.7813692565057293, 0.17265756090654222, 0.278101960173623]","[0.8142226757366597, 0.5805526252377509, 0.0002492498428589285, 0.0001466980088467018]","[460.16548911603104, 39.97786548255107, 6.169760636647655]",4.779999999999931,100.0,0.0,"[50.0, 112.84475486373795, 112.84475486373795]",16
704,3831792919,unsettled,,not_evaluated,,"[0.4401407278908014, -0.15233626782494392, 0.5535394359146462, -0.6904084979519137]","[-7.071164293562943e-05, -3.728825965571003e-05, 0.9891368909933731, 0.1469972941431697]","[460.18451871427266, 40.000537896704344, 3.830085633938725]",5.380000000000131,100.0,0.0,"[50.0, 110.33084607898822, 110.33084607898823]",18
705,2949590194,unsettled,,not_evaluated,,"[0.017602188927888177, 0.8092823677871741, -0.24878508131529067, 0.5318441458253315]","[-0.6110517404412948, -0.35592764977599856, 0.3559044167489332, -0.6109528007687668]","[459.7594459497821, 6.167201025179183, 39.98123639185508]",7.7400000000009195,100.0,0.0,"[50.0, 112.64134541035017, 112.64134541035016]",16
706,1922957456,unsettled,,not_evaluated,,"[-0.17983493385574306, 0.16984593387623137, -0.8817110177146157, -0.40174299813620656]","[3.52682602059451e-05, 2.5706236588554646e-05, -0.10328849966727414, -0.9946514384103724]","[459.53527744021756, 40.0015285687661, 3.8349302962103726]",5.100000000000038,100.0,0.0,"[50.0, 111.27280902477244, 111.27280902477246]",17
707,2467004035,unsettled,,not_evaluated,,"[-0.8510412091524794, -0.15061605794523547, 0.48797472711500356, 0.12216517142934463]","[-0.9644772008983972, 0.2641660357800801, -0.00017824380602371462, -5.212078323041381e-05]","[460.3204047204862, 40.00785205685077, 6.16093261999923]",5.280000000000098,100.0,0.0,"[50.0, 112.85279781719157, 112.85279781719159]",17
708,3895465590,unsettled,,not_evaluated,,"[-0.008865959929603692, 0.08725246230030541, 0.920553074823044, -0.3806447674813083]","[-0.00013011487733843863, -4.122095284603278e-05, 0.769311628414439, 0.6388736962477607]","[459.95239259184564, 39.97902481294281, 3.832436033629653]",5.1200000000000445,100.0,0.0,"[50.0, 112.81431759925167, 112.81431759925167]",21
709,3817935553,unsettled,,not_evaluated,,"[-0.9489519390650242, 0.22293354094083298, -0.12955939050887, 0.1816733827484993]","[-0.7770437351180314, 0.6294465956944728, 0.00011332626807067372, 6.355796404655668e-05]","[460.0680097824659, 39.99258238079645, 6.173228867850488]",4.939999999999984,100.0,0.0,"[50.0, 112.12541667592393, 112.12541667592394]",8
710,2350393894,unsettled,,not_evaluated,,"[0.6082563107633402, 0.02796229408013884, 0.7339208530504554, 0.30100257803553526]","[0.4598934811274437, 0.5371877593843541, -0.5371093304908188, 0.4598269938616081]","[459.859417239687, 6.166324542824723, 39.98036673333734]",8.57000000000069,100.0,0.0,"[50.0, 112.52278649591112, 112.52278649591112]",24
711,507274054,unsettled,,not_evaluated,,"[-0.5283622470933963, 0.487647568656346, 0.636099650849066, 0.28001860441704135]","[0.5994758552103598, 0.3750602972543878, 0.3750115981409927, -0.5994370473227331]","[459.92565456606803, 3.8309724426834126, 39.98722244011918]",8.470000000000745,100.0,0.0,"[50.0, 112.89573461592893, 112.89573461592892]",39
712,2418103130,unsettled,,not_evaluated,,"[0.5388957797689139, 0.08448260675867462, 0.7139924401755003, -0.438940568955238]","[0.7046808711273012, 0.0583495172146672, 0.0584191518782321, -0.7047037720928641]","[459.9854959518397, 3.830474360925557, 39.96639064339291]",9.600000000000119,100.0,0.0,"[50.0, 110.81570419650915, 110.81570419650916]",23
713,3567153921,unsettled,,not_evaluated,,"[0.1988727524070747, -0.4381407272501607, -0.2546711136222361, 0.8388235543671534]","[0.0001043819849747829, -9.471960303242266e-05, -0.9338140530539325, 0.35775870981932134]","[459.82274335683826, 39.99440804374209, 3.8413337340847815]",4.539999999999851,100.0,0.0,"[50.0, 113.14032233974318, 113.1403223397432]",14
714,4274748223,unsettled,,not_evaluated,,"[0.9013150862583911, -0.41985594111574515, -0.10060076260099281, -0.0350940245189892]","[0.5974988698507352, -0.8018697412129719, -8.649876521604762e-06, -0.0001363059623554486]","[459.8435866897075, 39.97193967178934, 6.17396699265]",4.979999999999998,100.0,0.0,"[50.0, 112.82597735578415, 112.82597735578416]",15
715,1338308663,unsettled,,not_evaluated,,"[-0.2512912006807127, 0.11445045012758237, 0.3013030382493696, -0.9126720692930941]","[-0.00016589482276038736, 9.739360502902805e-05, 0.9424655873969155, -0.33430312527103345]","[459.66890386182513, 39.98967135415753, 3.8328796576406097]",5.0900000000000345,100.0,0.0,"[50.0, 111.94360619454328, 111.94360619454329]",18
716,1277006266,unsettled,,not_evaluated,,"[0.32865400942607437, 0.5957578798403752, -0.6876782647442755, -0.25329369296247584]","[-0.7070522895311119, -0.011562033454506309, 0.011498746815358766, -0.7069732371687674]","[459.9023711309526, 6.174744071304392, 39.99873637195464]",8.900000000000507,100.0,0.0,"[50.0, 112.88215173749337, 112.88215173749339]",28
717,3440375285,unsettled,,not_evaluated,,"[0.8875611663635753, 0.23820790771944308, 0.3862538725813326, 0.07937326110963647]","[0.9906273595436277, -0.13659217739348514, 7.240036163447956e-05, -7.972900741987089e-05]","[459.77907377561314, 39.98065604641317, 6.1672518767539115]",4.729999999999914,100.0,0.0,"[50.0, 112.83224351919709, 112.8322435191971]",13
718,2778763133,unsettled,,not_evaluated,,"[0.8756319323738309, 0.23263808462416577, -0.40106778977893365, 0.13525113157201868]","[0.7568333156633186, -0.6536079316847138, 3.108948363472752e-06, -6.269954216270301e-05]","[459.6064332968339, 39.96863042569061, 6.168371854932107]",5.5600000000001915,100.0,0.0,"[50.0, 111.5578340488996, 111.5578340488996]",14
719,763136023,unsettled,,not_evaluated,,"[0.25131930339948066, -0.2951017507363295, 0.6878492538765465, 0.6136912647191838]","[-2.390376784350279e-05, -7.63197529179494e-05, -0.013831538109859575, 0.9999043365029581]","[460.11275637617103, 39.9977362891876, 3.835622024368303]",5.1800000000000646,100.0,0.0,"[50.0, 105.09069236131268, 105.09069236131266]",12
720,3763933021,unsettled,,not_evaluated,,"[-0.04623430397558888, -0.06701270344375135, 0.7888818316337297, 0.6091281822664787]","[1.1081553988434578e-05, -5.1537774759385924e-05, -0.14970089567173916, 0.9887313280442448]","[459.81439973272217, 40.00227971697113, 3.83960518064054]",5.140000000000051,100.0,0.0,"[50.0, 112.94221986513796, 112.94221986513797]",19
721,3455780355,unsettled,,not_evaluated,,"[-0.8840207684311262, -0.0872379833482472, -0.3272251922323647, 0.32221186944658625]","[0.08197259223142654, 0.7021710986889598, 0.7025073947149, -0.08197318256407583]","[459.68708131942924, 3.8399018980559316, 39.9758588196671]",8.350000000000811,100.0,0.0,"[50.0, 108.89821125206555, 108.89821125206555]",26
722,1499718306,unsettled,,not_evaluated,,"[0.3612539443898203, 0.6684707255139583, -0.19887294746240802, 0.6189442846987546]","[-0.6332529772861809, -0.3147847185809451, 0.3145141306583977, -0.6332314816260286]","[459.53240347390584, 6.168183386953973, 39.97619363494917]",7.360000000000793,100.0,0.0,"[50.0, 113.18225999449503, 113.18225999449504]",18
723,79361427,unsettled,,not_evaluated,,"[0.7460182460433417, 0.4331332622393408, -0.16442246222556398, 0.47834883466776185]","[-0.6923695943851593, 0.14366476745436582, -0.1437076589427203, -0.6923387091044497]","[459.7011751079248, 6.167168040215727, 39.994651890786336]",7.8600000000009596,100.0,0.0,"[50.0, 110.61530769295935, 110.61530769295936]",21
724,849183527,unsettled,,not_evaluated,,"[-0.597965345494862, 0.4341566937715529, -0.3987457477691585, 0.5430904523894513]","[-0.5698992238574291, 0.41850318641654816, 0.4185682110860255, 0.5699742189556827]","[459.93033155726056, 3.834416188379201, 39.986134934976114]",9.720000000000052,100.0,0.0,"[50.0, 113.09775694876471, 113.09775694876473]",33
725,833658135,unsettled,,not_evaluated,,"[-0.22322301575031606, -0.6254522972279739, -0.046491102783879086, 0.7462033814540932]","[-0.0445281357277152, 0.7056818003472026, 0.7057254399227898, 0.04452016658919967]","[459.7263170992436, 3.8376484559150548, 39.97361237567357]",7.8300000000009495,100.0,0.0,"[50.0, 112.88275262618949, 112.8827526261895]",36
726,2766943526,unsettled,,not_evaluated,,"[-0.5008796812345071, -0.2940481208795292, 0.7384220044987085, 0.3426196007319862]","[1.1836992310831908e-05, 1.7853682259302842e-05, 0.05341350844841917, 0.998572479420679]","[459.64844653069025, 39.99884732880631, 3.832111375954135]",4.479999999999831,100.0,0.0,"[50.0, 113.10305305915716, 113.10305305915716]",16
727,2503276600,unsettled,,not_evaluated,,"[-0.12838043991948922, -0.15768557088960727, 0.9650166796619405, 0.16551897581105576]","[-5.146587542248504e-05, 2.572327898980875e-05, 0.2791815490103325, 0.960238334676224]","[459.59879354610405, 40.00666380664784, 3.8333239549083844]",5.140000000000051,100.0,0.0,"[50.0, 112.90889111075126, 112.90889111075127]",18
728,274262062,unsettled,,not_evaluated,,"[-0.2888088733633255, 0.9067311338231195, 0.2402429853663154, 0.19160217536533122]","[0.0005854105988138573, 0.9999998266200542, -5.533444338629013e-05, 3.150225187996379e-05]","[460.25506780213044, 39.99128078565843, 6.170442921590101]",4.990000000000001,100.0,0.0,"[50.0, 108.30183972361468, 108.30183972361469]",11
729,3693717378,unsettled,,not_evaluated,,"[-0.4080947709038988, -0.4131066308879288, -0.5424541860804435, 0.6070790932663737]","[-0.2447029777220337, 0.6633106912551872, 0.6635021924190895, 0.24475338652528858]","[459.9303506955666, 3.838214534637358, 39.97396817589624]",8.30000000000084,100.0,0.0,"[50.0, 111.77032319042662, 111.77032319042664]",26
730,244256465,unsettled,,not_evaluated,,"[-0.41965871946026745, 0.6803774779211695, 0.017196036946970892, -0.6005641872705326]","[-0.4533531342688265, -0.5426863408220072, 0.5426403638154378, -0.4533253872133139]","[459.70446377357473, 6.174547405774666, 39.99934061085754]",9.070000000000412,100.0,0.0,"[50.0, 112.84815956042121, 112.84815956042122]",31
731,476182520,unsettled,,not_evaluated,,"[0.1036601992641189, -0.6668421953979564, -0.4595244020197611, 0.5774195818239437]","[-0.5184393012576858, 0.4808275333645045, 0.48084700548001336, 0.5184705694549624]","[459.88066383180774, 3.83773611393929, 39.97767792082368]",7.960000000000993,100.0,0.0,"[50.0, 112.87315342942247, 112.87315342942249]",21
732,299505894,unsettled,,not_evaluated,,"[0.579202363364909, 0.6811474595430645, 0.10658459271012398, -0.43497412018113246]","[0.6561837819839835, -0.2633611006036314, -0.26343594672733633, -0.6562509252731854]","[459.69867283203587, 3.835425701526819, 39.982119011084585]",8.910000000000501,100.0,0.0,"[50.0, 108.42238551421222, 108.42238551421224]",42
733,927647419,unsettled,,not_evaluated,,"[0.00617218359995602, 0.30738817925260187, -0.906291643473959, 0.29001701393995705]","[-1.834333318850856e-06, -3.673868153269977e-05, -0.7587098438553729, -0.6514287155812679]","[459.77078266399303, 40.004163158629574, 3.8342497177753407]",5.070000000000028,100.0,0.0,"[50.0, 109.28460857822866, 109.28460857822867]",12
734,2054887602,unsettled,,not_evaluated,,"[0.3733597105779809, 0.05758875730829268, -0.4407491559025929, 0.8142642342139097]","[9.814717310147045e-05, 4.941805697777911e-05, -0.9424308302622001, 0.334401133515256]","[460.20730306470995, 39.997827499055056, 3.8311946576292666]",5.1200000000000445,100.0,0.0,"[50.0, 106.86392174128669, 106.8639217412867]",12
735,2921836587,unsettled,,not_evaluated,,"[0.2754056786538453, -0.9404034533507056, -0.09401578724089038, 0.1759377413767654]","[-0.19025964098624149, -0.9817338062072304, -2.9473343003572072e-05, -4.350830806093553e-05]","[459.68978909380525, 39.98157526773354, 6.172509902596573]",4.979999999999998,100.0,0.0,"[50.0, 112.8867665194618, 112.88676651946182]",19
736,4082104990,unsettled,,not_evaluated,,"[-0.365030319869446, -0.1893794515799419, -0.17774880524233333, -0.8940322427799869]","[0.00011580115281006886, 2.105861623569183e-05, 0.8543884860800651, -0.5196347765502636]","[460.0555942492712, 39.99895875631035, 3.8398452929703684]",5.0300000000000145,100.0,0.0,"[50.0, 108.73199202894193, 108.73199202894195]",14
737,2103653974,unsettled,,not_evaluated,,"[0.935028749816513, 0.3245948714742076, 0.13098927296552268, -0.056579296541891304]","[0.9843653741815084, -0.17613860980228452, -1.2116523554442373e-05, -1.0129540445213971e-05]","[459.9042199545614, 39.982322059687064, 6.16633728194416]",4.979999999999998,100.0,0.0,"[50.0, 112.70257168752433, 112.70257168752433]",15
738,4054721125,unsettled,,not_evaluated,,"[0.3314452681763487, -0.23353500978133768, 0.6073874692324064, -0.6831441250785895]","[3.977236224569913e-05, 1.1802348664491369e-06, 0.9718820730812714, -0.23546811767204617]","[459.9008509224621, 39.98259461047547, 3.839166815865505]",5.570000000000195,100.0,0.0,"[50.0, 112.78117677515888, 112.7811767751589]",25
739,548968393,unsettled,,not_evaluated,,"[0.1739833845668215, -0.4541327469372948, 0.8058144553671144, -0.33787023185723425]","[0.7001691813322005, -0.09905734924867865, 0.0990641870430302, 0.7000978830977316]","[459.71633637131373, 6.169258919889234, 39.99202886922816]",8.5500000000007,100.0,0.0,"[50.0, 108.72281348107629, 108.7228134810763]",20
740,1564990497,unsettled,,not_evaluated,,"[0.11176623498886057, 0.43491256596679395, -0.5962539075390001, 0.6654627310564188]","[-0.5763306241653594, 0.40984722099033294, -0.4097096778967645, -0.5761998324656108]","[459.6132280298663, 6.170637965497424, 39.98660091498952]",8.540000000000706,100.0,0.0,"[50.0, 107.0942492898691, 107.09424928986911]",40
741,666536387,unsettled,,not_evaluated,,"[0.8328379747296384, 0.5225458757364239, -0.11627756712454848, -0.1407346545193621]","[0.9970139551919451, 0.0772215795587973, 2.6755509283705323e-05, 9.332800638195417e-06]","[460.10642151508546, 39.9907373584929, 6.169867810518346]",4.959999999999991,100.0,0.0,"[50.0, 112.8880107483519, 112.88801074835192]",13
742,2535867986,unsettled,,not_evaluated,,"[0.055606694092448415, 0.02990174770564514, 0.11232118714017658, 0.9916641225615043]","[3.16700645667245e-05, -2.187467135397747e-05, -0.6914258502978259, 0.7224474320380925]","[460.2461740961935, 39.99923914733131, 3.838558830148969]",5.040000000000018,100.0,0.0,"[50.0, 113.1156003427721, 113.1156003427721]",8
743,4190058861,unsettled,,not_evaluated,,"[0.6389330524725584, 0.6994797245503248, 0.04674223784673845, -0.3167141180973458]","[0.9969430373670803, 0.07813181238194482, -6.306178452278322e-06, 9.972215146314413e-06]","[460.1798823172325, 39.9858090095148, 6.162029348070568]",4.929999999999981,100.0,0.0,"[50.0, 109.8149378008064, 109.8149378008064]",17
744,4145498066,unsettled,,not_evaluated,,"[0.5331427153280388, -0.13489619692221552, 0.6897760063632064, -0.4709256015489013]","[0.5018705169482635, -0.49800165151732056, -0.49809223332836977, -0.5020203844487403]","[459.8930665039395, 3.830869882553139, 39.99378240718276]",8.810000000000556,100.0,0.0,"[50.0, 111.84995744481265, 111.84995744481266]",21
745,439097313,unsettled,,not_evaluated,,"[-0.31229783943541295, -0.9478655253499281, -0.04306678203388648, -0.04654307276409306]","[-0.7303484208362933, -0.6830747954318053, -8.343692241868927e-05, 3.2649810010998426e-05]","[459.7739719383598, 39.99993081115063, 6.175637774992564]",4.959999999999991,100.0,0.0,"[50.0, 112.8560487545395, 112.85604875453951]",21
746,848878887,unsettled,,not_evaluated,,"[-0.7330445846747963, 0.6200137340102204, -0.2603398618609048, -0.10223386348908145]","[0.564998009994759, 0.8250922650125895, 5.371539154219729e-05, 5.7457615148803765e-06]","[460.04346966390483, 40.00103835085862, 6.168694785840367]",5.790000000000268,100.0,0.0,"[50.0, 110.87145438904267, 110.87145438904267]",15
747,3282409243,unsettled,,not_evaluated,,"[-0.36484502967256854, -0.38112029136195696, -0.4876938161083083, 0.695550263866757]","[-0.10210656109701613, 0.6996109961917685, 0.6997770471503529, 0.10213123160931518]","[459.61325283992215, 3.8353393576270842, 39.98768969576971]",8.090000000000956,100.0,0.0,"[50.0, 110.26484413150594, 110.26484413150595]",22
748,1021812353,unsettled,,not_evaluated,,"[-0.02751463814164228, 0.23808994494372776, -0.5888537692642116, 0.7718855881722095]","[3.3830888158334306e-05, -1.4236714126092398e-05, -0.9999861930249359, 0.0052547514006620905]","[459.64451120295985, 40.0046170196135, 3.840614837556374]",5.0900000000000345,100.0,0.0,"[50.0, 113.02810843408317, 113.02810843408317]",18
749,3025522320,unsettled,,not_evaluated,,"[-0.006779130001992734, 0.8094588839319384, 0.39735742244128586, 0.432246963495285]","[0.46815386193958564, 0.5299182354784211, 0.5298987744646441, -0.4682156704760706]","[459.733744639484, 3.8355009484592992, 39.99383644110113]",9.260000000000307,100.0,0.0,"[50.0, 112.63735400151486, 112.63735400151485]",30
750,2691185665,unsettled,,not_evaluated,,"[-0.347779535447512, -0.7595016959896297, 0.11884014838012455, -0.5367341871408777]","[0.6534441659189347, 0.2703000744820065, -0.2702039479139223, 0.6534052481372183]","[459.71697836279253, 6.1656437699983515, 39.98566501770529]",7.580000000000866,100.0,0.0,"[50.0, 111.86916407043222, 111.8691640704322]",25
751,1229380122,unsettled,,not_evaluated,,"[0.48619715748621767, -0.6641977522402341, 0.06255628408896385, -0.564393817553243]","[-0.3116737403801934, -0.6347172166338596, -0.6347327559029922, 0.3116213456260318]","[459.6075949307901, 3.834717342984215, 40.00000794244929]",8.880000000000518,100.0,0.0,"[50.0, 112.28846216817416, 112.28846216817418]",11
752,2395213454,unsettled,,not_evaluated,,"[-0.44933477067353494, 0.12225715102068627, -0.8501988666400425, -0.24558774409985212]","[0.00013440596704311636, -0.00017107529692871742, 0.08195503199287683, -0.9966360044666887]","[460.230982572508, 40.002308218514855, 3.83333585542045]",5.240000000000085,100.0,0.0,"[50.0, 111.49343373986355, 111.49343373986356]",15
753,3006291426,unsettled,,not_evaluated,,"[-0.8032647886071603, -0.10041121216468736, 0.5539172969708682, -0.1945736260956228]","[0.42335979839663246, -0.5664215344999984, 0.5663709760700129, 0.42326946951289895]","[460.0155305637836, 6.166840351596078, 40.00004910532552]",8.800000000000562,100.0,0.0,"[50.0, 112.626353175573, 112.62635317557302]",34
754,2038363769,unsettled,,not_evaluated,,"[-0.5612002152789947, 0.020352301138744127, -0.7190324086645994, -0.409429478053489]","[-0.40421046613750666, -0.5802489092826256, 0.5801924396001696, -0.4041062179328926]","[459.92713821541025, 6.176614099216851, 39.97764787705116]",8.500000000000728,100.0,0.0,"[50.0, 111.28858744894562, 111.28858744894563]",25
755,3549726088,unsettled,,not_evaluated,,"[0.3251935600628316, -0.17496902770656705, 0.7483285312602824, 0.5510348420371516]","[-1.2160762819735105e-05, -5.238051250412712e-05, -0.24466904684492669, 0.9696066494328476]","[459.7347188590021, 39.97538579354658, 3.8372756229987126]",5.130000000000048,100.0,0.0,"[50.0, 107.91184480312991, 107.91184480312992]",15
756,1415504078,unsettled,,not_evaluated,,"[0.026030222451953543, 0.644775665048881, -0.1990092891583883, 0.7375514030279845]","[-0.54236802839683, 0.45381695346611034, -0.45377787428864125, -0.5421925260696203]","[459.59856735356703, 6.163732304336779, 39.97417512586688]",8.430000000000767,100.0,0.0,"[50.0, 112.77083976176625, 112.77083976176624]",27
757,1167033059,unsettled,,not_evaluated,,"[-0.14038596652816046, 0.22510227837965416, 0.9577570236566346, -0.11100553277484694]","[8.5266316003918e-06, 1.1091002281683056e-05, 0.02794395493267113, 0.9996094913449988]","[459.90067511101984, 39.993617873016824, 3.8333803279880683]",5.730000000000248,100.0,0.0,"[50.0, 110.90418336524726, 110.90418336524728]",15
758,57751237,unsettled,,not_evaluated,,"[-0.24977854227901278, 0.18879418204542422, 0.9462315214486297, 0.08132247204667463]","[-8.412249061112709e-05, 7.930037018943903e-05, 0.5408146867678909, 0.8411417604726364]","[459.8459951567953, 39.999242443512856, 3.8336415464194293]",4.949999999999988,100.0,0.0,"[50.0, 110.93085188327561, 110.93085188327562]",12
759,1367057463,unsettled,,not_evaluated,,"[-0.2682954155863644, 0.4446128882782166, -0.4818836406653182, 0.7057797860603408]","[-3.389160492132601e-05, 9.465061940938657e-06, -0.9989816559587827, 0.04511817615573506]","[460.2196691679602, 39.99520659445578, 3.8364534125518435]",5.490000000000168,100.0,0.0,"[50.0, 112.96694153344356, 112.96694153344357]",13
760,3460723404,unsettled,,not_evaluated,,"[0.7525328538070888, 0.08332020185243715, -0.2968881536312691, 0.5819016000473309]","[-0.3121018063844495, 0.6345480180251584, -0.634476988256056, -0.31205805012117815]","[459.60989795782893, 6.1720613663403885, 39.99722059714695]",8.610000000000667,100.0,0.0,"[50.0, 113.17846335254822, 113.17846335254823]",21
761,490291057,unsettled,,not_evaluated,,"[0.6050671852203282, -0.723040663150318, -0.30768659951572824, -0.12819850732027002]","[0.18758339137537686, -0.9822486540597437, -0.00020720700794746305, -9.97155458772464e-05]","[459.6652513007117, 39.9938926596744, 6.169026152035135]",4.939999999999984,100.0,0.0,"[50.0, 107.00659249548931, 107.00659249548931]",21
762,2736550147,unsettled,,not_evaluated,,"[-0.12290483584257283, 0.9147122688500888, 0.06678560268850425, -0.37912471538422043]","[0.43146065514488674, 0.902131706692443, 0.00019241942720821248, -0.0002231969741858797]","[459.72525146566716, 39.98955997564085, 6.16376241455819]",5.200000000000071,100.0,0.0,"[50.0, 112.78947032276052, 112.78947032276054]",17
763,3645682007,unsettled,,not_evaluated,,"[0.08237622614656674, 0.7623107531555448, 0.47199339798971696, 0.43510769384532433]","[0.35365639264371274, 0.6121794426086695, 0.6124056016290318, -0.3537271053834558]","[459.8602028389352, 3.838139273406621, 39.99454150549517]",9.540000000000152,100.0,0.0,"[50.0, 113.15264928011574, 113.15264928011575]",31
764,4011650803,unsettled,,not_evaluated,,"[-0.11238713257916548, 0.5943727968817791, -0.13889353961568968, -0.7840909994449555]","[-0.028084355883619436, -0.7066736144233532, 0.7064244966917244, -0.028073156329139863]","[459.6106005697135, 6.1739160269000015, 40.000741967292626]",8.200000000000895,100.0,0.0,"[50.0, 112.38938809285624, 112.38938809285625]",30
765,4175174794,unsettled,,not_evaluated,,"[0.6283567845402819, -0.3838002345637537, -0.49353374713503045, -0.46291421636180186]","[-0.4395269160150045, -0.5538369940060087, -0.5539267149328396, 0.43959739381898066]","[459.8759828481435, 3.8407751275712743, 39.9987590996349]",8.57000000000069,100.0,0.0,"[50.0, 113.07553639785895, 113.07553639785897]",28
766,1362896629,unsettled,,not_evaluated,,"[-0.1369099586496964, 0.8359536484781134, -0.4124440525900376, -0.3351523001588615]","[-0.5586706310023877, -0.4334691928531537, 0.4334488291872034, -0.5586713679605141]","[459.93908316391787, 6.167602887569249, 39.9967251783805]",8.57000000000069,100.0,0.0,"[50.0, 111.40883476414646, 111.40883476414646]",33
767,1392627679,unsettled,,not_evaluated,,"[-0.5442430083840383, -0.06998565228722617, -0.49363300479666244, 0.674705871379849]","[-0.6063040648448187, 0.3637368566965639, 0.3638069516273891, 0.6064118913582913]","[459.63505904288337, 3.8321819990253663, 39.99420346555808]",9.230000000000324,100.0,0.0,"[50.0, 110.92957522784246, 110.92957522784248]",29
768,2030435075,unsettled,,not_evaluated,,"[-0.15391770369278407, 0.2984445877709614, -0.9416051474307936, 0.02489808932417896]","[4.533132774259264e-05, -6.304711951682364e-05, -0.3441412168619548, -0.9389178967443876]","[459.70274799821766, 40.00456311665956, 3.8369102354304103]",5.0900000000000345,100.0,0.0,"[50.0, 109.41961389577179, 109.4196138957718]",13
769,1969071229,unsettled,,not_evaluated,,"[-0.292157474405667, 0.7386316240005625, -0.37135322396325127, 0.480795296594396]","[-0.3953699369732173, -0.586186513246998, 0.5862904505894342, -0.3953877744351226]","[459.9216503529463, 6.175611369705733, 39.99346348009029]",7.850000000000956,100.0,0.0,"[50.0, 112.92621273664287, 112.92621273664288]",26
770,3971321240,unsettled,,not_evaluated,,"[0.16134477163431363, -0.59713412711119, -0.14540785866209355, 0.7721756623623495]","[-0.00010050438952242946, 8.451624733080143e-05, -0.96665473007724, 0.25608322001874706]","[459.7014471979998, 39.99224398430265, 3.830910673133667]",4.6199999999998775,100.0,0.0,"[50.0, 113.05421755908279, 113.0542175590828]",16
771,1847143231,unsettled,,not_evaluated,,"[0.37247343903267255, -0.17212231899601646, 0.8927953174030391, -0.1858869703390051]","[5.656694911415627e-05, 0.0001343136186056637, 0.7825061659132801, 0.622642818209389]","[459.8876080198572, 39.997406122436495, 3.8344879268081415]",5.5900000000002015,100.0,0.0,"[50.0, 113.15407548807141, 113.15407548807141]",24
772,4250210521,unsettled,,not_evaluated,,"[0.7179714736657065, -0.32018305942895253, -0.20166750117733687, 0.5842345337498447]","[0.30950218834516585, 0.6358989001374402, -0.635680244066072, 0.3094375728925733]","[459.839179406633, 6.179866271210626, 39.9915096989575]",9.250000000000313,100.0,0.0,"[50.0, 113.01508457192891, 113.01508457192892]",32
773,1265008604,unsettled,,not_evaluated,,"[0.1588790074721968, 0.4462089044889321, -0.7306042503802944, 0.49180535160333994]","[-0.6916874974961278, 0.14705019000766933, -0.14713652957222717, -0.6915891042314748]","[459.90260675078304, 6.168814015594139, 40.00056958137911]",8.330000000000823,100.0,0.0,"[50.0, 108.18733066580546, 108.18733066580548]",20
774,2561878822,unsettled,,not_evaluated,,"[-0.8844363438236836, 0.2271251635155647, 0.06609453688063316, -0.4022661134328336]","[0.43562930855772036, -0.5569613088052864, 0.5570839190799071, 0.4355211970983691]","[459.68113088966, 6.164524977921883, 39.98111443870478]",8.010000000001,100.0,0.0,"[50.0, 106.59000134994666, 106.59000134994666]",18
775,2593056862,unsettled,,not_evaluated,,"[-0.6440080616705269, 0.6801245432667002, 0.34981776085047156, 0.017656623210441386]","[-0.05372546983459625, 0.9985556987621634, -0.00012660063063624216, -0.000272640679108635]","[459.5434924490674, 39.99918258334234, 6.161597345277533]",4.919999999999978,100.0,0.0,"[50.0, 109.28631405494177, 109.28631405494178]",24
776,2876057514,unsettled,,not_evaluated,,"[0.5828207064822837, 0.0588372724123627, -0.6350018125597128, -0.5036178089746675]","[-0.6303087964245642, -0.3203036673078105, -0.32037198503096814, 0.630458700523914]","[459.97659522051373, 3.8353725173421935, 39.994777058374616]",7.8600000000009596,100.0,0.0,"[50.0, 111.89043941052864, 111.89043941052866]",19
777,3157771195,unsettled,,not_evaluated,,"[0.5983360677836528, 0.10378296890113489, -0.7104906983150071, -0.3555643583981888]","[-0.6148151564634439, -0.34906938452648506, -0.3491502871766733, 0.615017857572915]","[459.5585984653276, 3.838986756595709, 39.975409435540136]",8.140000000000928,100.0,0.0,"[50.0, 112.30492575802307, 112.30492575802309]",25
778,2345037609,unsettled,,not_evaluated,,"[0.6604384413014063, 0.10747290077092331, 0.443880841915452, -0.596020502190723]","[0.6470660294429511, -0.2849528285514474, -0.28503170235822345, -0.6471973174328185]","[459.61637088990346, 3.8362119636869174, 39.995925765949515]",9.450000000000202,100.0,0.0,"[50.0, 112.88013675582243, 112.88013675582245]",26
779,184414698,unsettled,,not_evaluated,,"[-0.35632809196677084, -0.93177754920896, -0.06878720385769516, 0.00944511783434199]","[-0.7605042596265623, -0.6493329251941743, -0.0001356877511978771, -7.026709851581935e-05]","[459.67744842425753, 40.006533033612335, 6.162692799748994]",4.929999999999981,100.0,0.0,"[50.0, 112.84638934162628, 112.84638934162629]",16
780,1322610371,unsettled,,not_evaluated,,"[-0.3915866921210055, -0.4167497704200111, 0.43307521759641576, -0.6967247285064698]","[0.65409006147972, -0.26865637078670573, 0.26854183195384485, 0.6541217244519899]","[459.9282164039506, 6.166002838781177, 39.99584955435716]",8.170000000000911,100.0,0.0,"[50.0, 111.56053324392147, 111.56053324392148]",29
781,2871559337,unsettled,,not_evaluated,,"[-0.0016060938878102355, -0.8499218234626733, 0.5204304719878642, 0.0823555601692851]","[0.5312787791966239, 0.4667130808211509, -0.4666635580383802, 0.53117500182589]","[459.9727140550567, 6.167928223430635, 39.98823376255413]",8.030000000000989,100.0,0.0,"[50.0, 111.26498391996353, 111.26498391996353]",22
782,3834652190,unsettled,,not_evaluated,,"[-0.38796054467225627, -0.5034752546116924, -0.5498540153702292, 0.5419039080432375]","[-0.5438072322881576, 0.4519857296431193, 0.4519585809353637, 0.5437977890990027]","[459.6541502905017, 3.8326677360355914, 39.994287333070396]",8.64000000000065,100.0,0.0,"[50.0, 112.70167085298095, 112.70167085298097]",13
783,3919222154,unsettled,,not_evaluated,,"[-0.30245125319755284, -0.7544306213363382, -0.28171015049334985, 0.5098990764242572]","[-0.4724207449430524, 0.5261004037459515, 0.5261357951749693, 0.47245965961275604]","[459.8974037220099, 3.839602916162081, 39.997796492989714]",8.320000000000828,100.0,0.0,"[50.0, 112.563419772801, 112.56341977280101]",25
784,2928265615,unsettled,,not_evaluated,,"[-0.16044831560608788, -0.841189383199689, 0.29634351733816594, 0.4228915692502515]","[-0.9505050828463258, -0.31070895767796053, -8.678296864708669e-05, -0.00015352749290303838]","[460.20013895121775, 40.004715792122084, 6.164696182938742]",5.750000000000255,100.0,0.0,"[50.0, 112.2020099674492, 112.20200996744921]",21
785,1004255327,unsettled,,not_evaluated,,"[-0.7918552891140278, -0.48308124432092175, -0.12326100465448263, 0.3527101320051027]","[-0.9991432762770369, -0.04138491397798983, -1.470084932723818e-05, 4.636062949120444e-05]","[460.2861017560043, 39.985174500240134, 6.167656950972961]",4.969999999999994,100.0,0.0,"[50.0, 104.86408964858069, 104.8640896485807]",17
786,4151959314,unsettled,,not_evaluated,,"[0.32961659258017734, -0.44109631094848434, 0.13135878999472297, -0.8243371971800095]","[0.27703996255994706, -0.6505557519029602, -0.6505950900702581, -0.27704169647767873]","[459.6726545274264, 3.8295474754948264, 39.99513681453175]",9.150000000000368,100.0,0.0,"[50.0, 110.97334698199658, 110.9733469819966]",25
787,3643437407,unsettled,,not_evaluated,,"[-0.3679797931408954, 0.033329154626742165, 0.5756948008932865, 0.729421370345214]","[0.6961451599796779, 0.12371012184828972, 0.12378637078568955, -0.696243245135533]","[459.84198970114556, 3.8338581296676435, 39.99994363422614]",7.970000000000996,100.0,0.0,"[50.0, 107.63528445809675, 107.63528445809673]",23
788,193074623,unsettled,,not_evaluated,,"[0.333473225592462, 0.8262963374305321, -0.44231445523318763, -0.10192101477916964]","[-0.6676816770869244, -0.2329213845677036, 0.2329318520760048, -0.667601347348774]","[459.575616599159, 6.160602283501307, 39.99353157989817]",8.310000000000834,100.0,0.0,"[50.0, 108.6919387966923, 108.6919387966923]",30
789,1840744130,unsettled,,not_evaluated,,"[-0.003013295977485854, -0.9164638387372006, -0.385878694127883, -0.10574774585108596]","[-0.6944684980182791, -0.1324196878435245, -0.1324699333919733, 0.6947159479087732]","[459.53384075747465, 3.8374021239062883, 39.97764351005394]",8.710000000000612,100.0,0.0,"[50.0, 106.22489046462034, 106.22489046462036]",19
790,929367818,unsettled,,not_evaluated,,"[0.07689805139311431, 0.6194549874432171, -0.12913616986127133, 0.7705102581129122]","[5.66605660886621e-05, -1.924483474319283e-05, -0.8649833298327897, 0.5018005933940253]","[459.8280590353417, 39.98083882263344, 3.838491960091655]",5.490000000000168,100.0,0.0,"[50.0, 112.83935700289547, 112.83935700289548]",24
791,911894422,unsettled,,not_evaluated,,"[-0.6982777647420497, -0.11412682446000724, 0.6869509496557707, 0.16577582445144326]","[0.6540301301341117, 0.26870215896602595, 0.26873536933635045, -0.6540833585342231]","[459.8769567261478, 3.841667783478744, 40.00115405769368]",8.050000000000978,100.0,0.0,"[50.0, 112.88002938598308, 112.88002938598308]",22
792,2813630436,unsettled,,not_evaluated,,"[0.34525116620660357, 0.291654603545629, 0.2899276643120054, 0.8436119806701463]","[-5.608577118337843e-05, 0.00011461300820886366, -0.7878115093877108, 0.6159163980561824]","[459.65947247237483, 39.997766722629585, 3.829617815122841]",5.070000000000028,100.0,0.0,"[50.0, 111.67961146594534, 111.67961146594536]",19
793,3258326862,unsettled,,not_evaluated,,"[0.15155241457782917, 0.463115550262533, -0.8698966348433236, 0.07639173665339816]","[-0.6063344970739324, -0.36392170993440864, 0.36384301830919763, -0.6062488966787243]","[459.87137366868006, 6.165425101020871, 39.98811007696798]",8.160000000000917,100.0,0.0,"[50.0, 108.75438796273366, 108.75438796273367]",21
794,376402550,unsettled,,not_evaluated,,"[-0.26313053826577254, 0.4562496417490367, 0.7970160287942423, -0.29557407545469244]","[0.6535073304706057, -0.2699969959036335, -0.2699986953164578, -0.6535522134853547]","[459.7833271321962, 3.833913576089455, 39.97316974646972]",8.090000000000956,100.0,0.0,"[50.0, 110.23395228825704, 110.23395228825706]",21
795,3842851706,unsettled,,not_evaluated,,"[-0.6306123024957917, 0.1538519811917822, 0.7587299060057031, 0.054649991371421895]","[0.7066010435243166, 0.025154500991605253, 0.025022858445102828, -0.7067220620055996]","[459.65676166943257, 3.837646918902999, 39.992935333068175]",8.150000000000922,100.0,0.0,"[50.0, 112.81170102097566, 112.81170102097568]",21
796,1816527500,unsettled,,not_evaluated,,"[-0.26996349254057417, -0.9012033727303118, -0.2599849606697233, -0.21762356007649683]","[-0.4500150517940816, -0.8930209329042674, 0.0001768959719330998, 0.00018778012990600113]","[460.14641593197894, 40.00456109709549, 6.165347784297333]",4.929999999999981,100.0,0.0,"[50.0, 111.50893470516516, 111.50893470516516]",19
797,2293293225,unsettled,,not_evaluated,,"[-0.3936519694424518, 0.8116179663979275, -0.13515402938440954, 0.4099363266597991]","[0.09305981241085279, 0.9956604741046486, -0.0001293902651069434, -0.0002736383065391687]","[460.26433755559947, 40.00103108572969, 6.160873348453881]",4.489999999999834,100.0,0.0,"[50.0, 112.87334780101197, 112.87334780101199]",17
798,349554575,unsettled,,not_evaluated,,"[0.04319524511180846, 0.011599100461029443, -0.6856641279883682, -0.726542727758097]","[3.7217829796265534e-05, -2.9721862292803047e-05, 0.2518303645791653, -0.9677713909841357]","[460.02806562250004, 40.003819582737506, 3.8389802891545566]",5.100000000000038,100.0,0.0,"[50.0, 112.84172006613112, 112.84172006613113]",15
799,1393430897,unsettled,,not_evaluated,,"[0.40293627404439963, 0.406187963639368, 0.6478008582825009, -0.5029987527441547]","[0.38436141297563886, -0.5933527169845719, -0.5935711798125076, -0.3845414307436645]","[459.9567974016308, 3.8363911777864157, 39.98851923517058]",8.350000000000811,100.0,0.0,"[50.0, 111.57009573436797, 111.57009573436798]",20
800,2235878669,unsettled,,not_evaluated,,"[0.24249144715551083, -0.6473370825137739, 0.7223079800681069, -0.02058595610878343]","[0.44905728389581934, 0.5462140135224997, -0.5462299462232403, 0.44903302001156703]","[459.7673360497272, 6.168812410307634, 39.99172498839669]",8.000000000001005,100.0,0.0,"[50.0, 112.83797513215472, 112.83797513215474]",15
801,3616341429,unsettled,,not_evaluated,,"[-0.016108622453450877, 0.5241575278336051, -0.5047182381256154, 0.6857542551099413]","[-0.6293936330968565, 0.32246449032715674, -0.32229737655181406, -0.6292890497720464]","[459.6463548049537, 6.17200881907809, 39.985835194452456]",8.540000000000706,100.0,0.0,"[50.0, 110.31297058062839, 110.3129705806284]",28
802,2901890060,unsettled,,not_evaluated,,"[-0.5153234759328452, -0.7348465806857323, 0.43106836411443006, 0.09285625162953134]","[0.7069554961285128, -0.013000896436533184, 0.013001791507792642, 0.7070189930992822]","[459.6527881260918, 6.166446415546114, 39.989370671878746]",8.380000000000795,100.0,0.0,"[50.0, 109.73574136140908, 109.7357413614091]",23
803,903317644,unsettled,,not_evaluated,,"[0.3806152325204924, 0.3549790843641196, -0.42221367482912736, -0.7421977547962988]","[-5.382720837388e-06, -3.773762622788501e-05, 0.8683377351935, -0.49597336237536077]","[459.98916802983405, 39.99942163366219, 3.826190186100812]",5.390000000000135,100.0,0.0,"[50.0, 112.29122592577461, 112.29122592577463]",20
804,261748224,unsettled,,not_evaluated,,"[0.6073531994118689, -0.481676980220278, 0.5182685683491363, 0.36125762130559586]","[0.07661048278140128, 0.7029839834232443, -0.7028992047170923, 0.07666199179820174]","[459.98647782303, 6.171691720645855, 39.99641152087039]",7.880000000000966,100.0,0.0,"[50.0, 113.13061441681509, 113.13061441681508]",22
805,3757485644,unsettled,,not_evaluated,,"[-0.46408639041706307, 0.12400900187034086, -0.7767306422281417, 0.40735132147648895]","[-0.00027990646141065617, -0.0002726446277482864, -0.9286515433456043, -0.37095304063871376]","[459.5628539794788, 40.001019262174204, 3.833159970342771]",5.5600000000001915,100.0,0.0,"[50.0, 112.7196993636683, 112.71969936366831]",20
806,2459300321,unsettled,,not_evaluated,,"[-0.3023952662426782, 0.3237351264050331, -0.8489692368047562, -0.28810398443042556]","[-0.6033801288944526, -0.3688139272092851, 0.3686872300619027, -0.6033062518663799]","[459.8765113974344, 6.169173345030376, 39.995019077517874]",8.530000000000712,100.0,0.0,"[50.0, 106.80968794253835, 106.80968794253835]",28
807,900242666,unsettled,,not_evaluated,,"[0.9362436743944617, 0.1817165933924474, -0.08337124411561313, -0.288922303564152]","[0.9107664859447899, -0.4129217921248561, 4.076591637400262e-05, 2.5131691669955103e-06]","[459.84394618093995, 39.97521108812907, 6.158241196585968]",4.959999999999991,100.0,0.0,"[50.0, 109.0528562182832, 109.05285621828321]",14
808,328348858,unsettled,,not_evaluated,,"[-0.6190823838403996, -0.43170850451213133, 0.6501504533297416, 0.08757372428713266]","[0.5694194480485799, -0.419284470457978, 0.41928993063042597, 0.5693487324028713]","[459.6036596527051, 6.171689615263886, 39.99610262330944]",9.100000000000396,100.0,0.0,"[50.0, 113.17453233176089, 113.1745323317609]",24
809,1553474154,unsettled,,not_evaluated,,"[0.10359371276990213, -0.7893752306748082, -0.4829995942980539, -0.36450854555079465]","[-0.47193468607541167, -0.5264917192837459, -0.5266004691186769, 0.47199159688339515]","[459.746883004927, 3.8401703918360743, 39.972044541932625]",9.170000000000357,100.0,0.0,"[50.0, 112.87696935024165, 112.87696935024167]",31
810,1442494840,unsettled,,not_evaluated,,"[0.31201293868009317, 0.50003338073906, -0.7536486285584268, -0.29090941702681444]","[-0.6222454572374956, -0.3359325146753227, 0.335873315289498, -0.6222130283171959]","[459.54978771379774, 6.165309142793528, 39.97468354498572]",8.450000000000756,100.0,0.0,"[50.0, 111.95791353533534, 111.95791353533534]",31
811,3990831217,unsettled,,not_evaluated,,"[0.2733426921134199, -0.7015874727139076, 0.6366695552613991, -0.16646521619350974]","[0.20126423428399803, 0.6779216722731026, -0.6778333454635703, 0.2011389321791785]","[459.8274322558664, 6.170692013119358, 39.994364537804216]",7.450000000000823,100.0,0.0,"[50.0, 113.17400319436642, 113.17400319436643]",27
812,2431699989,unsettled,,not_evaluated,,"[0.17344721513629868, 0.1827432617709468, 0.5962854258550948, -0.7622103743400414]","[-8.29490769124197e-05, 0.00018997653632246703, 0.5314063640372392, 0.847117012749176]","[460.0814986451026, 39.99231448471465, 3.8345400369837224]",6.010000000000342,100.0,0.0,"[50.0, 109.59626796744483, 109.59626796744483]",14
813,1926362747,unsettled,,not_evaluated,,"[0.8047503699102742, -0.5172269162450497, -0.11253861894396196, 0.26867865283103326]","[0.27367811640782963, -0.9618213371678271, -6.495512633208909e-06, -6.265751066426849e-05]","[459.9666567572813, 39.9815012737666, 6.167767792677779]",5.260000000000091,100.0,0.0,"[50.0, 112.60170090178212, 112.60170090178214]",16
814,2263480944,unsettled,,not_evaluated,,"[-0.026306953825207702, -0.8321721463338888, 0.5135298938644082, -0.2075680879954735]","[0.6282430422871359, 0.32461998650985974, -0.3245454496666667, 0.6281741759072906]","[459.88758669132676, 6.163958337008876, 39.994480346023344]",7.990000000001003,100.0,0.0,"[50.0, 111.96301142824467, 111.96301142824467]",30
815,2732533349,unsettled,,not_evaluated,,"[0.9574942959753904, 0.11604176436625958, -0.09067729522294143, 0.2480254225445619]","[-0.5779016433319447, 0.4074100876008654, -0.40742684910405247, -0.5779706513175533]","[459.59250576863855, 6.160122453036626, 39.99075854838335]",8.020000000000994,100.0,0.0,"[50.0, 110.50131899948889, 110.5013189994889]",22
816,789762371,unsettled,,not_evaluated,,"[0.4310996061007461, 0.2904541347288934, -0.6141148610307922, -0.5938454872269402]","[-5.803413900307142e-05, -3.837964718153564e-05, 0.12130017565426189, -0.9926158685741865]","[459.8927135020345, 39.99681464675939, 3.827195502965487]",4.709999999999908,100.0,0.0,"[50.0, 112.81587965196847, 112.81587965196849]",13
817,857415767,unsettled,,not_evaluated,,"[0.4929514726326843, -0.5214882517666204, 0.27904449074365084, -0.6381089413918899]","[0.4278158471934628, -0.5629870593513316, -0.5630442913266204, -0.42778534091011544]","[459.63441393731483, 3.8358923905088584, 39.99254276240549]",9.58000000000013,100.0,0.0,"[50.0, 112.86719471694092, 112.86719471694093]",28
818,1814279234,unsettled,,not_evaluated,,"[0.06752254297908439, 0.2422686337739487, 0.9010294106317556, -0.3534014946990646]","[4.8186154342655385e-05, 1.2174346489014776e-05, 0.07230782685022755, 0.9973823618382658]","[460.1393177578395, 40.00316946859805, 3.8318806066248747]",5.960000000000325,100.0,0.0,"[50.0, 109.55434969242991, 109.55434969242992]",14
819,790041088,unsettled,,not_evaluated,,"[0.7935730239832247, -0.23344936952655115, -0.5048092129096586, 0.24680134933850478]","[0.7504299063975722, -0.6609500276990784, 4.075222615715357e-05, -0.00012168802176071303]","[459.9291033662139, 39.99525611364793, 6.17042153325327]",5.460000000000158,100.0,0.0,"[50.0, 113.18058129187236, 113.18058129187237]",20
820,315618556,unsettled,,not_evaluated,,"[0.012552934920398582, 0.8480138297868738, 0.36518308059114246, -0.3838701420598461]","[0.7031427639372211, 0.07478959616503832, 0.07474075611693043, -0.7031433631936417]","[459.63373140548305, 3.8287154143101, 39.99336590832511]",8.7300000000006,100.0,0.0,"[50.0, 111.35354753642858, 111.3535475364286]",32
821,3269845912,unsettled,,not_evaluated,,"[0.7777716428001235, 0.1283811862612407, -0.44555779470696755, 0.4243439574755573]","[-0.1789075154325851, 0.6841223278858665, -0.6840792429418739, -0.1788975427048543]","[459.89369963860224, 6.158181665019927, 39.980582040741716]",9.070000000000412,100.0,0.0,"[50.0, 113.00522256110031, 113.00522256110033]",34
822,3522819498,unsettled,,not_evaluated,,"[0.13041023961018636, -0.7145137268385542, -0.15145017210366415, -0.6704671124923759]","[-0.01627779652220176, -0.7069220908530193, -0.706915009529981, 0.016351149978036477]","[459.7022633624206, 3.8300322582887314, 39.99216303641154]",9.56000000000014,100.0,0.0,"[50.0, 112.98842790653636, 112.98842790653637]",20
823,3738436170,unsettled,,not_evaluated,,"[0.2742912649506295, -0.2822096081700994, -0.8912861599283453, 0.22523547710883984]","[-5.665863662898674e-05, -0.00012322927387148355, -0.7651578417029172, -0.6438427283777294]","[459.684557248992, 39.985222339339614, 3.8373113532886096]",4.789999999999934,100.0,0.0,"[50.0, 111.16309330117238, 111.1630933011724]",13
824,410172629,unsettled,,not_evaluated,,"[0.3546157266565474, 0.013883879429048904, -0.6309730588490037, -0.6898752954748997]","[-0.00012609491618514881, 1.2704629447218842e-05, 0.3571270555382359, -0.934055806759561]","[460.0218145422749, 39.99112251753244, 3.8349695986417967]",4.969999999999994,100.0,0.0,"[50.0, 109.78292519072781, 109.78292519072781]",14
825,3404775389,unsettled,,not_evaluated,,"[0.6021409344898768, -0.06674626191403271, 0.5214703782369879, -0.6008659385865817]","[0.7069366293635841, 0.013577107050108065, 0.013526894999083224, -0.7070171761279129]","[459.5644033731526, 3.830651984115283, 39.99514847367559]",9.93999999999993,100.0,0.0,"[50.0, 112.27535219127022, 112.27535219127022]",32
826,869269750,unsettled,,not_evaluated,,"[-0.15468769276196398, -0.9115211001983778, -0.20989464635174815, -0.31803339295425204]","[-0.3713552304379606, -0.9284908637370191, -8.950946314828512e-05, 2.7772460072794658e-05]","[459.55023773953803, 40.00545970985651, 6.172669988031551]",4.859999999999958,100.0,0.0,"[50.0, 112.1296508942629, 112.12965089426291]",20
827,2991429464,unsettled,,not_evaluated,,"[-0.5489088942851251, -0.4032734075502577, 0.03768896459558421, 0.7311970503805372]","[0.08770710488044997, 0.7016501192868745, 0.7016302161510275, -0.08780440559600158]","[459.8318735682989, 3.830126700150718, 39.98713230166187]",7.990000000001003,100.0,0.0,"[50.0, 112.87327594911729, 112.8732759491173]",27
828,2771908924,unsettled,,not_evaluated,,"[-0.7389579476458161, 0.3421219953129573, 0.5776396756246475, -0.05679874187353187]","[0.1533924160052777, 0.6901857981154935, 0.6903449993609686, -0.15342135656109798]","[459.83090137644336, 3.8390428313851523, 39.98797821190844]",9.02000000000044,100.0,0.0,"[50.0, 112.53181359228327, 112.53181359228327]",24
829,255470810,unsettled,,not_evaluated,,"[-0.9154696723146558, -0.164181234465625, 0.007536104595736204, 0.36729144891892374]","[-0.9184314715679767, 0.39558010086416573, 0.00012297933540933448, 2.6643208052956613e-05]","[459.9634299390995, 40.00268721255547, 6.167022387976846]",4.879999999999964,100.0,0.0,"[50.0, 104.97176109372018, 104.97176109372019]",13
830,2021639551,unsettled,,not_evaluated,,"[-0.34543261414584014, 0.05210044336923012, 0.3432315446139134, -0.8718680861615752]","[-9.642012621835505e-05, 0.000144643629044372, 0.8602024369724769, -0.5099526813420946]","[459.73632114492705, 39.98276416284478, 3.833484730560825]",5.080000000000031,100.0,0.0,"[50.0, 109.16397252482156, 109.16397252482156]",16
831,651020664,unsettled,,not_evaluated,,"[0.0756818332635065, -0.774085924955174, 0.18955994400860776, -0.5992747854929498]","[0.5671852622948732, 0.42227223317776025, -0.42224907391886984, 0.567179653105804]","[459.73282972173376, 6.169567879346121, 39.970263695308844]",7.750000000000923,100.0,0.0,"[50.0, 113.12229115908418, 113.1222911590842]",32
832,2521713783,unsettled,,not_evaluated,,"[-0.5065582247263176, -0.04434755212228694, -0.8534016420621019, -0.11461979283086583]","[9.160854041201372e-05, -4.686430925415763e-05, -0.38442125770796276, -0.9231577795988289]","[460.2314836838571, 40.00801451293375, 3.835090402994238]",5.440000000000151,100.0,0.0,"[50.0, 112.9121195249109, 112.91211952491089]",15
833,1390613592,unsettled,,not_evaluated,,"[-0.31808432194865294, -0.360744281429727, 0.8330604728818863, -0.27330601176707336]","[0.6887971749274001, 0.16032502274467397, -0.1602369104393011, 0.6886061802124781]","[459.6660807251759, 6.17126959410361, 39.9962918924015]",8.260000000000861,100.0,0.0,"[50.0, 108.50216577962645, 108.50216577962644]",16
834,2201560545,unsettled,,not_evaluated,,"[-0.49268336303607696, -0.8575563518653537, -0.1364275913741798, 0.05698876621481443]","[-0.8169525304943327, -0.5767048447345395, -0.00027829038252824567, -8.679331823369107e-05]","[460.0448792405422, 39.98876950667517, 6.162668966036084]",4.959999999999991,100.0,0.0,"[50.0, 112.09739998506768, 112.0973999850677]",20
835,1733610838,unsettled,,not_evaluated,,"[0.933328729096697, 0.24078483671468087, 0.094274575342167, 0.2490631451963197]","[0.6103830910769886, -0.7921063565159838, 1.6438060524870405e-05, -4.270906418407661e-05]","[459.8360584978528, 39.9934833009179, 6.166296167296061]",5.520000000000178,100.0,0.0,"[50.0, 111.60138485873257, 111.60138485873259]",16
836,4057973372,unsettled,,not_evaluated,,"[-0.9362565697560981, -0.3191572023110337, -0.1386331679133244, 0.048406203691826986]","[-0.9850783371569203, 0.17210635503461416, -0.0002441969892009524, 0.00011219931797612492]","[460.0360565460328, 39.97595644606292, 6.159778186399026]",4.919999999999978,100.0,0.0,"[50.0, 112.75038302575848, 112.75038302575848]",19
837,1049088550,unsettled,,not_evaluated,,"[-0.2985014385404711, 0.8416771729573497, 0.24460506638696494, -0.3776834510666589]","[0.11469988321163692, 0.9934001883981238, -4.3721025410281555e-05, 2.388055692583574e-05]","[459.9812738423, 39.9807032081156, 6.172727748722673]",5.300000000000105,100.0,0.0,"[50.0, 112.70095581039716, 112.70095581039718]",14
838,4151715388,unsettled,,not_evaluated,,"[-0.05848826288872228, 0.33353550026198525, -0.9360448600269542, 0.09567242646847915]","[-2.2449243242628203e-05, 4.7249924316844494e-05, -0.5743654168443451, -0.818599025895278]","[460.09614064532354, 39.99459096759633, 3.8333253788122095]",5.160000000000058,100.0,0.0,"[50.0, 108.07697517734184, 108.07697517734185]",19
839,1058135528,unsettled,,not_evaluated,,"[-0.3686608373472068, 0.16863467661175469, 0.398686593963824, 0.8226180964724944]","[0.610115538640231, 0.3574709172930588, 0.3574593126571969, -0.6100790215980585]","[459.76399030371584, 3.833904164990208, 39.99613326678717]",8.110000000000944,100.0,0.0,"[50.0, 104.93073663630867, 104.93073663630868]",17
840,3093900153,unsettled,,not_evaluated,,"[0.3030056044096427, 0.42204349005597586, 0.2242803135340926, 0.8244787669544726]","[9.328052472401538e-05, 9.920330610097006e-05, -0.8118606381729304, 0.5838512530113213]","[460.03530347011707, 40.00381558476872, 3.835424285267234]",5.250000000000088,100.0,0.0,"[50.0, 112.64607788291423, 112.64607788291421]",16
841,728316358,unsettled,,not_evaluated,,"[0.3840331144981177, 0.9003152367821304, -0.19825093141067207, 0.05145492767085645]","[0.9987602580812942, 0.04977893147177748, -5.3296019954001544e-05, -4.492715235371314e-05]","[459.80404600710864, 39.99120508830397, 6.174996348107496]",5.5900000000002015,100.0,0.0,"[50.0, 111.86233492494928, 111.8623349249493]",16
842,4246793081,unsettled,,not_evaluated,,"[-0.5487920213062103, 0.4448274047159202, -0.09678850678790442, -0.7011332842749022]","[-0.14125949018576325, -0.6928936720450546, 0.6928168704444588, -0.14124057384450373]","[459.88195868848595, 6.176493037688139, 39.981409553427035]",8.600000000000673,100.0,0.0,"[50.0, 112.70001655706854, 112.70001655706855]",39
843,1208846367,unsettled,,not_evaluated,,"[-0.4269867495516249, -0.6814935301266007, -0.04209566062964502, -0.5928548215702353]","[0.7052284767635849, -0.0520376853429857, 0.052133297532454326, 0.7051432437131131]","[459.77386375851654, 6.163442128059877, 39.99204054925359]",7.730000000000916,100.0,0.0,"[50.0, 112.75316456942768, 112.7531645694277]",35
844,2094361518,unsettled,,not_evaluated,,"[0.454999045629448, 0.15518384815777372, -0.8447071013896332, 0.23529503736619822]","[3.2309654209861094e-05, 2.5033334863922008e-06, -0.935398215212254, -0.35359606605214045]","[460.17119815804693, 39.99267260942835, 3.838812859445758]",5.020000000000011,100.0,0.0,"[50.0, 110.81702308557132, 110.81702308557134]",21
845,1813902428,unsettled,,not_evaluated,,"[-0.37122801695149316, 0.3149778818305276, -0.536490794779554, 0.6893158350891256]","[2.055589401399327e-05, 4.913518078070167e-05, -0.9779335792848873, -0.20891603976295955]","[459.8022425527394, 39.992711951768875, 3.8326556572015407]",5.630000000000215,100.0,0.0,"[50.0, 112.75105454972072, 112.75105454972073]",20
846,256306198,unsettled,,not_evaluated,,"[0.6027470823016317, -0.5832330633428373, 0.031765834920367934, -0.5436231050391547]","[-0.27839011560218113, -0.6498898237043326, -0.6500558661599577, 0.27851307231723094]","[459.8234226101523, 3.829001844243493, 39.97739412219231]",8.880000000000518,100.0,0.0,"[50.0, 111.74202181042192, 111.74202181042193]",20
847,1252793217,unsettled,,not_evaluated,,"[-0.3428014306370549, -0.38046800862750096, -0.40789653833367195, -0.7558780904217424]","[-5.4935679398959714e-05, 2.5778286759259306e-05, 0.4269423128353907, -0.9042788606554498]","[460.19810216568897, 39.994681172109644, 3.8371645369939986]",5.400000000000138,100.0,0.0,"[50.0, 113.10773001968732, 113.10773001968734]",13
848,3006607485,unsettled,,not_evaluated,,"[-0.44749560199152477, -0.48362124840305704, -0.7378950366888786, -0.14618169899556457]","[-0.6530028423512358, -0.27122536259133173, -0.2712335101806352, 0.6530363493125778]","[459.96574850183913, 3.8383103193479275, 39.99373481770014]",9.480000000000185,100.0,0.0,"[50.0, 112.86589129461028, 112.86589129461028]",22
849,2867213443,unsettled,,not_evaluated,,"[0.5874113053436852, 0.05635745471717812, -0.8002026813813683, 0.10699282388224654]","[9.867050833611835e-06, -5.818669113538677e-05, -0.6757335430211671, -0.7371459661105194]","[459.5562861552467, 40.00024022360425, 3.8330679611009653]",4.539999999999851,100.0,0.0,"[50.0, 113.0926685581469, 113.09266855814691]",13
850,2495832973,unsettled,,not_evaluated,,"[0.3262025162052073, -0.6578051041473078, 0.17771235512448658, -0.6552119368687124]","[0.31056275426405566, -0.6352518801579601, -0.6352775212472488, -0.310529057283939]","[459.7915038158677, 3.83531363454688, 39.98281467973563]",9.460000000000196,100.0,0.0,"[50.0, 113.04825753533692, 113.04825753533693]",17
851,265160720,unsettled,,not_evaluated,,"[0.8435873026476047, -0.3709199350210046, -0.02365782574005351, -0.3875811810408313]","[-0.18897251080133656, -0.6813694917153542, -0.6814113374663191, 0.18895394966329992]","[459.7144892609239, 3.839267285670432, 39.991877248973964]",8.700000000000617,100.0,0.0,"[50.0, 105.63606662645454, 105.63606662645454]",22
852,1758450250,unsettled,,not_evaluated,,"[0.9413323467127771, 0.30018672090032433, -0.15370639037251485, 0.01247762741785174]","[0.9995206515634034, -0.03095877457127575, 0.00014159264897592973, 3.6425764705416703e-05]","[460.1889077059607, 39.98948025541246, 6.165013550427388]",5.080000000000031,100.0,0.0,"[50.0, 113.13641483538973, 113.13641483538973]",10
853,2129291007,unsettled,,not_evaluated,,"[-0.03753887711357162, 0.6384621255893187, 0.6921458417195642, 0.33450124167682416]","[0.4755208701548629, 0.5232877162604831, 0.5233371819755075, -0.4755713006689795]","[459.57168360700416, 3.840788704467933, 39.98900870811127]",9.160000000000363,100.0,0.0,"[50.0, 112.73608965653092, 112.73608965653092]",34
854,3856770388,unsettled,,not_evaluated,,"[-0.25213650424446543, -0.701757853708884, -0.6657290505739787, -0.0277115356331983]","[-0.6937452596355156, -0.1367879633514536, -0.13676251123747782, 0.6937597446778181]","[459.83095346475324, 3.833146916445422, 39.98426186620306]",9.000000000000451,100.0,0.0,"[50.0, 113.12896589794563, 113.12896589794565]",27
855,1491966553,unsettled,,not_evaluated,,"[-0.6096693218837025, -0.4457254391332099, -0.5365245649855478, 0.37652827520711146]","[-0.653977842796643, 0.26869795417534315, 0.2687501293034065, 0.6541313006976788]","[459.7853084742537, 3.8429684859621753, 39.96935224931624]",9.060000000000418,100.0,0.0,"[50.0, 113.17355632938748, 113.1735563293875]",24
856,1018470395,unsettled,,not_evaluated,,"[0.4554128693224524, 0.3307092876332764, 0.45886088160517285, 0.6875152193668916]","[7.216715915958627e-05, -9.635345045369559e-05, -0.5749635935271655, 0.8181789850798188]","[460.33454721819794, 39.99471410325682, 3.8404055403030783]",5.300000000000105,100.0,0.0,"[50.0, 112.54434968647385, 112.54434968647386]",21
857,752446852,unsettled,,not_evaluated,,"[-0.7753197505773834, -0.339162850235583, 0.5320819122821735, -0.02714192341829914]","[0.6812539437891699, -0.18963875551880752, 0.18964234451527515, 0.6811504882503795]","[459.5375540832881, 6.168162024369182, 39.98845736653552]",8.230000000000878,100.0,0.0,"[50.0, 111.8001733558182, 111.80017335581822]",22
858,3085755170,unsettled,,not_evaluated,,"[0.2870725734139959, 0.25024436237980596, -0.6767794375637842, -0.6300291180425219]","[0.00017860366731198288, 9.031591218770786e-05, 0.255764318521165, -0.9667391443999618]","[460.02580678109365, 40.009085356049006, 3.8349198392880512]",4.839999999999951,100.0,0.0,"[50.0, 112.78729832801888, 112.78729832801889]",15
859,285489008,unsettled,,not_evaluated,,"[0.3494928370664176, -0.07694225131568626, 0.0618235084376707, -0.931725550044753]","[-0.23947907370502497, -0.6652491298624243, -0.6653735052105307, 0.23952341647221537]","[459.8151308575416, 3.840730700222349, 39.99644558639132]",8.320000000000828,100.0,0.0,"[50.0, 105.84480496334774, 105.84480496334776]",20
860,3332121111,unsettled,,not_evaluated,,"[0.3402458092039916, 0.33697252244392834, -0.8027813352863759, 0.3552807849472308]","[-0.6890739367622025, -0.15867417589490054, 0.1586984005118914, -0.6890678001866593]","[459.8037735279996, 6.168791938166777, 39.99890977479767]",8.200000000000895,100.0,0.0,"[50.0, 108.39835853739606, 108.39835853739608]",38
861,4081109628,unsettled,,not_evaluated,,"[-0.12945047511210567, 0.16348273552005468, 0.7041245185904645, 0.6787669938939845]","[-8.072435720563044e-05, -0.0001431196353145481, -0.7537371157238547, 0.6571760292194418]","[459.805853625027, 39.980853250703795, 3.842192924825079]",5.800000000000272,100.0,0.0,"[50.0, 110.80924745080897, 110.80924745080898]",13
862,3384837160,unsettled,,not_evaluated,,"[0.2687275791925676, -0.16483984670014942, -0.14897767382090257, -0.9372400790747728]","[-0.44528153057353687, -0.5491311418942075, -0.5494046790018287, 0.4453468830282186]","[459.74583011930565, 3.838200374484672, 39.99687520753747]",8.240000000000872,100.0,0.0,"[50.0, 108.14419664855872, 108.14419664855873]",15
863,3022828123,unsettled,,not_evaluated,,"[0.3539696974690416, 0.8967636949489357, -0.13840987716161407, -0.22663414261605436]","[0.6642170439064413, 0.7475397596069074, -0.00013749233582832646, -8.652683621182546e-05]","[459.98789091408383, 39.98295114199626, 6.163450281006087]",5.050000000000021,100.0,0.0,"[50.0, 113.0980102676626, 113.09801026766262]",12
864,2197473996,unsettled,,not_evaluated,,"[-0.29618725117093264, 0.23096601621633117, 0.8837445268345094, 0.27914767218627]","[3.330472366919191e-05, -1.2711029970746692e-05, -0.1457070743962871, 0.9893277754112133]","[459.5868588312092, 39.99014734803596, 3.8368080644067617]",5.380000000000131,100.0,0.0,"[50.0, 107.65516706098349, 107.65516706098349]",12
865,2371567213,unsettled,,not_evaluated,,"[-0.8719734789042677, -0.21012196795995688, 0.2727863314750347, -0.3479922815647152]","[0.59631339514144, -0.3801516083201017, 0.3800752138231256, 0.5961861465212306]","[459.6102497235318, 6.175543825774482, 40.00006453360656]",8.160000000000917,100.0,0.0,"[50.0, 108.18880152871812, 108.18880152871813]",27
866,292549026,unsettled,,not_evaluated,,"[-0.41240616483951276, -0.35153133331546, -0.1763722075237171, 0.8217297130523091]","[-0.014520374087617525, 0.7068580440061022, 0.7070567818850774, 0.014545499322513467]","[459.84865496948464, 3.8371654211716706, 39.99156579289236]",8.060000000000972,100.0,0.0,"[50.0, 110.7276495245173, 110.7276495245173]",26
867,94154559,unsettled,,not_evaluated,,"[-0.23853106088105577, -0.31041063527998763, -0.7544951487540574, -0.5267686788397972]","[2.6230690178929983e-05, -0.0002355546597889585, -0.28446560076219657, -0.9586862186393188]","[459.70771828934176, 39.99662867064098, 3.8342336247595767]",5.6500000000002215,100.0,0.0,"[50.0, 112.57468207077551, 112.57468207077552]",16
868,2674077932,unsettled,,not_evaluated,,"[0.24002683723339482, 0.1464301042618074, 0.022173247800655688, 0.9594027772815652]","[5.170015502345415e-05, 3.5232924527228704e-05, -0.8868649758563557, 0.4620286903267378]","[460.2681669495202, 39.99356111941364, 3.832085232203967]",5.070000000000028,100.0,0.0,"[50.0, 111.14944802856834, 111.14944802856834]",17
869,616383569,unsettled,,not_evaluated,,"[-0.8750405999561124, -0.41172617187828964, 0.07875326495354029, -0.2420401435259313]","[-0.330252401862837, 0.9438926374476734, -6.491023900834227e-05, 0.0001892684954050289]","[459.8864918400521, 39.998515844543306, 6.159738288172647]",6.010000000000342,100.0,0.0,"[50.0, 110.617903399141, 110.61790339914101]",11
870,1209062005,unsettled,,not_evaluated,,"[0.701149044596514, -0.4604335593045607, 0.20497041658198253, 0.5043590814625407]","[-0.11865567336043632, 0.6970867476128303, -0.6970910063448079, -0.11855389641479819]","[459.5498671633291, 6.168265842736855, 40.00033218975452]",8.130000000000933,100.0,0.0,"[50.0, 111.74318972287004, 111.74318972287006]",16
871,3023774950,unsettled,,not_evaluated,,"[0.35215076468575207, 0.07578336168804366, -0.4051888740909775, -0.8402789401950909]","[-0.6893984664501173, -0.1570534294365644, -0.15705962695202663, 0.6894898464372995]","[459.65279317160645, 3.83779123946296, 39.978810671293694]",7.790000000000936,100.0,0.0,"[50.0, 108.64894871585558, 108.64894871585558]",14
872,711993328,unsettled,,not_evaluated,,"[0.14145945968594764, -0.730383443588849, 0.6302754560840633, 0.22199571179344949]","[0.5119884918398476, 0.4878410248246201, -0.4876706156644199, 0.5119143378917105]","[459.57132415817745, 6.172661800917252, 39.992476391048704]",8.270000000000856,100.0,0.0,"[50.0, 113.12344413966052, 113.1234441396605]",24
873,2494180298,unsettled,,not_evaluated,,"[0.5054583382569515, -0.6799397746818389, 0.34407924974820103, -0.4047261308401603]","[-0.012995091829936993, -0.9999155432322103, 7.052112230826468e-05, 0.00017034593216830058]","[459.84112102856784, 39.99330124998722, 6.168605615387142]",4.4699999999998274,100.0,0.0,"[50.0, 113.0032489329965, 113.00324893299651]",26
874,2540672877,unsettled,,not_evaluated,,"[0.776589373390443, -0.15424382296249706, 0.6104496590694767, -0.02165645300857539]","[0.052146903899798695, -0.9986394080478911, 2.6756962408058797e-05, -0.00017997635304419638]","[459.7257422833119, 39.99924025144028, 6.164782169531421]",5.220000000000078,100.0,0.0,"[50.0, 113.15969909585283, 113.15969909585283]",9
875,3729267110,unsettled,,not_evaluated,,"[-0.3886037083533229, -0.7035834699448852, 0.5934766828956262, 0.041747880587701035]","[0.6794288841389282, -0.1959146537018385, 0.1960800570702494, 0.679372100606102]","[459.6927085161344, 6.173475077805281, 40.00081119996973]",8.900000000000507,100.0,0.0,"[50.0, 112.76181469603114, 112.76181469603114]",22
876,2245489004,unsettled,,not_evaluated,,"[-0.7698115704787045, -0.1622092770394392, 0.35841225589542, -0.5026121280106651]","[0.4203737282739688, -0.5685895560319396, 0.5686519980045815, 0.420269854395771]","[459.7139574280697, 6.166359541819041, 39.994226550054506]",8.5500000000007,100.0,0.0,"[50.0, 113.02494474981688, 113.0249447498169]",24
877,732591320,unsettled,,not_evaluated,,"[0.5805538513683136, -0.32809511427750826, -0.26803236022996346, -0.6953196930320625]","[-0.176249259366443, -0.6847330896432012, -0.6848379404976032, 0.1762775929477637]","[459.70993839490984, 3.8374564687649984, 39.99766648746897]",8.870000000000523,100.0,0.0,"[50.0, 112.88869736619176, 112.88869736619178]",24
878,20080919,unsettled,,not_evaluated,,"[0.34744503420333317, 0.4507829125682593, 0.8124848224943764, -0.12627401617198783]","[0.6673043892977503, 0.23371509615148145, 0.23372136074147132, -0.6674252253159266]","[459.71268806741057, 3.8356124805954024, 39.97860395629538]",9.340000000000263,100.0,0.0,"[50.0, 111.47643585501783, 111.47643585501783]",24
879,1914700835,unsettled,,not_evaluated,,"[0.8827138027193332, -0.15349909388919725, -0.3389577734260767, 0.2869878020021166]","[0.6566146527016398, -0.7542261918976187, 0.0001375867313176404, -0.00017430723663841571]","[459.534586312532, 39.98664633110332, 6.172091368499964]",5.320000000000111,100.0,0.0,"[50.0, 111.80638137836, 111.80638137836002]",17
880,910532442,unsettled,,not_evaluated,,"[-0.7578845855451424, 0.5991817817734482, 0.25731973936574776, 0.019460193128720063]","[-0.34963516559526087, 0.9368859269455725, -9.345239044517006e-05, 4.622943600829377e-05]","[460.28387083656884, 39.97719045123255, 6.176292253128726]",4.979999999999998,100.0,0.0,"[50.0, 111.64440725333453, 111.64440725333455]",16
881,305688743,unsettled,,not_evaluated,,"[0.5088588775201294, -0.8379428703504597, 0.13612036932205998, 0.142778268141243]","[-0.5031060062065971, -0.8642247049017697, 7.217355999816766e-05, 2.733630933463016e-05]","[460.06254125313836, 40.01288715752465, 6.172490997061534]",5.510000000000175,100.0,0.0,"[50.0, 112.10158323688749, 112.1015832368875]",12
882,3833901011,unsettled,,not_evaluated,,"[0.6658115689949964, -0.5720634512106734, -0.07775283095098386, -0.4726445383800201]","[-0.423254428535753, -0.5663957579468817, -0.566308597902224, 0.4234927461559029]","[459.979818991768, 3.838297267882075, 40.00110044064425]",8.670000000000634,100.0,0.0,"[50.0, 109.68261000825501, 109.68261000825503]",15
883,940842501,unsettled,,not_evaluated,,"[-0.15476270569017284, 0.261752323020326, -0.1287733230575111, 0.9439023559614871]","[-0.00012887398141225861, 8.278141750819869e-05, -0.6896042771663028, 0.724186383089792]","[459.84477816978944, 39.99989291559708, 3.8318817223979282]",5.460000000000158,100.0,0.0,"[50.0, 112.5285684255765, 112.52856842557651]",15
884,2720272236,unsettled,,not_evaluated,,"[-0.9339430194929941, 0.33644656385373783, -0.05642516677177487, -0.10663182717228038]","[-0.3722888775468961, 0.9281169054976904, 2.9932048787484344e-05, 2.2098323775227025e-05]","[459.6091613546916, 39.99562080034033, 6.165185170837698]",5.300000000000105,100.0,0.0,"[50.0, 113.02443686116528, 113.0244368611653]",6
885,2174765832,unsettled,,not_evaluated,,"[0.7584658715267024, -0.4700288327205854, 0.10017222663587377, -0.44019080311993675]","[-0.32854143311584466, -0.6260330580549323, -0.626206841112516, 0.32864590229068863]","[459.9139696702729, 3.8423162877809087, 39.98559714563012]",8.580000000000684,100.0,0.0,"[50.0, 108.58017634740496, 108.58017634740497]",31
886,1061608303,unsettled,,not_evaluated,,"[-0.4689307766989574, 0.36625135030648165, 0.7222223966399722, -0.35264526773346316]","[0.5976868780201056, -0.37759409000456035, -0.3777524606369654, -0.5979098406272684]","[459.74700074160774, 3.8375227653351107, 39.983681462083744]",8.050000000000978,100.0,0.0,"[50.0, 112.66240190043736, 112.66240190043737]",22
887,3154141855,unsettled,,not_evaluated,,"[0.27090988559165213, 0.4422585803127909, -0.7396988208773515, -0.4287899677243961]","[-8.809797601733171e-05, -0.00015440412192968545, -0.4877312221515027, -0.8729938277769869]","[459.6458655988485, 39.987121925818975, 3.8342540397234663]",4.959999999999991,100.0,0.0,"[50.0, 111.57089966333399, 111.570899663334]",17
888,2921790412,unsettled,,not_evaluated,,"[0.3416504075113855, 0.18124356735981575, -0.5118659550465788, -0.7670847491654661]","[5.006688061853782e-05, -2.1080071271800674e-05, 0.43142358964401145, -0.9021494794919597]","[460.1846406180218, 39.997495129346234, 3.8380020494649183]",4.819999999999944,100.0,0.0,"[50.0, 111.63138015936418, 111.6313801593642]",18
889,2154312058,unsettled,,not_evaluated,,"[0.7256893593025631, -0.20402254438647918, -0.37672815407176513, -0.5383545793496913]","[-0.351716181336404, -0.6134471629141395, -0.6133830935023176, 0.3517662387214817]","[459.7234944823525, 3.8382782044535797, 39.980575259189045]",8.430000000000767,100.0,0.0,"[50.0, 113.17760561296117, 113.17760561296119]",25
890,3592569166,unsettled,,not_evaluated,,"[0.10273452874389172, -0.7756451790115862, -0.5748782509724327, -0.2394476340219959]","[-0.6317497613450291, -0.31776975446631567, -0.317765449870973, 0.6316167675538817]","[459.6683038075113, 3.830916992375269, 39.994779379024315]",8.790000000000568,100.0,0.0,"[50.0, 113.07406335779983, 113.07406335779984]",27
891,1454938154,unsettled,,not_evaluated,,"[-0.16718081934912513, 0.4446266140871033, -0.15011444180695008, 0.8670775063673264]","[-0.00010643648070748912, -5.0839005440062035e-05, -0.9135921392734689, 0.4066317611112019]","[459.83480288996236, 39.989219189762764, 3.8368351585064615]",5.630000000000215,100.0,0.0,"[50.0, 112.80587178463082, 112.80587178463081]",21
892,1296548187,unsettled,,not_evaluated,,"[0.31314276895349097, -0.5781882807260639, -0.5626663257674945, -0.5010454312040842]","[-0.4241479892663222, -0.5656766225073017, -0.5656945835267083, 0.4243796414987546]","[459.6829358364805, 3.8306572019192813, 39.99138187763495]",8.990000000000457,100.0,0.0,"[50.0, 112.85152856173809, 112.85152856173809]",23
893,4254865545,unsettled,,not_evaluated,,"[-0.5867148895206743, -0.6821284832765666, 0.3941724191729146, 0.18733519338588187]","[-0.8388912377375022, -0.5442990798620698, -4.84806201576371e-05, -2.3625730443455062e-05]","[459.8997471269638, 39.99209833067896, 6.16449545370202]",5.430000000000148,100.0,0.0,"[50.0, 112.59633482900404, 112.59633482900405]",18
894,1038362872,unsettled,,not_evaluated,,"[0.4220587536149921, 0.2365411686124719, 0.34472372914068605, -0.8044129751662044]","[-0.08417330837618844, -0.7020507870891586, -0.702106516245727, 0.08417830094382267]","[459.72045466315427, 3.84210204947406, 39.979563061148234]",8.170000000000911,100.0,0.0,"[50.0, 108.62335747432061, 108.62335747432063]",21
895,2137408216,unsettled,,not_evaluated,,"[-0.15315413144856377, 0.9076297849365145, -0.3780756789344609, -0.09904931354925715]","[-0.3643742818419463, -0.6060626921699876, 0.6059829103820729, -0.3642857507736273]","[459.81954245109455, 6.176323210009302, 39.988981112746195]",7.95000000000099,100.0,0.0,"[50.0, 105.77246492681734, 105.77246492681735]",18
896,2161823873,unsettled,,not_evaluated,,"[-0.5223970600271564, 0.3040328086274699, 0.5806908141981769, 0.5454021830346245]","[0.4674557483774525, 0.5304623226033112, 0.530557491040906, -0.46755063501994676]","[459.65405456715536, 3.833418074505615, 39.99187690474973]",8.580000000000684,100.0,0.0,"[50.0, 112.25171425768185, 112.25171425768187]",25
897,611351195,unsettled,,not_evaluated,,"[-0.04573037853383769, 0.8616864055672583, 0.18915695116025852, -0.46864156747719876]","[0.5807929192563186, 0.8140513312594081, -8.839176850700124e-05, -8.48728690991951e-05]","[459.98671383497634, 39.97175141879489, 6.167320221838739]",5.160000000000058,100.0,0.0,"[50.0, 112.1348706785278, 112.13487067852782]",21
898,2763017489,unsettled,,not_evaluated,,"[-0.42473500215462706, 0.8115024029006092, -0.06368051566992698, -0.39624338474636855]","[0.1297376589103736, 0.9915483008309807, 0.00017062677353585354, 0.00027904507670860335]","[459.7266307860673, 39.997614335555554, 6.1659005920053005]",5.270000000000095,100.0,0.0,"[50.0, 111.33634094015751, 111.33634094015753]",11
899,2132063619,unsettled,,not_evaluated,,"[0.5955343919741106, 0.7230138530547521, -0.2696667085859822, 0.2233150746083904]","[-0.694901414160056, -0.13120551944768918, 0.13115124368294187, -0.6947636199062485]","[459.74589153493895, 6.1672683161785935, 39.99418214806831]",7.92000000000098,100.0,0.0,"[50.0, 106.9408548880829, 106.94085488808291]",17
900,1360639973,unsettled,,not_evaluated,,"[-0.1489656769715508, -0.1288165080424097, 0.7582996753381918, 0.621447613819669]","[-3.174601595196114e-05, 4.954006382024145e-05, -0.1830978599524016, 0.9830946903624408]","[459.8541162162308, 40.000642510318634, 3.833469491299056]",5.050000000000021,100.0,0.0,"[50.0, 112.76331261837676, 112.76331261837674]",8
901,1669509337,unsettled,,not_evaluated,,"[-0.015275918508966315, 0.1874018656583203, -0.11433169238248563, 0.9754872890911727]","[6.946044239397597e-06, 0.00013247325260840048, -0.8677382080079443, 0.49702151338322503]","[459.85604694579996, 39.998482036270566, 3.8305979851506535]",5.140000000000051,100.0,0.0,"[50.0, 112.78731439444263, 112.78731439444263]",14
902,582273668,unsettled,,not_evaluated,,"[-0.006376614660577938, 0.509344379935385, -0.8209002523185972, -0.258167420789247]","[-0.4902483542576331, -0.5096188674164219, 0.5095728627917964, -0.49018431087404124]","[460.00671731319915, 6.16480167465918, 40.00078786613124]",8.28000000000085,100.0,0.0,"[50.0, 109.61079615869734, 109.61079615869735]",28
903,680248275,unsettled,,not_evaluated,,"[0.06401976516295559, -0.8705445669058692, -0.015573167883228054, -0.4876587978712505]","[-0.4355088324307236, -0.9001844501641252, 0.00011094780671866422, 1.575194447372974e-05]","[459.9552743746094, 39.99514938539831, 6.168665143197905]",4.509999999999841,100.0,0.0,"[50.0, 112.89234489145447, 112.89234489145448]",17
904,2896868767,unsettled,,not_evaluated,,"[-0.08519660861891312, 0.3927029312463917, 0.12431391456233111, 0.9072331543305265]","[-0.00012510253841330202, -8.110540315048322e-06, -0.6809798677804778, 0.7323021261482565]","[459.65133915399, 39.97569594718621, 3.8375420463972256]",5.6200000000002115,100.0,0.0,"[50.0, 112.36213253245943, 112.36213253245943]",17
905,3134066944,unsettled,,not_evaluated,,"[0.37534820722239215, 0.6025807220421286, -0.4933938528436443, -0.5025661177737984]","[-0.7066584484068602, -0.027451968012877623, 0.027453090221136834, -0.706488892046251]","[459.6015458811281, 6.174489735594906, 39.993919260111085]",8.780000000000573,100.0,0.0,"[50.0, 113.08528551709367, 113.08528551709368]",33
906,405083464,unsettled,,not_evaluated,,"[0.25971912770264904, -0.31468704929943936, -0.8472140700697216, -0.34021516013323705]","[-0.7025679891679821, 0.07973429140180986, 0.07971124936195412, 0.7026284794229919]","[459.8983985151384, 3.8390315908681596, 39.99383716341566]",8.160000000000917,100.0,0.0,"[50.0, 105.05534137278065, 105.05534137278066]",17
907,897742626,unsettled,,not_evaluated,,"[0.626555782251434, 0.7589459830048849, -0.1386752386173409, -0.11044466851082534]","[0.910418230043716, 0.4136890485701057, -0.00012832182873842576, -3.2105081117284044e-05]","[459.8902459907192, 40.002942858011885, 6.166897671278659]",4.969999999999994,100.0,0.0,"[50.0, 113.02953134569174, 113.02953134569175]",15
908,480836371,unsettled,,not_evaluated,,"[-0.39743928281978835, -0.8706917564322766, -0.2664878160766326, -0.113675527864515]","[-0.6057117869467777, -0.7956841264205538, 2.2405452060947354e-05, 4.017583175355833e-05]","[459.8555627759354, 39.993573611812536, 6.162567640753708]",4.939999999999984,100.0,0.0,"[50.0, 111.2332118562687, 111.23321185626871]",9
909,4082109974,unsettled,,not_evaluated,,"[-0.35956502737734314, -0.6791764426160904, -0.41884548866301663, 0.48373629955702296]","[-0.4673276244001027, 0.5305895442294302, 0.5306979585142595, 0.467374907173844]","[459.70064759814323, 3.828857056401132, 39.99120884953095]",8.410000000000778,100.0,0.0,"[50.0, 113.16453932841709, 113.1645393284171]",19
910,163555050,unsettled,,not_evaluated,,"[-0.08549674306774306, -0.25654355067407436, -0.9235012688874048, -0.2720682265456595]","[0.00014466779184524328, 5.983895644146032e-05, 0.4221356967460351, -0.9065326409033868]","[459.82551988491554, 39.997882543468805, 3.836471821157858]",5.920000000000312,100.0,0.0,"[50.0, 110.50792160244656, 110.50792160244657]",13
911,3400140363,unsettled,,not_evaluated,,"[0.298407216867827, 0.6810207916951393, -0.18813418040157473, -0.6416925621859357]","[-0.02919300365813783, -0.7064318131405204, -0.7065745364957539, 0.02922817640947738]","[459.8847861831427, 3.8356217295135235, 39.981209154512726]",8.110000000000944,100.0,0.0,"[50.0, 113.12729461097813, 113.12729461097814]",21
912,3646276102,unsettled,,not_evaluated,,"[0.1578073356304914, -0.029444688123654007, -0.8111580053567837, 0.5623633571883132]","[-7.845889757895907e-05, -3.8557643528669416e-05, -0.9285465238351324, -0.3712160360641786]","[460.2361335002247, 39.98289562800824, 3.8337026061516233]",5.0300000000000145,100.0,0.0,"[50.0, 113.16466291741754, 113.16466291741754]",12
913,3701323139,unsettled,,not_evaluated,,"[0.43512701954760485, -0.8749978402768437, 0.017281183183099957, 0.21152923457118053]","[0.18715160610816134, -0.9823310138014851, 2.626115377313276e-05, 0.00023444665449905144]","[459.9281237054271, 39.992285105362804, 6.172554854417856]",5.110000000000041,100.0,0.0,"[50.0, 113.10229476112823, 113.10229476112825]",18
914,1849545706,unsettled,,not_evaluated,,"[-0.1443496569257474, -0.07006434235886033, -0.13212818355624098, -0.9781596534233906]","[-0.0003020480186765595, 0.00010628900412545939, 0.759351378642406, -0.650680706048304]","[459.59375668450605, 39.99142834121612, 3.834341958392988]",5.050000000000021,100.0,0.0,"[50.0, 112.91071250094475, 112.91071250094477]",19
915,3498837148,unsettled,,not_evaluated,,"[-0.5578877223062083, -0.13152919957495132, 0.7954835629912004, 0.19663992465923258]","[-4.079377282745211e-05, 3.982590877980863e-05, 0.24164377826063502, 0.9703650247085838]","[460.295479471067, 40.00116417381883, 3.8365792533108336]",4.579999999999864,100.0,0.0,"[50.0, 112.74580388409345, 112.74580388409346]",21
916,1014845009,unsettled,,not_evaluated,,"[-0.745802360550032, -0.5147483048332637, -0.3726324374151737, -0.19989519317709512]","[-0.993403258400051, -0.11467325575545326, 9.903549419444657e-05, -2.8400302769127084e-05]","[459.66860174710695, 39.97256288445911, 6.165662943970938]",4.5599999999998575,100.0,0.0,"[50.0, 112.87333682285623, 112.87333682285623]",15
917,2482104573,unsettled,,not_evaluated,,"[0.3913632031713356, -0.4132908864732887, 0.05822251723444586, -0.8201436611036385]","[0.5571001546125876, -0.4354181277010585, -0.4354591551824629, -0.5571586811382476]","[459.63068231451626, 3.8348725015087473, 39.99492493970638]",9.819999999999997,100.0,0.0,"[50.0, 111.49905034987577, 111.49905034987579]",32
918,3315867884,unsettled,,not_evaluated,,"[-0.1839291797226305, -0.6204871287494828, -0.28946619847613464, 0.7052482540514071]","[-0.21434301581087734, 0.6738365347819728, 0.6738272082928213, 0.21437884534259435]","[459.7175412517409, 3.837749973868137, 39.9857148361173]",7.940000000000986,100.0,0.0,"[50.0, 112.78625463453052, 112.78625463453054]",18
919,3442982133,unsettled,,not_evaluated,,"[0.23981023435833115, -0.548473364990924, -0.29699985204060114, 0.7439483229905124]","[0.000277260094862921, 2.0149557519666406e-05, -0.9998306552977432, -0.018400637155289123]","[460.2485711736427, 39.9933829126108, 3.833866206686673]",4.599999999999871,100.0,0.0,"[50.0, 112.86477718654136, 112.86477718654137]",11
920,1199431505,unsettled,,not_evaluated,,"[-0.8158875984840971, -0.2102551437771241, 0.5335186587691745, 0.07401379533745744]","[-0.9689631850438385, 0.2472050653200069, -2.189682633946255e-05, 3.5076490270846694e-05]","[460.25779077671916, 39.97982356463699, 6.163660938407405]",5.290000000000101,100.0,0.0,"[50.0, 113.12399131041356, 113.12399131041357]",26
921,632241106,unsettled,,not_evaluated,,"[0.3439409857046222, -0.642522102943294, 0.42830294546408776, -0.5342532475227891]","[0.46091487754098376, 0.5362532054764465, -0.5361450519689221, 0.46101893510663733]","[459.98012474029264, 6.167970166940768, 39.97497412764729]",7.660000000000893,100.0,0.0,"[50.0, 113.15701720025267, 113.15701720025265]",27
922,2435629658,unsettled,,not_evaluated,,"[0.06889857665360942, -0.9502832120531101, 0.29954207769895674, 0.04989335339424206]","[0.4216936746413918, 0.56777683876604, -0.5675219982815511, 0.42157168737333073]","[459.839668646778, 6.176820891417693, 39.9799626385902]",7.960000000000993,100.0,0.0,"[50.0, 108.93820546462383, 108.93820546462385]",26
923,532196825,unsettled,,not_evaluated,,"[-0.6950144125489437, -0.5621898949957045, 0.04051416346358294, 0.446381104968402]","[-0.6223435846050673, 0.33570782003274935, 0.3357129905386901, 0.6223226737419616]","[459.66792224047407, 3.840661877308218, 39.97374027500334]",9.050000000000423,100.0,0.0,"[50.0, 108.43922660393005, 108.43922660393005]",26
924,1237745114,unsettled,,not_evaluated,,"[0.5054962235886736, -0.15892594248449782, 0.059291712564358896, -0.8459909015847566]","[0.12561906296502912, -0.6958825342319024, -0.6958369532203907, -0.12561164000098624]","[459.7397008444039, 3.8333455147730735, 39.981502730397665]",8.950000000000479,100.0,0.0,"[50.0, 110.34179419148492, 110.34179419148494]",15
925,3654135522,unsettled,,not_evaluated,,"[-0.17188747446428582, -0.802046862922551, -0.5512943459664053, 0.15247973604337633]","[-0.7040934593743295, 0.06461848580947138, 0.06462843538080013, 0.7042016877984676]","[459.8693871008915, 3.8326685431922733, 39.99009257436686]",8.690000000000623,100.0,0.0,"[50.0, 112.3761679696192, 112.37616796961922]",26
926,2381318096,unsettled,,not_evaluated,,"[-0.5170317207267107, -0.3574316863165864, 0.7774632856296821, -0.021717018146083986]","[0.6125926759191733, -0.35317870700665566, 0.353241649430189, 0.6125482441694966]","[459.7954059290578, 6.171423410609178, 39.99255248868304]",9.060000000000418,100.0,0.0,"[50.0, 112.59968120889953, 112.59968120889954]",31
927,4252327569,unsettled,,not_evaluated,,"[-0.5938434617044568, 0.29873492790902884, -0.7069009853476849, -0.24165757333989488]","[-0.03548035560739654, -0.7062937604992926, 0.7061381511601126, -0.0354849224589638]","[459.8368497861415, 6.170731540856608, 39.997946650124476]",7.690000000000903,100.0,0.0,"[50.0, 112.8844836751439, 112.8844836751439]",22
928,448373238,unsettled,,not_evaluated,,"[0.7884541013488514, -0.40302143424833886, 0.28563962431868045, 0.36650219456596705]","[-0.2909640434990714, 0.6444947738960968, -0.6444394056950031, -0.29097124290685616]","[459.82439658483, 6.170682842109549, 39.99556477251803]",7.8300000000009495,100.0,0.0,"[50.0, 109.13105484544202, 109.13105484544202]",17
929,4163985961,unsettled,,not_evaluated,,"[-0.20818845328680213, -0.43720394741641244, -0.3935430195887992, -0.7814308465977562]","[-7.908244457482949e-05, 3.6167969683198464e-05, 0.5511768110388767, -0.834388467927775]","[460.3640042210596, 39.99413695253158, 3.8310890355684295]",5.520000000000178,100.0,0.0,"[50.0, 112.77588199630907, 112.77588199630908]",26
930,1782478245,unsettled,,not_evaluated,,"[0.982926824091041, -0.15458372000973902, -0.09896879710297664, 0.012802702458472474]","[0.7965445436893117, -0.6045798215544972, 0.00011880154888535555, -0.00012318323983623314]","[459.9259244713373, 40.00544265570659, 6.165325747645074]",4.929999999999981,100.0,0.0,"[50.0, 112.73033077818982, 112.73033077818984]",20
931,1354485428,unsettled,,not_evaluated,,"[0.6252493974171248, -0.5377268504911364, 0.15699341782723672, -0.543383926933184]","[-0.16633485366933984, -0.687298801484543, -0.6872051665920135, 0.16643957745065674]","[459.9594343942427, 3.8358628571610875, 39.99282827632545]",9.02000000000044,100.0,0.0,"[50.0, 112.23760945887193, 112.23760945887194]",28
932,1539041800,unsettled,,not_evaluated,,"[0.5189080859766876, -0.3427938742346433, 0.5790952658656788, 0.5271389106745705]","[0.1634765887935968, 0.6879921552620968, -0.6879138136676254, 0.16345269707009347]","[459.8535203846185, 6.1747647279400475, 39.99528857023938]",8.200000000000895,100.0,0.0,"[50.0, 112.5381258885852, 112.53812588858521]",16
933,4907026,unsettled,,not_evaluated,,"[0.8033477739737046, -0.29541706437491144, -0.23093159359111526, -0.4626356138572464]","[-0.1423791246205468, -0.6925911292001675, -0.69264855801914, 0.14242081203086057]","[459.95708247123343, 3.837541481568507, 39.9937004924481]",8.7300000000006,100.0,0.0,"[50.0, 110.98596879190228, 110.9859687919023]",23
934,3726456469,unsettled,,not_evaluated,,"[0.5807768950428274, -0.04906896716112144, -0.23937648823391416, -0.776523876984444]","[-0.3212255619461681, -0.6299525135453881, -0.6299427355758583, 0.3211636949056049]","[459.56582161668103, 3.8322033698100015, 39.989500368214735]",8.39000000000079,100.0,0.0,"[50.0, 111.82790560449035, 111.82790560449035]",23
935,2047942954,unsettled,,not_evaluated,,"[-0.28294765020971263, -0.1436882472102388, 0.5005332941519883, -0.8054568494337921]","[5.974785241808466e-05, 3.793082046527064e-05, 0.9997218630103187, -0.023583714945371852]","[459.9439129995604, 39.988969689235404, 3.832608922171996]",5.080000000000031,100.0,0.0,"[50.0, 108.40204436082655, 108.40204436082657]",22
936,4254301963,unsettled,,not_evaluated,,"[0.3038722453484271, -0.025687035362984778, 0.16983128235100062, -0.9371014727638521]","[-0.17766770544447547, -0.6843736858780012, -0.6844978000278091, 0.17756578014060995]","[459.9318351226992, 3.838215409218776, 39.988436457019716]",8.310000000000834,100.0,0.0,"[50.0, 107.95704040008937, 107.95704040008938]",13
937,1459226125,unsettled,,not_evaluated,,"[0.4604083854515282, 0.5448114214671944, -0.6943530242693504, -0.09528122235162023]","[-0.668603272985189, 0.2301970836568431, -0.23019900414143063, -0.668571151427932]","[459.71720782048413, 6.171205743050592, 39.96686960969442]",8.990000000000457,100.0,0.0,"[50.0, 112.79399262660615, 112.79399262660617]",27
938,1841421639,unsettled,,not_evaluated,,"[0.7090456664466742, 0.46634607542200573, -0.4944423411910551, -0.18788920157686734]","[0.9992097097896665, -0.03974864957519771, 2.087217388715805e-05, 1.68330316339671e-05]","[459.99656157785637, 39.99763353338863, 6.167698544454068]",5.430000000000148,100.0,0.0,"[50.0, 113.13609561392686, 113.13609561392687]",15
939,3160233957,unsettled,,not_evaluated,,"[0.3129738432553121, 0.8901846929444, 0.08598840649996693, -0.3197257885017726]","[0.8562509280797695, 0.5165601049082511, -7.80139262526458e-05, -9.67146912628225e-06]","[460.25049450090023, 39.99531995000582, 6.167244273004673]",4.990000000000001,100.0,0.0,"[50.0, 111.48564692697674, 111.48564692697676]",27
940,3176744478,unsettled,,not_evaluated,,"[0.9411517485950612, -0.005105745018358934, 0.06893140360805404, 0.3308410178331731]","[-0.5464778719213194, 0.44875756664603766, -0.44870384413195596, -0.5464827921714264]","[459.9808616981969, 6.164886544503627, 39.98544775929827]",7.870000000000963,100.0,0.0,"[50.0, 107.82887246345528, 107.8288724634553]",25
941,1176149115,unsettled,,not_evaluated,,"[0.21298006003399966, 0.68283184635136, 0.45358883626869745, -0.5316364653113214]","[0.4078236951157694, -0.5775919064927945, -0.5777030231401549, -0.4078316323078248]","[459.7051472608958, 3.828795692441725, 39.992021191480774]",8.060000000000972,100.0,0.0,"[50.0, 112.82650446564138, 112.82650446564136]",28
942,1821676408,unsettled,,not_evaluated,,"[-0.4913145553095996, 0.46595232564875577, -0.7080044099470261, -0.20056967233111198]","[-0.21191536977295405, -0.6747090403708451, 0.6745410986605288, -0.21178737713492787]","[459.82154595446275, 6.175049513990796, 39.99539067041464]",7.95000000000099,100.0,0.0,"[50.0, 112.88105621679279, 112.8810562167928]",25
943,3127130715,unsettled,,not_evaluated,,"[-0.198134299826156, -0.8317782014430749, -0.12616575606531844, -0.5029612557970933]","[-0.6242853918929746, -0.7811963535851011, 8.13284409246773e-05, -2.485285470754662e-07]","[459.9491668477082, 39.99946307774057, 6.152900851386353]",4.519999999999844,100.0,0.0,"[50.0, 112.74565472922744, 112.74565472922745]",13
944,945943334,unsettled,,not_evaluated,,"[0.10215366597241832, -0.5032207212506908, 0.015334375666051182, 0.8579617655555885]","[-8.287858188238407e-05, -2.465567816445358e-05, -0.8405132597698036, 0.5417909676936087]","[459.5859768596221, 39.98539436354484, 3.8391668180678233]",4.579999999999864,100.0,0.0,"[50.0, 113.14956309636771, 113.14956309636773]",10
945,1696026980,unsettled,,not_evaluated,,"[-0.41595288256800134, 0.11589643483537436, 0.8825609318024368, 0.1861113041484448]","[3.5682516950408256e-05, -8.426915946657678e-06, 0.22000659060344036, 0.9754983847996855]","[459.61926396222134, 39.98103215201911, 3.8317394009420096]",4.819999999999944,100.0,0.0,"[50.0, 111.40879786333295, 111.40879786333296]",18
946,517407065,unsettled,,not_evaluated,,"[0.7637132916041776, -0.009298409402024383, 0.35026757211793114, -0.5421883212798986]","[0.45456870685805634, -0.5415189496910258, -0.5416465322709137, -0.4546906112400131]","[459.5323897952844, 3.837229917730424, 39.9942480957758]",9.160000000000363,100.0,0.0,"[50.0, 113.17920617740073, 113.17920617740074]",23
947,2860701354,unsettled,,not_evaluated,,"[-0.8367152485523688, 0.5350335570810564, 5.9400040692597696e-05, 0.11681901432889721]","[-0.4934223403170546, 0.8697898499808777, 1.0994291353816354e-05, -0.00010404522354540147]","[460.25877540674543, 40.004226379733026, 6.1657774114224315]",4.919999999999978,100.0,0.0,"[50.0, 112.67705426758869, 112.6770542675887]",14
948,2049044537,unsettled,,not_evaluated,,"[0.0987533718354664, -0.901992500056389, 0.3962240127370742, 0.14022779012621636]","[0.41671406562505375, 0.5712692360271944, -0.5712651418923475, 0.4167217118627975]","[459.9057891673003, 6.171744855884985, 39.99498262803057]",8.030000000000989,100.0,0.0,"[50.0, 107.19144839557254, 107.19144839557255]",18
949,3277919375,unsettled,,not_evaluated,,"[-0.9358033684590618, -0.33506737411673654, 0.0347045930592444, -0.10391102734445888]","[-0.9087221372534338, 0.41740157375758125, -4.8451002386012965e-05, 3.380453340334766e-05]","[459.86749787039787, 39.99631886915348, 6.169860106858008]",5.220000000000078,100.0,0.0,"[50.0, 113.08905540370431, 113.08905540370432]",14
950,3767874527,unsettled,,not_evaluated,,"[0.29572191510327905, -0.5850125236040742, -0.7368775949800176, -0.1652885542634663]","[-0.6665028186665819, -0.2361379968791181, -0.23614374951794107, 0.6665200437368911]","[459.78096569843376, 3.842500412383022, 39.99279653873765]",8.39000000000079,100.0,0.0,"[50.0, 112.84347845669541, 112.84347845669541]",37
951,2604283791,unsettled,,not_evaluated,,"[-0.7630191667262589, -0.17467652330325062, -0.5594042469053924, -0.2726843449104938]","[0.5014418270207932, -0.49862260283627946, 0.4984632799200245, 0.5014638098868094]","[459.7716998429108, 6.16923988349477, 39.99859162792341]",7.810000000000943,100.0,0.0,"[50.0, 113.08501709162817, 113.08501709162817]",24
952,1406294563,unsettled,,not_evaluated,,"[-0.15589463678544954, -0.12868922420085716, 0.17568740712833444, 0.963467633484715]","[-7.3389591280781374e-06, -4.5241527740685905e-05, -0.6915014988143061, 0.7223750238185925]","[460.17050926104724, 40.00467794701313, 3.8350472294278943]",4.969999999999994,100.0,0.0,"[50.0, 112.36161764548636, 112.36161764548636]",23
953,44424466,unsettled,,not_evaluated,,"[0.3941199706189341, -0.3608479463958368, -0.7637214424601282, 0.3621985183126224]","[5.879190577101623e-05, -3.380016630954302e-05, -0.15087064261677863, -0.9885535112463366]","[460.0179299453346, 39.97628744795969, 3.836515993007966]",5.570000000000195,100.0,0.0,"[50.0, 112.28019486630674, 112.28019486630673]",21
954,1713030523,unsettled,,not_evaluated,,"[-0.965612442120421, 0.16876771383453884, -0.1626224548640008, 0.11253447277748073]","[-0.8076744048639629, 0.5896287412670108, -5.047382504633213e-05, 2.553266480026517e-05]","[460.1330651418017, 39.98445802336584, 6.1708739690582854]",4.909999999999974,100.0,0.0,"[50.0, 112.80174338964551, 112.80174338964552]",12
955,539293064,unsettled,,not_evaluated,,"[0.3601778551839492, -0.09994546774870804, 0.7619420111283524, 0.5288924160821971]","[-9.118900667626217e-06, -0.00025283582150587014, -0.3957136256260554, 0.9183739230208875]","[459.7981210513677, 40.00902314499987, 3.837536331361406]",5.1500000000000545,100.0,0.0,"[50.0, 109.83318379654501, 109.83318379654503]",20
956,409549919,unsettled,,not_evaluated,,"[-0.12781638378808588, 0.7504596205993281, -0.34172492240734204, -0.5510874769861365]","[-0.695757634689568, -0.12648662280171774, 0.1264519540315212, -0.6956524644856825]","[459.9383925864338, 6.163489765760043, 39.98601715443832]",9.300000000000285,100.0,0.0,"[50.0, 113.17021100517758, 113.17021100517759]",19
957,1998402436,unsettled,,not_evaluated,,"[0.04250734306132721, -0.9165292873697363, -0.17463643493482933, -0.3573084196777952]","[-0.12109676666083401, -0.9926407054206436, 1.030000842783263e-05, -5.4223688933603686e-05]","[459.9756727845334, 39.99365699252756, 6.172483497111511]",4.889999999999968,100.0,0.0,"[50.0, 111.51654287154624, 111.51654287154625]",13
958,1646097515,unsettled,,not_evaluated,,"[-0.2630617164172866, 0.5050333130958403, 0.785657284547487, 0.24183158862418952]","[0.6959822114969684, 0.12472559056940107, 0.12468739339754462, -0.6960641797022954]","[459.6909483128909, 3.8407006157803285, 39.99688070377283]",8.410000000000778,100.0,0.0,"[50.0, 111.4842598923697, 111.48425989236972]",21
959,339018233,unsettled,,not_evaluated,,"[0.6029047267049746, 0.6862009194018124, -0.308242769892203, 0.26574533587269156]","[-0.6984651815886379, -0.10975910004300618, 0.10986728229554271, -0.6985903737864502]","[459.6848688335803, 6.167607169193255, 39.99716296683629]",7.89000000000097,100.0,0.0,"[50.0, 106.56078814163081, 106.56078814163082]",22
960,4191144452,unsettled,,not_evaluated,,"[-0.8802459513021449, -0.08330896156144689, -0.16608516754831343, 0.4366261550344685]","[-0.11881412192902716, 0.6970501379638959, 0.6970738489877908, 0.11871124063076186]","[459.8330262349183, 3.8336757060967384, 39.97603946840195]",8.700000000000617,100.0,0.0,"[50.0, 109.21492264705036, 109.21492264705036]",27
961,2181600747,unsettled,,not_evaluated,,"[0.9275709258668005, 0.08697132850709806, -0.32813304736827575, -0.15613093456815608]","[0.8524625031521454, -0.522788368121976, -1.7366471808305528e-05, 5.073800957006158e-05]","[459.893595882134, 39.99737120552027, 6.164480043292904]",5.100000000000038,100.0,0.0,"[50.0, 112.50525242859682, 112.50525242859683]",19
962,3323234542,unsettled,,not_evaluated,,"[-0.08017064571695091, -0.3550445554208694, -0.9142289434921265, -0.17804906658726002]","[-0.7025452268709693, 0.07938581453610022, 0.07959042305476723, 0.7027043910558846]","[459.85728288451094, 3.836786468606579, 39.996640227471374]",8.410000000000778,100.0,0.0,"[50.0, 106.44632903427117, 106.44632903427116]",21
963,1792986731,unsettled,,not_evaluated,,"[-0.5692068889460848, -0.6151083552423721, 0.2128356235893417, 0.5023407471215919]","[-0.9898430152398714, -0.1421647050113472, -4.272003523580342e-05, -2.2079482877579437e-06]","[460.052571176148, 40.0000367336582, 6.167046897919776]",5.1800000000000646,100.0,0.0,"[50.0, 111.92660582163901, 111.92660582163901]",17
964,3396828661,unsettled,,not_evaluated,,"[-0.4385289352711518, 0.5485884905873648, -0.7022745891188045, 0.11641925271638232]","[-0.38774452172973245, -0.5914221375743774, 0.59123062534536, -0.3877117340360878]","[459.8710814216566, 6.1692537419637015, 39.998620592552754]",7.8300000000009495,100.0,0.0,"[50.0, 112.74879839217152, 112.74879839217154]",26
965,2901089897,unsettled,,not_evaluated,,"[0.4190709948200383, 0.3272250406963257, 0.28175293110921773, 0.7986980404716139]","[-0.07111661340295164, 0.703619516133372, -0.7034418456932634, -0.0709335854302443]","[459.9061711095038, 6.169693126762535, 39.999146395305985]",8.590000000000678,100.0,0.0,"[50.0, 110.67694995727355, 110.67694995727356]",25
966,1777789208,unsettled,,not_evaluated,,"[0.6411688332735277, -0.4390430396314748, 0.5150426975449305, 0.3617661624522945]","[0.03156469811913976, 0.7064640502006747, -0.7063397019985147, 0.03156645351248447]","[459.8574728593318, 6.178458322758536, 39.997675099385]",7.850000000000956,100.0,0.0,"[50.0, 113.11692775720032, 113.11692775720032]",31
967,4293855749,unsettled,,not_evaluated,,"[0.5166972535183565, 0.6321968208504625, 0.5736405816836968, -0.06547985154798126]","[0.7048910536671733, -0.055854781393238864, -0.055841514596196684, -0.7049046539093771]","[459.79743663212906, 3.8328663883237732, 40.000426714813244]",9.030000000000435,100.0,0.0,"[50.0, 112.46970963298892, 112.46970963298892]",28
968,2977016398,unsettled,,not_evaluated,,"[-0.7697554513004683, 0.271934197101798, -0.5773849482776028, -0.012448258604438496]","[0.17062622544869493, -0.6862956090625076, 0.686142516743159, 0.17056809457813876]","[459.5694877984249, 6.167968562805246, 39.99954471823787]",7.7700000000009295,100.0,0.0,"[50.0, 112.47825743223108, 112.47825743223109]",21
969,3277550680,unsettled,,not_evaluated,,"[0.8795958511380817, -0.404251198907489, 0.18305854803349653, -0.17141083639723378]","[0.6110994494057458, -0.7915538164834226, -3.586141776840135e-05, 0.00013137915081021245]","[459.59418233457137, 39.98898254422187, 6.165704064272595]",4.889999999999968,100.0,0.0,"[50.0, 112.82001673933753, 112.82001673933753]",15
970,3168146097,unsettled,,not_evaluated,,"[0.4713364866275963, -0.5102437468845695, 0.132809033664927, -0.707004240238867]","[0.21849527750555134, -0.6724528367405144, -0.6725829899438291, -0.21840127679486293]","[459.8853061580179, 3.8378538457867344, 39.97959341962319]",9.410000000000224,100.0,0.0,"[50.0, 112.8035024728873, 112.80350247288732]",27
971,2312136952,unsettled,,not_evaluated,,"[-0.238977339792555, -0.18809170192532146, -0.5365157169026477, -0.7871862729042902]","[-3.481718836750858e-05, 0.00010282542193254529, 0.3676941451093616, -0.929946774749497]","[460.1267027925398, 39.99759563428157, 3.835808131466223]",5.240000000000085,100.0,0.0,"[50.0, 113.15413147423777, 113.15413147423777]",18
972,4119843294,unsettled,,not_evaluated,,"[-0.6782363959592157, -0.6128690115579294, 0.3186176021708939, 0.25073848818067446]","[-0.9609590903356557, -0.2766904747756833, -8.595641971910484e-05, -2.1935586242916028e-05]","[459.7960417733255, 40.003655032295484, 6.169226673468201]",5.230000000000081,100.0,0.0,"[50.0, 112.96253207249667, 112.96253207249667]",26
973,356519578,unsettled,,not_evaluated,,"[0.2643802208224408, 0.477257519620779, -0.3229105049716565, 0.7733415575166313]","[-0.5183263030889627, 0.48111086876744824, -0.4809614498815341, -0.5182144915069558]","[459.5438279510679, 6.169752002153743, 39.99535972940111]",8.330000000000823,100.0,0.0,"[50.0, 110.84004098426442, 110.84004098426442]",24
974,1943136294,unsettled,,not_evaluated,,"[-0.3629926831460144, 0.45628115459666085, -0.28675605289603895, -0.7601412934908084]","[-0.13838480248290186, -0.6934422486637036, 0.6934252770905849, -0.13837947572469023]","[459.77237382318816, 6.1706476406013895, 39.99062920438309]",8.470000000000745,100.0,0.0,"[50.0, 111.82419236234324, 111.82419236234325]",28
975,3565683129,unsettled,,not_evaluated,,"[-0.547998248022544, -0.8120182559963203, 0.16486811997466025, -0.1146419430615943]","[-0.996495139232478, 0.08365031833932837, 0.00017121684449468782, -0.0001800349010600555]","[459.94505883967406, 40.008955243316436, 6.174555356861018]",5.530000000000181,100.0,0.0,"[50.0, 111.9015664516589, 111.9015664516589]",18
976,1751546072,unsettled,,not_evaluated,,"[-0.3280221644267384, 0.36617063802881317, 0.7613309747857608, -0.42272410662527027]","[5.674210593067941e-05, -1.410760754050333e-06, 0.8805328267072603, 0.4739851662966523]","[459.9889342291486, 39.99147081911971, 3.8270780093629733]",4.779999999999931,100.0,0.0,"[50.0, 112.18150384346627, 112.18150384346627]",25
977,1397927952,unsettled,,not_evaluated,,"[0.904925349199759, -0.2134010861924796, 0.2823914184143395, 0.23627351860397244]","[-0.04396929301678954, -0.9990328715111747, -4.62489841688285e-05, 0.0001441276240220675]","[459.74499281189856, 39.9747467012112, 6.170285313500761]",5.7100000000002415,100.0,0.0,"[50.0, 109.54608926487934, 109.54608926487936]",17
978,4035434587,unsettled,,not_evaluated,,"[-0.6767719944343353, 0.14128449179956656, 0.30945224413417693, 0.652884115694839]","[0.2267144682419436, 0.6697059909219992, 0.669836637302698, -0.2267450439148996]","[459.89179218083854, 3.8380317542274502, 39.987288713346196]",8.500000000000728,100.0,0.0,"[50.0, 112.83265803614977, 112.83265803614978]",27
979,2114130661,unsettled,,not_evaluated,,"[-0.11671079965840357, -0.12666230183669927, -0.982019919426621, -0.07727954700862226]","[1.0793065579439709e-05, -6.375534561121887e-05, -0.3205347165705819, -0.9472367662267879]","[459.91023957331487, 39.9899858042052, 3.835683837636203]",5.380000000000131,100.0,0.0,"[50.0, 112.51354229823387, 112.51354229823389]",19
980,3638443810,unsettled,,not_evaluated,,"[0.059547317185544554, 0.39640322724174526, 0.893284933349204, -0.20337312088779458]","[0.49421423075580345, -0.505709507434529, -0.5056957641262929, -0.49424890728609644]","[459.9460267004261, 3.8322638718143556, 39.99216313473193]",8.110000000000944,100.0,0.0,"[50.0, 104.67808838281158, 104.6780883828116]",25
981,1276054237,unsettled,,not_evaluated,,"[0.19847170397213157, 0.14485266137657626, -0.7549022116539003, 0.6080701769159308]","[1.226939264956095e-05, -3.0307680408070414e-05, -0.9602980498578372, -0.2789760820754018]","[460.3679472617874, 40.000247770308206, 3.8396276004309495]",5.110000000000041,100.0,0.0,"[50.0, 111.06232350368781, 111.06232350368782]",18
982,218439059,unsettled,,not_evaluated,,"[-0.31928362511020086, 0.6061291818978068, 0.5454370968132035, 0.4828703293932732]","[0.43911321793418334, 0.5541328664760964, 0.5542662135886972, -0.4392098730681266]","[459.63166574187375, 3.845523959375142, 39.9929019509966]",8.940000000000484,100.0,0.0,"[50.0, 112.84428368229705, 112.84428368229706]",24
983,2213472531,unsettled,,not_evaluated,,"[0.10514992183552246, 0.24068664568741632, 0.4737389502858386, -0.8405860095836687]","[7.160005400130842e-06, 9.510631178921702e-05, 0.9302241055107667, 0.3669919678006831]","[460.06931926212275, 39.9947634670707, 3.8384634645637625]",5.520000000000178,100.0,0.0,"[50.0, 110.83775889738439, 110.8377588973844]",10
984,787746249,unsettled,,not_evaluated,,"[-0.5694810868307036, -0.2375977186895554, 0.403312307451908, -0.6757054080540255]","[0.573634573173007, -0.413482300683003, 0.4134194157710917, 0.5736376470787131]","[459.8024150702495, 6.173969391667124, 39.966810667758594]",8.250000000000867,100.0,0.0,"[50.0, 112.4595720316165, 112.45957203161652]",27
985,620666044,unsettled,,not_evaluated,,"[0.3512700169167964, -0.04610390148788196, 0.2607949201033328, -0.8980366446482936]","[-0.18991116522759183, -0.6809543496582724, -0.6812707941314299, 0.1900132312943196]","[459.72444020198174, 3.8334183175069354, 39.99758411222515]",8.250000000000867,100.0,0.0,"[50.0, 106.8261249449683, 106.82612494496831]",27
986,1382691233,unsettled,,not_evaluated,,"[0.47408594454505865, -0.6966516414024221, 0.33101000622289733, -0.4246779762319307]","[-0.02089911585375861, -0.9997815883853457, -3.450595755571939e-05, 3.593807885493485e-05]","[460.26074335631375, 40.006723973458755, 6.167253931839603]",4.4999999999998375,100.0,0.0,"[50.0, 112.99896184212648, 112.99896184212649]",21
987,3286462226,unsettled,,not_evaluated,,"[-0.3448778936984663, -0.42718010711039134, 0.8219048655539987, 0.1518182680243951]","[0.5642858168351141, 0.42621051143982497, -0.42616992878031135, 0.5641855268086158]","[459.812244409085, 6.168613755617017, 39.98793194155002]",8.200000000000895,100.0,0.0,"[50.0, 110.92952609645896, 110.92952609645897]",26
988,2525897259,unsettled,,not_evaluated,,"[-0.18660777978837914, -0.7443077658333969, 0.6395441794809863, -0.046548133523710164]","[0.6671591235824783, 0.2340154960040393, -0.23412464049314805, 0.6673238375516023]","[459.6696365308974, 6.167360500230912, 39.999824972217795]",8.340000000000817,100.0,0.0,"[50.0, 113.16723951048235, 113.16723951048235]",32
989,3052397492,unsettled,,not_evaluated,,"[0.3577418947578834, -0.03461281949819094, 0.8397397400760982, -0.4070133393371179]","[-6.260523666987151e-05, 5.577047441129857e-05, 0.9674640078199096, 0.2530086689093412]","[460.35529669815884, 39.98601874645125, 3.836143475296469]",5.640000000000218,100.0,0.0,"[50.0, 112.50183013342122, 112.50183013342124]",19
990,958294864,unsettled,,not_evaluated,,"[-0.030561851898347012, -0.4924964696048103, 0.3778133004972502, -0.7834349434399235]","[0.00020504763706014062, 7.433234333642513e-05, 0.9705765924364442, 0.2407925053747099]","[460.14501217280565, 39.9984053922623, 3.8292692714146717]",5.170000000000061,100.0,0.0,"[50.0, 111.60095018194328, 111.60095018194329]",11
991,2025461898,unsettled,,not_evaluated,,"[-0.3979758930455951, -0.005549041121273697, -0.43366712258227247, -0.8084041213949913]","[8.46004968473868e-05, -0.00014869321546592817, 0.4888975835763764, -0.8723411737997144]","[459.6359119975464, 39.99871411553375, 3.831400760515292]",5.170000000000061,100.0,0.0,"[50.0, 107.4216153293843, 107.42161532938431]",11
992,2542739526,unsettled,,not_evaluated,,"[-0.2306445065743204, 0.9168653108316615, -0.19133692885921558, -0.2637257913731088]","[-0.4617143212324571, -0.5356775405637831, 0.535525408955412, -0.4616080528625198]","[459.95537103721, 6.180433691369465, 39.97718850942257]",8.250000000000867,100.0,0.0,"[50.0, 110.87679116176571, 110.87679116176572]",11
993,662844678,unsettled,,not_evaluated,,"[0.015319791156266027, -0.6766081749749832, -0.37969078318171673, 0.6307151422970638]","[-0.4443114998161841, 0.5499138566096518, 0.5500925519485174, 0.44449997270029173]","[459.9999714843137, 3.838083441055632, 39.97535900165455]",7.930000000000983,100.0,0.0,"[50.0, 112.88825217383817, 112.88825217383818]",32
994,4118277549,unsettled,,not_evaluated,,"[-0.321344111537062, -0.6565169609170431, 0.5522363378719223, 0.4009469654985733]","[0.7054700851174931, -0.04866412875861746, 0.04853685385211212, 0.7053991319775071]","[459.8924498628806, 6.172879555710646, 39.986484676270656]",9.060000000000418,100.0,0.0,"[50.0, 113.02613299857977, 113.02613299857978]",22
995,111249246,unsettled,,not_evaluated,,"[-0.6279501010244584, -0.002943014146429479, -0.6948500248436215, -0.3505045681099255]","[-0.05000674173858729, -0.7054784907986622, 0.7051928744445543, -0.050024340413035676]","[459.5344693767505, 6.175414200728129, 39.98206327554299]",8.020000000000994,100.0,0.0,"[50.0, 112.59564671380784, 112.59564671380785]",25
996,746129938,unsettled,,not_evaluated,,"[-0.47377988456087816, 0.707079339833246, -0.49704674862137505, -0.16886668662404006]","[-0.12596731498595237, -0.6958328187031264, 0.6957607063167781, -0.12596016638791085]","[459.8729919723119, 6.169463142527337, 39.985973037103705]",7.8300000000009495,100.0,0.0,"[50.0, 111.22299951696398, 111.222999516964]",19
997,3176734675,unsettled,,not_evaluated,,"[-0.44694209170526156, 0.4952759132457724, -0.012535065867450861, 0.7448405255787244]","[-0.24594346285047824, 0.66287869001616, 0.6630044923938645, 0.24602580854278117]","[459.68089602768566, 3.8405819403466332, 39.974358511650905]",9.510000000000169,100.0,0.0,"[50.0, 112.88820347747244, 112.88820347747246]",32
998,2924323672,unsettled,,not_evaluated,,"[0.7808029314754367, 0.10050712330818726, -0.580673385897103, 0.20751751558476023]","[-0.27293759437340137, 0.6522827899283299, -0.6523342907082452, -0.27293260103392825]","[459.600718918683, 6.161233723624794, 39.991310377576085]",9.160000000000363,100.0,0.0,"[50.0, 112.99955989012713, 112.99955989012713]",23
999,3932611806,unsettled,,not_evaluated,,"[0.18863484293005242, 0.33663714806484407, 0.7901304930925778, 0.47622067412157004]","[2.071307436735115e-05, -2.5019420075336755e-05, -0.2548077171532693, 0.9669917405149523]","[459.91684215608694, 39.99085109319103, 3.8358463632574695]",5.410000000000141,100.0,0.0,"[50.0, 111.49414339893725, 111.49414339893727]",13
