trial,seed,status,pose_id,match_status,roadmap_pose_id,initial_quat_xyzw,final_quat_xyzw,final_pos_chute_mm,sim_time_s,actual_drop_height_mm,actual_lateral_mm,initial_pos_chute_mm,roughness_impulse_count
0,2684470948,settled,Rf1a_0013,unmatched,,"[0.349089743713377, 0.08400502135107916, 0.056934439305736904, -0.9315782183171066]","[6.990210208168703e-06, -1.5982165334297747e-06, -5.7479284963432405e-05, -0.9999999983223573]","[449.9772262481845, 40.00333560452331, 6.227220684251282]",4.699999999999904,100.0,0.0,"[55.38629967482834, 108.85399913993564, 108.85399913993565]",15
1,4091952314,settled,Rf1a_0013,unmatched,,"[-0.17049489125704653, 0.20532709385459424, 0.2597125984666087, 0.9280741580187418]","[1.100585934060705e-05, -0.0001548403573394875, -6.568243064525432e-05, 0.9999999857945765]","[449.76528932018044, 39.99608312131502, 6.221610137020311]",5.0600000000000245,100.0,0.0,"[55.38629967482834, 119.98553366083091, 119.98553366083091]",25
2,233227757,settled,Rf1a_0004,unmatched,,"[-0.20480810163161187, 0.4982271422400755, 0.5959252640682177, -0.5955639645634782]","[-0.7071440474234308, 0.7070695035537693, 1.2617544666471133e-05, -0.00011479822520532587]","[450.06886352859516, 30.00114551118807, 18.77017146192622]",5.340000000000118,100.0,0.0,"[55.38629967482834, 119.3150875947361, 119.3150875947361]",30
3,3276785861,settled,Rf1a_0008,unmatched,,"[-0.06476159517851178, 0.4273534090302821, -0.8690822779070483, 0.24056390794969013]","[0.20295777387638433, 0.6775021801125837, -0.6772382394876814, -0.2028479848099677]","[449.9091673866383, 19.63872560634075, 39.995688446499344]",4.389999999999801,100.0,0.0,"[55.38629967482834, 110.36126910630033, 110.36126910630034]",24
4,3644269654,settled,Rf1a_0013,unmatched,,"[-0.014279672063401007, -0.3020425176314726, -0.9375844928891162, 0.1717606683803424]","[-0.00015760963768025882, 1.0270085321062439e-07, -0.9999999872407402, -2.60328844360235e-05]","[449.8041511968127, 40.00639605204358, 6.211766974614327]",4.899999999999971,100.0,0.0,"[55.38629967482834, 116.01335648091916, 116.01335648091914]",31
5,1206282609,settled,Rf1a_0004,unmatched,,"[0.5013371598926143, -0.8114746127900386, -0.0032762861669307047, -0.30026533409139416]","[0.7070125301106622, -0.7072010140132458, -8.19143677067702e-05, 3.6540299368281744e-05]","[449.7462884974869, 29.99235873527513, 18.766158730215803]",4.5899999999998675,100.0,0.0,"[55.38629967482834, 118.86097411156753, 118.86097411156754]",34
6,3543069911,settled,Rf1a_0012,unmatched,,"[-0.13404834235336777, 0.26953815910033546, -0.46707971399657333, 0.8313944692346683]","[-7.06718608210477e-05, -0.00021358731268600328, -0.7071336929776435, 0.7070798325802736]","[449.7084425206358, 29.99936073924015, 6.224286688037756]",4.709999999999908,100.0,0.0,"[55.38629967482834, 119.39662459143611, 119.39662459143612]",23
7,3479688010,settled,Rf1a_0012,unmatched,,"[-0.32606207839901974, -0.08560879807848332, -0.6532843717329692, 0.6779190101856776]","[1.9228810747118352e-05, 5.32213946693727e-05, -0.7070922872387317, 0.7071212725729831]","[449.6913497496797, 30.00058797352396, 6.219689708977719]",5.010000000000008,100.0,0.0,"[55.38629967482834, 106.994735214387, 106.99473521438702]",25
8,877132087,settled,Rf1a_0016,unmatched,,"[0.5724358435648497, -0.17574059521237254, 0.22115948882353434, 0.769753810448453]","[0.5001417086735834, -0.5000707539729642, 0.49992408170055386, 0.4998634061439561]","[450.03962442979275, 18.775794248670387, 29.99626550672388]",5.0600000000000245,100.0,0.0,"[55.38629967482834, 122.32619548157938, 122.32619548157939]",18
9,1244265337,settled,Rf1a_0014,unmatched,,"[-0.9163656239680553, -0.3124533183594708, 0.1567298713931644, -0.19514792970686085]","[-0.9364798285205362, 0.018001999183729543, -0.04850368684345931, -0.3468844925362443]","[449.82228256618384, 32.804451992033975, 31.85587796009738]",4.759999999999924,100.0,0.0,"[55.38629967482834, 118.91687987293766, 118.91687987293767]",24
10,2740186692,settled,Rf1a_0007,unmatched,,"[0.6454694822641096, -0.13579899155073316, -0.5987883368552699, -0.45429099595480205]","[0.5000149487695231, -0.4999318702661366, -0.5000581436126227, -0.49999502908120164]","[449.7978908005393, 6.217887936414174, 29.99792201950359]",4.839999999999951,100.0,0.0,"[55.38629967482834, 117.36412806224614, 117.36412806224615]",30
11,3884972972,settled,Rf1a_0004,unmatched,,"[-0.6012548493196739, -0.6463381036093496, -0.20334873870383272, -0.42354333008537154]","[-0.7070948116716538, -0.7071187479852742, -8.336751046555957e-06, -5.9036136019846586e-05]","[450.3561394893702, 29.99332647614389, 18.762131405032594]",4.269999999999761,100.0,0.0,"[55.38629967482834, 114.7942404537098, 114.79424045370982]",28
12,829139639,settled,Rf1a_0015,unmatched,,"[0.5209095300472875, 0.10632951834513299, -0.4095752090978097, 0.7413470463466431]","[0.33556206817312745, 0.33546614347420234, -0.622435570628646, 0.6224423872151632]","[449.8708291653312, 19.65104428376837, 28.47672085357754]",4.879999999999964,100.0,0.0,"[55.38629967482834, 120.35835603183494, 120.35835603183494]",30
13,2545567356,settled,Rf1a_0012,unmatched,,"[-0.20435424223634752, -0.592516211079748, -0.6028523939159808, -0.4936930974172911]","[1.2398780990741098e-05, 3.512139660932778e-05, -0.7071786077099605, -0.7070349463853675]","[450.4763831859241, 30.000101637354824, 6.2310109990492295]",5.130000000000048,100.0,0.0,"[55.38629967482834, 120.85195095704343, 120.85195095704344]",31
14,2718398101,settled,Rf1a_0013,unmatched,,"[0.04456266628605246, 0.22721982493144482, -0.0337641677325857, -0.9722372657478868]","[2.7117184498992586e-06, 6.625034941955602e-05, 5.295856654227168e-06, -0.9999999977877458]","[450.14231947178666, 40.00191036108671, 6.220743879959967]",4.699999999999904,100.0,0.0,"[55.38629967482834, 115.48179917127267, 115.48179917127268]",25
15,176092387,settled,Rf1a_0007,unmatched,,"[0.6150094261867407, 0.09473742193381708, -0.6668593261385558, -0.40998398228323635]","[0.5000514475523589, -0.5000860050404059, -0.49990917408538144, -0.4999533528528333]","[450.37530417903207, 6.228362531239427, 29.999058081066813]",4.5299999999998475,100.0,0.0,"[55.38629967482834, 121.61808959473481, 121.6180895947348]",25
16,3528048386,settled,Rf1a_0011,unmatched,,"[0.05964849127147125, -0.7507736843900195, 0.5184949801332069, 0.4048998492135285]","[-5.5167249998446595e-05, -0.7070777539590754, 0.7071358030436607, 5.354027357100702e-05]","[449.76525034023854, 18.76909276122427, 39.99474789260486]",5.020000000000011,100.0,0.0,"[55.38629967482834, 122.52246706031521, 122.52246706031522]",31
17,569531098,settled,Rf1a_0011,unmatched,,"[-0.11874297779359728, -0.7836385736386496, 0.3947598820333435, 0.4647314565072098]","[-0.0007252180800706135, -0.7069883683116592, 0.7072244431500857, 0.0007128406591794965]","[449.79530186964496, 18.798794162310692, 40.0048473827494]",5.140000000000051,100.0,0.0,"[55.38629967482834, 121.87892454575493, 121.87892454575493]",20
18,1337295874,settled,Rf1a_0008,unmatched,,"[0.7540801171321847, 0.10513828949510484, 0.3578000943176255, 0.5406368555086236]","[0.6773427466678452, -0.2026414201018226, -0.20268651716158737, 0.6775407250907368]","[450.0073606603994, 19.650224740568074, 39.99346348045894]",4.299999999999771,100.0,0.0,"[55.38629967482834, 121.71423624486434, 121.71423624486434]",20
19,612016888,settled,Rf1a_0014,unmatched,,"[0.12009615038615984, 0.8091503209928758, -0.26528910017446583, -0.5103668935463713]","[0.01789541705631047, 0.9364692430163577, -0.34691055201019344, 0.04856109385849425]","[450.4188566089612, 32.796611751466976, 31.861212876501426]",4.739999999999918,100.0,0.0,"[55.38629967482834, 121.0380105291713, 121.03801052917132]",30
20,232150720,settled,Rf1a_0016,unmatched,,"[-0.5359830145526445, 0.08906100796225318, -0.8028613047566096, -0.24536517743217254]","[-0.49977623017277967, 0.5001090871388328, -0.4999477589408996, -0.5001668312127668]","[450.0843084021709, 18.783935183429428, 29.994251091366973]",4.479999999999831,100.0,0.0,"[55.38629967482834, 117.74717783572407, 117.74717783572409]",21
21,2324106676,settled,Rf1a_0013,unmatched,,"[-0.04500258594739219, 0.0025524340432222146, -0.32651812985035056, -0.944115545480283]","[-1.170957899127023e-05, 4.813076728094379e-05, -7.184365426419798e-05, -0.9999999961924022]","[449.74061221504957, 40.00368341694988, 6.2275452674072955]",4.769999999999928,100.0,0.0,"[55.38629967482834, 122.83576613865637, 122.83576613865638]",17
22,1658700540,settled,Rf1a_0013,unmatched,,"[0.3856602856164407, 0.1640545618070452, -0.897042914685939, -0.1402364220176025]","[2.4192829569315502e-05, 2.3364250318513857e-05, -0.9999999990096283, 2.9147250399406326e-05]","[450.27342434674875, 39.99098579241947, 6.219620188466321]",4.759999999999924,100.0,0.0,"[55.38629967482834, 121.03064057773868, 121.0306405777387]",30
23,609942288,settled,Rf1a_0018,unmatched,,"[-0.6615657420037585, 0.6011805735348285, -0.4450209339615182, 0.05356356361715848]","[-0.6772839498447556, 0.6773809988579338, -0.20298633082029197, -0.2030713745682285]","[450.30442008968544, 27.12506622581588, 19.646625614088066]",4.399999999999804,100.0,0.0,"[55.38629967482834, 114.93786951081962, 114.93786951081964]",43
24,3405943863,settled,Rf1a_0006,unmatched,,"[0.7845222555156509, 0.5211125294606916, 0.14359868610630752, -0.30388481302667647]","[0.6774698134702516, 0.6773182426175799, 0.20283971015044006, -0.2028070561891307]","[449.9784734782129, 28.485660002221504, 19.644963502612455]",5.110000000000041,100.0,0.0,"[55.38629967482834, 109.41077226068973, 109.41077226068971]",38
25,2257503667,settled,Rf1a_0004,unmatched,,"[0.6034227644478223, 0.39225425648930207, -0.5079168677173587, -0.4733265480620753]","[0.7071413344571533, 0.707072215033669, -3.693903738019588e-05, -0.00012027071565687275]","[449.65954427410406, 30.004297546071083, 18.772690658628566]",5.230000000000081,100.0,0.0,"[55.38629967482834, 118.88370321559746, 118.88370321559748]",34
26,4018327298,settled,Rf1a_0017,unmatched,,"[-0.7659205575247773, -0.2830695053767261, 0.5022718464389246, -0.28453531759966677]","[-0.6225045581110153, -0.622522273240111, 0.33541823524239, -0.33533371723978916]","[449.84465241393093, 19.65482907597772, 27.11907040914207]",4.679999999999898,100.0,0.0,"[55.38629967482834, 107.94387561465223, 107.94387561465224]",27
27,2224437599,settled,Rf1a_0009,unmatched,,"[-0.6123369115304546, 0.06270447467512338, 0.5201098551092568, -0.5921126533450277]","[-0.6773719994352261, -0.20255821268877633, -0.20267904799850267, -0.6775385954732568]","[450.35352839781433, 19.65114867823549, 39.99630272461757]",5.210000000000075,100.0,0.0,"[55.38629967482834, 122.715186811241, 122.71518681124101]",34
28,168388230,settled,Rf1a_0017,unmatched,,"[0.611570761245609, 0.02118769316912591, 0.654066567917755, 0.44466752791262565]","[0.6225607006715612, -0.6225040891678937, 0.33536382013202026, 0.3353176719098529]","[450.4234345437173, 19.65697129733787, 27.129917297861308]",4.579999999999864,100.0,0.0,"[55.38629967482834, 120.57362729728396, 120.57362729728398]",29
29,911875363,settled,Rf1a_0004,unmatched,,"[0.4179313099460675, -0.6409283940444419, -0.2553852315313794, 0.59103519132962]","[0.7070450058316968, -0.70716855111635, -7.177681027314975e-08, -6.360269677874175e-06]","[450.22673245301223, 30.00334451238726, 18.77380098477182]",5.070000000000028,100.0,0.0,"[55.38629967482834, 122.53580292841065, 122.53580292841066]",26
30,3699796293,settled,Rf1a_0011,unmatched,,"[-0.30739590938505207, 0.5248451890741236, -0.7006219887471803, 0.37306046598779463]","[0.0007520418946379986, 0.7071263333502136, -0.7070864007116783, -0.000777845920013285]","[449.64875782011285, 18.79056124445401, 39.99886374662039]",4.609999999999874,100.0,0.0,"[55.38629967482834, 114.09612647123426, 114.09612647123427]",20
31,3195154224,settled,Rf1a_0017,unmatched,,"[0.12201026212475458, -0.7550394894311968, 0.42152916537896845, 0.48717761450074515]","[0.6226012008800668, -0.6224484674936496, 0.335413942732726, 0.33529559644885504]","[450.07040588596595, 19.648869124985804, 27.122652827272006]",4.579999999999864,100.0,0.0,"[55.38629967482834, 119.21441336554292, 119.21441336554294]",19
32,3621210587,settled,Rf1a_0012,unmatched,,"[-0.19518508667563716, -0.23685537345835786, 0.3018603443143305, -0.9025977213209435]","[7.342523225400965e-06, -4.3831016019263425e-05, 0.7071066529045961, -0.7071069080718901]","[449.8011969543165, 29.998182969751987, 6.213136870785245]",4.599999999999871,100.0,0.0,"[55.38629967482834, 117.81577514304281, 117.8157751430428]",17
33,1945778437,settled,Rf1a_0007,unmatched,,"[0.5994480898969989, 0.5232689771236637, 0.5614537647935656, -0.22720307017715616]","[0.49993367219213436, 0.500036739559429, 0.5000022301918989, -0.5000273515542835]","[450.33633870856863, 6.223857921610242, 29.99528289231744]",4.809999999999941,100.0,0.0,"[55.38629967482834, 113.64997141093627, 113.64997141093626]",25
34,2384190687,settled,Rf1a_0004,unmatched,,"[0.6271519910898339, 0.7556355349822913, 0.01241359428343946, -0.18852379431002778]","[0.707055411713705, 0.7071581369259241, -9.733641602169274e-05, -6.83479434199219e-05]","[450.0846187173583, 29.998971216928386, 18.768834215938238]",4.729999999999914,100.0,0.0,"[55.38629967482834, 111.1156353134987, 111.11563531349871]",20
35,3249086786,settled,Rf1a_0015,unmatched,,"[-0.1597703233753325, 0.4897195982284835, -0.5779003828038035, -0.6329923431090553]","[-0.3352844691137705, 0.33538332992095643, -0.6225336425892871, -0.6225385213998742]","[450.3136744054396, 19.658102374394954, 28.47528761715433]",4.949999999999988,100.0,0.0,"[55.38629967482834, 114.32238977556123, 114.32238977556125]",25
36,439485575,settled,Rf1a_0017,unmatched,,"[0.5212781417789312, 0.09256863769634534, -0.808698544051474, 0.25633339826790696]","[0.6225235433272214, 0.6224485963413054, -0.3354802901196703, 0.33537316210049023]","[450.2358024304501, 19.647809999457955, 27.122609267074637]",4.919999999999978,100.0,0.0,"[55.38629967482834, 117.8842391600648, 117.8842391600648]",31
37,2217192537,settled,Rf1a_0012,unmatched,,"[-0.21740486374478168, -0.112592853649051, -0.6073056375673959, 0.7558027765932958]","[-0.00010483851526155163, 2.457670203126483e-05, -0.7070345629357122, 0.7071789838641828]","[450.18731472887254, 30.00430702251721, 6.220000187134868]",4.809999999999941,100.0,0.0,"[55.38629967482834, 108.39348180487355, 108.39348180487355]",32
38,3412522237,settled,Rf1a_0008,unmatched,,"[-0.24621569511367875, -0.5467507847628059, 0.7917514866850981, -0.11649461005935267]","[-0.20312593351397992, -0.6771511819687583, 0.6774113731706555, 0.20327312510864484]","[449.82546625956894, 19.66109845294243, 39.99679994436286]",4.309999999999774,100.0,0.0,"[55.38629967482834, 122.3145634569055, 122.31456345690552]",20
39,555567425,settled,Rf1a_0007,unmatched,,"[-0.4612726253349569, -0.6958366341102525, -0.5223568792301665, 0.17373034987483388]","[-0.4999285860022998, -0.4999849495961345, -0.50004940305742, 0.500037052204144]","[449.95627914082445, 6.224914358793946, 29.999116121792504]",4.809999999999941,100.0,0.0,"[55.38629967482834, 118.57408243132376, 118.57408243132377]",25
40,3399977417,settled,Rf1a_0008,unmatched,,"[0.8655048205669646, 0.02649245432845738, 0.32018421698658933, 0.38429366717613994]","[0.6774365825589485, -0.20287659737433011, -0.20299325526662104, 0.6772846529819847]","[450.3857463945975, 19.65355339189035, 39.99000250555994]",4.359999999999791,100.0,0.0,"[55.38629967482834, 117.89917027947651, 117.89917027947652]",29
41,2903099886,settled,Rf1a_0014,unmatched,,"[-0.9275430186800664, -0.235950465654843, 0.17719537592713272, -0.22933191013283477]","[-0.9363102837025911, 0.018051820568732984, -0.048168616242200125, -0.34738590762470406]","[450.0887367555815, 32.80131111865848, 31.86825135209156]",4.729999999999914,100.0,0.0,"[55.38629967482834, 116.66296993840456, 116.66296993840457]",28
42,151712926,settled,Rf1a_0006,unmatched,,"[0.7767554207616434, -0.4945431487690227, -0.02057994009867571, -0.3894284997127939]","[0.6773838005110422, -0.6772737183158064, -0.2030171321628505, -0.20306536221687374]","[450.0991772814984, 28.476926979718062, 19.64732451535152]",4.599999999999871,100.0,0.0,"[55.38629967482834, 111.2354210480011, 111.23542104800111]",24
43,1207582415,settled,Rf1a_0005,unmatched,,"[-0.43303184102989717, 0.26753182802764564, -0.22157253360287404, 0.831754626076253]","[-0.707030799135941, -4.170504671682418e-05, -2.0652583067209604e-05, 0.707182753542076]","[449.95987920040545, 6.224796587585721, 39.99009569456327]",5.1500000000000545,100.0,0.0,"[55.38629967482834, 116.86180262756987, 116.86180262756987]",39
44,2486821540,settled,Rf1a_0013,unmatched,,"[0.1594260365462531, -0.38474526354833694, 0.9006348849824816, 0.12414195503884198]","[-2.5289290286856223e-05, -8.39924912164336e-05, 0.9999999955889267, 3.358362429268203e-05]","[450.3074298072132, 39.998559003898215, 6.22619972109786]",4.939999999999984,100.0,0.0,"[55.38629967482834, 114.39652354434789, 114.3965235443479]",16
45,1259821421,settled,Rf1a_0012,unmatched,,"[-0.32259113934371036, 0.05897052116106503, -0.5412481782532801, -0.7742789187291779]","[-1.319904321628318e-05, 9.18875165142885e-06, -0.7070715940752689, -0.7071419663640467]","[450.0336418250656, 29.995442203415497, 6.21969734532628]",5.1200000000000445,100.0,0.0,"[55.38629967482834, 108.2428903769782, 108.24289037697821]",39
46,597594931,settled,Rf1a_0005,unmatched,,"[-0.17871979468227023, -0.894261750835104, -0.36951140635140683, -0.17837173699402925]","[-5.826782655446327e-06, -0.7071293333940694, -0.7070842251147569, -6.643471800676157e-05]","[450.3974546435789, 6.228103689674986, 39.99611088932717]",4.839999999999951,100.0,0.0,"[55.38629967482834, 116.49474149849759, 116.4947414984976]",36
47,2865206418,settled,Rf1a_0012,unmatched,,"[-0.02304740513733, -0.04508619876411423, 0.7730641006988977, 0.632303683373775]","[6.107040699046551e-05, -8.441614791449004e-05, 0.7071565232554885, 0.7070570279415439]","[449.75888450311953, 29.998372783422912, 6.2263380073965395]",4.739999999999918,100.0,0.0,"[55.38629967482834, 110.10747769058557, 110.10747769058558]",31
48,3003750881,settled,Rf1a_0012,unmatched,,"[-0.3199398432093655, 0.16753826196273716, 0.4776615276337274, -0.8008800737465539]","[1.644222842817067e-05, 4.467607566940868e-05, 0.7071032138601222, -0.7071103468924691]","[449.7623753746584, 30.000506473674257, 6.2278224738529575]",4.459999999999824,100.0,0.0,"[55.38629967482834, 113.76757421465018, 113.7675742146502]",21
49,3312495928,settled,Rf1a_0012,unmatched,,"[-0.0645330648177024, -0.0038038643413784616, 0.42946817366907813, -0.9007652868348409]","[3.217366127988841e-05, 2.9867827770535538e-05, 0.7071173157087137, -0.7070962451446563]","[450.4981611994223, 30.00471467155685, 6.2285559731197395]",4.669999999999894,100.0,0.0,"[55.38629967482834, 121.2692914632492, 121.2692914632492]",19
50,3078168926,settled,Rf1a_0013,unmatched,,"[0.0747193812888315, 0.25057809186231017, 0.15564422601431893, 0.9525767732035362]","[-9.019934842807721e-05, -9.545684438405754e-05, -4.994948886655127e-05, 0.9999999901285584]","[449.8891874110403, 40.00660726529652, 6.218806512668832]",4.759999999999924,100.0,0.0,"[55.38629967482834, 120.58796907292837, 120.58796907292837]",27
51,1005097259,settled,Rf1a_0017,unmatched,,"[-0.6801311659388386, -0.5348920800158797, 0.3007708324979351, -0.40105980373687483]","[-0.6225939523062054, -0.6224444571733353, 0.33537661727510404, -0.3353538323488176]","[450.03394867827694, 19.645929279931917, 27.11600450274314]",4.569999999999861,100.0,0.0,"[55.38629967482834, 108.6838375746618, 108.6838375746618]",30
52,1646080115,settled,Rf1a_0017,unmatched,,"[-0.5522257028074862, -0.16147308682972467, 0.6507326016280868, -0.495500046989705]","[-0.6225712420146176, -0.6225749630798726, 0.3352640947183936, -0.3352662386151158]","[450.3117100668818, 19.647908362940086, 27.11913597527945]",4.549999999999854,100.0,0.0,"[55.38629967482834, 114.6610061919044, 114.66100619190442]",26
53,2175304393,settled,Rf1a_0017,unmatched,,"[0.4635177847490668, -0.3631238729793856, 0.7637832286457282, 0.2644380754227277]","[0.6225288450176574, -0.6224199682888466, 0.33540177737111243, 0.335494959623228]","[449.73894403967154, 19.653037340501456, 27.122465829652562]",4.539999999999851,100.0,0.0,"[55.38629967482834, 114.00501800498849, 114.0050180049885]",33
54,3907648593,settled,Rf1a_0018,unmatched,,"[-0.5606148293844427, 0.6692917164969598, 0.42495561750449845, -0.23910737013771846]","[-0.6772877210032462, 0.6774764354973603, -0.20287584316597768, -0.20285071994871978]","[449.9180075177566, 27.12738627672989, 19.640776717348277]",4.839999999999951,100.0,0.0,"[55.38629967482834, 112.85893304711686, 112.85893304711688]",30
55,1971688097,settled,Rf1a_0004,unmatched,,"[-0.7670451610843334, -0.5854990613356909, 0.19452063009749831, 0.17605196533582376]","[-0.707133103260901, -0.7070804544304138, -5.370633363346866e-05, -4.848419693609385e-05]","[449.7133900096458, 30.008330305903105, 18.77681242285073]",4.699999999999904,100.0,0.0,"[55.38629967482834, 112.0707918185692, 112.07079181856922]",25
56,268300483,settled,Rf1a_0013,unmatched,,"[0.16069949385948554, -0.1473121650444817, 0.9459423078805231, -0.2401415184112949]","[-9.756059953257927e-06, -6.2396527035213376e-06, 0.9999999988815181, -4.585684057484167e-05]","[449.6252313959739, 40.00066512593465, 6.221238900605521]",4.719999999999911,100.0,0.0,"[55.38629967482834, 122.17141503342609, 122.17141503342609]",22
57,3139098279,settled,Rf1a_0017,unmatched,,"[0.8218696626780811, -0.0530459906765047, 0.5409598824621232, 0.1705250304475304]","[0.622470141237342, -0.6225076656444931, 0.33536165661895734, 0.3354812792863355]","[450.20575665380295, 19.6489608376742, 27.1270029449157]",4.629999999999881,100.0,0.0,"[55.38629967482834, 114.35228943648781, 114.35228943648782]",26
58,3174456534,settled,Rf1a_0011,unmatched,,"[0.08486702368824024, 0.578487481595668, -0.8085728801483829, 0.06602817138123637]","[0.0006179745043014202, 0.7072229311484315, -0.7069900447234434, -0.0006484036372110322]","[449.7130203427454, 18.78708749642057, 40.002021163650234]",4.569999999999861,100.0,0.0,"[55.38629967482834, 118.06108172376794, 118.06108172376793]",21
59,997026310,settled,Rf1a_0012,unmatched,,"[0.11339847940532417, -0.26350367621587667, -0.34201138662076364, 0.8948378673877303]","[5.007951993207804e-06, 2.027607053103897e-05, -0.7070720914952539, 0.707141468867672]","[450.0455347617879, 30.001662907568914, 6.223695558517768]",4.689999999999901,100.0,0.0,"[55.38629967482834, 122.56539265321612, 122.56539265321614]",38
60,4280428995,settled,Rf1a_0013,unmatched,,"[0.040082764222048275, -0.3945078544329628, 0.8849169822152643, -0.24429256924853357]","[0.0001079522344109527, 4.561675628772521e-05, 0.9999999923738248, -3.895865928420417e-05]","[450.3182172263663, 39.99804083522712, 6.2103799627350185]",4.519999999999844,100.0,0.0,"[55.38629967482834, 111.96521971030556, 111.96521971030558]",22
61,345698675,settled,Rf1a_0012,unmatched,,"[0.1799933627723881, -0.12901717489034167, -0.7131556542542776, -0.6651059845967076]","[-1.9065825986042118e-06, 7.527062346363023e-05, -0.707173911362905, -0.7070396406273048]","[450.3688570828146, 30.002971676898103, 6.226312947330184]",4.729999999999914,100.0,0.0,"[55.38629967482834, 105.69281264937395, 105.69281264937396]",31
62,2296661869,settled,Rf1a_0012,unmatched,,"[0.17970682933787863, 0.07114079317206774, 0.5188104045949198, -0.8327545899724789]","[-7.200258831280283e-05, 3.2443702953133264e-05, 0.7070861419064699, -0.7071274154541437]","[450.1487239751441, 29.999748424353108, 6.211539800093634]",4.829999999999948,100.0,0.0,"[55.38629967482834, 116.07294265027778, 116.0729426502778]",21
63,1808063307,settled,Rf1a_0005,unmatched,,"[0.2033581204969602, 0.7445317657791194, 0.5727615353710702, -0.2761560214319879]","[-2.9708040825532514e-05, 0.7071086795324799, 0.7071048806301607, 4.7289227242075404e-05]","[449.8149230437399, 6.236352096501755, 39.99781499635246]",5.100000000000038,100.0,0.0,"[55.38629967482834, 122.38004414853116, 122.38004414853116]",31
64,3884888703,settled,Rf1a_0004,unmatched,,"[0.6793004957295425, 0.4230084733751552, -0.5069137185358015, -0.32039530257889964]","[0.7070998481451162, 0.707113702719278, 0.00011500188774019038, 5.4353953030078506e-05]","[450.47634207539414, 29.995609977501857, 18.770488257507917]",5.0300000000000145,100.0,0.0,"[55.38629967482834, 120.86483084483451, 120.86483084483453]",25
65,2494461129,settled,Rf1a_0004,unmatched,,"[0.6988770933263098, 0.586695007864493, -0.028007765136989552, -0.40813642481734236]","[0.7071237914033243, 0.7070897589139598, -0.0001183157222096054, -4.9716961268708726e-05]","[450.38870703418854, 29.99480248225078, 18.76903755980555]",4.649999999999888,100.0,0.0,"[55.38629967482834, 112.54677966464989, 112.54677966464989]",30
66,3862701690,settled,Rf1a_0015,unmatched,,"[0.32442249600288015, -0.49395592226430945, -0.12500221364868, 0.7969517159340374]","[0.33544736359464455, -0.33549708528351585, 0.6225616553578304, 0.6223614362263988]","[449.8790610603865, 19.646403509217187, 28.471019873388162]",5.640000000000218,100.0,0.0,"[55.38629967482834, 121.39820315847217, 121.39820315847217]",33
67,1989052338,settled,Rf1a_0006,unmatched,,"[-0.42870128489106196, -0.8600027388149851, 0.11578295519546317, 0.25140565795081565]","[-0.6773373175821836, -0.6772837018250742, -0.20302744331879657, 0.20317677700005243]","[450.21075389419843, 28.482655842876326, 19.6485727345843]",4.889999999999968,100.0,0.0,"[55.38629967482834, 120.90518632985446, 120.90518632985446]",26
68,2910179760,settled,Rf1a_0018,unmatched,,"[0.6874480246775395, -0.6293776814475954, 0.0713303005926424, -0.35526178471651215]","[0.6773768977270543, -0.6772718407241707, 0.2030403057096004, 0.20307148112208534]","[449.763411407977, 27.131455772546012, 19.648301491140252]",4.439999999999817,100.0,0.0,"[55.38629967482834, 109.09557401491989, 109.0955740149199]",31
69,1983180500,settled,Rf1a_0005,unmatched,,"[0.5537040183723525, -0.21712226630328488, -0.041601373278368714, -0.8028319296434271]","[0.7071019938999432, 2.736956493925691e-05, -9.973275174245016e-05, -0.7071115608777798]","[450.2025438919513, 6.229114364825486, 39.99594093319113]",5.040000000000018,100.0,0.0,"[55.38629967482834, 121.21315468708517, 121.21315468708517]",33
70,2796940620,settled,Rf1a_0007,unmatched,,"[0.6429623651661133, 0.4498104375355989, 0.5600263962080593, -0.2657826232360657]","[0.4999438390283822, 0.5000055712300696, 0.5000623742736996, -0.49998820825316026]","[450.1348161092524, 6.22620855228316, 29.99805519325904]",4.879999999999964,100.0,0.0,"[55.38629967482834, 108.84297003822056, 108.84297003822057]",28
71,2835193311,settled,Rf1a_0001,unmatched,,"[-0.03739039526881122, -0.9208521173882708, -0.08934805188513095, -0.3776906960298498]","[6.344141654684524e-05, -0.9999999933898112, -4.235284278220064e-05, 8.603372048694729e-05]","[450.0292142185482, 40.0021960520453, 18.762652239521053]",4.489999999999834,100.0,0.0,"[55.38629967482834, 116.89964022858454, 116.89964022858456]",28
72,1671370085,settled,Rf1a_0007,unmatched,,"[-0.8264346652783222, -0.1321621962163896, -0.3527524311990733, 0.41845503964071346]","[-0.49998140428959753, -0.500097640156441, -0.5000192556361649, 0.49990168000079427]","[449.65685475788274, 6.226005485557938, 29.992057011256993]",5.270000000000095,100.0,0.0,"[55.38629967482834, 118.96950325582866, 118.96950325582867]",39
73,3953588250,settled,Rf1a_0017,unmatched,,"[0.4702031123833249, 0.021406761150447595, -0.8422546634947904, 0.26278863275141723]","[0.622570517874447, 0.6225127237761267, -0.33523209611457055, 0.33541511704901195]","[449.9183119407828, 19.658752322448063, 27.11864201110877]",4.839999999999951,100.0,0.0,"[55.38629967482834, 120.89393928618824, 120.89393928618826]",34
74,358542842,settled,Rf1a_0013,unmatched,,"[0.10735659184234503, 0.2029367794254412, -0.02907667244048502, -0.9728544458778069]","[-7.477811148515201e-06, -0.0001655246738255477, -6.253358285531115e-06, -0.99999998625328]","[449.92814098088036, 40.00367778875282, 6.2192351182414995]",4.629999999999881,100.0,0.0,"[55.38629967482834, 115.9527403486574, 115.95274034865741]",16
75,3497188667,settled,Rf1a_0012,unmatched,,"[0.2919765679122567, -0.048747198747361525, 0.9150532874671483, 0.2739541485358981]","[-3.998663931178981e-05, 7.140639205316379e-06, 0.7071156332522106, 0.7070979278433824]","[449.63749178687874, 30.00436134365078, 6.216937211744688]",4.819999999999944,100.0,0.0,"[55.38629967482834, 121.64359779149012, 121.64359779149014]",24
76,253549709,settled,Rf1a_0016,unmatched,,"[0.30010673307083396, 0.5155344203869836, -0.6703577212910298, 0.44133970551866974]","[0.5000634199314857, 0.5000664908689405, -0.49992331761290076, 0.4999467544282703]","[450.0159386538845, 18.77166393061611, 29.996018592995366]",4.809999999999941,100.0,0.0,"[55.38629967482834, 117.27989168542652, 117.27989168542653]",19
77,1953331372,settled,Rf1a_0013,unmatched,,"[-0.14150696466078264, -0.1808100534266529, 0.05662958103217592, -0.971636039926712]","[4.515544347716283e-05, -7.381453235015676e-05, 6.338890653857984e-05, -0.9999999942471237]","[450.16888543170114, 40.01024743401313, 6.222569320814088]",4.749999999999921,100.0,0.0,"[55.38629967482834, 113.73313750190027, 113.73313750190029]",18
78,890775398,settled,Rf1a_0013,unmatched,,"[0.6001554371354401, -0.15560007509735826, -0.7567404099813465, 0.2072342148578009]","[-7.410759006059656e-05, -7.713352835581055e-05, -0.999999992652689, -5.703600652675242e-05]","[450.3955344315584, 40.007019498680876, 6.226516555756078]",4.549999999999854,100.0,0.0,"[55.38629967482834, 122.40046988343721, 122.40046988343722]",28
79,642810498,settled,Rf1a_0003,unmatched,,"[0.2022732219215205, -0.9256380572142716, -0.08491884377451847, -0.3083318353690952]","[-6.877769128799116e-05, -0.9579055806824246, -3.4902270286685244e-06, -0.28708342647201784]","[449.88451099864693, 40.002470775638216, 19.646220113918616]",4.549999999999854,100.0,0.0,"[55.38629967482834, 120.27928198496375, 120.27928198496373]",27
80,1233062494,settled,Rf1a_0005,unmatched,,"[0.6484705890085933, -0.1699505138861542, -0.1394193506500166, -0.7288106494042248]","[0.7071576306071434, 2.9606744002117754e-05, -2.1191268213065765e-05, -0.7070559271715793]","[450.4196392544074, 6.229625436547294, 40.00335482552713]",4.959999999999991,100.0,0.0,"[55.38629967482834, 122.11061018612659, 122.11061018612659]",39
81,908446902,settled,Rf1a_0016,unmatched,,"[0.22250656114612832, 0.8486682401872814, -0.3923837536671801, 0.2762028931825312]","[0.5000681609393296, 0.5001122418130152, -0.49981390915700663, 0.500005636184942]","[450.369633583587, 18.778747180247997, 30.00037461536323]",4.829999999999948,100.0,0.0,"[55.38629967482834, 115.77251873046745, 115.77251873046747]",19
82,3109591194,settled,Rf1a_0018,unmatched,,"[-0.7393603768084694, -0.47008268318612156, -0.4348076896123711, -0.2081124148822611]","[-0.6773622713654345, -0.6773771687699007, 0.20291218357042262, -0.2028969450696984]","[449.6551935733997, 27.13187251939932, 19.647400424565024]",4.579999999999864,100.0,0.0,"[55.38629967482834, 118.47983512506731, 118.47983512506732]",27
83,2446198906,settled,Rf1a_0011,unmatched,,"[0.46838088924676186, -0.6025678945606854, 0.5917783634461127, -0.25947956295276087]","[-0.00017428258908921512, -0.7070609390880158, 0.7071525875019355, 0.00012661307085214504]","[449.9750012190028, 18.776696765441844, 39.99996971482262]",4.679999999999898,100.0,0.0,"[55.38629967482834, 118.83210879252464, 118.83210879252465]",28
84,3358664237,settled,Rf1a_0012,unmatched,,"[0.024765616581336785, 0.0070959192151057865, -0.5881586200781739, -0.8083351716915311]","[-8.238123536136177e-05, 8.481954732372787e-05, -0.7071097891997921, -0.7071037632743883]","[450.300799956341, 30.000091768800683, 6.220400930019439]",4.739999999999918,100.0,0.0,"[55.38629967482834, 113.72081616069433, 113.72081616069434]",27
85,896344283,settled,Rf1a_0007,unmatched,,"[-0.38634312381259117, -0.4288502954339026, -0.23248445573040505, 0.7828009917167457]","[-0.4999758658972009, -0.49993003844051687, -0.5000418600492218, 0.500052225656203]","[449.69449022020825, 6.223715330937539, 29.99711717269264]",4.859999999999958,100.0,0.0,"[55.38629967482834, 116.53812516543066, 116.53812516543066]",26
86,1869944201,settled,Rf1a_0007,unmatched,,"[0.670371325755256, 0.3999286459601908, 0.031112881082000495, -0.6242526350576072]","[0.49998961792823143, 0.4999469940987409, 0.5000563695364459, -0.5000070122924719]","[449.94663609280656, 6.229430902972547, 30.001454079523114]",5.070000000000028,100.0,0.0,"[55.38629967482834, 122.24957061324315, 122.24957061324316]",37
87,3190319407,settled,Rf1a_0005,unmatched,,"[-0.4447457840659689, 0.06240244522790489, 0.13797312136129672, 0.8827630147253258]","[-0.7071416652440726, 0.00014604615313308736, -7.998105722954668e-05, 0.7070718758014575]","[450.09728402206963, 6.225954522850074, 40.004094093833224]",5.000000000000004,100.0,0.0,"[55.38629967482834, 114.1325641945926, 114.13256419459262]",41
88,987968938,settled,Rf1a_0002,unmatched,,"[-0.8775247888270632, -0.11605795115981574, -0.46151621007641014, -0.05902190104792356]","[-0.9580101219937059, -6.364936488381657e-06, 0.286734279969939, 0.0002425019856482913]","[450.10318790464487, 40.00578497009956, 19.640507277436125]",4.489999999999834,100.0,0.0,"[55.38629967482834, 119.12147079231347, 119.12147079231349]",27
89,48960437,settled,Rf1a_0007,unmatched,,"[0.2114012471439735, 0.6114095541866983, 0.6451706556466325, -0.406500547167762]","[0.5000159697504565, 0.49998274133471343, 0.5000056637969835, -0.49999562451372864]","[449.68829691574047, 6.230393706470771, 30.00213331749256]",4.659999999999891,100.0,0.0,"[55.38629967482834, 121.50357040987836, 121.50357040987836]",36
90,2405484524,settled,Rf1a_0008,unmatched,,"[-0.3417230195255686, -0.4212427763487342, 0.8142340509593118, 0.20688840363521335]","[-0.2027756380889614, -0.6773874888741315, 0.6774676529319184, 0.20264700773840935]","[449.8148863876342, 19.652082465361786, 39.99659861132084]",4.639999999999884,100.0,0.0,"[55.38629967482834, 119.83421787797597, 119.83421787797597]",24
91,3763400334,settled,Rf1a_0008,unmatched,,"[0.10769911928143597, 0.8032662467918286, -0.5638345914346622, 0.15891755715678432]","[0.20303991631999507, 0.6773073269143122, -0.677378386513323, -0.2029485126172783]","[449.6139050621122, 19.650396969530284, 40.004586441382294]",4.419999999999811,100.0,0.0,"[55.38629967482834, 120.06024561082302, 120.06024561082302]",25
92,4209925572,settled,Rf1a_0006,unmatched,,"[-0.2551440352611338, -0.7322693535047043, 0.09629130523668734, 0.6240281241452846]","[-0.6772955734514347, -0.677286675150937, -0.2031512143084219, 0.2031823072294815]","[449.6625848061952, 28.478056059993275, 19.64149869570208]",4.909999999999974,100.0,0.0,"[55.38629967482834, 122.68119226461646, 122.68119226461647]",29
93,4172993659,settled,Rf1a_0012,unmatched,,"[0.02061258821177018, -0.08279958466112873, -0.5816412641634049, -0.8089578417999006]","[7.660122436556338e-05, -0.000137681820544161, -0.7071052327292451, -0.7071083120872566]","[450.3578826352024, 30.000092623108713, 6.225112717672175]",4.759999999999924,100.0,0.0,"[55.38629967482834, 114.54864129089867, 114.54864129089869]",29
94,2147595062,settled,Rf1a_0005,unmatched,,"[0.2212092258062878, -0.37459868996068196, -0.8561954135913807, 0.2786964543064874]","[0.0001342041770045983, -0.7071947660153418, -0.7070187565889893, 0.00015080154022476523]","[449.84524951780503, 6.226628000987822, 39.992655475726906]",4.889999999999968,100.0,0.0,"[55.38629967482834, 117.78673346768274, 117.78673346768275]",25
95,3425188374,settled,Rf1a_0009,unmatched,,"[0.5059250338539225, 0.5109554085324367, 0.07321181329946617, 0.6910893292511195]","[0.6773648817031058, 0.20264131369820387, 0.20271832288805877, 0.6775091118084365]","[450.48429587825666, 19.65034604432481, 39.99968284266351]",4.899999999999971,100.0,0.0,"[55.38629967482834, 122.76757611778969, 122.76757611778969]",32
96,3309235867,settled,Rf1a_0003,unmatched,,"[-0.24306734196876895, -0.9520584383161628, 0.18532314741948006, -0.012582858568879786]","[0.00013205973623763023, -0.9579446574394346, -4.150382044376677e-05, -0.2869529824220395]","[450.50405819424117, 39.99776585224316, 19.64607214138828]",4.669999999999894,100.0,0.0,"[55.38629967482834, 120.33588945315061, 120.3358894531506]",22
97,3869940862,settled,Rf1a_0007,unmatched,,"[0.4370446962991622, 0.5315879670277385, -0.0712213307553231, -0.7220344097018713]","[0.500033962748724, 0.49994738888800117, 0.49996145728858066, -0.5000571823979297]","[449.7407441278651, 6.229656158051976, 29.99299728887012]",4.809999999999941,100.0,0.0,"[55.38629967482834, 122.47516695515691, 122.47516695515692]",26
98,3445858407,settled,Rf1a_0015,unmatched,,"[0.3661788719150667, -0.41659059920173236, 0.7948487591076118, 0.24613158384254633]","[0.3352979916547475, -0.33541869284759107, 0.6225507314479171, 0.62249509560668]","[450.1016512454011, 19.650686810487326, 28.47210094210229]",4.969999999999994,100.0,0.0,"[55.38629967482834, 118.00195123812702, 118.00195123812703]",23
99,683688611,settled,Rf1a_0017,unmatched,,"[-0.682405748726563, 0.305727349839879, -0.6632158721570864, 0.03158937453857804]","[-0.6225776767001298, 0.6225080761415785, -0.3352669146403476, -0.33537565141304077]","[449.73218070917045, 19.657619470019505, 27.122183633588204]",4.4999999999998375,100.0,0.0,"[55.38629967482834, 120.29542787427586, 120.29542787427587]",28
100,3671515462,settled,Rf1a_0011,unmatched,,"[0.6402118711341894, -0.3304223695691226, -0.27371010904364496, 0.6372068690421518]","[0.7071135081341119, -5.788830809504849e-06, -1.5193361728477553e-05, 0.7071000539880624]","[450.2781519354069, 18.769837514965783, 39.99499370118468]",4.699999999999904,100.0,0.0,"[55.38629967482834, 114.84430370743387, 114.84430370743388]",23
101,3027130951,settled,Rf1a_0012,unmatched,,"[0.4323985038399516, -0.027103271289900536, 0.5777234325488388, 0.6917604947135565]","[5.67736974372568e-05, -0.00014305774477887945, 0.7071324244635876, 0.7070811202284203]","[449.9647393017748, 30.000812277498284, 6.223465977581631]",4.769999999999928,100.0,0.0,"[55.38629967482834, 115.39019195172321, 115.39019195172322]",32
102,3369736057,settled,Rf1a_0005,unmatched,,"[0.392632373983932, 0.52958689597549, 0.7336367340362236, 0.1647867742977288]","[-2.9163026609645733e-05, 0.7071632794732943, 0.7070502729862956, -8.236563806594873e-05]","[450.35230221260144, 6.220591901472838, 39.99675443464866]",5.070000000000028,100.0,0.0,"[55.38629967482834, 121.82976728625958, 121.8297672862596]",41
103,1655287705,settled,Rf1a_0005,unmatched,,"[-0.338374559147956, -0.8339932412337537, -0.3591333831681041, -0.24694360569181797]","[-1.4192601748004761e-05, -0.7071520190065079, -0.7070615400105718, -2.124778270917883e-05]","[449.70560836729527, 6.225149590546177, 39.993028871553456]",5.100000000000038,100.0,0.0,"[55.38629967482834, 118.17565047334588, 118.1756504733459]",28
104,3004971955,settled,Rf1a_0009,unmatched,,"[0.5983807723644567, 0.14162009627689387, 0.0638763219609358, 0.7860050986398133]","[0.6775454856938148, 0.20206380660121023, 0.20208090456379096, 0.6776914053523488]","[449.98640759244245, 19.661761650400503, 40.00027597605749]",4.839999999999951,100.0,0.0,"[55.38629967482834, 116.96432167268601, 116.96432167268603]",20
105,1256815592,settled,Rf1a_0016,unmatched,,"[-0.8963728679837667, 0.2073247730587596, -0.3124893183533954, -0.23639489405171335]","[-0.5001684953873327, 0.4999692845117123, -0.49996017676954846, -0.4999020028079305]","[450.15353191660256, 18.776574434743264, 29.989863001253227]",4.879999999999964,100.0,0.0,"[55.38629967482834, 113.6072551011863, 113.60725510118631]",23
106,267482411,settled,Rf1a_0015,unmatched,,"[0.4002740386498517, -0.1331578089714626, 0.5374979806924249, 0.7301682084591344]","[0.3353905506078634, -0.33544876796326706, 0.6224966348855009, 0.6224831260292185]","[449.8723724276877, 19.65256722044069, 28.48011961086693]",5.010000000000008,100.0,0.0,"[55.38629967482834, 113.11974564917814, 113.11974564917814]",32
107,2210323869,settled,Rf1a_0012,unmatched,,"[-0.03946429185382657, -0.17456744636691948, 0.9180226636504986, 0.35384059315100097]","[2.3242753327018528e-05, 3.357941177709045e-05, 0.7071706617323709, 0.7070428936897664]","[450.3714239998437, 30.004757353165246, 6.224340865362009]",4.639999999999884,100.0,0.0,"[55.38629967482834, 121.26373269591376, 121.26373269591377]",25
108,3218958405,settled,Rf1a_0013,unmatched,,"[-0.404214603219616, -0.0038812743139640593, -0.9040684339258072, 0.13876511460971241]","[-6.0824545864915896e-05, -4.16607553271886e-06, -0.999999991223065, 0.00011763030378133201]","[449.73277788558977, 40.00589192041763, 6.221853420654576]",4.889999999999968,100.0,0.0,"[55.38629967482834, 119.34436121840243, 119.34436121840244]",18
109,3163371865,settled,Rf1a_0004,unmatched,,"[0.8462289503461226, -0.5167025404202564, -0.06457889602577149, 0.11289204802573749]","[0.7072119642275092, -0.7070015817406566, -1.115860290834547e-06, -3.268688843710565e-05]","[449.8589100913941, 29.999172757512724, 18.762408027597317]",4.669999999999894,100.0,0.0,"[55.38629967482834, 117.47398953990238, 117.47398953990239]",27
110,1394697297,settled,Rf1a_0016,unmatched,,"[-0.527043442183119, 0.08164700032060408, 0.5638111724638022, -0.6306155240678819]","[-0.5000535159665314, -0.4999474620694485, 0.5000496097146683, -0.4999494016038377]","[450.21323698240076, 18.77834419028442, 29.991398298288992]",4.709999999999908,100.0,0.0,"[55.38629967482834, 120.40690479322836, 120.40690479322838]",29
111,4178031102,settled,Rf1a_0012,unmatched,,"[0.14205173309217967, 0.22217751906063563, 0.8725296558567031, -0.4112790473634079]","[-2.6960181386259667e-06, -4.497649490003975e-05, 0.7070882338139017, -0.7071253266372118]","[449.66057723984494, 30.00199483136058, 6.226260723249641]",4.579999999999864,100.0,0.0,"[55.38629967482834, 118.00919740074843, 118.00919740074845]",23
112,643453088,settled,Rf1a_0012,unmatched,,"[0.16125469630250971, -0.1583389287120832, -0.45793045026355916, -0.8597821871242212]","[3.186311135311426e-05, 3.875566431521538e-05, -0.7071346899571458, -0.7070788695343342]","[450.28572968652554, 29.993316373382388, 6.225488456339082]",4.639999999999884,100.0,0.0,"[55.38629967482834, 118.57547399875345, 118.57547399875347]",24
113,3249835323,settled,Rf1a_0017,unmatched,,"[-0.4388154353499695, -0.6030056891706321, 0.6417647301759779, -0.17878250369827034]","[-0.6225310098015957, -0.6225381685955452, 0.33533229871305026, -0.33534105015182936]","[450.20336671022363, 19.6512853863033, 27.123781498125318]",4.990000000000001,100.0,0.0,"[55.38629967482834, 121.1827495278294, 121.18274952782942]",31
114,349764347,settled,Rf1a_0007,unmatched,,"[-0.30489753517779516, -0.43322652470872064, -0.6190352861678763, 0.5797823607271656]","[-0.500001095367233, -0.5000067217666195, -0.49998612410088644, 0.5000060584896334]","[449.80014856538116, 6.224030582960569, 29.994969115407017]",4.939999999999984,100.0,0.0,"[55.38629967482834, 109.15044966173218, 109.15044966173218]",30
115,317791015,settled,Rf1a_0018,unmatched,,"[0.5443368254782056, 0.8017468445001573, -0.08128455950703292, 0.2330069487120453]","[0.677345445660162, 0.6773423748339468, -0.20295889477774792, 0.20302251483109174]","[450.24463096959295, 27.140953484596483, 19.64436747615072]",4.519999999999844,100.0,0.0,"[55.38629967482834, 114.97547372634178, 114.97547372634179]",33
116,4067508317,settled,Rf1a_0018,unmatched,,"[0.5955590242325951, 0.7207480982005338, 0.2068895066340097, 0.28814642048821065]","[0.677434732691915, 0.6773431129343449, -0.2028739926384962, 0.2028068869983472]","[450.44995912127507, 27.127778864907658, 19.641018066082626]",4.489999999999834,100.0,0.0,"[55.38629967482834, 110.41264168150003, 110.41264168150005]",31
117,2385507088,settled,Rf1a_0018,unmatched,,"[0.7935180967557761, -0.5842239107778282, 0.16865601414313822, -0.02380338400102947]","[0.6772915330271565, -0.6774527897806896, 0.20296738985374627, 0.2028253819521674]","[450.3558986341101, 27.134833725465565, 19.643455769904953]",4.479999999999831,100.0,0.0,"[55.38629967482834, 114.01730378990833, 114.01730378990834]",21
118,1526028037,settled,Rf1a_0008,unmatched,,"[0.2630177601705282, -0.7900518183688993, 0.4937222272738805, -0.25075514834713364]","[-0.2028692415763967, -0.6774271092217238, 0.6773424721025487, 0.20283924176481344]","[450.4011746697306, 19.647794866066903, 39.997702709212476]",4.709999999999908,100.0,0.0,"[55.38629967482834, 114.74630738711528, 114.7463073871153]",31
119,297824171,settled,Rf1a_0003,unmatched,,"[-0.933932999720975, 0.21481804800681226, 0.26642393429049765, 0.10315350464185136]","[-0.9579552082407097, 0.00029990022485268386, -0.28691762661123615, -6.78537321017747e-05]","[449.9032968982923, 40.01755737120227, 19.644847944965836]",4.809999999999941,100.0,0.0,"[55.38629967482834, 120.4689343213479, 120.46893432134792]",26
120,1353143832,settled,Rf1a_0016,unmatched,,"[0.5671219962586049, 0.5721035472805955, -0.5847319661804703, 0.09570109861091201]","[0.5001275853171477, 0.4999772722607638, -0.4999558854436325, 0.49993923454535805]","[449.70698879183846, 18.78144709770962, 29.997496622486054]",5.0300000000000145,100.0,0.0,"[55.38629967482834, 119.43657553240872, 119.43657553240874]",20
121,1739382006,settled,Rf1a_0001,unmatched,,"[0.9563955010837077, 0.2085247552370943, 0.03434642180192158, -0.2016070317959121]","[0.9999999845265443, 3.455190981941149e-05, 0.00015719762930774657, 7.100691600930853e-05]","[449.72439308616424, 39.997353925486586, 18.77406417137367]",4.539999999999851,100.0,0.0,"[55.38629967482834, 120.02154549954052, 120.02154549954054]",25
122,580680804,settled,Rf1a_0016,unmatched,,"[-0.16968873215430308, -0.36406722040316836, 0.42312173284399845, -0.8121753458477228]","[-0.5000493600670233, -0.49997145465492776, 0.5000070806380874, -0.49997210056019453]","[450.2538982573527, 18.77713276322785, 29.991114957772574]",4.5899999999998675,100.0,0.0,"[55.38629967482834, 115.19904990829801, 115.19904990829802]",15
123,2823014988,settled,Rf1a_0005,unmatched,,"[-0.41227841655831576, -0.6776159921022714, -0.6077500533991811, 0.03876786144108055]","[5.4732979931923506e-05, -0.707058255271309, -0.7071553015947705, 9.132508463447993e-06]","[449.672647599575, 6.225570797315092, 40.00188952714644]",5.210000000000075,100.0,0.0,"[55.38629967482834, 121.96202673786627, 121.96202673786625]",41
124,3517474495,settled,Rf1a_0012,unmatched,,"[-0.23672114932782023, 0.04142403951345284, -0.8289665791097921, -0.5050361938815002]","[2.3951715593356626e-05, -5.7238156550593056e-05, -0.7071115861926001, -0.7071019734255406]","[449.9081719418896, 29.99593279107194, 6.231078080574371]",4.719999999999911,100.0,0.0,"[55.38629967482834, 117.86078590437889, 117.8607859043789]",22
125,1323262800,settled,Rf1a_0017,unmatched,,"[-0.6415921793379193, -0.5698607289892506, 0.4583733999693336, -0.23132671953065048]","[-0.6225192808793973, -0.6225676122784152, 0.3353847387044988, -0.33525570855612]","[450.15191545823075, 19.643979882335714, 27.111623384883586]",4.719999999999911,100.0,0.0,"[55.38629967482834, 109.07237082098636, 109.07237082098638]",31
126,975802718,settled,Rf1a_0007,unmatched,,"[0.1828500380211907, -0.3326974519297312, -0.8638549380056043, -0.3311086153491733]","[0.4999909196582416, -0.500001974382073, -0.4999092713087325, -0.5000978167647876]","[449.9755739916884, 6.22105871179891, 29.998082424857472]",5.100000000000038,100.0,0.0,"[55.38629967482834, 112.93032037525151, 112.93032037525153]",33
127,2199045525,settled,Rf1a_0012,unmatched,,"[-0.22696590219673, 0.3044849169639917, -0.8281543798994311, 0.4122326256312622]","[6.560427685542436e-06, -7.016485568508979e-05, -0.7070575394711761, 0.7071560159616973]","[449.6426762071461, 30.004513875880637, 6.2260596078380255]",4.899999999999971,100.0,0.0,"[55.38629967482834, 117.5256162426035, 117.52561624260352]",36
128,1193102617,settled,Rf1a_0013,unmatched,,"[0.264923181569912, 0.29490665124873133, -0.18009117139264283, -0.9002293846029246]","[2.0139000058538862e-05, -8.15465013366681e-05, -2.2920162438747803e-07, -0.9999999964722681]","[450.31301421045157, 39.996902225055685, 6.215933262973483]",4.519999999999844,100.0,0.0,"[55.38629967482834, 121.22521762185757, 121.22521762185755]",13
129,884894373,settled,Rf1a_0015,unmatched,,"[0.24323434425598156, -0.33171914018306525, 0.7142081939729147, 0.5663092101251029]","[0.3353502047993193, -0.3354367410367234, 0.6225210521307342, 0.6224869256119043]","[449.7414006121705, 19.659417576895834, 28.474786245211543]",5.020000000000011,100.0,0.0,"[55.38629967482834, 106.45883761812142, 106.45883761812144]",31
130,3411013638,settled,Rf1a_0007,unmatched,,"[0.3126121128521153, -0.6949372831241458, -0.027806151001005218, -0.6469641855533245]","[0.5000589643053744, -0.4999823895289958, -0.4999179867814635, -0.5000406472188841]","[449.7461040250069, 6.228980426344651, 29.99746795020842]",4.979999999999998,100.0,0.0,"[55.38629967482834, 119.54568334229045, 119.54568334229045]",36
131,805745625,settled,Rf1a_0017,unmatched,,"[-0.3424978912137264, 0.6707485143263009, 0.13948719511167293, -0.6429113060470228]","[-0.6224197064976822, 0.6226107462269533, -0.3353897205099932, -0.33535548753864813]","[449.69369468374504, 19.647578619733082, 27.123856880689644]",4.939999999999984,100.0,0.0,"[55.38629967482834, 121.88974295928908, 121.8897429592891]",28
132,3780170430,settled,Rf1a_0004,unmatched,,"[-0.45454422231488245, -0.5278795953913799, 0.4315643283729163, 0.5731360337700163]","[-0.7071020525333074, -0.7071115032722761, -9.539686877244047e-05, -1.1943338836306605e-05]","[449.9752089654616, 30.009338505730298, 18.768454644286884]",5.220000000000078,100.0,0.0,"[55.38629967482834, 118.34344642607574, 118.34344642607573]",28
133,3127142703,settled,Rf1a_0018,unmatched,,"[0.8109661425997057, 0.5741242930685939, -0.029942342788381628, 0.10871369634863957]","[0.6772705001952554, 0.6772859132464438, -0.2032496578440878, 0.2031699728539154]","[450.18913257632494, 27.117025720836747, 19.65404918156485]",4.6199999999998775,100.0,0.0,"[55.38629967482834, 113.93103904463176, 113.93103904463177]",30
134,2145807442,settled,Rf1a_0003,unmatched,,"[-0.9662686388106635, 0.17809795131962475, 0.1504178008414682, -0.10945557352988719]","[-0.957889690038416, -0.00013688837479461371, -0.2871363859472821, 0.00013727641452659925]","[449.96191751338023, 40.00404753957653, 19.648279744865004]",4.759999999999924,100.0,0.0,"[55.38629967482834, 121.12389202664205, 121.12389202664207]",26
135,7356014,settled,Rf1a_0004,unmatched,,"[0.4988490939016427, -0.7433352498905929, -0.3422532345282446, 0.2854207617510581]","[0.7070929863876461, -0.7071205623371924, -0.0001313570338925263, -4.08247817650087e-05]","[449.76016802281714, 30.00679841771511, 18.769365227575282]",4.969999999999994,100.0,0.0,"[55.38629967482834, 112.93681045137338, 112.93681045137336]",38
136,1854214563,settled,Rf1a_0005,unmatched,,"[-0.4786522849747108, 0.042381572721339654, -0.04037269627946136, 0.8760512757694499]","[-0.7071583379340883, 0.00013139962537282927, -0.00012863851673968686, 0.7070551967679527]","[450.3023628855132, 6.224497101012441, 40.0038087760509]",4.809999999999941,100.0,0.0,"[55.38629967482834, 110.81319261176358, 110.8131926117636]",27
137,3246756741,settled,Rf1a_0015,unmatched,,"[-0.08399953635894963, -0.5055213412894473, 0.5871633428450268, 0.626603112194197]","[0.33551737416830474, -0.3355572715443427, 0.6223361236587164, 0.6225167936163369]","[450.19725554459046, 19.65027679790581, 28.48234522381635]",4.969999999999994,100.0,0.0,"[55.38629967482834, 119.67032649721727, 119.67032649721729]",32
138,4269520782,settled,Rf1a_0018,unmatched,,"[-0.5194752963382888, -0.681171635858136, -0.44299430503509846, -0.2643986851386907]","[-0.6772743248283644, -0.6773904578942036, 0.20302589494435602, -0.20303236802098276]","[449.89436664775286, 27.133342380368546, 19.645811541682654]",4.329999999999781,100.0,0.0,"[55.38629967482834, 112.60488995130406, 112.60488995130407]",30
139,3093880402,settled,Rf1a_0008,unmatched,,"[-0.05416076341648033, -0.7478633609396701, 0.6225989594738519, -0.22391413696379583]","[-0.2028928788946281, -0.677380857252743, 0.677383387413298, 0.20283343012894794]","[450.1191261207516, 19.642748857053355, 40.00053209950708]",4.329999999999781,100.0,0.0,"[55.38629967482834, 121.53023569038352, 121.53023569038353]",25
140,721312908,settled,Rf1a_0002,unmatched,,"[0.9460509825279109, 0.08363880904516226, 0.11253047497721545, -0.29211124641287545]","[0.9580686370721376, 2.9414793975141018e-05, -0.28653880302547674, 1.2419085327675106e-05]","[449.74269692459404, 40.00911190223842, 19.652103155274528]",4.449999999999821,100.0,0.0,"[55.38629967482834, 111.65910690538429, 111.6591069053843]",24
141,2185234596,settled,Rf1a_0017,unmatched,,"[0.658049694064986, 0.4307563872776133, -0.5116749430735624, 0.3458443112025753]","[0.622462054106891, 0.6224617238198935, -0.3355067275329071, 0.3354364758882914]","[450.3362319582096, 19.65000153581396, 27.124632340655992]",4.719999999999911,100.0,0.0,"[55.38629967482834, 103.32038711566435, 103.32038711566435]",35
142,1811372632,settled,Rf1a_0017,unmatched,,"[-0.7830079767653161, 0.2912889024962417, -0.5406254869584637, 0.09886033813084501]","[-0.6225557828925392, 0.622450507217315, -0.33543134231474087, -0.33535873008600225]","[449.92367365554225, 19.640836338849155, 27.129766717839296]",4.519999999999844,100.0,0.0,"[55.38629967482834, 122.63670735166276, 122.63670735166278]",31
143,158871473,settled,Rf1a_0012,unmatched,,"[0.2953320344710821, 0.049810363611343736, -0.7414813692062492, -0.6004192670227223]","[1.142361057079877e-05, -1.2585273312326617e-05, -0.707095881083038, -0.7071176809177624]","[450.2585853057692, 30.008309325180903, 6.214306506296311]",4.679999999999898,100.0,0.0,"[55.38629967482834, 113.01504096348854, 113.01504096348856]",31
144,3933942357,settled,Rf1a_0017,unmatched,,"[-0.5223161875567112, 0.16004639687034006, -0.6757715829697406, -0.4948774784889842]","[-0.6224753442111166, 0.6225189797454302, -0.33539855587500284, -0.3354137361870014]","[450.3027566824023, 19.650624419861654, 27.126954208347502]",4.819999999999944,100.0,0.0,"[55.38629967482834, 113.17756591015845, 113.17756591015846]",18
145,2247311752,settled,Rf1a_0003,unmatched,,"[0.17245837010463527, -0.918707757440569, -0.27106461152521216, 0.22969140902101487]","[4.481534743694393e-05, -0.9579294997102137, 5.232170997065966e-05, -0.2870036042264333]","[449.8763284225166, 40.007327826932276, 19.64456281056354]",4.739999999999918,100.0,0.0,"[55.38629967482834, 120.30345038419804, 120.30345038419806]",21
146,2639539135,settled,Rf1a_0002,unmatched,,"[0.24645239917756623, 0.9491774324123663, 0.19576363711496306, -0.00012297239657634696]","[4.4152569570979357e-05, 0.9583602820396458, 0.00013092918451490523, -0.2855618159295636]","[450.15834824712164, 40.00314407056498, 19.6557567337824]",4.809999999999941,100.0,0.0,"[55.38629967482834, 121.13450178970025, 121.13450178970027]",25
147,588020478,settled,Rf1a_0017,unmatched,,"[-0.5541136395536193, -0.535687911217833, 0.6371731857264717, 0.0026206157474491726]","[-0.6225299013300528, -0.6224888658942136, 0.3353505323148925, -0.33541638937870766]","[449.67200677823627, 19.655673856061227, 27.122472552263968]",4.990000000000001,100.0,0.0,"[55.38629967482834, 121.94197152457016, 121.94197152457018]",22
148,2481404281,settled,Rf1a_0007,unmatched,,"[0.47312332071797125, -0.36721755019782076, -0.5034863658683956, -0.6227415785092134]","[0.49999310888110504, -0.4999424594651798, -0.49998492962413893, -0.5000794921250616]","[449.7860819558639, 6.231502209678032, 29.993254852932555]",4.809999999999941,100.0,0.0,"[55.38629967482834, 111.26371054116376, 111.26371054116377]",25
149,3605935409,settled,Rf1a_0017,unmatched,,"[0.43758170113077044, -0.04842813697409204, 0.8423244287835887, 0.3109124105903791]","[0.6224487982625027, -0.6224935959580724, 0.3354932132998584, 0.3354154444304708]","[450.0125038086462, 19.650716126282294, 27.1262442311857]",4.659999999999891,100.0,0.0,"[55.38629967482834, 120.56594835439992, 120.56594835439994]",38
150,1724216363,settled,Rf1a_0004,unmatched,,"[0.9038264397716476, -0.3574809547607453, -0.07814863091813816, 0.2218060532056667]","[0.7070585550598784, -0.7071550007484729, -6.065609332617239e-05, -3.088531742290179e-05]","[450.1678028053227, 29.993772369021755, 18.771762303008884]",4.719999999999911,100.0,0.0,"[55.38629967482834, 120.27937477581652, 120.2793747758165]",21
151,3705963873,settled,Rf1a_0012,unmatched,,"[-0.24027385609289806, -0.5535180547836926, -0.6057941642682696, -0.5185553660364869]","[-4.359557217531451e-05, 6.860672327882456e-05, -0.7070578961015168, -0.7071556582203387]","[450.2996000288918, 30.001876220833157, 6.2281313831699645]",5.130000000000048,100.0,0.0,"[55.38629967482834, 119.6845451292687, 119.68454512926871]",31
152,3077038052,settled,Rf1a_0001,unmatched,,"[0.1080488437677232, 0.9024479935694852, 0.290136968917735, 0.2995556801833302]","[-3.473806379229424e-05, 0.9999999795372893, -0.0001236527471402682, -0.00015629678932766526]","[449.6420841645606, 40.00231913837977, 18.772191393192895]",4.579999999999864,100.0,0.0,"[55.38629967482834, 118.9655109935094, 118.96551099350941]",28
153,3012538924,settled,Rf1a_0012,unmatched,,"[-0.2967683441627183, 0.032054318743469104, 0.7489957090204642, 0.5915289497748546]","[2.5699399034434522e-05, -4.8948467591847233e-05, 0.7071416929388629, 0.7070718655491446]","[449.838690104724, 29.998635824088947, 6.224406628767444]",4.609999999999874,100.0,0.0,"[55.38629967482834, 113.1337392569715, 113.13373925697151]",27
154,339579960,settled,Rf1a_0017,unmatched,,"[0.10943307599770635, -0.7653763970695862, 0.4390938896072842, 0.457624222256652]","[0.6225041825154664, -0.6224939109530535, 0.335476717218674, 0.3353285639209769]","[450.05976416413046, 19.654351765430206, 27.123293626388264]",4.519999999999844,100.0,0.0,"[55.38629967482834, 120.22624324958144, 120.22624324958144]",16
155,3595527923,settled,Rf1a_0012,unmatched,,"[0.2823598288094946, 0.23222413686361007, -0.7567781334317684, -0.5418779697424069]","[-2.289369139529818e-05, 4.018630668839452e-05, -0.7071019830568211, -0.7071115777711824]","[450.3063902179717, 29.999173271093962, 6.225063176747625]",4.659999999999891,100.0,0.0,"[55.38629967482834, 113.61658976436976, 113.61658976436978]",38
156,863450078,settled,Rf1a_0004,unmatched,,"[0.7155061920956329, -0.5773152119456528, -0.01774451200080499, 0.39299257934827014]","[0.7070868696154091, -0.7071266903382347, 4.758617497652163e-05, 1.9087480106233515e-05]","[449.91643947350235, 29.99511923054865, 18.770797313360305]",4.759999999999924,100.0,0.0,"[55.38629967482834, 111.48135200769119, 111.4813520076912]",35
157,1293846983,settled,Rf1a_0013,unmatched,,"[-0.18121937706311114, -0.3645890702557667, 0.8980017844289259, -0.16681469476445587]","[-0.00011007527023761717, -1.7651103418281355e-05, 0.9999999926230798, 4.8225657259575324e-05]","[449.68113675324753, 40.00935591952605, 6.214679465398977]",4.579999999999864,100.0,0.0,"[55.38629967482834, 114.06040414896415, 114.06040414896417]",14
158,297175216,settled,Rf1a_0005,unmatched,,"[-0.8477666509896012, -0.1312003505967588, -0.01452264579268696, 0.5136801205345047]","[-0.7071561128929261, -3.44208792141523e-05, -7.928684281380883e-05, 0.7070574407549693]","[449.8545221639046, 6.226467876122733, 39.9963901503325]",4.799999999999938,100.0,0.0,"[55.38629967482834, 113.95925491493013, 113.95925491493014]",33
159,1619853330,settled,Rf1a_0005,unmatched,,"[0.15586584480866492, 0.8197316892259058, 0.5503561712418267, -0.029221240168093774]","[8.082884595692836e-05, 0.707138122574122, 0.7070754282039087, -8.887802245105191e-05]","[449.9506889877587, 6.235355514384228, 40.00007767291244]",4.899999999999971,100.0,0.0,"[55.38629967482834, 116.50279925199106, 116.50279925199106]",29
160,1315304267,settled,Rf1a_0011,unmatched,,"[-0.4261424284512491, 0.323448349614014, -0.8134978350905626, 0.22804619731232195]","[3.6983729081408794e-06, 0.7070909770026347, -0.7071225844090473, -2.9093840373398654e-05]","[450.0035804469197, 18.768220124453798, 39.99699270546679]",4.879999999999964,100.0,0.0,"[55.38629967482834, 120.83389362022875, 120.83389362022875]",33
161,3174143715,settled,Rf1a_0012,unmatched,,"[0.21028905661679084, 0.04956162990199746, 0.6021092416687611, -0.7686264493274656]","[2.7115466258442744e-07, -7.922185682629479e-05, 0.7071116053458275, -0.7071019525563981]","[449.80822582601627, 30.00352178805981, 6.224318178016879]",4.779999999999931,100.0,0.0,"[55.38629967482834, 109.69735063102841, 109.69735063102843]",28
162,1039824701,settled,Rf1a_0012,unmatched,,"[0.01929008521369939, -0.13940476716176264, -0.33327631338561314, 0.9322666477146534]","[-1.0872328338240589e-05, 5.5354381751360204e-06, -0.707063067344923, 0.7071504922206732]","[449.9876766929319, 29.995980416302167, 6.222000908445014]",4.709999999999908,100.0,0.0,"[55.38629967482834, 122.95321958501576, 122.95321958501577]",25
163,721441559,settled,Rf1a_0008,unmatched,,"[0.46336501333295005, -0.46209886921724336, -0.18784827917029898, 0.732441481280148]","[0.6774242936677419, -0.2030212933366325, -0.20283798731465744, 0.6773001046086002]","[450.25804275440225, 19.650141311946815, 39.998190433201394]",4.639999999999884,100.0,0.0,"[55.38629967482834, 122.78485057435454, 122.78485057435455]",31
164,4105799406,settled,Rf1a_0005,unmatched,,"[0.8527785751162813, 0.07031150942377336, -0.23963750908264853, -0.45869255248571367]","[0.707124066482772, -1.0407969121057652e-05, -4.984538427575311e-05, -0.7070894936342783]","[450.1024604682945, 6.223735419141098, 40.00240143044917]",4.829999999999948,100.0,0.0,"[55.38629967482834, 117.42991264356566, 117.42991264356567]",31
165,1633137197,settled,Rf1a_0007,unmatched,,"[0.7236837473945174, -0.25836959954595595, -0.3369182255788813, -0.5440708529780555]","[0.50001719944007, -0.5000070415569986, -0.49995764658291086, -0.500018109952834]","[450.1693339203596, 6.229613513551679, 29.99908787042635]",4.579999999999864,100.0,0.0,"[55.38629967482834, 120.99181553105412, 120.99181553105412]",28
166,1521883525,settled,Rf1a_0013,unmatched,,"[-0.5517513661834995, 0.22633379929291328, 0.7597306458933603, -0.2591385476974333]","[7.180361662597531e-05, 6.7508040709762795e-06, 0.9999999973507472, 9.857636011481735e-06]","[449.73004998397363, 40.00607774580328, 6.223191260975092]",4.5299999999998475,100.0,0.0,"[55.38629967482834, 122.90646757628078, 122.90646757628078]",18
167,3988848284,settled,Rf1a_0017,unmatched,,"[0.7716485919791595, -0.43616381321231806, 0.404354639949391, 0.22542604927574153]","[0.6225013616965339, -0.6225530918443307, 0.33545353122439164, 0.3352471191675054]","[449.61682276027835, 19.65368229457365, 27.117068214112777]",4.679999999999898,100.0,0.0,"[55.38629967482834, 110.79427091895644, 110.79427091895646]",32
168,2356674901,settled,Rf1a_0003,unmatched,,"[-0.27157585302068527, 0.8944891783916432, 0.23089258753045264, -0.2698597391605915]","[0.00016570362481801995, 0.957924983680433, 1.5101043940202176e-05, 0.28701863694734103]","[450.4401534171556, 40.016107573039164, 19.641100441833753]",4.809999999999941,100.0,0.0,"[55.38629967482834, 122.51880151109515, 122.51880151109516]",22
169,3622559309,settled,Rf1a_0012,unmatched,,"[-0.28730237314646756, 0.13582052279844167, -0.8446638484557238, 0.4307587666932988]","[4.8634636684030674e-05, 3.555928302756417e-05, -0.7071034680906819, 0.7071100917002526]","[450.08382459407665, 30.000766227028137, 6.219245331621286]",4.849999999999954,100.0,0.0,"[55.38629967482834, 120.67525804707194, 120.67525804707195]",28
170,855568988,settled,Rf1a_0013,unmatched,,"[-0.05865782718403258, -0.1040160805530854, 0.9877741037645836, -0.10021094864582358]","[-8.248827377541685e-05, 5.459669995744321e-05, 0.999999994266514, -4.1010452067468334e-05]","[450.2672036866742, 39.99364932649426, 6.221086307504082]",4.709999999999908,100.0,0.0,"[55.38629967482834, 117.43441895564463, 117.43441895564463]",25
171,2610361744,settled,Rf1a_0005,unmatched,,"[0.8768837609624777, 0.09896632620723421, 0.0167945194244441, -0.47010475444803335]","[0.7071012222727596, -9.16411564496632e-06, 2.3230844850948624e-06, -0.7071123399934355]","[450.31822696264743, 6.234041697805178, 40.001929001207024]",4.829999999999948,100.0,0.0,"[55.38629967482834, 111.33402472551516, 111.33402472551518]",45
172,3797455899,settled,Rf1a_0008,unmatched,,"[-0.4969180501798989, 0.4726899551502556, 0.24221087694672733, -0.686272940450193]","[-0.6774491863598215, 0.20278469486719433, 0.20290173465365435, -0.6773269915650585]","[450.1769653825464, 19.644752851908407, 39.996352921529706]",4.5299999999998475,100.0,0.0,"[55.38629967482834, 121.7628774217429, 121.76287742174291]",23
173,3701701166,settled,Rf1a_0012,unmatched,,"[0.038018151991904496, 0.4712419557531807, 0.8264302886090928, 0.30577543610716856]","[-7.912980096169697e-06, 5.1526473827750996e-05, 0.7070762803498692, 0.7071372787860928]","[450.3559447296618, 30.007571071329604, 6.2270244992210735]",5.300000000000105,100.0,0.0,"[55.38629967482834, 115.00057612476263, 115.00057612476263]",39
174,1820757617,settled,Rf1a_0017,unmatched,,"[-0.5010353124202004, 0.6673439701378755, -0.2903095196649054, -0.46833324035406926]","[-0.6224782171024428, 0.6225462776689504, -0.3354210262065518, -0.3353352599594052]","[450.34518610893855, 19.655318986760882, 27.118082082899452]",4.779999999999931,100.0,0.0,"[55.38629967482834, 104.94537472296291, 104.94537472296292]",21
175,3255375637,settled,Rf1a_0013,unmatched,,"[0.16079504159719665, 0.03163046504438766, 0.9836813166119124, -0.07426665218983812]","[-2.1040643220372087e-06, 7.664371934668068e-06, 0.9999999999123312, 1.0590944277881143e-05]","[450.1810349645625, 40.00540355475587, 6.223857881398395]",4.659999999999891,100.0,0.0,"[55.38629967482834, 116.80376299342603, 116.80376299342603]",22
176,1973362254,settled,Rf1a_0007,unmatched,,"[0.4370329981051625, 0.6281019972483824, 0.25933110964107237, -0.5892685425102347]","[0.500004850164316, 0.5000456282370587, 0.4999364291198827, -0.5000130861607782]","[450.28151831671977, 6.2220243447121355, 29.996966451393025]",4.789999999999934,100.0,0.0,"[55.38629967482834, 109.93477880287861, 109.93477880287863]",35
177,817567550,settled,Rf1a_0007,unmatched,,"[-0.6508066209752018, 0.08221533458115264, 0.55707091057372, 0.5092773129122438]","[-0.49995702561853567, 0.49992252266977677, 0.5000390767249325, 0.5000813589909451]","[449.76139310798396, 6.220302768959435, 29.993908684806343]",4.629999999999881,100.0,0.0,"[55.38629967482834, 120.69490815530004, 120.69490815530004]",28
178,3034277235,settled,Rf1a_0003,unmatched,,"[0.8184751723934598, -0.1985326357737203, 0.4910595501215825, -0.22258414800390608]","[0.9579668641480567, -8.026045187607689e-05, 0.2868788451923259, 9.451833760026895e-05]","[450.3892659815289, 40.00432549398319, 19.647152251293466]",4.629999999999881,100.0,0.0,"[55.38629967482834, 122.95648891302444, 122.95648891302444]",12
179,422340604,settled,Rf1a_0009,unmatched,,"[-0.10515306509406758, -0.6939169060083207, 0.5688745799846401, 0.4287235387804846]","[0.20289538493343628, -0.6773725822845922, 0.6773679539613854, -0.20291008473701552]","[449.99302056737434, 19.644997839674627, 39.9848444736867]",5.1200000000000445,100.0,0.0,"[55.38629967482834, 122.25055704141698, 122.25055704141697]",33
180,2537213971,settled,Rf1a_0016,unmatched,,"[0.23132630909009871, 0.46561995068971057, -0.8276594625733378, 0.21134335630740153]","[0.5000175327910418, 0.49998968045603814, -0.5000576890948143, 0.49993508970283573]","[449.95391285011766, 18.781526567235154, 29.99785206004335]",5.200000000000071,100.0,0.0,"[55.38629967482834, 119.88206911320536, 119.88206911320538]",20
181,2777209301,settled,Rf1a_0013,unmatched,,"[0.32930012781810725, 0.01867638849719574, 0.9112679827706169, -0.24658321497792762]","[0.00012777007255987337, -3.827327340699682e-05, 0.9999999795829456, 0.000151802746030752]","[449.87781404419826, 39.996548426456584, 6.227798947618893]",4.849999999999954,100.0,0.0,"[55.38629967482834, 122.15498429247093, 122.15498429247094]",16
182,3393578195,settled,Rf1a_0013,unmatched,,"[-0.15397492832795756, 0.3309463782688252, -0.9275545927691834, -0.08005431649787881]","[2.3035941739026058e-05, 1.2409315960359992e-06, -0.9999999976101451, 6.517296450934956e-05]","[450.055724428791, 40.00385569957606, 6.226491818179289]",5.040000000000018,100.0,0.0,"[55.38629967482834, 111.00898876467305, 111.00898876467306]",34
183,968986378,settled,Rf1a_0005,unmatched,,"[-0.4905117620949998, -0.29508233684492746, 0.22153130108786623, 0.7894608973007544]","[-0.7071164395505719, -3.0838708698067115e-05, -4.08832571187225e-05, 0.7070971208362087]","[450.23296069035155, 6.2231305465217, 39.99242917732082]",4.539999999999851,100.0,0.0,"[55.38629967482834, 118.52323227876094, 118.52323227876094]",27
184,688328363,settled,Rf1a_0017,unmatched,,"[0.6574786135502686, 0.48651254614584893, 0.39037759997999605, 0.4226496712415117]","[0.6226852421411457, 0.6225133691068385, -0.3352828241763681, 0.33515014891119255]","[450.537754381948, 19.67159643291982, 27.121995164621353]",4.609999999999874,100.0,0.0,"[55.38629967482834, 114.47261672020112, 114.4726167202011]",40
185,4152859901,settled,Rf1a_0003,unmatched,,"[0.8341644144507744, 0.048874222441177215, 0.5394240533290614, -0.10393618587774474]","[0.957920035081477, -3.746309834440354e-05, 0.28703519757121726, 1.8473507252814162e-05]","[450.12018155438574, 39.997038432989925, 19.646957397786665]",4.489999999999834,100.0,0.0,"[55.38629967482834, 113.9813200812284, 113.9813200812284]",20
186,1795468969,settled,Rf1a_0006,unmatched,,"[0.6958911543690574, 0.6723588408308361, 0.1118583646721971, -0.22617868308126884]","[0.6772890238481009, 0.6774120879741296, 0.20292178127826468, -0.20301525047215802]","[450.0834716444619, 28.47767567376019, 19.6468647955758]",4.909999999999974,100.0,0.0,"[55.38629967482834, 102.42084616575933, 102.42084616575934]",33
187,2590496957,settled,Rf1a_0005,unmatched,,"[0.1047572316295402, 0.8643758926302282, 0.4643415446167823, 0.16207149226163065]","[-0.00011261712799268754, 0.7070174736674376, 0.7071960445547635, -0.00018388146616409154]","[450.0892713998524, 6.231344155625068, 40.0020151265148]",4.859999999999958,100.0,0.0,"[55.38629967482834, 113.61265511439639, 113.6126551143964]",27
188,3299187091,settled,Rf1a_0012,unmatched,,"[0.20222460773203968, 0.2009896358457774, -0.3863384758428723, -0.8771835363215675]","[-4.1618758148787016e-05, 5.757900507552538e-06, -0.707034890058808, -0.707178663757791]","[450.01634406203635, 29.99556254628704, 6.222081760122882]",4.749999999999921,100.0,0.0,"[55.38629967482834, 121.51278596221, 121.51278596221002]",24
189,1977285233,settled,Rf1a_0007,unmatched,,"[-0.32756654353009235, 0.8699542333514705, 0.3587758928499423, 0.08461471587927127]","[-0.5000594624100961, 0.49998629182563475, 0.49995542510008717, 0.4999988149521638]","[450.35124151692736, 6.229777014363434, 29.999336348161275]",5.260000000000091,100.0,0.0,"[55.38629967482834, 113.33820247139037, 113.33820247139037]",36
190,2229299064,settled,Rf1a_0011,unmatched,,"[-0.619164876115041, -0.029487633076919168, 0.09038781523465148, -0.7794840463653336]","[-0.7071328285588693, -2.5939496315305437e-05, -3.6396075812590038e-06, -0.7070807323695285]","[449.90331930287863, 18.7626995638795, 40.000689093242976]",4.769999999999928,100.0,0.0,"[55.38629967482834, 117.28659935786618, 117.2865993578662]",14
191,621973311,settled,Rf1a_0012,unmatched,,"[0.16166114230001008, 0.06193822841095333, -0.8426691729137268, -0.5098411477631677]","[1.703150950496668e-05, 7.414281175202597e-05, -0.7071026816876738, -0.7071108765694892]","[449.97408937141387, 30.00118183066571, 6.21619681140932]",4.719999999999911,100.0,0.0,"[55.38629967482834, 118.36363443749804, 118.36363443749804]",25
192,3137073118,settled,Rf1a_0014,unmatched,,"[-0.9517371159511713, -0.13330978245545402, -0.10058018127309286, -0.2575045458971512]","[-0.936363394810463, 0.017900807287455932, -0.048331297966899375, -0.3472279360799147]","[450.4052248721083, 32.796660355450165, 31.867171725357927]",4.409999999999807,100.0,0.0,"[55.38629967482834, 116.89884702244233, 116.89884702244234]",16
193,1722482046,settled,Rf1a_0001,unmatched,,"[0.08813421819190732, -0.994524617110877, -0.03387195651061283, 0.0447865616709708]","[-3.9282110829836114e-05, -0.9999999928573182, -8.865238605382242e-06, -0.0001125330490913989]","[450.05242260092126, 40.004566394458585, 18.774039827030794]",4.569999999999861,100.0,0.0,"[55.38629967482834, 117.717991930255, 117.71799193025501]",26
194,2843863878,settled,Rf1a_0016,unmatched,,"[-0.792454714480961, 0.19954686388438475, -0.5738415226829097, 0.0538746828831977]","[-0.49997001204647895, 0.4999301423120408, -0.5000663270642952, -0.5000335072757942]","[449.87190296756575, 18.778493796328863, 29.993508817164507]",4.639999999999884,100.0,0.0,"[55.38629967482834, 121.17768046604016, 121.17768046604017]",21
195,3220027874,settled,Rf1a_0008,unmatched,,"[0.7896857943755625, -0.03461262758727217, -0.1393528469326443, 0.5964722090967093]","[0.6773820292811626, -0.20304898374548, -0.2029055474506198, 0.6773138382025178]","[450.40419206973917, 19.655002867030813, 40.002667687623024]",4.779999999999931,100.0,0.0,"[55.38629967482834, 117.08424766400881, 117.08424766400883]",31
196,2854411774,settled,Rf1a_0005,unmatched,,"[0.25812684870484337, -0.42701643641739917, -0.8403627789845408, 0.21170236820704633]","[-6.36134684004031e-05, -0.707117613420915, -0.7070959450295445, -3.5581055628917045e-05]","[449.7580698122015, 6.227393034983309, 40.00097774518102]",4.479999999999831,100.0,0.0,"[55.38629967482834, 116.50789330580861, 116.5078933058086]",29
197,656915034,settled,Rf1a_0012,unmatched,,"[0.12784497927697372, 0.19566603027633855, -0.8798667290965462, 0.4137692652898647]","[-2.6648765548975555e-06, -2.085400226653489e-05, -0.7071249908579671, 0.707088570733631]","[449.91138059427544, 30.004828042745796, 6.227353934505311]",4.849999999999954,100.0,0.0,"[55.38629967482834, 117.99243339275756, 117.99243339275758]",32
198,3284494407,settled,Rf1a_0013,unmatched,,"[0.06860253914579117, 0.045309811010266335, -0.15727795108926526, 0.9841261904604139]","[2.0816230895948085e-05, 3.0574354386374784e-06, 3.316206448789243e-05, 0.9999999992288071]","[450.39051728569086, 39.9987627093812, 6.231179979216686]",4.739999999999918,100.0,0.0,"[55.38629967482834, 120.01883201911623, 120.01883201911625]",24
199,1067328885,settled,Rf1a_0013,unmatched,,"[-0.25591978843345803, -0.19766273096154707, 0.15568931420534965, -0.9333784570683347]","[-4.618948938794887e-05, -6.392750257699953e-05, 1.689281025217566e-05, -0.9999999967472193]","[449.6168438986472, 39.99886637210336, 6.2245549633040165]",5.040000000000018,100.0,0.0,"[55.38629967482834, 113.25039977965355, 113.25039977965356]",22
200,1022616554,settled,Rf1a_0005,unmatched,,"[-0.8238360682547088, 0.3606969984141823, -0.22922594801049753, 0.37235369306119537]","[-0.7070997900982358, -7.382887544889334e-05, -9.539215468814164e-06, 0.7071137682872054]","[449.89001631844553, 6.226365376634475, 39.9949826856148]",5.100000000000038,100.0,0.0,"[55.38629967482834, 116.95200030518339, 116.9520003051834]",35
201,2676922396,settled,Rf1a_0007,unmatched,,"[0.5670889684174194, 0.5750736296769055, 0.14364165261314565, -0.5718981535064273]","[0.5000685372909507, 0.5000210877671624, 0.49992124666742205, -0.4999891168118797]","[450.10018579220707, 6.225924113829714, 30.002200290695267]",5.040000000000018,100.0,0.0,"[55.38629967482834, 117.81731830620197, 117.81731830620197]",31
202,2816620340,settled,Rf1a_0006,unmatched,,"[-0.7565840465540268, 0.6103532874587686, 0.21623990110412925, 0.09104806510126615]","[-0.6773122936815927, 0.6773327123007397, 0.20311989956208998, 0.20300433511871058]","[450.0104418037495, 28.474392495399286, 19.648240717112447]",4.899999999999971,100.0,0.0,"[55.38629967482834, 111.27245876976636, 111.27245876976636]",26
203,955953799,settled,Rf1a_0001,unmatched,,"[0.11073782713774945, 0.9170597891921606, -0.07497005608619735, -0.37565671480498297]","[7.197793145034476e-05, 0.9999999921464269, -2.446306288284017e-05, 9.963875950566424e-05]","[449.8794124789439, 40.00025990734775, 18.77593178184049]",4.739999999999918,100.0,0.0,"[55.38629967482834, 119.26785852176296, 119.26785852176297]",27
204,2242742075,settled,Rf1a_0005,unmatched,,"[-0.5055708590298321, -0.21761777531037735, 0.4139789610763628, 0.725025537588115]","[-0.7071282847380564, 9.69979204572085e-05, 3.973312414360246e-05, 0.7070852692116394]","[449.620990618027, 6.230863679160384, 39.99464586089882]",4.819999999999944,100.0,0.0,"[55.38629967482834, 114.78705027091867, 114.78705027091868]",26
205,563646561,settled,Rf1a_0012,unmatched,,"[0.1809966848044624, -0.019574520890661435, 0.7801086826909813, 0.5985711999518831]","[5.266487420607646e-06, 2.1582329506164566e-05, 0.7071520672246712, 0.7070614918989304]","[450.25851127170256, 29.995597017251274, 6.225962067174462]",4.729999999999914,100.0,0.0,"[55.38629967482834, 112.75417239643824, 112.75417239643825]",32
206,1252269686,settled,Rf1a_0012,unmatched,,"[-0.011368646951402817, -0.28266853817251103, 0.7576322028925588, 0.5881859370420873]","[2.0278648019650406e-05, 1.1288359758276913e-05, 0.7071037340519212, 0.7071098279271611]","[450.415394629156, 30.00406437450124, 6.226415393920291]",4.5299999999998475,100.0,0.0,"[55.38629967482834, 107.13753308312202, 107.13753308312204]",29
207,4027616480,settled,Rf1a_0011,unmatched,,"[-0.68043651234536, -0.516815929602009, -0.050263332945028244, -0.5170890106530511]","[-0.706993536562593, 0.00033727504205486984, 0.0003090003675717502, -0.7072198597487462]","[449.6240635836338, 18.778495294315096, 39.99774346221963]",4.749999999999921,100.0,0.0,"[55.38629967482834, 118.6550016643643, 118.65500166436432]",24
208,3293718972,settled,Rf1a_0007,unmatched,,"[-0.08516311405964443, 0.5620827045333399, 0.651702175353801, 0.5020901830421239]","[-0.49994245849166485, 0.5000926424989538, 0.5000279845153048, 0.4999368978354026]","[449.78300673097294, 6.220013210499444, 29.992720469598275]",5.250000000000088,100.0,0.0,"[55.38629967482834, 121.05988566744054, 121.05988566744055]",35
209,1890189631,settled,Rf1a_0017,unmatched,,"[-0.3394955856316147, 0.8200204556643811, -0.259860350300175, -0.3805020341213674]","[-0.6225108405000322, 0.622590094252786, -0.33523555770593405, -0.33537881395198765]","[449.88765046884356, 19.651517265245328, 27.118828294427086]",4.629999999999881,100.0,0.0,"[55.38629967482834, 111.44142642676559, 111.4414264267656]",31
210,3852779429,settled,Rf1a_0010,unmatched,,"[-0.07873436011047828, 0.8811833971798156, -0.4645710261040449, -0.03860677113237618]","[0.04692879882338349, 0.9076109597683469, -0.41662057887636833, -0.021617742853829915]","[449.82760547461413, 31.867768616691077, 32.78916323794247]",4.509999999999841,100.0,0.0,"[55.38629967482834, 111.58608831092778, 111.58608831092776]",23
211,3574699569,settled,Rf1a_0012,unmatched,,"[-0.014546357465746501, -0.03992950916464047, 0.7826885063450515, -0.6209611419547136]","[2.4183552693290977e-05, -1.9677597302369954e-05, 0.7071164168684724, -0.7070971446859623]","[450.25930768409194, 30.004250119003213, 6.22940880378333]",4.689999999999901,100.0,0.0,"[55.38629967482834, 111.16597644046288, 111.16597644046287]",32
212,2869775536,settled,Rf1a_0007,unmatched,,"[-0.3863819961020629, 0.2479889883113953, 0.7960141815311683, 0.39442595954848136]","[-0.49994600493336694, 0.5001091359549401, 0.4999546637658306, 0.4999901783679]","[449.93674550026844, 6.223497044433656, 30.000319491595068]",5.0900000000000345,100.0,0.0,"[55.38629967482834, 112.79069668467339, 112.7906966846734]",36
213,4134650688,settled,Rf1a_0018,unmatched,,"[-0.7081233746404337, 0.6882251021543365, -0.14514896229160873, 0.0619618737464115]","[-0.6774533139587752, 0.6772651155517101, -0.2029724560243762, -0.2029067587795798]","[449.8125063640026, 27.135418003013683, 19.64768521997217]",4.4999999999998375,100.0,0.0,"[55.38629967482834, 104.71443461246241, 104.71443461246243]",30
214,2427166635,settled,Rf1a_0017,unmatched,,"[-0.7325272346230783, -0.4320528088242486, 0.4107407595996201, -0.3286734691545241]","[-0.6223986426335619, -0.6224520367806635, 0.33552471283784985, -0.33555410685995424]","[450.209221901004, 19.649787458645818, 27.129237248347284]",4.609999999999874,100.0,0.0,"[55.38629967482834, 106.03234105890903, 106.03234105890904]",28
215,1727678526,settled,Rf1a_0006,unmatched,,"[-0.817861978484829, -0.44515403845660717, -0.3381080399473218, 0.13646471894828646]","[-0.6773286126637552, -0.6773718981151422, -0.2029531127338047, 0.20298595060383312]","[450.0768540671611, 28.482148162322332, 19.647162747171375]",4.829999999999948,100.0,0.0,"[55.38629967482834, 117.70857385023157, 117.70857385023159]",44
216,1757121035,settled,Rf1a_0002,unmatched,,"[-0.9059781301467139, -0.3465295566639513, 0.21530600688523707, -0.11297883630699883]","[-0.9579701113500301, 8.056641509537887e-05, 0.2868680049593734, 8.366416602950677e-05]","[449.7346755043635, 40.0056861224768, 19.646034307567213]",5.080000000000031,100.0,0.0,"[55.38629967482834, 120.79559586773313, 120.79559586773314]",28
217,3717735769,settled,Rf1a_0007,unmatched,,"[0.5094001570299311, -0.5002641495458026, -0.18323984826967746, -0.6757739405327805]","[0.5000038705479084, -0.500004999387769, -0.4999953819917097, -0.4999957479932326]","[450.31632456364963, 6.223159882760612, 29.996800346577373]",4.729999999999914,100.0,0.0,"[55.38629967482834, 118.87442149737956, 118.87442149737957]",26
218,3836871440,settled,Rf1a_0006,unmatched,,"[-0.4194565967077174, -0.8442144356203974, -0.1926679974710818, 0.2724650306351189]","[-0.6773189073735071, -0.6772670923687248, -0.20315320056613045, 0.20316781341666632]","[450.1207416944205, 28.47469514582306, 19.645624550388963]",4.719999999999911,100.0,0.0,"[55.38629967482834, 117.21163418188391, 117.21163418188392]",28
219,2749509740,settled,Rf1a_0010,unmatched,,"[-0.1597855590775447, 0.9155824751788669, -0.36890595336263704, -0.009257636265270899]","[0.046487788845595505, 0.9076084560397527, -0.41668218712702754, -0.021487925549492155]","[450.45482928357757, 31.870287159027004, 32.78562018350415]",4.5299999999998475,100.0,0.0,"[55.38629967482834, 110.91346404592213, 110.91346404592213]",20
220,2774629600,settled,Rf1a_0012,unmatched,,"[-0.30825961786575184, -0.5268689113523266, 0.49770258237844495, 0.616179598605392]","[-2.2262373108594694e-05, -1.276387792964462e-05, 0.7071269264933361, 0.7070866348401436]","[449.87739458438097, 29.99594173652887, 6.224425918406575]",4.599999999999871,100.0,0.0,"[55.38629967482834, 120.7440482762716, 120.7440482762716]",29
221,4108662306,settled,Rf1a_0013,unmatched,,"[-0.3062271054652854, -0.3870148795577624, -0.8664927602010577, 0.07506490124149866]","[-7.625144659852845e-05, 9.276387333445602e-06, -0.99999999704567, 2.885427193341818e-06]","[450.13069166290103, 40.006016821136306, 6.223635319847855]",5.040000000000018,100.0,0.0,"[55.38629967482834, 118.55697106305554, 118.55697106305553]",24
222,3915063510,settled,Rf1a_0017,unmatched,,"[0.46725796019968024, 0.8012846212229413, -0.1304090628171751, 0.3501520109278076]","[0.6224846156182922, 0.6226691909000452, -0.33524498224935506, 0.3352712094693784]","[449.79516636352287, 19.649489594383738, 27.11594977025153]",4.4999999999998375,100.0,0.0,"[55.38629967482834, 115.63134420887803, 115.63134420887805]",23
223,4074036573,settled,Rf1a_0002,unmatched,,"[-0.22252096209612113, -0.8929375005362474, -0.2719299177765263, -0.2814270089773681]","[5.5590158379970056e-05, -0.9579818647884374, 7.384792053560796e-05, 0.286828761097431]","[450.05131932174123, 40.0036760374628, 19.645593943601508]",4.739999999999918,100.0,0.0,"[55.38629967482834, 121.59153535602525, 121.59153535602525]",22
224,1229361572,settled,Rf1a_0009,unmatched,,"[-0.5077338642986794, -0.31380879933589584, 0.060137209423592304, -0.8000711696758213]","[-0.6775859149900321, -0.20226763304503037, -0.2022911435456462, -0.6775274353651495]","[449.6897677134051, 19.660743763312446, 39.9931089405822]",4.919999999999978,100.0,0.0,"[55.38629967482834, 122.38509616227266, 122.38509616227266]",17
225,1745034590,settled,Rf1a_0017,unmatched,,"[-0.40236593803313664, 0.6784087334039052, -0.5993055388273092, -0.1367337320595452]","[-0.6224526700369974, 0.6226691200005081, -0.33521900594683407, -0.3353566140895722]","[449.62836209522254, 19.65787433725102, 27.12229660569275]",4.319999999999777,100.0,0.0,"[55.38629967482834, 121.79090902566601, 121.79090902566602]",25
226,4151795851,settled,Rf1a_0004,unmatched,,"[0.37827042312259135, 0.7093878632050035, -0.5596843583528156, -0.20108148980772006]","[0.7071692252994317, 0.7070443312383687, 1.585942735915502e-06, 2.122673464821645e-05]","[449.82787483535805, 29.99590575901637, 18.773783568508012]",5.230000000000081,100.0,0.0,"[55.38629967482834, 115.80647405116387, 115.80647405116387]",31
227,2697486113,settled,Rf1a_0017,unmatched,,"[-0.638297706726111, 0.517839873353241, 0.35548034649844024, -0.4450299163056749]","[-0.6223931687735078, 0.6223986639768586, -0.33560409600406027, -0.33558387519246335]","[450.3660043849442, 19.640915348079496, 27.132530470091517]",4.819999999999944,100.0,0.0,"[55.38629967482834, 111.70011181854942, 111.70011181854943]",31
228,2966183571,settled,Rf1a_0011,unmatched,,"[-0.4050248111058649, 0.5694886344768997, -0.6901580810227609, 0.18793461838968]","[0.0003681536193684292, 0.7070928667404611, -0.707120495658313, -0.0003832591956210218]","[450.31401878929364, 18.77624690388673, 40.00237699979316]",4.719999999999911,100.0,0.0,"[55.38629967482834, 120.73831996375229, 120.73831996375229]",23
229,2500031451,settled,Rf1a_0007,unmatched,,"[0.76319034690919, -0.2277529373624901, -0.35234984779530726, -0.49144549918176267]","[0.5000008370523127, -0.5000157234778136, -0.4999809225707205, -0.500002516280945]","[450.3175388942308, 6.223647858901006, 29.99744385445913]",4.669999999999894,100.0,0.0,"[55.38629967482834, 120.15996944009727, 120.15996944009727]",32
230,2561181116,settled,Rf1a_0017,unmatched,,"[0.5557099502907066, 0.18332897211156124, -0.733061527964434, 0.3466954504328954]","[0.6224925934831562, 0.6224763172818187, -0.33546632098081125, 0.3353931319652775]","[449.9740566244809, 19.6467577629104, 27.129095455578515]",4.719999999999911,100.0,0.0,"[55.38629967482834, 112.01013352126822, 112.01013352126823]",23
231,65157401,settled,Rf1a_0007,unmatched,,"[0.7007348822005915, 0.34419107347733346, 0.6134359061064913, -0.1191617342318908]","[0.5000247123523942, 0.49993459141159746, 0.5000654140861372, -0.49997527237042894]","[449.8861880711077, 6.23035107337625, 29.990389998842918]",4.969999999999994,100.0,0.0,"[55.38629967482834, 115.85225261295261, 115.85225261295261]",36
232,2234388547,settled,Rf1a_0007,unmatched,,"[0.6047940157947055, 0.6077553528195518, 0.07337389496054626, -0.5093858077296758]","[0.4999297748808667, 0.5000100384691416, 0.5000488927803807, -0.5000112863193881]","[449.6512691932621, 6.237559944039144, 29.993511977713297]",4.899999999999971,100.0,0.0,"[55.38629967482834, 116.80081555885096, 116.80081555885097]",37
233,2166876674,settled,Rf1a_0017,unmatched,,"[0.337147373849726, 0.47287700853367526, -0.8005264802242199, 0.14790651630775833]","[0.6224844540484952, 0.6226145675599771, -0.33524670677115387, 0.3353712127317216]","[450.46336115691554, 19.65888589582564, 27.124037767350625]",5.080000000000031,100.0,0.0,"[55.38629967482834, 121.42223748345431, 121.42223748345432]",33
234,372911645,settled,Rf1a_0007,unmatched,,"[0.45729859765411696, -0.2994543659042598, -0.817463624635389, -0.18154420321901665]","[0.49994444166926877, -0.50000848087374, -0.5000339730698671, -0.5000130999026939]","[450.35452627312566, 6.224221696316241, 29.99664252196237]",4.879999999999964,100.0,0.0,"[55.38629967482834, 113.84980629052735, 113.84980629052737]",25
235,2861615969,settled,Rf1a_0003,unmatched,,"[-0.23990956037846306, -0.901204257015366, -0.03228041700793559, -0.35948889364511455]","[-1.4861176585070914e-05, -0.9578664700404004, -8.925504393536567e-05, -0.2872138878693464]","[450.43972717536263, 40.00452000383104, 19.638156983798225]",4.569999999999861,100.0,0.0,"[55.38629967482834, 122.12275365557475, 122.12275365557477]",25
236,2387200314,settled,Rf1a_0013,unmatched,,"[0.013659507951663442, 0.4204500321245355, -0.9053954738728021, 0.05739533273394037]","[-0.0001618399731174493, -7.840550418009018e-05, -0.9999999832824539, -3.3098215889528e-05]","[450.19897806726607, 40.00575409930859, 6.217124208946972]",4.769999999999928,100.0,0.0,"[55.38629967482834, 109.31506117746825, 109.31506117746827]",16
237,1385614205,settled,Rf1a_0007,unmatched,,"[-0.04519506248186818, -0.48284814014254235, -0.26943042102355846, 0.8319989952609412]","[-0.4999553499486753, -0.49993026799383955, -0.5000952324533957, 0.5000191333126061]","[450.07479518016663, 6.233726274890869, 30.002179754324363]",4.779999999999931,100.0,0.0,"[55.38629967482834, 120.96904721468292, 120.9690472146829]",26
238,1583315686,settled,Rf1a_0009,unmatched,,"[0.6752684329575351, 0.1680356411288354, 0.18105246852978027, 0.6949795467499522]","[0.6774145908248974, 0.2028903603306783, 0.20289396748364702, 0.677332275756271]","[449.64789174028186, 19.651906417334366, 40.00030107166359]",4.679999999999898,100.0,0.0,"[55.38629967482834, 113.21351110970706, 113.21351110970707]",27
239,3858463115,settled,Rf1a_0014,unmatched,,"[-0.02604605381927596, 0.9764416198827186, -0.2089560607397276, -0.047124629668476824]","[0.017767119983322307, 0.9364321069783859, -0.34705982702390276, 0.04825676049692833]","[449.79921468531916, 32.79654140144191, 31.861091146746798]",4.429999999999814,100.0,0.0,"[55.38629967482834, 111.64730120251576, 111.64730120251578]",22
240,341800848,settled,Rf1a_0012,unmatched,,"[0.559550952873797, 0.4583146987576111, 0.5125176614239061, 0.462791545697754]","[-3.291709896852124e-06, 4.241659274392684e-05, 0.7071247737462472, 0.707088786889112]","[449.6305079347216, 29.997953965155187, 6.225004910952108]",5.320000000000111,100.0,0.0,"[55.38629967482834, 116.87387252927458, 116.87387252927456]",34
241,2423485330,settled,Rf1a_0018,unmatched,,"[-0.8623942645929769, 0.4774291536592661, -0.15922513505175553, -0.0546341651449517]","[-0.6773588881567105, 0.6773160748182506, -0.2029356839195775, -0.20308860041862617]","[449.88698774593854, 27.1309877097133, 19.644799763363274]",4.609999999999874,100.0,0.0,"[55.38629967482834, 119.34788448060326, 119.34788448060327]",32
242,3180880856,settled,Rf1a_0001,unmatched,,"[0.10224891412479975, -0.955790906892587, -0.16146386686159142, 0.22346883800621423]","[-9.924784796528297e-05, -0.9999999651197488, 2.2119184067692643e-07, -0.0002447658415559012]","[449.8163975852796, 39.99870723973015, 18.774816936890147]",4.569999999999861,100.0,0.0,"[55.38629967482834, 119.45477055198664, 119.45477055198663]",18
243,2801613835,settled,Rf1a_0005,unmatched,,"[-0.14433092329872946, 0.7897983796467177, 0.5282216439799444, -0.2763494145430388]","[3.864288575216473e-05, 0.7071757197892655, 0.7070378335686927, -4.1830029284117026e-05]","[449.90812939078165, 6.228635709099837, 40.00253321249201]",4.899999999999971,100.0,0.0,"[55.38629967482834, 118.88908722392411, 118.8890872239241]",29
244,90147713,settled,Rf1a_0001,unmatched,,"[-0.210859600307379, -0.9719644633107304, -0.07201725142344272, 0.07507880204630919]","[7.941971095525626e-05, -0.9999999917159041, 2.927954832648849e-05, -9.697117752492677e-05]","[449.97276021693995, 39.99444234119925, 18.76974015550311]",4.579999999999864,100.0,0.0,"[55.38629967482834, 121.78025039069728, 121.78025039069729]",27
245,1005713428,settled,Rf1a_0007,unmatched,,"[0.6667427871336417, 0.021383060332239117, -0.7075360080632618, -0.23321581813846876]","[0.5000075560056298, -0.49999709444957946, -0.5000085032321274, -0.4999868460017954]","[450.39174087629624, 6.228499666970974, 29.999463810681895]",4.599999999999871,100.0,0.0,"[55.38629967482834, 120.82706207655075, 120.82706207655073]",34
246,2629818591,settled,Rf1a_0014,unmatched,,"[0.05151306419367056, -0.9158602742422736, 0.24549129762624153, 0.313497025619112]","[-0.01806726957314073, -0.9363603571311419, 0.34728796224600744, -0.047894954248101244]","[450.203995264012, 32.797767603305715, 31.865875703202125]",4.629999999999881,100.0,0.0,"[55.38629967482834, 111.28236399661185, 111.28236399661186]",29
247,3392212039,settled,Rf1a_0012,unmatched,,"[-0.13576075001630175, -0.3113963090186456, 0.34394700026860947, 0.8753866679878102]","[1.6653225340890202e-05, -7.776750215571228e-06, 0.7070941006553046, 0.7071194612515329]","[450.13606488541086, 30.009619531851342, 6.220686357961886]",4.5899999999998675,100.0,0.0,"[55.38629967482834, 122.5201658547972, 122.5201658547972]",33
248,2276997534,settled,Rf1a_0017,unmatched,,"[-0.5611092435708998, -0.34654972379426824, 0.7170849059217052, -0.2254971029008315]","[-0.6225849694464215, -0.622430939204425, 0.3353793931627679, -0.33539282100586065]","[449.70379080620955, 19.651475597221285, 27.1293195111061]",4.659999999999891,100.0,0.0,"[55.38629967482834, 112.10967102963723, 112.10967102963721]",23
249,3484193762,settled,Rf1a_0007,unmatched,,"[0.6459184252746818, -0.4977225913968061, -0.5385794684465182, -0.21211734033734517]","[0.499967059784832, -0.49995799648185824, -0.5000730739130977, -0.5000018616275961]","[449.65726898546893, 6.226740427332737, 29.99875150118097]",4.889999999999968,100.0,0.0,"[55.38629967482834, 111.64665941416744, 111.64665941416746]",31
250,2295828995,settled,Rf1a_0010,unmatched,,"[-0.013476426495046517, 0.8381611037621863, -0.5451108033376667, 0.01259214650648228]","[0.04663166100013381, 0.9076998886621634, -0.4164791719386381, -0.021248521274924055]","[449.8407045881289, 31.86039401081906, 32.78502913637693]",4.399999999999804,100.0,0.0,"[55.38629967482834, 110.99741588252746, 110.99741588252746]",19
251,3771793615,settled,Rf1a_0011,unmatched,,"[0.23254083200101008, -0.6380020625267856, 0.7262400279824832, -0.10702126620372046]","[-0.0003997008596973474, -0.7070578974649175, 0.7071554634836059, 0.0003468962377530449]","[449.8972344150827, 18.79283746404962, 40.00369980756067]",4.789999999999934,100.0,0.0,"[55.38629967482834, 118.28928554198912, 118.28928554198913]",18
252,3118298281,settled,Rf1a_0007,unmatched,,"[-0.14263487038408665, 0.7213743627836406, 0.5770605745656794, 0.3553525232089105]","[-0.4999443131662388, 0.5000233463747594, 0.5000582737775066, 0.4999740589666483]","[449.94314206446, 6.230290945335703, 29.995312886694244]",5.220000000000078,100.0,0.0,"[55.38629967482834, 122.58432317180616, 122.58432317180616]",30
253,1906367210,settled,Rf1a_0005,unmatched,,"[-0.6176317723461163, 0.026733677711732354, -0.29175170048315346, 0.7298611166035553]","[-0.7071113066358616, -6.719789560994757e-05, 0.00013305305694469852, 0.7071022399971953]","[449.95029842405745, 6.2173313232887075, 39.99858586856436]",4.809999999999941,100.0,0.0,"[55.38629967482834, 120.50582747574123, 120.50582747574121]",32
254,2833079087,settled,Rf1a_0005,unmatched,,"[-0.6668495150154875, 0.25735878105545934, 0.037236704706548183, 0.6983492034504332]","[-0.707099170863134, -9.089525039378115e-07, 3.8540408007439304e-05, 0.7071143903771717]","[449.7097735423413, 6.2318699827647, 39.994612359306345]",5.0300000000000145,100.0,0.0,"[55.38629967482834, 121.55539319828311, 121.55539319828313]",27
255,2368896303,settled,Rf1a_0007,unmatched,,"[-0.7155871487157034, 0.006217157027642254, -0.4538640368280027, 0.5309461513426882]","[-0.5000460499717913, -0.5000529847565199, -0.4998764113819045, 0.5000245330857814]","[449.8535258495486, 6.228698148946625, 29.998110349051423]",5.370000000000128,100.0,0.0,"[55.38629967482834, 122.71150163307206, 122.71150163307207]",40
256,1598618583,settled,Rf1a_0004,unmatched,,"[-0.6568789595911407, 0.7116914753260162, 0.16538963778309454, -0.18614925223786338]","[-0.7071392659320543, 0.7070742878557238, -3.395597061428557e-05, 9.421989375643647e-05]","[450.2575410359783, 29.99321661685894, 18.77142947287283]",4.729999999999914,100.0,0.0,"[55.38629967482834, 105.93461198869592, 105.93461198869593]",43
257,1244567859,settled,Rf1a_0018,unmatched,,"[0.565260253583024, 0.7320121545565798, -0.09164890005678931, 0.36910639444348603]","[0.6773394820177452, 0.6773189011917622, -0.20299281879564995, 0.20308679845256594]","[450.15368952994567, 27.123337872695767, 19.6471583778671]",4.5299999999998475,100.0,0.0,"[55.38629967482834, 111.35462586030886, 111.35462586030886]",27
258,3419669745,settled,Rf1a_0007,unmatched,,"[-0.35962053045550435, 0.37637508056528163, 0.452864258304126, 0.723829286748632]","[-0.4999990675461428, 0.5000802130714596, 0.5000543733460182, 0.4998663187742424]","[450.07109069902583, 6.226436469688544, 29.996211010361254]",4.709999999999908,100.0,0.0,"[55.38629967482834, 108.86896360942538, 108.86896360942539]",26
259,4100535516,unsettled,,not_evaluated,,"[-0.04495724533447707, 0.8754213017997509, -0.38056707385774335, 0.29459309690235463]","[0.2029035632506886, 0.6773674247341401, -0.6773330279334742, -0.2030356746970457]","[450.10422864221283, 19.655911515281268, 39.990510077799335]",4.289999999999767,100.0,0.0,"[55.38629967482834, 116.89482176942944, 116.89482176942946]",24
260,3322081678,settled,Rf1a_0013,unmatched,,"[-0.257573637444613, 0.29792073162711874, 0.01884675617382141, -0.9189906739146148]","[-1.6126826859474974e-06, -3.461185507319981e-06, 0.00017144325879439527, -0.9999999852963142]","[449.7753893809994, 40.010963436631755, 6.227202304332005]",4.719999999999911,100.0,0.0,"[55.38629967482834, 114.76181022728915, 114.76181022728913]",12
261,3513997404,settled,Rf1a_0007,unmatched,,"[-0.31160099473242947, -0.3848583634180207, -0.8382718690394293, 0.2282304400515085]","[-0.5000389958272009, -0.4999934987514491, -0.4999400814636269, 0.5000274180528017]","[450.3894949207916, 6.226277300827133, 29.996310978966857]",4.749999999999921,100.0,0.0,"[55.38629967482834, 116.94646165588546, 116.94646165588544]",23
262,3617040745,settled,Rf1a_0012,unmatched,,"[0.5076541819216592, -0.1836471652187958, 0.7481985211268992, -0.38569407989762045]","[5.5214246785229015e-06, -2.9027913758861157e-05, 0.7070712847915948, -0.7071422751823411]","[449.8561695531277, 29.993557910640874, 6.2141674980279]",5.070000000000028,100.0,0.0,"[55.38629967482834, 121.74736289994182, 121.74736289994183]",20
263,2022730149,settled,Rf1a_0001,unmatched,,"[-0.9298814207432338, -0.20301241814567073, -0.28420845445175663, -0.11546452205476868]","[-0.9999999991306165, 2.6056787904277604e-05, 1.4655126137197453e-05, 2.9069539263681943e-05]","[450.29999585311975, 39.997112277889414, 18.773876779981222]",4.519999999999844,100.0,0.0,"[55.38629967482834, 122.01738257415266, 122.01738257415268]",19
264,1323970333,settled,Rf1a_0007,unmatched,,"[0.5994108140143483, -0.43447983992292233, -0.3543480176053207, -0.5712892675014887]","[0.5000420601185387, -0.49991678340221174, -0.5000378979076399, -0.5000032484307503]","[450.051737353116, 6.226987252710174, 30.001893835235578]",4.849999999999954,100.0,0.0,"[55.38629967482834, 115.78857005846099, 115.788570058461]",39
265,1607122480,settled,Rf1a_0005,unmatched,,"[-0.13729706028893218, -0.4824437451248737, -0.8624230310070737, 0.06800048245766428]","[-1.9850926699925718e-05, -0.7070911464622509, -0.7071224026242926, -0.00013381886460553665]","[450.01956163822075, 6.218871577659484, 39.99641989711375]",5.1200000000000445,100.0,0.0,"[55.38629967482834, 117.41598710999233, 117.41598710999233]",36
266,1954191936,settled,Rf1a_0004,unmatched,,"[-0.3750395254128309, 0.8965561916206081, 0.1285035455493662, -0.19753275279333296]","[-0.7070538841645465, 0.7071596741479538, -5.215933335300793e-06, -1.093536453067312e-05]","[449.8936108911558, 29.99552272569957, 18.77198685014239]",4.819999999999944,100.0,0.0,"[55.38629967482834, 122.34714668425468, 122.3471466842547]",39
267,1883267586,settled,Rf1a_0007,unmatched,,"[-0.31654266807496767, 0.7193013611458268, 0.15715600459856857, 0.5980871854172737]","[-0.5000662517514056, 0.4999751541108187, 0.5000877011785938, 0.4998708635848587]","[450.4199694069467, 6.223284794462085, 29.99496604333303]",4.959999999999991,100.0,0.0,"[55.38629967482834, 114.50649354028103, 114.50649354028104]",34
268,474705099,settled,Rf1a_0016,unmatched,,"[0.21873165072784517, -0.6332189067608778, 0.30525693972011464, -0.6767632391339983]","[-0.5000237835460392, -0.499934067250208, 0.5001054961869837, -0.49993663295915725]","[450.43445511894663, 18.77241320362279, 30.000135138423577]",4.969999999999994,100.0,0.0,"[55.38629967482834, 122.47569537422459, 122.47569537422457]",17
269,1696503777,settled,Rf1a_0011,unmatched,,"[-0.5875972952099113, 0.4340333022380417, -0.6364929058043413, 0.2474293678427903]","[0.00024619082479503584, 0.7070942014911435, -0.707119291101785, -0.00019431775269759057]","[449.7837606335348, 18.778034724892052, 39.9940227191087]",4.729999999999914,100.0,0.0,"[55.38629967482834, 122.69299369849406, 122.69299369849408]",9
270,1623912174,settled,Rf1a_0011,unmatched,,"[0.7522539142905933, 0.1549308557746745, 0.05438614146876464, 0.6380851243992035]","[0.7071871267250253, -5.034821551448382e-05, -0.00010001128677063446, 0.7070264176515634]","[449.86770406728084, 18.785409110972388, 40.00218471927179]",4.789999999999934,100.0,0.0,"[55.38629967482834, 115.93999464645981, 115.93999464645982]",16
271,2380680176,settled,Rf1a_0007,unmatched,,"[0.336042588214607, 0.7287339870388978, -0.08053921844792626, -0.5912153493712904]","[0.4999529725800407, 0.49994931328466713, 0.5000409716213322, -0.5000567328359503]","[450.04092587608596, 6.222739264874199, 30.005873343986824]",5.100000000000038,100.0,0.0,"[55.38629967482834, 122.45130041539238, 122.4513004153924]",25
272,3622048588,settled,Rf1a_0012,unmatched,,"[-0.19616592677403716, -0.3327489655198184, 0.5132945907767422, 0.7663717884928376]","[6.1945495737347755e-06, -1.5771827842181452e-05, 0.7071179551771469, 0.7070956068163397]","[450.036443464838, 29.992178103696318, 6.2320016894126455]",4.749999999999921,100.0,0.0,"[55.38629967482834, 116.22779147870159, 116.2277914787016]",21
273,3881848330,settled,Rf1a_0018,unmatched,,"[-0.5152420723142735, -0.7359701103176574, -0.3787059312666199, -0.22238574877853687]","[-0.6774067542324175, -0.6773325529524855, 0.20287494197264658, -0.2029346198921345]","[450.35246519209926, 27.138388525750152, 19.642516367185305]",4.269999999999761,100.0,0.0,"[55.38629967482834, 109.84878445162651, 109.84878445162653]",24
274,3493192325,settled,Rf1a_0005,unmatched,,"[0.5774921102786998, 0.09648544528746568, 0.025557378206479065, -0.8102717086463924]","[0.7071250157521596, 6.267277111210641e-06, -3.554800749761601e-06, -0.7070885461139876]","[449.76112575620283, 6.223373663266932, 40.003154048297056]",4.5899999999998675,100.0,0.0,"[55.38629967482834, 117.48154247809542, 117.48154247809543]",34
275,1815346335,settled,Rf1a_0009,unmatched,,"[0.2777221504941907, -0.6680519952292304, 0.6669217686384065, 0.17830393520992774]","[0.20301616160066757, -0.6774245454364053, 0.6773066344482737, -0.20282047801335024]","[450.48015325071657, 19.647439707923585, 39.994913274767285]",5.050000000000021,100.0,0.0,"[55.38629967482834, 122.8290868797314, 122.82908687973142]",27
276,3637393240,settled,Rf1a_0005,unmatched,,"[0.7553196358765062, -0.24492385367212738, -0.15447209870656786, -0.5879140449784855]","[0.7070819953121513, 6.183943648353268e-05, -4.4144621434285896e-05, -0.7071315621102789]","[450.1051228233225, 6.22977902232352, 40.000913956825144]",5.040000000000018,100.0,0.0,"[55.38629967482834, 121.83384857945119, 121.8338485794512]",42
277,3360495833,settled,Rf1a_0013,unmatched,,"[0.10811116254835264, 0.5111839287283958, -0.2434273997192518, -0.8171573095849841]","[-9.573346556757123e-05, 7.114470961158914e-05, 0.00011088736473799836, -0.999999986738763]","[450.32717982861624, 40.001524997168154, 6.213876380948065]",4.4699999999998274,100.0,0.0,"[55.38629967482834, 122.55840601183398, 122.558406011834]",16
278,1560027829,settled,Rf1a_0010,unmatched,,"[-0.2068224005022676, -0.8508258359786609, 0.4010009992602897, 0.26929183068548773]","[-0.04675048398410854, -0.9077157196940785, 0.41643237359437274, 0.02122834638094996]","[450.4471604994862, 31.872251678100845, 32.78973340369866]",4.5899999999998675,100.0,0.0,"[55.38629967482834, 115.61597423768826, 115.61597423768828]",18
279,446415368,settled,Rf1a_0001,unmatched,,"[-0.6447038919539761, 0.0033417160762772937, 0.7642309258427562, 0.017228366683615156]","[-0.9999999676906685, 0.0001045364708379171, -0.0001603422865036591, 0.00016727563932966705]","[450.25793192738774, 39.99482396823408, 18.771253044953323]",4.990000000000001,100.0,0.0,"[55.38629967482834, 113.51690402974606, 113.51690402974607]",18
280,2051490765,settled,Rf1a_0007,unmatched,,"[0.5677612886585218, -0.042225915797724375, -0.632701809267735, -0.5249309589700275]","[0.50004784842576, -0.49999235994808106, -0.5000141494433765, -0.4999456366793629]","[450.45611603598473, 6.224272230240574, 30.003642392866553]",4.5599999999998575,100.0,0.0,"[55.38629967482834, 119.48987526599397, 119.48987526599397]",36
281,425018833,settled,Rf1a_0012,unmatched,,"[0.6177933086006123, -0.09183552083351545, 0.46035819729377525, -0.6308470457614677]","[1.0636495941962478e-05, -6.873015652414384e-05, 0.7070651132374745, -0.70714844326033]","[450.1335984926618, 30.001724649587768, 6.220674081783702]",5.230000000000081,100.0,0.0,"[55.38629967482834, 122.22855661233893, 122.22855661233895]",26
282,768002776,settled,Rf1a_0017,unmatched,,"[0.5416438597008607, -0.6263103578778557, 0.49528465035784297, 0.2627743898921201]","[0.6224733027207205, -0.6225002911068692, 0.33548371750967293, 0.3353670381204919]","[449.6837491066903, 19.649239325573337, 27.127868820775372]",4.4999999999998375,100.0,0.0,"[55.38629967482834, 113.51194340390992, 113.51194340390994]",27
283,124666021,settled,Rf1a_0007,unmatched,,"[-0.6417760342896773, 0.38975195315750033, 0.3408201163805919, 0.5657372049738714]","[-0.49994506422998913, 0.5000626561325919, 0.4999686577416571, 0.5000236134121019]","[449.83053337004094, 6.225957880165445, 29.996539387518347]",4.729999999999914,100.0,0.0,"[55.38629967482834, 117.96489127245898, 117.964891272459]",36
284,3632654363,settled,Rf1a_0007,unmatched,,"[0.7051862874546008, 0.08985479266585855, 0.5677062028398622, -0.4151482668615129]","[0.49998535733211524, 0.5001018476887588, 0.4999101994687479, -0.5000025768522433]","[450.24204458322384, 6.225566948238478, 30.00110051689983]",4.949999999999988,100.0,0.0,"[55.38629967482834, 118.34929429542017, 118.34929429542018]",29
285,703561134,settled,Rf1a_0005,unmatched,,"[-0.07417779627216181, -0.49461589080912516, -0.8617672132428539, 0.08491198548465884]","[0.00016080262908336226, -0.7070797613428081, -0.7071337807149001, 3.7600049819842376e-05]","[450.3654115576758, 6.230193719715245, 40.00039574383503]",5.070000000000028,100.0,0.0,"[55.38629967482834, 115.77347414849632, 115.77347414849632]",33
286,3121521016,settled,Rf1a_0007,unmatched,,"[0.010537906009646474, -0.8102638762609328, -0.3503888545444036, -0.4696690898649817]","[0.49998403296072713, -0.4999727758457624, -0.49998393611130354, -0.5000592503174575]","[449.8912560186311, 6.222413102767702, 29.995627872507693]",5.310000000000108,100.0,0.0,"[55.38629967482834, 119.26412471724116, 119.26412471724116]",32
287,2633462982,settled,Rf1a_0007,unmatched,,"[-0.6696015768829735, -0.5238860473033524, -0.12537979712777328, 0.5113287046009672]","[-0.49996139442511967, -0.4999566151477661, -0.49999307632946044, 0.5000889027733777]","[450.0510973009819, 6.225978570006768, 29.999179868893943]",4.929999999999981,100.0,0.0,"[55.38629967482834, 117.63805977604684, 117.63805977604686]",28
288,3761640212,settled,Rf1a_0007,unmatched,,"[-0.5021713166671637, 0.3763741243342449, 0.7778556823101909, 0.03327198139794165]","[-0.49998878331929364, 0.4999808425047664, 0.49999983239652684, 0.5000305403538483]","[450.13946208165663, 6.241352866458584, 29.99671009637498]",4.949999999999988,100.0,0.0,"[55.38629967482834, 120.30583085449027, 120.30583085449028]",21
289,1285634449,settled,Rf1a_0013,unmatched,,"[-0.06179464665889061, 0.12239474429666039, 0.989804171696417, 0.038583026128440265]","[-7.982353108605668e-06, -3.7779232617274343e-06, 0.9999999990205134, -4.3370298072731536e-05]","[450.01575357298134, 39.99555589515961, 6.223883175708423]",4.709999999999908,100.0,0.0,"[55.38629967482834, 114.76925471001232, 114.76925471001233]",21
290,1184822575,settled,Rf1a_0010,unmatched,,"[0.08288139339956037, 0.8356324246838398, -0.34553634299367453, -0.41887201042288746]","[0.046696437313277016, 0.9076573746854157, -0.4165592970560135, -0.021351462657768185]","[449.7745911201595, 31.86911474889616, 32.79068452933004]",4.669999999999894,100.0,0.0,"[55.38629967482834, 119.41834133034999, 119.41834133035]",26
291,3115268231,settled,Rf1a_0018,unmatched,,"[-0.8358054346397688, -0.3199395351726686, -0.40994245749741026, -0.17611118874480403]","[-0.6773045774713689, -0.6773195656568224, 0.2030216056207327, -0.20317220027839367]","[449.80671478436443, 27.136089935927153, 19.648030918171326]",4.289999999999767,100.0,0.0,"[55.38629967482834, 122.53773338996359, 122.53773338996358]",19
292,159930596,settled,Rf1a_0001,unmatched,,"[0.07029200069442101, 0.8121000458651979, 0.19429839282092132, -0.5457111733246133]","[0.0001261983630599524, 0.999999980709035, 5.02988764348733e-05, 0.00014186587295091075]","[450.27902455770044, 39.994260539334675, 18.77362141679615]",4.789999999999934,100.0,0.0,"[55.38629967482834, 114.67500506022354, 114.67500506022355]",20
293,2990616242,settled,Rf1a_0006,unmatched,,"[0.39931632781484955, -0.8914822639433736, -0.10430196937727094, -0.18688751322355332]","[0.6773331687233154, -0.6773183569072443, -0.20302921369701094, -0.20307328807422492]","[450.0229961825901, 28.478913328028515, 19.646836907856578]",4.819999999999944,100.0,0.0,"[55.38629967482834, 121.36104592024859, 121.3610459202486]",36
294,188957523,settled,Rf1a_0012,unmatched,,"[0.47510104677309783, 0.5299293470096674, 0.42235268641611745, 0.5613128279400916]","[7.643599975365456e-05, 5.5724003682922074e-05, 0.7071246456798895, 0.7070889099147746]","[449.7169873253975, 29.99686485931472, 6.224987291312779]",5.310000000000108,100.0,0.0,"[55.38629967482834, 117.80761911468238, 117.8076191146824]",31
295,481643049,settled,Rf1a_0013,unmatched,,"[-0.21476873217317644, -0.056308315502426265, -0.9350997853314761, 0.27621034875441053]","[-5.0632732529656324e-05, 6.914516382444669e-05, -0.99999999319537, -7.914880083098109e-05]","[449.85123872538884, 40.00403722350828, 6.2210183220354835]",4.839999999999951,100.0,0.0,"[55.38629967482834, 122.5197193484998, 122.5197193484998]",30
296,2386476367,settled,Rf1a_0017,unmatched,,"[0.41604402109894867, 0.7547056021612667, 0.10448879305651773, 0.4963959293747375]","[0.6225291444370757, 0.6225171608116846, -0.33532606515162844, 0.3353897417204762]","[450.34873478028544, 19.643084331512327, 27.12291415737302]",4.289999999999767,100.0,0.0,"[55.38629967482834, 120.90462872002503, 120.90462872002504]",30
297,533239478,settled,Rf1a_0007,unmatched,,"[-0.4048579522964122, 0.7546106910868032, 0.5160774362278959, 0.017799527417749247]","[-0.5000379156270758, 0.49992077258324313, 0.5000298748207334, 0.5000114282312601]","[450.2290923078063, 6.228282840126803, 29.9993123119807]",5.100000000000038,100.0,0.0,"[55.38629967482834, 118.39206688295093, 118.39206688295094]",40
298,1781618497,settled,Rf1a_0012,unmatched,,"[-0.05099139373989536, 0.34612407464907746, 0.82357526110958, -0.446454691991326]","[-1.747424859666058e-05, -7.258401612214582e-05, 0.7070531257485972, -0.707160428612454]","[450.1224551389495, 30.00679309249762, 6.224632009863172]",4.429999999999814,100.0,0.0,"[55.38629967482834, 113.56785039344143, 113.56785039344143]",21
299,3019699939,settled,Rf1a_0008,unmatched,,"[-0.7295158589622052, 0.11959716108047205, -0.0508877389231582, -0.6715009818395025]","[-0.677338052054535, 0.20282944975866868, 0.20309482989043998, -0.6773668633918676]","[449.7053325267777, 19.63972996559423, 39.98964474300888]",4.419999999999811,100.0,0.0,"[55.38629967482834, 118.81026446253716, 118.81026446253715]",34
300,2541693149,settled,Rf1a_0012,unmatched,,"[0.08045852992811474, 0.40327625655887533, -0.378121920292795, -0.8294085237395116]","[0.00012159178025103468, -0.0001421814374786834, -0.7070703559142564, -0.7071431798350066]","[449.91353154132497, 30.000695829882602, 6.218936386325494]",4.569999999999861,100.0,0.0,"[55.38629967482834, 122.16562445272423, 122.16562445272424]",26
301,2084280921,settled,Rf1a_0007,unmatched,,"[0.619849051548462, 0.00741623529008566, 0.671735423160493, -0.4055905250618995]","[0.5000066359946693, 0.49998433854218904, 0.4999694846385238, -0.5000395380408563]","[449.7770312467517, 6.230169776785038, 30.00097370376519]",5.200000000000071,100.0,0.0,"[55.38629967482834, 119.02887800173221, 119.02887800173222]",38
302,1270096408,settled,Rf1a_0007,unmatched,,"[0.4349517640743151, 0.5834549578223276, 0.4957376592549344, -0.473963551676314]","[0.5000098617829849, 0.4999641412058087, 0.5000231706488818, -0.5000028244343604]","[449.80163338108764, 6.232219531706885, 29.998037573979786]",4.809999999999941,100.0,0.0,"[55.38629967482834, 109.11068904621872, 109.11068904621874]",29
303,386839995,settled,Rf1a_0007,unmatched,,"[-0.00029784170792755655, 0.7696289460833465, 0.4092458033581264, -0.4900908783835057]","[0.4999954873394381, 0.5000111076815902, 0.5000555530817635, -0.49993784480405024]","[449.87146914176486, 6.23285991970632, 29.99487570745877]",4.329999999999781,100.0,0.0,"[55.38629967482834, 121.24038194286072, 121.24038194286074]",35
304,1683487450,settled,Rf1a_0006,unmatched,,"[0.8246709982353464, 0.4049014931673811, -0.354562797520974, -0.17394754414605393]","[0.6773327028366016, 0.6773183890713942, 0.20309822780333656, -0.20300571262144212]","[449.8757123472016, 28.477341179796863, 19.64564694307899]",5.080000000000031,100.0,0.0,"[55.38629967482834, 120.91044802071643, 120.91044802071643]",37
305,600956363,settled,Rf1a_0005,unmatched,,"[0.05725477910805818, -0.7446815581501165, -0.42402949309232957, 0.5122209056728005]","[-2.04181885299776e-05, -0.7070950308442439, -0.7071185307961814, 1.8523643535175695e-05]","[450.1217383077527, 6.226913962061785, 39.99826257556548]",4.859999999999958,100.0,0.0,"[55.38629967482834, 122.18436760917919, 122.1843676091792]",33
306,2578686602,settled,Rf1a_0017,unmatched,,"[-0.6455400009938469, 0.5753806031681371, -0.45602070897125385, -0.21038151440677957]","[-0.6224587038225569, 0.6225131966994464, -0.33539965493500457, -0.33545424939931634]","[450.13175836335154, 19.649514175795453, 27.130302775412538]",4.509999999999841,100.0,0.0,"[55.38629967482834, 109.63212197437086, 109.63212197437086]",30
307,550025147,settled,Rf1a_0018,unmatched,,"[0.7099573476934985, 0.4430098413877016, -0.5402946446097417, -0.08823005097861712]","[0.6773348525029202, 0.6773113873018622, -0.20307402358615, 0.20304611092214]","[449.8093812653829, 27.128859204977132, 19.63831240400145]",4.990000000000001,100.0,0.0,"[55.38629967482834, 119.45199315211164, 119.45199315211164]",29
308,1509445469,settled,Rf1a_0014,unmatched,,"[0.9208464586619982, -0.10826634392482577, 0.1606188773439282, 0.3384106596778303]","[0.936420014970242, -0.01781056330933826, 0.04811449401464235, 0.3471099751713439]","[449.9985411804958, 32.79152886428516, 31.856547040341972]",4.249999999999754,100.0,0.0,"[55.38629967482834, 110.03600987987332, 110.03600987987333]",25
309,552659270,settled,Rf1a_0011,unmatched,,"[-0.34640532390679185, -0.6487665398120545, -0.24996936788830862, -0.6297782494710692]","[-0.7071591223413723, 1.2578918283496728e-06, 3.085273152373072e-05, -0.7070544354828041]","[450.03700062430386, 18.7868126554653, 39.998963173107626]",4.719999999999911,100.0,0.0,"[55.38629967482834, 122.76496941608956, 122.76496941608956]",20
310,3395655849,settled,Rf1a_0009,unmatched,,"[0.5603417992438583, 0.49806016357495975, 0.09112456464104907, 0.6554765100282535]","[0.6772796873336762, 0.20284267173379056, 0.20278738043488562, 0.6775133607431315]","[450.4205177754666, 19.649882507117077, 39.999327648460785]",4.839999999999951,100.0,0.0,"[55.38629967482834, 122.71730950918031, 122.71730950918032]",31
311,1961580372,settled,Rf1a_0017,unmatched,,"[-0.5267491122142659, -0.6341667673888417, 0.5046523934663464, -0.2563081069528572]","[-0.62253403009169, -0.6225365605296463, 0.3352804325505385, -0.33539028568287543]","[450.22415481111136, 19.661489544845185, 27.121290061676028]",4.739999999999918,100.0,0.0,"[55.38629967482834, 114.5700101080819, 114.57001010808192]",27
312,3285284101,settled,Rf1a_0007,unmatched,,"[-0.2519624256778158, 0.2653646457256403, 0.5632789689319362, 0.7408193733997723]","[-0.49998748855813885, 0.5000718494425449, 0.49994416358179306, 0.49999648996861873]","[449.68421995111163, 6.228212955396417, 30.001417335914013]",4.909999999999974,100.0,0.0,"[55.38629967482834, 107.46117828546966, 107.46117828546967]",24
313,1198512540,settled,Rf1a_0008,unmatched,,"[-0.5722362350782845, 0.014963805074935542, 0.16570812642957897, -0.8030333695658658]","[-0.677363337996437, 0.2029295084056863, 0.2028494195533534, -0.677385145942409]","[450.3016656779075, 19.64863846366232, 40.00380268600912]",4.769999999999928,100.0,0.0,"[55.38629967482834, 116.78569379641468, 116.78569379641466]",29
314,3013583232,settled,Rf1a_0008,unmatched,,"[-0.17446144255530435, -0.5956220013565717, 0.7794641289237983, 0.08504885820855318]","[-0.20303823528417966, -0.6772817654614354, 0.677326338046446, 0.20320904747259377]","[449.9541838506355, 19.654804157756438, 40.00223612474301]",4.439999999999817,100.0,0.0,"[55.38629967482834, 117.58850184084602, 117.58850184084604]",20
315,236571778,settled,Rf1a_0004,unmatched,,"[-0.6240787190797052, -0.5692921078989122, 0.39592930131645515, 0.3601003146831605]","[-0.7071998638748228, -0.707013678050286, 6.711313068061277e-05, -8.414907384746152e-05]","[449.98915075431506, 29.998444456720364, 18.774151294442376]",4.929999999999981,100.0,0.0,"[55.38629967482834, 112.85789129264863, 112.85789129264865]",25
316,4101237787,settled,Rf1a_0007,unmatched,,"[0.22137631792077062, -0.872870171370165, -0.27042651689298136, -0.3405285432341773]","[0.49998073128550047, -0.49999405230814653, -0.5000505266635168, -0.49997468614244284]","[449.91863174294065, 6.22723257979313, 30.00101202947412]",5.270000000000095,100.0,0.0,"[55.38629967482834, 112.88709015670437, 112.88709015670439]",31
317,3459630954,settled,Rf1a_0007,unmatched,,"[0.14984913631728244, -0.7555079338458067, -0.5355197552076315, -0.3463691528172838]","[0.499933648844746, -0.5000187138084813, -0.5000071663232909, -0.500040464582061]","[449.67167791731936, 6.233644031951955, 29.99991182609519]",5.310000000000108,100.0,0.0,"[55.38629967482834, 122.14507848256626, 122.14507848256628]",41
318,1119814818,settled,Rf1a_0005,unmatched,,"[-0.6971165871654177, -0.13189122910838355, 0.449280586155775, 0.5429365731709773]","[-0.7071243690321903, 6.94135449121498e-05, -7.372191558182339e-05, 0.7070891856531718]","[450.3411229764615, 6.229600564636908, 40.005938122963656]",4.859999999999958,100.0,0.0,"[55.38629967482834, 122.25132564337403, 122.25132564337403]",26
319,342980811,settled,Rf1a_0007,unmatched,,"[0.030532435525299394, 0.7782847485238531, 0.3908315324615853, 0.4905011048201471]","[-0.49998210812666305, 0.499958638719685, 0.49999354833460036, 0.5000656984302694]","[449.9500713180247, 6.226709287424935, 29.991016657944943]",5.570000000000195,100.0,0.0,"[55.38629967482834, 121.23680958331978, 121.2368095833198]",37
320,3566514477,settled,Rf1a_0005,unmatched,,"[0.4167803399879383, -0.48067880125688306, 0.1608241271501632, -0.7545711618847971]","[0.7070751923257759, 2.9541653109459147e-05, 4.725903543730641e-05, -0.7071383664399362]","[449.7285591222538, 6.220595908210738, 39.995758631631304]",5.230000000000081,100.0,0.0,"[55.38629967482834, 122.98117407037905, 122.98117407037905]",37
321,4025272107,settled,Rf1a_0013,unmatched,,"[0.21014813389143402, -0.13121837656388724, 0.9665897820764848, 0.06575479191069845]","[5.2334844671305526e-05, 3.4066212572514414e-06, 0.9999999985236677, 1.4217020703568222e-05]","[449.8228788881667, 40.00068872273571, 6.22421663409763]",4.749999999999921,100.0,0.0,"[55.38629967482834, 114.20756015725992, 114.2075601572599]",28
322,1181857748,settled,Rf1a_0017,unmatched,,"[0.5202040659321218, -0.02133506390474298, -0.8182722554790269, 0.24364535856267633]","[0.6225690053144411, 0.622520155179367, -0.3353086492980854, 0.33532760059848615]","[450.4156549970978, 19.656659123586323, 27.1198431184084]",4.839999999999951,100.0,0.0,"[55.38629967482834, 121.37784642176295, 121.37784642176297]",24
323,268707656,settled,Rf1a_0011,unmatched,,"[0.10301261730232424, 0.7022709010576099, -0.7036647303319815, -0.03255655834201603]","[0.0008565041885689721, 0.7071104880061808, -0.7071020823526047, -0.0008180983109465275]","[449.71368236246093, 18.795557036731772, 40.000503630668845]",4.509999999999841,100.0,0.0,"[55.38629967482834, 115.51804999914489, 115.5180499991449]",21
324,975960072,settled,Rf1a_0004,unmatched,,"[0.7582962679941282, -0.5242043249157421, -0.3859285340466686, 0.035436736508854615]","[0.7070892523760927, -0.7071242935658006, -0.00014001343326755514, 5.495019870027652e-05]","[449.71781484360093, 29.99753087482914, 18.77170614460289]",4.549999999999854,100.0,0.0,"[55.38629967482834, 117.48265361603777, 117.48265361603777]",29
325,2687390525,settled,Rf1a_0007,unmatched,,"[0.529971148785165, 0.0935671250492551, -0.7368673974424962, -0.4091481555032011]","[0.4999932083384509, -0.5000384628543454, -0.4999949273420163, -0.4999733992063357]","[450.1163425798125, 6.2276960676395685, 30.00338823064555]",4.509999999999841,100.0,0.0,"[55.38629967482834, 121.52457634094722, 121.52457634094723]",26
326,745340072,settled,Rf1a_0017,unmatched,,"[0.7861852005525131, -0.41018944092891435, 0.2594748041369611, 0.3825314091688619]","[0.6225319997670996, -0.6224890383149203, 0.3354836200661693, 0.33527905856322127]","[449.9523804078203, 19.651667819507004, 27.12252585816687]",4.779999999999931,100.0,0.0,"[55.38629967482834, 112.07012282469708, 112.0701228246971]",27
327,2708790030,settled,Rf1a_0007,unmatched,,"[-0.40010769300529814, -0.46229958432576546, -0.7355170739389548, 0.2919033440618327]","[-0.4998866881098154, -0.49991187051459574, -0.49996476599467954, 0.5002365975546808]","[449.9569654663401, 6.228009459413757, 29.99641231183045]",4.809999999999941,100.0,0.0,"[55.38629967482834, 117.8952462975832, 117.89524629758321]",23
328,3867797169,settled,Rf1a_0013,unmatched,,"[0.27252022960366223, -0.4710032195972138, -0.05749293677220416, -0.8370085147757659]","[-4.610767950535832e-05, -5.854226171944971e-07, -5.129592343870284e-05, -0.9999999976212337]","[450.4023170667863, 40.004826870482724, 6.221943256459358]",5.140000000000051,100.0,0.0,"[55.38629967482834, 115.92592104011109, 115.9259210401111]",32
329,2098479478,settled,Rf1a_0011,unmatched,,"[0.15298370120063826, 0.6826603934028278, -0.3570083518569619, -0.6189634974297159]","[0.0003085494494995065, 0.7071559938683277, -0.7070574458708175, -0.000270872610166556]","[450.3123400986468, 18.7820537786758, 39.99103830745075]",5.140000000000051,100.0,0.0,"[55.38629967482834, 121.99040020616376, 121.99040020616377]",26
330,931152868,settled,Rf1a_0014,unmatched,,"[-0.07699985549756341, 0.8909419945389845, -0.24586779421207117, -0.37395509408155014]","[0.017847801321673552, 0.9364916108156783, -0.34690180599514553, 0.04820846250550581]","[450.17268673844563, 32.793267329167556, 31.853870345564957]",4.649999999999888,100.0,0.0,"[55.38629967482834, 111.31908915338839, 111.3190891533884]",20
331,1558597429,settled,Rf1a_0017,unmatched,,"[-0.05032807851328375, 0.6995851474338736, -0.399069134252301, 0.5905857533755833]","[0.6224406941733435, 0.6224967692654318, -0.33545773552363994, 0.33546007537180605]","[450.38270865690345, 19.646707946318593, 27.11347129679245]",4.609999999999874,100.0,0.0,"[55.38629967482834, 121.10821812244437, 121.10821812244437]",25
332,4250729804,settled,Rf1a_0006,unmatched,,"[-0.5179918142254788, 0.8470059183462957, 0.021460460551873155, -0.11749426928428096]","[-0.6774065691266321, 0.6773319952570159, 0.20292930857987862, 0.20288273466346926]","[450.35395622211666, 28.494213832719197, 19.641593827769835]",4.979999999999998,100.0,0.0,"[55.38629967482834, 118.00647707081366, 118.00647707081367]",28
333,4147647222,settled,Rf1a_0016,unmatched,,"[0.12615750889557242, 0.8556727900390604, -0.30344808093154096, 0.39978446882663954]","[0.5000043975622859, 0.5001581113715854, -0.4998550369951831, 0.4999824077286405]","[450.42694319899846, 18.78078327087459, 29.99278243200554]",4.779999999999931,100.0,0.0,"[55.38629967482834, 114.141964636669, 114.14196463666902]",15
334,546835206,settled,Rf1a_0017,unmatched,,"[0.4747277603993977, -0.6651193289938975, 0.40724489525343527, 0.4079233101881997]","[0.6224513963390593, -0.6224880398135884, 0.3354258951277295, 0.3354882536875965]","[449.67881800434094, 19.653262237738893, 27.128190890162504]",4.5899999999998675,100.0,0.0,"[55.38629967482834, 108.03242485191679, 108.0324248519168]",34
335,3200495743,settled,Rf1a_0018,unmatched,,"[-0.7212814251850905, 0.5185469572284966, -0.03279668505260917, -0.45802460226672564]","[-0.6774721706762556, 0.6771914778361476, -0.2030349858937583, -0.20302698049377146]","[450.2343956829895, 27.12039505447014, 19.640432972944808]",4.899999999999971,100.0,0.0,"[55.38629967482834, 115.63075764222042, 115.63075764222043]",39
336,2348890405,settled,Rf1a_0015,unmatched,,"[-0.3176050939804824, -0.28922093024306683, 0.616076618705389, -0.6602483303057408]","[-0.33535832193653337, -0.33533579488180715, 0.6225355001877048, -0.6225224908265913]","[450.30234958172446, 19.644534899525123, 28.474615863303235]",5.010000000000008,100.0,0.0,"[55.38629967482834, 102.35871094993269, 102.3587109499327]",29
337,4061647453,settled,Rf1a_0012,unmatched,,"[0.2508877114037342, -0.15163781220023995, 0.7535005001501298, -0.588471177247642]","[-4.282403568373061e-05, -5.837345285952811e-05, 0.707133728934976, -0.7070798287047637]","[450.11095511853597, 30.002305937969467, 6.224852234183599]",4.759999999999924,100.0,0.0,"[55.38629967482834, 112.47048017526213, 112.47048017526214]",30
338,2968043584,settled,Rf1a_0017,unmatched,,"[-0.35150377954755807, -0.700554371236003, 0.6195805777205756, -0.04229153127220831]","[-0.6224809462414128, -0.6223517365774606, 0.33561909078298524, -0.33549309001440974]","[449.8663716377825, 19.64714241085411, 27.130571230279262]",4.909999999999974,100.0,0.0,"[55.38629967482834, 121.95284090656752, 121.95284090656753]",40
339,3422452170,settled,Rf1a_0009,unmatched,,"[0.3118768852079661, -0.6471205612970246, 0.6816277895163125, 0.13910910889911815]","[0.20276694927425537, -0.677366312735523, 0.677430256281847, -0.20285140011102787]","[450.36108513625965, 19.650194846818312, 39.99822654175925]",5.0300000000000145,100.0,0.0,"[55.38629967482834, 122.80474212897202, 122.80474212897204]",33
340,1734648617,settled,Rf1a_0017,unmatched,,"[0.3134098285251556, -0.38860391678069645, 0.2746942883010107, 0.8217690206021003]","[0.6226174809684829, -0.622554325207608, 0.3352516491088601, 0.3352311386604033]","[450.0119313302629, 19.661944612847577, 27.123216973179876]",4.859999999999958,100.0,0.0,"[55.38629967482834, 112.22413654547526, 112.22413654547525]",28
341,2090830508,settled,Rf1a_0012,unmatched,,"[0.19578986618197766, 0.057011685569233625, -0.8839591859764658, -0.4207518907109296]","[-5.903963150841185e-05, -8.987490792916608e-05, -0.7071123549138433, -0.7071011992388514]","[450.331611357379, 29.98976931253503, 6.223392727271921]",4.709999999999908,100.0,0.0,"[55.38629967482834, 121.67180233100608, 121.67180233100609]",22
342,3952832875,settled,Rf1a_0013,unmatched,,"[-0.44287830183887705, -0.037070952885603164, 0.87693113035891, -0.18296542520353493]","[0.00020016326953732364, -8.730124342604116e-06, 0.999999979928792, -9.306065231735019e-07]","[449.80881184875346, 40.001382581238616, 6.213657169528833]",4.599999999999871,100.0,0.0,"[55.38629967482834, 119.42114600978638, 119.4211460097864]",17
343,3817366363,settled,Rf1a_0007,unmatched,,"[0.6329807026932204, -0.4246937457648563, -0.5796698736189316, -0.28801647512742096]","[0.5000743664754366, -0.49994255483692734, -0.4999394748281268, -0.5000435894658521]","[450.1705233647785, 6.230563717123676, 29.991846216595455]",4.729999999999914,100.0,0.0,"[55.38629967482834, 107.78626018229168, 107.7862601822917]",26
344,401891113,settled,Rf1a_0015,unmatched,,"[0.445830858310104, -0.29384339024250955, 0.3955308816009174, 0.7472925996484009]","[0.33542911982911416, -0.3355761689618392, 0.6224526658593201, 0.6224376427885662]","[449.73325896173657, 19.64334067118943, 28.47360923854894]",5.0900000000000345,100.0,0.0,"[55.38629967482834, 116.49802504281772, 116.49802504281772]",38
345,225434681,settled,Rf1a_0017,unmatched,,"[-0.3912896982650508, 0.6237061331187186, -0.5782994858442289, -0.351358415601564]","[-0.6225337215011554, 0.6225590968149843, -0.33531091174463507, -0.3353185485949363]","[450.21790885834355, 19.66338714795783, 27.122583132748773]",4.569999999999861,100.0,0.0,"[55.38629967482834, 117.61057040164681, 117.61057040164681]",34
346,2594131664,settled,Rf1a_0018,unmatched,,"[0.9287638649349177, 0.1673585554405621, -0.2524568204596961, -0.21366878788298235]","[0.677318699549109, -0.6773524761148829, 0.2030439706431225, 0.20299297605487696]","[450.2742584525391, 27.128491683582038, 19.639785283482663]",4.859999999999958,100.0,0.0,"[55.38629967482834, 121.32571233563893, 121.32571233563894]",23
347,1003632784,settled,Rf1a_0005,unmatched,,"[-0.5534335173751268, 0.1501665188983372, -0.19810919181889083, 0.7949302526414607]","[-0.7070779122167129, -1.7423415709591234e-05, 2.9038432661116233e-05, 0.7071356481669188]","[450.2900543297066, 6.229849203732503, 39.986048204361396]",4.990000000000001,100.0,0.0,"[55.38629967482834, 113.00155401522454, 113.00155401522456]",37
348,1582205474,settled,Rf1a_0011,unmatched,,"[0.453668244587904, 0.3920223605087072, 0.1535447506293244, 0.785447389879099]","[0.7071328293213691, -0.0002223053332409807, -0.00029425515645258997, 0.7070806359179959]","[449.6699855763895, 18.776736856655106, 40.00148848033985]",4.719999999999911,100.0,0.0,"[55.38629967482834, 122.07790742333141, 122.07790742333142]",16
349,1175386389,settled,Rf1a_0012,unmatched,,"[-0.169876418588353, -0.4905923723818673, 0.6427253288901665, 0.5633518245034387]","[3.4313025108811956e-05, -5.927278430009619e-05, 0.7070601183051651, 0.7071534376722206]","[449.88403037990355, 30.002880996462263, 6.223831604991667]",4.639999999999884,100.0,0.0,"[55.38629967482834, 118.49381723825365, 118.49381723825364]",30
350,3426315339,settled,Rf1a_0005,unmatched,,"[0.7619549124828563, -0.10773591762875073, 0.2103228261383814, -0.6029776050576822]","[0.7070850308048502, 0.00010105273026655722, -9.369133002508703e-06, -0.7071285236166543]","[449.9696415829752, 6.21964141568963, 39.99309336631056]",4.659999999999891,100.0,0.0,"[55.38629967482834, 117.69196720792712, 117.69196720792714]",34
351,1950208217,settled,Rf1a_0008,unmatched,,"[0.32467456317231624, -0.555252933700564, 0.724202560419202, -0.24861870228937888]","[-0.20306796743942693, -0.6772956293741884, 0.677385258332117, 0.20293654876579764]","[450.38841643392635, 19.65020188317853, 40.00369182362801]",4.669999999999894,100.0,0.0,"[55.38629967482834, 118.23716194781687, 118.23716194781689]",22
352,3843021671,settled,Rf1a_0017,unmatched,,"[-0.6004387263867339, 0.46022149587923483, -0.1398662779784892, -0.638832477939405]","[-0.622538411870631, 0.6224919654327984, -0.335425766562144, -0.3353195995515362]","[449.7100465257699, 19.65942274956228, 27.126624768880774]",5.000000000000004,100.0,0.0,"[55.38629967482834, 121.4723988706121, 121.47239887061211]",35
353,4285819425,settled,Rf1a_0009,unmatched,,"[0.10798352907547408, 0.7503078307153173, -0.5097169204095255, -0.40689848569871895]","[-0.20285920546231276, 0.6773536858412433, -0.6774154306731726, 0.20285083515322685]","[450.14904476603925, 19.653442041015772, 39.99670971275699]",5.1200000000000445,100.0,0.0,"[55.38629967482834, 122.39985375509622, 122.39985375509622]",29
354,3497012217,settled,Rf1a_0011,unmatched,,"[-0.03614389212516662, -0.47092224253230175, 0.8776470309927155, -0.08161831620453769]","[8.014844445348204e-05, -0.707109805005317, 0.7071037523647756, 2.5163931833053783e-05]","[449.7417140053917, 18.784968701858666, 39.99885670238247]",4.679999999999898,100.0,0.0,"[55.38629967482834, 113.19740373163401, 113.19740373163403]",20
355,2873029230,settled,Rf1a_0018,unmatched,,"[0.4628663485147122, -0.8593102772631258, 0.024602172352034594, 0.21618354220011224]","[0.6773647836208155, -0.6772866620380745, 0.20312537429624025, 0.20297736241428835]","[449.65087346180434, 27.124170118467017, 19.645291445352164]",4.759999999999924,100.0,0.0,"[55.38629967482834, 119.98281125307265, 119.98281125307265]",37
356,1554565609,settled,Rf1a_0017,unmatched,,"[-0.652094966003504, 0.3679621994719656, -0.4952347691569995, -0.44058880885770996]","[-0.6224841319091229, 0.6224917485853767, -0.3353781105738172, -0.33546840598244465]","[450.4649655190285, 19.648356876412137, 27.127758691185722]",4.779999999999931,100.0,0.0,"[55.38629967482834, 110.67796451858574, 110.67796451858575]",36
357,2965863122,settled,Rf1a_0002,unmatched,,"[-0.12769327799571875, -0.940130401887314, -0.03815505373810864, 0.31367729608013967]","[1.7771928648893653e-05, -0.9580915406473148, -1.8647503692237333e-05, 0.2864622123011757]","[449.7643176234233, 40.00477716629238, 19.64751372567266]",4.769999999999928,100.0,0.0,"[55.38629967482834, 118.72018235559376, 118.72018235559378]",20
358,288631476,settled,Rf1a_0013,unmatched,,"[0.15646738306889113, 0.4577879066219654, -0.17363200094501036, -0.8577879218280493]","[-1.785593736663982e-05, -9.569465154261928e-06, 1.995096897736739e-05, -0.9999999995957749]","[450.08430649647147, 39.99969631478731, 6.216439466996692]",4.679999999999898,100.0,0.0,"[55.38629967482834, 122.25599724319092, 122.25599724319093]",24
359,3535010220,settled,Rf1a_0017,unmatched,,"[-0.38296168635250694, 0.6040267022354994, 0.08806163065029556, -0.6933521752902795]","[-0.6224474659343038, 0.622460359372966, -0.3354960696725746, -0.3354767359974412]","[449.7843692357097, 19.647989036902704, 27.13101190552517]",5.130000000000048,100.0,0.0,"[55.38629967482834, 121.39976145214148, 121.39976145214149]",31
360,2618921339,settled,Rf1a_0005,unmatched,,"[0.7111506376373382, -0.1553816167939371, 0.3915002002004868, -0.5628933442433726]","[0.7070684539556482, -6.842859986242204e-05, 9.418935907860081e-05, -0.7071450967564301]","[450.3255260334647, 6.224492530923678, 40.00280380627721]",4.759999999999924,100.0,0.0,"[55.38629967482834, 121.2839769587196, 121.2839769587196]",33
361,1660890013,settled,Rf1a_0012,unmatched,,"[0.45280857555295406, 0.20066766691702484, 0.5321230520114401, 0.6866891137027097]","[-3.760290579490899e-05, -2.9381315727439183e-05, 0.7070831799369914, 0.707130380038188]","[450.1209956886417, 30.006015824947013, 6.225741053049112]",4.969999999999994,100.0,0.0,"[55.38629967482834, 115.48952657475009, 115.4895265747501]",34
362,4217470258,settled,Rf1a_0005,unmatched,,"[-0.705585590940385, 0.12040932334872317, -0.01745986958392375, 0.6981015124336307]","[-0.7070808361260887, -2.4000602219299297e-05, 6.813937916262504e-05, 0.7071327216048112]","[450.2507284926901, 6.225381629833899, 39.994563350134115]",4.939999999999984,100.0,0.0,"[55.38629967482834, 116.68198550432004, 116.68198550432004]",44
363,3876941340,settled,Rf1a_0001,unmatched,,"[-0.12107567680190418, 0.9796114234016763, 0.025284708254459297, -0.1583124226218193]","[-8.19866350423402e-05, 0.9999999925247319, -2.086249231580961e-05, 8.828071304553576e-05]","[450.248749808874, 40.00645470135115, 18.774593034221905]",4.569999999999861,100.0,0.0,"[55.38629967482834, 118.91315040258884, 118.91315040258884]",26
364,1763217951,settled,Rf1a_0004,unmatched,,"[0.3073770505126439, 0.9100429245687035, 0.09833167340130129, -0.26013862893981854]","[0.707153661585934, 0.7070598952074177, -1.4705030479955639e-05, 5.725944470966193e-05]","[449.75496515348476, 29.991854066302224, 18.773978262732054]",4.679999999999898,100.0,0.0,"[55.38629967482834, 121.73787196593881, 121.73787196593882]",24
365,4219013935,settled,Rf1a_0005,unmatched,,"[0.7454283172530326, -0.3094702124605008, -0.041500737105532565, -0.5889333580776878]","[0.707118907863024, 2.5138277940492638e-05, -0.00010259232082924418, -0.7070946464126898]","[450.03777984151594, 6.2238259485822605, 39.99790784150353]",5.050000000000021,100.0,0.0,"[55.38629967482834, 120.73805710058875, 120.73805710058876]",28
366,2392790572,settled,Rf1a_0011,unmatched,,"[0.506298281140592, -0.4800913546943908, 0.6900901351759378, -0.19222368999330575]","[-0.0002692489448706593, -0.7071296221126943, 0.7070838540473805, 0.00021995742003511764]","[449.8515708131959, 18.77973915169187, 39.99940099741353]",4.679999999999898,100.0,0.0,"[55.38629967482834, 122.59145671996127, 122.59145671996129]",25
367,1164810619,settled,Rf1a_0012,unmatched,,"[-0.38137065741942194, -0.17571490907316958, -0.402914362951204, -0.8132285708929016]","[-3.690592782221169e-05, -5.887593026679405e-05, -0.7071181861343506, -0.7070953726405254]","[450.36610140026977, 30.00351997531316, 6.221778113109344]",5.110000000000041,100.0,0.0,"[55.38629967482834, 113.57437690161082, 113.57437690161083]",20
368,2725202999,settled,Rf1a_0018,unmatched,,"[0.6020706777101422, 0.6374296419236787, -0.13537127254050507, -0.4613772525921334]","[0.6773350765420312, 0.6773161597628199, -0.2030181642190115, 0.20308529933771616]","[450.3480524680119, 27.130078258429762, 19.646752410310885]",4.689999999999901,100.0,0.0,"[55.38629967482834, 116.62018528930189, 116.6201852893019]",44
369,654768980,settled,Rf1a_0005,unmatched,,"[0.36951331627604517, 0.16361525016927125, -0.050278802764462525, -0.9133246963699704]","[0.7071148068859454, 4.486147188008696e-05, 6.150459922662848e-06, -0.7070987539462026]","[450.2229977920582, 6.221689926741738, 39.9943764331062]",4.659999999999891,100.0,0.0,"[55.38629967482834, 112.41228402982475, 112.41228402982476]",33
370,2221380443,settled,Rf1a_0013,unmatched,,"[-0.35836865151581215, 0.05949061892660346, 0.9295317164905558, 0.0632737221015895]","[1.6902115926873002e-05, 5.399304603415089e-07, 0.9999999998348588, 6.656550904959437e-06]","[450.27658019440645, 40.008067770907914, 6.227564043744471]",4.759999999999924,100.0,0.0,"[55.38629967482834, 115.32811462493876, 115.32811462493876]",36
371,476349535,settled,Rf1a_0016,unmatched,,"[0.09604740000755455, 0.7008195225679995, 0.19012996826416934, 0.6807918102527497]","[0.4999546962768473, 0.5000598959592372, -0.49992980505342877, 0.5000555890530605]","[450.12221206766026, 18.777752668316, 29.99699211087659]",4.629999999999881,100.0,0.0,"[55.38629967482834, 121.7309164105164, 121.7309164105164]",26
372,3612281220,settled,Rf1a_0004,unmatched,,"[0.6715049193823535, 0.5474979878976362, 0.17480186313158846, 0.46773005584317984]","[0.7071186054477563, 0.707094955595905, 2.9935431068300877e-05, -2.653894688220415e-05]","[450.22521057492577, 30.003355004825483, 18.774945432229504]",4.239999999999751,100.0,0.0,"[55.38629967482834, 115.70710165648207, 115.70710165648208]",25
373,1017460157,settled,Rf1a_0017,unmatched,,"[0.7624564013137765, 0.3983607319822863, -0.4894468025699346, 0.14286633880746705]","[0.6224475477397707, 0.6224732907491807, -0.3355183200256888, 0.33543033485922435]","[450.41265700591083, 19.65396492035442, 27.12835780616587]",4.769999999999928,100.0,0.0,"[55.38629967482834, 114.70403994247908, 114.7040399424791]",23
374,3334185002,settled,Rf1a_0016,unmatched,,"[0.29294854975408346, -0.3482776720377911, 0.3091249391142775, 0.8350602267947566]","[0.49996250481651416, -0.5000653904188113, 0.500000347951443, 0.499971750333271]","[450.4522642305258, 18.77420891147085, 29.998469577789137]",5.020000000000011,100.0,0.0,"[55.38629967482834, 110.22532234187507, 110.22532234187508]",22
375,36137377,settled,Rf1a_0012,unmatched,,"[-0.20545604068213918, -0.3180872002026298, 0.5867492465968921, 0.7157748738482309]","[-4.902843559057013e-06, 7.54184744267139e-07, 0.7071525495668165, 0.7070610098262698]","[450.1251744806031, 30.006299388875327, 6.217650738944248]",4.679999999999898,100.0,0.0,"[55.38629967482834, 111.21035327232946, 111.21035327232946]",28
376,289982995,settled,Rf1a_0018,unmatched,,"[0.44371958448672016, 0.8345991150536697, -0.14418709359260803, 0.29286059744506493]","[0.6772739996150502, 0.6774050448310728, -0.2030272089175261, 0.20298346514434332]","[450.00121564312855, 27.126863535430147, 19.64853088229921]",4.699999999999904,100.0,0.0,"[55.38629967482834, 116.87110825424861, 116.87110825424861]",29
377,437091509,settled,Rf1a_0007,unmatched,,"[0.46244359947511104, -0.1983497310405094, -0.8436222101105, -0.18736293152311587]","[0.5000355852585748, -0.5000686955607412, -0.49997149320938555, -0.49992421342966664]","[449.8796482630218, 6.232297287380339, 30.001492135755697]",4.859999999999958,100.0,0.0,"[55.38629967482834, 113.8983367926899, 113.8983367926899]",39
378,3839845437,settled,Rf1a_0018,unmatched,,"[0.35226777543534865, 0.934847391708788, 0.031132634150594862, -0.03159948885586536]","[0.6773012825728038, 0.6773217742838901, -0.20315775895669733, 0.20303968006734718]","[449.9026212268872, 27.128797864841708, 19.64415130506335]",4.749999999999921,100.0,0.0,"[55.38629967482834, 122.90682177292621, 122.90682177292622]",29
379,1660966759,settled,Rf1a_0001,unmatched,,"[-0.1517052857831241, -0.29127561974959143, -0.18264073679145526, 0.9267072789555645]","[-3.282531860986653e-05, -0.9999999837111984, -7.595664269743896e-05, 0.0001604078862259937]","[450.3453091666489, 40.001485409150305, 18.77080998478836]",5.130000000000048,100.0,0.0,"[55.38629967482834, 118.11840922473321, 118.11840922473323]",22
380,1637501604,settled,Rf1a_0001,unmatched,,"[0.18129149155088545, -0.6913895059743468, 0.032480297838960365, 0.6986121788031583]","[-8.987898845079567e-05, -0.9999999865564432, -9.5710511810454e-06, -0.00013681109573252879]","[449.9411000878202, 40.002908864411545, 18.770052472671114]",5.210000000000075,100.0,0.0,"[55.38629967482834, 117.28115493972525, 117.28115493972524]",17
381,485279111,settled,Rf1a_0002,unmatched,,"[-0.9312632588279296, -0.3349799535042644, 0.12213209572889121, 0.07497282641286965]","[-0.9579840568671477, -4.0250197727256805e-05, 0.2868214348539059, 9.836986249878167e-05]","[450.1667328022205, 40.00286761721088, 19.64760642493669]",4.839999999999951,100.0,0.0,"[55.38629967482834, 122.91077800387268, 122.9107780038727]",23
382,3762580992,settled,Rf1a_0015,unmatched,,"[0.1773482491946259, -0.3470449091463339, 0.7076768376718273, 0.5893224270007174]","[0.3354829302603548, -0.3354321066810666, 0.6225259193702195, 0.6224130341049185]","[450.058659310566, 19.654501629183294, 28.475139715116452]",4.979999999999998,100.0,0.0,"[55.38629967482834, 108.13423616755477, 108.13423616755479]",29
383,2423116493,settled,Rf1a_0016,unmatched,,"[0.29462108731827746, 0.6033356075849531, -0.42676698231237864, 0.6058502309444782]","[0.5000724001527168, 0.4999961220086042, -0.4999854317562231, 0.4999460377014717]","[450.14096677798256, 18.77182726992915, 29.996660034554285]",4.689999999999901,100.0,0.0,"[55.38629967482834, 109.11818275863538, 109.11818275863538]",26
384,4174505831,settled,Rf1a_0017,unmatched,,"[0.2244048008060311, 0.5715964015653734, -0.6853403945532466, 0.39144422678885216]","[0.6225517208811752, 0.6225713518331141, -0.33529724265136035, 0.3352760441411987]","[449.68707776716377, 19.649877469761837, 27.122014379748304]",4.819999999999944,100.0,0.0,"[55.38629967482834, 121.20579496835582, 121.20579496835582]",31
385,2525438779,settled,Rf1a_0009,unmatched,,"[-0.6897378057101372, -0.14439285100342594, -0.2628215548777614, -0.6590427104861286]","[-0.6775242225667926, -0.20247790537176102, -0.20247723025540199, -0.6774707350872277]","[450.28069467985983, 19.649572501770464, 40.00415714454246]",4.809999999999941,100.0,0.0,"[55.38629967482834, 117.3214914784325, 117.32149147843252]",17
386,1288210302,settled,Rf1a_0018,unmatched,,"[0.04615286212208781, -0.6333120855466261, 0.5372564310861841, -0.5551047134325727]","[-0.6773123956038483, -0.6772981919027016, 0.2031122454141011, -0.20312679234790654]","[449.94918565651096, 27.117363298136457, 19.653838818236636]",4.6199999999998775,100.0,0.0,"[55.38629967482834, 122.79127346082825, 122.79127346082826]",27
387,2398396039,settled,Rf1a_0003,unmatched,,"[0.7576079537954379, -0.18841092674201143, 0.5765840312664487, -0.24100283383943177]","[0.9579375624195301, -1.1085972853736026e-06, 0.28697669456044167, 5.73032561477782e-05]","[449.95174978736276, 40.01569263234413, 19.647096816165035]",4.6199999999998775,100.0,0.0,"[55.38629967482834, 123.04722322176085, 123.04722322176085]",18
388,701727153,settled,Rf1a_0007,unmatched,,"[0.19212178778999547, -0.6549558889125926, -0.32855242530116996, -0.6528210367809931]","[0.4999490716920441, -0.49993928905840096, -0.5000773415882569, -0.5000342842246578]","[449.9175907166303, 6.218272165203575, 30.00090603716063]",4.879999999999964,100.0,0.0,"[55.38629967482834, 110.68349684074457, 110.68349684074458]",42
389,1545886231,settled,Rf1a_0005,unmatched,,"[0.6603699745772341, -0.13748381202057905, -0.26800047012429995, -0.6878847622402371]","[0.7071549621393167, 2.2136218683025013e-05, -2.1297222344504732e-05, -0.7070585962833335]","[449.8615781963699, 6.221622075702041, 39.99665714954749]",4.949999999999988,100.0,0.0,"[55.38629967482834, 122.95742170384057, 122.95742170384057]",25
390,1745869872,settled,Rf1a_0007,unmatched,,"[-0.447504222096961, 0.26585095795835, 0.8533219872333381, 0.030080316856180497]","[-0.49992447180872557, 0.49999384561545396, 0.500020544274826, 0.500061128399862]","[449.70554783141137, 6.227979374734565, 30.000086180024123]",4.939999999999984,100.0,0.0,"[55.38629967482834, 116.0269228152362, 116.0269228152362]",37
391,406022352,settled,Rf1a_0011,unmatched,,"[-0.3653408397420556, 0.6171309206484219, -0.6060321330849663, 0.3440938117209992]","[0.00012686390619851822, 0.7070963118006274, -0.7071172303116333, -0.00011108511984496518]","[450.07359131864877, 18.774153524119345, 39.99943530023153]",4.6199999999998775,100.0,0.0,"[55.38629967482834, 113.33921907212273, 113.33921907212275]",20
392,1249401832,settled,Rf1a_0013,unmatched,,"[-0.1733833582670486, 0.1891697261426468, -0.9649533349426495, -0.05493712014854206]","[-3.62162245931377e-05, 2.7435372999651264e-05, -0.9999999984194177, 3.3118729376350594e-05]","[450.00788068292866, 40.00459128711671, 6.229822527293163]",4.819999999999944,100.0,0.0,"[55.38629967482834, 112.26839932931041, 112.26839932931043]",19
393,3632292210,settled,Rf1a_0012,unmatched,,"[-0.016288161035539764, 0.41417340070696734, 0.444247711431849, -0.79425377609708]","[-2.528864421807997e-05, -7.344538275569357e-05, 0.7070517277196164, -0.7071618261013285]","[450.1638463514442, 30.00073855521306, 6.216902508526568]",4.5299999999998475,100.0,0.0,"[55.38629967482834, 120.6069292976864, 120.60692929768642]",24
394,2973749025,settled,Rf1a_0016,unmatched,,"[-0.257487360526622, 0.7199862692742867, -0.4075739458834495, -0.4992028744533857]","[-0.5000928891794043, 0.4999986391872072, -0.49999784576713246, -0.499910609240656]","[450.07696498870416, 18.773231646985167, 29.99148595145861]",4.699999999999904,100.0,0.0,"[55.38629967482834, 114.4042217567127, 114.40422175671272]",20
395,1941028596,settled,Rf1a_0017,unmatched,,"[-0.3979706979410011, 0.5124873277994502, -0.5234674702789294, -0.552229906818808]","[-0.6225063389882878, 0.6224794582094759, -0.3353763268951611, -0.33545178697533634]","[449.9994688780988, 19.651360684853874, 27.130940291671912]",4.749999999999921,100.0,0.0,"[55.38629967482834, 107.05435500471042, 107.05435500471043]",31
396,3070380030,settled,Rf1a_0012,unmatched,,"[-0.06994234935673012, 0.3801467522525942, 0.7566750495891676, -0.5272943995980771]","[1.3709502640846251e-05, 4.0204980134295194e-05, 0.7071497112381216, -0.7070638472524602]","[450.0163860913634, 29.996916586864547, 6.218405823423298]",4.549999999999854,100.0,0.0,"[55.38629967482834, 111.89097256314996, 111.89097256314997]",29
397,1915343937,settled,Rf1a_0017,unmatched,,"[0.4906712176433897, -0.7697750840218592, 0.18896804856236424, 0.36191042098566995]","[0.6225311080322407, -0.6225809364106386, 0.3352671952212109, 0.335326564648114]","[450.12353349564495, 19.64830638970983, 27.11348488250652]",4.679999999999898,100.0,0.0,"[55.38629967482834, 111.58980725974038, 111.5898072597404]",43
398,354290017,settled,Rf1a_0007,unmatched,,"[-0.28835621042518916, -0.38855276042979314, -0.7424310043056404, 0.46332888116038073]","[-0.5000779374073625, -0.4999433092389746, -0.5000487669967625, 0.4999299697863679]","[449.61751412662915, 6.224093687703934, 29.99818632979461]",4.5899999999998675,100.0,0.0,"[55.38629967482834, 112.05839921278663, 112.05839921278663]",27
399,3963352672,settled,Rf1a_0005,unmatched,,"[0.9251647455085984, -0.043595273119650155, -0.02004224774347514, -0.3765208548474078]","[0.707143350149449, -8.385873668945127e-05, 6.253932062084988e-05, -0.707070202593745]","[449.93845668408767, 6.220204886906652, 39.99760915645583]",4.939999999999984,100.0,0.0,"[55.38629967482834, 107.53374822192319, 107.5337482219232]",31
400,2241331819,settled,Rf1a_0009,unmatched,,"[0.5925854334590082, 0.24491752173755219, -0.09201458593482868, 0.7618341207726109]","[0.6774823141510082, 0.2028213283763799, 0.20276782869639748, 0.677322988251531]","[450.183823860438, 19.65305915256941, 39.99681726425002]",4.990000000000001,100.0,0.0,"[55.38629967482834, 122.59741399354856, 122.59741399354857]",17
401,1248089024,settled,Rf1a_0017,unmatched,,"[0.2827366532360801, -0.6531151424436665, 0.5934076092222453, 0.3759893681273299]","[0.6224610977970397, -0.6224918943235994, 0.3353572016899416, 0.335531772721173]","[449.72387257129003, 19.645477288279256, 27.125742023186767]",4.519999999999844,100.0,0.0,"[55.38629967482834, 120.06086624819616, 120.06086624819618]",22
402,1190590428,settled,Rf1a_0004,unmatched,,"[-0.8466737523926994, -0.520625593890875, -0.0190786065475082, 0.10829845228462341]","[-0.7070510294215266, -0.7071625151586909, 5.65321197660007e-05, 0.00012550901678778925]","[450.3184640959402, 30.008795297963797, 18.763558851382918]",4.749999999999921,100.0,0.0,"[55.38629967482834, 117.67805687487234, 117.67805687487235]",35
403,870255912,settled,Rf1a_0012,unmatched,,"[-0.016935335981255635, 0.22228673932136322, -0.7657847735540874, 0.6032209218104038]","[3.9884352437152826e-05, -4.238361942895952e-05, -0.7071582073698867, 0.7070553488675945]","[450.1228007031797, 30.00411518552134, 6.224834148864655]",4.749999999999921,100.0,0.0,"[55.38629967482834, 108.79716855160413, 108.79716855160414]",28
404,3990659583,settled,Rf1a_0011,unmatched,,"[-0.20215787328060575, -0.6371998885809219, 0.5616658613913516, 0.4874832883398513]","[7.435060199138195e-06, -0.7071396567766617, 0.7070738924883146, 0.00012774947416183]","[450.1950032445733, 18.772354999780884, 39.996099609947535]",4.979999999999998,100.0,0.0,"[55.38629967482834, 121.71223058538767, 121.71223058538767]",19
405,3397404430,settled,Rf1a_0017,unmatched,,"[0.41182468093020647, -0.4075472598130009, 0.478449909386871, 0.6598419109175645]","[0.6224165820596965, -0.6227139223970444, 0.33523368649772806, 0.3353257292054338]","[450.48732533801285, 19.647392338341714, 27.121566256241646]",4.809999999999941,100.0,0.0,"[55.38629967482834, 108.85415098936996, 108.85415098936997]",28
406,3645697704,settled,Rf1a_0014,unmatched,,"[0.8864963890943234, -0.051138257445942525, -0.1415384693951913, 0.4375795841094335]","[0.9364431804059289, -0.017975898232770484, 0.048384982977566264, 0.3470013405971435]","[449.7070849654623, 32.81478419623622, 31.864533812363824]",4.4999999999998375,100.0,0.0,"[55.38629967482834, 112.68529840564081, 112.68529840564082]",38
407,51817196,settled,Rf1a_0008,unmatched,,"[0.7638451508528649, 0.27373350348973174, 0.43368309953207546, 0.39182843664804773]","[0.6774160334678723, -0.20286705474023045, -0.2029990089681646, 0.6773063398932732]","[449.95831001023447, 19.653221247507737, 39.99307538525854]",4.329999999999781,100.0,0.0,"[55.38629967482834, 120.78718900677517, 120.78718900677517]",23
408,2309212288,settled,Rf1a_0006,unmatched,,"[0.8495889160767383, 0.3365625935702812, -0.2307471229477699, -0.33418566626970336]","[0.6773774144538673, 0.6774994394836276, 0.20276587244954206, -0.20258417721268443]","[450.29669525639014, 28.491026266500267, 19.645282058004955]",5.280000000000098,100.0,0.0,"[55.38629967482834, 119.06633512037818, 119.0663351203782]",35
409,48961705,settled,Rf1a_0013,unmatched,,"[0.07809326247491846, -0.2879763649877445, 0.049014886336602684, 0.9531886468490268]","[3.175632976459842e-05, -7.849649093628825e-05, -8.414289027726969e-05, 0.9999999928749053]","[450.3624013853276, 40.001438766304545, 6.2233583231845815]",4.649999999999888,100.0,0.0,"[55.38629967482834, 114.15264879341568, 114.1526487934157]",20
410,1554068286,settled,Rf1a_0004,unmatched,,"[0.6452777913563432, -0.48357184564960204, -0.23356384192165672, 0.5433440657853112]","[0.707083945461181, -0.7071296142332336, -4.9641997585614384e-05, -1.676543963363697e-05]","[449.7612567229288, 30.00034618207173, 18.771545114926734]",5.020000000000011,100.0,0.0,"[55.38629967482834, 117.65034924785864, 117.65034924785866]",39
411,3534876538,settled,Rf1a_0012,unmatched,,"[-0.2977258657233537, 0.10832781411501317, -0.3707268817149146, -0.8730326298267885]","[-8.864941101074941e-05, 4.092522016285738e-05, -0.7071293725282602, -0.7070841823815588]","[450.22158419809125, 30.007491749357484, 6.219287349279828]",5.0900000000000345,100.0,0.0,"[55.38629967482834, 114.37288997913106, 114.37288997913107]",28
412,534105821,settled,Rf1a_0011,unmatched,,"[0.61992343084427, 0.12344665611091266, 0.04777704849200498, 0.7734165867258707]","[0.7071457379714409, -0.00011412958966677658, -0.0002064695598797737, 0.7070677828989127]","[449.8322175828661, 18.77280346611203, 39.9916151642629]",4.809999999999941,100.0,0.0,"[55.38629967482834, 116.7418277935822, 116.74182779358222]",20
413,4091761413,settled,Rf1a_0017,unmatched,,"[0.5674666330929233, -0.4537568823728552, 0.5632140784565418, 0.3935431537376766]","[0.6225918046688788, -0.6223985293564273, 0.3354681593149841, 0.335351501412953]","[449.8253165815729, 19.658743270913902, 27.126541444392736]",4.479999999999831,100.0,0.0,"[55.38629967482834, 105.39115754169632, 105.39115754169633]",23
414,3173205562,settled,Rf1a_0016,unmatched,,"[-0.09130783514718892, -0.5669139993428666, 0.7439710281521406, -0.3417287021308819]","[-0.5000081634180499, -0.500036728161785, 0.4999543892261504, -0.5000007156975604]","[450.45364548190776, 18.77630435986344, 29.9994090785296]",5.070000000000028,100.0,0.0,"[55.38629967482834, 121.77621509516518, 121.7762150951652]",18
415,251389692,settled,Rf1a_0005,unmatched,,"[0.6080055123042141, 0.07237173668191489, -0.4106834322929009, -0.6755965861203387]","[0.7071717736976562, -0.00013613743329770852, 0.0001243763808621466, -0.707041758655333]","[450.0131669673384, 6.229966354330097, 39.99516974831788]",4.769999999999928,100.0,0.0,"[55.38629967482834, 121.555930166073, 121.55593016607301]",30
416,2745748030,settled,Rf1a_0017,unmatched,,"[-0.44688314577346244, 0.750365958923362, -0.42026706391498325, -0.24621530557810048]","[-0.622614359560312, 0.6224317296879556, -0.33538124942616976, -0.335334935072837]","[449.88451723343434, 19.65291937930823, 27.125993999849296]",4.489999999999834,100.0,0.0,"[55.38629967482834, 113.47294362245468, 113.47294362245466]",28
417,2132957445,settled,Rf1a_0012,unmatched,,"[0.02440900510333862, 0.4192243821668913, -0.3393466787833796, -0.8417237964233536]","[2.859551143652439e-06, 6.182647099062244e-05, -0.7071354840288094, -0.7070780744703176]","[450.15511278578293, 29.99633752522108, 6.224619951927482]",4.5599999999998575,100.0,0.0,"[55.38629967482834, 122.12106522036457, 122.12106522036459]",27
418,2592582287,settled,Rf1a_0002,unmatched,,"[-0.17317025778823744, 0.877343216343861, -0.19804333936939197, 0.40132253647706384]","[-3.197753617649457e-05, 0.9580246801013491, -2.1621723917453206e-05, -0.28668573530373975]","[449.7000972721371, 39.99549267484381, 19.650754869885613]",4.5299999999998475,100.0,0.0,"[55.38629967482834, 121.84513605103403, 121.84513605103403]",19
419,488833476,settled,Rf1a_0004,unmatched,,"[0.814050814904451, -0.47546433509702507, 0.2701807450712651, -0.19559473867381785]","[0.7070831882026282, -0.7071303647407864, -7.701872906418217e-05, 7.931509636927014e-05]","[449.64052443590333, 29.99930683306688, 18.766595542833393]",4.489999999999834,100.0,0.0,"[55.38629967482834, 118.34180832429344, 118.34180832429344]",26
420,1079718317,settled,Rf1a_0001,unmatched,,"[-0.06942338662369815, -0.7737009619714047, 0.02210873122520877, 0.6293476136745343]","[8.870165047496152e-06, -0.999999990040622, 4.97682001342481e-05, -0.00013176950462935946]","[449.75923058244445, 39.99617141806278, 18.769957435755742]",4.829999999999948,100.0,0.0,"[55.38629967482834, 116.6747433989913, 116.6747433989913]",35
421,1354260012,settled,Rf1a_0006,unmatched,,"[-0.4187518959274471, 0.7746345086352491, 0.30176239181627623, -0.3654144038949682]","[-0.6773370909749885, 0.6773867139271416, 0.2029165627018416, 0.2029447549600596]","[449.66440744085855, 28.473514311532675, 19.646508344819104]",5.100000000000038,100.0,0.0,"[55.38629967482834, 118.48201584798832, 118.48201584798831]",18
422,882229007,settled,Rf1a_0003,unmatched,,"[0.1273924501741963, -0.9584522427451846, 0.2029272869603875, 0.1547933403678503]","[1.6722793721599127e-05, -0.9578842696738816, 4.795093672921302e-05, -0.28715452866425484]","[450.0127984739998, 40.011008396353745, 19.646922470426624]",4.939999999999984,100.0,0.0,"[55.38629967482834, 115.17562468095663, 115.17562468095664]",15
423,4192697643,settled,Rf1a_0004,unmatched,,"[0.6550885994433101, -0.4372331383276803, -0.14355208181188908, 0.5992319329233069]","[0.7070144747510877, -0.7071990754802779, -2.0060527464171862e-06, -1.1325180869159457e-05]","[450.421348485537, 29.995780458729882, 18.774529220026974]",5.140000000000051,100.0,0.0,"[55.38629967482834, 120.12163830018847, 120.12163830018848]",29
424,3669686380,settled,Rf1a_0014,unmatched,,"[-0.06116896501923223, 0.885354112653527, -0.3315742172768101, -0.32010153289734866]","[0.018019252076379853, 0.9363420634908501, -0.3473360998762662, 0.047921606974821396]","[450.0451565885631, 32.794595265263794, 31.864406060305114]",4.639999999999884,100.0,0.0,"[55.38629967482834, 115.02023078205437, 115.02023078205438]",29
425,514171889,settled,Rf1a_0004,unmatched,,"[-0.8749889709778484, -0.4028463397589936, 0.14105621020290338, 0.22850004983172698]","[-0.7071165381458877, -0.7070969786660126, -4.7828671081801e-05, -0.0002489063887409215]","[449.83983919865653, 30.002486258855775, 18.76828087780123]",4.829999999999948,100.0,0.0,"[55.38629967482834, 120.41631893999491, 120.41631893999492]",29
426,551640303,settled,Rf1a_0011,unmatched,,"[-0.2697721665536638, 0.4464575027683721, -0.8515280409815804, 0.05290247439244444]","[0.0003038877553139834, 0.7070852278392913, -0.7071282404797888, -0.00019934805720277484]","[449.6733639217053, 18.788783082620512, 39.99895141849985]",4.759999999999924,100.0,0.0,"[55.38629967482834, 119.47046967399177, 119.47046967399176]",22
427,1447824218,settled,Rf1a_0012,unmatched,,"[0.054177171776904016, 0.03524804273418602, -0.8950143501031719, -0.44132949442685304]","[-1.6114226259078546e-05, -3.3847548542298433e-05, -0.7071289503771783, -0.7070846103071015]","[449.87097674353623, 30.001523585694382, 6.227346351588567]",4.709999999999908,100.0,0.0,"[55.38629967482834, 120.90152678154101, 120.90152678154101]",35
428,88904940,settled,Rf1a_0005,unmatched,,"[0.9031736958155836, -0.2856238255728287, 0.17222343768948123, -0.27025061140056533]","[0.7071765118348876, -0.00010402326491424876, 0.00013462839480493443, -0.7070370231914286]","[449.88483616307036, 6.227009391490675, 40.00248451157479]",4.979999999999998,100.0,0.0,"[55.38629967482834, 121.0393552771894, 121.03935527718942]",39
429,1326025458,settled,Rf1a_0007,unmatched,,"[-0.5718926520009407, -0.20994557547447532, -0.2553657328752236, 0.7507662701527834]","[-0.5000369772394474, -0.5000937486724706, -0.49993457906971334, 0.49993467631515714]","[450.35776908962504, 6.230594033714702, 29.995589395155076]",4.969999999999994,100.0,0.0,"[55.38629967482834, 122.59489213036731, 122.59489213036733]",33
430,1890205973,settled,Rf1a_0012,unmatched,,"[0.4550261583998374, -0.14329072983126753, -0.6002766520818873, 0.6419399527071591]","[-4.758746224500787e-05, 8.591644281019661e-07, -0.7071815539809372, 0.7070319988825133]","[450.22331145901626, 29.998432554317862, 6.223546426673112]",4.639999999999884,100.0,0.0,"[55.38629967482834, 117.22208029097064, 117.22208029097065]",20
431,296743350,settled,Rf1a_0017,unmatched,,"[0.6332094678323993, -0.22651466425909744, 0.7306858552586184, 0.11762252185691]","[0.6224090083464624, -0.6226538511647529, 0.335316768872192, 0.33536826396066155]","[450.49064799271696, 19.652346718181434, 27.124046129371532]",4.419999999999811,100.0,0.0,"[55.38629967482834, 112.75915807562177, 112.75915807562178]",20
432,4200615586,settled,Rf1a_0011,unmatched,,"[0.655926729555045, 0.4715822210767977, 0.3000995891145564, 0.5072578938102114]","[0.7070843112047238, -0.0002610837615787492, -0.00016085522000840497, 0.707129183960759]","[450.3626294467785, 18.77718093293068, 39.99736005325195]",4.809999999999941,100.0,0.0,"[55.38629967482834, 114.34421084029135, 114.34421084029137]",22
433,1827127625,settled,Rf1a_0005,unmatched,,"[0.8579350932580933, -0.2128157517921675, -0.14611278493536695, -0.44419352271706153]","[0.7071018236764841, 6.837231105319731e-05, -2.330002392639346e-05, -0.7071117349724345]","[450.4303230919633, 6.217568177205951, 40.002856084264]",5.010000000000008,100.0,0.0,"[55.38629967482834, 116.02625666873753, 116.02625666873755]",34
434,534635392,settled,Rf1a_0013,unmatched,,"[0.4023365553425705, -0.1994319114941423, 0.8810665716111402, -0.14857289558415035]","[-3.068249935010929e-06, -1.7787241931632728e-05, 0.9999999983996336, -5.36183978534019e-05]","[450.20088539142665, 40.00131459941926, 6.2221156730062726]",4.749999999999921,100.0,0.0,"[55.38629967482834, 121.3061887809598, 121.30618878095979]",27
435,2590583326,settled,Rf1a_0012,unmatched,,"[0.09030055180909459, -0.04441867200298009, -0.8023967719212277, -0.5882450274595253]","[2.4864556275094873e-05, -5.4925963704238745e-05, -0.7071373834951404, -0.7070761749829639]","[450.30699571625354, 29.99954276826555, 6.218157132648087]",4.699999999999904,100.0,0.0,"[55.38629967482834, 114.05542488932508, 114.0554248893251]",25
436,2547354583,settled,Rf1a_0005,unmatched,,"[0.8152563941732772, 0.21622676966726295, -0.40583675953436604, -0.3519936369446071]","[0.7069727354565885, -0.00011932868670678175, 0.00014458483999708606, -0.7072407766644377]","[450.1827345568321, 6.2333076053503085, 39.99606987758551]",5.020000000000011,100.0,0.0,"[55.38629967482834, 120.6874351597164, 120.6874351597164]",44
437,3218085765,settled,Rf1a_0012,unmatched,,"[0.2954657990931379, 0.39282819469298863, -0.3980689292476701, -0.7745496101529676]","[-1.569839324785938e-05, 2.821975612116168e-05, -0.707208574066166, -0.7070049729135618]","[449.85991229878766, 29.994069847818487, 6.2225547256497]",4.299999999999771,100.0,0.0,"[55.38629967482834, 119.41616240600825, 119.41616240600827]",24
438,1304232084,settled,Rf1a_0016,unmatched,,"[-0.352213766853653, 0.21184664024323208, -0.8685438811426818, -0.27694401958883696]","[-0.5000003106760676, 0.5001188176822058, -0.499922871570321, -0.4999579782390444]","[450.13682197966966, 18.786134782169313, 30.00189306384186]",4.439999999999817,100.0,0.0,"[55.38629967482834, 115.06423004243939, 115.0642300424394]",20
439,297768368,settled,Rf1a_0007,unmatched,,"[-0.22472066688496214, -0.872516407788627, -0.21434063640960546, 0.3771920354380955]","[-0.499999689951673, -0.4999901183194628, -0.4999903326173676, 0.5000198585259337]","[450.24636213917347, 6.223422617603984, 29.993394271062986]",4.509999999999841,100.0,0.0,"[55.38629967482834, 115.29375872118896, 115.29375872118898]",34
440,891232979,settled,Rf1a_0007,unmatched,,"[-0.34380334234946835, -0.7338992915597421, -0.0763126847783356, 0.5808334234351233]","[-0.4999141914505978, -0.5000591902938426, -0.5000125570094501, 0.5000140500244298]","[449.9716150710089, 6.233423026295563, 29.99539988151459]",4.769999999999928,100.0,0.0,"[55.38629967482834, 118.4528703710021, 118.4528703710021]",31
441,3841963349,settled,Rf1a_0016,unmatched,,"[-0.5133375855609958, -0.07907450326392841, 0.6897991190402434, -0.5043896525061499]","[-0.5001775202188258, -0.5001040345352051, 0.4998372427744756, -0.4998811195123959]","[449.82944982980985, 18.774298688948267, 30.002600855814173]",4.629999999999881,100.0,0.0,"[55.38629967482834, 115.56730180912646, 115.56730180912646]",27
442,18385099,settled,Rf1a_0012,unmatched,,"[0.12047864421829556, -0.12517628543684167, -0.7144336243554615, 0.6777908159910955]","[3.3113146000185445e-06, -3.1762726362405402e-06, -0.7071368986514596, 0.7070766624239142]","[450.186506951133, 30.001007032040416, 6.217532970429634]",4.719999999999911,100.0,0.0,"[55.38629967482834, 104.76095827334862, 104.76095827334863]",22
443,2691739939,settled,Rf1a_0008,unmatched,,"[-0.22267729535334213, 0.7891356077799049, -0.5696644964821498, 0.0562332296395906]","[0.20300598253355806, 0.6773031290980112, -0.67737001612915, -0.20302439168440506]","[450.29187141601733, 19.648450461062822, 39.99772863269262]",4.659999999999891,100.0,0.0,"[55.38629967482834, 115.92459932353988, 115.9245993235399]",19
444,1648306844,settled,Rf1a_0007,unmatched,,"[0.40372342625092367, -0.4878801446397, -0.3946080481346454, -0.6657813814683657]","[0.49992709967156496, -0.4999304941411328, -0.5000085444500686, -0.5001338336072696]","[449.6882352804891, 6.225507235884371, 29.99757263895076]",4.789999999999934,100.0,0.0,"[55.38629967482834, 109.09308826801214, 109.09308826801214]",34
445,3556173456,settled,Rf1a_0002,unmatched,,"[0.8819022092181918, -0.180298544692677, 0.353429474799875, -0.2546144821106211]","[0.9587332857645846, 0.00012848398482079307, -0.28430699986391794, 9.34276451480809e-06]","[450.152356086837, 40.00328784854355, 19.669620962314365]",4.749999999999921,100.0,0.0,"[55.38629967482834, 121.86640200331823, 121.86640200331821]",34
446,4217925759,settled,Rf1a_0001,unmatched,,"[0.0961030644699224, -0.5789503453412914, -0.05326938281784191, 0.8079251645312798]","[-7.654777014062916e-05, -0.9999999731900724, -8.536859987651192e-05, -0.0002011777712578341]","[450.49076102563754, 40.00555706664564, 18.77690591030093]",5.040000000000018,100.0,0.0,"[55.38629967482834, 118.01855225572452, 118.01855225572452]",37
447,2301786321,settled,Rf1a_0014,unmatched,,"[0.2578223818748416, -0.7105505883403768, 0.20813108451813142, -0.620747076087221]","[-0.017989267991618388, -0.9364237841490348, 0.3470627818509297, -0.04831467862898151]","[450.1418671204835, 32.807825935631286, 31.86604162032136]",4.169999999999727,100.0,0.0,"[55.38629967482834, 122.82234357788059, 122.8223435778806]",24
448,325454950,settled,Rf1a_0006,unmatched,,"[0.7956384402483112, 0.3843416545390062, -0.3939975078371101, -0.25299590669336963]","[0.6774193036884262, 0.6772071854682469, 0.20296111092713817, -0.20322475831375814]","[449.851143501195, 28.473101135161954, 19.643855428691577]",5.170000000000061,100.0,0.0,"[55.38629967482834, 120.72227911025142, 120.72227911025143]",26
449,969502381,settled,Rf1a_0012,unmatched,,"[-0.30927980161513835, -0.15406158471051223, 0.5135925348162733, 0.7853876371642105]","[8.918535846114127e-06, 4.627854964664445e-05, 0.7070556360328714, 0.7071579210706102]","[450.34903726464427, 30.001383447318567, 6.2233640453144465]",4.5599999999998575,100.0,0.0,"[55.38629967482834, 113.05702513875954, 113.05702513875954]",23
450,2996715874,settled,Rf1a_0007,unmatched,,"[-0.19287291865651282, 0.48587151384416694, 0.6514239194558252, 0.5498870669914926]","[-0.5000108811604702, 0.49996491414284866, 0.5000173113668054, 0.5000068916332808]","[450.2096073652149, 6.232817518736746, 29.997484292767407]",5.100000000000038,100.0,0.0,"[55.38629967482834, 115.93948323643082, 115.93948323643083]",33
451,1609489958,settled,Rf1a_0001,unmatched,,"[-0.9949556450195594, -0.05813871976815337, 0.08029387326127228, -0.015363841451134974]","[-0.999999883663339, 7.02597017132173e-05, -0.00047541526792989965, 4.143918100818489e-05]","[450.1231163537384, 39.999236439090566, 18.77913596448349]",4.5299999999998475,100.0,0.0,"[55.38629967482834, 115.96866005282284, 115.96866005282286]",23
452,2771918735,settled,Rf1a_0008,unmatched,,"[-0.11460745564524599, 0.43084029765301896, -0.8796516023320977, 0.16569498345862566]","[0.2028175591352485, 0.6774172605867361, -0.6773599413869269, -0.2028654789999551]","[450.051914112109, 19.655572006763187, 39.98832860803354]",4.459999999999824,100.0,0.0,"[55.38629967482834, 110.0886492065141, 110.0886492065141]",39
453,610631633,settled,Rf1a_0015,unmatched,,"[0.1514681535432902, -0.6127328788032343, 0.29993681550540857, -0.7152997444429585]","[-0.3353065641733467, -0.33521402216585106, 0.6226558276086281, -0.6224956126035524]","[450.40810416487216, 19.65634890395325, 28.46218292829083]",5.230000000000081,100.0,0.0,"[55.38629967482834, 122.68875302308345, 122.68875302308346]",41
454,2319603761,settled,Rf1a_0013,unmatched,,"[-0.1570165804251357, 0.03132179366028071, 0.9537235132709428, -0.2545116872515474]","[1.3668144229649672e-05, 6.0600159650370244e-06, 0.9999999969224694, 7.70163569107701e-05]","[449.6721422150331, 39.99641081667388, 6.220212321679682]",4.719999999999911,100.0,0.0,"[55.38629967482834, 122.38534199954557, 122.38534199954559]",24
455,1854309513,settled,Rf1a_0012,unmatched,,"[0.12356854996780049, -0.2678906918240119, -0.7278985147329342, -0.6189742667853777]","[2.8639411793457418e-05, -1.2900359117995476e-05, -0.7071396767860496, -0.7070738833589361]","[450.4133394944662, 30.002363753083994, 6.216851781685574]",4.839999999999951,100.0,0.0,"[55.38629967482834, 104.74717690841558, 104.7471769084156]",23
456,989447075,settled,Rf1a_0003,unmatched,,"[0.9713800337355661, -0.21011797810244398, 0.016179182275794755, 0.10958786154915928]","[0.9579040225853799, 4.070328991355454e-05, 0.2870886211873649, 7.377484806392332e-05]","[450.3831160864783, 39.998674773202325, 19.646045351846357]",4.709999999999908,100.0,0.0,"[55.38629967482834, 121.18670596503009, 121.18670596503007]",21
457,2183323969,settled,Rf1a_0012,unmatched,,"[0.4719514165278837, -0.21436734646952207, 0.6328959274691771, -0.5751097688249347]","[4.569553071209765e-06, 1.7651917217226257e-05, 0.70702532677963, -0.7071882259764274]","[450.26840806535165, 29.997556430843982, 6.22202355249323]",5.000000000000004,100.0,0.0,"[55.38629967482834, 118.68390005203358, 118.68390005203358]",33
458,3333157346,settled,Rf1a_0001,unmatched,,"[-0.9276509904190547, 0.24159716448372856, 0.27468312960690555, 0.07512408666549768]","[-0.9999999826019423, 1.6632103035507548e-05, -0.00018336786068783874, -2.9928515769883646e-05]","[449.7399605620418, 40.00201388906497, 18.773986808571895]",4.689999999999901,100.0,0.0,"[55.38629967482834, 121.49307112110084, 121.49307112110084]",27
459,1536433214,settled,Rf1a_0012,unmatched,,"[0.08218339877503628, 0.2576184628040969, -0.6582543058704985, -0.7025524075762501]","[1.6645277459259592e-05, -4.730146157760907e-06, -0.7071584958827294, -0.7070550624961512]","[450.24291217602894, 29.9977887579323, 6.224890464250054]",4.659999999999891,100.0,0.0,"[55.38629967482834, 107.36813845595222, 107.36813845595223]",20
460,3003981838,settled,Rf1a_0002,unmatched,,"[-0.7818738120739928, -0.012854806092070811, 0.6135808908157429, -0.10966579402428699]","[-0.9580538919218522, -2.3565297102151606e-06, 0.286588100322416, -3.0355026481243552e-05]","[450.0721572359585, 40.00217819631803, 19.651221762446326]",4.979999999999998,100.0,0.0,"[55.38629967482834, 115.87610553476506, 115.87610553476507]",18
461,1671738075,unsettled,,not_evaluated,,"[0.16848477985767996, 0.6303939036957051, 0.6092136526744295, 0.4506385808324433]","[0.7063902600398637, 0.032148395975318794, 0.032307836876365036, 0.7063536542224427]","[449.8147864071302, 19.35271684270793, 40.00640113834803]",4.799999999999938,100.0,0.0,"[55.38629967482834, 121.31883324214014, 121.31883324214016]",24
462,1427896573,settled,Rf1a_0003,unmatched,,"[-0.8276546587604369, 0.01672756570963244, -0.5591638238802129, 0.045208101499985595]","[-0.9578902685875452, 3.5431234927565953e-05, -0.28713451121391464, -6.75266957997356e-05]","[450.0152862027833, 40.006301084088285, 19.652480278152304]",4.409999999999807,100.0,0.0,"[55.38629967482834, 115.22171055180243, 115.22171055180245]",18
463,617616967,settled,Rf1a_0017,unmatched,,"[-0.653353822706798, 0.3994512311384112, -0.04260644431797357, -0.6416791933661253]","[-0.6226551296816029, 0.622409796885204, -0.33536181028048423, -0.33531938570250014]","[449.86239569501845, 19.66100756620666, 27.119053194614498]",4.969999999999994,100.0,0.0,"[55.38629967482834, 122.59019312941957, 122.59019312941959]",27
464,4137320547,settled,Rf1a_0007,unmatched,,"[0.42361130840775824, -0.7453039372078921, -0.42955826919711343, -0.2838224690468704]","[0.5000803260735432, -0.49997281749833167, -0.49999210127194704, -0.4999547458546841]","[449.93034060821196, 6.226292004973101, 29.98260870854304]",4.909999999999974,100.0,0.0,"[55.38629967482834, 114.08694970816092, 114.08694970816093]",29
465,2545035017,settled,Rf1a_0007,unmatched,,"[-0.5569568557253328, 0.6963649029460673, 0.07238081643017763, 0.44680644603493136]","[-0.500051846584352, 0.5000120172784901, 0.499989294559086, 0.49994683580455057]","[449.98997052436175, 6.2320535815528, 29.99800321992998]",4.899999999999971,100.0,0.0,"[55.38629967482834, 112.5328864092814, 112.53288640928142]",30
466,1308104037,settled,Rf1a_0007,unmatched,,"[0.6202867767754898, 0.441811349337051, 0.34047399362073083, -0.5514748460468515]","[0.49985101512275243, 0.5000997367595522, 0.5000431752841018, -0.5000060387891067]","[449.8217688157889, 6.225125974276959, 29.993816003545344]",4.959999999999991,100.0,0.0,"[55.38629967482834, 115.93610019255827, 115.93610019255829]",29
467,997398106,settled,Rf1a_0005,unmatched,,"[0.11084417898417434, -0.7964657463755247, -0.5903442692092394, 0.06963854283090477]","[2.1068818740741927e-05, -0.7070924840008481, -0.7071210637058685, 0.00014102870790266516]","[450.41936763376987, 6.22340334343097, 39.997454902433546]",4.829999999999948,100.0,0.0,"[55.38629967482834, 112.64810031243951, 112.64810031243952]",36
468,3869532184,settled,Rf1a_0007,unmatched,,"[-0.444034000270401, -0.15779409734244773, -0.714768004045331, 0.5167606117350677]","[-0.5000532157966882, -0.5000355676785113, -0.49999978179779003, 0.4999114227840591]","[449.67923868539975, 6.228494025099491, 29.995891759978036]",5.200000000000071,100.0,0.0,"[55.38629967482834, 111.57584427158291, 111.57584427158292]",33
469,2215946165,settled,Rf1a_0007,unmatched,,"[0.36889047016788995, -0.7622059379761799, -0.12484839185158167, -0.5170829799802338]","[0.49996565222275, -0.5000339390267432, -0.5000008151622098, -0.49999959125583804]","[449.8602029318333, 6.2213390814844765, 29.99697606933719]",4.899999999999971,100.0,0.0,"[55.38629967482834, 117.13496197482445, 117.13496197482446]",34
470,1197086404,settled,Rf1a_0016,unmatched,,"[0.755057280627056, -0.1767846178774512, 0.631366319746603, 0.0035031619473357]","[0.4999014702973853, -0.4999031966416664, 0.5001109642284528, 0.5000843303288388]","[449.71851155272304, 18.77930039730565, 30.00142353927257]",4.6199999999998775,100.0,0.0,"[55.38629967482834, 118.94786213726069, 118.9478621372607]",18
471,148282538,settled,Rf1a_0017,unmatched,,"[-0.4253381753982559, 0.7238946308654451, -0.5174617999902729, -0.16521890177546342]","[-0.6225447934829298, 0.6224656896777279, -0.33535510615730235, -0.3354271874126359]","[450.08242008617015, 19.6482241578085, 27.131965061414466]",4.479999999999831,100.0,0.0,"[55.38629967482834, 118.98395759009384, 118.98395759009384]",25
472,4068892255,settled,Rf1a_0007,unmatched,,"[0.3748737161170823, 0.8447448672063396, 0.13016443113470874, -0.35907245391493114]","[0.4999154596716268, 0.5000056829671355, 0.5000379677525006, -0.500040879316705]","[450.4288783023128, 6.217520909272663, 29.992678503080185]",4.749999999999921,100.0,0.0,"[55.38629967482834, 119.35480876151072, 119.35480876151074]",28
473,1326143893,settled,Rf1a_0001,unmatched,,"[0.14356132151723644, 0.9476595487597521, -0.08740535376396882, -0.2714623928688525]","[0.0001603292450134852, 0.9999999862718791, -3.375627726409647e-05, -2.4724248184698876e-05]","[449.6495193017307, 39.99449718477294, 18.769077016533867]",4.649999999999888,100.0,0.0,"[55.38629967482834, 120.36811996197324, 120.36811996197325]",29
474,2736713625,settled,Rf1a_0007,unmatched,,"[0.017407009755828814, 0.4637843759830021, 0.32652442269539567, -0.8233971398959656]","[0.49999039685300095, 0.49994560506268976, 0.5000795375522076, -0.49998445091307575]","[450.1098271636824, 6.223966043517513, 29.997246699526713]",4.629999999999881,100.0,0.0,"[55.38629967482834, 121.86874724763598, 121.868747247636]",32
475,3271021467,settled,Rf1a_0011,unmatched,,"[-0.521156935288762, 0.18990290551240585, 0.14878659799666374, -0.8186543125977841]","[-0.707044197540746, 8.254811011130488e-05, 0.00010750145807822642, -0.7071693463048357]","[450.0220979081035, 18.776319453548933, 40.00230336833391]",4.689999999999901,100.0,0.0,"[55.38629967482834, 116.17370851685837, 116.17370851685837]",21
476,3851873653,settled,Rf1a_0018,unmatched,,"[-0.6890452941250381, 0.5804733049738838, -0.022912083130372837, -0.43329246624360196]","[-0.6772800460285208, 0.6773480062489259, -0.20304457759986053, -0.20313620354211592]","[450.3207836927414, 27.13308632544703, 19.64966977972572]",4.859999999999958,100.0,0.0,"[55.38629967482834, 113.92162237037996, 113.92162237037998]",38
477,1222532304,settled,Rf1a_0004,unmatched,,"[-0.4892347766941237, -0.673558720770075, -0.5376203582472012, -0.13391166247112982]","[-0.7070886095500711, -0.7071249334317813, -0.00014042328628674497, 8.393418136817822e-05]","[450.28235652455606, 30.004059247573515, 18.773764480937444]",4.419999999999811,100.0,0.0,"[55.38629967482834, 118.74734642221189, 118.74734642221189]",31
478,2025214609,settled,Rf1a_0005,unmatched,,"[-0.6720498297597366, 0.25987250603860684, -0.3820612441455619, 0.5786575089351808]","[-0.707177767828921, 4.605799997712524e-05, -5.335794568821054e-05, 0.7070357839035414]","[450.0043627447063, 6.233610745862227, 40.00166687070049]",4.889999999999968,100.0,0.0,"[55.38629967482834, 118.2925670213654, 118.29256702136541]",34
479,3974321818,settled,Rf1a_0004,unmatched,,"[0.5890076497595739, 0.578138251652458, 0.2804648250741726, 0.4900669672575945]","[0.7071330778233237, 0.7070804803525076, 5.639356041170496e-05, 3.704519969713327e-05]","[449.7663873103658, 30.00397033835359, 18.767902779481968]",4.129999999999714,100.0,0.0,"[55.38629967482834, 117.22959217888742, 117.22959217888743]",37
480,2134301099,settled,Rf1a_0002,unmatched,,"[0.23258563386672154, -0.9707151930310784, -0.014332229697203118, 0.05839969288753257]","[1.8788012561443693e-05, -0.9580124671305057, -0.00021716559261586446, 0.28672646426278453]","[450.1886758248467, 40.010119982983625, 19.64703241174602]",4.669999999999894,100.0,0.0,"[55.38629967482834, 121.96734812398999, 121.96734812399]",33
481,978334388,settled,Rf1a_0012,unmatched,,"[-0.0529483899273966, -0.302997353705265, -0.8480072285136022, -0.4315933410519471]","[2.4161732682992376e-05, -4.904071575662083e-06, -0.7070679699016904, -0.7071455899114858]","[450.26291254799247, 29.993857533552756, 6.219906583701547]",4.909999999999974,100.0,0.0,"[55.38629967482834, 116.30202788262683, 116.30202788262683]",22
482,2325744455,settled,Rf1a_0005,unmatched,,"[0.18274323590751634, 0.8725818368775546, 0.3737068263916387, -0.2560254979288821]","[2.947040182265625e-05, 0.7070982648079667, 0.7071152965184748, 2.1602027510684e-05]","[449.6590264787752, 6.235474606563412, 39.99623641698595]",5.0600000000000245,100.0,0.0,"[55.38629967482834, 114.78098581633782, 114.78098581633782]",43
483,348550585,settled,Rf1a_0004,unmatched,,"[-0.9150115933974345, 0.34906982214210186, -0.028151545384796382, -0.2002786401751746]","[-0.7071051377647248, 0.707108418365261, -3.813243968589508e-05, -8.584652474102894e-05]","[449.6932664220923, 30.002913016459015, 18.76457115807032]",4.769999999999928,100.0,0.0,"[55.38629967482834, 120.03656224095349, 120.0365622409535]",25
484,1740214684,settled,Rf1a_0015,unmatched,,"[-0.08212628680529313, 0.5264601975169598, -0.73218323243745, -0.42426718890744497]","[-0.3354259258914364, 0.33544031641551747, -0.6225106693518067, -0.6224545838100126]","[449.7654228299123, 19.651536160635967, 28.475191227610548]",4.990000000000001,100.0,0.0,"[55.38629967482834, 120.46127553134603, 120.46127553134605]",33
485,55311315,settled,Rf1a_0007,unmatched,,"[-0.7661319425224496, -0.4844520809690637, -0.32013599349819377, 0.27542870866786173]","[-0.4999945046271804, -0.49993433106676194, -0.5000212342049613, 0.5000499228153096]","[450.4522922317908, 6.22523109738092, 29.992661037188764]",5.210000000000075,100.0,0.0,"[55.38629967482834, 109.40475960316851, 109.4047596031685]",33
486,1316840683,settled,Rf1a_0008,unmatched,,"[0.07675491347951191, 0.6400061569458476, -0.7595435032536367, 0.08714625059836124]","[0.20287995844284085, 0.6774377684368814, -0.6773347925005261, -0.20281856726088643]","[450.1267293460004, 19.645953649598642, 40.000060790783145]",4.5599999999998575,100.0,0.0,"[55.38629967482834, 118.96136006583059, 118.96136006583059]",27
487,3906633774,settled,Rf1a_0017,unmatched,,"[-0.4126339930361076, 0.7677208856764828, -0.44529899126803724, -0.20505276848378087]","[-0.6224685483897363, 0.6225500237485789, -0.33546021414853955, -0.33530705169983316]","[449.82852614801317, 19.648949494071505, 27.121660774459173]",4.439999999999817,100.0,0.0,"[55.38629967482834, 115.72035113903932, 115.72035113903934]",40
488,3892948482,settled,Rf1a_0007,unmatched,,"[0.5881394421842769, -0.4614317568880165, -0.6511079169270512, -0.13126770660494644]","[0.500005424214109, -0.4999818521002252, -0.5000425903284738, -0.4999701302922884]","[449.728824694779, 6.230292130437565, 29.988481588480028]",4.899999999999971,100.0,0.0,"[55.38629967482834, 117.62440653905288, 117.6244065390529]",23
489,726396242,settled,Rf1a_0013,unmatched,,"[-0.588104219804756, -0.17625190134214422, -0.7803869967171447, -0.1185952329392438]","[-0.00010177518461596606, 3.765531399624322e-05, -0.9999999935303094, 3.410674964852485e-05]","[450.3850839993399, 40.00186027746689, 6.219564590516535]",4.909999999999974,100.0,0.0,"[55.38629967482834, 121.71699340870931, 121.71699340870931]",22
490,2940707866,settled,Rf1a_0013,unmatched,,"[0.497173177018088, 0.03845020895787252, 0.8641151523332156, 0.06815729596294492]","[0.00011367412318537843, 5.67815137831329e-05, 0.9999999916187403, 2.483088276635038e-05]","[450.31504170887433, 40.00646561903666, 6.223170209092771]",4.959999999999991,100.0,0.0,"[55.38629967482834, 116.90648544483574, 116.90648544483575]",23
491,304160197,settled,Rf1a_0001,unmatched,,"[0.9038276135597187, -0.022174154481154725, 0.42216816549128033, 0.06616639544146515]","[0.9999999584500904, -0.0001666865384013056, 0.00023005374424193834, 4.8894684529843246e-05]","[450.1142862987822, 40.00056301713226, 18.775959519606893]",4.549999999999854,100.0,0.0,"[55.38629967482834, 113.31647990995364, 113.31647990995366]",23
492,4041846957,settled,Rf1a_0007,unmatched,,"[-0.42387011570386224, 0.43694254873817007, 0.72414277921501, 0.32408728673946435]","[-0.4999875422088695, 0.49999795640728323, 0.49993460600141393, 0.5000798845651419]","[450.2891077095481, 6.221636724032099, 29.993479583054206]",4.959999999999991,100.0,0.0,"[55.38629967482834, 115.5585234400924, 115.55852344009242]",18
493,1321792822,settled,Rf1a_0004,unmatched,,"[0.8692626977408878, 0.4179941004244013, -0.14782251222700962, -0.2186590935806806]","[0.707093147397485, 0.7071204094413869, 8.488697302769245e-05, -1.578499033427772e-05]","[450.4740025132244, 30.00819769038888, 18.775299675825078]",4.829999999999948,100.0,0.0,"[55.38629967482834, 120.24608887365541, 120.24608887365542]",43
494,4197430582,settled,Rf1a_0003,unmatched,,"[0.03321905480953784, 0.9728731798589902, 0.2096095331892582, 0.0920766740537427]","[1.4352256044458667e-05, 0.9579214286218863, -1.2432178736254684e-05, 0.2870305492912874]","[449.97716184221633, 40.00312825615829, 19.64299822886999]",4.689999999999901,100.0,0.0,"[55.38629967482834, 114.70627807631072, 114.70627807631074]",16
495,2542721139,settled,Rf1a_0007,unmatched,,"[-0.6495938786809407, -0.005279080681094758, 0.6857852760822487, 0.3281744645706117]","[-0.49996363579667824, 0.5000930919491591, 0.4999933976844332, 0.49994986202385594]","[450.04505669752155, 6.236228285197823, 29.995619703562898]",4.719999999999911,100.0,0.0,"[55.38629967482834, 120.41173993301774, 120.41173993301776]",27
496,2692174792,settled,Rf1a_0007,unmatched,,"[0.47989987830095804, 0.40658434079067574, 0.7168406037565264, -0.30087344421951895]","[0.49995240437884825, 0.5000297807139273, 0.49999824477531407, -0.5000195665937438]","[450.42942206566244, 6.232122264137163, 29.991642391899948]",4.789999999999934,100.0,0.0,"[55.38629967482834, 113.75664562122236, 113.75664562122238]",40
497,3415389587,settled,Rf1a_0007,unmatched,,"[0.014422751469727813, -0.6581796891617329, -0.4012873838272596, 0.6368358631516293]","[-0.5000292304796423, -0.5000454514342636, -0.49996651080516996, 0.49995880154183125]","[450.4500714997553, 6.233370938819732, 29.99785109616686]",4.679999999999898,100.0,0.0,"[55.38629967482834, 120.20626383040427, 120.20626383040428]",33
498,1604256032,settled,Rf1a_0005,unmatched,,"[0.7194335288308407, -0.12594507376429795, -0.2512441202018914, -0.6351611040141603]","[0.7070395700757827, -9.519355848547993e-05, 5.718096572825355e-05, -0.7071739771906035]","[449.86334369587655, 6.228929978466916, 39.99902098321545]",4.990000000000001,100.0,0.0,"[55.38629967482834, 122.6330378943904, 122.63303789439041]",33
499,262656233,settled,Rf1a_0008,unmatched,,"[-0.36391009820553344, 0.39535104709640495, 0.3331361145539588, -0.7747821107664442]","[-0.6773940286986038, 0.20283397719065663, 0.20291996741273904, -0.6773619375235874]","[449.70296350344637, 19.655252258151908, 39.99530185125777]",4.699999999999904,100.0,0.0,"[55.38629967482834, 119.53922056848984, 119.53922056848985]",18
500,4212216518,settled,Rf1a_0018,unmatched,,"[-0.29048204249306936, -0.9429696391518119, 0.01821415926537831, -0.16154469050145792]","[-0.6773691889379108, -0.6772865868865139, 0.2031333184423966, -0.20295496061883747]","[449.84454314506024, 27.122030429843015, 19.64464478834278]",4.729999999999914,100.0,0.0,"[55.38629967482834, 122.67582323551865, 122.67582323551866]",31
501,3782923788,settled,Rf1a_0005,unmatched,,"[-0.7787440695715817, 0.09365545432764234, -0.38650657307348313, 0.48517934720345085]","[-0.7070677529026893, -5.1384185874406166e-05, 3.1720051167090165e-05, 0.7071458047380649]","[450.3748890466596, 6.221157593102336, 39.99311376469051]",4.679999999999898,100.0,0.0,"[55.38629967482834, 122.03533227853599, 122.035332278536]",38
502,3362482467,settled,Rf1a_0006,unmatched,,"[0.7832846989191279, -0.38675165402377154, -0.48657950948779993, 0.011341053551597924]","[0.6772728554440359, -0.6773858233051047, -0.20307771694536164, -0.20300090281623684]","[449.8088842951114, 28.478494701770796, 19.64366002285103]",4.969999999999994,100.0,0.0,"[55.38629967482834, 121.47467442023884, 121.47467442023884]",27
503,2700113713,settled,Rf1a_0003,unmatched,,"[0.03447712517487698, 0.9641850388290412, 0.23864003994039065, 0.11049647087199173]","[2.238668924452181e-05, 0.9579651261193307, -9.273490871986036e-05, 0.2868846598168812]","[450.10939364753125, 40.00678120301547, 19.640827955801832]",4.679999999999898,100.0,0.0,"[55.38629967482834, 114.45460006085102, 114.45460006085104]",20
504,470461877,settled,Rf1a_0016,unmatched,,"[-0.3661237010024778, 0.6138259312149058, -0.3211534154736574, -0.6213144497450597]","[-0.49997627756354807, 0.5001388733094674, -0.4999031098736267, -0.4999817096825757]","[450.30698710577894, 18.776166448591372, 30.000906791097716]",4.749999999999921,100.0,0.0,"[55.38629967482834, 105.15768615328366, 105.15768615328368]",26
505,1077415524,settled,Rf1a_0003,unmatched,,"[-0.9281882426101508, -0.132775582072791, -0.2798262576919452, 0.2062389308341965]","[-0.9579171990237887, -4.430538245732418e-05, -0.2870446599145333, -3.2649688367580865e-05]","[450.35620251054223, 39.99997035318479, 19.648149155236325]",4.459999999999824,100.0,0.0,"[55.38629967482834, 114.67625273476492, 114.67625273476493]",25
506,3461860755,settled,Rf1a_0013,unmatched,,"[-0.05646607210453661, 0.35164116118681604, -0.895910406203069, -0.2655270617419717]","[1.9946910558073462e-05, -3.7061509432501076e-05, -0.9999999988061368, 2.482522203581607e-05]","[449.6236375180308, 39.999822473379815, 6.228714608025706]",5.0300000000000145,100.0,0.0,"[55.38629967482834, 112.75037682310995, 112.75037682310996]",24
507,4041061826,settled,Rf1a_0007,unmatched,,"[-0.3481962430304041, -0.8253540043337292, -0.2323053652870821, 0.3789252711665267]","[-0.5000110825973272, -0.4999800427318788, -0.5000683142025794, 0.499940551746173]","[450.45381570288254, 6.226406465454538, 29.994622202333435]",4.639999999999884,100.0,0.0,"[55.38629967482834, 114.68692596767877, 114.68692596767877]",37
508,306890977,settled,Rf1a_0005,unmatched,,"[-0.6281596778640454, 0.2934023739395993, -0.14503032828879558, 0.7059013174295615]","[-0.7071174978516667, -5.661214761698604e-05, -7.039359836437955e-06, 0.7070960620577027]","[450.2416237790089, 6.223882323709674, 39.997036493487]",4.979999999999998,100.0,0.0,"[55.38629967482834, 118.78976514478371, 118.78976514478373]",35
509,1149764821,settled,Rf1a_0012,unmatched,,"[0.5506074498766016, 0.1942346200872333, 0.7633583094821048, 0.2763845868433636]","[-5.974630226204812e-05, -7.648334088777851e-05, 0.7070618351407325, 0.7071517177155816]","[449.6271739364486, 29.99753405039439, 6.224418379692668]",5.1500000000000545,100.0,0.0,"[55.38629967482834, 122.68657943249463, 122.68657943249464]",24
510,2826209534,settled,Rf1a_0001,unmatched,,"[-0.054747368474066145, -0.6743927245094147, 0.08177656121602812, 0.7317853324641148]","[7.373123761844909e-05, -0.999999861355687, 1.8396766049977309e-06, -0.0005213913377130454]","[449.861587951359, 40.01129450503809, 18.774934620390137]",4.959999999999991,100.0,0.0,"[55.38629967482834, 117.85558215258942, 117.85558215258943]",25
511,809482123,settled,Rf1a_0003,unmatched,,"[-0.9896455908076977, -0.0660978533166102, -0.015510723040940765, -0.12645985866102424]","[-0.9578948446645157, -0.00014519958409746347, -0.2871192142604168, 4.7798591470860075e-05]","[450.0093113496433, 39.99949490500322, 19.644225872023227]",4.779999999999931,100.0,0.0,"[55.38629967482834, 116.06086816088101, 116.060868160881]",20
512,1905413278,settled,Rf1a_0007,unmatched,,"[0.7481737568194641, 0.08510956857516272, -0.6001973035567936, -0.26973243732772156]","[0.49998771759347804, -0.500039497037362, -0.4999131529903204, -0.5000596195710699]","[449.67399746322957, 6.225136900506082, 30.00148957520951]",4.5599999999998575,100.0,0.0,"[55.38629967482834, 121.72211351167662, 121.72211351167664]",31
513,3286044974,settled,Rf1a_0005,unmatched,,"[-0.5116328064185239, -0.4434826427084401, -0.6709170843675203, -0.30236614049266347]","[5.0696029027469526e-05, -0.7070829071480272, -0.7071306513756236, -4.164244758118467e-05]","[450.38602531048423, 6.227490413568255, 39.99681928414396]",5.110000000000041,100.0,0.0,"[55.38629967482834, 121.95761359046516, 121.95761359046516]",43
514,1725715576,settled,Rf1a_0013,unmatched,,"[0.06505155144275046, -0.2850129164414062, 0.21597777360011147, -0.9316058900775555]","[2.9501162762568534e-05, -5.3248803632755525e-05, 1.4126925999143704e-05, -0.9999999980473382]","[449.789189763861, 40.01166232676268, 6.2228788531450485]",4.729999999999914,100.0,0.0,"[55.38629967482834, 121.83243044695564, 121.83243044695566]",27
515,1615467983,settled,Rf1a_0007,unmatched,,"[-0.6197829620305907, -0.4968457370711996, 0.10198844289142846, 0.5988420084190367]","[-0.5000239587847699, -0.4999956865222621, -0.5000130208637366, 0.49996733199986115]","[449.932122792601, 6.224137853421676, 29.999116456812335]",5.080000000000031,100.0,0.0,"[55.38629967482834, 121.50427770373093, 121.50427770373092]",39
516,3814597079,settled,Rf1a_0011,unmatched,,"[0.667114342466612, -0.47649663241467166, 0.2707484495608343, -0.5045836803080551]","[-0.00015463223955763548, -0.707139132034159, 0.7070743841172067, 0.00019839385022260995]","[450.0682602481733, 18.781408904206717, 40.00084899656513]",4.719999999999911,100.0,0.0,"[55.38629967482834, 114.84796620003449, 114.84796620003448]",15
517,34287890,settled,Rf1a_0003,unmatched,,"[-0.020940699529930898, 0.9375278849134914, 0.13409955172815838, 0.3203439750317453]","[4.4053985145148244e-05, 0.9578666967177345, -1.8260813590631475e-05, 0.28721314218685207]","[450.2640695887636, 40.00131777041682, 19.646248319622327]",4.6199999999998775,100.0,0.0,"[55.38629967482834, 114.28587637317061, 114.28587637317062]",28
518,3631687601,settled,Rf1a_0013,unmatched,,"[0.01632317933537506, -0.10891332960164436, -0.21908469273952824, 0.9694706482708464]","[-5.2676638231830004e-05, -5.033874091284556e-05, -9.191815345144572e-05, 0.999999993121118]","[450.292188943837, 40.005741507355516, 6.223776136654851]",4.689999999999901,100.0,0.0,"[55.38629967482834, 121.80004371981768, 121.80004371981768]",19
519,2511762870,settled,Rf1a_0005,unmatched,,"[0.07168445665046755, -0.7412878042100359, -0.6643917565661196, 0.06274809806820239]","[-2.3128930957417993e-05, -0.7071703148398427, -0.7070432412283384, 1.7541264168807618e-05]","[450.3366112059866, 6.224250621807273, 40.00363364895159]",4.769999999999928,100.0,0.0,"[55.38629967482834, 112.9500220132327, 112.95002201323271]",38
520,3838213929,settled,Rf1a_0006,unmatched,,"[0.8821667003735669, -0.4005839344237604, -0.23141838226947753, -0.08809061573954291]","[0.6773759570925747, -0.6773466499474345, -0.2028733264933467, -0.20299197510106212]","[449.8462269246589, 28.481011831295493, 19.642413293332947]",4.909999999999974,100.0,0.0,"[55.38629967482834, 121.3546686691616, 121.35466866916158]",40
521,1582246333,settled,Rf1a_0003,unmatched,,"[-0.04681754495458157, 0.978931168426654, 0.19652707016210968, 0.029647860981003544]","[0.00018409469985941618, 0.957934207854218, -0.00011138914725739024, 0.2869878170311613]","[450.30577949392443, 40.00792482114573, 19.647319101431]",4.679999999999898,100.0,0.0,"[55.38629967482834, 114.25915102254736, 114.25915102254737]",21
522,1534090043,settled,Rf1a_0015,unmatched,,"[-0.46539282176227803, 0.0937664437621731, -0.3668153027806936, -0.8000399422042925]","[-0.33533114343519166, 0.33531863563985226, -0.6226149574155029, -0.6224669080662573]","[450.12763200225396, 19.657895282580714, 28.47544058795537]",5.240000000000085,100.0,0.0,"[55.38629967482834, 117.90976146773545, 117.90976146773545]",31
523,3898018603,settled,Rf1a_0017,unmatched,,"[0.48513314473120167, -0.6294995748038434, 0.5923599459209928, 0.13223392784559354]","[0.6225271557071609, -0.6225255873499482, 0.335362797423227, 0.3353410616167102]","[450.304892802505, 19.65870419317495, 27.12362150762257]",4.429999999999814,100.0,0.0,"[55.38629967482834, 120.63985498969068, 120.63985498969068]",25
524,2830597505,settled,Rf1a_0011,unmatched,,"[0.576867332971806, -0.29015814683690533, -0.547573958901899, 0.5321607741149939]","[0.7070527801874842, -0.00012392337592743687, -3.767838636701106e-07, 0.7071607672036142]","[450.41471671406816, 18.774837359559793, 39.99384701002403]",4.819999999999944,100.0,0.0,"[55.38629967482834, 120.70235326449307, 120.70235326449308]",23
525,3406774502,settled,Rf1a_0005,unmatched,,"[-0.8184929368826612, -0.28156105544036936, 0.10698870083035565, 0.4892301117338689]","[-0.707085176162829, 1.5858448779835582e-05, -2.435586746209167e-05, 0.70712838495289]","[449.6255089309581, 6.22200315572443, 40.00407684145811]",4.5299999999998475,100.0,0.0,"[55.38629967482834, 112.04618829341828, 112.0461882934183]",34
526,2789814901,settled,Rf1a_0003,unmatched,,"[-0.26970363680921006, 0.9276292097826353, -0.15848816628110093, -0.20407228767959454]","[0.0001708026043044375, 0.9578987335583578, -8.562739488759963e-05, 0.28710621682874443]","[450.19980277329284, 40.00493866654219, 19.64806252097213]",5.0300000000000145,100.0,0.0,"[55.38629967482834, 119.47711518857045, 119.47711518857045]",28
527,3760347501,settled,Rf1a_0013,unmatched,,"[-0.1002536087097096, 0.35093466032656606, 0.2054738778488905, 0.9080608810227965]","[2.156740974890159e-05, 4.181297438773613e-05, 0.00012699877327803803, 0.9999999908289168]","[450.0499493062845, 40.00105370798563, 6.2223816517123565]",4.959999999999991,100.0,0.0,"[55.38629967482834, 119.64496849459766, 119.64496849459768]",18
528,4270682813,settled,Rf1a_0004,unmatched,,"[-0.4929634617197576, -0.8456967034240723, -0.09130020337584438, -0.18288899390192767]","[-0.7070303143312469, -0.707183239058699, 2.5057095117242415e-05, 1.9576707217833226e-05]","[450.38461253909344, 30.000618711339968, 18.77380991594994]",4.5299999999998475,100.0,0.0,"[55.38629967482834, 118.71618228918712, 118.71618228918712]",24
529,2251849766,settled,Rf1a_0003,unmatched,,"[-0.9540381800532999, 0.14298004548502866, -0.23627115718417716, -0.11637782381766813]","[-0.9579417285167335, 0.00012396379546245065, -0.28696276411048005, -3.759552367244013e-05]","[450.51422328010193, 40.01097875309733, 19.646555782833982]",4.629999999999881,100.0,0.0,"[55.38629967482834, 117.61907095924359, 117.61907095924359]",24
530,534416715,settled,Rf1a_0004,unmatched,,"[0.8539475834375602, 0.4980579942392897, -0.06957051044451185, 0.13368508963970963]","[0.7070565152401522, 0.7071570380701033, 2.582308345100426e-05, -8.424689555036613e-05]","[449.88853291191293, 29.99879178979413, 18.77480459284512]",4.5299999999998475,100.0,0.0,"[55.38629967482834, 117.51972770980943, 117.51972770980944]",25
531,2592423895,settled,Rf1a_0016,unmatched,,"[-0.7627362211012204, 0.22713702742415, -0.5529063964301926, 0.24685369063420926]","[-0.4998137567105083, 0.49994403980696495, -0.5001022137372799, -0.5001399219013544]","[449.9097147647638, 18.77988695102205, 29.99989680932599]",4.539999999999851,100.0,0.0,"[55.38629967482834, 123.07328452046438, 123.0732845204644]",24
532,907034003,settled,Rf1a_0017,unmatched,,"[0.3422772396015353, 0.6790099916879979, -0.547941234685763, 0.34864326434001264]","[0.622401277365335, 0.6224429788661251, -0.33555333253631603, 0.33553740330704773]","[449.7824285384992, 19.65215947450799, 27.127108661436267]",4.689999999999901,100.0,0.0,"[55.38629967482834, 118.97558967061076, 118.97558967061077]",35
533,3984301831,settled,Rf1a_0003,unmatched,,"[-0.11390344336326703, 0.9654493302717585, -0.20652691217242056, -0.11081620286009315]","[-8.56600878612612e-06, 0.9579415073482925, 1.1873255721328576e-05, 0.28696353128042323]","[450.0915240143824, 40.00258731611338, 19.638535139280084]",4.929999999999981,100.0,0.0,"[55.38629967482834, 115.08510778412533, 115.08510778412534]",19
534,4291204682,settled,Rf1a_0001,unmatched,,"[0.9102301720992834, 0.25705660167763955, -0.31181419162339175, 0.09041486181100448]","[0.9999999744073255, 4.403591273061059e-05, 0.00020793293947223522, 7.75247034194293e-05]","[449.9973363529344, 40.00609090846633, 18.774655074455193]",4.959999999999991,100.0,0.0,"[55.38629967482834, 120.34349382204593, 120.34349382204594]",23
535,1157350213,settled,Rf1a_0005,unmatched,,"[0.09159539395124666, -0.38103529340517006, -0.903230823874266, 0.17491846040360173]","[-6.468193411278418e-05, -0.7071143529441598, -0.7070992045636763, -5.0813640324284037e-05]","[449.63757837734966, 6.223550071320812, 40.00229049739014]",5.050000000000021,100.0,0.0,"[55.38629967482834, 114.30836083227362, 114.30836083227364]",27
536,1755359008,settled,Rf1a_0013,unmatched,,"[0.09753683006993497, -0.2256443990971123, -0.9692314832589591, 0.012708414364118367]","[0.00016541985230344249, 0.00010701121702871852, -0.9999999729993587, 0.00012323211394810727]","[449.8871120304523, 40.007419964628966, 6.224232382309982]",4.429999999999814,100.0,0.0,"[55.38629967482834, 113.39248951020352, 113.39248951020353]",32
537,1408581071,settled,Rf1a_0016,unmatched,,"[-0.45471816580131014, 0.36881043623739057, -0.67610896635819, -0.44731076157715893]","[-0.4999311601040648, 0.5000189176607648, -0.4999387573510894, -0.5001111436836915]","[450.4665140610007, 18.776148177041772, 30.002070994154174]",4.5599999999998575,100.0,0.0,"[55.38629967482834, 106.68983860335489, 106.6898386033549]",18
538,4025969406,settled,Rf1a_0004,unmatched,,"[0.5709753087547726, -0.565686932621656, -0.20846448437644396, 0.5572504372426795]","[0.7071079336344956, -0.7071056205817068, 2.491630930789857e-05, -0.00010446095339303187]","[450.18626230613415, 29.99897768623368, 18.769072813337797]",5.000000000000004,100.0,0.0,"[55.38629967482834, 120.47264071229331, 120.47264071229333]",29
539,2979020610,settled,Rf1a_0016,unmatched,,"[0.8112307203794777, -0.24357840399230152, 0.375267764858577, 0.37649486594003445]","[0.5000464206789708, -0.500127342426265, 0.49986213828529424, 0.49996405994095694]","[449.63222602546233, 18.786125225975546, 29.999478624972962]",4.789999999999934,100.0,0.0,"[55.38629967482834, 115.24069635667297, 115.24069635667298]",27
540,1028301620,settled,Rf1a_0013,unmatched,,"[0.28892918457711164, 0.24730923049045345, 0.9179907074772494, 0.112477250140836]","[2.695844408564517e-05, -2.8552634370127006e-05, 0.9999999983486938, -4.195952542356203e-05]","[450.26646242891036, 40.00847660903506, 6.226481015485265]",5.010000000000008,100.0,0.0,"[55.38629967482834, 119.71090094772993, 119.71090094772991]",37
541,1824536695,settled,Rf1a_0018,unmatched,,"[0.3578502322835677, -0.800703126013853, 0.2395142510307735, -0.41647405537369075]","[0.6772856834023038, -0.6773237842372005, 0.2030912775169468, 0.20315148870093752]","[450.0372487679274, 27.125831197535142, 19.641001027117188]",4.239999999999751,100.0,0.0,"[55.38629967482834, 121.37628978722157, 121.37628978722158]",30
542,1733341495,settled,Rf1a_0012,unmatched,,"[-0.10725658997326243, 0.21456612060218364, -0.3731717225845471, 0.8962144103172625]","[5.136764104807234e-05, 7.54728373858482e-06, -0.7070725720274804, 0.7071409867847058]","[450.091102738434, 30.006035743907375, 6.223406453876505]",4.749999999999921,100.0,0.0,"[55.38629967482834, 122.29707668521128, 122.2970766852113]",27
543,2081953756,settled,Rf1a_0013,unmatched,,"[0.25888675527262234, 0.11196108251609478, -0.02210478959212772, 0.9591421908264307]","[1.411762778924519e-05, -7.582935090426603e-05, 9.176439077309608e-06, 0.9999999969831976]","[449.6631319993149, 40.00862982258818, 6.221955429774398]",4.869999999999961,100.0,0.0,"[55.38629967482834, 109.66908562622785, 109.66908562622787]",23
544,1596940682,settled,Rf1a_0005,unmatched,,"[-0.19632461640955656, -0.5756304342672571, -0.7748853172965169, 0.17221786543563297]","[5.557846283095139e-06, -0.7071457091151551, -0.7070678498283404, 4.228785373519245e-05]","[449.98194222175147, 6.222820236736096, 39.988441893295175]",4.909999999999974,100.0,0.0,"[55.38629967482834, 122.38582957592395, 122.38582957592396]",31
545,581162313,settled,Rf1a_0012,unmatched,,"[0.04461988653389065, 0.19339945396857908, 0.7698665327673556, -0.6065568717400935]","[2.973227684111013e-06, 1.5256404551300395e-05, 0.7070517447915396, -0.7071618131274069]","[450.0529218555108, 30.006442436041947, 6.212897416610694]",4.649999999999888,100.0,0.0,"[55.38629967482834, 109.97727645586046, 109.97727645586048]",32
546,3502698889,settled,Rf1a_0007,unmatched,,"[0.5283433173134485, -0.7298517633133956, -0.10698109618937755, -0.4203864742075638]","[0.4999603347016366, -0.5000316050275608, -0.500003659522538, -0.5000043981433151]","[449.89287010937045, 6.229864479705563, 29.993700991751293]",4.889999999999968,100.0,0.0,"[55.38629967482834, 113.64040966833767, 113.64040966833767]",35
547,1071262967,settled,Rf1a_0005,unmatched,,"[0.8300743687420142, 0.3050562345016756, -0.2379524964004282, -0.40161654050351286]","[0.7071224315674547, -1.45999220584666e-05, -2.3057916729934032e-05, -0.7070911299325606]","[449.62556753021704, 6.2265382458605405, 39.999710970472115]",4.689999999999901,100.0,0.0,"[55.38629967482834, 116.53730844200344, 116.53730844200345]",32
548,2632182746,settled,Rf1a_0013,unmatched,,"[0.12463518999557266, 0.2666351509468831, -0.9139540700125686, 0.2793917028148142]","[-8.717120283137786e-05, -6.460010250058934e-05, -0.9999999929133967, -4.900219161211834e-05]","[449.81636456007624, 40.00002578524979, 6.224996841793791]",4.699999999999904,100.0,0.0,"[55.38629967482834, 116.20700473777225, 116.20700473777227]",18
549,2828869928,settled,Rf1a_0018,unmatched,,"[-0.28857867045607677, -0.9072533208270996, 0.09782974016625558, 0.289901888136324]","[-0.6773642350037727, -0.6773407196855891, 0.20293879738093823, -0.20298543571187733]","[450.46480066841, 27.129047455991284, 19.643300244930174]",4.929999999999981,100.0,0.0,"[55.38629967482834, 122.7317704300067, 122.73177043000672]",32
550,242711853,settled,Rf1a_0018,unmatched,,"[0.4453195280059114, -0.6620938811624908, -0.15791792580823788, 0.5817079501022876]","[0.6773846705123175, -0.6773141587588601, 0.20288912168649723, 0.20305551654899312]","[449.63483686598846, 27.118813111368006, 19.63644995719106]",5.1200000000000445,100.0,0.0,"[55.38629967482834, 121.71944074401351, 121.71944074401353]",35
551,1651512630,settled,Rf1a_0012,unmatched,,"[0.0865315596859267, 0.07213667043285749, -0.3591108145116115, -0.926470729628297]","[-3.148918510087473e-05, 2.472094507321998e-05, -0.7071637236270264, -0.7070498330268277]","[449.98169045052316, 30.003182590663016, 6.22686112509962]",4.819999999999944,100.0,0.0,"[55.38629967482834, 122.80751503648781, 122.80751503648783]",22
552,1631844025,settled,Rf1a_0013,unmatched,,"[-0.1638439152687643, 0.1823014535722178, 0.9657088863423422, -0.08560197599525166]","[2.27528813027305e-05, 1.8393517532522278e-05, 0.9999999980080428, -5.592762560526098e-05]","[450.0117140903683, 40.001495648758436, 6.224578197436117]",4.539999999999851,100.0,0.0,"[55.38629967482834, 118.23584288516744, 118.23584288516746]",26
553,2736063736,settled,Rf1a_0005,unmatched,,"[-0.843944520795286, -0.07874995523921714, -0.028550908035474637, 0.5298499183917899]","[-0.7070987452073987, -6.105915494113104e-06, -1.4681089456315716e-05, 0.7071148168956056]","[450.33271073621046, 6.235371985728977, 40.00164241259838]",4.829999999999948,100.0,0.0,"[55.38629967482834, 113.90143390391914, 113.90143390391916]",22
554,2383909704,settled,Rf1a_0006,unmatched,,"[0.6518991038919032, -0.6526703844856946, -0.36014167870515257, -0.13909313002324686]","[0.6773028722689274, -0.6773800684546412, -0.20312752693315858, -0.20287008128027564]","[450.398776161765, 28.482145566431118, 19.641328369844388]",4.779999999999931,100.0,0.0,"[55.38629967482834, 106.44255829313225, 106.44255829313227]",31
555,786084746,settled,Rf1a_0003,unmatched,,"[0.2039477377247787, 0.88653858841402, -0.044391204423401436, -0.41289716940136734]","[4.3696770491860604e-05, 0.9579930766768253, -1.9861148906064052e-06, 0.28679132331003004]","[449.98480413555785, 39.99397681924115, 19.64516488147566]",4.829999999999948,100.0,0.0,"[55.38629967482834, 121.73229961931409, 121.73229961931409]",19
556,3304824113,settled,Rf1a_0013,unmatched,,"[-0.13080897053962634, 0.016978959777673188, -0.9531859353290428, -0.2720979618485396]","[4.371965127417334e-06, 9.99405126406172e-06, -0.999999999937531, 2.4378014582083428e-06]","[449.8239910617097, 40.0024304720641, 6.221692045062753]",4.779999999999931,100.0,0.0,"[55.38629967482834, 122.58364672057627, 122.58364672057627]",18
557,1346177025,settled,Rf1a_0012,unmatched,,"[-0.11499311941669005, 0.4206101350444942, 0.7451990628761969, 0.5045216085294161]","[-5.802867202739371e-05, 4.9370592876046844e-05, 0.7070400979932451, 0.7071734539877189]","[450.35161243872767, 29.995831035494753, 6.226434577365683]",5.010000000000008,100.0,0.0,"[55.38629967482834, 114.87762415833463, 114.87762415833464]",35
558,1189755357,settled,Rf1a_0012,unmatched,,"[0.44321918603854427, 0.24072236551575096, -0.6050649771751497, -0.6160404769687353]","[-9.065916989903222e-07, 2.5981737339225708e-05, -0.7070854745422152, -0.7071280867109848]","[449.71797986529475, 30.008196380280523, 6.22652959011378]",4.419999999999811,100.0,0.0,"[55.38629967482834, 116.45803499541805, 116.45803499541805]",31
559,404206193,settled,Rf1a_0007,unmatched,,"[0.21300452584677976, 0.2149451527649457, 0.2569436815404462, -0.9178276514619095]","[0.5000318550807061, 0.5000123701743324, 0.49998928834376044, -0.4999664839953714]","[450.40684624162316, 6.220685453386271, 30.000604997558753]",4.979999999999998,100.0,0.0,"[55.38629967482834, 118.3248849672381, 118.32488496723812]",33
560,1249438590,settled,Rf1a_0012,unmatched,,"[-0.25983007503873057, -0.0960866751857659, 0.6624144666085784, 0.6960335892647606]","[1.4566714029079497e-05, -7.351129660965183e-05, 0.7071410533143385, 0.7070725034261961]","[449.9552737467057, 30.004923728059094, 6.227874427602797]",4.6199999999998775,100.0,0.0,"[55.38629967482834, 103.85626540782971, 103.85626540782972]",22
561,3893150923,settled,Rf1a_0005,unmatched,,"[0.5250380837594202, -0.2965867571242271, -0.10548193818621408, -0.7907242672494948]","[0.7071248037720521, 1.9425870469736532e-05, 2.8573014705512892e-05, -0.707088757297523]","[449.94947595244207, 6.225767114211526, 40.00356496132479]",5.130000000000048,100.0,0.0,"[55.38629967482834, 122.51321412589922, 122.51321412589922]",39
562,784341871,settled,Rf1a_0005,unmatched,,"[0.6092956200950023, 0.2465329145720911, -0.5075357975286466, -0.5571245673927846]","[0.7071040152462991, -1.226550495188863e-05, -4.395802380489194e-05, -0.7071095456432557]","[450.36594234031617, 6.230334525927764, 39.998829834441835]",4.749999999999921,100.0,0.0,"[55.38629967482834, 121.0369604101923, 121.03696041019231]",30
563,1442674168,settled,Rf1a_0013,unmatched,,"[0.32283344498595823, -0.05339721884669838, 0.10384039947967572, 0.9392254656118718]","[1.3142988725955986e-05, 2.0744359085505373e-05, 9.236097936600662e-05, 0.9999999954331915]","[450.3054794107991, 40.00025917550033, 6.2280151907753885]",4.349999999999787,100.0,0.0,"[55.38629967482834, 110.65751305501907, 110.65751305501908]",15
564,914947571,settled,Rf1a_0009,unmatched,,"[0.008699331871120803, -0.7185529989891443, 0.5977778274188038, 0.3553414953466003]","[0.20247078415991127, -0.6774004492016203, 0.6775467697502193, -0.20264399271667802]","[449.95915662708364, 19.658667847939643, 39.99720698446307]",5.1200000000000445,100.0,0.0,"[55.38629967482834, 122.58180154008265, 122.58180154008267]",29
565,4103205779,settled,Rf1a_0012,unmatched,,"[-0.32975880371071165, 0.06651764303843705, 0.39372305764285254, -0.8554628504033676]","[9.612198432995542e-05, -8.68355314642688e-06, 0.7070944953876257, -0.7071190601855384]","[449.71291837872474, 30.008620036746198, 6.22522556595136]",4.519999999999844,100.0,0.0,"[55.38629967482834, 115.06591725718413, 115.06591725718414]",29
566,2879595323,settled,Rf1a_0013,unmatched,,"[-0.43373184720898755, -0.09479036241635837, -0.023562481084522684, -0.895732259882827]","[-0.00012495581539262446, 3.0445366619829653e-05, -4.44599963578925e-05, -0.9999999907412163]","[449.6507119009433, 40.012771377332584, 6.220328623727525]",4.749999999999921,100.0,0.0,"[55.38629967482834, 112.22357430411141, 112.22357430411142]",21
567,3848514265,settled,Rf1a_0012,unmatched,,"[-0.2281102713768126, 0.6538138972962924, -0.039395776699347185, 0.7203756412961819]","[2.39952408246924e-05, 7.297221533314469e-05, 0.7070856692332229, 0.7071278883372439]","[449.8768361419024, 29.992859571896368, 6.224968069436582]",4.709999999999908,100.0,0.0,"[55.38629967482834, 120.80085982342234, 120.80085982342236]",26
568,1245831326,settled,Rf1a_0012,unmatched,,"[-0.388786402531299, -0.5092396166273795, 0.47217131459175427, 0.6054538758160402]","[4.0632145014152235e-06, -1.609200151636569e-05, 0.7070877013564095, 0.7071258603070933]","[449.7212588886161, 29.995660672894864, 6.22050028002431]",4.5599999999998575,100.0,0.0,"[55.38629967482834, 119.3776993618942, 119.37769936189422]",36
569,1886621264,settled,Rf1a_0007,unmatched,,"[-0.7028736851730464, -0.2706600985987688, -0.6461462310172245, 0.12331561888099102]","[-0.49997674820795607, -0.5000180135372154, -0.5000122596426044, 0.49999297754747724]","[449.962360572624, 6.221184687693264, 29.991396512084595]",4.869999999999961,100.0,0.0,"[55.38629967482834, 115.5248224214076, 115.52482242140762]",29
570,3916208710,settled,Rf1a_0005,unmatched,,"[-0.3292193713764832, -0.512177968271426, -0.7828183003384974, -0.12838941927968053]","[2.457919833148108e-05, -0.7072230683036089, -0.7069904735723679, 3.651042417378203e-05]","[450.4713516784251, 6.227021245109852, 39.99758669179052]",5.140000000000051,100.0,0.0,"[55.38629967482834, 121.29539977662881, 121.29539977662883]",33
571,200935633,settled,Rf1a_0018,unmatched,,"[0.5617879019177501, 0.6795740462850371, -0.21259320806254298, -0.42116219768672375]","[0.6774096085710581, 0.677316065780758, -0.2029217204745063, 0.202933350168345]","[450.3610419307767, 27.127019792514734, 19.6470419916725]",4.759999999999924,100.0,0.0,"[55.38629967482834, 115.29682415950442, 115.29682415950444]",38
572,840784676,settled,Rf1a_0007,unmatched,,"[0.8654110191946646, -0.44201200077430836, -0.21767084887705168, -0.09115130595382805]","[0.499983027286758, -0.5000077481069862, -0.4999905267872023, -0.5000186970316268]","[449.63879369970607, 6.23416934243122, 29.998877117334054]",5.010000000000008,100.0,0.0,"[55.38629967482834, 120.3576435160529, 120.3576435160529]",33
573,110682437,settled,Rf1a_0007,unmatched,,"[0.4827598211213677, 0.6793758138798732, 0.5195958435911711, -0.1881797490398582]","[0.500031168005916, 0.4999619524931411, 0.5000852958131455, -0.49992156784176084]","[449.62519589593614, 6.224297423570292, 29.99541299753527]",4.739999999999918,100.0,0.0,"[55.38629967482834, 117.87258380911025, 117.87258380911027]",25
574,3288537121,settled,Rf1a_0017,unmatched,,"[0.3556440857288201, 0.6668875589514781, -0.6287630502717741, 0.18285320509847525]","[0.6225379693976144, 0.622576813184326, -0.3352552519645993, 0.33533342269105365]","[450.35996619272686, 19.660967193382145, 27.11512449885783]",4.849999999999954,100.0,0.0,"[55.38629967482834, 122.32426623690579, 122.3242662369058]",28
575,4008853645,settled,Rf1a_0007,unmatched,,"[0.39826557421314845, 0.7672577639207893, 0.40191914618957114, 0.30192889233425063]","[0.49994207259814133, 0.4999933716994347, 0.5000077009970088, -0.500056848014895]","[450.1526265838634, 6.225045709781291, 30.000679278425388]",4.399999999999804,100.0,0.0,"[55.38629967482834, 115.05677522318672, 115.05677522318672]",34
576,3726675985,settled,Rf1a_0012,unmatched,,"[0.3748586046734741, -0.17909293368641002, -0.7152482362932548, 0.5619846155236276]","[1.0474489358036633e-05, 6.982738012820124e-05, -0.7070875856966236, 0.7071259726301546]","[449.84066673329596, 30.007330538158577, 6.218381936866692]",4.669999999999894,100.0,0.0,"[55.38629967482834, 113.93741728923389, 113.9374172892339]",26
577,849676372,settled,Rf1a_0018,unmatched,,"[-0.28458835823206236, -0.9489149051119783, 0.047744204428998675, -0.12763408697736886]","[-0.6772557671803049, -0.6774393315086471, 0.2029853447665087, -0.20297174127487724]","[449.7234371483886, 27.125350373146794, 19.645406395766976]",4.819999999999944,100.0,0.0,"[55.38629967482834, 122.50237510421528, 122.50237510421529]",18
578,1751227975,settled,Rf1a_0012,unmatched,,"[0.0022446443763873476, -0.018615092473756815, 0.5822536585823236, -0.8127909429683108]","[-7.023501560871059e-06, -9.567222306347545e-05, 0.7071179987434059, -0.7070955569444747]","[450.3594428468021, 29.996810075278926, 6.219827466906743]",4.709999999999908,100.0,0.0,"[55.38629967482834, 114.05428271277327, 114.05428271277329]",45
579,1013355929,settled,Rf1a_0013,unmatched,,"[0.22953036583675168, -0.09964654803118614, 0.0956001665862809, 0.9634557513311086]","[2.0266126328716272e-05, -2.4872426499521015e-05, 9.389913285510813e-05, 0.9999999950767997]","[450.4567932182378, 40.00452171380853, 6.22076794417497]",4.639999999999884,100.0,0.0,"[55.38629967482834, 113.6593582878089, 113.65935828780891]",17
580,2299907025,settled,Rf1a_0013,unmatched,,"[0.08455653425668659, -0.2328417642850038, 0.9625820044041526, 0.10986714757573443]","[2.638348612564538e-05, -1.6262366182240307e-05, 0.9999999993981925, 1.5590451272465622e-05]","[449.97408941246545, 40.01129205975157, 6.2271144524790945]",4.849999999999954,100.0,0.0,"[55.38629967482834, 114.33310721668123, 114.33310721668124]",18
581,3406489006,settled,Rf1a_0017,unmatched,,"[0.4269850661988979, 0.36394401752977307, -0.5950713256595703, 0.5754290770591738]","[0.622602247612537, 0.6225791807780141, -0.33526517728047794, 0.3351997402037831]","[449.87598128248516, 19.650884262609743, 27.119304284599764]",4.699999999999904,100.0,0.0,"[55.38629967482834, 105.15841318960324, 105.15841318960322]",36
582,2423796619,settled,Rf1a_0005,unmatched,,"[-0.16701013076321958, 0.49812904024453486, 0.8480761247043386, -0.06886190669726149]","[-4.284998887593362e-05, 0.7071163536607017, 0.707097207244342, 7.531539210235386e-06]","[450.3356832715174, 6.225242883646804, 39.99467623860069]",4.579999999999864,100.0,0.0,"[55.38629967482834, 116.65646543219198, 116.65646543219196]",24
583,1783060612,settled,Rf1a_0012,unmatched,,"[-0.4255018339134278, -0.012993678735004564, 0.4336514100514712, -0.7941824779039209]","[-1.7113389919720667e-05, 3.204773458745369e-05, 0.7071277507944838, -0.7070858100233727]","[449.82589347051487, 29.995628767749935, 6.2221975026928495]",4.5299999999998475,100.0,0.0,"[55.38629967482834, 114.95458303274062, 114.9545830327406]",34
584,1163852597,settled,Rf1a_0005,unmatched,,"[-0.06512201765005957, -0.45662172925732786, -0.8836481508507021, 0.08013528988758817]","[-1.1049562505163983e-05, -0.7071381372563178, -0.7070754225998149, 3.835186290970048e-05]","[450.27853485075417, 6.236739500965004, 39.99753562384754]",5.110000000000041,100.0,0.0,"[55.38629967482834, 113.79846781165928, 113.7984678116593]",39
585,300535037,settled,Rf1a_0011,unmatched,,"[-0.35142249661355834, 0.4728701792018044, -0.7428979686214585, 0.31780281734694765]","[0.0003390962161245409, 0.7071527744277695, -0.7070606611020847, -0.0002452646476638131]","[450.48593549956695, 18.780688421164523, 39.99972377647752]",4.5299999999998475,100.0,0.0,"[55.38629967482834, 118.30061860174833, 118.30061860174834]",22
586,2202722907,settled,Rf1a_0011,unmatched,,"[0.5124774959073248, -0.5319461136587357, 0.5757058289795667, -0.35066072895446276]","[-2.3240375242182718e-06, -0.7070929763877242, 0.7071205856877171, -5.865871386164269e-06]","[449.7190385876548, 18.775541351979964, 40.00001612207505]",4.6199999999998775,100.0,0.0,"[55.38629967482834, 118.44098479545443, 118.44098479545444]",23
587,247068866,settled,Rf1a_0001,unmatched,,"[0.2663569656585872, -0.9303810532191625, -0.12659665487131766, 0.21775754781716367]","[-1.2424311830280417e-05, -0.9999999785056398, 5.27730928135961e-05, 0.00020012335449114677]","[449.6873716791599, 40.0037391917136, 18.773936291370738]",4.689999999999901,100.0,0.0,"[55.38629967482834, 123.02026833356898, 123.02026833356899]",35
588,3592442215,settled,Rf1a_0005,unmatched,,"[0.4986228065315347, 0.1869661205412491, -0.41797164096076433, -0.7360154033231484]","[0.7071441195173543, -5.122544152692284e-05, 9.809462661850593e-05, -0.7070694322238971]","[450.44405610068003, 6.225674810842061, 40.000432162158276]",4.799999999999938,100.0,0.0,"[55.38629967482834, 115.2653503701953, 115.26535037019532]",27
589,817587664,settled,Rf1a_0013,unmatched,,"[-0.07577032750485735, 0.2163005929188234, 0.9733798759676174, 0.002127917770489224]","[3.692954476787927e-05, 5.4627614064550745e-05, 0.9999999954118126, -6.948674133613609e-05]","[449.86498348336863, 39.99609429801619, 6.229571209022552]",4.439999999999817,100.0,0.0,"[55.38629967482834, 112.45074392555087, 112.45074392555088]",27
590,956714543,settled,Rf1a_0017,unmatched,,"[-0.03263422553297066, 0.6172465985498278, -0.3550635453785339, 0.7013355278650559]","[0.6225306869886021, 0.6225349683529068, -0.33527030154972676, 0.3354095732594703]","[449.9320355621179, 19.64558901491447, 27.121992268326704]",4.639999999999884,100.0,0.0,"[55.38629967482834, 120.17056139436521, 120.17056139436521]",26
591,390567019,settled,Rf1a_0012,unmatched,,"[-0.05576000439088655, 0.4339213101568298, 0.7614267507275267, 0.4783643190901987]","[-3.363743643680639e-06, 1.641981147326721e-05, 0.707121110844149, 0.707092451039899]","[449.68887299572384, 29.992505921567897, 6.229151807234905]",4.939999999999984,100.0,0.0,"[55.38629967482834, 115.85403658064484, 115.85403658064486]",28
592,4117714206,settled,Rf1a_0007,unmatched,,"[0.6449494163759041, -0.5791058778370126, -0.1724574204003194, -0.4679049804392673]","[0.5000880744688335, -0.49999891108693634, -0.49993337034150176, -0.4999796314900429]","[449.7042891358585, 6.234763422158262, 29.99494367274104]",4.849999999999954,100.0,0.0,"[55.38629967482834, 113.69090160894118, 113.69090160894119]",37
593,2521025845,settled,Rf1a_0009,unmatched,,"[0.2502199291952107, 0.6862156576978117, -0.6555637187440244, -0.19166186065675433]","[-0.20265298362082695, 0.6773545769456105, -0.6775074869410538, 0.2027465177487093]","[449.86688168996164, 19.649683155250806, 39.99600165865444]",4.759999999999924,100.0,0.0,"[55.38629967482834, 114.73954475917242, 114.73954475917243]",23
594,118959254,settled,Rf1a_0005,unmatched,,"[-0.5054991243376068, 0.12293413704927827, -0.2517487032519535, 0.816076236422077]","[-0.7071117198190977, -4.216987419804221e-07, -0.00010200415829930267, 0.7071018351619883]","[449.90516707308683, 6.229284143907609, 40.00086639127357]",4.829999999999948,100.0,0.0,"[55.38629967482834, 112.66128943738718, 112.6612894373872]",32
595,536323564,settled,Rf1a_0016,unmatched,,"[0.2987672183365751, 0.6164033511906383, -0.03367927294981921, 0.7277710934503702]","[0.5000860826074036, 0.5000218734623643, -0.49996928286392917, 0.4999227462659575]","[450.0302053455339, 18.77642069067023, 29.998023112558336]",4.579999999999864,100.0,0.0,"[55.38629967482834, 116.85527833636347, 116.85527833636348]",20
596,3098034090,settled,Rf1a_0007,unmatched,,"[-0.2106048733431788, -0.4854357699365941, -0.5301879847400127, 0.6624940765225706]","[-0.5000098108332429, -0.5000249249767017, -0.499976097370017, 0.49998916541380745]","[449.8683579409853, 6.231245032473447, 29.992224210828823]",4.699999999999904,100.0,0.0,"[55.38629967482834, 110.87398721931952, 110.87398721931953]",29
597,318939885,settled,Rf1a_0005,unmatched,,"[-0.46175195073807324, 0.10705404599565982, 0.3483910274929797, 0.8086706741238544]","[-0.707081771033981, 7.769905335791488e-05, -6.132343513509359e-05, 0.7071317835267641]","[449.88150931864817, 6.2291428379597225, 39.99870983020266]",4.919999999999978,100.0,0.0,"[55.38629967482834, 117.87492194449955, 117.87492194449956]",31
598,3202722054,settled,Rf1a_0012,unmatched,,"[0.18155062225358312, 0.05267923178463344, 0.42013907835606906, 0.8875513646747609]","[-2.648646119013387e-06, 8.883866288139641e-06, 0.7071100759208586, 0.7071034863761168]","[450.09566123393, 30.005868844436595, 6.218948993424476]",4.839999999999951,100.0,0.0,"[55.38629967482834, 119.94885187583151, 119.94885187583151]",24
599,2576870985,settled,Rf1a_0017,unmatched,,"[-0.4516636024144685, 0.6309803758169514, -0.4832380895695982, -0.40539450462112636]","[-0.6224770637924263, 0.6224409655942553, -0.335446083614848, -0.3355077858856796]","[449.9856309809677, 19.651041086675896, 27.130987289931962]",4.569999999999861,100.0,0.0,"[55.38629967482834, 111.6697048303127, 111.66970483031271]",32
600,447954548,settled,Rf1a_0013,unmatched,,"[0.05575006052663945, -0.33589163307563924, 0.9332256004098558, 0.11471146551552941]","[-0.00018657472298678915, 5.20506199189752e-05, 0.9999999811497308, 1.3458969044160921e-05]","[449.9648322544559, 40.001268140181956, 6.220866490582795]",5.100000000000038,100.0,0.0,"[55.38629967482834, 110.34512623045732, 110.34512623045734]",26
601,940726953,settled,Rf1a_0007,unmatched,,"[0.5127838771000137, 0.2725405650552121, 0.3368759618564963, -0.7411402850398325]","[0.4999660692871539, 0.4999285401493896, 0.5001209485018054, -0.4999844209326001]","[449.89415667959184, 6.2177552021472975, 30.000092441432354]",4.919999999999978,100.0,0.0,"[55.38629967482834, 120.28068064842687, 120.28068064842688]",26
602,219800231,settled,Rf1a_0012,unmatched,,"[-0.051373563678022885, -0.2384194692129483, 0.5599082053165334, -0.7918457648269988]","[-4.0358232890197465e-05, -3.346998527786749e-05, 0.7071537508829945, -0.7070598064259381]","[450.4457151540807, 30.001097219182483, 6.212364217356277]",4.689999999999901,100.0,0.0,"[55.38629967482834, 114.60071840752255, 114.60071840752256]",25
603,1224559636,settled,Rf1a_0017,unmatched,,"[-0.5159554415873885, 0.544496901531378, -0.6183230394090855, -0.23449888156450227]","[-0.6225329765133037, 0.6224504469618836, -0.33542389141952184, -0.3354086273419671]","[449.68097472567695, 19.652785687500785, 27.11730077036932]",4.489999999999834,100.0,0.0,"[55.38629967482834, 117.24106001684167, 117.24106001684169]",28
604,4023118421,settled,Rf1a_0009,unmatched,,"[0.40965602581074484, -0.3216666623403111, -0.04117597991695293, 0.8526529408461977]","[0.6774749516280733, 0.20259614661379244, 0.2027318155766995, 0.6774085194672101]","[449.9114503709884, 19.661287346517064, 39.990518794310695]",4.789999999999934,100.0,0.0,"[55.38629967482834, 120.00646884408172, 120.00646884408172]",20
605,1928023996,settled,Rf1a_0015,unmatched,,"[0.2701948784625633, -0.44223581999339284, 0.6407685392582975, 0.5664255346152394]","[0.3352267121967002, -0.3353585492013818, 0.6224879149942608, 0.622628694001034]","[450.0822585406723, 19.65107715143486, 28.474887099561773]",5.000000000000004,100.0,0.0,"[55.38629967482834, 111.43655055376436, 111.43655055376438]",23
606,3626385919,settled,Rf1a_0004,unmatched,,"[-0.22727184610678164, 0.5116337626984891, 0.5890445784282585, -0.582756283070785]","[-0.7071046740950655, 0.7071088856875394, -5.9743635414249985e-05, 9.237732079669936e-06]","[449.9041973678213, 30.000882975103135, 18.766741297758433]",5.300000000000105,100.0,0.0,"[55.38629967482834, 119.59704302479658, 119.59704302479659]",32
607,2577297428,settled,Rf1a_0008,unmatched,,"[0.5535741985734218, -0.0935011453620174, -0.4399733339065075, 0.7008827348001787]","[0.6773415056427455, -0.2030293381151439, -0.20307862146550218, 0.6773083833098601]","[450.07544713998465, 19.647112473188706, 40.00175010621099]",4.949999999999988,100.0,0.0,"[55.38629967482834, 120.02421130466081, 120.02421130466082]",26
608,2076254014,settled,Rf1a_0018,unmatched,,"[-0.7351439095736402, 0.6157884512551096, -0.2469555466334948, 0.13921556487896336]","[-0.6773570798530099, 0.6773006944367244, -0.20300783755391139, -0.20307381313261216]","[450.40025967020415, 27.137927226997725, 19.645312535017137]",4.539999999999851,100.0,0.0,"[55.38629967482834, 110.42418302515215, 110.42418302515216]",30
609,452233348,settled,Rf1a_0015,unmatched,,"[0.29905909259017793, 0.2413006443491481, -0.8201651007773044, 0.423871284286609]","[0.3355160378673728, 0.3354932681405542, -0.6224196104746306, 0.6224685404602864]","[450.0013230152627, 19.64549793019449, 28.478868293032853]",5.240000000000085,100.0,0.0,"[55.38629967482834, 112.6578864105827, 112.65788641058269]",32
610,96115233,settled,Rf1a_0012,unmatched,,"[0.01596805096025928, -0.24776091960427232, -0.8946441276783356, -0.3714450603737326]","[2.730619564994541e-05, -8.360016036781936e-05, -0.7071400360416014, -0.7070735192980061]","[450.10246618499525, 29.998727799119212, 6.220158948411702]",4.959999999999991,100.0,0.0,"[55.38629967482834, 119.29794728451934, 119.29794728451935]",31
611,3222166524,settled,Rf1a_0007,unmatched,,"[0.5102761807816077, -0.5864514971243014, -0.11103432962465044, -0.6191641450313526]","[0.5000652593882088, -0.49993061923291787, -0.5000083674065391, -0.4999957448117355]","[450.30360725326335, 6.224316624218827, 29.987762824282413]",4.779999999999931,100.0,0.0,"[55.38629967482834, 118.75007051268084, 118.75007051268085]",37
612,3216037984,settled,Rf1a_0007,unmatched,,"[-0.8538072858367715, 0.23931008038765292, 0.3766095808763793, 0.2681585867896432]","[-0.4999431116044318, 0.5000357023140459, 0.5000315780019648, 0.49998960246333396]","[450.2835130192397, 6.2271468822545675, 30.001744793821658]",4.459999999999824,100.0,0.0,"[55.38629967482834, 112.55046439342297, 112.55046439342297]",26
613,1866588208,settled,Rf1a_0012,unmatched,,"[0.0913958532145423, 0.04136570481144703, 0.5384939494883795, -0.8366360874627897]","[-9.901327498534895e-06, -2.0099290031494466e-05, 0.7071411689900736, -0.7070723913556054]","[449.76459478979694, 29.996986018821428, 6.22423989463563]",4.659999999999891,100.0,0.0,"[55.38629967482834, 116.87870148548764, 116.87870148548762]",35
614,1833144678,settled,Rf1a_0018,unmatched,,"[0.6190268023519331, -0.6010870861268118, 0.21622287731930848, -0.4568892646859618]","[0.6773518523892693, -0.6773434018265034, 0.20299199293347903, 0.2029646148268705]","[450.4800978691279, 27.12866274273584, 19.64518808724521]",4.5299999999998475,100.0,0.0,"[55.38629967482834, 116.02611742868152, 116.02611742868153]",24
615,1205690518,settled,Rf1a_0013,unmatched,,"[-0.6618533813516694, 0.035264487260398346, -0.7484741909013679, 0.022201420814120642]","[0.00011266834063746856, 8.92527351751271e-05, -0.9999999868959031, 7.4484816054408e-05]","[450.372055752052, 40.00591589521338, 6.221834570571332]",5.080000000000031,100.0,0.0,"[55.38629967482834, 115.05747067158578, 115.05747067158579]",22
616,369857696,settled,Rf1a_0016,unmatched,,"[-0.12954261784404994, 0.7527893050896254, 0.08052108080394728, 0.640346256216864]","[0.5000288344767726, 0.5000219898308904, -0.4999895549612152, 0.49995961767631136]","[449.6186539096364, 18.775053377802355, 30.00098385564928]",4.779999999999931,100.0,0.0,"[55.38629967482834, 115.39497347390318, 115.39497347390319]",18
617,4153277340,settled,Rf1a_0018,unmatched,,"[-0.8578806105175065, -0.3593468864883421, 0.3459746782934644, -0.12333772840854022]","[-0.6773903027833919, -0.6772618909120096, 0.2030805402818524, -0.20301971079711667]","[450.23203231894036, 27.126593100748355, 19.647378376312993]",4.639999999999884,100.0,0.0,"[55.38629967482834, 118.83604293244325, 118.83604293244326]",33
618,2533894697,settled,Rf1a_0016,unmatched,,"[-0.2425132989820442, 0.4498265645237411, -0.8056564159904082, -0.2996015704883817]","[-0.4998692058161508, 0.5000000047179483, -0.5001085945318355, -0.5000221655428633]","[450.00802974752304, 18.773830257052257, 29.995327307727138]",4.609999999999874,100.0,0.0,"[55.38629967482834, 118.6743057583994, 118.67430575839941]",21
619,1831038023,settled,Rf1a_0012,unmatched,,"[-0.2075734006871383, -0.5066822775218267, 0.671322952129416, 0.4995116083903529]","[1.76974982155631e-05, 5.313134282849963e-05, 0.7070532944566615, 0.7071602616534958]","[449.72178006019647, 30.000076486948654, 6.2262876262515805]",4.399999999999804,100.0,0.0,"[55.38629967482834, 117.5352315070338, 117.53523150703381]",26
620,3843606305,settled,Rf1a_0004,unmatched,,"[-0.8825006106086865, 0.4092270962118539, -0.22842687556967828, -0.0393321562946197]","[-0.7071431950850158, 0.7070703507708005, 0.00011868588565835947, -8.136014330586971e-05]","[449.84709346325354, 29.99344761116883, 18.768557610911316]",4.5899999999998675,100.0,0.0,"[55.38629967482834, 121.2863294198558, 121.28632941985579]",30
621,339420997,settled,Rf1a_0005,unmatched,,"[0.3338907115702825, -0.690545754793728, -0.6283784602883653, 0.1296304898898177]","[4.149972820345844e-05, -0.7070726057735243, -0.7071409383447428, -0.00014751043227221388]","[450.13215333367503, 6.225859317838329, 39.998572441837425]",4.789999999999934,100.0,0.0,"[55.38629967482834, 118.77136932681364, 118.77136932681366]",46
622,318514168,settled,Rf1a_0013,unmatched,,"[0.4702166024432413, 0.27585662200913136, 0.8325093600382049, -0.0986287804305852]","[1.5242637624517651e-05, -8.774572933351044e-05, 0.9999999959950722, -8.843350863276548e-06]","[450.0237244528569, 40.00280668579376, 6.223314737987287]",5.1200000000000445,100.0,0.0,"[55.38629967482834, 115.01859597762738, 115.01859597762737]",21
623,2406135167,settled,Rf1a_0013,unmatched,,"[0.30370085785503587, 0.08961302071284508, 0.327763058386395, 0.8901161008621467]","[2.870445388786225e-05, 4.64891982086424e-05, 8.252149586603154e-05, 0.9999999951025058]","[450.02303431852454, 40.00669571265042, 6.228270480781308]",4.709999999999908,100.0,0.0,"[55.38629967482834, 117.69353615516329, 117.6935361551633]",17
624,503826566,settled,Rf1a_0018,unmatched,,"[-0.8879109927937016, 0.4037290052106611, 0.10763674471210347, -0.1924351589899693]","[-0.677235609328213, 0.6775017413535157, -0.20285046015954936, -0.2029655407547226]","[450.11159172776337, 27.122515876321103, 19.640804605035257]",4.669999999999894,100.0,0.0,"[55.38629967482834, 120.42107203027481, 120.42107203027483]",35
625,1951490665,settled,Rf1a_0008,unmatched,,"[-0.37979554275908345, 0.21260781508691884, 0.30614412443480676, -0.8466575681692955]","[-0.6773909861430866, 0.20322419628712324, 0.20296187311911948, -0.6772354509293855]","[450.0707266191419, 19.657773839154803, 40.006954558402306]",4.749999999999921,100.0,0.0,"[55.38629967482834, 116.005129815436, 116.00512981543602]",22
626,1304113979,settled,Rf1a_0013,unmatched,,"[0.09948409051905921, -0.45613823132516407, -0.11408373739586006, 0.8769411214665094]","[2.4164656666381127e-05, 3.373709234872392e-05, 3.568332148505637e-05, 0.9999999985022893]","[450.32782684855977, 40.00914900776232, 6.219961713069294]",4.5299999999998475,100.0,0.0,"[55.38629967482834, 119.86872317202352, 119.86872317202354]",23
627,1335222620,settled,Rf1a_0013,unmatched,,"[-0.19639680642520668, 0.19642498494383, 0.9301330988887067, -0.24020395098225877]","[-5.8953772684966794e-05, 4.978867606958426e-05, 0.9999999931844794, -8.761610380963978e-05]","[449.8437217925424, 40.011027112465946, 6.2197190921152306]",4.649999999999888,100.0,0.0,"[55.38629967482834, 122.41607590116952, 122.41607590116953]",26
628,760072861,settled,Rf1a_0012,unmatched,,"[0.2349944290385704, -0.22175586461706412, 0.6329365821941642, -0.7035575582346796]","[2.7149378579588435e-05, 1.3456535555705917e-05, 0.7071159377070385, -0.707097623898234]","[450.22798660614774, 30.00074874180946, 6.224813158883303]",4.869999999999961,100.0,0.0,"[55.38629967482834, 106.40036246191136, 106.40036246191137]",29
629,4291316198,settled,Rf1a_0013,unmatched,,"[0.00045310346422546824, -0.3221131643259609, -0.12074992918595746, -0.9389687740637349]","[-3.316314437612489e-05, 6.98495918818952e-05, -0.00015611077334613135, -0.9999999848253334]","[449.9404940316617, 39.99959559416776, 6.220810980206257]",4.829999999999948,100.0,0.0,"[55.38629967482834, 118.82800759563509, 118.8280075956351]",17
630,3385771503,settled,Rf1a_0014,unmatched,,"[0.16321663743935153, 0.8999089523290272, -0.3797931339126148, -0.13885741684871736]","[0.018018211640811906, 0.9364582695527182, -0.34700604830719567, 0.048042230108725825]","[450.4015399211091, 32.79543779815648, 31.845827297725517]",4.429999999999814,100.0,0.0,"[55.38629967482834, 113.42496789248725, 113.42496789248725]",37
631,2885950628,settled,Rf1a_0007,unmatched,,"[0.3078809116531951, 0.20521297007126735, 0.30730450118607866, -0.8767330977583211]","[0.5000443539639945, 0.4999984549008149, 0.4999108944348473, -0.5000462846486114]","[449.8339689597004, 6.225324248036466, 29.99515784520398]",5.0900000000000345,100.0,0.0,"[55.38629967482834, 114.09439492029153, 114.09439492029155]",22
632,991867160,settled,Rf1a_0003,unmatched,,"[-0.2375625373328836, -0.9604688225999017, -0.11681093371613689, 0.08613296368920043]","[2.2516792387641815e-05, -0.957929545270894, -3.468352494290228e-05, -0.28700345744806866]","[450.50764878951964, 39.995491239440504, 19.64422252057278]",4.669999999999894,100.0,0.0,"[55.38629967482834, 121.84299241687005, 121.84299241687006]",23
633,303405335,settled,Rf1a_0013,unmatched,,"[-0.02279042232984286, 0.044058517012017934, 0.9582225775537128, 0.2816894311028513]","[3.505966489038713e-05, 4.48185967251713e-05, 0.9999999983554387, 7.15792957929057e-06]","[449.8919256972146, 40.007757834172885, 6.2213299900298304]",4.839999999999951,100.0,0.0,"[55.38629967482834, 122.94825705564922, 122.94825705564924]",25
634,747624188,settled,Rf1a_0008,unmatched,,"[0.4488529877620475, -0.17881305492877836, -0.36350582461711256, 0.7965051175187475]","[0.6773671885948701, -0.20288313708452713, -0.20308233530192302, 0.6773253941719152]","[449.71632530213, 19.650359587072202, 39.99687788351686]",4.809999999999941,100.0,0.0,"[55.38629967482834, 111.07570729326241, 111.07570729326241]",16
635,2224256403,settled,Rf1a_0017,unmatched,,"[-0.7074316561155337, 0.5159224139634822, -0.45665515639945287, -0.1575772281439098]","[-0.6224693092536124, 0.6225185025848189, -0.3353794251773533, -0.33544494949930875]","[449.85916859254746, 19.647075719926992, 27.11930147902524]",4.439999999999817,100.0,0.0,"[55.38629967482834, 109.63025439479085, 109.63025439479087]",35
636,3659359167,settled,Rf1a_0015,unmatched,,"[0.475642554762377, 0.008531275876956044, 0.5084562058079787, 0.7177490259181025]","[0.3353922871384557, -0.33541604228121424, 0.6224355313838519, 0.622560921982214]","[449.61488051976045, 19.654288569378576, 28.47031259996277]",5.000000000000004,100.0,0.0,"[55.38629967482834, 117.9209780852885, 117.92097808528848]",31
637,1825701951,settled,Rf1a_0013,unmatched,,"[0.26664443488412504, 0.09287231278579614, 0.9568484641898873, 0.06867674599598332]","[3.253573004935472e-05, -1.8962130919508713e-05, 0.9999999991906239, 1.4163898718885896e-05]","[449.85591376900663, 39.9956674156242, 6.226508651479831]",4.849999999999954,100.0,0.0,"[55.38629967482834, 117.95066646111134, 117.95066646111135]",37
638,741066932,settled,Rf1a_0007,unmatched,,"[-0.14380109630361193, 0.5897438042590014, 0.5912240676798182, 0.5310156229680344]","[-0.49992829058202026, 0.4999607260305727, 0.5000221884012487, 0.5000887799272723]","[450.0752999255265, 6.226874621861505, 29.997364019667526]",5.1800000000000646,100.0,0.0,"[55.38629967482834, 120.02446779403836, 120.02446779403836]",26
639,3503504066,settled,Rf1a_0007,unmatched,,"[0.5187699492102906, -0.6177811041237394, -0.23828102636228377, -0.5407831355171334]","[0.500061269282731, -0.49989877494547175, -0.5000020547309415, -0.5000378856008787]","[450.0604386344637, 6.210393150799302, 29.98947844244256]",4.859999999999958,100.0,0.0,"[55.38629967482834, 111.97718344736276, 111.97718344736278]",34
640,3011375563,settled,Rf1a_0017,unmatched,,"[-0.5247529899489422, 0.6195718340292504, -0.4558137166205935, 0.36469013937560457]","[-0.6224495789439822, 0.6225573808335063, -0.3354124995781589, -0.3353763324519421]","[450.18369609335235, 19.65373045426685, 27.127872479837272]",4.5299999999998475,100.0,0.0,"[55.38629967482834, 112.60897024035799, 112.60897024035799]",31
641,1512233073,settled,Rf1a_0016,unmatched,,"[-0.27085008450069903, -0.5333245905422038, 0.7126948784235688, -0.3664302431811122]","[-0.5000279049060055, -0.5000283829291078, 0.49992355872855115, -0.500020145602948]","[450.38381336356355, 18.77891564304917, 29.998908474237073]",4.819999999999944,100.0,0.0,"[55.38629967482834, 120.25737128396575, 120.25737128396574]",22
642,2951951071,settled,Rf1a_0013,unmatched,,"[0.2777554044515004, -0.309719604872192, 0.8976138231511166, -0.1456541319147266]","[9.320888446882794e-05, -4.725561698332159e-05, 0.9999999915220504, -7.768468022676219e-05]","[450.0170251830945, 40.01218418552831, 6.226472781421938]",4.739999999999918,100.0,0.0,"[55.38629967482834, 118.1378471334995, 118.13784713349952]",27
643,3173375156,settled,Rf1a_0007,unmatched,,"[0.20658466998426864, -0.650663487887515, -0.5944086293330616, -0.42501550681349876]","[0.4999766747802773, -0.5000149991435634, -0.5000329918018125, -0.4999753318083282]","[450.3349647000192, 6.222905472778621, 29.99991712852263]",5.130000000000048,100.0,0.0,"[55.38629967482834, 121.01056469932529, 121.0105646993253]",37
644,32306830,settled,Rf1a_0018,unmatched,,"[-0.6986094149864885, 0.5782516452435902, -0.4198669161311812, 0.03580073747576859]","[-0.6773320645925621, 0.6773626099992508, -0.20297577918055473, -0.20298276260763384]","[450.2554066801994, 27.1284295927318, 19.648407346124305]",4.479999999999831,100.0,0.0,"[55.38629967482834, 112.92477184269288, 112.92477184269288]",30
645,895153355,settled,Rf1a_0012,unmatched,,"[-0.19060827060911253, -0.37814759900373973, -0.36161796459736506, -0.8306053986241415]","[-0.00011943788251222999, -9.426405275569928e-06, -0.7071126919315, -0.7071008602421036]","[450.45762666551684, 30.00215337790965, 6.217417931825634]",5.170000000000061,100.0,0.0,"[55.38629967482834, 121.85194098793305, 121.85194098793306]",29
646,3593388868,settled,Rf1a_0012,unmatched,,"[0.22142497322908522, 0.2166201095432776, 0.635142299606034, -0.7075598692853604]","[3.964490986174684e-05, -3.046695380592989e-06, 0.7070838926406803, -0.7071296678736523]","[449.75613798618417, 29.999932625922057, 6.223390255135701]",4.769999999999928,100.0,0.0,"[55.38629967482834, 104.2669010367065, 104.26690103670651]",29
647,75550316,settled,Rf1a_0012,unmatched,,"[-0.2862997747692738, 0.2598481907905693, -0.7213721391252358, 0.5745725311949853]","[-4.5219770279630866e-05, -3.798411367489374e-05, -0.7070811401876048, 0.7071324187897032]","[449.94850412737117, 30.01173031042279, 6.217426624980392]",4.899999999999971,100.0,0.0,"[55.38629967482834, 110.40395621723641, 110.40395621723643]",31
648,2936757457,settled,Rf1a_0016,unmatched,,"[-0.6103894817246166, 0.37109450284833706, -0.5232037798726356, -0.46472718371393584]","[-0.500050286387216, 0.5000557927812481, -0.4999919449994068, -0.4999019605139501]","[449.7700674845872, 18.787442464740497, 29.99568896765983]",4.699999999999904,100.0,0.0,"[55.38629967482834, 109.45776391202158, 109.45776391202159]",22
649,1838880854,settled,Rf1a_0017,unmatched,,"[-0.6784023744617863, -0.0988498696711346, -0.5712742979592471, -0.4512699835816463]","[-0.6224019574343507, 0.6224528413630246, -0.3355178187011919, -0.3355533593856281]","[450.0711260835435, 19.649127302410513, 27.12946617224713]",4.689999999999901,100.0,0.0,"[55.38629967482834, 122.67009547798473, 122.67009547798475]",26
650,1672810551,settled,Rf1a_0004,unmatched,,"[0.48681364714769565, 0.3945555621457038, -0.6249290389801788, -0.46562010004933935]","[0.7071489676243852, 0.7070645874791776, -6.77208380312766e-05, 4.620124259235858e-05]","[449.77256078323757, 30.00000917101945, 18.77562302133855]",5.1500000000000545,100.0,0.0,"[55.38629967482834, 119.13734834738113, 119.13734834738115]",27
651,3879484383,settled,Rf1a_0018,unmatched,,"[-0.7626412532388688, -0.3577434821654657, -0.447859840912783, -0.2996989868584001]","[-0.6773035721437993, -0.6774375833313655, 0.20287898152338849, -0.20292439653092806]","[450.0059525931622, 27.122947884908218, 19.644967842055408]",4.169999999999727,100.0,0.0,"[55.38629967482834, 120.22555491021177, 120.22555491021177]",32
652,230873740,settled,Rf1a_0018,unmatched,,"[0.9054548951501281, -0.2845109799386636, -0.19564783538213537, 0.2468336679897962]","[0.6772755967957257, -0.6773205824503385, 0.2031707626367899, 0.20311631097406446]","[450.0160369651604, 27.122135449868676, 19.646796877114422]",4.829999999999948,100.0,0.0,"[55.38629967482834, 120.98143696547119, 120.9814369654712]",26
653,2079884426,settled,Rf1a_0005,unmatched,,"[0.8394310349645914, 0.2693330375425513, -0.24178989971722017, -0.40540460878129414]","[0.7071440058375379, 3.5128473473079834e-05, 8.893527134770536e-05, -0.7070695481100484]","[449.82937320113007, 6.226473203525758, 39.998170571555264]",4.819999999999944,100.0,0.0,"[55.38629967482834, 116.63312196097336, 116.63312196097337]",37
654,3975850094,settled,Rf1a_0004,unmatched,,"[0.4807614675171685, 0.6552872187456834, -0.5495107625156788, -0.1936620617950838]","[0.7071526000463007, 0.70706094231477, -4.6619726406266215e-05, -0.00014807871989194754]","[450.28278050264583, 29.99768258644046, 18.768919668379752]",4.979999999999998,100.0,0.0,"[55.38629967482834, 118.41413561696916, 118.41413561696918]",17
655,1123490515,settled,Rf1a_0012,unmatched,,"[-0.06244286843504125, 0.13298112156545572, -0.4729946592036122, 0.8687306612832636]","[9.673820559635837e-06, 1.828576340956456e-05, -0.7071949257520053, 0.7070186253293925]","[450.2905677103099, 29.994299071032472, 6.223835596348985]",4.699999999999904,100.0,0.0,"[55.38629967482834, 119.71864740190097, 119.71864740190098]",20
656,1957802489,settled,Rf1a_0018,unmatched,,"[-0.8523013335500537, 0.34785705271440737, 0.23829970511210874, -0.30950146728105843]","[-0.677419306058567, 0.6772859795614348, -0.2030131965475255, -0.2029099004390696]","[450.3670551422328, 27.128955968465924, 19.639341226776562]",4.979999999999998,100.0,0.0,"[55.38629967482834, 118.94593319489383, 118.94593319489384]",31
657,1848857429,settled,Rf1a_0007,unmatched,,"[0.4047002669435426, -0.25709265837166206, -0.547330599681826, -0.6859666709098554]","[0.49991296537453783, -0.5000853413049753, -0.4999883261998727, -0.500013351947898]","[450.22768644914004, 6.216563999347769, 29.997947727252935]",4.969999999999994,100.0,0.0,"[55.38629967482834, 110.89833212564321, 110.89833212564322]",30
658,3054531549,settled,Rf1a_0005,unmatched,,"[0.7420221664256267, 0.08780540357961956, -0.5410633505390331, -0.38593233388602627]","[0.7070821364221107, -4.7203170055249235e-05, 1.960070061405836e-05, -0.7071314232449417]","[450.2158345244694, 6.225599473555887, 40.0041495670121]",4.779999999999931,100.0,0.0,"[55.38629967482834, 121.91655993859965, 121.91655993859966]",35
659,2001620538,settled,Rf1a_0016,unmatched,,"[-0.013667271276261574, 0.657999285484137, -0.1380674222777314, 0.7401267005748466]","[0.5000154979515239, 0.49991079279271544, -0.5000124151149558, 0.5000612820330701]","[450.15047471364625, 18.771040207141407, 29.99446553343968]",4.5899999999998675,100.0,0.0,"[55.38629967482834, 118.45071378373233, 118.45071378373234]",16
660,1618230679,settled,Rf1a_0012,unmatched,,"[0.2717351777618916, -0.2956507772804097, 0.8181601580938112, -0.41153926515961137]","[6.455523225332162e-05, -2.0854552193638746e-05, 0.7071171486915153, -0.7070964102752122]","[449.8721558233852, 29.99793231027761, 6.22195726225561]",4.979999999999998,100.0,0.0,"[55.38629967482834, 118.17274315629436, 118.17274315629435]",23
661,2498729330,settled,Rf1a_0017,unmatched,,"[-0.7387230461151346, -0.12526626774130828, 0.5657817222933168, -0.3442203742130146]","[-0.6226373818606482, -0.6224743959716099, 0.3352444104170306, -0.3353498208641752]","[450.2227754866659, 19.656059229518075, 27.115587704664577]",4.4699999999998274,100.0,0.0,"[55.38629967482834, 115.51131647662719, 115.5113164766272]",32
662,801359670,settled,Rf1a_0007,unmatched,,"[0.5201545776930955, -0.5993619606811081, -0.6079273170496118, -0.02507653441518706]","[0.5000939939203223, -0.49983231975244125, -0.5001269122472995, -0.49994671818274405]","[450.4638129889509, 6.221293579014804, 29.986949020762996]",5.0300000000000145,100.0,0.0,"[55.38629967482834, 121.67079152167632, 121.67079152167634]",40
663,460050522,settled,Rf1a_0005,unmatched,,"[-0.43159420217306005, -0.27588044649597515, 0.04316033554187708, 0.8577608112566659]","[-0.7071453972138045, -0.00013542080942140425, 0.00015431327849554485, 0.7070681332431459]","[449.7443846448317, 6.225823320939266, 39.99479576566825]",4.5299999999998475,100.0,0.0,"[55.38629967482834, 119.31972887114996, 119.31972887114998]",28
664,24185252,settled,Rf1a_0005,unmatched,,"[-0.8823119357992979, -0.09850590553688278, 0.22500939213918061, 0.401488490457212]","[-0.70709044089538, -4.749570652690332e-05, -8.454148099925569e-05, 0.7071231144512766]","[450.00643287006363, 6.227988620540213, 39.99482602203374]",4.799999999999938,100.0,0.0,"[55.38629967482834, 114.53609432224043, 114.53609432224044]",40
665,2055269984,settled,Rf1a_0018,unmatched,,"[0.5271450856724299, 0.7677936786238437, -0.29311052402864035, 0.21609522535291723]","[0.6774115745510587, 0.677247532128534, -0.20302919420473411, 0.2030479874084996]","[449.78664318153784, 27.123282063403042, 19.64292192757273]",4.749999999999921,100.0,0.0,"[55.38629967482834, 106.64856058448835, 106.64856058448837]",29
666,2572174639,settled,Rf1a_0012,unmatched,,"[0.6648910559496792, 0.23251016525203572, 0.7084928277910303, -0.043552494087720814]","[0.00016969775011244081, 5.122481687999669e-05, 0.7071761372593873, -0.7070373960898985]","[450.0501027546464, 29.99508605016748, 6.225158129147472]",4.679999999999898,100.0,0.0,"[55.38629967482834, 118.07061475186732, 118.07061475186734]",29
667,4231113218,settled,Rf1a_0007,unmatched,,"[-0.32714810443199194, -0.26553553967436144, -0.22723901491828985, 0.8779677813196595]","[-0.5000191676016753, -0.49999019636689895, -0.49993973167608646, 0.5000508976689877]","[450.45831269420506, 6.227691039397159, 29.995932133599155]",4.939999999999984,100.0,0.0,"[55.38629967482834, 113.32603153489224, 113.32603153489225]",34
668,2269359926,settled,Rf1a_0003,unmatched,,"[-0.20885908760357036, -0.8901486806034541, 0.0483529199096359, 0.4020885512937993]","[-9.430584757486038e-05, -0.9579379081515413, 1.22816711549123e-05, -0.28697553045829]","[450.34047766384, 40.00607705507224, 19.647026091478843]",4.859999999999958,100.0,0.0,"[55.38629967482834, 121.86520897980733, 121.86520897980735]",22
669,791422006,settled,Rf1a_0011,unmatched,,"[0.4178617844510886, 0.3221307565748081, 0.3487388486073498, 0.7745995870357235]","[0.7070744073353822, -0.00017070422227459132, -0.00018134835223195962, 0.7071391096977748]","[450.1759166636597, 18.779411733616197, 39.998376949170606]",4.579999999999864,100.0,0.0,"[55.38629967482834, 116.57997397985794, 116.57997397985795]",22
670,2789584226,settled,Rf1a_0012,unmatched,,"[-0.32203768413503847, -0.09291562367445043, 0.895757891321467, -0.29202091878741854]","[0.00010232478488200744, -5.002673677720336e-05, 0.7070964045335747, -0.7071171485140602]","[450.20351129201504, 30.002336524248214, 6.2180218520812485]",4.859999999999958,100.0,0.0,"[55.38629967482834, 120.43496580549558, 120.4349658054956]",31
671,959163029,settled,Rf1a_0003,unmatched,,"[0.8565572897553921, 0.19600051919097283, -0.3610798207247458, -0.3122735482059784]","[0.9579372346229064, -0.00010172742938074908, 0.2869777760942211, -1.4232505321398747e-05]","[449.63116718380087, 40.00267235586888, 19.640693312219238]",4.769999999999928,100.0,0.0,"[55.38629967482834, 121.1246029382643, 121.12460293826432]",18
672,1269286363,settled,Rf1a_0005,unmatched,,"[-0.22278797788535612, -0.8262023699346746, -0.4768502630653011, 0.20092035098176173]","[-3.23278778885078e-05, -0.7070941275287609, -0.7071194301519396, 7.260058657735777e-05]","[449.6393115824121, 6.22004021852016, 39.99643060030335]",5.050000000000021,100.0,0.0,"[55.38629967482834, 118.73427784675935, 118.73427784675937]",37
673,339846494,settled,Rf1a_0013,unmatched,,"[-0.08833281860877842, 0.061391870416495166, 0.03633882288790775, 0.9935330096954575]","[6.3937604905528475e-06, 2.079304099249717e-05, -3.726709110328824e-05, 0.9999999990689666]","[449.61844262490473, 40.010313534109, 6.221782642306332]",4.669999999999894,100.0,0.0,"[55.38629967482834, 114.94249585496348, 114.9424958549635]",24
674,3620654759,settled,Rf1a_0008,unmatched,,"[-0.4813429093912272, 0.22554370352942188, 0.09490204981190052, -0.8416844077910204]","[-0.6773640013650729, 0.20296022568250446, 0.20309544751871778, -0.6773015544369997]","[450.45749970478374, 19.652237954107825, 40.001526611796166]",4.5899999999998675,100.0,0.0,"[55.38629967482834, 118.19163381396085, 118.19163381396085]",24
675,1118229367,settled,Rf1a_0016,unmatched,,"[-0.35991857214289824, -0.48385237718009744, 0.7578605277637142, -0.2489837725264248]","[-0.5001463864360145, -0.4998273730778905, 0.5001193535015785, -0.49990681282636623]","[450.14005755502853, 18.79302408971293, 29.99563155482629]",4.979999999999998,100.0,0.0,"[55.38629967482834, 120.16947207819304, 120.16947207819305]",19
676,614510698,settled,Rf1a_0018,unmatched,,"[0.5408724855206847, -0.7068822607308365, 0.20453650455646982, -0.40735640681663454]","[0.677394713696375, -0.6773967677316698, 0.20284202879426197, 0.20279332404573927]","[449.7190578451779, 27.13295134364684, 19.64185850387428]",4.5899999999998675,100.0,0.0,"[55.38629967482834, 114.84293357459839, 114.8429335745984]",35
677,1838271581,settled,Rf1a_0012,unmatched,,"[-0.12691279253410218, 0.07788097071762332, 0.8830851733374935, -0.4449587330559608]","[2.865265973261977e-05, -2.0149294641502727e-05, 0.7070866902165708, -0.7071268707181241]","[449.72179304107806, 30.00934544047399, 6.222141601400262]",4.789999999999934,100.0,0.0,"[55.38629967482834, 120.70886204083584, 120.70886204083585]",23
678,896877213,settled,Rf1a_0009,unmatched,,"[0.4570635111793557, 0.37785478930814337, -0.003768496967547743, 0.8051735858657455]","[0.6774067885556284, 0.2028964252657756, 0.2028805270134488, 0.6773422880581612]","[449.7239519066386, 19.645322343377668, 39.99954091017591]",4.939999999999984,100.0,0.0,"[55.38629967482834, 122.24291657237731, 122.2429165723773]",18
679,2115121010,settled,Rf1a_0012,unmatched,,"[0.28127320910761855, -0.44450024844831, 0.46518435559245397, -0.7119750180165917]","[2.287990815164065e-05, -7.140650279180427e-06, 0.7071205100381494, -0.7070930516621616]","[449.90098554262096, 29.998160657049404, 6.222763599226678]",5.000000000000004,100.0,0.0,"[55.38629967482834, 119.19232424117125, 119.19232424117126]",31
680,1207846639,settled,Rf1a_0016,unmatched,,"[-0.26830697556454275, -0.6799392983449297, -0.12928932687703654, -0.670058346254485]","[-0.5000708000317406, -0.5000436745253419, 0.49994676081622846, -0.49993875112074443]","[449.6305504647135, 18.785082907938595, 29.996555900913215]",4.5899999999998675,100.0,0.0,"[55.38629967482834, 122.45137533646725, 122.45137533646725]",25
681,3010240499,settled,Rf1a_0012,unmatched,,"[0.3808922698588771, -0.2069628001145944, 0.7443905927285974, -0.507907593551865]","[6.217053573620568e-07, 1.3254222243519465e-05, 0.7071041603819612, -0.707109401856927]","[449.72650589304334, 30.000239983783388, 6.230801849764442]",4.819999999999944,100.0,0.0,"[55.38629967482834, 116.55178245827372, 116.55178245827373]",25
682,1954751036,settled,Rf1a_0009,unmatched,,"[0.4288412192270202, 0.05806141530597197, -0.19458495559188416, 0.8802617655003849]","[0.6776163179102624, 0.20197311984376348, 0.20188737616883487, 0.6777052987146981]","[450.48158490519523, 19.6615151184365, 39.996986320520875]",5.0900000000000345,100.0,0.0,"[55.38629967482834, 113.97441755020043, 113.97441755020044]",20
683,1984373932,settled,Rf1a_0016,unmatched,,"[-0.3985619353203301, -0.55517319696044, 0.5342309002269262, -0.4975223113923289]","[-0.5000423765176054, -0.5000526440812717, 0.4999832220907152, -0.49992174633810527]","[450.4238641201618, 18.774632428146184, 29.997986102679175]",4.709999999999908,100.0,0.0,"[55.38629967482834, 110.33270841648469, 110.33270841648469]",18
684,2472346160,settled,Rf1a_0007,unmatched,,"[0.5216855084416874, 0.1681033179362908, 0.2930575820934824, -0.7833918293920803]","[0.49998615406089764, 0.500037134351541, 0.4999625832662581, -0.5000141251511014]","[449.9569734808651, 6.232118826327014, 30.001688132668203]",5.140000000000051,100.0,0.0,"[55.38629967482834, 121.0245300742157, 121.02453007421572]",23
685,1573955309,settled,Rf1a_0007,unmatched,,"[-0.6193383676590124, 0.38429802173753186, 0.5834598968312737, 0.35820324624956834]","[-0.5000417272604702, 0.4999655898700863, 0.4999420674759282, 0.5000506065510937]","[449.6424841667366, 6.219787505477118, 29.991086940844387]",4.869999999999961,100.0,0.0,"[55.38629967482834, 103.07741683594396, 103.07741683594398]",30
686,4284683632,settled,Rf1a_0007,unmatched,,"[0.45315710631947115, 0.5277361964398244, 0.2103800227056479, -0.6869376900460198]","[0.4999653438267608, 0.49999702522653705, 0.5000016246992217, -0.5000360037386721]","[449.67091476115655, 6.219398432474181, 29.990361947116348]",4.929999999999981,100.0,0.0,"[55.38629967482834, 116.40440293586049, 116.4044029358605]",40
687,1664694624,settled,Rf1a_0013,unmatched,,"[-0.17671571791651616, 0.6330224626739569, -0.08908301980255993, 0.7484105373218002]","[1.8606324667880262e-05, -0.0001051213124649302, 1.9404163982293496e-05, 0.9999999941133965]","[449.73652551994076, 40.00107934295959, 6.224861468570097]",5.160000000000058,100.0,0.0,"[55.38629967482834, 121.23454044170361, 121.23454044170361]",14
688,1909553120,settled,Rf1a_0013,unmatched,,"[-0.34526094914388883, 0.1559007805280971, -0.11240903271903165, -0.9186152801854336]","[0.0001438991167496129, 6.429176214532883e-05, 0.0001007003703345482, -0.9999999825095244]","[449.6802760585057, 40.00004667270792, 6.218307434646741]",4.549999999999854,100.0,0.0,"[55.38629967482834, 112.04299571569217, 112.04299571569217]",22
689,2668664694,settled,Rf1a_0009,unmatched,,"[0.11631302817836991, -0.7209141450716977, 0.6512811007120145, 0.20636618610341087]","[0.20293555664981588, -0.677356782254531, 0.6773816814240345, -0.202876827292239]","[450.12334255559927, 19.65304605498834, 39.99903806278932]",4.979999999999998,100.0,0.0,"[55.38629967482834, 122.07419364113248, 122.0741936411325]",23
690,931999062,settled,Rf1a_0013,unmatched,,"[0.40985524264100454, 0.27226453579317034, 0.8643033037923744, -0.10426169806117322]","[2.544604821564907e-05, 3.939240691475111e-06, 0.9999999978323816, 6.059882852626528e-05]","[449.9894163575605, 40.00291573803156, 6.230045303636508]",5.160000000000058,100.0,0.0,"[55.38629967482834, 114.28711564309904, 114.28711564309906]",29
691,2928446550,settled,Rf1a_0012,unmatched,,"[0.08829629227230848, -0.08328675959324888, -0.35542274088605197, -0.9267911068350115]","[4.892316436258537e-05, -3.249205473268568e-05, -0.7070814395021453, -0.7071321195239009]","[450.23157473160325, 30.006864912793986, 6.221009023459751]",4.899999999999971,100.0,0.0,"[55.38629967482834, 122.69174417072666, 122.69174417072668]",16
692,4062086078,settled,Rf1a_0012,unmatched,,"[0.11302998519651891, 0.09536864003104563, 0.8851959380404075, 0.4410863818141144]","[4.993542956771568e-06, 2.341997384025518e-06, 0.7071444675473945, 0.7070690927955285]","[449.74273333856235, 30.006236337055547, 6.220599421126934]",4.709999999999908,100.0,0.0,"[55.38629967482834, 120.92261132004428, 120.9226113200443]",17
693,3262843349,settled,Rf1a_0017,unmatched,,"[0.23701903657768664, -0.4535324717792806, 0.255514247423889, 0.8202699206389107]","[0.6224891619955193, -0.6224612953964491, 0.3354115974370009, 0.3354820997255293]","[450.42817525118187, 19.64982770799886, 27.1253975133093]",5.050000000000021,100.0,0.0,"[55.38629967482834, 111.46049137912276, 111.46049137912276]",27
694,1218851074,settled,Rf1a_0017,unmatched,,"[-0.6898747204057384, -0.30126227785830795, 0.6219437982928524, -0.2156381734521688]","[-0.6224675388079071, -0.622564629741147, 0.33536785099282596, -0.33537419317256517]","[450.146591492619, 19.64343958545148, 27.124771094376378]",4.709999999999908,100.0,0.0,"[55.38629967482834, 108.68933056627358, 108.6893305662736]",30
695,651205762,settled,Rf1a_0007,unmatched,,"[0.6449485734097136, -0.08182203042582824, -0.6028448695667808, -0.4625197900963603]","[0.4999562118952104, -0.5000114076350293, -0.499983709091644, -0.500048666696743]","[449.85917826261374, 6.2245726118529285, 30.000535340409996]",4.729999999999914,100.0,0.0,"[55.38629967482834, 119.19093068031597, 119.19093068031597]",22
696,4255050540,settled,Rf1a_0011,unmatched,,"[-0.25882804226598577, 0.6809913270748578, -0.6838292010292903, 0.040453439967739646]","[0.00011789077573262058, 0.7069765302715942, -0.7072369592178174, -0.0002350813437344827]","[450.1542912105054, 18.781038538393982, 39.99792573325863]",4.719999999999911,100.0,0.0,"[55.38629967482834, 120.00155577432358, 120.00155577432359]",26
697,2395249347,settled,Rf1a_0007,unmatched,,"[0.6348411229845365, -0.4903602220541158, -0.11445046579517916, -0.5860244807804853]","[0.5000153360349759, -0.4998911499745389, -0.5000449198374192, -0.5000485776919601]","[450.04487367653456, 6.223255285126253, 29.995790803671206]",4.699999999999904,100.0,0.0,"[55.38629967482834, 120.66736267436993, 120.66736267436993]",32
698,249202919,settled,Rf1a_0006,unmatched,,"[-0.8662809176125051, -0.3880906819206864, 0.23603906961474444, 0.20791477100528136]","[-0.6772773994421472, -0.6773597652732314, -0.20308926874807784, 0.20306112752874753]","[450.1594603347848, 28.47698883535796, 19.645875408774625]",5.230000000000081,100.0,0.0,"[55.38629967482834, 121.42186860746304, 121.42186860746305]",34
699,2371620818,settled,Rf1a_0017,unmatched,,"[-0.6854600836334261, -0.5263584251775121, 0.5015678560573432, -0.03899958666378184]","[-0.6224745813423898, -0.6224614888120573, 0.3355157414341154, -0.3354046478187351]","[449.63052187100135, 19.646297607391894, 27.13371877746978]",4.809999999999941,100.0,0.0,"[55.38629967482834, 115.41540086738081, 115.41540086738081]",21
700,3603842823,settled,Rf1a_0007,unmatched,,"[0.1945135409653445, 0.7046745058258995, 0.4915635600122643, -0.4732479156723422]","[0.5000288126089107, 0.49996693570409506, 0.49996567581136975, -0.5000385712863165]","[450.0730441154487, 6.227582144394313, 29.995452926452504]",4.839999999999951,100.0,0.0,"[55.38629967482834, 119.06347798803353, 119.06347798803354]",29
701,2673681171,settled,Rf1a_0001,unmatched,,"[0.7797691628533903, 0.1826904425636023, -0.5705104467956182, -0.1819397838734074]","[0.9999999547484003, -7.717858152374977e-05, 0.00028309323949711484, -6.636928379655238e-05]","[450.04227949436057, 39.99750937236636, 18.774814553282813]",4.839999999999951,100.0,0.0,"[55.38629967482834, 122.63658611513038, 122.63658611513038]",18
702,4235238339,settled,Rf1a_0005,unmatched,,"[-0.7562445711375627, 0.24799993940147816, 0.08222943494976244, 0.5998570652327683]","[-0.7070663070765304, -0.00010020297524614879, 0.00012237981300474153, 0.7071472352909985]","[450.213692209568, 6.227003060209371, 40.004678365138325]",5.0300000000000145,100.0,0.0,"[55.38629967482834, 121.0339752196498, 121.03397521964982]",37
703,3994960236,settled,Rf1a_0018,unmatched,,"[0.5313292307007738, 0.7813692565057293, 0.17265756090654222, 0.278101960173623]","[0.6773429278827267, 0.6772997828114502, -0.20298325695519115, 0.2031486146806833]","[449.8525009143324, 27.120286058117884, 19.644322383417958]",4.479999999999831,100.0,0.0,"[55.38629967482834, 115.6288029364095, 115.62880293640951]",34
704,3831792919,settled,Rf1a_0012,unmatched,,"[0.4401407278908014, -0.15233626782494392, 0.5535394359146462, -0.6904084979519137]","[-4.840469504574507e-05, -2.910030434144506e-05, 0.7069969091939072, -0.7072166338544504]","[450.0462939452889, 30.002881048693038, 6.225121730681333]",4.990000000000001,100.0,0.0,"[55.38629967482834, 115.59993826164686, 115.59993826164687]",28
705,2949590194,settled,Rf1a_0004,unmatched,,"[0.017602188927888177, 0.8092823677871741, -0.24878508131529067, 0.5318441458253315]","[0.7071717701275444, 0.7070417841815142, -5.058562218179796e-05, -1.9929667911366966e-05]","[450.20205601764604, 29.996851046361236, 18.770360699767416]",4.769999999999928,100.0,0.0,"[55.38629967482834, 116.40836534095465, 116.40836534095466]",26
706,1922957456,settled,Rf1a_0012,unmatched,,"[-0.17983493385574306, 0.16984593387623137, -0.8817110177146157, -0.40174299813620656]","[1.4414275042673452e-05, -6.663694829894817e-05, -0.7070279206219718, -0.7071856296706803]","[449.6506503808282, 29.99648839561791, 6.229246040449367]",4.639999999999884,100.0,0.0,"[55.38629967482834, 118.5867915075116, 118.5867915075116]",27
707,2467004035,settled,Rf1a_0001,unmatched,,"[-0.8510412091524794, -0.15061605794523547, 0.48797472711500356, 0.12216517142934463]","[-0.999999984843977, -2.239589281490028e-05, -0.0001617228014309712, -6.046656373676075e-05]","[449.8109485508098, 40.00263147722329, 18.770171183687285]",4.759999999999924,100.0,0.0,"[55.38629967482834, 121.34905618676382, 121.34905618676383]",22
708,3895465590,settled,Rf1a_0012,unmatched,,"[-0.008865959929603692, 0.08725246230030541, 0.920553074823044, -0.3806447674813083]","[1.3935292460715013e-05, 1.2744787699442431e-05, 0.7071122111524216, -0.7071013509268039]","[450.4091557515814, 29.995564861761014, 6.220142293992452]",4.869999999999961,100.0,0.0,"[55.38629967482834, 122.53936844597794, 122.53936844597796]",33
709,3817935553,settled,Rf1a_0003,unmatched,,"[-0.9489519390650242, 0.22293354094083298, -0.12955939050887, 0.1816733827484993]","[-0.9579303839863277, -0.00013163891626111204, -0.2870006031015693, 0.00012619959628068503]","[449.76068743432825, 40.007492811589884, 19.649597911090716]",4.639999999999884,100.0,0.0,"[55.38629967482834, 121.98718901918691, 121.98718901918693]",11
710,2350393894,settled,Rf1a_0018,unmatched,,"[0.6082563107633402, 0.02796229408013884, 0.7339208530504554, 0.30100257803553526]","[0.6773836222623825, -0.6772713668313911, 0.20305812106482019, 0.2030328136796079]","[450.3946628048211, 27.129754248758633, 19.64314588835824]",4.649999999999888,100.0,0.0,"[55.38629967482834, 120.90175826263452, 120.90175826263453]",29
711,507274054,settled,Rf1a_0007,unmatched,,"[-0.5283622470933963, 0.487647568656346, 0.636099650849066, 0.28001860441704135]","[-0.5000063350607421, 0.5000147879245566, 0.5000197707220208, 0.49995910397049814]","[449.77890383607973, 6.224483332851844, 30.001078053596203]",4.909999999999974,100.0,0.0,"[55.38629967482834, 114.17648079124817, 114.17648079124818]",48
712,2418103130,settled,Rf1a_0007,unmatched,,"[0.5388957797689139, 0.08448260675867462, 0.7139924401755003, -0.438940568955238]","[0.4999891569574744, 0.5000029640985859, 0.49998621373783486, -0.5000216644203392]","[449.71368560758265, 6.234322542414683, 30.00465119962286]",5.130000000000048,100.0,0.0,"[55.38629967482834, 116.49587161341462, 116.49587161341464]",32
713,3567153921,settled,Rf1a_0013,unmatched,,"[0.1988727524070747, -0.4381407272501607, -0.2546711136222361, 0.8388235543671534]","[-2.478299788666316e-06, 2.956025412682177e-05, -2.0515361171140723e-05, 0.9999999993495847]","[450.23308082592456, 39.9999403387894, 6.224595250880288]",4.6199999999998775,100.0,0.0,"[55.38629967482834, 122.82034977841981, 122.82034977841982]",24
714,4274748223,settled,Rf1a_0004,unmatched,,"[0.9013150862583911, -0.41985594111574515, -0.10060076260099281, -0.0350940245189892]","[0.7070689502875196, -0.7071446015857521, 3.1570497513316864e-05, -0.0001048367153303198]","[450.1106481605525, 29.99618606156432, 18.77231675589069]",4.669999999999894,100.0,0.0,"[55.38629967482834, 121.92335349684485, 121.92335349684485]",21
715,1338308663,settled,Rf1a_0013,unmatched,,"[-0.2512912006807127, 0.11445045012758237, 0.3013030382493696, -0.9126720692930941]","[7.223821616686443e-05, 0.00012746124724543763, -4.196716241539624e-05, -0.9999999883870139]","[450.4195097837879, 40.00625482700438, 6.221212123231751]",4.839999999999951,100.0,0.0,"[55.38629967482834, 120.09160595594405, 120.09160595594405]",24
716,1277006266,settled,Rf1a_0011,unmatched,,"[0.32865400942607437, 0.5957578798403752, -0.6876782647442755, -0.25329369296247584]","[0.00010343874928650686, 0.707130761027609, -0.7070827886145921, -7.844712829536775e-05]","[450.26596258219695, 18.7809796898888, 39.99720331331497]",4.729999999999914,100.0,0.0,"[55.38629967482834, 117.11348279498813, 117.11348279498814]",21
717,3440375285,settled,Rf1a_0001,unmatched,,"[0.8875611663635753, 0.23820790771944308, 0.3862538725813326, 0.07937326110963647]","[0.999999866301384, 5.85773812450282e-05, 0.0005077709783701384, 7.83232923622923e-05]","[450.1870732206226, 40.0038754185288, 18.77723571871929]",4.369999999999794,100.0,0.0,"[55.38629967482834, 122.4606896577584, 122.46068965775841]",17
718,2778763133,settled,Rf1a_0001,unmatched,,"[0.8756319323738309, 0.23263808462416577, -0.40106778977893365, 0.13525113157201868]","[0.999999993568237, -7.933098868178632e-05, 8.039770390274098e-05, -1.0311621864766973e-05]","[449.66319104481704, 39.997292878432056, 18.773385703359402]",5.080000000000031,100.0,0.0,"[55.38629967482834, 117.48285718571266, 117.48285718571267]",19
719,763136023,settled,Rf1a_0015,unmatched,,"[0.25131930339948066, -0.2951017507363295, 0.6878492538765465, 0.6136912647191838]","[0.3354877281199965, -0.3354247150849856, 0.6225318326370457, 0.6224085170887371]","[449.84240751266833, 19.652030759868428, 28.479245574747576]",4.959999999999991,100.0,0.0,"[55.38629967482834, 102.20522921720939, 102.2052292172094]",23
720,3763933021,settled,Rf1a_0012,unmatched,,"[-0.04623430397558888, -0.06701270344375135, 0.7888818316337297, 0.6091281822664787]","[1.00810156622444e-06, -6.0656736267816764e-05, 0.7071068353158267, 0.7071067244549302]","[449.86536228300093, 30.00040216714494, 6.225420602549041]",4.729999999999914,100.0,0.0,"[55.38629967482834, 111.87254747521152, 111.87254747521152]",31
721,3455780355,settled,Rf1a_0005,unmatched,,"[-0.8840207684311262, -0.0872379833482472, -0.3272251922323647, 0.32221186944658625]","[-0.70713372310889, -7.842880243236748e-05, 3.170818488333374e-05, 0.7070798331770421]","[450.241030184659, 6.2275241746217835, 39.994250778161366]",4.629999999999881,100.0,0.0,"[55.38629967482834, 114.43870086454766, 114.43870086454767]",36
722,1499718306,settled,Rf1a_0017,unmatched,,"[0.3612539443898203, 0.6684707255139583, -0.19887294746240802, 0.6189442846987546]","[0.6225741578589074, 0.6225955977488572, -0.3352241434271016, 0.3352624543452213]","[449.99934532735773, 19.66404788519632, 27.114379927501627]",4.609999999999874,100.0,0.0,"[55.38629967482834, 109.68218441353086, 109.68218441353088]",26
723,79361427,settled,Rf1a_0017,unmatched,,"[0.7460182460433417, 0.4331332622393408, -0.16442246222556398, 0.47834883466776185]","[0.6224312929673751, 0.622578623030798, -0.3353177867673054, 0.33546553557334796]","[449.7348591391991, 19.653955949033662, 27.126889902594876]",4.429999999999814,100.0,0.0,"[55.38629967482834, 117.19513913689798, 117.19513913689799]",28
724,849183527,settled,Rf1a_0005,unmatched,,"[-0.597965345494862, 0.4341566937715529, -0.3987457477691585, 0.5430904523894513]","[-0.7071346793001279, 0.00011912038212439263, -7.308791212515202e-05, 0.7070788681608277]","[449.7965424581256, 6.22042303800047, 39.999331531414995]",5.040000000000018,100.0,0.0,"[55.38629967482834, 113.0465584038343, 113.04655840383431]",40
725,833658135,settled,Rf1a_0012,unmatched,,"[-0.22322301575031606, -0.6254522972279739, -0.046491102783879086, 0.7462033814540932]","[-8.724781539573567e-05, -0.00011988395471801416, -0.7070506263537097, 0.707162916016163]","[450.0886378411487, 30.010085634677132, 6.2242289489506994]",4.749999999999921,100.0,0.0,"[55.38629967482834, 117.28360697445363, 117.28360697445363]",42
726,2766943526,settled,Rf1a_0012,unmatched,,"[-0.5008796812345071, -0.2940481208795292, 0.7384220044987085, 0.3426196007319862]","[-2.3435055430648395e-05, -1.7879280362065323e-05, 0.7071922721550873, 0.7070212792662286]","[450.1330373101342, 30.003328314671556, 6.22139223859591]",4.389999999999801,100.0,0.0,"[55.38629967482834, 121.98274194894117, 121.98274194894118]",33
727,2503276600,settled,Rf1a_0013,unmatched,,"[-0.12838043991948922, -0.15768557088960727, 0.9650166796619405, 0.16551897581105576]","[-3.2946094555753614e-05, 4.832350880468184e-05, 0.9999999921704373, -0.00011062783826088143]","[449.825740296775, 40.00680653861456, 6.222764991051118]",4.709999999999908,100.0,0.0,"[55.38629967482834, 120.31595921209002, 120.31595921209002]",23
728,274262062,settled,Rf1a_0006,unmatched,,"[-0.2888088733633255, 0.9067311338231195, 0.2402429853663154, 0.19160217536533122]","[-0.6773033304762224, 0.6773876344008003, 0.20290733311487874, 0.20306355028638878]","[450.28439826184643, 28.47990343820384, 19.64784580548785]",5.080000000000031,100.0,0.0,"[55.38629967482834, 117.77320003156596, 117.77320003156598]",25
729,3693717378,settled,Rf1a_0007,unmatched,,"[-0.4080947709038988, -0.4131066308879288, -0.5424541860804435, 0.6070790932663737]","[-0.49991507202184915, -0.49989638595504526, -0.5001455876907792, 0.5000429133463635]","[450.13134821820756, 6.226192784162307, 30.004860291157254]",4.799999999999938,100.0,0.0,"[55.38629967482834, 104.96032221423258, 104.96032221423259]",35
730,244256465,settled,Rf1a_0016,unmatched,,"[-0.41965871946026745, 0.6803774779211695, 0.017196036946970892, -0.6005641872705326]","[-0.5001520517088381, 0.49989068029561956, -0.4999997414744296, -0.4999574896433958]","[450.39986415384595, 18.770729596418136, 29.991826618948956]",5.000000000000004,100.0,0.0,"[55.38629967482834, 118.94187002295311, 118.94187002295313]",26
731,476182520,settled,Rf1a_0005,unmatched,,"[0.1036601992641189, -0.6668421953979564, -0.4595244020197611, 0.5774195818239437]","[-2.8737758505195254e-05, -0.7071173309357064, -0.7070962288947401, -5.047119316887137e-05]","[450.2428529011797, 6.217688322799289, 39.997757445671034]",4.779999999999931,100.0,0.0,"[55.38629967482834, 122.8135107085446, 122.8135107085446]",29
732,299505894,settled,Rf1a_0007,unmatched,,"[0.579202363364909, 0.6811474595430645, 0.10658459271012398, -0.43497412018113246]","[0.49999448445228123, 0.5000328298354327, 0.5000198195958058, -0.4999528623934906]","[449.6366722451519, 6.232722238063995, 30.00000342761396]",4.849999999999954,100.0,0.0,"[55.38629967482834, 110.79804630306303, 110.79804630306305]",53
733,927647419,settled,Rf1a_0013,unmatched,,"[0.00617218359995602, 0.30738817925260187, -0.906291643473959, 0.29001701393995705]","[-8.198786594765234e-05, -7.609638591882241e-05, -0.9999999937436393, -2.265695462324258e-07]","[449.72922283049735, 40.007122410515656, 6.223143175435042]",4.459999999999824,100.0,0.0,"[55.38629967482834, 116.194986105496, 116.19498610549601]",17
734,2054887602,settled,Rf1a_0012,unmatched,,"[0.3733597105779809, 0.05758875730829268, -0.4407491559025929, 0.8142642342139097]","[-2.437264009289009e-05, 1.3528098624648878e-05, -0.7071243065125429, 0.7070892548767238]","[450.1973872290989, 29.994844458319417, 6.223941498841763]",4.419999999999811,100.0,0.0,"[55.38629967482834, 112.13805657731831, 112.13805657731832]",21
735,2921836587,settled,Rf1a_0002,unmatched,,"[0.2754056786538453, -0.9404034533507056, -0.09401578724089038, 0.1759377413767654]","[8.391842046164e-05, -0.9580647975731672, -6.326145725676913e-05, 0.28655162293515785]","[450.17186052272103, 40.00172586672738, 19.647736163215594]",4.759999999999924,100.0,0.0,"[55.38629967482834, 122.96536711572155, 122.96536711572156]",33
736,4082104990,settled,Rf1a_0013,unmatched,,"[-0.365030319869446, -0.1893794515799419, -0.17774880524233333, -0.8940322427799869]","[-4.923518455757226e-05, -2.8961755123535837e-06, -8.396487853279424e-05, -0.999999995258704]","[449.8553145575433, 40.00238068934893, 6.2212794695113915]",4.699999999999904,100.0,0.0,"[55.38629967482834, 115.41432374847709, 115.4143237484771]",23
737,2103653974,settled,Rf1a_0001,unmatched,,"[0.935028749816513, 0.3245948714742076, 0.13098927296552268, -0.056579296541891304]","[0.999999939281655, 6.176124738270252e-05, 0.0003413699603485901, 3.299674255236029e-05]","[450.35217827601406, 40.00758374214591, 18.78018928391364]",4.5299999999998475,100.0,0.0,"[55.38629967482834, 122.97972789520581, 122.97972789520583]",26
738,4054721125,settled,Rf1a_0012,unmatched,,"[0.3314452681763487, -0.23353500978133768, 0.6073874692324064, -0.6831441250785895]","[-1.698839289773768e-05, 6.216982167173146e-05, 0.7071445765658639, -0.7070689808496713]","[450.11171902391965, 29.999739837749228, 6.225523518854407]",4.879999999999964,100.0,0.0,"[55.38629967482834, 108.85885377985608, 108.85885377985609]",35
739,548968393,settled,Rf1a_0011,unmatched,,"[0.1739833845668215, -0.4541327469372948, 0.8058144553671144, -0.33787023185723425]","[-0.0002435150037762057, -0.7070278306408818, 0.707185597381207, 0.0003438841037592554]","[449.8946374159558, 18.77923584848648, 39.99626643210287]",4.419999999999811,100.0,0.0,"[55.38629967482834, 110.76519759345166, 110.76519759345167]",15
740,1564990497,settled,Rf1a_0015,unmatched,,"[0.11176623498886057, 0.43491256596679395, -0.5962539075390001, 0.6654627310564188]","[0.33557745695348506, 0.33557771988052537, -0.6224037987819452, 0.6224057162062567]","[450.1925924170991, 19.639058376666846, 28.487246367679294]",5.020000000000011,100.0,0.0,"[55.38629967482834, 112.58553502274225, 112.58553502274225]",42
741,666536387,settled,Rf1a_0004,unmatched,,"[0.8328379747296384, 0.5225458757364239, -0.11627756712454848, -0.1407346545193621]","[0.7071151842747433, 0.707098377982454, 4.716759408579518e-06, -6.563340549936569e-07]","[449.842248404715, 30.004660958591995, 18.77250197949764]",4.729999999999914,100.0,0.0,"[55.38629967482834, 117.07850983242137, 117.07850983242137]",27
742,2535867986,settled,Rf1a_0013,unmatched,,"[0.055606694092448415, 0.02990174770564514, 0.11232118714017658, 0.9916641225615043]","[2.007942431769827e-06, -9.022174565094682e-05, 2.64867868836908e-05, 0.9999999955772275]","[449.9498636996271, 40.00093356812048, 6.226328585684459]",4.659999999999891,100.0,0.0,"[55.38629967482834, 118.62761940461283, 118.62761940461282]",14
743,4190058861,settled,Rf1a_0006,unmatched,,"[0.6389330524725584, 0.6994797245503248, 0.04674223784673845, -0.3167141180973458]","[0.6773834507901537, 0.6773695215755487, 0.20286231915380729, -0.20290162962301353]","[450.07584131429644, 28.490592272951044, 19.647448694343026]",4.889999999999968,100.0,0.0,"[55.38629967482834, 108.73156828848516, 108.73156828848518]",33
744,4145498066,settled,Rf1a_0012,unmatched,,"[0.5331427153280388, -0.13489619692221552, 0.6897760063632064, -0.4709256015489013]","[5.094812536332594e-05, 8.93743328154173e-05, 0.7071584184721101, -0.7070551326456384]","[449.89266256053804, 30.00360815177729, 6.218016308552023]",5.110000000000041,100.0,0.0,"[55.38629967482834, 120.95410575453435, 120.95410575453437]",26
745,439097313,settled,Rf1a_0018,unmatched,,"[-0.31229783943541295, -0.9478655253499281, -0.04306678203388648, -0.04654307276409306]","[-0.6772752877401698, -0.6773989558138279, 0.20298372322658456, -0.2030429693042325]","[449.88776312754203, 27.12491688727244, 19.64647314002296]",4.769999999999928,100.0,0.0,"[55.38629967482834, 122.96853603867069, 122.9685360386707]",30
746,848878887,settled,Rf1a_0018,unmatched,,"[-0.7330445846747963, 0.6200137340102204, -0.2603398618609048, -0.10223386348908145]","[-0.6773222440366364, 0.6774016438273761, -0.20289683183198082, -0.20296419956654627]","[450.25345382786367, 27.13372190676222, 19.64722249790928]",4.5599999999998575,100.0,0.0,"[55.38629967482834, 108.57750957356474, 108.57750957356475]",40
747,3282409243,settled,Rf1a_0007,unmatched,,"[-0.36484502967256854, -0.38112029136195696, -0.4876938161083083, 0.695550263866757]","[-0.4999714709598839, -0.4999953328717103, -0.5000268009982591, 0.5000063935752872]","[450.2942569715825, 6.2237132241276125, 29.994962515701722]",4.929999999999981,100.0,0.0,"[55.38629967482834, 107.48415902166863, 107.48415902166865]",38
748,1021812353,settled,Rf1a_0012,unmatched,,"[-0.02751463814164228, 0.23808994494372776, -0.5888537692642116, 0.7718855881722095]","[7.976633347880903e-05, 6.873797636719471e-05, -0.7071327106340116, 0.7070808429478329]","[450.28799217471595, 30.00150208527224, 6.220285896408797]",4.689999999999901,100.0,0.0,"[55.38629967482834, 113.47255186407016, 113.47255186407016]",29
749,3025522320,settled,Rf1a_0005,unmatched,,"[-0.006779130001992734, 0.8094588839319384, 0.39735742244128586, 0.432246963495285]","[-4.816827137519588e-05, 0.7071223377479334, 0.7070912132198449, -0.00011543397725497415]","[450.2596446484093, 6.220966829740371, 39.99891539355701]",4.729999999999914,100.0,0.0,"[55.38629967482834, 120.53418336169014, 120.53418336169014]",36
750,2691185665,settled,Rf1a_0017,unmatched,,"[-0.347779535447512, -0.7595016959896297, 0.11884014838012455, -0.5367341871408777]","[-0.6224877213933852, -0.622507215362918, 0.33542252135034323, -0.33538863383626427]","[449.91559446294303, 19.6491042646842, 27.12488171715023]",4.4699999999998274,100.0,0.0,"[55.38629967482834, 116.0155148140493, 116.0155148140493]",29
751,1229380122,settled,Rf1a_0007,unmatched,,"[0.48619715748621767, -0.6641977522402341, 0.06255628408896385, -0.564393817553243]","[0.5000284992763772, -0.4999501788813567, -0.5000216498782281, -0.4999996682008584]","[450.2530943722404, 6.228585691151362, 29.996405838201433]",4.739999999999918,100.0,0.0,"[55.38629967482834, 119.99411632149925, 119.99411632149926]",16
752,2395213454,settled,Rf1a_0016,unmatched,,"[-0.44933477067353494, 0.12225715102068627, -0.8501988666400425, -0.24558774409985212]","[-0.4999467730146107, 0.5001018562831134, -0.4999715378216839, -0.4999798184553871]","[450.27591646536285, 18.778828222506682, 29.996423116488792]",4.389999999999801,100.0,0.0,"[55.38629967482834, 117.53864443887666, 117.53864443887667]",17
753,3006291426,settled,Rf1a_0003,unmatched,,"[-0.8032647886071603, -0.10041121216468736, 0.5539172969708682, -0.1945736260956228]","[-0.9579562372927775, 4.086201642548859e-05, -0.2869143444322909, -6.871061269825285e-05]","[449.85779503877114, 40.010378475190656, 19.64663700813774]",5.190000000000068,100.0,0.0,"[55.38629967482834, 112.10160355581894, 112.10160355581895]",25
754,2038363769,settled,Rf1a_0017,unmatched,,"[-0.5612002152789947, 0.020352301138744127, -0.7190324086645994, -0.409429478053489]","[-0.6224764201480577, 0.6225627309422931, -0.33537674811525997, -0.33535233594678665]","[449.92351752623625, 19.646022564667867, 27.12417943161572]",4.729999999999914,100.0,0.0,"[55.38629967482834, 118.0893648022965, 118.08936480229652]",27
755,3549726088,settled,Rf1a_0015,unmatched,,"[0.3251935600628316, -0.17496902770656705, 0.7483285312602824, 0.5510348420371516]","[0.33550272937193837, -0.3352804984545921, 0.622470601414901, 0.6225393612569343]","[450.0435600318295, 19.65784837908581, 28.464699542968802]",4.990000000000001,100.0,0.0,"[55.38629967482834, 109.63780914169895, 109.63780914169895]",36
756,1415504078,settled,Rf1a_0016,unmatched,,"[0.026030222451953543, 0.644775665048881, -0.1990092891583883, 0.7375514030279845]","[0.5000177195167138, 0.5001214210654393, -0.4998723583087532, 0.49998846962668664]","[450.10733192666174, 18.77440467027419, 30.002800603752085]",4.5299999999998475,100.0,0.0,"[55.38629967482834, 118.40091329815873, 118.40091329815874]",19
757,1167033059,settled,Rf1a_0013,unmatched,,"[-0.14038596652816046, 0.22510227837965416, 0.9577570236566346, -0.11100553277484694]","[-7.946332034632654e-05, 1.3313696317962528e-05, 0.9999999960457142, -3.764170207953589e-05]","[450.3056582768246, 40.00284486761346, 6.216708185779067]",4.659999999999891,100.0,0.0,"[55.38629967482834, 118.43730690993893, 118.43730690993893]",23
758,57751237,settled,Rf1a_0013,unmatched,,"[-0.24977854227901278, 0.18879418204542422, 0.9462315214486297, 0.08132247204667463]","[3.2981701720943534e-05, 2.1845079407945e-05, 0.9999999978532965, 5.223415505508761e-05]","[450.15907414436157, 40.00156756966077, 6.227987855830061]",4.609999999999874,100.0,0.0,"[55.38629967482834, 113.59565048647568, 113.59565048647569]",16
759,1367057463,settled,Rf1a_0007,unmatched,,"[-0.2682954155863644, 0.4446128882782166, -0.4818836406653182, 0.7057797860603408]","[-0.49994491534660607, -0.5000627341181698, -0.5000095561300744, 0.4999827870476558]","[449.6538249088752, 6.235953008076854, 29.993815888113495]",5.100000000000038,100.0,0.0,"[55.38629967482834, 118.93885977171362, 118.93885977171364]",31
760,3460723404,settled,Rf1a_0009,unmatched,,"[0.7525328538070888, 0.08332020185243715, -0.2968881536312691, 0.5819016000473309]","[0.6773682003124557, 0.20280772962949659, 0.20282568652806215, 0.6774238605868664]","[449.68037711196195, 19.65571682190747, 39.9985322211585]",5.0600000000000245,100.0,0.0,"[55.38629967482834, 122.63056220972551, 122.63056220972553]",18
761,490291057,settled,Rf1a_0006,unmatched,,"[0.6050671852203282, -0.723040663150318, -0.30768659951572824, -0.12819850732027002]","[0.6772713738935537, -0.6774022892128269, -0.20305363756102304, -0.20297498601255434]","[449.86019976977695, 28.473448229491062, 19.64170032411722]",5.070000000000028,100.0,0.0,"[55.38629967482834, 103.96896904399138, 103.96896904399136]",33
762,2736550147,settled,Rf1a_0003,unmatched,,"[-0.12290483584257283, 0.9147122688500888, 0.06678560268850425, -0.37912471538422043]","[4.1108440960710424e-05, 0.9579168202830983, 1.532525669400986e-05, 0.28704592575744936]","[449.80971613453204, 39.996019005686136, 19.647082317145053]",4.869999999999961,100.0,0.0,"[55.38629967482834, 119.5904716130182, 119.59047161301821]",21
763,3645682007,settled,Rf1a_0005,unmatched,,"[0.08237622614656674, 0.7623107531555448, 0.47199339798971696, 0.43510769384532433]","[4.891115016517182e-06, 0.7071049862533283, 0.7071085754123734, -3.114549109926991e-05]","[449.847680991294, 6.23212704917481, 39.994992346447226]",4.609999999999874,100.0,0.0,"[55.38629967482834, 122.59417452226494, 122.59417452226495]",35
764,4011650803,settled,Rf1a_0017,unmatched,,"[-0.11238713257916548, 0.5943727968817791, -0.13889353961568968, -0.7840909994449555]","[-0.622587753854368, 0.6225677129784721, -0.3352488908126008, -0.33526424312212066]","[450.3964749008221, 19.646442522170055, 27.111484400879757]",5.020000000000011,100.0,0.0,"[55.38629967482834, 113.97103744137029, 113.97103744137029]",38
765,4175174794,settled,Rf1a_0007,unmatched,,"[0.6283567845402819, -0.3838002345637537, -0.49353374713503045, -0.46291421636180186]","[0.5000314963300342, -0.49996207760614236, -0.5000035414731347, -0.5000028821397134]","[449.8900890410407, 6.22999874745898, 29.99246151100235]",4.779999999999931,100.0,0.0,"[55.38629967482834, 110.41206847357721, 110.4120684735772]",38
766,1362896629,settled,Rf1a_0014,unmatched,,"[-0.1369099586496964, 0.8359536484781134, -0.4124440525900376, -0.3351523001588615]","[0.017888627142988563, 0.9364492207349917, -0.34701591206864607, 0.0481955472521238]","[450.3429465564917, 32.79773602079033, 31.858008597447974]",4.689999999999901,100.0,0.0,"[55.38629967482834, 118.46252228138358, 118.4625222813836]",33
767,1392627679,settled,Rf1a_0012,unmatched,,"[-0.5442430083840383, -0.06998565228722617, -0.49363300479666244, 0.674705871379849]","[-2.773724607496586e-05, 7.956528821129183e-06, -0.7071281999226129, 0.7070853612128766]","[449.94939917631746, 30.003155915326033, 6.226154158784952]",5.0600000000000245,100.0,0.0,"[55.38629967482834, 120.75301572966764, 120.75301572966765]",33
768,2030435075,settled,Rf1a_0013,unmatched,,"[-0.15391770369278407, 0.2984445877709614, -0.9416051474307936, 0.02489808932417896]","[1.15059278706373e-06, -2.9956969884448185e-05, -0.9999999990005983, -3.316714699124928e-05]","[450.18587649342453, 40.00580424825656, 6.224422523052564]",4.819999999999944,100.0,0.0,"[55.38629967482834, 111.78982828968097, 111.78982828968097]",21
769,1969071229,settled,Rf1a_0008,unmatched,,"[-0.292157474405667, 0.7386316240005625, -0.37135322396325127, 0.480795296594396]","[0.2028810832578955, 0.6773736153924446, -0.6773733869744119, -0.20290279900751765]","[450.4928347236547, 19.646991771478223, 40.001255461433125]",4.479999999999831,100.0,0.0,"[55.38629967482834, 121.6777323520445, 121.67773235204452]",26
770,3971321240,settled,Rf1a_0001,unmatched,,"[0.16134477163431363, -0.59713412711119, -0.14540785866209355, 0.7721756623623495]","[0.00023431191262499935, -0.9999999510121705, 0.00011840600574686277, -0.0001704511723647978]","[450.0622917236471, 40.002707907988665, 18.76832878522375]",5.040000000000018,100.0,0.0,"[55.38629967482834, 121.73902789430235, 121.73902789430237]",34
771,1847143231,settled,Rf1a_0013,unmatched,,"[0.37247343903267255, -0.17212231899601646, 0.8927953174030391, -0.1858869703390051]","[-2.0645234551449477e-05, 2.2987420356834765e-05, 0.9999999932975285, 0.00011158089403456013]","[449.8480547688691, 39.99919422165445, 6.227821665016682]",4.759999999999924,100.0,0.0,"[55.38629967482834, 122.01754846083668, 122.0175484608367]",28
772,4250210521,settled,Rf1a_0008,unmatched,,"[0.7179714736657065, -0.32018305942895253, -0.20166750117733687, 0.5842345337498447]","[0.6774447422919248, -0.20272202935913888, -0.20275000762006018, 0.6773956261769083]","[450.1116823876193, 19.653038227817284, 40.000053320331894]",4.709999999999908,100.0,0.0,"[55.38629967482834, 114.8600073694726, 114.86000736947261]",23
773,1265008604,settled,Rf1a_0015,unmatched,,"[0.1588790074721968, 0.4462089044889321, -0.7306042503802944, 0.49180535160333994]","[0.3354829392284026, 0.3355090322400588, -0.6224377904330539, 0.6224597045695638]","[449.7816202457087, 19.652238972563364, 28.479945698976753]",5.040000000000018,100.0,0.0,"[55.38629967482834, 116.10455105490851, 116.10455105490851]",23
774,2561878822,settled,Rf1a_0008,unmatched,,"[-0.8844363438236836, 0.2271251635155647, 0.06609453688063316, -0.4022661134328336]","[-0.6775077556708007, 0.2029492863843697, 0.20274818784410412, -0.6772650887857146]","[450.3279016851155, 19.646127708423847, 40.00680005977412]",4.539999999999851,100.0,0.0,"[55.38629967482834, 111.85751685340622, 111.85751685340624]",21
775,2593056862,settled,Rf1a_0004,unmatched,,"[-0.6440080616705269, 0.6801245432667002, 0.34981776085047156, 0.017656623210441386]","[-0.707123825346734, 0.7070897291618842, 2.759173046484875e-05, 9.88912099757211e-05]","[449.90833721436167, 29.988542084812657, 18.76755319898116]",4.739999999999918,100.0,0.0,"[55.38629967482834, 107.91922152498016, 107.91922152498016]",37
776,2876057514,settled,Rf1a_0007,unmatched,,"[0.5828207064822837, 0.0588372724123627, -0.6350018125597128, -0.5036178089746675]","[0.4999859997256706, -0.49997742908945025, -0.5000087032463094, -0.5000278663808345]","[449.8089982321433, 6.217606624340814, 29.993437301653657]",4.459999999999824,100.0,0.0,"[55.38629967482834, 121.56237780799542, 121.56237780799543]",29
777,3157771195,settled,Rf1a_0007,unmatched,,"[0.5983360677836528, 0.10378296890113489, -0.7104906983150071, -0.3555643583981888]","[0.500052751054798, -0.4999669383687976, -0.5000022258084591, -0.4999780804067773]","[450.1613423116581, 6.225231490389274, 30.000628719450827]",4.569999999999861,100.0,0.0,"[55.38629967482834, 122.34957466198126, 122.34957466198125]",34
778,2345037609,settled,Rf1a_0007,unmatched,,"[0.6604384413014063, 0.10747290077092331, 0.443880841915452, -0.596020502190723]","[0.5001217638454415, 0.5000102296311542, 0.49994964762414346, -0.49991833476360914]","[450.1572389575221, 6.224109471841738, 29.994702744871088]",5.140000000000051,100.0,0.0,"[55.38629967482834, 122.46878405416034, 122.46878405416035]",32
779,184414698,settled,Rf1a_0004,unmatched,,"[-0.35632809196677084, -0.93177754920896, -0.06878720385769516, 0.00944511783434199]","[-0.707033723759602, -0.7071798304440413, -9.466477007114005e-06, 2.810967021962818e-05]","[449.77613930703666, 30.003503596966446, 18.77061616544745]",4.549999999999854,100.0,0.0,"[55.38629967482834, 122.89688152800765, 122.89688152800765]",28
780,1322610371,settled,Rf1a_0016,unmatched,,"[-0.3915866921210055, -0.4167497704200111, 0.43307521759641576, -0.6967247285064698]","[-0.5000043255821118, -0.4999999348709278, 0.4999773018138798, -0.5000184368592403]","[450.174713364109, 18.775651432369624, 29.99909151882558]",4.649999999999888,100.0,0.0,"[55.38629967482834, 109.84937899695554, 109.84937899695554]",21
781,2871559337,settled,Rf1a_0010,unmatched,,"[-0.0016060938878102355, -0.8499218234626733, 0.5204304719878642, 0.0823555601692851]","[-0.046659466030523455, -0.9076711007887861, 0.416531712596195, 0.02138689842638804]","[450.4194698477707, 31.86717177963567, 32.7875692101592]",4.479999999999831,100.0,0.0,"[55.38629967482834, 113.93474347392107, 113.93474347392107]",19
782,3834652190,settled,Rf1a_0007,unmatched,,"[-0.38796054467225627, -0.5034752546116924, -0.5498540153702292, 0.5419039080432375]","[-0.499981777147557, -0.5000416477937335, -0.5000242880637727, 0.499952282061414]","[450.40098774662556, 6.227661828669219, 29.996272030527418]",4.789999999999934,100.0,0.0,"[55.38629967482834, 108.4037663948433, 108.40376639484332]",22
783,3919222154,settled,Rf1a_0007,unmatched,,"[-0.30245125319755284, -0.7544306213363382, -0.28171015049334985, 0.5098990764242572]","[-0.5000609779023067, -0.5000299162793239, -0.49999820827897085, 0.4999108849814135]","[450.11101576416127, 6.231821997725687, 30.001522290398107]",4.509999999999841,100.0,0.0,"[55.38629967482834, 108.683498107976, 108.68349810797602]",31
784,2928265615,settled,Rf1a_0014,unmatched,,"[-0.16044831560608788, -0.841189383199689, 0.29634351733816594, 0.4228915692502515]","[-0.018053421946956145, -0.9363859796610031, 0.34717943152129094, -0.04818519875295664]","[450.0679177757322, 32.808529450395696, 31.86217681971854]",4.679999999999898,100.0,0.0,"[55.38629967482834, 120.61189722016601, 120.61189722016603]",31
785,1004255327,settled,Rf1a_0006,unmatched,,"[-0.7918552891140278, -0.48308124432092175, -0.12326100465448263, 0.3527101320051027]","[-0.6773309914413674, -0.6774243668612149, -0.20285123039547434, 0.2029047400697645]","[449.7947197804953, 28.47492039101512, 19.647194379954332]",5.1800000000000646,100.0,0.0,"[55.38629967482834, 109.08963766910385, 109.08963766910385]",34
786,4151959314,settled,Rf1a_0005,unmatched,,"[0.32961659258017734, -0.44109631094848434, 0.13135878999472297, -0.8243371971800095]","[0.7071061682261153, -4.306200944403893e-05, 0.0001445482816114574, -0.7071073780608138]","[450.13135042956037, 6.227515344153785, 40.00227271568556]",4.969999999999994,100.0,0.0,"[55.38629967482834, 120.75298981997571, 120.75298981997572]",33
787,3643437407,settled,Rf1a_0012,unmatched,,"[-0.3679797931408954, 0.033329154626742165, 0.5756948008932865, 0.729421370345214]","[5.044320676522718e-06, 2.8239944086516644e-06, 0.7071346617806081, 0.707078899469504]","[450.0587882110821, 30.008832216117256, 6.225501101993783]",4.599999999999871,100.0,0.0,"[55.38629967482834, 111.3449678530758, 111.34496785307581]",35
788,193074623,settled,Rf1a_0004,unmatched,,"[0.333473225592462, 0.8262963374305321, -0.44231445523318763, -0.10192101477916964]","[0.7071036095154638, 0.7071099477730161, 6.796350291007892e-05, -5.05134380255068e-05]","[449.7306675388929, 30.003250038884772, 18.77321536809713]",5.1800000000000646,100.0,0.0,"[55.38629967482834, 110.68344647128372, 110.68344647128373]",37
789,1840744130,settled,Rf1a_0005,unmatched,,"[-0.003013295977485854, -0.9164638387372006, -0.385878694127883, -0.10574774585108596]","[4.631012671068189e-05, -0.7071080998422116, -0.7071054545687067, 9.545727851180064e-05]","[449.62989574411864, 6.22284774964079, 40.00409025352644]",4.779999999999931,100.0,0.0,"[55.38629967482834, 109.33755159206628, 109.33755159206626]",27
790,929367818,settled,Rf1a_0016,unmatched,,"[0.07689805139311431, 0.6194549874432171, -0.12913616986127133, 0.7705102581129122]","[0.49992836950910746, 0.49996882575450136, -0.5000015654695062, 0.500101222915595]","[449.80714809387825, 18.769613776451894, 29.995739351800058]",4.5299999999998475,100.0,0.0,"[55.38629967482834, 115.06613215676141, 115.06613215676143]",24
791,911894422,settled,Rf1a_0001,unmatched,,"[-0.6982777647420497, -0.11412682446000724, 0.6869509496557707, 0.16577582445144326]","[-0.9999999949650215, -8.653881428473878e-05, -3.724563567580096e-05, 3.4550736719540793e-05]","[450.3420504270347, 40.00469877681317, 18.774774937468845]",5.0900000000000345,100.0,0.0,"[55.38629967482834, 121.54975771734054, 121.54975771734055]",23
792,2813630436,settled,Rf1a_0011,unmatched,,"[0.34525116620660357, 0.291654603545629, 0.2899276643120054, 0.8436119806701463]","[0.7071431915847372, -5.7706573677199345e-05, -0.00010154323710866998, 0.707070359267219]","[449.73711484289913, 18.769679691670447, 40.000379063188134]",4.689999999999901,100.0,0.0,"[55.38629967482834, 118.72662837527155, 118.72662837527155]",24
793,3258326862,settled,Rf1a_0008,unmatched,,"[0.15155241457782917, 0.463115550262533, -0.8698966348433236, 0.07639173665339816]","[0.20289290067532667, 0.677364466611494, -0.6773902470334165, -0.20286523470443496]","[450.17346510772825, 19.647490902784522, 39.992037609231204]",4.5899999999998675,100.0,0.0,"[55.38629967482834, 117.31631596048516, 117.31631596048517]",19
794,376402550,settled,Rf1a_0005,unmatched,,"[-0.26313053826577254, 0.4562496417490367, 0.7970160287942423, -0.29557407545469244]","[-0.00013217940044034384, 0.7071108350836196, 0.7071027066832453, -0.00010787576620557584]","[449.68982564305867, 6.22179956239282, 39.999463210695794]",4.839999999999951,100.0,0.0,"[55.38629967482834, 115.28790078515236, 115.28790078515237]",27
795,3842851706,settled,Rf1a_0007,unmatched,,"[-0.6306123024957917, 0.1538519811917822, 0.7587299060057031, 0.054649991371421895]","[-0.5000456190510225, 0.49993442424942636, 0.499974782224216, 0.5000451654182071]","[450.07467402947674, 6.207436206672662, 29.98947123433214]",4.759999999999924,100.0,0.0,"[55.38629967482834, 115.7945682012872, 115.79456820128722]",27
796,1816527500,settled,Rf1a_0002,unmatched,,"[-0.26996349254057417, -0.9012033727303118, -0.2599849606697233, -0.21762356007649683]","[-1.87770959137884e-05, -0.9579198779694329, -1.1061468303263933e-05, 0.2870357241112883]","[450.2273976023274, 40.00495135855003, 19.646599035363277]",4.689999999999901,100.0,0.0,"[55.38629967482834, 121.6515219253988, 121.65152192539878]",25
797,2293293225,settled,Rf1a_0017,unmatched,,"[-0.3936519694424518, 0.8116179663979275, -0.13515402938440954, 0.4099363266597991]","[-0.6224889568188716, 0.622458951616881, -0.33555948955854875, -0.3353389049271987]","[449.7891208220532, 19.645569402648285, 27.126075766614072]",4.479999999999831,100.0,0.0,"[55.38629967482834, 121.99001100674774, 121.99001100674775]",29
798,349554575,settled,Rf1a_0012,unmatched,,"[0.04319524511180846, 0.011599100461029443, -0.6856641279883682, -0.726542727758097]","[-9.502854106835379e-06, 1.4861257142673168e-05, -0.7070760119502969, -0.7071375488639409]","[449.9304767997247, 30.005074891075893, 6.226372332763625]",4.709999999999908,100.0,0.0,"[55.38629967482834, 105.16231909635613, 105.16231909635613]",26
799,1393430897,settled,Rf1a_0007,unmatched,,"[0.40293627404439963, 0.406187963639368, 0.6478008582825009, -0.5029987527441547]","[0.5000794786177668, 0.49996711433283825, 0.49995813783648546, -0.49999526003968386]","[449.72250725663224, 6.223658147149643, 29.996345117881226]",4.799999999999938,100.0,0.0,"[55.38629967482834, 107.6172765384413, 107.61727653844129]",31
800,2235878669,settled,Rf1a_0009,unmatched,,"[0.24249144715551083, -0.6473370825137739, 0.7223079800681069, -0.02058595610878343]","[0.20285018313328615, -0.6773339706375219, 0.6774531384559044, -0.2027997549787629]","[449.8440952133158, 19.64522970983708, 39.995877793338664]",4.809999999999941,100.0,0.0,"[55.38629967482834, 120.50171961922723, 120.50171961922722]",15
801,3616341429,settled,Rf1a_0017,unmatched,,"[-0.016108622453450877, 0.5241575278336051, -0.5047182381256154, 0.6857542551099413]","[0.6225091754979515, 0.6225130513976453, -0.3353953356066053, 0.33536516830730334]","[450.06100667486237, 19.649850010018145, 27.126316051003947]",4.849999999999954,100.0,0.0,"[55.38629967482834, 118.63960304483257, 118.63960304483258]",29
802,2901890060,settled,Rf1a_0004,unmatched,,"[-0.5153234759328452, -0.7348465806857323, 0.43106836411443006, 0.09285625162953134]","[-0.7070489795307217, -0.7071645762279681, -4.563979078980873e-05, 2.4287712656528848e-05]","[449.92644607105444, 29.997886684118892, 18.774237524612936]",4.889999999999968,100.0,0.0,"[55.38629967482834, 113.42011981038617, 113.42011981038618]",27
803,903317644,settled,Rf1a_0005,unmatched,,"[0.3806152325204924, 0.3549790843641196, -0.42221367482912736, -0.7421977547962988]","[0.7071575559215616, 2.0505812541117805e-05, -3.095378662985045e-05, -0.7070560018304195]","[450.2515304098235, 6.22982700423013, 39.99777909011951]",4.979999999999998,100.0,0.0,"[55.38629967482834, 116.31962403012152, 116.31962403012153]",46
804,261748224,settled,Rf1a_0017,unmatched,,"[0.6073531994118689, -0.481676980220278, 0.5182685683491363, 0.36125762130559586]","[0.622600399755451, -0.6225666582071472, 0.33527980676920965, 0.3352117979515927]","[450.3664372997346, 19.65722251853866, 27.121836995193302]",4.5299999999998475,100.0,0.0,"[55.38629967482834, 105.21699792374889, 105.2169979237489]",24
805,3757485644,settled,Rf1a_0012,unmatched,,"[-0.46408639041706307, 0.12400900187034086, -0.7767306422281417, 0.40735132147648895]","[-6.215245391111292e-05, -3.0580709925454035e-06, -0.7071946008981028, 0.7070189478283407]","[450.4810050571666, 29.98765477983258, 6.225045774010278]",5.1500000000000545,100.0,0.0,"[55.38629967482834, 121.79764709988913, 121.79764709988915]",31
806,2459300321,settled,Rf1a_0012,unmatched,,"[-0.3023952662426782, 0.3237351264050331, -0.8489692368047562, -0.28810398443042556]","[7.360335712430777e-05, -5.356317392249399e-05, -0.7070309438459127, -0.7071826045356957]","[450.1409667680084, 30.002606833932965, 6.214540130599199]",4.489999999999834,100.0,0.0,"[55.38629967482834, 112.5110027273523, 112.51100272735232]",26
807,900242666,settled,Rf1a_0005,unmatched,,"[0.9362436743944617, 0.1817165933924474, -0.08337124411561313, -0.288922303564152]","[0.7071068871088764, -5.0433642159361266e-05, -3.9807701210337564e-05, -0.7071066723451205]","[449.7036194444064, 6.216964017304216, 39.994394451591035]",4.829999999999948,100.0,0.0,"[55.38629967482834, 118.22434694754469, 118.2243469475447]",39
808,328348858,settled,Rf1a_0017,unmatched,,"[-0.6190823838403996, -0.43170850451213133, 0.6501504533297416, 0.08757372428713266]","[-0.6226284869776862, -0.6224436442319975, 0.33529477775411315, -0.33537305939787043]","[449.9405127024005, 19.654452438298485, 27.115214671350202]",5.1800000000000646,100.0,0.0,"[55.38629967482834, 121.90879323319042, 121.90879323319044]",29
809,1553474154,settled,Rf1a_0007,unmatched,,"[0.10359371276990213, -0.7893752306748082, -0.4829995942980539, -0.36450854555079465]","[0.49999414083434673, -0.49999559174511776, -0.49999521059457264, -0.500015056522563]","[449.79668250269026, 6.230186033198947, 30.00142570736791]",5.380000000000131,100.0,0.0,"[55.38629967482834, 121.4673471567604, 121.46734715676041]",45
810,1442494840,settled,Rf1a_0011,unmatched,,"[0.31201293868009317, 0.50003338073906, -0.7536486285584268, -0.29090941702681444]","[0.0008224523872745581, 0.7071197492245144, -0.7070928373747609, -0.0008385475780874029]","[449.84995902669215, 18.800184431808205, 39.993924954194256]",4.799999999999938,100.0,0.0,"[55.38629967482834, 117.40180961842842, 117.40180961842843]",25
811,3990831217,settled,Rf1a_0008,unmatched,,"[0.2733426921134199, -0.7015874727139076, 0.6366695552613991, -0.16646521619350974]","[-0.20305860110120805, -0.677418271636386, 0.6772181376408619, 0.20309427323840162]","[449.6620515117636, 19.65372720855047, 39.99610065155717]",4.599999999999871,100.0,0.0,"[55.38629967482834, 116.02463544937032, 116.02463544937034]",29
812,2431699989,settled,Rf1a_0012,unmatched,,"[0.17344721513629868, 0.1827432617709468, 0.5962854258550948, -0.7622103743400414]","[-7.972707838282966e-05, -6.6435917502633e-05, 0.7070601236824284, -0.7071534279971009]","[450.39574846053426, 29.999843798419267, 6.222920097507981]",4.749999999999921,100.0,0.0,"[55.38629967482834, 110.23105437149843, 110.23105437149842]",29
813,1926362747,settled,Rf1a_0004,unmatched,,"[0.8047503699102742, -0.5172269162450497, -0.11253861894396196, 0.26867865283103326]","[0.7070821288480782, -0.7071314163579568, 2.801447766517806e-05, -0.00014925966885895314]","[450.5115047776982, 30.008274154723843, 18.773048005025725]",4.829999999999948,100.0,0.0,"[55.38629967482834, 113.51450244135536, 113.51450244135536]",30
814,2263480944,settled,Rf1a_0008,unmatched,,"[-0.026306953825207702, -0.8321721463338888, 0.5135298938644082, -0.2075680879954735]","[-0.20294981894609357, -0.6774301176794396, 0.6773074521491718, 0.20286552667657978]","[449.86272488282117, 19.652432443748445, 39.99737422729402]",4.409999999999807,100.0,0.0,"[55.38629967482834, 119.09376125284908, 119.09376125284908]",28
815,2732533349,settled,Rf1a_0003,unmatched,,"[0.9574942959753904, 0.11604176436625958, -0.09067729522294143, 0.2480254225445619]","[0.9579315658850247, -1.1461420992953109e-05, 0.2869967153302533, 1.8421353507602767e-05]","[449.78593176260307, 40.00352697863095, 19.646288409809607]",4.990000000000001,100.0,0.0,"[55.38629967482834, 113.90053908304324, 113.90053908304326]",23
816,789762371,settled,Rf1a_0012,unmatched,,"[0.4310996061007461, 0.2904541347288934, -0.6141148610307922, -0.5938454872269402]","[2.5799219742689283e-05, -1.788096765584224e-05, -0.7071124499768734, -0.7071011116540371]","[450.3806071234908, 29.99689962702251, 6.219579701925035]",4.419999999999811,100.0,0.0,"[55.38629967482834, 115.85850046196441, 115.85850046196443]",21
817,857415767,settled,Rf1a_0005,unmatched,,"[0.4929514726326843, -0.5214882517666204, 0.27904449074365084, -0.6381089413918899]","[0.7071107877184214, -1.929792760749048e-05, -3.246991858496054e-05, -0.7071027736231333]","[450.2392211733955, 6.242410386900824, 39.988579016462964]",5.070000000000028,100.0,0.0,"[55.38629967482834, 121.34215940483323, 121.34215940483324]",36
818,1814279234,settled,Rf1a_0005,unmatched,,"[0.06752254297908439, 0.2422686337739487, 0.9010294106317556, -0.3534014946990646]","[4.770650455063262e-05, 0.7071344908773569, 0.7070790678074897, 3.747268396977384e-05]","[449.97023713807613, 6.233890685964759, 39.99762944031565]",4.929999999999981,100.0,0.0,"[55.38629967482834, 119.16365940071901, 119.16365940071903]",35
819,790041088,settled,Rf1a_0016,unmatched,,"[0.7935730239832247, -0.23344936952655115, -0.5048092129096586, 0.24680134933850478]","[0.5001924596358541, -0.5000688382412322, 0.49988138270099436, 0.49985724319293495]","[450.38086102588227, 18.783005790480992, 30.002447208807006]",5.350000000000121,100.0,0.0,"[55.38629967482834, 122.65731869300197, 122.65731869300197]",20
820,315618556,settled,Rf1a_0005,unmatched,,"[0.012552934920398582, 0.8480138297868738, 0.36518308059114246, -0.3838701420598461]","[6.669347757198842e-05, 0.7071160242361011, 0.7070975305094921, -7.853589980112328e-05]","[449.75340708913376, 6.226527847923082, 39.98685902923652]",4.759999999999924,100.0,0.0,"[55.38629967482834, 118.56088090071367, 118.56088090071366]",40
821,3269845912,settled,Rf1a_0014,unmatched,,"[0.7777716428001235, 0.1283811862612407, -0.44555779470696755, 0.4243439574755573]","[0.9363292907932674, -0.017959360020399426, 0.047877081542576916, 0.3473797715083596]","[449.6705742655397, 32.79600539204015, 31.864995999802616]",4.829999999999948,100.0,0.0,"[55.38629967482834, 119.51528657377503, 119.51528657377504]",32
822,3522819498,settled,Rf1a_0007,unmatched,,"[0.13041023961018636, -0.7145137268385542, -0.15145017210366415, -0.6704671124923759]","[0.49998887104943074, -0.5000857614705516, -0.49993690403829716, -0.49998845184837704]","[449.66496335791373, 6.230576160098407, 30.00280635862269]",5.000000000000004,100.0,0.0,"[55.38629967482834, 112.45363433440868, 112.45363433440868]",32
823,3738436170,settled,Rf1a_0013,unmatched,,"[0.2742912649506295, -0.2822096081700994, -0.8912861599283453, 0.22523547710883984]","[-2.534098543668564e-05, 4.8442619101085604e-06, -0.9999999991214412, 3.3037633582316876e-05]","[450.38275277913635, 40.00581945713833, 6.219301247681656]",4.489999999999834,100.0,0.0,"[55.38629967482834, 121.33347973435227, 121.33347973435227]",18
824,410172629,settled,Rf1a_0012,unmatched,,"[0.3546157266565474, 0.013883879429048904, -0.6309730588490037, -0.6898752954748997]","[-3.084950143938947e-05, -5.203199793449298e-05, -0.7070126647326029, -0.7072008825282131]","[449.62186859618225, 29.99604924488392, 6.221321249748736]",4.609999999999874,100.0,0.0,"[55.38629967482834, 110.4919464041605, 110.49194640416052]",35
825,3404775389,settled,Rf1a_0012,unmatched,,"[0.6021409344898768, -0.06674626191403271, 0.5214703782369879, -0.6008659385865817]","[4.8250093642926435e-05, 4.400714510366389e-05, 0.7070631177419154, -0.7071504389197408]","[450.2585068140532, 30.004918624265752, 6.225245977982365]",5.210000000000075,100.0,0.0,"[55.38629967482834, 122.52934053544581, 122.52934053544583]",34
826,869269750,settled,Rf1a_0001,unmatched,,"[-0.15468769276196398, -0.9115211001983778, -0.20989464635174815, -0.31803339295425204]","[2.4986848447916763e-05, -0.9999999567528557, -3.479140588530383e-05, -0.00029096305983042543]","[450.3578935075464, 40.01131218650176, 18.770430447133485]",4.609999999999874,100.0,0.0,"[55.38629967482834, 121.50737079853553, 121.50737079853555]",28
827,2991429464,settled,Rf1a_0007,unmatched,,"[-0.5489088942851251, -0.4032734075502577, 0.03768896459558421, 0.7311970503805372]","[-0.49998813167428535, -0.5000141523882966, -0.49995477354547746, 0.5000429381616753]","[450.41365111010083, 6.221511585580588, 30.00025743488955]",4.939999999999984,100.0,0.0,"[55.38629967482834, 122.93574278365685, 122.93574278365686]",37
828,2771908924,settled,Rf1a_0007,unmatched,,"[-0.7389579476458161, 0.3421219953129573, 0.5776396756246475, -0.05679874187353187]","[-0.499958934629244, 0.49999878446610535, 0.4999999596352612, 0.5000423177907503]","[450.2400493453973, 6.219616081212466, 29.992556165329326]",4.990000000000001,100.0,0.0,"[55.38629967482834, 122.16474564258652, 122.16474564258654]",30
829,255470810,settled,Rf1a_0005,unmatched,,"[-0.9154696723146558, -0.164181234465625, 0.007536104595736204, 0.36729144891892374]","[-0.7070469138683635, -8.167003167056429e-06, -2.188216504143781e-05, 0.7071666430507692]","[449.8540507268179, 6.226273905021333, 39.997707907554464]",4.629999999999881,100.0,0.0,"[55.38629967482834, 113.11862553649485, 113.11862553649486]",31
830,2021639551,settled,Rf1a_0008,unmatched,,"[-0.34543261414584014, 0.05210044336923012, 0.3432315446139134, -0.8718680861615752]","[-0.6774412113903544, 0.2029477465337598, 0.20303591276811617, -0.6772459194511664]","[450.31285424970497, 19.635672549810273, 39.99851899921317]",5.0300000000000145,100.0,0.0,"[55.38629967482834, 114.91267395923134, 114.91267395923133]",26
831,651020664,settled,Rf1a_0018,unmatched,,"[0.0756818332635065, -0.774085924955174, 0.18955994400860776, -0.5992747854929498]","[-0.6773000573197172, -0.6773740421982556, 0.20297666278269313, -0.2030505200099343]","[449.65436108925667, 27.12671447162367, 19.645657376571844]",4.789999999999934,100.0,0.0,"[55.38629967482834, 120.47375023730187, 120.47375023730189]",35
832,2521713783,settled,Rf1a_0013,unmatched,,"[-0.5065582247263176, -0.04434755212228694, -0.8534016420621019, -0.11461979283086583]","[0.0001829579254697494, 7.17113155003779e-05, -0.9999999795359082, 4.808396731262332e-05]","[450.28132219113945, 40.00757389243241, 6.221563882973992]",4.969999999999994,100.0,0.0,"[55.38629967482834, 118.87173908790129, 118.8717390879013]",26
833,1390613592,settled,Rf1a_0016,unmatched,,"[-0.31808432194865294, -0.360744281429727, 0.8330604728818863, -0.27330601176707336]","[-0.5000505011194717, -0.5000730040724446, 0.4999329611681999, -0.4999435180755137]","[450.2821213664693, 18.78061429671579, 30.002679438944803]",4.889999999999968,100.0,0.0,"[55.38629967482834, 114.95866972139339, 114.9586697213934]",13
834,2201560545,settled,Rf1a_0004,unmatched,,"[-0.49268336303607696, -0.8575563518653537, -0.1364275913741798, 0.05698876621481443]","[-0.707161042018388, -0.7070525004257688, -6.228581388856291e-05, 0.00013569676921512674]","[449.65083158757835, 29.990014973848325, 18.773011352817655]",4.4699999999998274,100.0,0.0,"[55.38629967482834, 118.49327098940782, 118.49327098940783]",37
835,1733610838,settled,Rf1a_0014,unmatched,,"[0.933328729096697, 0.24078483671468087, 0.094274575342167, 0.2490631451963197]","[0.936430582098481, -0.017926281720034187, 0.048042261416325574, 0.3470855146104481]","[450.2440494375815, 32.78916506975919, 31.863235452911635]",4.549999999999854,100.0,0.0,"[55.38629967482834, 119.58530843144301, 119.58530843144302]",26
836,4057973372,settled,Rf1a_0001,unmatched,,"[-0.9362565697560981, -0.3191572023110337, -0.1386331679133244, 0.048406203691826986]","[-0.9999999911095041, 4.713553143904227e-05, 0.00012211553337277515, 2.543678103500424e-05]","[449.89293932378206, 40.001714645499966, 18.770478148840663]",4.4699999999998274,100.0,0.0,"[55.38629967482834, 123.01597168856843, 123.01597168856844]",26
837,1049088550,settled,Rf1a_0002,unmatched,,"[-0.2985014385404711, 0.8416771729573497, 0.24460506638696494, -0.3776834510666589]","[1.7276418317557777e-05, 0.9580143317032553, 9.44309241087682e-05, -0.28672030105224716]","[449.887076049638, 39.99784206398098, 19.649912443435273]",4.949999999999988,100.0,0.0,"[55.38629967482834, 122.57341977132441, 122.57341977132442]",23
838,4151715388,settled,Rf1a_0013,unmatched,,"[-0.05848826288872228, 0.33353550026198525, -0.9360448600269542, 0.09567242646847915]","[-8.42324862520303e-05, -4.365009906970308e-06, -0.9999999869362305, -0.0001378889908399581]","[450.16453251553054, 40.011837364080314, 6.224074742931733]",4.719999999999911,100.0,0.0,"[55.38629967482834, 111.93592948240281, 111.93592948240283]",30
839,1058135528,settled,Rf1a_0012,unmatched,,"[-0.3686608373472068, 0.16863467661175469, 0.398686593963824, 0.8226180964724944]","[-1.5438605997730726e-05, -2.4609012695298027e-05, 0.7071144532166634, 0.707099108476418]","[450.15504942493124, 29.998316852473906, 6.220982579138352]",4.4699999999998274,100.0,0.0,"[55.38629967482834, 112.91597938446405, 112.91597938446407]",27
840,3093900153,settled,Rf1a_0013,unmatched,,"[0.3030056044096427, 0.42204349005597586, 0.2242803135340926, 0.8244787669544726]","[-8.710664867683793e-06, 0.00010303736168702906, -3.831244628033068e-05, 0.9999999939197914]","[449.9162802765596, 40.00553667687909, 6.2207933057797025]",4.919999999999978,100.0,0.0,"[55.38629967482834, 121.28009624387025, 121.28009624387026]",20
841,728316358,settled,Rf1a_0004,unmatched,,"[0.3840331144981177, 0.9003152367821304, -0.19825093141067207, 0.05145492767085645]","[0.7069725801859889, 0.7072409510067604, 8.136766381067195e-05, 3.8256005118253444e-05]","[450.1257375877108, 29.999165624108972, 18.7717262587754]",4.709999999999908,100.0,0.0,"[55.38629967482834, 119.39674979782686, 119.39674979782687]",30
842,4246793081,settled,Rf1a_0017,unmatched,,"[-0.5487920213062103, 0.4448274047159202, -0.09678850678790442, -0.7011332842749022]","[-0.6226050490697608, 0.6225405353439966, -0.33530356693896357, -0.3352279116130682]","[449.723581373441, 19.659284336270296, 27.125176745392572]",5.010000000000008,100.0,0.0,"[55.38629967482834, 121.96036075922626, 121.96036075922626]",41
843,1208846367,settled,Rf1a_0016,unmatched,,"[-0.4269867495516249, -0.6814935301266007, -0.04209566062964502, -0.5928548215702353]","[-0.5001730742812213, -0.4999603277894406, 0.5000361784836911, -0.4998303578297074]","[450.49344810016703, 18.780128778980163, 29.996741799870758]",4.479999999999831,100.0,0.0,"[55.38629967482834, 119.5274476993277, 119.5274476993277]",26
844,2094361518,settled,Rf1a_0017,unmatched,,"[0.454999045629448, 0.15518384815777372, -0.8447071013896332, 0.23529503736619822]","[0.6224717924641255, 0.6224952805470589, -0.335406632936168, 0.3354562324142446]","[450.1078411664077, 19.649510795574635, 27.12806155702148]",4.969999999999994,100.0,0.0,"[55.38629967482834, 115.84072261268257, 115.84072261268258]",34
845,1813902428,settled,Rf1a_0012,unmatched,,"[-0.37122801695149316, 0.3149778818305276, -0.536490794779554, 0.6893158350891256]","[-0.00014235920111574377, 3.518226709689488e-05, -0.7071140150902684, 0.7070995320030878]","[449.83287579742444, 29.998630565730462, 6.226556589884887]",4.929999999999981,100.0,0.0,"[55.38629967482834, 111.05358598917677, 111.05358598917678]",31
846,256306198,settled,Rf1a_0007,unmatched,,"[0.6027470823016317, -0.5832330633428373, 0.031765834920367934, -0.5436231050391547]","[0.49997344518472847, -0.5000468392661347, -0.49999057728518853, -0.49998913515804105]","[450.2767437642166, 6.230812208922569, 29.993320711651666]",4.829999999999948,100.0,0.0,"[55.38629967482834, 119.81616645868588, 119.8161664586859]",29
847,1252793217,settled,Rf1a_0015,unmatched,,"[-0.3428014306370549, -0.38046800862750096, -0.40789653833367195, -0.7558780904217424]","[-0.3354501451200664, 0.335644106287527, -0.6223796215697669, -0.6224627223441155]","[450.38428255566316, 19.651016051676358, 28.471044705010847]",5.370000000000128,100.0,0.0,"[55.38629967482834, 117.68173216380326, 117.68173216380325]",29
848,3006607485,settled,Rf1a_0005,unmatched,,"[-0.44749560199152477, -0.48362124840305704, -0.7378950366888786, -0.14618169899556457]","[3.2429442478790982e-06, -0.7070995098808941, -0.7071140523295798, -1.066410437564671e-05]","[449.8863042272557, 6.227474446544614, 40.00408106608329]",5.0900000000000345,100.0,0.0,"[55.38629967482834, 122.88359795445788, 122.8835979544579]",33
849,2867213443,settled,Rf1a_0001,unmatched,,"[0.5874113053436852, 0.05635745471717812, -0.8002026813813683, 0.10699282388224654]","[0.9999999984495512, -5.714437984864898e-06, 5.022237319738493e-05, 2.3365702112143616e-05]","[449.69027032878944, 40.008692938082014, 18.770627691130013]",5.160000000000058,100.0,0.0,"[55.38629967482834, 115.50594261538242, 115.50594261538244]",24
850,2495832973,settled,Rf1a_0005,unmatched,,"[0.3262025162052073, -0.6578051041473078, 0.17771235512448658, -0.6552119368687124]","[0.7070783376491034, -1.9289210549584262e-05, 1.0546127494451976e-06, -0.7071352233160181]","[450.18611995735233, 6.223749783629457, 40.00016383518586]",5.260000000000091,100.0,0.0,"[55.38629967482834, 122.73851211896078, 122.7385121189608]",28
851,265160720,settled,Rf1a_0004,unmatched,,"[0.8435873026476047, -0.3709199350210046, -0.02365782574005351, -0.3875811810408313]","[0.7072286698227922, -0.7069848628619132, -5.7601626641784476e-05, 9.458783641436153e-05]","[450.23464548184427, 29.997261059630354, 18.767635095440095]",4.229999999999747,100.0,0.0,"[55.38629967482834, 112.09208305002012, 112.09208305002014]",24
852,1758450250,settled,Rf1a_0002,unmatched,,"[0.9413323467127771, 0.30018672090032433, -0.15370639037251485, 0.01247762741785174]","[0.9581557984166641, 3.666755247108689e-05, -0.28624713517320416, -0.00020547785520025344]","[450.00915865142264, 40.00127734117139, 19.648696639705012]",4.849999999999954,100.0,0.0,"[55.38629967482834, 122.76548748542588, 122.7654874854259]",19
853,2129291007,settled,Rf1a_0005,unmatched,,"[-0.03753887711357162, 0.6384621255893187, 0.6921458417195642, 0.33450124167682416]","[-2.6352983369328774e-05, 0.7071220526550693, 0.7070915082825331, -2.948107979012448e-05]","[449.6527354270627, 6.2334396002617884, 39.9966934262717]",4.749999999999921,100.0,0.0,"[55.38629967482834, 122.56460289405415, 122.56460289405416]",42
854,3856770388,settled,Rf1a_0005,unmatched,,"[-0.25213650424446543, -0.701757853708884, -0.6657290505739787, -0.0277115356331983]","[4.2615144092847616e-05, -0.7070729676173914, -0.7071405918542802, 8.143980435600583e-07]","[449.9266886631126, 6.222156566089033, 40.00351367824569]",4.929999999999981,100.0,0.0,"[55.38629967482834, 119.97138241979643, 119.97138241979644]",38
855,1491966553,settled,Rf1a_0007,unmatched,,"[-0.6096693218837025, -0.4457254391332099, -0.5365245649855478, 0.37652827520711146]","[-0.4999474523907147, -0.4999922309711455, -0.5000295574885468, 0.5000307545084991]","[449.6200411423546, 6.216537706210317, 30.000110951588553]",4.889999999999968,100.0,0.0,"[55.38629967482834, 103.704273141887, 103.70427314188701]",27
856,1018470395,settled,Rf1a_0015,unmatched,,"[0.4554128693224524, 0.3307092876332764, 0.45886088160517285, 0.6875152193668916]","[0.3353777390294862, -0.33541396936017087, 0.6225145470335907, 0.6224908674455296]","[449.9661235955381, 19.650582011571583, 28.48389800363199]",5.6200000000002115,100.0,0.0,"[55.38629967482834, 113.28475620841589, 113.2847562084159]",34
857,752446852,settled,Rf1a_0017,unmatched,,"[-0.7753197505773834, -0.339162850235583, 0.5320819122821735, -0.02714192341829914]","[-0.6225527397818466, -0.6225332980446894, 0.3353425861047089, -0.33529946161651425]","[450.35859405245725, 19.655497384936552, 27.123785284823448]",4.809999999999941,100.0,0.0,"[55.38629967482834, 119.88075041991624, 119.88075041991625]",29
858,3085755170,settled,Rf1a_0012,unmatched,,"[0.2870725734139959, 0.25024436237980596, -0.6767794375637842, -0.6300291180425219]","[1.050916931566448e-05, 4.954209858465397e-06, -0.7071384242061475, -0.7070751366554051]","[449.76692164619243, 29.999764601306065, 6.224688822754679]",4.509999999999841,100.0,0.0,"[55.38629967482834, 107.34700757834467, 107.34700757834466]",35
859,285489008,settled,Rf1a_0013,unmatched,,"[0.3494928370664176, -0.07694225131568626, 0.0618235084376707, -0.931725550044753]","[4.457473134805712e-05, -7.472723802984034e-05, -6.50093356251205e-05, -0.9999999941013598]","[449.8732042238226, 40.00740554844043, 6.221852105764119]",4.669999999999894,100.0,0.0,"[55.38629967482834, 111.69924614882997, 111.69924614882999]",24
860,3332121111,settled,Rf1a_0017,unmatched,,"[0.3402458092039916, 0.33697252244392834, -0.8027813352863759, 0.3552807849472308]","[0.6225900376762956, 0.6225064922831224, -0.3353288850954603, 0.3352936785449844]","[450.3089552250188, 19.65468836001945, 27.11764595687676]",4.879999999999964,100.0,0.0,"[55.38629967482834, 111.6242820019928, 111.6242820019928]",43
861,4081109628,settled,Rf1a_0012,unmatched,,"[-0.12945047511210567, 0.16348273552005468, 0.7041245185904645, 0.6787669938939845]","[-9.553583480470526e-05, 1.6150048078311659e-06, 0.7071268896833346, 0.7070866656620454]","[449.787915437037, 29.99359685335764, 6.229885761489636]",4.859999999999958,100.0,0.0,"[55.38629967482834, 103.6490119215444, 103.64901192154441]",28
862,3384837160,settled,Rf1a_0013,unmatched,,"[0.2687275791925676, -0.16483984670014942, -0.14897767382090257, -0.9372400790747728]","[-7.141527293047512e-05, 9.279385091414973e-05, -9.017823948435261e-05, -0.9999999890785225]","[449.7861100946978, 39.994091408293166, 6.223632422728331]",4.929999999999981,100.0,0.0,"[55.38629967482834, 114.32051323036653, 114.32051323036652]",20
863,3022828123,settled,Rf1a_0018,unmatched,,"[0.3539696974690416, 0.8967636949489357, -0.13840987716161407, -0.22663414261605436]","[0.6773544116884525, 0.6773648995860599, -0.2029425970457447, 0.20293372336624105]","[450.2012098164672, 27.136909616608225, 19.645140976624074]",4.809999999999941,100.0,0.0,"[55.38629967482834, 122.41350405090009, 122.41350405090009]",31
864,2197473996,settled,Rf1a_0007,unmatched,,"[-0.29618725117093264, 0.23096601621633117, 0.8837445268345094, 0.27914767218627]","[-0.4999932794194559, 0.500039263597601, 0.4999797117327654, 0.4999877431015362]","[450.4031057878102, 6.228148903866616, 29.999361764934896]",4.959999999999991,100.0,0.0,"[55.38629967482834, 116.4782554318562, 116.47825543185621]",44
865,2371567213,unsettled,,not_evaluated,,"[-0.8719734789042677, -0.21012196795995688, 0.2727863314750347, -0.3479922815647152]","[-0.9579398100352535, 9.368571746738716e-05, -0.28696918221253015, -5.734139832125338e-06]","[450.1956828868989, 40.01540959366004, 19.64368258075229]",4.959999999999991,100.0,0.0,"[55.38629967482834, 113.35690015159567, 113.35690015159567]",30
866,292549026,settled,Rf1a_0007,unmatched,,"[-0.41240616483951276, -0.35153133331546, -0.1763722075237171, 0.8217297130523091]","[-0.49998240079259054, -0.4999898147785352, -0.49997123880094785, 0.5000565411903428]","[450.3789913799433, 6.219944924345161, 29.99943866675206]",5.010000000000008,100.0,0.0,"[55.38629967482834, 119.12757059785221, 119.12757059785223]",35
867,94154559,settled,Rf1a_0012,unmatched,,"[-0.23853106088105577, -0.31041063527998763, -0.7544951487540574, -0.5267686788397972]","[7.60689914592605e-05, -7.250753387455512e-05, -0.7070843387913079, -0.7071292150606034]","[450.0570765925052, 29.998860562704515, 6.223182657394048]",4.969999999999994,100.0,0.0,"[55.38629967482834, 112.44467559993802, 112.44467559993804]",27
868,2674077932,settled,Rf1a_0013,unmatched,,"[0.24002683723339482, 0.1464301042618074, 0.022173247800655688, 0.9594027772815652]","[5.610174237064003e-05, -7.485117223780706e-05, -0.00018857786398459954, 0.9999999778441426]","[450.29472590967276, 39.99588607209655, 6.220903086450149]",4.859999999999958,100.0,0.0,"[55.38629967482834, 113.1606059819946, 113.16060598199462]",25
869,616383569,settled,Rf1a_0004,unmatched,,"[-0.8750405999561124, -0.41172617187828964, 0.07875326495354029, -0.2420401435259313]","[-0.7071577667342679, -0.7070557908964465, -3.547293396077844e-05, -1.577574847116958e-05]","[450.30931289322115, 29.99317675357943, 18.77208507775308]",4.309999999999774,100.0,0.0,"[55.38629967482834, 116.77820665204959, 116.77820665204959]",30
870,1209062005,settled,Rf1a_0017,unmatched,,"[0.701149044596514, -0.4604335593045607, 0.20497041658198253, 0.5043590814625407]","[0.622602201580447, -0.6224798406628153, 0.3354052290503222, 0.3352442078265897]","[450.4850058995293, 19.645333535868613, 27.119629686087094]",4.759999999999924,100.0,0.0,"[55.38629967482834, 117.54376204221678, 117.5437620422168]",19
871,3023774950,settled,Rf1a_0004,unmatched,,"[0.35215076468575207, 0.07578336168804366, -0.4051888740909775, -0.8402789401950909]","[0.7071787975139755, 0.7070347573581568, 4.654265277570513e-06, 1.4577989027264593e-05]","[450.024474295749, 29.995674603995045, 18.774087571364028]",5.330000000000115,100.0,0.0,"[55.38629967482834, 114.98808979770303, 114.98808979770304]",29
872,711993328,settled,Rf1a_0009,unmatched,,"[0.14145945968594764, -0.730383443588849, 0.6302754560840633, 0.22199571179344949]","[0.20194238867855505, -0.6777021710063112, 0.6776082003923997, -0.20195585118808898]","[449.6753546601561, 19.66388443094148, 39.995801778012925]",5.010000000000008,100.0,0.0,"[55.38629967482834, 122.50731120280781, 122.50731120280783]",20
873,2494180298,settled,Rf1a_0016,unmatched,,"[0.5054583382569515, -0.6799397746818389, 0.34407924974820103, -0.4047261308401603]","[0.4999990428133027, -0.4999374635275019, 0.5000920452670194, 0.49997143519217]","[450.3778203231982, 18.76998906326662, 29.993765748833052]",4.549999999999854,100.0,0.0,"[55.38629967482834, 115.51244504438472, 115.5124450443847]",28
874,2540672877,settled,Rf1a_0016,unmatched,,"[0.776589373390443, -0.15424382296249706, 0.6104496590694767, -0.02165645300857539]","[0.49988921807807973, -0.4999294640743203, 0.5000215923065587, 0.5001596823284166]","[450.3103195457148, 18.78221910371499, 30.002908969126683]",4.639999999999884,100.0,0.0,"[55.38629967482834, 119.33368420252312, 119.33368420252312]",12
875,3729267110,settled,Rf1a_0018,unmatched,,"[-0.3886037083533229, -0.7035834699448852, 0.5934766828956262, 0.041747880587701035]","[-0.6772252614784422, -0.677436849862193, 0.20301677203550533, -0.2030503630544108]","[450.4744907267561, 27.122274305770134, 19.641766627628332]",4.990000000000001,100.0,0.0,"[55.38629967482834, 120.59057765576618, 120.59057765576617]",27
876,2245489004,settled,Rf1a_0008,unmatched,,"[-0.7698115704787045, -0.1622092770394392, 0.35841225589542, -0.5026121280106651]","[-0.6773643817076674, 0.202905412146083, 0.20294123684108364, -0.6773638184203735]","[449.7752794607063, 19.649971317982175, 39.99693207867219]",5.0300000000000145,100.0,0.0,"[55.38629967482834, 121.35659347847934, 121.35659347847935]",19
877,732591320,settled,Rf1a_0007,unmatched,,"[0.5805538513683136, -0.32809511427750826, -0.26803236022996346, -0.6953196930320625]","[0.4999949145038934, -0.5000769093281869, -0.4999378842206945, -0.49999028205350954]","[449.6828724612231, 6.227645100935743, 29.99753772726186]",4.799999999999938,100.0,0.0,"[55.38629967482834, 121.68227786045527, 121.68227786045526]",33
878,20080919,settled,Rf1a_0013,unmatched,,"[0.34744503420333317, 0.4507829125682593, 0.8124848224943764, -0.12627401617198783]","[1.776891198392975e-05, 2.7084415027578412e-05, 0.999999990362742, -0.00013500080122644907]","[449.7208430745264, 40.003255457671834, 6.22458047056022]",4.949999999999988,100.0,0.0,"[55.38629967482834, 121.04707987884734, 121.04707987884736]",22
879,1914700835,settled,Rf1a_0014,unmatched,,"[0.8827138027193332, -0.15349909388919725, -0.3389577734260767, 0.2869878020021166]","[0.9365222388299673, -0.017948525007997037, 0.04830118816870239, 0.34680101189073065]","[450.46169282746, 32.80385636788515, 31.85080213731215]",4.679999999999898,100.0,0.0,"[55.38629967482834, 119.72199052949372, 119.72199052949374]",29
880,910532442,settled,Rf1a_0006,unmatched,,"[-0.7578845855451424, 0.5991817817734482, 0.25731973936574776, 0.019460193128720063]","[-0.6773777027014055, 0.6773259338087956, 0.20300998229382583, 0.20291863976005217]","[450.1797763945502, 28.48342053969398, 19.643180112802586]",4.869999999999961,100.0,0.0,"[55.38629967482834, 113.00901839995873, 113.00901839995873]",27
881,305688743,settled,Rf1a_0018,unmatched,,"[0.5088588775201294, -0.8379428703504597, 0.13612036932205998, 0.142778268141243]","[0.6773120204742442, -0.6773050711801729, 0.20310254891521914, 0.2031148002949537]","[449.69841437938504, 27.121432235568502, 19.64824378666019]",4.579999999999864,100.0,0.0,"[55.38629967482834, 116.33980952414686, 116.33980952414687]",27
882,3833901011,settled,Rf1a_0007,unmatched,,"[0.6658115689949964, -0.5720634512106734, -0.07775283095098386, -0.4726445383800201]","[0.4999852695394646, -0.5000278627105794, -0.5000044104254844, -0.4999824560039108]","[449.9714040568013, 6.219807003510188, 29.997036522916428]",4.849999999999954,100.0,0.0,"[55.38629967482834, 115.69827291235536, 115.69827291235538]",28
883,940842501,settled,Rf1a_0013,unmatched,,"[-0.15476270569017284, 0.261752323020326, -0.1287733230575111, 0.9439023559614871]","[-6.565854530343751e-05, -5.426326553612448e-05, 2.3627191069473614e-06, 0.9999999963694355]","[450.3457595785402, 40.008075618788304, 6.22337021215277]",4.879999999999964,100.0,0.0,"[55.38629967482834, 120.5910634550866, 120.59106345508661]",20
884,2720272236,settled,Rf1a_0018,unmatched,,"[-0.9339430194929941, 0.33644656385373783, -0.05642516677177487, -0.10663182717228038]","[-0.6773558345746504, 0.6773157414430082, -0.20308948943783836, -0.20294609885648202]","[449.75170986073755, 27.134647674643194, 19.64734097088265]",4.659999999999891,100.0,0.0,"[55.38629967482834, 122.13233454318423, 122.13233454318424]",20
885,2174765832,settled,Rf1a_0018,unmatched,,"[0.7584658715267024, -0.4700288327205854, 0.10017222663587377, -0.44019080311993675]","[0.6773127647086435, -0.6773130475336092, 0.2030649297090524, 0.20312333377956854]","[449.9005546967236, 27.117765551456007, 19.645247762101366]",4.379999999999797,100.0,0.0,"[55.38629967482834, 113.27740286524454, 113.27740286524454]",33
886,1061608303,settled,Rf1a_0005,unmatched,,"[-0.4689307766989574, 0.36625135030648165, 0.7222223966399722, -0.35264526773346316]","[-7.327849424461423e-05, 0.7070179422474658, 0.7071956026469388, -5.972649739043447e-05]","[449.97861173293353, 6.222000227663352, 40.00178308213687]",4.649999999999888,100.0,0.0,"[55.38629967482834, 121.49002013742745, 121.49002013742746]",28
887,3154141855,settled,Rf1a_0004,unmatched,,"[0.27090988559165213, 0.4422585803127909, -0.7396988208773515, -0.4287899677243961]","[0.707169348307302, 0.7070441710456911, -0.00019882654747035988, 0.00011607300017274502]","[450.10881008809565, 30.00188887932853, 18.777574096329623]",5.190000000000068,100.0,0.0,"[55.38629967482834, 111.6973453171051, 111.69734531710512]",36
888,2921790412,settled,Rf1a_0012,unmatched,,"[0.3416504075113855, 0.18124356735981575, -0.5118659550465788, -0.7670847491654661]","[-0.00011620803311609974, 5.011028404722229e-05, -0.7071599019619262, -0.7070536450948057]","[450.46047726407824, 30.000564998552264, 6.221743319979895]",4.549999999999854,100.0,0.0,"[55.38629967482834, 111.79471975868313, 111.79471975868314]",25
889,2154312058,settled,Rf1a_0007,unmatched,,"[0.7256893593025631, -0.20402254438647918, -0.37672815407176513, -0.5383545793496913]","[0.5000143947851272, -0.5000524191135645, -0.49991125937850245, -0.5000219154126494]","[450.3914641505106, 6.2190979479958415, 29.99199581594187]",4.5599999999998575,100.0,0.0,"[55.38629967482834, 121.32447158089904, 121.32447158089906]",39
890,3592569166,settled,Rf1a_0005,unmatched,,"[0.10273452874389172, -0.7756451790115862, -0.5748782509724327, -0.2394476340219959]","[8.270109658993299e-05, -0.7071422296675898, -0.7070713255679535, 2.7218662172187954e-05]","[449.756425840517, 6.22440357394019, 40.00203842404968]",4.629999999999881,100.0,0.0,"[55.38629967482834, 121.94845633454791, 121.9484563345479]",34
891,1454938154,settled,Rf1a_0013,unmatched,,"[-0.16718081934912513, 0.4446266140871033, -0.15011444180695008, 0.8670775063673264]","[2.684340501940552e-05, -1.6603107128417303e-05, 3.687308380981018e-06, 0.9999999994950861]","[450.20184077715123, 39.99069548382331, 6.223675387468271]",4.799999999999938,100.0,0.0,"[55.38629967482834, 121.91573154806527, 121.91573154806528]",23
892,1296548187,settled,Rf1a_0007,unmatched,,"[0.31314276895349097, -0.5781882807260639, -0.5626663257674945, -0.5010454312040842]","[0.4999866628314327, -0.49996208958089505, -0.5000534701721832, -0.49999777293639003]","[449.617384154625, 6.226535650691046, 29.983310677848934]",5.0600000000000245,100.0,0.0,"[55.38629967482834, 114.98098046777008, 114.98098046777008]",32
893,4254865545,settled,Rf1a_0004,unmatched,,"[-0.5867148895206743, -0.6821284832765666, 0.3941724191729146, 0.18733519338588187]","[-0.7070464099131314, -0.7071671404222011, -8.059159880779988e-05, -5.693007620302671e-05]","[450.2051042194979, 30.00251797924415, 18.772405514609673]",4.909999999999974,100.0,0.0,"[55.38629967482834, 111.55813260943306, 111.55813260943307]",25
894,1038362872,settled,Rf1a_0007,unmatched,,"[0.4220587536149921, 0.2365411686124719, 0.34472372914068605, -0.8044129751662044]","[0.5000410126659328, 0.4999797914106025, 0.5000446863600483, -0.4999345011860252]","[450.2368494784272, 6.218152654472757, 29.990087154980717]",5.040000000000018,100.0,0.0,"[55.38629967482834, 116.8062179834229, 116.8062179834229]",35
895,2137408216,settled,Rf1a_0014,unmatched,,"[-0.15315413144856377, 0.9076297849365145, -0.3780756789344609, -0.09904931354925715]","[0.018018340712629696, 0.9364648111615634, -0.3469573030704892, 0.04826620660621475]","[450.4173748536582, 32.789473494162124, 31.85741781770234]",4.569999999999861,100.0,0.0,"[55.38629967482834, 110.43767967509824, 110.43767967509825]",19
896,2161823873,settled,Rf1a_0007,unmatched,,"[-0.5223970600271564, 0.3040328086274699, 0.5806908141981769, 0.5454021830346245]","[-0.5000794589651745, 0.5000153832652461, 0.4999289278789399, 0.49997621772342454]","[449.6446835527405, 6.2284086306783735, 29.999221919370616]",4.669999999999894,100.0,0.0,"[55.38629967482834, 111.20755472099775, 111.20755472099776]",31
897,611351195,settled,Rf1a_0003,unmatched,,"[-0.04573037853383769, 0.8616864055672583, 0.18915695116025852, -0.46864156747719876]","[-8.006262258571095e-05, 0.9579048885929039, 3.404112628613287e-05, 0.28708573082094235]","[449.68582092511724, 40.01067129129793, 19.65109319269859]",4.929999999999981,100.0,0.0,"[55.38629967482834, 119.12717851385366, 119.12717851385366]",27
898,2763017489,settled,Rf1a_0018,unmatched,,"[-0.42473500215462706, 0.8115024029006092, -0.06368051566992698, -0.39624338474636855]","[-0.6773039293142427, 0.6773101766220478, -0.20309331173426365, -0.20313399200652515]","[450.4464019017734, 27.12398370859524, 19.656386828506037]",4.809999999999941,100.0,0.0,"[55.38629967482834, 118.78050955070233, 118.78050955070235]",29
899,2132063619,settled,Rf1a_0018,unmatched,,"[0.5955343919741106, 0.7230138530547521, -0.2696667085859822, 0.2233150746083904]","[0.6773995185565129, 0.6773270004025032, -0.20295941666222847, 0.20289283371593023]","[449.6737431491013, 27.13111309105504, 19.641636754666436]",4.609999999999874,100.0,0.0,"[55.38629967482834, 103.21633656141009, 103.21633656141009]",35
900,1360639973,settled,Rf1a_0012,unmatched,,"[-0.1489656769715508, -0.1288165080424097, 0.7582996753381918, 0.621447613819669]","[-8.86164674063217e-06, 8.116471428648577e-06, 0.7070815463099509, 0.7071320150604999]","[449.94931787204746, 30.00631041842042, 6.221737231438283]",4.679999999999898,100.0,0.0,"[55.38629967482834, 109.95191305927293, 109.95191305927294]",22
901,1669509337,settled,Rf1a_0013,unmatched,,"[-0.015275918508966315, 0.1874018656583203, -0.11433169238248563, 0.9754872890911727]","[4.976781716187206e-05, 5.4184340336956013e-05, -7.94422384027463e-06, 0.9999999972620555]","[449.9697637611655, 40.00063469539314, 6.2211078611254]",4.739999999999918,100.0,0.0,"[55.38629967482834, 118.55901194209966, 118.55901194209967]",18
902,582273668,settled,Rf1a_0011,unmatched,,"[-0.006376614660577938, 0.509344379935385, -0.8209002523185972, -0.258167420789247]","[0.0006060561433540681, 0.7072785618059562, -0.7069344653933985, -0.0005747561215573592]","[450.4758074436526, 18.7791840722094, 39.988414903170366]",4.809999999999941,100.0,0.0,"[55.38629967482834, 117.22816796974453, 117.22816796974455]",24
903,680248275,settled,Rf1a_0001,unmatched,,"[0.06401976516295559, -0.8705445669058692, -0.015573167883228054, -0.4876587978712505]","[-2.0302138693524245e-05, -0.9999999932649615, -7.853546487301966e-05, -8.300651195211145e-05]","[450.13996855999994, 40.00379372099242, 18.77303149401491]",4.379999999999797,100.0,0.0,"[55.38629967482834, 115.8093321312935, 115.80933213129352]",27
904,2896868767,settled,Rf1a_0013,unmatched,,"[-0.08519660861891312, 0.3927029312463917, 0.12431391456233111, 0.9072331543305265]","[-2.974728495497292e-05, 7.23767887386449e-05, -0.00011476404208340832, 0.9999999903529571]","[449.78547398961723, 40.00024360113201, 6.222672332753799]",4.769999999999928,100.0,0.0,"[55.38629967482834, 117.22383843340684, 117.22383843340684]",18
905,3134066944,settled,Rf1a_0008,unmatched,,"[0.37534820722239215, 0.6025807220421286, -0.4933938528436443, -0.5025661177737984]","[0.20283834377539056, 0.6772903544791561, -0.6774832283674244, -0.20285674084143168]","[450.0796745738282, 19.646949340699102, 39.99821362974457]",4.799999999999938,100.0,0.0,"[55.38629967482834, 118.67506542558357, 118.67506542558357]",33
906,405083464,settled,Rf1a_0007,unmatched,,"[0.25971912770264904, -0.31468704929943936, -0.8472140700697216, -0.34021516013323705]","[0.5000005262530669, -0.5000597854766816, -0.49994713759663034, -0.49999254424901907]","[449.99284575552537, 6.224300500156895, 29.99911281069463]",5.0300000000000145,100.0,0.0,"[55.38629967482834, 112.34000047596177, 112.34000047596179]",33
907,897742626,settled,Rf1a_0004,unmatched,,"[0.626555782251434, 0.7589459830048849, -0.1386752386173409, -0.11044466851082534]","[0.7070602850943997, 0.7071532741877442, -4.938545316690579e-06, 4.836330380897369e-06]","[449.70943052713756, 29.992677191692884, 18.773842200539974]",4.639999999999884,100.0,0.0,"[55.38629967482834, 109.48870809031347, 109.48870809031348]",30
908,480836371,settled,Rf1a_0004,unmatched,,"[-0.39743928281978835, -0.8706917564322766, -0.2664878160766326, -0.113675527864515]","[-0.7071689282436782, -0.707044626458288, -5.2697552600067255e-05, 1.860418563187638e-05]","[450.3220049691407, 30.00132411052614, 18.771076383619086]",4.4999999999998375,100.0,0.0,"[55.38629967482834, 119.30032916841138, 119.3003291684114]",27
909,4082109974,settled,Rf1a_0007,unmatched,,"[-0.35956502737734314, -0.6791764426160904, -0.41884548866301663, 0.48373629955702296]","[-0.5000490917942899, -0.4999989337437119, -0.4999640820760752, 0.49998788853799725]","[450.40824660710035, 6.22617451417738, 30.001071853554926]",4.779999999999931,100.0,0.0,"[55.38629967482834, 110.98554427974062, 110.98554427974064]",27
910,163555050,settled,Rf1a_0012,unmatched,,"[-0.08549674306774306, -0.25654355067407436, -0.9235012688874048, -0.2720682265456595]","[-6.518365397256698e-05, 4.058599787754025e-05, -0.7071910464250745, -0.707022501735324]","[450.4354361221197, 29.998513207337787, 6.228638792093904]",5.0600000000000245,100.0,0.0,"[55.38629967482834, 120.57617484525792, 120.57617484525792]",27
911,3400140363,settled,Rf1a_0004,unmatched,,"[0.298407216867827, 0.6810207916951393, -0.18813418040157473, -0.6416925621859357]","[0.7071552875127799, 0.7070582674649236, 3.789838864948214e-05, -6.569574140474765e-05]","[450.23518761675587, 30.00047038107236, 18.76894992890713]",5.0600000000000245,100.0,0.0,"[55.38629967482834, 122.98127322813596, 122.98127322813598]",28
912,3646276102,settled,Rf1a_0012,unmatched,,"[0.1578073356304914, -0.029444688123654007, -0.8111580053567837, 0.5623633571883132]","[-4.372181325290604e-06, -1.835381178810769e-05, -0.7071501174901453, 0.7070634419751141]","[450.2722547740368, 30.00018748232051, 6.225185141348125]",4.739999999999918,100.0,0.0,"[55.38629967482834, 115.47924409746311, 115.4792440974631]",20
913,3701323139,settled,Rf1a_0004,unmatched,,"[0.43512701954760485, -0.8749978402768437, 0.017281183183099957, 0.21152923457118053]","[0.7072212715502195, -0.7069922616304772, -6.433262340480028e-05, -0.00010451233047509279]","[449.7287079807967, 29.996961742293358, 18.77588540276391]",4.749999999999921,100.0,0.0,"[55.38629967482834, 120.97331828394763, 120.97331828394765]",28
914,1849545706,settled,Rf1a_0013,unmatched,,"[-0.1443496569257474, -0.07006434235886033, -0.13212818355624098, -0.9781596534233906]","[-0.00014945112368519586, -0.00016800724861006132, 5.935189446768778e-05, -0.999999972957639]","[450.0020787735097, 40.0085636933342, 6.2257784268998435]",4.689999999999901,100.0,0.0,"[55.38629967482834, 119.00401509564777, 119.00401509564777]",22
915,3498837148,settled,Rf1a_0007,unmatched,,"[-0.5578877223062083, -0.13152919957495132, 0.7954835629912004, 0.19663992465923258]","[-0.4999655042176354, 0.5000206988507115, 0.5000376422270602, 0.49997615110048443]","[450.26706450605656, 6.226981531644351, 29.995276569305936]",4.769999999999928,100.0,0.0,"[55.38629967482834, 122.08463474840016, 122.08463474840018]",28
916,1014845009,settled,Rf1a_0017,unmatched,,"[-0.745802360550032, -0.5147483048332637, -0.3726324374151737, -0.19989519317709512]","[-0.6225800041204559, -0.6225326157606009, 0.33534488875849505, -0.3352477984524133]","[449.6497396968537, 19.661639357333083, 27.11621551402025]",4.5899999999998675,100.0,0.0,"[55.38629967482834, 116.3522214090419, 116.35222140904192]",32
917,2482104573,settled,Rf1a_0005,unmatched,,"[0.3913632031713356, -0.4132908864732887, 0.05822251723444586, -0.8201436611036385]","[0.7070957907744004, 2.6115821968101293e-06, 6.370227442036582e-05, -0.7071177685536726]","[449.7175516507681, 6.225285503585157, 39.99935470213141]",5.330000000000115,100.0,0.0,"[55.38629967482834, 121.47625900063392, 121.47625900063392]",41
918,3315867884,settled,Rf1a_0007,unmatched,,"[-0.1839291797226305, -0.6204871287494828, -0.28946619847613464, 0.7052482540514071]","[-0.49996521092851726, -0.49999838099387456, -0.5000244787662381, 0.5000119273569977]","[450.19594631462803, 6.232006400115283, 29.991204020615665]",4.739999999999918,100.0,0.0,"[55.38629967482834, 112.55474416455193, 112.55474416455195]",24
919,3442982133,settled,Rf1a_0012,unmatched,,"[0.23981023435833115, -0.548473364990924, -0.29699985204060114, 0.7439483229905124]","[3.445711659544326e-05, -1.1624255690345642e-05, -0.7070992831290179, 0.7071142782294901]","[449.7799415363726, 30.005851536952157, 6.2209102833155825]",4.419999999999811,100.0,0.0,"[55.38629967482834, 122.31920202151264, 122.31920202151265]",20
920,1199431505,settled,Rf1a_0001,unmatched,,"[-0.8158875984840971, -0.2102551437771241, 0.5335186587691745, 0.07401379533745744]","[-0.9999999731370263, 0.00014765550173109765, -0.00017286646556688534, -4.517725871250323e-05]","[449.9231130202665, 40.00330356488331, 18.774458773656317]",4.869999999999961,100.0,0.0,"[55.38629967482834, 121.7885576011748, 121.7885576011748]",34
921,632241106,settled,Rf1a_0011,unmatched,,"[0.3439409857046222, -0.642522102943294, 0.42830294546408776, -0.5342532475227891]","[-0.00015320177180747955, -0.7070176803038156, 0.7071958352769193, 0.00016381089519470815]","[450.1922376180611, 18.781230911324233, 40.00195128546231]",4.609999999999874,100.0,0.0,"[55.38629967482834, 121.41873798278105, 121.41873798278107]",21
922,2435629658,settled,Rf1a_0014,unmatched,,"[0.06889857665360942, -0.9502832120531101, 0.29954207769895674, 0.04989335339424206]","[-0.01787567157170467, -0.9363862077352579, 0.34721429776077106, -0.04799543477808709]","[450.4936935517348, 32.78470727304992, 31.8550836978928]",4.519999999999844,100.0,0.0,"[55.38629967482834, 110.35829849891834, 110.35829849891836]",34
923,532196825,settled,Rf1a_0004,unmatched,,"[-0.6950144125489437, -0.5621898949957045, 0.04051416346358294, 0.446381104968402]","[-0.7070604052075776, -0.7071531503532337, -6.66941396402776e-05, 2.9750375861781198e-05]","[450.4764644501345, 30.00191743992273, 18.772582228436267]",4.599999999999871,100.0,0.0,"[55.38629967482834, 114.97654716009893, 114.97654716009895]",30
924,1237745114,settled,Rf1a_0005,unmatched,,"[0.5054962235886736, -0.15892594248449782, 0.059291712564358896, -0.8459909015847566]","[0.7071252783194557, 6.447582191319501e-05, -5.527649342872326e-05, -0.7070882784695346]","[450.4414315739351, 6.234110532340912, 40.00035174794728]",5.050000000000021,100.0,0.0,"[55.38629967482834, 116.67507026426077, 116.67507026426078]",24
925,3654135522,settled,Rf1a_0005,unmatched,,"[-0.17188747446428582, -0.802046862922551, -0.5512943459664053, 0.15247973604337633]","[-3.1897052809880604e-05, -0.707144621294687, -0.707068934157001, 7.685476229196235e-05]","[449.63350646926335, 6.226499322804693, 40.00264221950447]",4.869999999999961,100.0,0.0,"[55.38629967482834, 120.31446260925851, 120.31446260925853]",36
926,2381318096,settled,Rf1a_0015,unmatched,,"[-0.5170317207267107, -0.3574316863165864, 0.7774632856296821, -0.021717018146083986]","[-0.33551307756266174, -0.3355127403771372, 0.6223773071030053, -0.6225019384967941]","[450.1864804463858, 19.64714347373523, 28.474656657553393]",5.360000000000125,100.0,0.0,"[55.38629967482834, 119.93448530192175, 119.93448530192177]",33
927,4252327569,settled,Rf1a_0017,unmatched,,"[-0.5938434617044568, 0.29873492790902884, -0.7069009853476849, -0.24165757333989488]","[-0.6225395448803259, 0.6225241299975406, -0.3353371982498012, -0.3353463673591466]","[450.01186052910344, 19.650902671577313, 27.1269224576183]",4.569999999999861,100.0,0.0,"[55.38629967482834, 108.36672646857372, 108.36672646857373]",22
928,448373238,settled,Rf1a_0017,unmatched,,"[0.7884541013488514, -0.40302143424833886, 0.28563962431868045, 0.36650219456596705]","[0.6225025398196142, -0.6225250325603606, 0.3354448467980377, 0.33530572096296324]","[450.34675205871207, 19.660297110533186, 27.115375706158638]",4.759999999999924,100.0,0.0,"[55.38629967482834, 111.13764477883365, 111.13764477883365]",30
929,4163985961,settled,Rf1a_0012,unmatched,,"[-0.20818845328680213, -0.43720394741641244, -0.3935430195887992, -0.7814308465977562]","[-1.1657024657829584e-05, -0.00010225667532345883, -0.7070989190690108, -0.7071146357268548]","[449.7772620329157, 30.00277061245243, 6.2217852682088495]",5.130000000000048,100.0,0.0,"[55.38629967482834, 120.8827883647601, 120.88278836476012]",40
930,1782478245,settled,Rf1a_0001,unmatched,,"[0.982926824091041, -0.15458372000973902, -0.09896879710297664, 0.012802702458472474]","[0.9999999958950306, 6.131534072093288e-06, 9.00319914026347e-05, -8.159871365154281e-06]","[450.1898905744498, 40.00479891181495, 18.77014858741697]",4.5599999999998575,100.0,0.0,"[55.38629967482834, 120.01238072690867, 120.01238072690867]",27
931,1354485428,settled,Rf1a_0006,unmatched,,"[0.6252493974171248, -0.5377268504911364, 0.15699341782723672, -0.543383926933184]","[0.6774049350401157, -0.6773689023741921, -0.20284578139443618, -0.20284849777644312]","[449.97668458897726, 28.483938197784234, 19.644653944154786]",4.649999999999888,100.0,0.0,"[55.38629967482834, 119.64503762323824, 119.64503762323825]",32
932,1539041800,settled,Rf1a_0017,unmatched,,"[0.5189080859766876, -0.3427938742346433, 0.5790952658656788, 0.5271389106745705]","[0.6226439041030459, -0.6226229944989526, 0.3350424209083721, 0.3352637045615461]","[450.0626300663969, 19.6666782854243, 27.107821905439526]",4.599999999999871,100.0,0.0,"[55.38629967482834, 108.99480981508245, 108.99480981508246]",20
933,4907026,settled,Rf1a_0007,unmatched,,"[0.8033477739737046, -0.29541706437491144, -0.23093159359111526, -0.4626356138572464]","[0.5000431036785077, -0.4999419716676479, -0.49996041339331987, -0.5000545014977976]","[450.45922078449905, 6.227389296090447, 29.991454950770198]",4.879999999999964,100.0,0.0,"[55.38629967482834, 118.0722570051069, 118.07225700510692]",28
934,3726456469,settled,Rf1a_0005,unmatched,,"[0.5807768950428274, -0.04906896716112144, -0.23937648823391416, -0.776523876984444]","[0.7071124354998735, -2.7854399396978548e-05, 2.9583955075902985e-05, -0.7071011256605094]","[449.8749350154734, 6.231030276172552, 39.9981993856288]",4.829999999999948,100.0,0.0,"[55.38629967482834, 120.47397655796092, 120.47397655796092]",39
935,2047942954,settled,Rf1a_0012,unmatched,,"[-0.28294765020971263, -0.1436882472102388, 0.5005332941519883, -0.8054568494337921]","[9.332278456142262e-05, 3.7167969840767867e-07, 0.7071466688299262, -0.7070668851342556]","[449.6995447654686, 30.00523088848295, 6.222803761967408]",4.349999999999787,100.0,0.0,"[55.38629967482834, 110.27563204851609, 110.2756320485161]",28
936,4254301963,settled,Rf1a_0013,unmatched,,"[0.3038722453484271, -0.025687035362984778, 0.16983128235100062, -0.9371014727638521]","[-3.371130771201436e-07, 9.415704849847482e-05, -3.9640936291037235e-05, -0.9999999947814664]","[449.6406969479412, 39.999291993648846, 6.222988410831003]",4.739999999999918,100.0,0.0,"[55.38629967482834, 116.52570606511038, 116.5257060651104]",20
937,1459226125,settled,Rf1a_0017,unmatched,,"[0.4604083854515282, 0.5448114214671944, -0.6943530242693504, -0.09528122235162023]","[0.6225350360345007, 0.6224540076269801, -0.33545419406889365, 0.3353678890117886]","[449.8544044521266, 19.64205697347188, 27.1200263403139]",5.220000000000078,100.0,0.0,"[55.38629967482834, 122.61636072677662, 122.61636072677663]",29
938,1841421639,settled,Rf1a_0006,unmatched,,"[0.7090456664466742, 0.46634607542200573, -0.4944423411910551, -0.18788920157686734]","[0.6773465477367443, 0.6773427097704257, 0.20298457113928298, -0.20299204829099302]","[449.7740867790561, 28.479040573271213, 19.64317570116524]",5.0300000000000145,100.0,0.0,"[55.38629967482834, 119.25427198242338, 119.25427198242339]",29
939,3160233957,settled,Rf1a_0004,unmatched,,"[0.3129738432553121, 0.8901846929444, 0.08598840649996693, -0.3197257885017726]","[0.7071051932059698, 0.7071083668152421, 5.516311523237616e-05, 1.6675127026383185e-05]","[449.8628653675535, 30.001524631887794, 18.77083544717294]",4.659999999999891,100.0,0.0,"[55.38629967482834, 121.54927829285529, 121.5492782928553]",40
940,3176744478,settled,Rf1a_0010,unmatched,,"[0.9411517485950612, -0.005105745018358934, 0.06893140360805404, 0.3308410178331731]","[0.9076453339475138, -0.04666130952372235, -0.02148451574098627, 0.4165826275064924]","[450.0354678671071, 31.86572860349359, 32.779152189517006]",4.329999999999781,100.0,0.0,"[55.38629967482834, 107.38421602889173, 107.38421602889174]",23
941,1176149115,settled,Rf1a_0007,unmatched,,"[0.21298006003399966, 0.68283184635136, 0.45358883626869745, -0.5316364653113214]","[0.4999583017581146, 0.4999495441927958, 0.5000134227557325, -0.5000787206317171]","[450.04899006896215, 6.223381384841563, 29.99792664298777]",4.779999999999931,100.0,0.0,"[55.38629967482834, 116.09553067793824, 116.09553067793823]",42
942,1821676408,settled,Rf1a_0016,unmatched,,"[-0.4913145553095996, 0.46595232564875577, -0.7080044099470261, -0.20056967233111198]","[-0.5000001177360858, 0.5001009123109009, -0.49994854981772463, -0.49995040484517983]","[450.1241156385691, 18.779684178192138, 30.00215167637308]",4.5599999999998575,100.0,0.0,"[55.38629967482834, 118.2143308866121, 118.21433088661212]",19
943,3127130715,settled,Rf1a_0003,unmatched,,"[-0.198134299826156, -0.8317782014430749, -0.12616575606531844, -0.5029612557970933]","[-2.4942833024607647e-05, -0.9579316920698703, 3.895972023598704e-05, -0.2869962912445921]","[449.73824197655864, 40.00017075704837, 19.64958899529209]",4.569999999999861,100.0,0.0,"[55.38629967482834, 122.0581554161313, 122.0581554161313]",17
944,945943334,settled,Rf1a_0013,unmatched,,"[0.10215366597241832, -0.5032207212506908, 0.015334375666051182, 0.8579617655555885]","[-1.2432306537579763e-06, 8.274721643631102e-06, -8.041177846775972e-05, 0.9999999967319647]","[450.3521753557792, 40.01150075531826, 6.220072331626764]",4.6199999999998775,100.0,0.0,"[55.38629967482834, 114.87154327902459, 114.8715432790246]",16
945,1696026980,settled,Rf1a_0007,unmatched,,"[-0.41595288256800134, 0.11589643483537436, 0.8825609318024368, 0.1861113041484448]","[-0.4999918225325549, 0.4999405389284137, 0.5000244810385821, 0.5000431514365916]","[450.11831023325385, 6.2273935369378535, 29.994162423711376]",4.849999999999954,100.0,0.0,"[55.38629967482834, 118.06603221239475, 118.06603221239476]",40
946,517407065,settled,Rf1a_0005,unmatched,,"[0.7637132916041776, -0.009298409402024383, 0.35026757211793114, -0.5421883212798986]","[0.7071206241137398, 3.6257645159199205e-05, -9.927589508122424e-05, -0.7070929300895852]","[449.7009965675654, 6.22092956802002, 40.00082981321178]",4.609999999999874,100.0,0.0,"[55.38629967482834, 122.47396570188273, 122.47396570188275]",28
947,2860701354,settled,Rf1a_0018,unmatched,,"[-0.8367152485523688, 0.5350335570810564, 5.9400040692597696e-05, 0.11681901432889721]","[-0.6772829242980041, 0.677359551154767, -0.20309521975375638, -0.2030374611418546]","[449.9205910273789, 27.130499877840922, 19.653443122117974]",4.489999999999834,100.0,0.0,"[55.38629967482834, 116.7956590111351, 116.79565901113511]",20
948,2049044537,settled,Rf1a_0014,unmatched,,"[0.0987533718354664, -0.901992500056389, 0.3962240127370742, 0.14022779012621636]","[-0.01794976536807592, -0.9364387357378623, 0.347035139878502, -0.04823807440615643]","[450.2930529906546, 32.80127774504912, 31.86110251044818]",4.579999999999864,100.0,0.0,"[55.38629967482834, 112.57065381634229, 112.57065381634229]",23
949,3277919375,settled,Rf1a_0001,unmatched,,"[-0.9358033684590618, -0.33506737411673654, 0.0347045930592444, -0.10391102734445888]","[-0.9999999930095894, 7.199370693757059e-05, 9.113883136229562e-06, -9.335236722457509e-05]","[450.2016102507098, 40.001961699222086, 18.77162339623501]",4.869999999999961,100.0,0.0,"[55.38629967482834, 122.28378451009486, 122.28378451009488]",25
950,3767874527,settled,Rf1a_0007,unmatched,,"[0.29572191510327905, -0.5850125236040742, -0.7368775949800176, -0.1652885542634663]","[0.4999659811270706, -0.5000126471786053, -0.5000183809803812, -0.5000029890499134]","[450.45888310677077, 6.221984970606123, 29.99464932386848]",4.990000000000001,100.0,0.0,"[55.38629967482834, 123.03900404262356, 123.03900404262355]",45
951,2604283791,settled,Rf1a_0010,unmatched,,"[-0.7630191667262589, -0.17467652330325062, -0.5594042469053924, -0.2726843449104938]","[-0.9076769498827063, 0.04663763666230604, 0.021357042733350977, -0.4165229432142576]","[449.6894614834212, 31.862548910883, 32.78859376259289]",4.189999999999734,100.0,0.0,"[55.38629967482834, 122.30315143269509, 122.30315143269509]",23
952,1406294563,settled,Rf1a_0013,unmatched,,"[-0.15589463678544954, -0.12868922420085716, 0.17568740712833444, 0.963467633484715]","[-1.6454259226805767e-05, 3.0291007845085847e-05, -2.6328929425325994e-05, 0.9999999990592499]","[449.6675501484636, 40.00597653794498, 6.225190311761997]",4.709999999999908,100.0,0.0,"[55.38629967482834, 121.24609275404117, 121.24609275404116]",28
953,44424466,settled,Rf1a_0012,unmatched,,"[0.3941199706189341, -0.3608479463958368, -0.7637214424601282, 0.3621985183126224]","[-0.0001056641336769637, 5.772695944428197e-06, -0.7071198401344878, 0.7070937140789355]","[449.9450674305771, 30.002503216204445, 6.2217844036542065]",4.209999999999741,100.0,0.0,"[55.38629967482834, 119.06658239809842, 119.06658239809843]",30
954,1713030523,settled,Rf1a_0003,unmatched,,"[-0.965612442120421, 0.16876771383453884, -0.1626224548640008, 0.11253447277748073]","[-0.9579023548677486, 3.06041590290157e-05, -0.2870941482880146, 0.00016619562846925673]","[449.78111084168796, 40.02145970174037, 19.643791222487245]",4.679999999999898,100.0,0.0,"[55.38629967482834, 121.30639696308721, 121.30639696308721]",20
955,539293064,settled,Rf1a_0012,unmatched,,"[0.3601778551839492, -0.09994546774870804, 0.7619420111283524, 0.5288924160821971]","[8.617437964641984e-05, 0.00011093702557546384, 0.7071181762738539, 0.7070953719620088]","[450.45942922969175, 29.996539292882385, 6.220565759487226]",4.749999999999921,100.0,0.0,"[55.38629967482834, 113.5645765705148, 113.56457657051482]",33
956,409549919,settled,Rf1a_0017,unmatched,,"[-0.12781638378808588, 0.7504596205993281, -0.34172492240734204, -0.5510874769861365]","[-0.6224233043621102, 0.622681063310512, -0.33525839301532195, -0.3353495690980174]","[449.9537299451836, 19.650968025540653, 27.114299996335987]",4.579999999999864,100.0,0.0,"[55.38629967482834, 115.62657591141307, 115.62657591141308]",14
957,1998402436,settled,Rf1a_0003,unmatched,,"[0.04250734306132721, -0.9165292873697363, -0.17463643493482933, -0.3573084196777952]","[-8.496341660760298e-05, -0.9578765761455645, 8.270060089743403e-05, -0.28718017134453944]","[449.7154819164164, 39.994561630899796, 19.648912805052476]",4.519999999999844,100.0,0.0,"[55.38629967482834, 113.71532528679333, 113.71532528679334]",17
958,1646097515,settled,Rf1a_0007,unmatched,,"[-0.2630617164172866, 0.5050333130958403, 0.785657284547487, 0.24183158862418952]","[-0.4999699921159701, 0.500076736302958, 0.500030797770843, 0.4999224600603509]","[450.1872860941483, 6.229152443080274, 29.99846767321787]",5.010000000000008,100.0,0.0,"[55.38629967482834, 121.28132530240491, 121.28132530240491]",36
959,339018233,settled,Rf1a_0017,unmatched,,"[0.6029047267049746, 0.6862009194018124, -0.308242769892203, 0.26574533587269156]","[0.6226800368880113, 0.6225721560425022, -0.3351463253166499, 0.33518714594757565]","[450.0984088442215, 19.670847683827652, 27.113928829748442]",4.579999999999864,100.0,0.0,"[55.38629967482834, 101.42913697591432, 101.42913697591433]",32
960,4191144452,settled,Rf1a_0005,unmatched,,"[-0.8802459513021449, -0.08330896156144689, -0.16608516754831343, 0.4366261550344685]","[-0.7069794842317, 5.879352156006359e-05, -1.9605460023491267e-05, 0.7072340525133297]","[449.9836730786862, 6.2153339643721415, 39.99944570392876]",4.819999999999944,100.0,0.0,"[55.38629967482834, 115.43117560338666, 115.43117560338668]",37
961,2181600747,settled,Rf1a_0001,unmatched,,"[0.9275709258668005, 0.08697132850709806, -0.32813304736827575, -0.15613093456815608]","[0.9999999387622104, -3.046814241332131e-05, 0.00034845551850335967, 1.1225845873652496e-05]","[450.39132567807724, 40.00423039483036, 18.780959626175996]",4.699999999999904,100.0,0.0,"[55.38629967482834, 119.51790908764852, 119.5179090876485]",23
962,3323234542,settled,Rf1a_0005,unmatched,,"[-0.08017064571695091, -0.3550445554208694, -0.9142289434921265, -0.17804906658726002]","[6.933662289219471e-05, -0.7071024814397193, -0.7071110765134213, -3.750006193928534e-05]","[450.0595285368197, 6.226061472513391, 39.99836672476454]",4.819999999999944,100.0,0.0,"[55.38629967482834, 115.42941456506976, 115.42941456506978]",36
963,1792986731,settled,Rf1a_0018,unmatched,,"[-0.5692068889460848, -0.6151083552423721, 0.2128356235893417, 0.5023407471215919]","[-0.6773214522636369, -0.6773487519664524, 0.20307315306396317, -0.20296702445872206]","[449.8345553413751, 27.127828343283706, 19.65157897018086]",4.889999999999968,100.0,0.0,"[55.38629967482834, 118.85654012340653, 118.85654012340655]",31
964,3396828661,settled,Rf1a_0011,unmatched,,"[-0.4385289352711518, 0.5485884905873648, -0.7022745891188045, 0.11641925271638232]","[0.00018325098209120923, 0.7070846727628929, -0.7071288172694373, -0.00026028829633843785]","[449.9905303809909, 18.78056631222421, 39.9916807233135]",4.649999999999888,100.0,0.0,"[55.38629967482834, 122.34578529084446, 122.34578529084447]",17
965,2901089897,settled,Rf1a_0009,unmatched,,"[0.4190709948200383, 0.3272250406963257, 0.28175293110921773, 0.7986980404716139]","[0.677906767981266, 0.2006718839774182, 0.20076755220060835, 0.6781339092609392]","[450.43710862668036, 19.681904116208656, 39.99821899416396]",4.759999999999924,100.0,0.0,"[55.38629967482834, 118.1664957807977, 118.1664957807977]",21
966,1777789208,settled,Rf1a_0017,unmatched,,"[0.6411688332735277, -0.4390430396314748, 0.5150426975449305, 0.3617661624522945]","[0.6224803832369136, -0.6226224914095403, 0.3352865037159625, 0.3353242700761876]","[449.9491432880176, 19.65728723611152, 27.123859729912088]",4.5899999999998675,100.0,0.0,"[55.38629967482834, 103.30411297568786, 103.30411297568787]",34
967,4293855749,settled,Rf1a_0007,unmatched,,"[0.5166972535183565, 0.6321968208504625, 0.5736405816836968, -0.06547985154798126]","[0.5000869338272015, 0.5000567761532562, 0.49992021085423494, -0.49993605792938944]","[449.617171430295, 6.236477660907926, 29.99825321237283]",4.719999999999911,100.0,0.0,"[55.38629967482834, 120.5414318578405, 120.54143185784051]",39
968,2977016398,settled,Rf1a_0016,unmatched,,"[-0.7697554513004683, 0.271934197101798, -0.5773849482776028, -0.012448258604438496]","[-0.4999338578200393, 0.5000851905820797, -0.5000007520610908, -0.49998018751146667]","[450.39500187359744, 18.772979644637694, 29.99267762668466]",4.579999999999864,100.0,0.0,"[55.38629967482834, 120.1675598163012, 120.1675598163012]",16
969,3277550680,settled,Rf1a_0018,unmatched,,"[0.8795958511380817, -0.404251198907489, 0.18305854803349653, -0.17141083639723378]","[0.6773128460698994, -0.6773931801532066, 0.20294936930787805, 0.2029712825208359]","[449.87106807374073, 27.128285500361493, 19.64652736992835]",4.349999999999787,100.0,0.0,"[55.38629967482834, 121.46012187799344, 121.46012187799346]",30
970,3168146097,settled,Rf1a_0005,unmatched,,"[0.4713364866275963, -0.5102437468845695, 0.132809033664927, -0.707004240238867]","[0.7070423804523671, 5.595753235324814e-05, -3.0797217580112195e-05, -0.7071711731713448]","[450.3916877581301, 6.223441069972122, 40.00034646217392]",5.260000000000091,100.0,0.0,"[55.38629967482834, 122.89750400701634, 122.89750400701634]",37
971,2312136952,settled,Rf1a_0012,unmatched,,"[-0.238977339792555, -0.18809170192532146, -0.5365157169026477, -0.7871862729042902]","[-9.831790175163226e-06, -5.673144123413688e-05, -0.7070666852225443, -0.7071468725330566]","[450.04663464876165, 30.008708767305453, 6.2273035135226085]",4.839999999999951,100.0,0.0,"[55.38629967482834, 113.80918476035515, 113.80918476035515]",24
972,4119843294,settled,Rf1a_0004,unmatched,,"[-0.6782363959592157, -0.6128690115579294, 0.3186176021708939, 0.25073848818067446]","[-0.7071892766984038, -0.7070242698145862, -7.425670528596327e-05, 5.7461999853403154e-05]","[450.14480211709355, 29.99438952556889, 18.772544048432657]",4.789999999999934,100.0,0.0,"[55.38629967482834, 108.21517471225285, 108.21517471225286]",43
973,356519578,settled,Rf1a_0017,unmatched,,"[0.2643802208224408, 0.477257519620779, -0.3229105049716565, 0.7733415575166313]","[0.6225954333401286, 0.6225393998095368, -0.3352830447032285, 0.33526840293014826]","[449.8421329825753, 19.65697470798884, 27.123015152501395]",4.379999999999797,100.0,0.0,"[55.38629967482834, 108.8953310120705, 108.89533101207051]",27
974,1943136294,settled,Rf1a_0017,unmatched,,"[-0.3629926831460144, 0.45628115459666085, -0.28675605289603895, -0.7601412934908084]","[-0.6226076017886683, 0.6224028943463455, -0.3354163308352217, -0.3353659140599895]","[450.1068165855128, 19.65055010370612, 27.121799908663668]",4.779999999999931,100.0,0.0,"[55.38629967482834, 113.36641540286372, 113.36641540286374]",29
975,3565683129,settled,Rf1a_0018,unmatched,,"[-0.547998248022544, -0.8120182559963203, 0.16486811997466025, -0.1146419430615943]","[-0.677231790592775, -0.6774182520402392, 0.20306481123929881, -0.20304259663823926]","[450.10261827023777, 27.122745539374307, 19.65550656422145]",4.689999999999901,100.0,0.0,"[55.38629967482834, 113.56119749268503, 113.56119749268504]",38
976,1751546072,settled,Rf1a_0005,unmatched,,"[-0.3280221644267384, 0.36617063802881317, 0.7613309747857608, -0.42272410662527027]","[3.731251207112707e-05, 0.7071328209319256, 0.7070807384842663, -3.7857340443429477e-05]","[450.24592899206436, 6.233980451169057, 39.99982952675995]",4.809999999999941,100.0,0.0,"[55.38629967482834, 115.95031644660462, 115.95031644660463]",38
977,1397927952,settled,Rf1a_0016,unmatched,,"[0.904925349199759, -0.2134010861924796, 0.2823914184143395, 0.23627351860397244]","[0.5000385310238744, -0.5000201080972931, 0.49997394091269404, 0.49996741633639213]","[449.82721141279495, 18.774672957957677, 29.994460663227358]",4.859999999999958,100.0,0.0,"[55.38629967482834, 114.25287850625072, 114.25287850625074]",19
978,4035434587,settled,Rf1a_0005,unmatched,,"[-0.6767719944343353, 0.14128449179956656, 0.30945224413417693, 0.652884115694839]","[-0.7070740780438359, 1.5780294454646638e-05, -4.426201031094526e-05, 0.7071394812555131]","[449.8325343378219, 6.233402224978549, 40.00144820903169]",5.000000000000004,100.0,0.0,"[55.38629967482834, 122.93579907203477, 122.93579907203478]",35
979,2114130661,settled,Rf1a_0013,unmatched,,"[-0.11671079965840357, -0.12666230183669927, -0.982019919426621, -0.07727954700862226]","[-0.00016790906735560384, -5.308189502739591e-05, -0.9999999844678418, -7.292033184328228e-06]","[449.8552301496466, 39.99118172255827, 6.2181608311089045]",4.899999999999971,100.0,0.0,"[55.38629967482834, 117.82664594650014, 117.82664594650014]",25
980,3638443810,settled,Rf1a_0005,unmatched,,"[0.059547317185544554, 0.39640322724174526, 0.893284933349204, -0.20337312088779458]","[-9.323193130917072e-06, 0.7071232999586677, 0.7070902618479524, 1.2978298386060912e-05]","[449.6857934010608, 6.224158539287549, 40.00026214069501]",5.010000000000008,100.0,0.0,"[55.38629967482834, 112.32463714950755, 112.32463714950757]",38
981,1276054237,settled,Rf1a_0012,unmatched,,"[0.19847170397213157, 0.14485266137657626, -0.7549022116539003, 0.6080701769159308]","[6.983011480660162e-05, 1.808909594452901e-05, -0.7071387169728385, 0.7070748402782746]","[449.70582250881057, 29.993997223893757, 6.225694075722091]",4.659999999999891,100.0,0.0,"[55.38629967482834, 109.00491301891013, 109.00491301891014]",28
982,218439059,settled,Rf1a_0007,unmatched,,"[-0.31928362511020086, 0.6061291818978068, 0.5454370968132035, 0.4828703293932732]","[-0.5000753599052687, 0.4999248984841473, 0.5000512621831102, 0.4999484628242287]","[449.69628565621684, 6.218438981089716, 30.000240410177923]",5.0300000000000145,100.0,0.0,"[55.38629967482834, 115.21707885841215, 115.21707885841217]",32
983,2213472531,settled,Rf1a_0012,unmatched,,"[0.10514992183552246, 0.24068664568741632, 0.4737389502858386, -0.8405860095836687]","[-0.00011840018813966124, 4.15459873146784e-05, 0.707100645174921, -0.7071129060118595]","[449.70946014587196, 30.012837774597504, 6.21875049408405]",4.749999999999921,100.0,0.0,"[55.38629967482834, 118.76741495501558, 118.7674149550156]",24
984,787746249,settled,Rf1a_0016,unmatched,,"[-0.5694810868307036, -0.2375977186895554, 0.403312307451908, -0.6757054080540255]","[-0.500035314737639, -0.4998627027170601, 0.5001758275206492, -0.49992609855023606]","[449.754795128001, 18.775917683622122, 29.99913670165058]",4.519999999999844,100.0,0.0,"[55.38629967482834, 120.72726296665965, 120.72726296665967]",18
985,620666044,settled,Rf1a_0005,unmatched,,"[0.3512700169167964, -0.04610390148788196, 0.2607949201033328, -0.8980366446482936]","[0.7071144417012534, -7.03362694400751e-05, -6.514704509766192e-05, -0.7070991140895289]","[449.8017306152924, 6.2320813190805024, 39.989509112413]",4.799999999999938,100.0,0.0,"[55.38629967482834, 116.20129956632336, 116.20129956632336]",53
986,1382691233,settled,Rf1a_0016,unmatched,,"[0.47408594454505865, -0.6966516414024221, 0.33101000622289733, -0.4246779762319307]","[0.5000889977840204, -0.5001727905825777, 0.49982420026180846, 0.499913935281719]","[450.4617385383579, 18.783801262856965, 30.001401402288256]",4.479999999999831,100.0,0.0,"[55.38629967482834, 117.18595260029389, 117.18595260029389]",28
987,3286462226,settled,Rf1a_0011,unmatched,,"[-0.3448778936984663, -0.42718010711039134, 0.8219048655539987, 0.1518182680243951]","[-0.0006903872361709367, -0.7070990255591213, 0.7071139276253048, 0.0006203040548606427]","[450.14835049832726, 18.78769293599725, 39.99885661877076]",4.629999999999881,100.0,0.0,"[55.38629967482834, 120.5768637413688, 120.57686374136881]",21
988,2525897259,settled,Rf1a_0008,unmatched,,"[-0.18660777978837914, -0.7443077658333969, 0.6395441794809863, -0.046548133523710164]","[-0.20299008765109355, -0.6774340316990577, 0.6772749394576909, 0.202920707159084]","[450.16179401499846, 19.653917699772133, 40.0048176063915]",4.539999999999851,100.0,0.0,"[55.38629967482834, 120.0067551026336, 120.00675510263362]",34
989,3052397492,settled,Rf1a_0012,unmatched,,"[0.3577418947578834, -0.03461281949819094, 0.8397397400760982, -0.4070133393371179]","[2.6816576965710274e-05, -2.1818272599616332e-05, 0.7071183917922688, -0.7070951695450548]","[449.8923067866301, 30.00499568256044, 6.217672346637544]",5.0900000000000345,100.0,0.0,"[55.38629967482834, 122.06356683830319, 122.06356683830319]",26
990,958294864,settled,Rf1a_0017,unmatched,,"[-0.030561851898347012, -0.4924964696048103, 0.3778133004972502, -0.7834349434399235]","[-0.6224882479853101, -0.6225989925763445, 0.3353536982158691, -0.335286105671022]","[450.3404905670639, 19.655447838434135, 27.11910629261957]",4.669999999999894,100.0,0.0,"[55.38629967482834, 119.65760614376819, 119.6576061437682]",16
991,2025461898,settled,Rf1a_0012,unmatched,,"[-0.3979758930455951, -0.005549041121273697, -0.43366712258227247, -0.8084041213949913]","[2.506129608392804e-06, 5.3201935312274795e-05, -0.7071330771291624, -0.7070804822600575]","[450.412791076102, 29.998008147520085, 6.2339244921876915]",5.1200000000000445,100.0,0.0,"[55.38629967482834, 112.98170590592541, 112.9817059059254]",26
992,2542739526,settled,Rf1a_0003,unmatched,,"[-0.2306445065743204, 0.9168653108316615, -0.19133692885921558, -0.2637257913731088]","[9.14134788443377e-06, 0.9579806601355716, 1.3320936518734783e-05, 0.286832798935552]","[450.4289716235105, 40.00515154051442, 19.640506642288322]",5.0600000000000245,100.0,0.0,"[55.38629967482834, 116.96936627412921, 116.96936627412923]",13
993,662844678,settled,Rf1a_0007,unmatched,,"[0.015319791156266027, -0.6766081749749832, -0.37969078318171673, 0.6307151422970638]","[-0.49998462916585346, -0.49995716607492746, -0.5000411333931744, 0.5000170673117881]","[449.8514218022041, 6.222468354921915, 30.000745577925798]",4.699999999999904,100.0,0.0,"[55.38629967482834, 119.81431511647556, 119.81431511647557]",46
994,4118277549,settled,Rf1a_0011,unmatched,,"[-0.321344111537062, -0.6565169609170431, 0.5522363378719223, 0.4009469654985733]","[-6.703681194132445e-05, -0.7071205534273522, 0.7070930024630111, 6.553247475806817e-05]","[449.66645872652333, 18.785755284570826, 39.99595619639062]",4.699999999999904,100.0,0.0,"[55.38629967482834, 117.42710162509862, 117.42710162509863]",14
995,111249246,settled,Rf1a_0017,unmatched,,"[-0.6279501010244584, -0.002943014146429479, -0.6948500248436215, -0.3505045681099255]","[-0.6225373625959797, 0.6224215779449017, -0.3354015611907254, -0.33547638401450036]","[450.1572764727295, 19.650372723305857, 27.12876191956387]",4.679999999999898,100.0,0.0,"[55.38629967482834, 119.25078982919523, 119.25078982919524]",28
996,746129938,settled,Rf1a_0017,unmatched,,"[-0.47377988456087816, 0.707079339833246, -0.49704674862137505, -0.16886668662404006]","[-0.6226515871691102, 0.6225113073486974, -0.3352678902136761, -0.33523143499748675]","[450.0568396968557, 19.65403187608488, 27.114666177100695]",4.459999999999824,100.0,0.0,"[55.38629967482834, 117.4133256370354, 117.41332563703541]",32
997,3176734675,settled,Rf1a_0007,unmatched,,"[-0.44694209170526156, 0.4952759132457724, -0.012535065867450861, 0.7448405255787244]","[-0.5000392272131067, 0.4999376135721818, 0.4999846012666077, 0.5000385507939785]","[449.8202014433781, 6.21744377891544, 29.9955282991338]",4.949999999999988,100.0,0.0,"[55.38629967482834, 122.32164898310522, 122.32164898310522]",38
998,2924323672,settled,Rf1a_0001,unmatched,,"[0.7808029314754367, 0.10050712330818726, -0.580673385897103, 0.20751751558476023]","[0.9999999976801828, 6.574074226730962e-05, -1.6570999673581537e-06, 1.7749458405769136e-05]","[449.7108134367521, 40.00914512702532, 18.77053282022915]",5.1500000000000545,100.0,0.0,"[55.38629967482834, 112.6418295907203, 112.64182959072032]",21
999,3932611806,settled,Rf1a_0012,unmatched,,"[0.18863484293005242, 0.33663714806484407, 0.7901304930925778, 0.47622067412157004]","[-2.4263987955464028e-05, 2.9326865119028156e-05, 0.707143808838236, 0.70706975057129]","[450.29639675786814, 30.00031936379087, 6.219771861272826]",4.929999999999981,100.0,0.0,"[55.38629967482834, 114.08244425400677, 114.08244425400679]",29
