trial,seed,status,pose_id,match_status,roadmap_pose_id,initial_quat_xyzw,final_quat_xyzw,final_pos_chute_mm,sim_time_s,actual_drop_height_mm,actual_lateral_mm,initial_pos_chute_mm,roughness_impulse_count
0,2684470948,settled,Qf4i_0009,unmatched,,"[0.349089743713377, 0.08400502135107916, 0.056934439305736904, -0.9315782183171066]","[3.0990323440782674e-05, 2.713175503032597e-05, 1.8170577893467753e-05, -0.999999998986649]","[442.0144699036023, 39.11545339499505, 3.577706417509388]",4.629999999999881,100.0,0.0,"[63.1778070964429, 109.24270234485698, 109.242702344857]",13
1,4091952314,settled,Qf4i_0009,unmatched,,"[-0.17049489125704653, 0.20532709385459424, 0.2597125984666087, 0.9280741580187418]","[8.197733518722218e-05, -0.00014504097825863865, -1.0715013141778203e-05, 0.9999999860640097]","[442.48590397057393, 39.117235199062115, 3.58313707966685]",4.819999999999944,100.0,0.0,"[63.1778070964429, 121.90361152621861, 121.9036115262186]",23
2,233227757,settled,Qf4i_0005,unmatched,,"[-0.20480810163161187, 0.4982271422400755, 0.5959252640682177, -0.5955639645634782]","[0.499942190821445, 0.5000586843499973, 0.499969751010948, -0.5000293652545361]","[442.0272100889866, 3.576943199263244, 39.11398607469134]",4.449999999999821,100.0,0.0,"[63.1778070964429, 120.64364450985477, 120.64364450985478]",21
3,3276785861,settled,Qf4i_0011,unmatched,,"[-0.06476159517851178, 0.4273534090302821, -0.8690822779070483, 0.24056390794969013]","[0.00011697517156001177, 0.7071302694598268, -0.7070832789288621, 7.063774523391589e-05]","[442.321299987155, 6.425870703448674, 40.889843666537516]",4.199999999999737,100.0,0.0,"[63.1778070964429, 117.86181737004942, 117.86181737004944]",27
4,3644269654,settled,Qf4i_0010,unmatched,,"[-0.014279672063401007, -0.3020425176314726, -0.9375844928891162, 0.1717606683803424]","[-6.3411098936723e-05, -2.1034682358145322e-06, -0.999999980844705, -0.00018516262515394847]","[441.9299887191266, 40.902387663256334, 3.5764204934521335]",4.819999999999944,100.0,0.0,"[63.1778070964429, 118.58315240270792, 118.58315240270794]",25
5,1206282609,settled,Qf4i_0004,unmatched,,"[0.5013371598926143, -0.8114746127900386, -0.0032762861669307047, -0.30026533409139416]","[0.7070752897247065, -0.7071382686517397, -1.969001098006684e-05, 5.728216259193175e-05]","[441.94798177489395, 40.87869618912583, 6.420343864669883]",4.689999999999901,100.0,0.0,"[63.1778070964429, 126.44394284932234, 126.44394284932234]",26
6,3543069911,settled,Qf4i_0008,unmatched,,"[-0.13404834235336777, 0.26953815910033546, -0.46707971399657333, 0.8313944692346683]","[-2.270493528322426e-05, -0.00013533964887849081, -0.707108343742478, 0.7071052053106631]","[442.583475437585, 40.879521826810596, 3.567880911661759]",4.6199999999998775,100.0,0.0,"[63.1778070964429, 128.2470987522648, 128.2470987522648]",16
7,3479688010,settled,Qf4i_0005,unmatched,,"[-0.32606207839901974, -0.08560879807848332, -0.6532843717329692, 0.6779190101856776]","[-0.4999456185070263, -0.49999138711209895, -0.5000179657790531, 0.5000450232204335]","[442.5403899810446, 3.5760705313806485, 39.11818206288764]",4.509999999999841,100.0,0.0,"[63.1778070964429, 111.3301604856529, 111.33016048565291]",22
8,877132087,settled,Qf4i_0017,unmatched,,"[0.5724358435648497, -0.17574059521237254, 0.22115948882353434, 0.769753810448453]","[0.7070247983964596, 5.184379593801729e-05, -1.9701003581087914e-05, 0.7071887522978128]","[442.51295447762186, 6.423270683440566, 39.11569675281596]",4.479999999999831,100.0,0.0,"[63.1778070964429, 125.63723468027538, 125.63723468027536]",20
9,1244265337,settled,Qf4i_0001,unmatched,,"[-0.9163656239680553, -0.3124533183594708, 0.1567298713931644, -0.19514792970686085]","[-0.9999999952639451, -3.6939802661267753e-06, 9.688761001128295e-05, -8.441286013904925e-06]","[442.66237708588267, 40.87980178293833, 6.428165538859824]",4.879999999999964,100.0,0.0,"[63.1778070964429, 125.43213534409236, 125.43213534409234]",21
10,2740186692,settled,Qf4i_0006,unmatched,,"[0.6454694822641096, -0.13579899155073316, -0.5987883368552699, -0.45429099595480205]","[0.5000260160311243, -0.4998499341415303, -0.5001232377809913, -0.5000007736616093]","[442.04294110945546, 3.583663258906744, 40.884477800723104]",4.339999999999784,100.0,0.0,"[63.1778070964429, 127.15377440060132, 127.15377440060129]",24
11,3884972972,settled,Qf4i_0003,unmatched,,"[-0.6012548493196739, -0.6463381036093496, -0.20334873870383272, -0.42354333008537154]","[-0.7070643324192756, -0.7071492254724875, 1.9452845222867055e-05, 4.853588416123267e-05]","[442.1123700736902, 39.12670953422862, 6.42648609358027]",4.479999999999831,100.0,0.0,"[63.1778070964429, 119.03085129221716, 119.03085129221718]",20
12,829139639,settled,Qf4i_0017,unmatched,,"[0.5209095300472875, 0.10632951834513299, -0.4095752090978097, 0.7413470463466431]","[0.7071361091896773, 1.8612160549683937e-05, -4.802199743893907e-05, 0.7070774500912613]","[442.5926896793767, 6.4320721523272795, 39.11173201405114]",5.040000000000018,100.0,0.0,"[63.1778070964429, 124.95982259450089, 124.95982259450089]",30
13,2545567356,settled,Qf4i_0007,unmatched,,"[-0.20435424223634752, -0.592516211079748, -0.6028523939159808, -0.4936930974172911]","[-1.2050303408228658e-05, -1.3288035804165377e-05, -0.7070680072950775, -0.7071455527244632]","[442.6358246285541, 39.12133888905471, 3.5787354444530193]",5.040000000000018,100.0,0.0,"[63.1778070964429, 123.158252333089, 123.158252333089]",21
14,2718398101,settled,Qf4i_0009,unmatched,,"[0.04456266628605246, 0.22721982493144482, -0.0337641677325857, -0.9722372657478868]","[1.0506567462320595e-05, -4.074474865294759e-05, 4.5922235360743285e-06, -0.9999999991041946]","[442.40474687728266, 39.11043711878849, 3.577640671113328]",4.5599999999998575,100.0,0.0,"[63.1778070964429, 115.19482942103852, 115.19482942103853]",23
15,176092387,settled,Qf4i_0006,unmatched,,"[0.6150094261867407, 0.09473742193381708, -0.6668593261385558, -0.40998398228323635]","[0.5000484784286848, -0.4999287244556015, -0.49998776095937925, -0.5000350273492639]","[441.94408280119006, 3.5788671728290975, 40.889316261773175]",4.279999999999764,100.0,0.0,"[63.1778070964429, 129.66272311577782, 129.66272311577788]",15
16,3528048386,settled,Qf4i_0011,unmatched,,"[0.05964849127147125, -0.7507736843900195, 0.5184949801332069, 0.4048998492135285]","[-6.0269608603390254e-05, -0.7071145510397464, 0.7070990085224772, 1.4898391587880949e-05]","[441.9263420848318, 6.427824496214225, 40.88724273841095]",4.889999999999968,100.0,0.0,"[63.1778070964429, 129.63081326875295, 129.630813268753]",39
17,569531098,settled,Qf4i_0013,unmatched,,"[-0.11874297779359728, -0.7836385736386496, 0.3947598820333435, 0.4647314565072098]","[-2.746606691436773e-05, -0.99999999773907, 5.3791569392391825e-05, -2.9562519097439183e-05]","[441.83230290637, 39.1060993103722, 6.419316212443619]",5.290000000000101,100.0,0.0,"[63.1778070964429, 128.98861268666116, 128.98861268666116]",18
18,1337295874,settled,Qf4i_0017,unmatched,,"[0.7540801171321847, 0.10513828949510484, 0.3578000943176255, 0.5406368555086236]","[0.7070943832229065, 6.101470580177094e-05, 0.00010863503783918307, 0.7071191679556225]","[442.48361537919436, 6.4279471406559106, 39.1162151942404]",4.409999999999807,100.0,0.0,"[63.1778070964429, 125.2293456009474, 125.22934560094737]",20
19,612016888,settled,Qf4i_0013,unmatched,,"[0.12009615038615984, 0.8091503209928758, -0.26528910017446583, -0.5103668935463713]","[3.1237011626444307e-05, 0.999999998677542, 3.5762524987381645e-05, -1.975365925393515e-05]","[442.5617035608248, 39.11369290743501, 6.428013691184241]",4.969999999999994,100.0,0.0,"[63.1778070964429, 127.26204096897867, 127.26204096897867]",24
20,232150720,settled,Qf4i_0015,unmatched,,"[-0.5359830145526445, 0.08906100796225318, -0.8028613047566096, -0.24536517743217254]","[-0.500106386110507, 0.5000018297775206, -0.5000030489944735, -0.4998887114016981]","[442.45414196295053, 6.4227922676264875, 39.121281242184445]",4.279999999999764,100.0,0.0,"[63.1778070964429, 122.30999602122327, 122.30999602122328]",27
21,2324106676,settled,Qf4i_0009,unmatched,,"[-0.04500258594739219, 0.0025524340432222146, -0.32651812985035056, -0.944115545480283]","[-9.449505969560958e-05, 1.6335668904334751e-06, 2.0779178488374953e-06, -0.9999999955318487]","[442.429667799619, 39.114654731992474, 3.5787089451493337]",4.579999999999864,100.0,0.0,"[63.1778070964429, 127.98862870142297, 127.98862870142294]",17
22,1658700540,settled,Qf4i_0010,unmatched,,"[0.3856602856164407, 0.1640545618070452, -0.897042914685939, -0.1402364220176025]","[4.72343865219927e-06, -7.220544645347716e-05, -0.9999999962398469, 4.7795072294095697e-05]","[442.49342656783665, 40.88611732953655, 3.577764721845511]",4.569999999999861,100.0,0.0,"[63.1778070964429, 125.77424056382938, 125.77424056382935]",25
23,609942288,settled,Qf4i_0004,unmatched,,"[-0.6615657420037585, 0.6011805735348285, -0.4450209339615182, 0.05356356361715848]","[-0.7070778743643695, 0.7071356850908647, -2.8765346761078225e-05, 4.034839953168112e-05]","[442.154121063168, 40.89403127350766, 6.42850279968019]",4.439999999999817,100.0,0.0,"[63.1778070964429, 121.84050099171536, 121.84050099171537]",32
24,3405943863,settled,Qf4i_0003,unmatched,,"[0.7845222555156509, 0.5211125294606916, 0.14359868610630752, -0.30388481302667647]","[0.7071579190759267, 0.7070556348793312, -1.6797379121608058e-05, -7.994647703546409e-05]","[441.8275823599504, 39.11343647209193, 6.426628319677701]",5.000000000000004,100.0,0.0,"[63.1778070964429, 114.6471906158164, 114.64719061581641]",25
25,2257503667,settled,Qf4i_0002,unmatched,,"[0.6034227644478223, 0.39225425648930207, -0.5079168677173587, -0.4733265480620753]","[0.7070879990029626, -5.114917329582988e-05, 3.498754131766174e-05, -0.7071255601557762]","[442.081490997892, 3.585687470467679, 40.88447250343103]",4.279999999999764,100.0,0.0,"[63.1778070964429, 122.46920976160898, 122.469209761609]",25
26,4018327298,settled,Qf4i_0016,unmatched,,"[-0.7659205575247773, -0.2830695053767261, 0.5022718464389246, -0.28453531759966677]","[-0.4999926702919482, -0.5000462592671406, 0.5000015780866519, -0.4999594885169444]","[442.58747001206063, 6.421921929456318, 40.88017076125949]",4.609999999999874,100.0,0.0,"[63.1778070964429, 118.82359393262746, 118.82359393262747]",26
27,2224437599,settled,Qf4i_0017,unmatched,,"[-0.6123369115304546, 0.06270447467512338, 0.5201098551092568, -0.5921126533450277]","[-0.7071876367981853, -2.704904178067171e-05, 6.159156259112659e-05, -0.7070259131281024]","[441.85102939226215, 6.42810507431385, 39.11606587337192]",5.110000000000041,100.0,0.0,"[63.1778070964429, 127.49818360422857, 127.49818360422857]",39
28,168388230,settled,Qf4i_0015,unmatched,,"[0.611570761245609, 0.02118769316912591, 0.654066567917755, 0.44466752791262565]","[0.5000221160242424, -0.5000106854419791, 0.49992137850260276, 0.5000458111478777]","[442.58521452808867, 6.427687449920279, 39.1036192080265]",4.639999999999884,100.0,0.0,"[63.1778070964429, 126.52059577094634, 126.52059577094631]",25
29,911875363,settled,Qf4i_0004,unmatched,,"[0.4179313099460675, -0.6409283940444419, -0.2553852315313794, 0.59103519132962]","[0.7071034328493976, -0.7071101269195278, 5.2729270926532554e-05, 2.9665986687299466e-05]","[442.5709981610065, 40.89878698178952, 6.418795604980678]",5.1800000000000646,100.0,0.0,"[63.1778070964429, 128.3760625380739, 128.37606253807388]",16
30,3699796293,settled,Qf4i_0011,unmatched,,"[-0.30739590938505207, 0.5248451890741236, -0.7006219887471803, 0.37306046598779463]","[-3.700039603332515e-05, 0.707095824285836, -0.7071177361339428, 3.39604559317282e-05]","[441.99083975715445, 6.425111776843757, 40.885822356315394]",4.229999999999747,100.0,0.0,"[63.1778070964429, 117.50844203536965, 117.50844203536964]",21
31,3195154224,settled,Qf4i_0014,unmatched,,"[0.12201026212475458, -0.7550394894311968, 0.42152916537896845, 0.48717761450074515]","[-3.9094202349537166e-05, -0.909007611183723, 0.41677949331771036, -0.00012341611494999126]","[442.1999093166583, 30.389082933239997, 35.16645190857642]",4.539999999999851,100.0,0.0,"[63.1778070964429, 127.76603161446506, 127.76603161446512]",16
32,3621210587,settled,Qf4i_0009,unmatched,,"[-0.19518508667563716, -0.23685537345835786, 0.3018603443143305, -0.9025977213209435]","[0.00019031386566015218, 3.6019708831359374e-05, -4.802824237493383e-06, -0.9999999812300729]","[441.9524128453265, 39.126056054638745, 3.5721711696353915]",4.739999999999918,100.0,0.0,"[63.1778070964429, 123.39758609154754, 123.39758609154754]",13
33,1945778437,settled,Qf4i_0005,unmatched,,"[0.5994480898969989, 0.5232689771236637, 0.5614537647935656, -0.22720307017715616]","[0.500000533976983, 0.4999527224464294, 0.5000679416264393, -0.4999787946489649]","[442.0177458748716, 3.5735542407585132, 39.110892026929605]",4.429999999999814,100.0,0.0,"[63.1778070964429, 122.37840467723649, 122.37840467723649]",15
34,2384190687,settled,Qf4i_0003,unmatched,,"[0.6271519910898339, 0.7556355349822913, 0.01241359428343946, -0.18852379431002778]","[0.7071498900646189, 0.7070636685053187, 3.518860243986732e-05, -2.0570865623070755e-05]","[442.02358093604096, 39.1102850921886, 6.4166453220350155]",4.5899999999998675,100.0,0.0,"[63.1778070964429, 118.84526221510444, 118.84526221510446]",11
35,3249086786,settled,Qf4i_0015,unmatched,,"[-0.1597703233753325, 0.4897195982284835, -0.5779003828038035, -0.6329923431090553]","[-0.4999258612785409, 0.5000753202383769, -0.499983485202574, -0.5000153216033301]","[442.1346011791065, 6.425422481861658, 39.11566249165156]",4.579999999999864,100.0,0.0,"[63.1778070964429, 120.73358084127914, 120.73358084127915]",24
36,439485575,settled,Qf4i_0016,unmatched,,"[0.5212781417789312, 0.09256863769634534, -0.808698544051474, 0.25633339826790696]","[0.5000170158291971, 0.49992662433382784, -0.5001166527121472, 0.4999396842054509]","[442.1627601643831, 6.434227900656221, 40.885702332789876]",4.869999999999961,100.0,0.0,"[63.1778070964429, 123.20734423716404, 123.20734423716405]",28
37,2217192537,settled,Qf4i_0008,unmatched,,"[-0.21740486374478168, -0.112592853649051, -0.6073056375673959, 0.7558027765932958]","[-2.7520805641390034e-05, -2.5162858574595548e-05, -0.707085211128201, 0.7071283496036794]","[442.53620393851617, 40.879844349709494, 3.5786710670419297]",4.769999999999928,100.0,0.0,"[63.1778070964429, 116.47142520001199, 116.471425200012]",22
38,3412522237,settled,Qf4i_0011,unmatched,,"[-0.24621569511367875, -0.5467507847628059, 0.7917514866850981, -0.11649461005935267]","[-1.8560933728683062e-07, -0.7071178120454887, 0.7070957499616575, 1.6556801192687788e-05]","[442.2579424210051, 6.434713417543001, 40.887959678763536]",4.429999999999814,100.0,0.0,"[63.1778070964429, 127.91744398550057, 127.91744398550054]",20
39,555567425,settled,Qf4i_0005,unmatched,,"[-0.4612726253349569, -0.6958366341102525, -0.5223568792301665, 0.17373034987483388]","[-0.5000668756541704, -0.4998977961965574, -0.4999647689805744, 0.5000705380338882]","[442.5785030958837, 3.5768525573520518, 39.1036863377982]",4.409999999999807,100.0,0.0,"[63.1778070964429, 125.71170970211193, 125.71170970211193]",16
40,3399977417,settled,Qf4i_0017,unmatched,,"[0.8655048205669646, 0.02649245432845738, 0.32018421698658933, 0.38429366717613994]","[0.7070755556849204, -2.6938164221558744e-05, 6.901911665490947e-05, 0.7071380014279801]","[442.4697279470294, 6.428756492530003, 39.118228871604884]",4.449999999999821,100.0,0.0,"[63.1778070964429, 123.48493579043767, 123.48493579043769]",30
41,2903099886,unsettled,,not_evaluated,,"[-0.9275430186800664, -0.235950465654843, 0.17719537592713272, -0.22933191013283477]","[-0.9999999949383157, 6.555653169426885e-05, -6.38283648109273e-05, 4.1852713633216965e-05]","[442.1760194482025, 40.89347872217516, 6.4218675750960275]",4.909999999999974,100.0,0.0,"[63.1778070964429, 121.95566590994369, 121.95566590994369]",22
42,151712926,settled,Qf4i_0004,unmatched,,"[0.7767554207616434, -0.4945431487690227, -0.02057994009867571, -0.3894284997127939]","[0.7071465674923242, -0.7070669915719452, -3.5040472911751504e-05, -1.6893432550069146e-05]","[441.8285914122665, 40.88407332095819, 6.426387330329765]",4.239999999999751,100.0,0.0,"[63.1778070964429, 118.13999683990272, 118.13999683990274]",18
43,1207582415,settled,Qf4i_0002,unmatched,,"[-0.43303184102989717, 0.26753182802764564, -0.22157253360287404, 0.831754626076253]","[-0.7071524592503036, 2.4798356647538832e-05, 8.11068865205976e-06, 0.7070610996904766]","[441.9674221671878, 3.57998099214692, 40.887782597655146]",4.799999999999938,100.0,0.0,"[63.1778070964429, 120.01023382426597, 120.01023382426598]",29
44,2486821540,settled,Qf4i_0011,unmatched,,"[0.1594260365462531, -0.38474526354833694, 0.9006348849824816, 0.12414195503884198]","[-1.3434479480292595e-06, -0.7070771139097534, 0.7071364405218683, 9.73103856110184e-05]","[442.310220743535, 6.433036153819079, 40.88655443757507]",4.739999999999918,100.0,0.0,"[63.1778070964429, 116.73159808038575, 116.73159808038577]",24
45,1259821421,settled,Qf4i_0007,unmatched,,"[-0.32259113934371036, 0.05897052116106503, -0.5412481782532801, -0.7742789187291779]","[1.4769999779423726e-05, -7.407582164742355e-05, -0.7071209461380303, -0.7070926119169092]","[441.86345335205726, 39.115137287560536, 3.5727216194732097]",4.919999999999978,100.0,0.0,"[63.1778070964429, 115.6815121568749, 115.68151215687492]",28
46,597594931,settled,Qf4i_0012,unmatched,,"[-0.17871979468227023, -0.894261750835104, -0.36951140635140683, -0.17837173699402925]","[7.149385975459913e-05, -0.7071521208589251, -0.7070614182726813, 0.00015376467956183776]","[442.4965295949362, 3.5843780299252908, 39.11196259976804]",4.4999999999998375,100.0,0.0,"[63.1778070964429, 118.43817741785489, 118.43817741785489]",26
47,2865206418,settled,Qf4i_0007,unmatched,,"[-0.02304740513733, -0.04508619876411423, 0.7730641006988977, 0.632303683373775]","[6.312382879633538e-05, 9.113434374194429e-05, 0.7071349097574464, 0.7070786428059059]","[442.06239390208225, 39.12016915678794, 3.5804145656179456]",4.5599999999998575,100.0,0.0,"[63.1778070964429, 119.31771127681372, 119.31771127681372]",22
48,3003750881,settled,Qf4i_0008,unmatched,,"[-0.3199398432093655, 0.16753826196273716, 0.4776615276337274, -0.8008800737465539]","[-1.6659409354691235e-05, 1.4921745393720043e-05, 0.7070784877182182, -0.7071350731691386]","[442.0992110131713, 40.88808775646065, 3.583055990721392]",4.429999999999814,100.0,0.0,"[63.1778070964429, 123.89783076808217, 123.89783076808217]",15
49,3312495928,settled,Qf4i_0008,unmatched,,"[-0.0645330648177024, -0.0038038643413784616, 0.42946817366907813, -0.9007652868348409]","[8.69176651384085e-05, 2.7705892473278707e-05, 0.7071122337747933, -0.707101322671458]","[442.405273723637, 40.88626285657151, 3.5836655415690637]",4.489999999999834,100.0,0.0,"[63.1778070964429, 129.45165488517088, 129.45165488517085]",14
50,3078168926,settled,Qf4i_0009,unmatched,,"[0.0747193812888315, 0.25057809186231017, 0.15564422601431893, 0.9525767732035362]","[2.190209784147523e-06, -6.91903226885424e-06, 2.330928527611428e-05, 0.9999999997020036]","[442.3453724596796, 39.112314391133594, 3.5782537685742772]",4.5899999999998675,100.0,0.0,"[63.1778070964429, 122.9688271103525, 122.96882711035252]",24
51,1005097259,settled,Qf4i_0016,unmatched,,"[-0.6801311659388386, -0.5348920800158797, 0.3007708324979351, -0.40105980373687483]","[-0.5001273616749213, -0.4998172911837456, 0.5000857815181239, -0.4999695077314542]","[442.23566233109625, 6.431836803661634, 40.882434829049004]",4.659999999999891,100.0,0.0,"[63.1778070964429, 118.92903150496707, 118.92903150496709]",29
52,1646080115,settled,Qf4i_0016,unmatched,,"[-0.5522257028074862, -0.16147308682972467, 0.6507326016280868, -0.495500046989705]","[-0.49994869968648575, -0.5000199986198804, 0.5000428025517207, -0.49998849414580315]","[442.2915154549217, 6.440342936383833, 40.88081517897852]",4.5599999999998575,100.0,0.0,"[63.1778070964429, 123.03214743378717, 123.03214743378719]",21
53,2175304393,settled,Qf4i_0015,unmatched,,"[0.4635177847490668, -0.3631238729793856, 0.7637832286457282, 0.2644380754227277]","[0.49996188246975504, -0.49999968110926973, 0.500025664626681, 0.5000127695195127]","[442.0270666858606, 6.425657275786367, 39.113148338172465]",4.479999999999831,100.0,0.0,"[63.1778070964429, 121.66964018857328, 121.6696401885733]",30
54,3907648593,settled,Qf4i_0004,unmatched,,"[-0.5606148293844427, 0.6692917164969598, 0.42495561750449845, -0.23910737013771846]","[-0.7070647654175019, 0.7071487520922007, -0.00019828655149572993, -0.00014353389767829405]","[442.06958858419927, 40.89055515342896, 6.42828746990097]",4.949999999999988,100.0,0.0,"[63.1778070964429, 115.21060975788261, 115.21060975788262]",23
55,1971688097,settled,Qf4i_0003,unmatched,,"[-0.7670451610843334, -0.5854990613356909, 0.19452063009749831, 0.17605196533582376]","[-0.7070990584405211, -0.7071145026650466, -5.232115724951304e-06, 4.056990737119626e-05]","[442.20661946505317, 39.12297583004658, 6.426624951493993]",4.609999999999874,100.0,0.0,"[63.1778070964429, 120.9925211806844, 120.99252118068442]",18
56,268300483,settled,Qf4i_0010,unmatched,,"[0.16069949385948554, -0.1473121650444817, 0.9459423078805231, -0.2401415184112949]","[-4.901915926419982e-05, -2.608505600837363e-05, 0.9999999970413734, 5.323481073402785e-05]","[441.86322944302674, 40.89187538068648, 3.5781744547409184]",4.539999999999851,100.0,0.0,"[63.1778070964429, 128.9127172188701, 128.9127172188701]",21
57,3139098279,settled,Qf4i_0010,unmatched,,"[0.8218696626780811, -0.0530459906765047, 0.5409598824621232, 0.1705250304475304]","[3.6302129594491326e-05, 1.8156592337614796e-05, 0.9999999979205723, -5.011336439341517e-05]","[442.3878374073894, 40.89171664102281, 3.5823265373951667]",5.110000000000041,100.0,0.0,"[63.1778070964429, 119.20750912617542, 119.20750912617542]",16
58,3174456534,settled,Qf4i_0011,unmatched,,"[0.08486702368824024, 0.578487481595668, -0.8085728801483829, 0.06602817138123637]","[-2.0788168932798727e-05, 0.7070851701274528, -0.707128389645021, -4.8080376687566644e-05]","[441.9885842983721, 6.424483397015398, 40.878767827924655]",4.5599999999998575,100.0,0.0,"[63.1778070964429, 120.36727964064868, 120.36727964064868]",26
59,997026310,settled,Qf4i_0009,unmatched,,"[0.11339847940532417, -0.26350367621587667, -0.34201138662076364, 0.8948378673877303]","[6.153620061283283e-05, -2.8813841046199468e-05, 7.774323847462131e-05, 0.9999999946695237]","[442.6465237297374, 39.11399007402447, 3.5736982082799527]",4.4999999999998375,100.0,0.0,"[63.1778070964429, 129.2834082950355, 129.28340829503549]",30
60,4280428995,settled,Qf4i_0011,unmatched,,"[0.040082764222048275, -0.3945078544329628, 0.8849169822152643, -0.24429256924853357]","[-1.6243950116796433e-05, -0.7071084809778583, 0.7071050778668864, -6.870359982340391e-05]","[442.4876733061385, 6.424748741420194, 40.889028548656825]",4.329999999999781,100.0,0.0,"[63.1778070964429, 119.3204725923668, 119.32047259236681]",26
61,345698675,settled,Qf4i_0007,unmatched,,"[0.1799933627723881, -0.12901717489034167, -0.7131556542542776, -0.6651059845967076]","[0.00022309049859720043, 1.1031486515961086e-05, -0.707104269082654, -0.7071092580033311]","[442.3691283193857, 39.11676635648916, 3.5707895103414544]",4.579999999999864,100.0,0.0,"[63.1778070964429, 112.86499668754658, 112.8649966875466]",23
62,2296661869,settled,Qf4i_0008,unmatched,,"[0.17970682933787863, 0.07114079317206774, 0.5188104045949198, -0.8327545899724789]","[8.839510656563632e-05, 3.557333680159758e-05, 0.707034136618276, -0.7071794118731768]","[442.45267978853946, 40.88833928301426, 3.5802131900854772]",4.699999999999904,100.0,0.0,"[63.1778070964429, 123.85993563767076, 123.85993563767077]",18
63,1808063307,settled,Qf4i_0012,unmatched,,"[0.2033581204969602, 0.7445317657791194, 0.5727615353710702, -0.2761560214319879]","[0.00024474693432127145, 0.707099301352355, 0.7071142175550919, 3.817590690332796e-05]","[442.2243799087285, 3.575639024318237, 39.108831710503736]",4.719999999999911,100.0,0.0,"[63.1778070964429, 128.10181297467236, 128.10181297467233]",22
64,3884888703,settled,Qf4i_0003,unmatched,,"[0.6793004957295425, 0.4230084733751552, -0.5069137185358015, -0.32039530257889964]","[0.707116980314829, 0.7070965809883079, 3.566422861625562e-05, 5.7572457323185056e-06]","[442.1422357950403, 39.11871274252616, 6.424561777778518]",4.849999999999954,100.0,0.0,"[63.1778070964429, 126.92177116949222, 126.92177116949219]",20
65,2494461129,settled,Qf4i_0003,unmatched,,"[0.6988770933263098, 0.586695007864493, -0.028007765136989552, -0.40813642481734236]","[0.7070650448805693, 0.707148496298272, -0.00015096817559565048, 6.082550061675685e-05]","[441.9837581027684, 39.11029320778, 6.423327385062384]",4.659999999999891,100.0,0.0,"[63.1778070964429, 118.85345113730169, 118.85345113730169]",21
66,3862701690,settled,Qf4i_0017,unmatched,,"[0.32442249600288015, -0.49395592226430945, -0.12500221364868, 0.7969517159340374]","[0.7070972001932729, 1.2764325664193653e-05, -0.00011015125485907464, 0.7071163533553779]","[442.6114567022682, 6.428733677781923, 39.112272457234255]",4.519999999999844,100.0,0.0,"[63.1778070964429, 126.4670714851652, 126.4670714851652]",26
67,1989052338,settled,Qf4i_0003,unmatched,,"[-0.42870128489106196, -0.8600027388149851, 0.11578295519546317, 0.25140565795081565]","[-0.7071232735383994, -0.7070902723043364, 0.0001220018490537822, 8.91541707745136e-05]","[442.4963795808161, 39.108563266403465, 6.426961943253141]",4.5899999999998675,100.0,0.0,"[63.1778070964429, 127.57559993007933, 127.57559993007933]",15
68,2910179760,settled,Qf4i_0004,unmatched,,"[0.6874480246775395, -0.6293776814475954, 0.0713303005926424, -0.35526178471651215]","[0.707101448622419, -0.7071120942706915, 0.00015350419689119654, -6.267898227454993e-05]","[442.1288961246744, 40.89306367673943, 6.422710760529839]",4.539999999999851,100.0,0.0,"[63.1778070964429, 115.36404951331885, 115.36404951331883]",21
69,1983180500,settled,Qf4i_0002,unmatched,,"[0.5537040183723525, -0.21712226630328488, -0.041601373278368714, -0.8028319296434271]","[0.7071153949203399, 9.842537843815126e-06, -2.7802446476041904e-05, -0.7070981667327388]","[442.31661087438187, 3.5738782474253985, 40.885312086714784]",4.739999999999918,100.0,0.0,"[63.1778070964429, 125.50619804473556, 125.50619804473554]",24
70,2796940620,settled,Qf4i_0005,unmatched,,"[0.6429623651661133, 0.4498104375355989, 0.5600263962080593, -0.2657826232360657]","[0.4999263241274502, 0.5000860619237392, 0.4999213286850094, -0.5000662618492039]","[442.0606129737571, 3.579683006836951, 39.116679365403456]",4.429999999999814,100.0,0.0,"[63.1778070964429, 118.05545423062384, 118.05545423062385]",25
71,2835193311,settled,Qf4i_0013,unmatched,,"[-0.03739039526881122, -0.9208521173882708, -0.08934805188513095, -0.3776906960298498]","[-4.0604824967941093e-05, -0.9999999871815979, 2.211060693840805e-05, 0.00015329440122985056]","[442.5471413055436, 39.12378021400676, 6.424752580697114]",4.509999999999841,100.0,0.0,"[63.1778070964429, 116.9111721248465, 116.91117212484652]",18
72,1671370085,settled,Qf4i_0002,unmatched,,"[-0.8264346652783222, -0.1321621962163896, -0.3527524311990733, 0.41845503964071346]","[-0.7070913175012847, -3.274523259041959e-05, 5.8702077984086604e-05, 0.7071222413388742]","[441.95592849714325, 3.581092326572527, 40.88125752104742]",4.299999999999771,100.0,0.0,"[63.1778070964429, 126.88482379995358, 126.88482379995364]",28
73,3953588250,settled,Qf4i_0010,unmatched,,"[0.4702031123833249, 0.021406761150447595, -0.8422546634947904, 0.26278863275141723]","[-1.586243158941424e-05, 2.5305708970246865e-05, -0.9999999926910573, 0.00011715754302237951]","[442.52449114752005, 40.88794693642818, 3.5800404011788087]",4.069999999999694,100.0,0.0,"[63.1778070964429, 127.00787165721708, 127.00787165721708]",24
74,358542842,settled,Qf4i_0009,unmatched,,"[0.10735659184234503, 0.2029367794254412, -0.02907667244048502, -0.9728544458778069]","[-5.696221236528577e-06, 0.00011133002509263545, -8.177267130438146e-06, -0.9999999937531555]","[442.0162883352741, 39.10783493920294, 3.5723483133288867]",4.439999999999817,100.0,0.0,"[63.1778070964429, 115.47844652250186, 115.47844652250187]",13
75,3497188667,settled,Qf4i_0010,unmatched,,"[0.2919765679122567, -0.048747198747361525, 0.9150532874671483, 0.2739541485358981]","[-8.02798458461858e-05, 0.00013606156118251, 0.9999999869489011, 3.383187394420113e-05]","[441.92352468510575, 40.89505732541093, 3.5758569003291467]",4.699999999999904,100.0,0.0,"[63.1778070964429, 127.36330009889299, 127.36330009889296]",14
76,253549709,settled,Qf4i_0016,unmatched,,"[0.30010673307083396, 0.5155344203869836, -0.6703577212910298, 0.44133970551866974]","[0.5000900172195838, 0.5001009187369525, -0.4998907833361087, 0.4999182438073092]","[442.13245964752844, 6.4241953677180925, 40.886714740731854]",4.659999999999891,100.0,0.0,"[63.1778070964429, 126.22722314006978, 126.22722314006978]",27
77,1953331372,settled,Qf4i_0009,unmatched,,"[-0.14150696466078264, -0.1808100534266529, 0.05662958103217592, -0.971636039926712]","[-0.00011319483261656994, -3.43060853408646e-05, -0.00010790928020467621, -0.9999999871828048]","[442.1948307598385, 39.11798014639064, 3.576348550173674]",4.599999999999871,100.0,0.0,"[63.1778070964429, 114.31240634319157, 114.31240634319158]",13
78,890775398,settled,Qf4i_0010,unmatched,,"[0.6001554371354401, -0.15560007509735826, -0.7567404099813465, 0.2072342148578009]","[0.00012154496664411126, -5.084381090503243e-05, -0.9999999846470334, -0.00011553207762383675]","[441.92482320587993, 40.891393014777606, 3.5750800076377702]",4.309999999999774,100.0,0.0,"[63.1778070964429, 128.6505494365778, 128.65054943657785]",23
79,642810498,settled,Qf4i_0013,unmatched,,"[0.2022732219215205, -0.9256380572142716, -0.08491884377451847, -0.3083318353690952]","[-3.5983240123838555e-05, -0.9999999989721439, -2.5885136270498158e-05, 9.533020588704063e-06]","[442.4366260497789, 39.11889770089615, 6.422339038995393]",4.409999999999807,100.0,0.0,"[63.1778070964429, 122.23708819993462, 122.23708819993463]",27
80,1233062494,settled,Qf4i_0002,unmatched,,"[0.6484705890085933, -0.1699505138861542, -0.1394193506500166, -0.7288106494042248]","[0.7070995736971448, -5.535073892185616e-06, -5.477357182355949e-05, -0.7071139864594216]","[441.8634825433043, 3.581727869751007, 40.88681946343517]",4.679999999999898,100.0,0.0,"[63.1778070964429, 127.3032746038037, 127.30327460380367]",21
81,908446902,settled,Qf4i_0016,unmatched,,"[0.22250656114612832, 0.8486682401872814, -0.3923837536671801, 0.2762028931825312]","[0.4999408316487999, 0.5000523498025211, -0.49998968405696986, 0.5000171278505317]","[442.22109650972556, 6.427072749055837, 40.88180070632765]",4.629999999999881,100.0,0.0,"[63.1778070964429, 124.68899951434044, 124.68899951434045]",23
82,3109591194,settled,Qf4i_0003,unmatched,,"[-0.7393603768084694, -0.47008268318612156, -0.4348076896123711, -0.2081124148822611]","[-0.7070282523690714, -0.7071852728688908, 0.00018492265857153467, 7.741382038495281e-05]","[441.86264293670337, 39.121788314922284, 6.423820535238138]",4.389999999999801,100.0,0.0,"[63.1778070964429, 126.61418834309346, 126.61418834309352]",17
83,2446198906,settled,Qf4i_0011,unmatched,,"[0.46838088924676186, -0.6025678945606854, 0.5917783634461127, -0.25947956295276087]","[3.308489251484535e-05, -0.7071152743183663, 0.7070982865679267, -2.938968976173066e-05]","[442.6725436759962, 6.427706909120784, 40.88668023082501]",4.419999999999811,100.0,0.0,"[63.1778070964429, 122.3193165065462, 122.31931650654622]",29
84,3358664237,settled,Qf4i_0007,unmatched,,"[0.024765616581336785, 0.0070959192151057865, -0.5881586200781739, -0.8083351716915311]","[-5.231153202878147e-05, 4.021195923767373e-05, -0.7070394136144983, -0.707174139262861]","[442.5148723533852, 39.13456717820043, 3.5745322933454644]",4.599999999999871,100.0,0.0,"[63.1778070964429, 122.03376926461482, 122.03376926461483]",14
85,896344283,settled,Qf4i_0005,unmatched,,"[-0.38634312381259117, -0.4288502954339026, -0.23248445573040505, 0.7828009917167457]","[-0.5001155372457354, -0.49996759365430954, -0.5000294917114377, 0.499887349429579]","[442.30577382034267, 3.586276326607775, 39.119010301451674]",4.419999999999811,100.0,0.0,"[63.1778070964429, 123.76889975403424, 123.76889975403425]",21
86,1869944201,settled,Qf4i_0002,unmatched,,"[0.670371325755256, 0.3999286459601908, 0.031112881082000495, -0.6242526350576072]","[0.7070202269729474, -3.511081079945435e-05, -3.642704720218199e-05, -0.707193322996918]","[442.15197632911514, 3.5722546364682537, 40.882869039448266]",4.019999999999677,100.0,0.0,"[63.1778070964429, 128.4799626652195, 128.47996266521946]",24
87,3190319407,unsettled,,not_evaluated,,"[-0.4447457840659689, 0.06240244522790489, 0.13797312136129672, 0.8827630147253258]","[-0.4215949629393003, 2.9023612537890076e-05, 1.385059722263032e-05, 0.9067842555922555]","[442.04623602220073, 27.926723973254393, 33.56374243870655]",4.189999999999734,100.0,0.0,"[63.1778070964429, 115.76662694628837, 115.76662694628838]",25
88,987968938,settled,Qf4i_0001,unmatched,,"[-0.8775247888270632, -0.11605795115981574, -0.46151621007641014, -0.05902190104792356]","[-0.9999999886042631, 1.9490907197281904e-05, -2.697668855226855e-05, -0.00014725432576706554]","[442.5241635402637, 40.89445578818454, 6.422398960616533]",4.419999999999811,100.0,0.0,"[63.1778070964429, 122.32121052680338, 122.3212105268034]",20
89,48960437,settled,Qf4i_0005,unmatched,,"[0.2114012471439735, 0.6114095541866983, 0.6451706556466325, -0.406500547167762]","[0.4999658495881434, 0.4999378096261858, 0.4999952852598163, -0.5001010402605984]","[442.49465266490665, 3.5905899990292394, 39.11591559350795]",4.429999999999814,100.0,0.0,"[63.1778070964429, 127.54070524122244, 127.54070524122241]",26
90,2405484524,settled,Qf4i_0011,unmatched,,"[-0.3417230195255686, -0.4212427763487342, 0.8142340509593118, 0.20688840363521335]","[-2.8766007638045485e-05, -0.7071584937965637, 0.7070550623432366, -5.1368221071317163e-05]","[441.8832473161761, 6.420309157027164, 40.887950460034766]",4.399999999999804,100.0,0.0,"[63.1778070964429, 123.63679880337598, 123.63679880337598]",25
91,3763400334,settled,Qf4i_0011,unmatched,,"[0.10769911928143597, 0.8032662467918286, -0.5638345914346622, 0.15891755715678432]","[-4.463130315149405e-05, 0.7071772712534145, -0.7070362821097491, -2.8478848394486053e-05]","[441.8464364575704, 6.424024640901277, 40.88659535330109]",4.419999999999811,100.0,0.0,"[63.1778070964429, 125.76600859935319, 125.76600859935319]",25
92,4209925572,settled,Qf4i_0005,unmatched,,"[-0.2551440352611338, -0.7322693535047043, 0.09629130523668734, 0.6240281241452846]","[-0.4998932210322561, -0.4999678192482767, -0.5000280135374138, 0.5001109206565544]","[442.04214507772144, 3.5831733287599206, 39.111416140456726]",4.459999999999824,100.0,0.0,"[63.1778070964429, 126.62257286216638, 126.62257286216635]",21
93,4172993659,settled,Qf4i_0007,unmatched,,"[0.02061258821177018, -0.08279958466112873, -0.5816412641634049, -0.8089578417999006]","[-0.00013653194140958447, -9.862767651996895e-06, -0.707073875338893, -0.7071396722536465]","[441.8702479947522, 39.12348139274657, 3.5828444049915595]",4.599999999999871,100.0,0.0,"[63.1778070964429, 122.46420047753979, 122.4642004775398]",17
94,2147595062,unsettled,,not_evaluated,,"[0.2212092258062878, -0.37459868996068196, -0.8561954135913807, 0.2786964543064874]","[1.1853888156378397e-05, -0.4036608259273502, -0.9149087044451153, -1.3021851378941847e-06]","[442.42290461654585, 30.216486772642998, 31.30207548017854]",4.049999999999687,100.0,0.0,"[63.1778070964429, 123.91217225078529, 123.9121722507853]",19
95,3425188374,settled,Qf4i_0017,unmatched,,"[0.5059250338539225, 0.5109554085324367, 0.07321181329946617, 0.6910893292511195]","[0.7071333580826198, -0.00011751795076354817, -5.5114177272339014e-05, 0.7070801913777223]","[442.08166420220635, 6.431622423342873, 39.120936252750894]",4.5599999999998575,100.0,0.0,"[63.1778070964429, 129.0536377114691, 129.05363771146907]",35
96,3309235867,settled,Qf4i_0013,unmatched,,"[-0.24306734196876895, -0.9520584383161628, 0.18532314741948006, -0.012582858568879786]","[6.039883433778305e-05, -0.9999999844941936, 0.0001622093975536809, 3.243000074595468e-05]","[442.44252233983906, 39.130028028672285, 6.4264562921772415]",4.549999999999854,100.0,0.0,"[63.1778070964429, 124.74268192619596, 124.74268192619597]",17
97,3869940862,settled,Qf4i_0005,unmatched,,"[0.4370446962991622, 0.5315879670277385, -0.0712213307553231, -0.7220344097018713]","[0.4998568915144613, 0.5000637771517273, 0.5000257354266525, -0.5000535678277708]","[442.05121544360577, 3.5802990622186455, 39.11082063170079]",4.359999999999791,100.0,0.0,"[63.1778070964429, 129.39036505380759, 129.39036505380756]",16
98,3445858407,settled,Qf4i_0015,unmatched,,"[0.3661788719150667, -0.41659059920173236, 0.7948487591076118, 0.24613158384254633]","[0.49997085802125985, -0.5000430544705591, 0.5000069314777359, 0.4999791528448538]","[442.1779273226972, 6.428145684563344, 39.11519703089651]",4.579999999999864,100.0,0.0,"[63.1778070964429, 124.5831174070466, 124.58311740704661]",22
99,683688611,settled,Qf4i_0015,unmatched,,"[-0.682405748726563, 0.305727349839879, -0.6632158721570864, 0.03158937453857804]","[-0.5000461738115708, 0.4999922468014307, -0.5000126414049679, -0.4999489330222563]","[442.39983785019456, 6.429160567666212, 39.11138902449875]",4.449999999999821,100.0,0.0,"[63.1778070964429, 126.97389680393584, 126.97389680393582]",28
100,3671515462,settled,Qf4i_0017,unmatched,,"[0.6402118711341894, -0.3304223695691226, -0.27371010904364496, 0.6372068690421518]","[0.7071569801979861, 0.00012367623940446625, 4.970952353748524e-05, 0.7070565660471702]","[442.1696627733652, 6.425354026568707, 39.11719552570871]",4.659999999999891,100.0,0.0,"[63.1778070964429, 114.70555984164281, 114.70555984164282]",32
101,3027130951,settled,Qf4i_0007,unmatched,,"[0.4323985038399516, -0.027103271289900536, 0.5777234325488388, 0.6917604947135565]","[-2.181247862731439e-05, 4.970912425875107e-05, 0.7070374921105432, 0.7071760613901267]","[442.4920293243882, 39.11174839827232, 3.5770128419931706]",4.669999999999894,100.0,0.0,"[63.1778070964429, 118.12653119319403, 118.12653119319403]",21
102,3369736057,settled,Qf4i_0012,unmatched,,"[0.392632373983932, 0.52958689597549, 0.7336367340362236, 0.1647867742977288]","[0.00013318769094595016, 0.7071703913815607, 0.7070431486646748, 7.576695879339415e-05]","[442.48653183332533, 3.5806825170225167, 39.11070788167122]",4.699999999999904,100.0,0.0,"[63.1778070964429, 124.33932417741036, 124.33932417741038]",35
103,1655287705,settled,Qf4i_0012,unmatched,,"[-0.338374559147956, -0.8339932412337537, -0.3591333831681041, -0.24694360569181797]","[4.661408759097111e-05, -0.7069970297257654, -0.7072165139205556, -1.4970926850998051e-05]","[442.15815339037306, 3.579637141013604, 39.11600864236926]",4.539999999999851,100.0,0.0,"[63.1778070964429, 123.33591209798885, 123.33591209798885]",13
104,3004971955,settled,Qf4i_0017,unmatched,,"[0.5983807723644567, 0.14162009627689387, 0.0638763219609358, 0.7860050986398133]","[0.7071984343143125, -3.439747301776979e-05, 1.172930363039911e-05, 0.7070151152433889]","[442.66155204149806, 6.4191893543965834, 39.10953082109998]",4.649999999999888,100.0,0.0,"[63.1778070964429, 117.05954829805141, 117.05954829805142]",20
105,1256815592,settled,Qf4i_0015,unmatched,,"[-0.8963728679837667, 0.2073247730587596, -0.3124893183533954, -0.23639489405171335]","[-0.49993109128006874, 0.5000477011915451, -0.5000407684768062, -0.4999804299827103]","[442.27527083675153, 6.428165368644747, 39.11529943272157]",4.659999999999891,100.0,0.0,"[63.1778070964429, 118.22357729118366, 118.22357729118367]",27
106,267482411,settled,Qf4i_0015,unmatched,,"[0.4002740386498517, -0.1331578089714626, 0.5374979806924249, 0.7301682084591344]","[0.5000030058765531, -0.5000047583618725, 0.49996764400344285, 0.5000245900748721]","[442.1250066587549, 6.430036697389851, 39.11738147697968]",4.739999999999918,100.0,0.0,"[63.1778070964429, 116.7143111961444, 116.71431119614441]",29
107,2210323869,settled,Qf4i_0007,unmatched,,"[-0.03946429185382657, -0.17456744636691948, 0.9180226636504986, 0.35384059315100097]","[8.980307970227197e-05, 1.367520858219784e-07, 0.707152618127219, 0.7070609355714739]","[441.9090012109842, 39.1207047260794, 3.5705909370730287]",4.579999999999864,100.0,0.0,"[63.1778070964429, 128.6963777720403, 128.6963777720403]",15
108,3218958405,settled,Qf4i_0010,unmatched,,"[-0.404214603219616, -0.0038812743139640593, -0.9040684339258072, 0.13876511460971241]","[-5.6687279895809513e-05, -8.645347470814801e-05, -0.9999999593079348, -0.000265888092719887]","[441.88714967929207, 40.90026827998075, 3.5847505588293314]",4.849999999999954,100.0,0.0,"[63.1778070964429, 122.57773963338516, 122.57773963338516]",17
109,3163371865,settled,Qf4i_0004,unmatched,,"[0.8462289503461226, -0.5167025404202564, -0.06457889602577149, 0.11289204802573749]","[0.7071037759673731, -0.7071097738488201, -4.341185138245774e-05, 0.00012591888247953656]","[442.03916004623557, 40.89283871530881, 6.425113155155274]",4.699999999999904,100.0,0.0,"[63.1778070964429, 127.8729441491944, 127.8729441491944]",10
110,1394697297,settled,Qf4i_0016,unmatched,,"[-0.527043442183119, 0.08164700032060408, 0.5638111724638022, -0.6306155240678819]","[-0.5000843295362277, -0.5000850202270419, 0.49992777790398946, -0.499902843337383]","[442.06735090426713, 6.427123050749838, 40.885728321069365]",4.669999999999894,100.0,0.0,"[63.1778070964429, 123.94172196019021, 123.94172196019021]",35
111,4178031102,settled,Qf4i_0010,unmatched,,"[0.14205173309217967, 0.22217751906063563, 0.8725296558567031, -0.4112790473634079]","[1.0671881724079491e-05, 2.3181634257185557e-05, 0.9999999996687756, -3.3424175716789417e-06]","[441.8763877319923, 40.8849561135375, 3.5773943037823894]",4.899999999999971,100.0,0.0,"[63.1778070964429, 124.29626334353028, 124.29626334353028]",17
112,643453088,settled,Qf4i_0007,unmatched,,"[0.16125469630250971, -0.1583389287120832, -0.45793045026355916, -0.8597821871242212]","[-0.00020396593751237369, -0.00010771044324175971, -0.7070931985448835, -0.7071203259473755]","[442.494846071278, 39.120179231734205, 3.569979030187534]",4.509999999999841,100.0,0.0,"[63.1778070964429, 123.6982161544006, 123.69821615440061]",19
113,3249835323,settled,Qf4i_0016,unmatched,,"[-0.4388154353499695, -0.6030056891706321, 0.6417647301759779, -0.17878250369827034]","[-0.5000232759792986, -0.500055855045469, 0.4999099978382434, -0.500010859257119]","[442.4759337561681, 6.434374383673409, 40.88507846343743]",4.819999999999944,100.0,0.0,"[63.1778070964429, 130.50637535934223, 130.5063753593422]",28
114,349764347,settled,Qf4i_0005,unmatched,,"[-0.30489753517779516, -0.43322652470872064, -0.6190352861678763, 0.5797823607271656]","[-0.49990293308574446, -0.500026158412939, -0.5000379753825405, 0.5000329204866398]","[442.09010708626437, 3.5897251081989068, 39.11334106880393]",4.419999999999811,100.0,0.0,"[63.1778070964429, 115.84365689046263, 115.84365689046264]",25
115,317791015,settled,Qf4i_0003,unmatched,,"[0.5443368254782056, 0.8017468445001573, -0.08128455950703292, 0.2330069487120453]","[0.7070985233577143, 0.7071150387447981, -1.5341586833167442e-05, -3.304311687685191e-06]","[442.5521646361233, 39.11490719326656, 6.423126711270058]",4.579999999999864,100.0,0.0,"[63.1778070964429, 123.25393385222156, 123.25393385222158]",20
116,4067508317,settled,Qf4i_0003,unmatched,,"[0.5955590242325951, 0.7207480982005338, 0.2068895066340097, 0.28814642048821065]","[0.7071353964658509, 0.7070781623709833, 2.6960353570776308e-05, 5.134487937122345e-05]","[442.2918003680724, 39.12284559798187, 6.424832863006172]",4.4999999999998375,100.0,0.0,"[63.1778070964429, 119.2608846239138, 119.26088462391381]",17
117,2385507088,settled,Qf4i_0004,unmatched,,"[0.7935180967557761, -0.5842239107778282, 0.16865601414313822, -0.02380338400102947]","[0.7070771107487582, -0.7071364088293833, -0.00024206481673968994, -1.2949757602020995e-05]","[441.83984216089056, 40.88563086593241, 6.422773999677778]",4.5299999999998475,100.0,0.0,"[63.1778070964429, 124.90102309581778, 124.90102309581778]",15
118,1526028037,settled,Qf4i_0011,unmatched,,"[0.2630177601705282, -0.7900518183688993, 0.4937222272738805, -0.25075514834713364]","[6.0033304728409145e-05, -0.707096267493566, 0.7071172881352569, -7.558379428473317e-05]","[442.52778911243564, 6.425582043776287, 40.880806027189166]",4.429999999999814,100.0,0.0,"[63.1778070964429, 118.62426000966724, 118.62426000966725]",31
119,297824171,settled,Qf4i_0001,unmatched,,"[-0.933932999720975, 0.21481804800681226, 0.26642393429049765, 0.10315350464185136]","[-0.9999999729413482, 6.923473099657013e-05, 0.00015761699279124493, -0.00015646321746087819]","[442.4755704349355, 40.89691173034793, 6.428438629092596]",4.729999999999914,100.0,0.0,"[63.1778070964429, 124.20993470118151, 124.20993470118152]",19
120,1353143832,settled,Qf4i_0016,unmatched,,"[0.5671219962586049, 0.5721035472805955, -0.5847319661804703, 0.09570109861091201]","[0.4999961151252144, 0.5000359292824018, -0.49998487417496884, 0.49998307959631894]","[442.0761210935626, 6.439151294905857, 40.883740566706]",5.170000000000061,100.0,0.0,"[63.1778070964429, 129.1354077135162, 129.13540771351617]",29
121,1739382006,settled,Qf4i_0001,unmatched,,"[0.9563955010837077, 0.2085247552370943, 0.03434642180192158, -0.2016070317959121]","[0.9999999899889147, -2.7718714627150287e-05, -0.00013860564851948722, 6.505185313088192e-06]","[442.54382675210513, 40.893400740176894, 6.426057659614695]",4.519999999999844,100.0,0.0,"[63.1778070964429, 123.20708047582315, 123.20708047582316]",23
122,580680804,settled,Qf4i_0016,unmatched,,"[-0.16968873215430308, -0.36406722040316836, 0.42312173284399845, -0.8121753458477228]","[-0.500048149411395, -0.49995430506943433, 0.5000163807995088, -0.49998115968998175]","[442.6603119842306, 6.425306768429645, 40.88854280825245]",4.489999999999834,100.0,0.0,"[63.1778070964429, 122.36607023150235, 122.36607023150236]",18
123,2823014988,settled,Qf4i_0012,unmatched,,"[-0.41227841655831576, -0.6776159921022714, -0.6077500533991811, 0.03876786144108055]","[-4.2908502615534936e-05, -0.7071406024793782, -0.7070729554441347, -4.6513001222692154e-05]","[442.04118214797165, 3.5930409972117596, 39.119141698282874]",4.899999999999971,100.0,0.0,"[63.1778070964429, 126.99111640694896, 126.99111640694896]",28
124,3517474495,settled,Qf4i_0007,unmatched,,"[-0.23672114932782023, 0.04142403951345284, -0.8289665791097921, -0.5050361938815002]","[-5.61314123719292e-05, -4.379251522168559e-05, -0.7071677036876061, -0.7070458498518173]","[441.8976505156087, 39.10702679649798, 3.572625964078032]",4.539999999999851,100.0,0.0,"[63.1778070964429, 126.56037711003476, 126.56037711003474]",14
125,1323262800,settled,Qf4i_0016,unmatched,,"[-0.6415921793379193, -0.5698607289892506, 0.4583733999693336, -0.23132671953065048]","[-0.5000105401861127, -0.49999818355323805, 0.4999866434867851, -0.5000046324596131]","[442.61976555787555, 6.4320463422079355, 40.88407608473248]",4.829999999999948,100.0,0.0,"[63.1778070964429, 119.79919914385145, 119.79919914385147]",28
126,975802718,settled,Qf4i_0007,unmatched,,"[0.1828500380211907, -0.3326974519297312, -0.8638549380056043, -0.3311086153491733]","[-9.046257171654859e-05, -6.180456853935312e-05, -0.7070957933611408, -0.7071177603537457]","[441.84110121217884, 39.117951523507635, 3.5714324157518456]",4.909999999999974,100.0,0.0,"[63.1778070964429, 115.68552160742836, 115.68552160742837]",23
127,2199045525,settled,Qf4i_0008,unmatched,,"[-0.22696590219673, 0.3044849169639917, -0.8281543798994311, 0.4122326256312622]","[-6.24411563421301e-06, -0.00014078467938860584, -0.7071555603197478, 0.7070579846445048]","[442.33836376239054, 40.89387872538795, 3.5794350082570743]",4.789999999999934,100.0,0.0,"[63.1778070964429, 127.72515023159455, 127.72515023159453]",29
128,1193102617,settled,Qf4i_0009,unmatched,,"[0.264923181569912, 0.29490665124873133, -0.18009117139264283, -0.9002293846029246]","[-0.00010832472293109685, -4.3005525783305036e-05, -2.5014094494246142e-05, -0.9999999928952872]","[442.64121879283744, 39.114046128010465, 3.5747536177524046]",4.369999999999794,100.0,0.0,"[63.1778070964429, 123.9167718220883, 123.9167718220883]",11
129,884894373,settled,Qf4i_0015,unmatched,,"[0.24323434425598156, -0.33171914018306525, 0.7142081939729147, 0.5663092101251029]","[0.5000147446499519, -0.5000369516263119, 0.5000300787547795, 0.4999182157927413]","[441.8503368415524, 6.4374978687652264, 39.124385478358185]",4.509999999999841,100.0,0.0,"[63.1778070964429, 111.47082577961179, 111.4708257796118]",27
130,3411013638,settled,Qf4i_0006,unmatched,,"[0.3126121128521153, -0.6949372831241458, -0.027806151001005218, -0.6469641855533245]","[0.5000521188681677, -0.49992224163723625, -0.5000218848322392, -0.5000037454066437]","[442.44621975560375, 3.5804930045938916, 40.8866987326493]",4.659999999999891,100.0,0.0,"[63.1778070964429, 126.18117056439837, 126.18117056439837]",30
131,805745625,settled,Qf4i_0015,unmatched,,"[-0.3424978912137264, 0.6707485143263009, 0.13948719511167293, -0.6429113060470228]","[-0.49999436253853324, 0.5000857315957029, -0.49998064673309695, -0.49993924768558684]","[442.3134648466028, 6.425241454980701, 39.10934885599815]",5.000000000000004,100.0,0.0,"[63.1778070964429, 128.8718009827563, 128.87180098275627]",26
132,3780170430,settled,Qf4i_0002,unmatched,,"[-0.45454422231488245, -0.5278795953913799, 0.4315643283729163, 0.5731360337700163]","[-0.7071209083874682, -2.3246243973328892e-05, 0.0001099374997686201, 0.7070926447748132]","[442.3383793758253, 3.586632451968715, 40.879055370569766]",4.399999999999804,100.0,0.0,"[63.1778070964429, 121.07001236375615, 121.07001236375615]",17
133,3127142703,settled,Qf4i_0003,unmatched,,"[0.8109661425997057, 0.5741242930685939, -0.029942342788381628, 0.10871369634863957]","[0.7070519686531402, 0.7071615883517902, 3.879168405213074e-05, -8.871151221473417e-06]","[441.98981539372045, 39.112151191267614, 6.425627405827774]",4.5899999999998675,100.0,0.0,"[63.1778070964429, 123.19808345714188, 123.19808345714189]",17
134,2145807442,settled,Qf4i_0001,unmatched,,"[-0.9662686388106635, 0.17809795131962475, 0.1504178008414682, -0.10945557352988719]","[-0.9999999962601545, -1.1692788263806807e-05, 5.564090688669006e-05, 6.51694664200453e-05]","[442.05778570738545, 40.88841480862164, 6.424792674171824]",4.609999999999874,100.0,0.0,"[63.1778070964429, 126.45692709971165, 126.45692709971162]",20
135,7356014,settled,Qf4i_0004,unmatched,,"[0.4988490939016427, -0.7433352498905929, -0.3422532345282446, 0.2854207617510581]","[0.7070616059712204, -0.7071519317008009, 0.00013549518479480382, 0.00011177781308036039]","[442.2690894188453, 40.89456596152915, 6.422010394542339]",4.929999999999981,100.0,0.0,"[63.1778070964429, 122.30558091111477, 122.30558091111476]",27
136,1854214563,settled,Qf4i_0009,unmatched,,"[-0.4786522849747108, 0.042381572721339654, -0.04037269627946136, 0.8760512757694499]","[1.749656716765191e-05, -5.543504516651361e-05, 0.00012186326147386781, 0.9999999908850856]","[442.43996938683233, 39.11637469227941, 3.58136573773684]",4.779999999999931,100.0,0.0,"[63.1778070964429, 110.52005716196061, 110.5200571619606]",22
137,3246756741,settled,Qf4i_0007,unmatched,,"[-0.08399953635894963, -0.5055213412894473, 0.5871633428450268, 0.626603112194197]","[-7.191719790825002e-05, -4.380349917609827e-05, 0.7070699222608873, 0.7071436331772727]","[442.0702830627336, 39.12189434129629, 3.571862275358193]",4.639999999999884,100.0,0.0,"[63.1778070964429, 123.90552251757126, 123.90552251757127]",21
138,4269520782,settled,Qf4i_0007,unmatched,,"[-0.5194752963382888, -0.681171635858136, -0.44299430503509846, -0.2643986851386907]","[-3.352471491469e-06, 1.2352759722472628e-05, -0.7070505529211418, -0.7071630048652701]","[441.8568102199162, 39.12070574218925, 3.578271009781399]",5.140000000000051,100.0,0.0,"[63.1778070964429, 113.97850762426235, 113.97850762426236]",19
139,3093880402,settled,Qf4i_0011,unmatched,,"[-0.05416076341648033, -0.7478633609396701, 0.6225989594738519, -0.22391413696379583]","[-6.150513910902106e-05, -0.7071199586918376, 0.7070935999266166, 3.4345156825076875e-05]","[442.4961425317211, 6.4197683611693925, 40.889645534707995]",4.379999999999797,100.0,0.0,"[63.1778070964429, 127.04434284862192, 127.0443428486219]",26
140,721312908,settled,Qf4i_0001,unmatched,,"[0.9460509825279109, 0.08363880904516226, 0.11253047497721545, -0.29211124641287545]","[0.9999999887483638, 1.7685264097212982e-05, -4.78607296814092e-07, 0.00014896400501063223]","[442.57149527214455, 40.88896630920972, 6.423486674744676]",4.299999999999771,100.0,0.0,"[63.1778070964429, 111.7093600692503, 111.70936006925031]",18
141,2185234596,settled,Qf4i_0016,unmatched,,"[0.658049694064986, 0.4307563872776133, -0.5116749430735624, 0.3458443112025753]","[0.49997057795926725, 0.4999540434381682, -0.500071051649279, 0.500004318908634]","[441.8813655847669, 6.430479673307354, 40.87792409488422]",4.819999999999944,100.0,0.0,"[63.1778070964429, 114.51114332329391, 114.51114332329392]",31
142,1811372632,settled,Qf4i_0015,unmatched,,"[-0.7830079767653161, 0.2912889024962417, -0.5406254869584637, 0.09886033813084501]","[-0.4999061169850994, 0.5000318479393029, -0.4999898893587063, -0.5000721305835338]","[442.2467427331685, 6.42608468304684, 39.11747629544584]",4.429999999999814,100.0,0.0,"[63.1778070964429, 129.90956098712178, 129.90956098712184]",27
143,158871473,settled,Qf4i_0007,unmatched,,"[0.2953320344710821, 0.049810363611343736, -0.7414813692062492, -0.6004192670227223]","[-2.6245457003803985e-06, -4.126475713950306e-05, -0.7071292978255838, -0.707084262621527]","[442.5296812887369, 39.11139970741789, 3.5776931752711723]",4.459999999999824,100.0,0.0,"[63.1778070964429, 120.89631903867615, 120.89631903867617]",19
144,3933942357,settled,Qf4i_0015,unmatched,,"[-0.5223161875567112, 0.16004639687034006, -0.6757715829697406, -0.4948774784889842]","[-0.5000824686882865, 0.49995638065933695, -0.5000508473028694, -0.49991028401136894]","[441.9247729944939, 6.425890549137007, 39.11450218022121]",4.6199999999998775,100.0,0.0,"[63.1778070964429, 119.71937546836983, 119.71937546836985]",18
145,2247311752,settled,Qf4i_0013,unmatched,,"[0.17245837010463527, -0.918707757440569, -0.27106461152521216, 0.22969140902101487]","[9.399911443721672e-06, -0.9999999990123973, 9.12023609800361e-07, -4.342827729518242e-05]","[442.0617250504267, 39.12209325784012, 6.429435771289179]",4.609999999999874,100.0,0.0,"[63.1778070964429, 123.29469182671454, 123.29469182671455]",19
146,2639539135,settled,Qf4i_0013,unmatched,,"[0.24645239917756623, 0.9491774324123663, 0.19576363711496306, -0.00012297239657634696]","[-6.496898223489913e-05, 0.9999999978325457, -6.995745629290173e-06, -8.06223064632411e-06]","[442.5902657946136, 39.11255768675123, 6.424446461484039]",4.669999999999894,100.0,0.0,"[63.1778070964429, 123.70159085488918, 123.70159085488919]",22
147,588020478,settled,Qf4i_0016,unmatched,,"[-0.5541136395536193, -0.535687911217833, 0.6371731857264717, 0.0026206157474491726]","[-0.5000184636036231, -0.4999771317341112, 0.49998680403058626, -0.5000175992839487]","[441.90478802523535, 6.438507785495543, 40.884981516797886]",5.140000000000051,100.0,0.0,"[63.1778070964429, 130.70477017864098, 130.70477017864098]",21
148,2481404281,settled,Qf4i_0006,unmatched,,"[0.47312332071797125, -0.36721755019782076, -0.5034863658683956, -0.6227415785092134]","[0.49998540645556466, -0.500044408010452, -0.49994534868980467, -0.5000248310557887]","[442.01680808439306, 3.5891530103749036, 40.88421475682971]",4.349999999999787,100.0,0.0,"[63.1778070964429, 120.87434652748045, 120.87434652748047]",19
149,3605935409,settled,Qf4i_0007,unmatched,,"[0.43758170113077044, -0.04842813697409204, 0.8423244287835887, 0.3109124105903791]","[-1.931932138460324e-06, 1.1083346709739317e-05, 0.7071136583019018, 0.7070999039148065]","[441.96554848581354, 39.116174209198846, 3.580478647032096]",4.739999999999918,100.0,0.0,"[63.1778070964429, 126.6019119538907, 126.60191195389068]",20
150,1724216363,settled,Qf4i_0004,unmatched,,"[0.9038264397716476, -0.3574809547607453, -0.07814863091813816, 0.2218060532056667]","[0.7071049704122729, -0.7071085914240163, 4.113569463642941e-06, 2.7123438676029954e-05]","[442.2812414077443, 40.89330657452936, 6.427060901135692]",4.939999999999984,100.0,0.0,"[63.1778070964429, 129.17916708803443, 129.1791670880344]",15
151,3705963873,settled,Qf4i_0007,unmatched,,"[-0.24027385609289806, -0.5535180547836926, -0.6057941642682696, -0.5185553660364869]","[0.0001518057987649202, 2.799705161773969e-05, -0.7070710026301056, -0.7071425410840604]","[442.2294046214984, 39.1230235672175, 3.575325127250204]",5.010000000000008,100.0,0.0,"[63.1778070964429, 121.22886212937044, 121.22886212937046]",19
152,3077038052,settled,Qf4i_0013,unmatched,,"[0.1080488437677232, 0.9024479935694852, 0.290136968917735, 0.2995556801833302]","[5.3497698613102555e-05, 0.9999999981609626, 1.732192390158094e-05, 2.271611800669491e-05]","[442.27665620795926, 39.12541925589365, 6.427650804967669]",4.639999999999884,100.0,0.0,"[63.1778070964429, 120.39363517617154, 120.39363517617156]",23
153,3012538924,settled,Qf4i_0007,unmatched,,"[-0.2967683441627183, 0.032054318743469104, 0.7489957090204642, 0.5915289497748546]","[7.566826992794207e-06, -1.757774379032573e-05, 0.7071058459893402, 0.7071077161235518]","[442.4900956899305, 39.12338344990271, 3.5758526873150007]",4.399999999999804,100.0,0.0,"[63.1778070964429, 120.24193497960901, 120.24193497960901]",21
154,339579960,unsettled,,not_evaluated,,"[0.10943307599770635, -0.7653763970695862, 0.4390938896072842, 0.457624222256652]","[-6.625852318773467e-05, -0.874663838081829, 0.4847299923488043, -2.1892927205931947e-05]","[442.7879650787571, 26.180397981321192, 38.06919068537595]",4.489999999999834,100.0,0.0,"[63.1778070964429, 128.51182353959413, 128.5118235395941]",14
155,3595527923,settled,Qf4i_0007,unmatched,,"[0.2823598288094946, 0.23222413686361007, -0.7567781334317684, -0.5418779697424069]","[3.04243797792092e-05, 0.00016568958073215345, -0.7071145373488079, -0.7070990048722325]","[442.40978463988336, 39.126744578793584, 3.5722867723836824]",4.439999999999817,100.0,0.0,"[63.1778070964429, 122.67727439682216, 122.67727439682217]",27
156,863450078,settled,Qf4i_0004,unmatched,,"[0.7155061920956329, -0.5773152119456528, -0.01774451200080499, 0.39299257934827014]","[0.7070775189463118, -0.7071360332089031, 1.6510148731496695e-06, -0.00011285202471897346]","[442.05502737131474, 40.90110129197624, 6.423576131668569]",4.799999999999938,100.0,0.0,"[63.1778070964429, 116.69971206334014, 116.69971206334013]",26
157,1293846983,settled,Qf4i_0011,unmatched,,"[-0.18121937706311114, -0.3645890702557667, 0.8980017844289259, -0.16681469476445587]","[5.566606705358117e-05, -0.707105737731347, 0.7071078207144414, 4.952948562643502e-05]","[442.2387961971501, 6.423920993898272, 40.885028248207654]",4.379999999999797,100.0,0.0,"[63.1778070964429, 117.68197308391728, 117.6819730839173]",18
158,297175216,settled,Qf4i_0002,unmatched,,"[-0.8477666509896012, -0.1312003505967588, -0.01452264579268696, 0.5136801205345047]","[-0.7071220856288429, 3.8586978728320705e-05, -6.238095568347223e-05, 0.7070914726084432]","[442.126145396074, 3.5701637800475625, 40.88628343051036]",4.489999999999834,100.0,0.0,"[63.1778070964429, 117.43187316480042, 117.43187316480044]",28
159,1619853330,settled,Qf4i_0012,unmatched,,"[0.15586584480866492, 0.8197316892259058, 0.5503561712418267, -0.029221240168093774]","[-2.685374769797431e-05, 0.7070276439927384, 0.7071859074601821, -4.689000599314515e-05]","[442.0565257655872, 3.5666081129831393, 39.11259962919148]",4.5899999999998675,100.0,0.0,"[63.1778070964429, 118.75214710306994, 118.75214710306996]",23
160,1315304267,settled,Qf4i_0010,unmatched,,"[-0.4261424284512491, 0.323448349614014, -0.8134978350905626, 0.22804619731232195]","[-0.000163701935694257, -6.341138141036096e-05, -0.9999999837881822, 4.005381718001195e-05]","[442.5781971251466, 40.89616647746761, 3.578775235949499]",4.839999999999951,100.0,0.0,"[63.1778070964429, 129.36284945038793, 129.3628494503879]",29
161,3174143715,settled,Qf4i_0008,unmatched,,"[0.21028905661679084, 0.04956162990199746, 0.6021092416687611, -0.7686264493274656]","[-2.870819193948049e-05, 3.5612570722931562e-06, 0.7071679060603931, -0.7070456504366012]","[442.0022212032271, 40.909838315620384, 3.5745423832687884]",4.659999999999891,100.0,0.0,"[63.1778070964429, 118.36599311266805, 118.36599311266805]",17
162,1039824701,settled,Qf4i_0009,unmatched,,"[0.01929008521369939, -0.13940476716176264, -0.33327631338561314, 0.9322666477146534]","[-4.255551918541656e-05, 4.4966705448997655e-05, 3.147234241297703e-05, 0.9999999975882575]","[442.52553410450963, 39.12387201175019, 3.5765805572585756]",4.599999999999871,100.0,0.0,"[63.1778070964429, 128.93678653682434, 128.93678653682431]",12
163,721441559,settled,Qf4i_0017,unmatched,,"[0.46336501333295005, -0.46209886921724336, -0.18784827917029898, 0.732441481280148]","[0.7070783975506651, 1.4757954018145766e-05, 4.5813866311249296e-05, 0.7071351620450479]","[442.6076382676647, 6.438797919158342, 39.11455950815776]",4.6199999999998775,100.0,0.0,"[63.1778070964429, 126.23147765921475, 126.23147765921472]",33
164,4105799406,settled,Qf4i_0002,unmatched,,"[0.8527785751162813, 0.07031150942377336, -0.23963750908264853, -0.45869255248571367]","[0.7071833317572472, -7.315577289689159e-05, 5.590752717264796e-05, -0.707030216332584]","[441.86866261272746, 3.582929681779364, 40.886764623267204]",4.539999999999851,100.0,0.0,"[63.1778070964429, 123.13171583058339, 123.13171583058339]",18
165,1633137197,settled,Qf4i_0002,unmatched,,"[0.7236837473945174, -0.25836959954595595, -0.3369182255788813, -0.5440708529780555]","[0.7072848481939354, -0.0001800304559568235, 4.44774056707428e-05, -0.706928645003212]","[441.902946009117, 3.591263470661167, 40.88093581142227]",4.959999999999991,100.0,0.0,"[63.1778070964429, 130.38455431878964, 130.3845543187896]",28
166,1521883525,unsettled,,not_evaluated,,"[-0.5517513661834995, 0.22633379929291328, 0.7597306458933603, -0.2591385476974333]","[5.415499559065928e-05, 0.38391702340744593, 0.9233675914479148, -8.525772537031992e-05]","[442.0818377439866, 31.37022853386176, 30.25060446040646]",3.769999999999696,100.0,0.0,"[63.1778070964429, 130.4347703788594, 130.43477037885947]",16
167,3988848284,settled,Qf4i_0015,unmatched,,"[0.7716485919791595, -0.43616381321231806, 0.404354639949391, 0.22542604927574153]","[0.5000326048026505, -0.4998708623184575, 0.500077507109908, 0.500019001660955]","[442.493096015834, 6.434884467647835, 39.11270904033258]",4.699999999999904,100.0,0.0,"[63.1778070964429, 118.45445317330747, 118.45445317330747]",28
168,2356674901,settled,Qf4i_0013,unmatched,,"[-0.27157585302068527, 0.8944891783916432, 0.23089258753045264, -0.2698597391605915]","[-1.9667444241979056e-05, 0.9999999920800318, 0.00012325200305224324, 1.61886280890143e-05]","[442.3510821259129, 39.11822673222631, 6.425739099466876]",4.669999999999894,100.0,0.0,"[63.1778070964429, 127.79674293012592, 127.79674293012592]",19
169,3622559309,settled,Qf4i_0008,unmatched,,"[-0.28730237314646756, 0.13582052279844167, -0.8446638484557238, 0.4307587666932988]","[-5.71999672057677e-05, -3.6468491425661886e-05, -0.7070951730354003, 0.7071183858932324]","[442.2760834175051, 40.89459295867209, 3.576505904226663]",4.709999999999908,100.0,0.0,"[63.1778070964429, 129.92355430643525, 129.92355430643522]",18
170,855568988,settled,Qf4i_0010,unmatched,,"[-0.05865782718403258, -0.1040160805530854, 0.9877741037645836, -0.10021094864582358]","[-4.97895695173654e-05, 0.00010674109433983503, 0.999999991971656, 4.6733558782942905e-05]","[442.2317850667837, 40.89082328970316, 3.578646189818856]",4.519999999999844,100.0,0.0,"[63.1778070964429, 120.8821814206631, 120.8821814206631]",24
171,2610361744,settled,Qf4i_0002,unmatched,,"[0.8768837609624777, 0.09896632620723421, 0.0167945194244441, -0.47010475444803335]","[0.7071089100067076, 3.744983487742702e-05, -5.126860016742209e-06, -0.7071046513496791]","[441.8523725951145, 3.5891871977886542, 40.885258304378894]",4.4699999999998274,100.0,0.0,"[63.1778070964429, 114.65643351853959, 114.65643351853959]",34
172,3797455899,settled,Qf4i_0017,unmatched,,"[-0.4969180501798989, 0.4726899551502556, 0.24221087694672733, -0.686272940450193]","[-0.7070795337104843, 2.160338812115979e-05, 2.227515513936991e-05, -0.7071340269318647]","[442.20619683654957, 6.437005704344995, 39.11460531082206]",4.689999999999901,100.0,0.0,"[63.1778070964429, 124.51725448632877, 124.51725448632878]",24
173,3701701166,settled,Qf4i_0012,unmatched,,"[0.038018151991904496, 0.4712419557531807, 0.8264302886090928, 0.30577543610716856]","[4.159280344633853e-05, 0.707114496604623, 0.7070990611564227, 6.836179531010391e-05]","[442.02563694715263, 3.5945009116616284, 39.11660523243428]",4.539999999999851,100.0,0.0,"[63.1778070964429, 115.2765207797469, 115.27652077974692]",31
174,1820757617,settled,Qf4i_0015,unmatched,,"[-0.5010353124202004, 0.6673439701378755, -0.2903095196649054, -0.46833324035406926]","[-0.5000239910376758, 0.5000014775266228, -0.4999312432302204, -0.5000432810269875]","[442.6426552407391, 6.4288854565067615, 39.11462714749175]",4.909999999999974,100.0,0.0,"[63.1778070964429, 114.26237821930229, 114.2623782193023]",20
175,3255375637,settled,Qf4i_0010,unmatched,,"[0.16079504159719665, 0.03163046504438766, 0.9836813166119124, -0.07426665218983812]","[-0.00010223779940680043, -6.686108750414423e-05, 0.9999999910988359, 5.3659627396629186e-05]","[442.3973391421538, 40.8874808712088, 3.5777456994681467]",4.549999999999854,100.0,0.0,"[63.1778070964429, 118.93005876311771, 118.9300587631177]",19
176,1973362254,settled,Qf4i_0005,unmatched,,"[0.4370329981051625, 0.6281019972483824, 0.25933110964107237, -0.5892685425102347]","[0.5000285045713657, 0.4999072372108232, 0.5000198694827936, -0.5000443769534614]","[441.96999147255957, 3.5633523882870715, 39.10871612425358]",4.579999999999864,100.0,0.0,"[63.1778070964429, 119.36817879458214, 119.36817879458215]",24
177,817567550,settled,Qf4i_0006,unmatched,,"[-0.6508066209752018, 0.08221533458115264, 0.55707091057372, 0.5092773129122438]","[-0.5000235665417987, 0.49995512789380836, 0.4999861385130674, 0.5000351630538568]","[442.6080907337419, 3.584425540406163, 40.87901056899196]",4.169999999999727,100.0,0.0,"[63.1778070964429, 129.63686052878214, 129.6368605287821]",19
178,3034277235,settled,Qf4i_0001,unmatched,,"[0.8184751723934598, -0.1985326357737203, 0.4910595501215825, -0.22258414800390608]","[0.9999999775978278, 0.00019834786766983252, -5.11811740423246e-05, 5.331936534513915e-05]","[442.55639225764486, 40.88759802226142, 6.42258651238771]",4.439999999999817,100.0,0.0,"[63.1778070964429, 129.153713381981, 129.15371338198096]",11
179,422340604,settled,Qf4i_0011,unmatched,,"[-0.10515306509406758, -0.6939169060083207, 0.5688745799846401, 0.4287235387804846]","[4.674570222248034e-05, -0.7071096091702217, 0.707103951120749, 2.726538590063681e-05]","[442.1048701951121, 6.4254493961957495, 40.88275046813648]",4.759999999999924,100.0,0.0,"[63.1778070964429, 127.32313648482544, 127.32313648482544]",34
180,2537213971,settled,Qf4i_0011,unmatched,,"[0.23132630909009871, 0.46561995068971057, -0.8276594625733378, 0.21134335630740153]","[-2.835851805559355e-06, 0.7070810682567364, -0.7071324915580082, 4.7831309336475356e-05]","[442.17948457271234, 6.424119481963596, 40.88860278478161]",4.579999999999864,100.0,0.0,"[63.1778070964429, 125.57155684786692, 125.57155684786689]",22
181,2777209301,settled,Qf4i_0010,unmatched,,"[0.32930012781810725, 0.01867638849719574, 0.9112679827706169, -0.24658321497792762]","[-7.353777337099219e-05, -2.0889083000186215e-05, 0.9999999963864279, 3.718852476319206e-05]","[442.6760619974635, 40.88476363497534, 3.5777582119908313]",4.749999999999921,100.0,0.0,"[63.1778070964429, 127.17050257271522, 127.17050257271522]",14
182,3393578195,settled,Qf4i_0010,unmatched,,"[-0.15397492832795756, 0.3309463782688252, -0.9275545927691834, -0.08005431649787881]","[-4.7074361971262416e-05, 0.00014564089907498357, -0.999999988278987, -3.841745526733392e-06]","[442.5360603818024, 40.89296707291368, 3.5785010356485443]",4.969999999999994,100.0,0.0,"[63.1778070964429, 112.67231970674827, 112.67231970674828]",28
183,968986378,settled,Qf4i_0002,unmatched,,"[-0.4905117620949998, -0.29508233684492746, 0.22153130108786623, 0.7894608973007544]","[-0.7070872623953899, 4.1628726800246745e-05, 9.732133667096666e-05, 0.7071262915164445]","[442.57010902437827, 3.582124321903437, 40.87760684869357]",4.259999999999757,100.0,0.0,"[63.1778070964429, 120.67716395155716, 120.67716395155716]",17
184,688328363,settled,Qf4i_0007,unmatched,,"[0.6574786135502686, 0.48651254614584893, 0.39037759997999605, 0.4226496712415117]","[-2.0290165751224446e-05, -7.684223978118855e-05, 0.7071063935403522, 0.707107164366149]","[442.38768804864867, 39.12035212954741, 3.579504351853287]",5.0600000000000245,100.0,0.0,"[63.1778070964429, 118.69443877369373, 118.69443877369373]",27
185,4152859901,settled,Qf4i_0001,unmatched,,"[0.8341644144507744, 0.048874222441177215, 0.5394240533290614, -0.10393618587774474]","[0.9999999986527632, 4.769003334854774e-05, -1.2432101317781847e-05, -1.6296539110838282e-05]","[442.42819151641817, 40.89543930774109, 6.423393241855827]",4.149999999999721,100.0,0.0,"[63.1778070964429, 115.78859532938279, 115.7885953293828]",19
186,1795468969,settled,Qf4i_0003,unmatched,,"[0.6958911543690574, 0.6723588408308361, 0.1118583646721971, -0.22617868308126884]","[0.7071544446715221, 0.7070591128530456, 1.3844522677469717e-05, -4.605545109920284e-05]","[442.0013243985177, 39.11539135745308, 6.425573607675758]",4.699999999999904,100.0,0.0,"[63.1778070964429, 109.24874426907257, 109.24874426907257]",22
187,2590496957,settled,Qf4i_0012,unmatched,,"[0.1047572316295402, 0.8643758926302282, 0.4643415446167823, 0.16207149226163065]","[-6.261977645867767e-05, 0.7071497288312162, 0.7070638189939026, 0.00011385279498253425]","[442.45026587900514, 3.580042817481546, 39.12068264610428]",4.549999999999854,100.0,0.0,"[63.1778070964429, 116.23104674818624, 116.23104674818626]",18
188,3299187091,settled,Qf4i_0009,unmatched,,"[0.20222460773203968, 0.2009896358457774, -0.3863384758428723, -0.8771835363215675]","[-2.6074912714779686e-05, 1.0005652177622348e-05, 7.734133923166819e-05, -0.9999999966191516]","[442.07015493380095, 39.115534294991825, 3.5731057104557498]",4.699999999999904,100.0,0.0,"[63.1778070964429, 127.35248690131984, 127.3524869013198]",14
189,1977285233,settled,Qf4i_0013,unmatched,,"[-0.32756654353009235, 0.8699542333514705, 0.3587758928499423, 0.08461471587927127]","[6.04749902603061e-05, 0.9999999929885017, -7.674956907993692e-05, -6.689750343004054e-05]","[442.18100363844746, 39.111166829504384, 6.42433032543599]",4.209999999999741,100.0,0.0,"[63.1778070964429, 116.61150641452595, 116.61150641452596]",19
190,2229299064,settled,Qf4i_0017,unmatched,,"[-0.619164876115041, -0.029487633076919168, 0.09038781523465148, -0.7794840463653336]","[-0.7071013556978906, 1.45794559381947e-05, -2.116438808865796e-05, -0.7071122061665416]","[442.4094206739813, 6.425775644739593, 39.11051153234499]",4.679999999999898,100.0,0.0,"[63.1778070964429, 117.5407875420286, 117.54078754202861]",14
191,621973311,settled,Qf4i_0007,unmatched,,"[0.16166114230001008, 0.06193822841095333, -0.8426691729137268, -0.5098411477631677]","[-3.6609792009589808e-06, -3.1684720892544153e-06, -0.7070919470520957, -0.7071216149932306]","[442.1042858194022, 39.10947001364645, 3.5808435211388234]",4.5299999999998475,100.0,0.0,"[63.1778070964429, 126.63554516858925, 126.6355451685893]",16
192,3137073118,settled,Qf4i_0001,unmatched,,"[-0.9517371159511713, -0.13330978245545402, -0.10058018127309286, -0.2575045458971512]","[-0.9999999933051595, 3.905035945969651e-05, 7.284148268117425e-05, 8.098684389984401e-05]","[442.02035745258183, 40.87498710142465, 6.4199922203951285]",4.539999999999851,100.0,0.0,"[63.1778070964429, 121.64946115309472, 121.6494611530947]",14
193,1722482046,settled,Qf4i_0013,unmatched,,"[0.08813421819190732, -0.994524617110877, -0.03387195651061283, 0.0447865616709708]","[-2.9703513589507803e-05, -0.999999996656559, 5.816840029204685e-05, -4.920386817512761e-05]","[442.404804367685, 39.122073991043784, 6.424956906555885]",4.579999999999864,100.0,0.0,"[63.1778070964429, 118.6311833814729, 118.63118338147291]",19
194,2843863878,settled,Qf4i_0015,unmatched,,"[-0.792454714480961, 0.19954686388438475, -0.5738415226829097, 0.0538746828831977]","[-0.49994096758349865, 0.5000441559456271, -0.5000089417173618, -0.5000059292038291]","[442.1934097709058, 6.420638483738548, 39.11861678785951]",4.4999999999998375,100.0,0.0,"[63.1778070964429, 126.48521077784764, 126.48521077784764]",23
195,3220027874,settled,Qf4i_0017,unmatched,,"[0.7896857943755625, -0.03461262758727217, -0.1393528469326443, 0.5964722090967093]","[0.7070722707431543, -6.353023558073185e-05, -5.164768360275756e-05, 0.7071412852058248]","[442.0493507735492, 6.428064480399374, 39.10817547195508]",4.929999999999981,100.0,0.0,"[63.1778070964429, 118.84906871173864, 118.84906871173865]",33
196,2854411774,settled,Qf4i_0012,unmatched,,"[0.25812684870484337, -0.42701643641739917, -0.8403627789845408, 0.21170236820704633]","[-4.74141180600583e-05, -0.7071001950407476, -0.707113365638993, -7.741694068204464e-06]","[442.1989704117125, 3.56913746317486, 39.116013640665386]",4.409999999999807,100.0,0.0,"[63.1778070964429, 120.75811522528032, 120.75811522528033]",20
197,656915034,settled,Qf4i_0008,unmatched,,"[0.12784497927697372, 0.19566603027633855, -0.8798667290965462, 0.4137692652898647]","[-2.334191862007895e-05, 2.3378178560268248e-05, -0.7070236215822745, 0.7071899302403143]","[442.31318336628135, 40.8913282632345, 3.5763216663908803]",4.699999999999904,100.0,0.0,"[63.1778070964429, 127.08294107731372, 127.08294107731369]",24
198,3284494407,settled,Qf4i_0009,unmatched,,"[0.06860253914579117, 0.045309811010266335, -0.15727795108926526, 0.9841261904604139]","[5.805286769244855e-06, 1.216728083020245e-05, 9.755585734736392e-05, 0.9999999951505554]","[441.95875973751873, 39.1090201162381, 3.580343363722264]",4.5899999999998675,100.0,0.0,"[63.1778070964429, 122.88286350838428, 122.88286350838429]",20
199,1067328885,settled,Qf4i_0009,unmatched,,"[-0.25591978843345803, -0.19766273096154707, 0.15568931420534965, -0.9333784570683347]","[-1.8888719414911215e-05, 1.3008519973674157e-05, -1.2259078243747142e-05, -0.9999999996618548]","[441.96735650946414, 39.11876068002885, 3.5794565812161254]",4.969999999999994,100.0,0.0,"[63.1778070964429, 116.01572332214646, 116.01572332214647]",22
200,1022616554,settled,Qf4i_0002,unmatched,,"[-0.8238360682547088, 0.3606969984141823, -0.22922594801049753, 0.37235369306119537]","[-0.7070690310796016, -3.72513080208211e-05, -4.8102904481442774e-05, 0.7071445266609959]","[442.4728408652714, 3.5789616694096233, 40.88946018687555]",4.889999999999968,100.0,0.0,"[63.1778070964429, 124.50177802047342, 124.50177802047344]",29
201,2676922396,settled,Qf4i_0005,unmatched,,"[0.5670889684174194, 0.5750736296769055, 0.14364165261314565, -0.5718981535064273]","[0.5000683872408572, 0.4999856318062688, 0.5000091308881124, -0.49993684110908315]","[442.27492274396826, 3.577497413347671, 39.1143347845416]",4.669999999999894,100.0,0.0,"[63.1778070964429, 126.53292813132286, 126.53292813132286]",22
202,2816620340,settled,Qf4i_0004,unmatched,,"[-0.7565840465540268, 0.6103532874587686, 0.21623990110412925, 0.09104806510126615]","[-0.7071030445464818, 0.707110498650727, -0.00015403385892254207, -5.800506021874652e-05]","[442.3504567331787, 40.8907492816165, 6.426644434358839]",4.699999999999904,100.0,0.0,"[63.1778070964429, 120.04402706572667, 120.04402706572668]",19
203,955953799,settled,Qf4i_0013,unmatched,,"[0.11073782713774945, 0.9170597891921606, -0.07497005608619735, -0.37565671480498297]","[-5.425179008495058e-05, 0.9999999975703675, -3.357761058414566e-05, -2.808117658338767e-05]","[442.4379523088095, 39.128070002968165, 6.4255696034985865]",4.689999999999901,100.0,0.0,"[63.1778070964429, 120.92161160068801, 120.92161160068802]",18
204,2242742075,settled,Qf4i_0002,unmatched,,"[-0.5055708590298321, -0.21761777531037735, 0.4139789610763628, 0.725025537588115]","[-0.7070399194516801, -8.88114803231625e-05, 0.0001166220395973364, 0.7071736214067821]","[442.1214262159878, 3.579287046901684, 40.88596464944563]",4.439999999999817,100.0,0.0,"[63.1778070964429, 115.67319937206547, 115.67319937206548]",21
205,563646561,settled,Qf4i_0007,unmatched,,"[0.1809966848044624, -0.019574520890661435, 0.7801086826909813, 0.5985711999518831]","[-5.2010694498977335e-05, -0.00013451375406378643, 0.7071034712354738, 0.7071100764150383]","[442.55808120937814, 39.122145763513736, 3.57165432458181]",4.539999999999851,100.0,0.0,"[63.1778070964429, 122.10694343901976, 122.10694343901977]",20
206,1252269686,settled,Qf4i_0007,unmatched,,"[-0.011368646951402817, -0.28266853817251103, 0.7576322028925588, 0.5881859370420873]","[-2.013416354418318e-06, -1.295974391551935e-05, 0.7071773106006738, 0.7070362446152173]","[442.1368346776332, 39.11836348280061, 3.5820693765631524]",4.459999999999824,100.0,0.0,"[63.1778070964429, 116.55045896040886, 116.55045896040887]",22
207,4027616480,settled,Qf4i_0007,unmatched,,"[-0.68043651234536, -0.516815929602009, -0.050263332945028244, -0.5170890106530511]","[-0.00013693566676886704, -0.00011979381156337898, -0.7071407897716807, -0.7070727475579509]","[441.82938020159634, 39.11650863200627, 3.574210934594504]",5.140000000000051,100.0,0.0,"[63.1778070964429, 124.27940170799485, 124.27940170799485]",24
208,3293718972,unsettled,,not_evaluated,,"[-0.08516311405964443, 0.5620827045333399, 0.651702175353801, 0.5020901830421239]","[-0.31280975329986255, 0.312922465594752, 0.6341463321443105, 0.6341041067478574]","[442.1903184569293, 26.643451131007687, 34.60900590341306]",4.409999999999807,100.0,0.0,"[63.1778070964429, 126.90164265195159, 126.90164265195156]",29
209,1890189631,settled,Qf4i_0015,unmatched,,"[-0.3394955856316147, 0.8200204556643811, -0.259860350300175, -0.3805020341213674]","[-0.4999539544364043, 0.5000536542290291, -0.49992441361549594, -0.5000679623879127]","[442.4602457140886, 6.430037210219526, 39.111090923111014]",4.599999999999871,100.0,0.0,"[63.1778070964429, 116.60284925030987, 116.60284925030986]",25
210,3852779429,settled,Qf4i_0011,unmatched,,"[-0.07873436011047828, 0.8811833971798156, -0.4645710261040449, -0.03860677113237618]","[0.00014295536217890034, 0.7070826601222117, -0.7071308851689146, 5.058150392008829e-05]","[442.6139140268589, 6.429800168081156, 40.87933154751153]",4.439999999999817,100.0,0.0,"[63.1778070964429, 115.0923681010941, 115.09236810109411]",24
211,3574699569,settled,Qf4i_0008,unmatched,,"[-0.014546357465746501, -0.03992950916464047, 0.7826885063450515, -0.6209611419547136]","[-1.2764781219920529e-05, -4.326249183822517e-05, 0.707049979707974, -0.7071635766641059]","[442.09198997457247, 40.89266942727888, 3.5729382306941213]",4.5599999999998575,100.0,0.0,"[63.1778070964429, 122.14888877382035, 122.14888877382036]",22
212,2869775536,settled,Qf4i_0006,unmatched,,"[-0.3863819961020629, 0.2479889883113953, 0.7960141815311683, 0.39442595954848136]","[-0.49988051479320544, 0.49986465562429416, 0.5001516131280124, 0.5001031502331621]","[442.7090551674959, 3.5809562393600594, 40.891255778715625]",4.579999999999864,100.0,0.0,"[63.1778070964429, 115.41338678483098, 115.41338678483099]",30
213,4134650688,settled,Qf4i_0004,unmatched,,"[-0.7081233746404337, 0.6882251021543365, -0.14514896229160873, 0.0619618737464115]","[-0.7071105114955191, 0.7071030382415435, -9.934157361871088e-05, 8.92937591767673e-05]","[441.99200430384997, 40.89474824341801, 6.429430138759292]",4.549999999999854,100.0,0.0,"[63.1778070964429, 115.85810767883213, 115.85810767883214]",17
214,2427166635,settled,Qf4i_0016,unmatched,,"[-0.7325272346230783, -0.4320528088242486, 0.4107407595996201, -0.3286734691545241]","[-0.4999739292112429, -0.4999940164535029, 0.5000025541065214, -0.500029498636551]","[442.4126558233501, 6.421603654199373, 40.88973404222739]",4.419999999999811,100.0,0.0,"[63.1778070964429, 116.74694620220698, 116.746946202207]",25
215,1727678526,settled,Qf4i_0005,unmatched,,"[-0.817861978484829, -0.44515403845660717, -0.3381080399473218, 0.13646471894828646]","[-0.5003009791219977, -0.4999845781465334, -0.49990680138045185, 0.49980750478436103]","[442.10534961752353, 3.598292925208524, 39.115645037694115]",4.599999999999871,100.0,0.0,"[63.1778070964429, 122.61559363531337, 122.61559363531336]",33
216,1757121035,settled,Qf4i_0001,unmatched,,"[-0.9059781301467139, -0.3465295566639513, 0.21530600688523707, -0.11297883630699883]","[-0.9999999954745432, 5.688034464122231e-06, 8.392067531555395e-05, 4.445087290344541e-05]","[442.2776604487369, 40.89235348897434, 6.427630839685779]",4.909999999999974,100.0,0.0,"[63.1778070964429, 127.66401973347405, 127.66401973347402]",27
217,3717735769,settled,Qf4i_0006,unmatched,,"[0.5094001570299311, -0.5002641495458026, -0.18323984826967746, -0.6757739405327805]","[0.49995294837289356, -0.49999247987303824, -0.5000683917307968, -0.4999861728842457]","[442.34719094614974, 3.581100448192577, 40.87027521415107]",4.479999999999831,100.0,0.0,"[63.1778070964429, 128.7667654944021, 128.76676549440208]",20
218,3836871440,settled,Qf4i_0003,unmatched,,"[-0.4194565967077174, -0.8442144356203974, -0.1926679974710818, 0.2724650306351189]","[-0.7070661187978211, -0.7071474400339995, -4.1177935270309e-05, 2.434004930246259e-06]","[442.1089001683758, 39.12263774262488, 6.426938158888739]",4.429999999999814,100.0,0.0,"[63.1778070964429, 120.73192159588261, 120.73192159588262]",16
219,2749509740,settled,Qf4i_0013,unmatched,,"[-0.1597855590775447, 0.9155824751788669, -0.36890595336263704, -0.009257636265270899]","[4.417117535311375e-05, 0.9999999989068601, 1.2933916637647426e-05, 8.240208199612707e-06]","[441.9348130433362, 39.11724481015761, 6.42903773594183]",4.809999999999941,100.0,0.0,"[63.1778070964429, 115.22369801922672, 115.22369801922673]",20
220,2774629600,settled,Qf4i_0007,unmatched,,"[-0.30825961786575184, -0.5268689113523266, 0.49770258237844495, 0.616179598605392]","[-9.115610959192776e-05, 4.528148643045959e-06, 0.707101435238198, 0.7071121212043674]","[442.07742250984575, 39.12237963694515, 3.583138974719631]",4.369999999999794,100.0,0.0,"[63.1778070964429, 123.99097388384517, 123.99097388384519]",20
221,4108662306,settled,Qf4i_0010,unmatched,,"[-0.3062271054652854, -0.3870148795577624, -0.8664927602010577, 0.07506490124149866]","[4.511476746085722e-05, 6.188176903121345e-06, -0.9999999988422689, -1.5550773759323607e-05]","[442.0827204791167, 40.896964053734415, 3.5787348332305298]",4.849999999999954,100.0,0.0,"[63.1778070964429, 122.00926606917409, 122.0092660691741]",21
222,3915063510,settled,Qf4i_0003,unmatched,,"[0.46725796019968024, 0.8012846212229413, -0.1304090628171751, 0.3501520109278076]","[0.7071122811860124, 0.7071012758268697, -8.658252967314041e-05, -4.836593596846407e-06]","[442.3196499682642, 39.11834930824365, 6.421819824338843]",4.649999999999888,100.0,0.0,"[63.1778070964429, 122.57618515110919, 122.5761851511092]",16
223,4074036573,settled,Qf4i_0013,unmatched,,"[-0.22252096209612113, -0.8929375005362474, -0.2719299177765263, -0.2814270089773681]","[-5.690457893343096e-05, -0.9999999791577239, 0.0001590553271249573, 0.00011466396025415264]","[442.2425072221105, 39.118755200513306, 6.423433014266563]",4.639999999999884,100.0,0.0,"[63.1778070964429, 124.98505331146717, 124.98505331146718]",16
224,1229361572,settled,Qf4i_0017,unmatched,,"[-0.5077338642986794, -0.31380879933589584, 0.060137209423592304, -0.8000711696758213]","[-0.7071697709974314, 7.13127733218775e-05, -6.218133292522853e-05, -0.7070437794333605]","[442.23544646517877, 6.425630513861274, 39.11853334411979]",4.739999999999918,100.0,0.0,"[63.1778070964429, 127.06743887584985, 127.06743887584982]",25
225,1745034590,settled,Qf4i_0011,unmatched,,"[-0.40236593803313664, 0.6784087334039052, -0.5993055388273092, -0.1367337320595452]","[-4.422200928582529e-05, 0.7071089090871652, -0.7071046479060892, -7.512375667003437e-05]","[442.6516804555624, 6.4347136572098025, 40.88269381169032]",4.689999999999901,100.0,0.0,"[63.1778070964429, 129.14797865558575, 129.14797865558572]",22
226,4151795851,settled,Qf4i_0002,unmatched,,"[0.37827042312259135, 0.7093878632050035, -0.5596843583528156, -0.20108148980772006]","[0.7070864544721098, -1.4589470720984786e-05, -0.00010117012847298252, -0.7071270999288695]","[441.8907956268771, 3.5777211777064526, 40.88266799545899]",4.419999999999811,100.0,0.0,"[63.1778070964429, 118.92488690287858, 118.9248869028786]",15
227,2697486113,settled,Qf4i_0004,unmatched,,"[-0.638297706726111, 0.517839873353241, 0.35548034649844024, -0.4450299163056749]","[-0.7070524586326197, 0.7071610851945251, 4.908833004557689e-05, 0.0001338596469531439]","[442.3065323104675, 40.88379885442227, 6.417482243038637]",4.939999999999984,100.0,0.0,"[63.1778070964429, 116.72361187882652, 116.7236118788265]",22
228,2966183571,settled,Qf4i_0011,unmatched,,"[-0.4050248111058649, 0.5694886344768997, -0.6901580810227609, 0.18793461838968]","[-6.37425631483055e-05, 0.7071412835069955, -0.7070722740113062, -2.0529129452517773e-05]","[442.26333316381687, 6.4245519521898276, 40.88259869483429]",4.5899999999998675,100.0,0.0,"[63.1778070964429, 124.65255296310542, 124.65255296310542]",26
229,2500031451,settled,Qf4i_0002,unmatched,,"[0.76319034690919, -0.2277529373624901, -0.35234984779530726, -0.49144549918176267]","[0.7069686495317389, -3.4112216541566946e-05, -0.00011052707533924002, -0.7072448764037755]","[441.8973537044051, 3.5815795378342994, 40.88040163688599]",4.839999999999951,100.0,0.0,"[63.1778070964429, 129.6868552124378, 129.68685521243776]",22
230,2561181116,settled,Qf4i_0016,unmatched,,"[0.5557099502907066, 0.18332897211156124, -0.733061527964434, 0.3466954504328954]","[0.49996348444273636, 0.5000108393291877, -0.5000256097838203, 0.5000000643375135]","[442.1978732711139, 6.432049154522869, 40.88375366981523]",4.639999999999884,100.0,0.0,"[63.1778070964429, 117.67367089102648, 117.67367089102649]",21
231,65157401,settled,Qf4i_0005,unmatched,,"[0.7007348822005915, 0.34419107347733346, 0.6134359061064913, -0.1191617342318908]","[0.5000497378932292, 0.4999756063913757, 0.5000404627232219, -0.49993418395428335]","[442.4844398238545, 3.5882877603437247, 39.118194435368636]",4.669999999999894,100.0,0.0,"[63.1778070964429, 120.93732880004654, 120.93732880004656]",23
232,2234388547,settled,Qf4i_0005,unmatched,,"[0.6047940157947055, 0.6077553528195518, 0.07337389496054626, -0.5093858077296758]","[0.5000514337898119, 0.4999418323356227, 0.5000763042350617, -0.4999304129458977]","[441.98536946629594, 3.5921004171255504, 39.11404936799594]",4.5899999999998675,100.0,0.0,"[63.1778070964429, 124.96664798969807, 124.96664798969807]",29
233,2166876674,settled,Qf4i_0011,unmatched,,"[0.337147373849726, 0.47287700853367526, -0.8005264802242199, 0.14790651630775833]","[-2.474249752772937e-06, 0.7070971857792216, -0.7071163574753287, -0.00016385300140075252]","[442.1160024005782, 6.428602593728943, 40.881086449145364]",4.269999999999761,100.0,0.0,"[63.1778070964429, 128.5410727706021, 128.54107277060217]",28
234,372911645,settled,Qf4i_0006,unmatched,,"[0.45729859765411696, -0.2994543659042598, -0.817463624635389, -0.18154420321901665]","[0.5000498187967066, -0.5000616198713539, -0.49992488976436955, -0.4999636583263844]","[441.91350074055225, 3.583792396901934, 40.879977331650736]",4.459999999999824,100.0,0.0,"[63.1778070964429, 121.81878067574733, 121.81878067574735]",17
235,2861615969,settled,Qf4i_0013,unmatched,,"[-0.23990956037846306, -0.901204257015366, -0.03228041700793559, -0.35948889364511455]","[-3.147115459316416e-05, -0.9999999943774686, 9.261399071419651e-05, 4.095458702280327e-05]","[442.19680707634774, 39.1135426360518, 6.428065287055991]",4.389999999999801,100.0,0.0,"[63.1778070964429, 125.79581321344399, 125.79581321344396]",21
236,2387200314,settled,Qf4i_0011,unmatched,,"[0.013659507951663442, 0.4204500321245355, -0.9053954738728021, 0.05739533273394037]","[4.035782131797012e-05, 0.7071121772512231, -0.7071013830824712, -3.459967792338344e-05]","[442.1104602891606, 6.429667481319242, 40.88792975167011]",4.419999999999811,100.0,0.0,"[63.1778070964429, 109.06996939324523, 109.06996939324523]",18
237,1385614205,settled,Qf4i_0005,unmatched,,"[-0.04519506248186818, -0.48284814014254235, -0.26943042102355846, 0.8319989952609412]","[-0.5000589808584494, -0.49999859372104616, -0.4999591216599895, 0.49998329832981137]","[442.57577609064174, 3.5835156981894323, 39.10403814018898]",4.379999999999797,100.0,0.0,"[63.1778070964429, 123.73121257787106, 123.73121257787106]",16
238,1583315686,settled,Qf4i_0017,unmatched,,"[0.6752684329575351, 0.1680356411288354, 0.18105246852978027, 0.6949795467499522]","[0.7071214370975987, -6.093340278794327e-05, -3.5959093983235744e-05, 0.7070921214319184]","[442.18304995154, 6.42694745626668, 39.118019196932174]",4.5299999999998475,100.0,0.0,"[63.1778070964429, 112.34384846229597, 112.34384846229595]",30
239,3858463115,settled,Qf4i_0013,unmatched,,"[-0.02604605381927596, 0.9764416198827186, -0.2089560607397276, -0.047124629668476824]","[-1.4136521637273268e-06, 0.9999999944658755, -9.190420196647509e-06, 0.00010479402162857407]","[441.95822429875574, 39.114656809468336, 6.429572190357894]",4.899999999999971,100.0,0.0,"[63.1778070964429, 112.26749301313198, 112.267493013132]",20
240,341800848,settled,Qf4i_0007,unmatched,,"[0.559550952873797, 0.4583146987576111, 0.5125176614239061, 0.462791545697754]","[-1.1992752709244492e-06, 1.0683833885083427e-06, 0.7071063943157616, 0.7071071680552977]","[441.90232752328353, 39.116893275514485, 3.5766926887995516]",5.050000000000021,100.0,0.0,"[63.1778070964429, 117.83196776025217, 117.83196776025218]",24
241,2423485330,settled,Qf4i_0004,unmatched,,"[-0.8623942645929769, 0.4774291536592661, -0.15922513505175553, -0.0546341651449517]","[-0.7070693669675174, 0.7071441845765042, -2.5009593714347966e-05, -0.00010904267703251702]","[442.2450781495676, 40.89039368445756, 6.425562423584306]",4.699999999999904,100.0,0.0,"[63.1778070964429, 129.2530041683653, 129.25300416836527]",22
242,3180880856,settled,Qf4i_0013,unmatched,,"[0.10224891412479975, -0.955790906892587, -0.16146386686159142, 0.22346883800621423]","[-0.00010015548476677687, -0.9999999920366404, -4.474554114231033e-06, 7.665230947377496e-05]","[442.5096652716823, 39.12130649710654, 6.4268303257633965]",4.5599999999998575,100.0,0.0,"[63.1778070964429, 120.84932889110928, 120.8493288911093]",16
243,2801613835,settled,Qf4i_0012,unmatched,,"[-0.14433092329872946, 0.7897983796467177, 0.5282216439799444, -0.2763494145430388]","[0.00013923298851640573, 0.7071256432888475, 0.7070879024172452, -5.892952461332333e-05]","[442.59213331967146, 3.57820970415983, 39.11509619113789]",4.539999999999851,100.0,0.0,"[63.1778070964429, 121.43446725420813, 121.43446725420814]",19
244,90147713,settled,Qf4i_0013,unmatched,,"[-0.210859600307379, -0.9719644633107304, -0.07201725142344272, 0.07507880204630919]","[0.00010081663208616137, -0.9999999944760034, 1.6327951607442163e-05, -2.484749430841357e-05]","[442.4903704811239, 39.123631686556536, 6.418439965185409]",4.5899999999998675,100.0,0.0,"[63.1778070964429, 124.16384277058938, 124.1638427705894]",20
245,1005713428,settled,Qf4i_0006,unmatched,,"[0.6667427871336417, 0.021383060332239117, -0.7075360080632618, -0.23321581813846876]","[0.4999983911736849, -0.49992926197241366, -0.5001467876070473, -0.4999255271475901]","[442.22086131558314, 3.5816887081150557, 40.876187770286506]",4.409999999999807,100.0,0.0,"[63.1778070964429, 125.22438543555842, 125.22438543555847]",22
246,2629818591,settled,Qf4i_0013,unmatched,,"[0.05151306419367056, -0.9158602742422736, 0.24549129762624153, 0.313497025619112]","[2.6168815099048286e-05, -0.9999999992970081, -2.6409957093465053e-05, -4.867365996002972e-06]","[442.1443737224623, 39.11903673636292, 6.426218449569209]",4.689999999999901,100.0,0.0,"[63.1778070964429, 117.61266684603834, 117.61266684603835]",22
247,3392212039,settled,Qf4i_0009,unmatched,,"[-0.13576075001630175, -0.3113963090186456, 0.34394700026860947, 0.8753866679878102]","[-6.814527887771815e-05, 9.824053112630756e-05, -2.4240532343097296e-05, 0.9999999925587079]","[442.154142855677, 39.114792702992226, 3.5714546489473973]",4.309999999999774,100.0,0.0,"[63.1778070964429, 128.072528749792, 128.072528749792]",24
248,2276997534,settled,Qf4i_0016,unmatched,,"[-0.5611092435708998, -0.34654972379426824, 0.7170849059217052, -0.2254971029008315]","[-0.4999329423390623, -0.5001282418072251, 0.4999521886179482, -0.49998660382768767]","[441.90175232280563, 6.424922196754685, 40.882175809947704]",4.789999999999934,100.0,0.0,"[63.1778070964429, 122.44281483368474, 122.44281483368475]",22
249,3484193762,settled,Qf4i_0006,unmatched,,"[0.6459184252746818, -0.4977225913968061, -0.5385794684465182, -0.21211734033734517]","[0.49983598403538665, -0.49993373163246946, -0.49999699885986976, -0.5002331997883929]","[442.4773336622134, 3.581108297967015, 40.885000389596996]",4.519999999999844,100.0,0.0,"[63.1778070964429, 122.16198519905629, 122.16198519905629]",20
250,2295828995,settled,Qf4i_0011,unmatched,,"[-0.013476426495046517, 0.8381611037621863, -0.5451108033376667, 0.01259214650648228]","[-0.00014904188019781027, 0.7072248444641012, -0.7069886805696088, 5.2016243772202875e-05]","[442.57776363145234, 6.434950001910338, 40.88666847495517]",4.439999999999817,100.0,0.0,"[63.1778070964429, 112.9524582086107, 112.95245820861071]",21
251,3771793615,settled,Qf4i_0011,unmatched,,"[0.23254083200101008, -0.6380020625267856, 0.7262400279824832, -0.10702126620372046]","[-0.00011658654256597358, -0.707094527003198, 0.7071190102408469, 0.00014712480041933123]","[442.0841058910994, 6.422309377688687, 40.8841271308612]",4.669999999999894,100.0,0.0,"[63.1778070964429, 120.78224682081897, 120.78224682081898]",20
252,3118298281,settled,Qf4i_0012,unmatched,,"[-0.14263487038408665, 0.7213743627836406, 0.5770605745656794, 0.3553525232089105]","[-8.847890992873195e-05, 0.707112833897408, 0.7071007210237288, -5.1349608371240726e-05]","[442.02979847029866, 3.5853485710818576, 39.10778881517259]",4.229999999999747,100.0,0.0,"[63.1778070964429, 129.5255763827653, 129.52557638276528]",20
253,1906367210,settled,Qf4i_0002,unmatched,,"[-0.6176317723461163, 0.026733677711732354, -0.29175170048315346, 0.7298611166035553]","[-0.7070856576507325, 7.643609676681685e-05, 7.7425799608916e-05, 0.7071278957214174]","[442.62228279750894, 3.5818742699859003, 40.88097841156435]",4.4999999999998375,100.0,0.0,"[63.1778070964429, 123.62274243687014, 123.62274243687015]",21
254,2833079087,settled,Qf4i_0002,unmatched,,"[-0.6668495150154875, 0.25735878105545934, 0.037236704706548183, 0.6983492034504332]","[-0.7072444589547596, 0.00016707511135636432, -0.00010363097168404301, 0.7069690492690033]","[442.5003145972891, 3.592645143378214, 40.8827852515569]",4.639999999999884,100.0,0.0,"[63.1778070964429, 126.87560921947211, 126.87560921947208]",20
255,2368896303,settled,Qf4i_0002,unmatched,,"[-0.7155871487157034, 0.006217157027642254, -0.4538640368280027, 0.5309461513426882]","[-0.7071155915452847, 2.3109434799271537e-05, -0.00017781013265551836, 0.7070979479839217]","[442.6327287279046, 3.583321388051477, 40.88592508346445]",4.419999999999811,100.0,0.0,"[63.1778070964429, 129.31388984348703, 129.313889843487]",27
256,1598618583,settled,Qf4i_0004,unmatched,,"[-0.6568789595911407, 0.7116914753260162, 0.16538963778309454, -0.18614925223786338]","[-0.7071020636487662, 0.7071114779679548, 0.00016391140920024583, 4.942348525191487e-05]","[442.0819672362106, 40.88100335745755, 6.425064949724595]",4.6199999999998775,100.0,0.0,"[63.1778070964429, 116.73483083623671, 116.73483083623672]",32
257,1244567859,settled,Qf4i_0003,unmatched,,"[0.565260253583024, 0.7320121545565798, -0.09164890005678931, 0.36910639444348603]","[0.7071107525978861, 0.7071028013768557, 6.579394088224168e-05, 8.669839440825224e-05]","[442.25458963036186, 39.11189026167333, 6.426326780482817]",4.549999999999854,100.0,0.0,"[63.1778070964429, 119.43735367121992, 119.43735367121994]",22
258,3419669745,settled,Qf4i_0006,unmatched,,"[-0.35962053045550435, 0.37637508056528163, 0.452864258304126, 0.723829286748632]","[-0.499995571283594, 0.49999026035460903, 0.5000790961771288, 0.49993506159699247]","[442.578630093991, 3.580176652016716, 40.880491618198164]",4.479999999999831,100.0,0.0,"[63.1778070964429, 117.29112306474788, 117.29112306474788]",20
259,4100535516,unsettled,,not_evaluated,,"[-0.04495724533447707, 0.8754213017997509, -0.38056707385774335, 0.29459309690235463]","[-0.0002692820442547388, 0.8473032696030008, -0.5311092391163978, 0.00027006007895225557]","[442.35220268318875, 22.824106914157387, 39.60044383550335]",3.869999999999685,100.0,0.0,"[63.1778070964429, 124.1747284270617, 124.1747284270617]",24
260,3322081678,settled,Qf4i_0009,unmatched,,"[-0.257573637444613, 0.29792073162711874, 0.01884675617382141, -0.9189906739146148]","[-3.582233708970817e-05, 1.7726804034211043e-05, 0.0001770700898301437, -0.9999999835243518]","[442.5356339645015, 39.13602255875537, 3.5722503467263444]",4.599999999999871,100.0,0.0,"[63.1778070964429, 117.26715796488519, 117.2671579648852]",10
261,3513997404,settled,Qf4i_0010,unmatched,,"[-0.31160099473242947, -0.3848583634180207, -0.8382718690394293, 0.2282304400515085]","[9.306677156527896e-06, 4.009433134410934e-05, -0.9999999988225433, -2.5704938172357086e-05]","[441.84288014146614, 40.87989553544998, 3.5698247106843093]",4.969999999999994,100.0,0.0,"[63.1778070964429, 121.51150680954697, 121.51150680954699]",11
262,3617040745,settled,Qf4i_0008,unmatched,,"[0.5076541819216592, -0.1836471652187958, 0.7481985211268992, -0.38569407989762045]","[-0.00013235224757759958, 5.548116513393043e-05, 0.7071265484594885, -0.7070869987975268]","[442.0475294243721, 40.88357681180511, 3.572975662086312]",5.020000000000011,100.0,0.0,"[63.1778070964429, 130.31342723893798, 130.31342723893803]",17
263,2022730149,settled,Qf4i_0001,unmatched,,"[-0.9298814207432338, -0.20301241814567073, -0.28420845445175663, -0.11546452205476868]","[-0.999999987720219, 0.00010724667299297038, 9.440039938294065e-05, -6.439159744031642e-05]","[442.32936358313447, 40.88479143924086, 6.4252910194615325]",4.599999999999871,100.0,0.0,"[63.1778070964429, 127.10950412307263, 127.1095041230726]",13
264,1323970333,settled,Qf4i_0006,unmatched,,"[0.5994108140143483, -0.43447983992292233, -0.3543480176053207, -0.5712892675014887]","[0.500028930332383, -0.49999150094634714, -0.500021568767288, -0.49995799681530456]","[442.0674612380956, 3.580033512608504, 40.88985775021753]",4.409999999999807,100.0,0.0,"[63.1778070964429, 126.40638213489339, 126.40638213489336]",29
265,1607122480,settled,Qf4i_0012,unmatched,,"[-0.13729706028893218, -0.4824437451248737, -0.8624230310070737, 0.06800048245766428]","[5.355111965671802e-05, -0.7070776166548063, -0.707135941604789, -3.5337584224761604e-05]","[442.0391931414849, 3.583950987787101, 39.11582129517566]",4.759999999999924,100.0,0.0,"[63.1778070964429, 118.13386724141405, 118.13386724141407]",27
266,1954191936,settled,Qf4i_0013,unmatched,,"[-0.3750395254128309, 0.8965561916206081, 0.1285035455493662, -0.19753275279333296]","[-2.5769800747920055e-05, 0.9999999769853131, 0.00021258789780470577, -1.3102539754614845e-05]","[442.1752745643605, 39.11498466124005, 6.426003496355172]",4.669999999999894,100.0,0.0,"[63.1778070964429, 129.3948987670251, 129.39489876702507]",23
267,1883267586,settled,Qf4i_0006,unmatched,,"[-0.31654266807496767, 0.7193013611458268, 0.15715600459856857, 0.5980871854172737]","[-0.5000075120018066, 0.4999028910796794, 0.5000270042995624, 0.50006257848708]","[442.41788500550246, 3.583995294551015, 40.878131256167286]",4.609999999999874,100.0,0.0,"[63.1778070964429, 119.70595332504246, 119.70595332504247]",27
268,474705099,settled,Qf4i_0009,unmatched,,"[0.21873165072784517, -0.6332189067608778, 0.30525693972011464, -0.6767632391339983]","[-4.7863785808066606e-05, 0.0001304942477574518, -8.904632697765275e-06, -0.9999999903005085]","[442.31943201028406, 39.12289675802376, 3.5728191393626303]",4.949999999999988,100.0,0.0,"[63.1778070964429, 130.57061089574898, 130.57061089574896]",18
269,1696503777,settled,Qf4i_0011,unmatched,,"[-0.5875972952099113, 0.4340333022380417, -0.6364929058043413, 0.2474293678427903]","[8.929702487650236e-05, 0.7070953189414709, -0.7071182340836799, 7.059376083138007e-05]","[442.4709946610077, 6.427332072187253, 40.88899781315044]",4.519999999999844,100.0,0.0,"[63.1778070964429, 128.60074773217542, 128.6007477321754]",13
270,1623912174,settled,Qf4i_0017,unmatched,,"[0.7522539142905933, 0.1549308557746745, 0.05438614146876464, 0.6380851243992035]","[0.707050172742635, -4.21817382934029e-05, -8.38664838708336e-05, 0.7071633788678001]","[442.4702508442662, 6.430653489953107, 39.1158646622321]",4.599999999999871,100.0,0.0,"[63.1778070964429, 116.81255635691222, 116.81255635691224]",19
271,2380680176,settled,Qf4i_0005,unmatched,,"[0.336042588214607, 0.7287339870388978, -0.08053921844792626, -0.5912153493712904]","[0.49996288092269897, 0.5000004369724623, 0.5000146655921037, -0.5000220144350035]","[442.3659230278345, 3.5969890639238784, 39.113968645682256]",4.519999999999844,100.0,0.0,"[63.1778070964429, 127.19223648449726, 127.19223648449723]",13
272,3622048588,settled,Qf4i_0007,unmatched,,"[-0.19616592677403716, -0.3327489655198184, 0.5132945907767422, 0.7663717884928376]","[-4.48852039552361e-05, 2.332270835889161e-05, 0.7070533025815957, 0.7071602539381214]","[441.96834499075055, 39.12440730555422, 3.5755914355691947]",4.509999999999841,100.0,0.0,"[63.1778070964429, 124.34518093291696, 124.34518093291696]",13
273,3881848330,settled,Qf4i_0003,unmatched,,"[-0.5152420723142735, -0.7359701103176574, -0.3787059312666199, -0.22238574877853687]","[-0.7070952291327781, -0.7071183263047692, 3.14616496885356e-05, -9.247578451748728e-05]","[442.24099020776106, 39.1185309950173, 6.424758376741422]",4.219999999999744,100.0,0.0,"[63.1778070964429, 117.26375331500478, 117.26375331500478]",13
274,3493192325,settled,Qf4i_0002,unmatched,,"[0.5774921102786998, 0.09648544528746568, 0.025557378206479065, -0.8102717086463924]","[0.70709633339356, 2.18477247869335e-05, 3.3540132922299457e-05, -0.7071172276922122]","[441.92838021913167, 3.5843656126863244, 40.890914615845794]",4.299999999999771,100.0,0.0,"[63.1778070964429, 119.16700605206678, 119.1670060520668]",22
275,1815346335,settled,Qf4i_0011,unmatched,,"[0.2777221504941907, -0.6680519952292304, 0.6669217686384065, 0.17830393520992774]","[-6.167540893361128e-05, -0.7070139369383404, 0.70719959279623, 0.00015849270976397964]","[441.9496240803909, 6.430640178733051, 40.88279370408425]",4.729999999999914,100.0,0.0,"[63.1778070964429, 129.20253925014438, 129.20253925014438]",29
276,3637393240,settled,Qf4i_0002,unmatched,,"[0.7553196358765062, -0.24492385367212738, -0.15447209870656786, -0.5879140449784855]","[0.7070846374079071, 2.9087291676652653e-05, -3.1774729223295054e-05, -0.7071289229596148]","[442.6963493804751, 3.577819677081182, 40.88249601013394]",4.749999999999921,100.0,0.0,"[63.1778070964429, 128.92150693474477, 128.92150693474474]",35
277,3360495833,settled,Qf4i_0009,unmatched,,"[0.10811116254835264, 0.5111839287283958, -0.2434273997192518, -0.8171573095849841]","[0.00012716930415956898, 1.2891179920181842e-05, 3.319025970078147e-05, -0.9999999912800961]","[442.45220731015087, 39.11971345667985, 3.5735646713228495]",4.349999999999787,100.0,0.0,"[63.1778070964429, 126.62233165927417, 126.62233165927417]",13
278,1560027829,settled,Qf4i_0011,unmatched,,"[-0.2068224005022676, -0.8508258359786609, 0.4010009992602897, 0.26929183068548773]","[-0.00015881231811566427, -0.7071069307591228, 0.7071066132976802, 2.611026520712764e-05]","[442.50811687199155, 6.42470961215678, 40.89221655304852]",4.969999999999994,100.0,0.0,"[63.1778070964429, 121.78033535432066, 121.78033535432067]",22
279,446415368,settled,Qf4i_0001,unmatched,,"[-0.6447038919539761, 0.0033417160762772937, 0.7642309258427562, 0.017228366683615156]","[-0.9999999999493299, 5.652145948407986e-06, -6.601522392089474e-06, 5.080689158498686e-06]","[442.3364988974098, 40.89184639760901, 6.4224546068145125]",5.1200000000000445,100.0,0.0,"[63.1778070964429, 114.53095896635254, 114.53095896635253]",16
280,2051490765,settled,Qf4i_0006,unmatched,,"[0.5677612886585218, -0.042225915797724375, -0.632701809267735, -0.5249309589700275]","[0.49998237537118617, -0.499973372169657, -0.49999355857940836, -0.5000506902490864]","[441.8446848763737, 3.58156652454962, 40.89032461056929]",4.0899999999997005,100.0,0.0,"[63.1778070964429, 127.3420114623886, 127.3420114623886]",26
281,425018833,settled,Qf4i_0008,unmatched,,"[0.6177933086006123, -0.09183552083351545, 0.46035819729377525, -0.6308470457614677]","[-7.961932534961136e-05, -2.569075777669738e-06, 0.7071942048864828, -0.7070193421888389]","[441.8235186983335, 40.894969076108026, 3.5714227631510505]",4.959999999999991,100.0,0.0,"[63.1778070964429, 126.53951414784548, 126.53951414784545]",16
282,768002776,settled,Qf4i_0015,unmatched,,"[0.5416438597008607, -0.6263103578778557, 0.49528465035784297, 0.2627743898921201]","[0.5000427447069817, -0.4998856636338974, 0.4999894267413505, 0.5000821431585636]","[442.4669750282795, 6.426925334825164, 39.10916830121451]",4.409999999999807,100.0,0.0,"[63.1778070964429, 122.68369857844436, 122.68369857844436]",22
283,124666021,settled,Qf4i_0006,unmatched,,"[-0.6417760342896773, 0.38975195315750033, 0.3408201163805919, 0.5657372049738714]","[-0.49987582523911755, 0.5000091510876566, 0.500022928431743, 0.5000920707356358]","[441.9217812205211, 3.576075763393617, 40.884078324505495]",4.309999999999774,100.0,0.0,"[63.1778070964429, 128.2744484782581, 128.27444847825808]",25
284,3632654363,settled,Qf4i_0005,unmatched,,"[0.7051862874546008, 0.08985479266585855, 0.5677062028398622, -0.4151482668615129]","[0.5000770111044284, 0.5000320006267653, 0.49995287328644555, -0.49993810197531785]","[442.0052939176572, 3.5756911670700755, 39.117251851700686]",4.749999999999921,100.0,0.0,"[63.1778070964429, 126.78330550679607, 126.78330550679611]",22
285,703561134,settled,Qf4i_0012,unmatched,,"[-0.07417779627216181, -0.49461589080912516, -0.8617672132428539, 0.08491198548465884]","[-4.218878255870303e-06, -0.7071394661682926, -0.7070740946736764, -3.290002414135217e-06]","[442.1616546368253, 3.5821151177762163, 39.11527145212371]",4.779999999999931,100.0,0.0,"[63.1778070964429, 115.63467032617926, 115.63467032617928]",21
286,3121521016,settled,Qf4i_0012,unmatched,,"[0.010537906009646474, -0.8102638762609328, -0.3503888545444036, -0.4696690898649817]","[3.83900546248247e-05, -0.7070285688832254, -0.7071849421302318, 0.0002427620287944247]","[442.5245123592279, 3.5819317657674667, 39.112393080787534]",4.519999999999844,100.0,0.0,"[63.1778070964429, 127.96645384992914, 127.96645384992914]",17
287,2633462982,settled,Qf4i_0005,unmatched,,"[-0.6696015768829735, -0.5238860473033524, -0.12537979712777328, 0.5113287046009672]","[-0.500055314129181, -0.4999798767237701, -0.4998761657201116, 0.5000886167744766]","[442.1205710626745, 3.5891225785991443, 39.10527330915821]",4.639999999999884,100.0,0.0,"[63.1778070964429, 125.72325095196862, 125.7232509519686]",23
288,3761640212,settled,Qf4i_0006,unmatched,,"[-0.5021713166671637, 0.3763741243342449, 0.7778556823101909, 0.03327198139794165]","[-0.49999547750309237, 0.5000492312614877, 0.49993079578305444, 0.5000244876193283]","[442.36977653341825, 3.5910391145889955, 40.888907167875445]",4.779999999999931,100.0,0.0,"[63.1778070964429, 128.03085129768195, 128.03085129768195]",16
289,1285634449,settled,Qf4i_0010,unmatched,,"[-0.06179464665889061, 0.12239474429666039, 0.989804171696417, 0.038583026128440265]","[-8.174048629728147e-05, 7.533853157082328e-05, 0.999999993757888, -1.126155698086279e-05]","[442.00728801190144, 40.89187162687657, 3.5797533163424364]",4.479999999999831,100.0,0.0,"[63.1778070964429, 115.52949062469835, 115.52949062469834]",19
290,1184822575,settled,Qf4i_0013,unmatched,,"[0.08288139339956037, 0.8356324246838398, -0.34553634299367453, -0.41887201042288746]","[4.246218169429273e-05, 0.9999999945215642, 9.166819672001837e-05, -2.7400301905565535e-05]","[441.8691026138067, 39.11977266371354, 6.422260565179586]",5.080000000000031,100.0,0.0,"[63.1778070964429, 126.93770797247281, 126.93770797247278]",19
291,3115268231,settled,Qf4i_0003,unmatched,,"[-0.8358054346397688, -0.3199395351726686, -0.40994245749741026, -0.17611118874480403]","[-0.7071397026785217, -0.7070738471675652, -7.770633688536366e-05, 9.751469654736833e-05]","[442.06901879618886, 39.11491845374002, 6.421686861325178]",4.329999999999781,100.0,0.0,"[63.1778070964429, 129.4627410348685, 129.4627410348685]",10
292,159930596,settled,Qf4i_0005,unmatched,,"[0.07029200069442101, 0.8121000458651979, 0.19429839282092132, -0.5457111733246133]","[0.49995360467785177, 0.5000577255140626, 0.5000074875832456, -0.4999811763296849]","[442.05510589271563, 3.5892453999828433, 39.11346172002638]",4.099999999999704,100.0,0.0,"[63.1778070964429, 119.90294425453877, 119.90294425453878]",19
293,2990616242,settled,Qf4i_0004,unmatched,,"[0.39931632781484955, -0.8914822639433736, -0.10430196937727094, -0.18688751322355332]","[0.7071493071451705, -0.7070642502516309, -3.1638087247543027e-06, 5.8396873543503654e-05]","[442.5445039484977, 40.90103798344431, 6.425094937419641]",4.709999999999908,100.0,0.0,"[63.1778070964429, 127.21404569250474, 127.21404569250471]",26
294,188957523,settled,Qf4i_0007,unmatched,,"[0.47510104677309783, 0.5299293470096674, 0.42235268641611745, 0.5613128279400916]","[-6.793051761339043e-05, -7.134905943065319e-05, 0.7071123575751269, 0.7071011978912936]","[442.23969879131346, 39.12553504109077, 3.577249568744254]",5.0600000000000245,100.0,0.0,"[63.1778070964429, 119.08035501344733, 119.08035501344735]",20
295,481643049,settled,Qf4i_0010,unmatched,,"[-0.21476873217317644, -0.056308315502426265, -0.9350997853314761, 0.27621034875441053]","[2.247532425071979e-05, -9.260685880141395e-06, -0.9999999984028654, -5.102321871042739e-05]","[441.8278374669948, 40.89429382234299, 3.5797923317392906]",4.5899999999998675,100.0,0.0,"[63.1778070964429, 128.03157102928597, 128.03157102928603]",23
296,2386476367,settled,Qf4i_0003,unmatched,,"[0.41604402109894867, 0.7547056021612667, 0.10448879305651773, 0.4963959293747375]","[0.7071238038237544, 0.7070897240387392, 0.0002195935646192304, 1.819543778702748e-06]","[442.57980667029256, 39.12071917399318, 6.4282009044211925]",4.389999999999801,100.0,0.0,"[63.1778070964429, 127.69017096168281, 127.69017096168281]",11
297,533239478,settled,Qf4i_0012,unmatched,,"[-0.4048579522964122, 0.7546106910868032, 0.5160774362278959, 0.017799527417749247]","[3.8022745840878366e-05, 0.7070115164788782, 0.7072020302744935, -4.996140950082258e-05]","[442.42595140069506, 3.59553446974227, 39.11499559206677]",4.379999999999797,100.0,0.0,"[63.1778070964429, 123.79361994440792, 123.79361994440792]",25
298,1781618497,settled,Qf4i_0012,unmatched,,"[-0.05099139373989536, 0.34612407464907746, 0.82357526110958, -0.446454691991326]","[-2.7422573898523033e-05, 0.7070214364082836, 0.7071920990079271, -0.00015102295186769193]","[442.1670378876242, 3.581783675637124, 39.11213855122186]",4.609999999999874,100.0,0.0,"[63.1778070964429, 120.88727136687439, 120.8872713668744]",18
299,3019699939,settled,Qf4i_0017,unmatched,,"[-0.7295158589622052, 0.11959716108047205, -0.0508877389231582, -0.6715009818395025]","[-0.7071259200436121, 0.00010619044308830747, 2.3786357176387803e-05, -0.7070876334375211]","[442.42541817207024, 6.43332330049114, 39.11525258036837]",4.439999999999817,100.0,0.0,"[63.1778070964429, 120.33976162991053, 120.33976162991054]",34
300,2541693149,settled,Qf4i_0007,unmatched,,"[0.08045852992811474, 0.40327625655887533, -0.378121920292795, -0.8294085237395116]","[7.551321372917254e-05, 0.00015925996704715953, -0.7071114738316405, -0.7071020665431991]","[441.98633302370547, 39.11569337001164, 3.574769180708516]",4.429999999999814,100.0,0.0,"[63.1778070964429, 128.30684551505217, 128.30684551505223]",20
301,2084280921,settled,Qf4i_0005,unmatched,,"[0.619849051548462, 0.00741623529008566, 0.671735423160493, -0.4055905250618995]","[0.4999708548994909, 0.49993720558922866, 0.5001205317467354, -0.4999713876254002]","[441.83389481748924, 3.5983836648108767, 39.11401061273053]",4.899999999999971,100.0,0.0,"[63.1778070964429, 126.49615385520147, 126.49615385520147]",34
302,1270096408,settled,Qf4i_0005,unmatched,,"[0.4349517640743151, 0.5834549578223276, 0.4957376592549344, -0.473963551676314]","[0.5000059673266651, 0.5000081296810616, 0.5000277939079002, -0.4999581064551019]","[442.16679119309254, 3.5886689778087884, 39.10927451563578]",4.379999999999797,100.0,0.0,"[63.1778070964429, 118.09113201907269, 118.0911320190727]",19
303,386839995,settled,Qf4i_0012,unmatched,,"[-0.00029784170792755655, 0.7696289460833465, 0.4092458033581264, -0.4900908783835057]","[3.412385803342351e-05, 0.7071319295960851, 0.707081629309128, -4.974765272598267e-05]","[442.55286589602343, 3.5739903586476456, 39.108815397798075]",4.449999999999821,100.0,0.0,"[63.1778070964429, 128.04436435708112, 128.04436435708112]",23
304,1683487450,settled,Qf4i_0003,unmatched,,"[0.8246709982353464, 0.4049014931673811, -0.354562797520974, -0.17394754414605393]","[0.7071058759026466, 0.7071076770182063, 4.9664476215127706e-05, -0.00010439974520218276]","[442.0000715156109, 39.11895673305419, 6.425559235026711]",4.919999999999978,100.0,0.0,"[63.1778070964429, 128.6636017122086, 128.66360171220865]",25
305,600956363,settled,Qf4i_0012,unmatched,,"[0.05725477910805818, -0.7446815581501165, -0.42402949309232957, 0.5122209056728005]","[-2.777856944854762e-06, -0.7070587637923967, -0.7071547943772875, -3.6412465217729326e-05]","[442.4570501507255, 3.589647112128523, 39.115974653576856]",4.399999999999804,100.0,0.0,"[63.1778070964429, 128.38946676623888, 128.38946676623888]",25
306,2578686602,settled,Qf4i_0015,unmatched,,"[-0.6455400009938469, 0.5753806031681371, -0.45602070897125385, -0.21038151440677957]","[-0.4999981993736391, 0.4999109125480374, -0.5000932708942514, -0.4999976005390388]","[442.5395141996556, 6.421266376311137, 39.11540212946751]",4.379999999999797,100.0,0.0,"[63.1778070964429, 118.74276986174499, 118.742769861745]",26
307,550025147,settled,Qf4i_0003,unmatched,,"[0.7099573476934985, 0.4430098413877016, -0.5402946446097417, -0.08823005097861712]","[0.7070593590293476, 0.7071541900559629, -4.439127007513366e-05, -0.00011101674842797782]","[442.0119439385549, 39.11952569963224, 6.424065525503477]",5.040000000000018,100.0,0.0,"[63.1778070964429, 128.14986215227412, 128.1498621522741]",22
308,1509445469,settled,Qf4i_0001,unmatched,,"[0.9208464586619982, -0.10826634392482577, 0.1606188773439282, 0.3384106596778303]","[0.9999999979792246, -3.0300778082205743e-05, 3.3716698974400156e-05, 4.457126829299218e-05]","[442.5164731164287, 40.87926523586288, 6.424731580604609]",4.4699999999998274,100.0,0.0,"[63.1778070964429, 114.78570612615007, 114.78570612615009]",22
309,552659270,settled,Qf4i_0017,unmatched,,"[-0.34640532390679185, -0.6487665398120545, -0.24996936788830862, -0.6297782494710692]","[-0.7071025952624842, 9.885775456783953e-05, -2.7296032474710994e-05, -0.7071109596485763]","[442.30824400104433, 6.429676825261958, 39.1166882208351]",4.489999999999834,100.0,0.0,"[63.1778070964429, 129.3181971072209, 129.31819710722087]",27
310,3395655849,settled,Qf4i_0017,unmatched,,"[0.5603417992438583, 0.49806016357495975, 0.09112456464104907, 0.6554765100282535]","[0.7071880361297161, 2.9053202807672617e-05, 4.254990289971482e-05, 0.7070255150278614]","[441.8470402978154, 6.420136991315772, 39.114135213157866]",4.579999999999864,100.0,0.0,"[63.1778070964429, 128.31115234266557, 128.31115234266554]",35
311,1961580372,settled,Qf4i_0016,unmatched,,"[-0.5267491122142659, -0.6341667673888417, 0.5046523934663464, -0.2563081069528572]","[-0.5000158215045319, -0.5000469833820187, 0.4998940930113331, -0.5000430865716156]","[442.08985632549945, 6.436955870878492, 40.88697048469031]",4.759999999999924,100.0,0.0,"[63.1778070964429, 125.17735500561336, 125.17735500561334]",24
312,3285284101,settled,Qf4i_0007,unmatched,,"[-0.2519624256778158, 0.2653646457256403, 0.5632789689319362, 0.7408193733997723]","[0.00015481824538149394, 0.00025817060231941863, 0.7069676902225022, 0.7072457807302291]","[441.8834980593483, 39.133887485434144, 3.5764297344641274]",4.549999999999854,100.0,0.0,"[63.1778070964429, 111.85450101813798, 111.854501018138]",13
313,1198512540,settled,Qf4i_0017,unmatched,,"[-0.5722362350782845, 0.014963805074935542, 0.16570812642957897, -0.8030333695658658]","[-0.7071038638742162, -7.320214050573938e-05, 2.6174784742991414e-05, -0.7071096942133387]","[442.3809249915879, 6.445544152129893, 39.112075126996004]",4.659999999999891,100.0,0.0,"[63.1778070964429, 116.85576699175411, 116.85576699175412]",30
314,3013583232,settled,Qf4i_0011,unmatched,,"[-0.17446144255530435, -0.5956220013565717, 0.7794641289237983, 0.08504885820855318]","[6.816077177083486e-05, -0.7071211295181747, 0.7070924245616322, 8.167375648505616e-05]","[442.46331913369613, 6.426432896608967, 40.88771710135378]",4.449999999999821,100.0,0.0,"[63.1778070964429, 119.68682057279457, 119.68682057279459]",20
315,236571778,settled,Qf4i_0003,unmatched,,"[-0.6240787190797052, -0.5692921078989122, 0.39592930131645515, 0.3601003146831605]","[-0.7070529682869479, -0.7071605815922636, -0.00010358449045611007, 3.3896330870308855e-05]","[441.86240231804584, 39.11672777525692, 6.423515679065364]",4.849999999999954,100.0,0.0,"[63.1778070964429, 115.7048443317414, 115.70484433174141]",12
316,4101237787,settled,Qf4i_0013,unmatched,,"[0.22137631792077062, -0.872870171370165, -0.27042651689298136, -0.3405285432341773]","[-8.367035165286029e-05, -0.999999992076092, -6.987543816955322e-05, -6.296436600023292e-05]","[441.9393210578299, 39.125134564286256, 6.425889628800734]",4.209999999999741,100.0,0.0,"[63.1778070964429, 118.4749703382359, 118.47497033823592]",18
317,3459630954,settled,Qf4i_0006,unmatched,,"[0.14984913631728244, -0.7555079338458067, -0.5355197552076315, -0.3463691528172838]","[0.5000547385188244, -0.49994324303059967, -0.5000316267379136, -0.4999703836176227]","[441.8779013944243, 3.5802612827346425, 40.88587443017366]",5.140000000000051,100.0,0.0,"[63.1778070964429, 129.45917859205446, 129.4591785920545]",27
318,1119814818,settled,Qf4i_0002,unmatched,,"[-0.6971165871654177, -0.13189122910838355, 0.449280586155775, 0.5429365731709773]","[-0.7071104735783366, -6.141405337862123e-05, -9.327592728824565e-05, 0.7071030799563357]","[442.4810226938331, 3.5707647296651968, 40.88767252160226]",4.659999999999891,100.0,0.0,"[63.1778070964429, 128.30526674319356, 128.30526674319356]",19
319,342980811,settled,Qf4i_0012,unmatched,,"[0.030532435525299394, 0.7782847485238531, 0.3908315324615853, 0.4905011048201471]","[-2.0262969230672236e-05, 0.7070719939752501, 0.7071415634347371, -6.471747667869971e-05]","[442.3100642628937, 3.57838443777737, 39.11156578677041]",4.5899999999998675,100.0,0.0,"[63.1778070964429, 129.28860545300756, 129.2886054530076]",28
320,3566514477,settled,Qf4i_0002,unmatched,,"[0.4167803399879383, -0.48067880125688306, 0.1608241271501632, -0.7545711618847971]","[0.7071035375933997, -6.21604550940643e-05, -6.1906415371569e-05, -0.707110019322717]","[442.059861678792, 3.5809571150071315, 40.884797076917735]",5.000000000000004,100.0,0.0,"[63.1778070964429, 129.60828391614464, 129.60828391614461]",27
321,4025272107,settled,Qf4i_0010,unmatched,,"[0.21014813389143402, -0.13121837656388724, 0.9665897820764848, 0.06575479191069845]","[-8.780414395423108e-06, -2.7113791392530118e-05, 0.999999995226049, 9.346469322549621e-05]","[442.5364095005289, 40.8881749434262, 3.5788896421113727]",4.609999999999874,100.0,0.0,"[63.1778070964429, 116.45751135266069, 116.4575113526607]",24
322,1181857748,settled,Qf4i_0010,unmatched,,"[0.5202040659321218, -0.02133506390474298, -0.8182722554790269, 0.24364535856267633]","[6.002372807144697e-06, 3.0340483653246153e-06, -0.999999999903015, 1.2195742730862349e-05]","[441.96190903124847, 40.88141833603129, 3.5808786818774494]",4.259999999999757,100.0,0.0,"[63.1778070964429, 127.32015984874288, 127.32015984874288]",13
323,268707656,settled,Qf4i_0011,unmatched,,"[0.10301261730232424, 0.7022709010576099, -0.7036647303319815, -0.03255655834201603]","[0.0001310161873225525, 0.7070623940078015, -0.7071511533805992, -9.338276092990434e-06]","[442.2397984838267, 6.425539892180035, 40.88703590443822]",4.439999999999817,100.0,0.0,"[63.1778070964429, 117.50053232156048, 117.5005323215605]",29
324,975960072,settled,Qf4i_0004,unmatched,,"[0.7582962679941282, -0.5242043249157421, -0.3859285340466686, 0.035436736508854615]","[0.7071148534777953, -0.7070986892305908, -0.0001469038075377627, 7.809435126601706e-05]","[442.2144356206062, 40.89359697789631, 6.423284228244365]",4.5299999999998475,100.0,0.0,"[63.1778070964429, 125.90169401404552, 125.90169401404549]",21
325,2687390525,unsettled,,not_evaluated,,"[0.529971148785165, 0.0935671250492551, -0.7368673974424962, -0.4091481555032011]","[0.3331904313983188, -0.33317030517730767, -0.6237142297654219, -0.6236683764315685]","[442.3955112737979, 24.730419184735283, 35.97364332065761]",3.829999999999689,100.0,0.0,"[63.1778070964429, 127.71349462908324, 127.71349462908324]",22
326,745340072,settled,Qf4i_0015,unmatched,,"[0.7861852005525131, -0.41018944092891435, 0.2594748041369611, 0.3825314091688619]","[0.500057254198986, -0.49995586599142666, 0.49999331674223424, 0.4999935577553308]","[442.17746947225106, 6.429482729602802, 39.11448264893974]",4.879999999999964,100.0,0.0,"[63.1778070964429, 119.82262525839604, 119.82262525839606]",24
327,2708790030,settled,Qf4i_0005,unmatched,,"[-0.40010769300529814, -0.46229958432576546, -0.7355170739389548, 0.2919033440618327]","[-0.49999706032611424, -0.49996477323049454, -0.49999486415142963, 0.500043299141202]","[442.2515102120226, 3.5914693213185167, 39.11263632259066]",4.459999999999824,100.0,0.0,"[63.1778070964429, 124.65404150221558, 124.65404150221559]",18
328,3867797169,settled,Qf4i_0009,unmatched,,"[0.27252022960366223, -0.4710032195972138, -0.05749293677220416, -0.8370085147757659]","[3.665125778251621e-05, 0.00014338640333401512, 6.251314566660885e-06, -0.9999999890289728]","[442.3447817225556, 39.110963902370415, 3.57099375982484]",4.879999999999964,100.0,0.0,"[63.1778070964429, 124.12560985301018, 124.12560985301019]",30
329,2098479478,settled,Qf4i_0013,unmatched,,"[0.15298370120063826, 0.6826603934028278, -0.3570083518569619, -0.6189634974297159]","[-9.959802945672414e-06, 0.9999999571289434, 0.00019390194288648746, 0.000219191583518329]","[442.61042457457614, 39.11349223911442, 6.422668894070168]",5.340000000000118,100.0,0.0,"[63.1778070964429, 129.24052053719274, 129.2405205371928]",25
330,931152868,settled,Qf4i_0013,unmatched,,"[-0.07699985549756341, 0.8909419945389845, -0.24586779421207117, -0.37395509408155014]","[-1.9619768410465377e-05, 0.9999999995675776, -2.1818463465828053e-05, -1.9657766606585227e-06]","[442.40174657384597, 39.11325091197786, 6.42708461608742]",4.769999999999928,100.0,0.0,"[63.1778070964429, 119.66374451659384, 119.66374451659384]",13
331,1558597429,settled,Qf4i_0016,unmatched,,"[-0.05032807851328375, 0.6995851474338736, -0.399069134252301, 0.5905857533755833]","[0.5000055706525662, 0.4999778708662621, -0.5000522109678156, 0.4999643429952183]","[442.04499697197883, 6.424204616544318, 40.886582350224174]",4.779999999999931,100.0,0.0,"[63.1778070964429, 130.17153543834854, 130.1715354383486]",23
332,4250729804,settled,Qf4i_0004,unmatched,,"[-0.5179918142254788, 0.8470059183462957, 0.021460460551873155, -0.11749426928428096]","[-0.7071249407683244, 0.7070886209224422, -1.7454078123507744e-05, -8.647454490806616e-07]","[442.07479473519226, 40.8929948622547, 6.427400550544964]",4.629999999999881,100.0,0.0,"[63.1778070964429, 127.43044948450627, 127.43044948450624]",18
333,4147647222,settled,Qf4i_0009,unmatched,,"[0.12615750889557242, 0.8556727900390604, -0.30344808093154096, 0.39978446882663954]","[-0.0001281912826877618, 1.319717961237551e-05, 1.6493130589618854e-05, 0.9999999915604031]","[442.2391528501153, 39.11080538442086, 3.5794362549026357]",5.210000000000075,100.0,0.0,"[63.1778070964429, 124.11016945220968, 124.11016945220968]",17
334,546835206,settled,Qf4i_0015,unmatched,,"[0.4747277603993977, -0.6651193289938975, 0.40724489525343527, 0.4079233101881997]","[0.49991982740952084, -0.5000678762478368, 0.4999564228345047, 0.5000558574542838]","[442.09012285389343, 6.422946438305377, 39.11651936094293]",4.449999999999821,100.0,0.0,"[63.1778070964429, 117.52824695187981, 117.5282469518798]",29
335,3200495743,settled,Qf4i_0004,unmatched,,"[-0.7212814251850905, 0.5185469572284966, -0.03279668505260917, -0.45802460226672564]","[-0.7070919596679939, 0.7071216015064, -7.509565773222704e-06, 3.4633893308405606e-05]","[441.9164324071581, 40.8988683233007, 6.425795514478558]",4.909999999999974,100.0,0.0,"[63.1778070964429, 121.36900319618461, 121.36900319618462]",27
336,2348890405,settled,Qf4i_0016,unmatched,,"[-0.3176050939804824, -0.28922093024306683, 0.616076618705389, -0.6602483303057408]","[-0.5000570003818395, -0.5000327964746378, 0.4999825487669426, -0.49992764451206567]","[442.2146126464241, 6.424598475792645, 40.88657400355542]",4.519999999999844,100.0,0.0,"[63.1778070964429, 109.04762327046072, 109.04762327046073]",26
337,4061647453,settled,Qf4i_0008,unmatched,,"[0.2508877114037342, -0.15163781220023995, 0.7535005001501298, -0.588471177247642]","[-0.00016300533223431724, 7.283734404575637e-05, 0.7070488132678135, -0.7071647218156175]","[442.53147783470064, 40.89229878349165, 3.573683976112511]",4.629999999999881,100.0,0.0,"[63.1778070964429, 123.00775621984852, 123.0077562198485]",18
338,2968043584,settled,Qf4i_0011,unmatched,,"[-0.35150377954755807, -0.700554371236003, 0.6195805777205756, -0.04229153127220831]","[0.00013233490902019328, -0.7071354305882314, 0.7070781062339286, 0.00013030314511417034]","[442.0060395844781, 6.4266629699757, 40.880306712000355]",4.399999999999804,100.0,0.0,"[63.1778070964429, 128.68908709884295, 128.689087098843]",33
339,3422452170,settled,Qf4i_0011,unmatched,,"[0.3118768852079661, -0.6471205612970246, 0.6816277895163125, 0.13910910889911815]","[4.006437988221969e-05, -0.7071002028341, 0.7071133547603818, -7.117821672965053e-05]","[442.3081708113339, 6.4248903876414145, 40.88327644892607]",4.729999999999914,100.0,0.0,"[63.1778070964429, 129.110445001868, 129.11044500186796]",35
340,1734648617,settled,Qf4i_0015,unmatched,,"[0.3134098285251556, -0.38860391678069645, 0.2746942883010107, 0.8217690206021003]","[0.5000402275815652, -0.49994404423002714, 0.4999339005022418, 0.5000818118745329]","[441.8672282371998, 6.431505072345179, 39.104866161316906]",4.909999999999974,100.0,0.0,"[63.1778070964429, 118.01691400184578, 118.01691400184579]",24
341,2090830508,settled,Qf4i_0007,unmatched,,"[0.19578986618197766, 0.057011685569233625, -0.8839591859764658, -0.4207518907109296]","[3.912073874678956e-05, -1.672941644675907e-05, -0.7070491038626244, -0.7071644525262523]","[442.4454143468004, 39.11993595857485, 3.5776690033943113]",4.489999999999834,100.0,0.0,"[63.1778070964429, 129.05164185831714, 129.05164185831714]",17
342,3952832875,settled,Qf4i_0010,unmatched,,"[-0.44287830183887705, -0.037070952885603164, 0.87693113035891, -0.18296542520353493]","[0.0001946336670979835, 0.00010192981964285419, 0.9999999747836918, 4.6482936541491406e-05]","[442.6547643483415, 40.8734767329191, 3.5679953687877166]",4.289999999999767,100.0,0.0,"[63.1778070964429, 123.98376922658504, 123.98376922658505]",13
343,3817366363,settled,Qf4i_0006,unmatched,,"[0.6329807026932204, -0.4246937457648563, -0.5796698736189316, -0.28801647512742096]","[0.5000017180863635, -0.4999575278549885, -0.5000401082048249, -0.5000006424379073]","[442.5411520712434, 3.5753066537313054, 40.889266064699406]",4.5599999999998575,100.0,0.0,"[63.1778070964429, 118.75479452170066, 118.75479452170067]",19
344,401891113,settled,Qf4i_0015,unmatched,,"[0.445830858310104, -0.29384339024250955, 0.3955308816009174, 0.7472925996484009]","[0.49996463316087053, -0.5000283658179033, 0.4999679983086309, 0.5000389981122012]","[441.9731023895385, 6.4208089980060805, 39.11861704826619]",4.6199999999998775,100.0,0.0,"[63.1778070964429, 122.19049658890161, 122.19049658890162]",33
345,225434681,settled,Qf4i_0015,unmatched,,"[-0.3912896982650508, 0.6237061331187186, -0.5782994858442289, -0.351358415601564]","[-0.4998642753144966, 0.5000498394505019, -0.5000873035032718, -0.4999985532025739]","[442.6037632970404, 6.436295345152738, 39.11537935044046]",4.399999999999804,100.0,0.0,"[63.1778070964429, 126.34855211687338, 126.34855211687338]",27
346,2594131664,settled,Qf4i_0001,unmatched,,"[0.9287638649349177, 0.1673585554405621, -0.2524568204596961, -0.21366878788298235]","[0.9999999994634039, -9.172647969178169e-06, -3.104129286551297e-05, 5.049053338535003e-06]","[442.019901091725, 40.889342978767786, 6.423209211486709]",4.5599999999998575,100.0,0.0,"[63.1778070964429, 125.06950180197812, 125.06950180197812]",16
347,1003632784,settled,Qf4i_0002,unmatched,,"[-0.5534335173751268, 0.1501665188983372, -0.19810919181889083, 0.7949302526414607]","[-0.70706540953944, -4.393542776901958e-05, -8.827364092765084e-05, 0.7071481435387259]","[442.36538262890053, 3.578794655495484, 40.888691404023085]",4.679999999999898,100.0,0.0,"[63.1778070964429, 113.13829985825153, 113.13829985825153]",27
348,1582205474,settled,Qf4i_0017,unmatched,,"[0.453668244587904, 0.3920223605087072, 0.1535447506293244, 0.785447389879099]","[0.7071334645976701, -4.315602346024433e-06, -1.638978034466548e-05, 0.707080096565337]","[441.9225428426773, 6.435765040273718, 39.1145587710223]",4.649999999999888,100.0,0.0,"[63.1778070964429, 125.78183519008287, 125.78183519008284]",21
349,1175386389,settled,Qf4i_0007,unmatched,,"[-0.169876418588353, -0.4905923723818673, 0.6427253288901665, 0.5633518245034387]","[-1.9465938581736397e-05, -3.938914785395209e-05, 0.7071027734874854, 0.7071107874978844]","[442.6418573834991, 39.107977139498075, 3.579506173609179]",4.4999999999998375,100.0,0.0,"[63.1778070964429, 121.04764782646305, 121.04764782646303]",22
350,3426315339,settled,Qf4i_0002,unmatched,,"[0.7619549124828563, -0.10773591762875073, 0.2103228261383814, -0.6029776050576822]","[0.7071203739046388, 3.0334615420450587e-05, -3.3078014467674696e-05, -0.7070931867827748]","[441.83512781092713, 3.5879858313063555, 40.88569846195912]",4.419999999999811,100.0,0.0,"[63.1778070964429, 120.77240982553434, 120.77240982553434]",25
351,1950208217,settled,Qf4i_0011,unmatched,,"[0.32467456317231624, -0.555252933700564, 0.724202560419202, -0.24861870228937888]","[-0.0001243511808545046, -0.7071265296711763, 0.707087018432592, -6.273826749967239e-05]","[441.9488311040683, 6.437220085657391, 40.88743596375213]",4.519999999999844,100.0,0.0,"[63.1778070964429, 120.40506523373443, 120.40506523373445]",24
352,3843021671,settled,Qf4i_0015,unmatched,,"[-0.6004387263867339, 0.46022149587923483, -0.1398662779784892, -0.638832477939405]","[-0.49998299758749076, 0.5000393627162271, -0.4999024058405624, -0.5000752168350222]","[442.6001572891731, 6.425576065888936, 39.11115478195837]",4.839999999999951,100.0,0.0,"[63.1778070964429, 128.17981641733843, 128.17981641733843]",32
353,4285819425,settled,Qf4i_0011,unmatched,,"[0.10798352907547408, 0.7503078307153173, -0.5097169204095255, -0.40689848569871895]","[-2.3471099216387414e-05, 0.707076097311435, -0.7071374632516269, -1.1224611640309795e-05]","[441.8319003890159, 6.43041403056761, 40.87481408199038]",4.919999999999978,100.0,0.0,"[63.1778070964429, 128.11297852914456, 128.11297852914456]",32
354,3497012217,settled,Qf4i_0011,unmatched,,"[-0.03614389212516662, -0.47092224253230175, 0.8776470309927155, -0.08161831620453769]","[-5.035124153599281e-05, -0.7070599828316166, 0.7071535744624066, -1.6369123561492698e-05]","[441.8777591337704, 6.428806114991276, 40.89000166731728]",4.509999999999841,100.0,0.0,"[63.1778070964429, 113.98368280572963, 113.98368280572961]",27
355,2873029230,settled,Qf4i_0004,unmatched,,"[0.4628663485147122, -0.8593102772631258, 0.024602172352034594, 0.21618354220011224]","[0.7070948116865472, -0.7071187439811673, -9.074706997344584e-05, -3.100697063734836e-05]","[441.8810163262161, 40.88843060670805, 6.419969682656231]",4.649999999999888,100.0,0.0,"[63.1778070964429, 128.66432371919078, 128.66432371919078]",25
356,1554565609,settled,Qf4i_0015,unmatched,,"[-0.652094966003504, 0.3679621994719656, -0.4952347691569995, -0.44058880885770996]","[-0.5001148760290284, 0.500067225771502, -0.49989194677552895, -0.49992591654427665]","[442.3057075648626, 6.424877793724682, 39.1132621097643]",4.699999999999904,100.0,0.0,"[63.1778070964429, 119.65456601751359, 119.65456601751357]",29
357,2965863122,settled,Qf4i_0013,unmatched,,"[-0.12769327799571875, -0.940130401887314, -0.03815505373810864, 0.31367729608013967]","[6.863203844876998e-05, -0.9999999962588467, -3.310718395005408e-05, 4.0937322624128284e-05]","[442.4207112148012, 39.113543464492516, 6.422444523236416]",4.819999999999944,100.0,0.0,"[63.1778070964429, 119.43268303250488, 119.4326830325049]",15
358,288631476,settled,Qf4i_0009,unmatched,,"[0.15646738306889113, 0.4577879066219654, -0.17363200094501036, -0.8577879218280493]","[7.025560973050739e-05, -6.492275730951634e-05, -0.00010143789169586, -0.9999999902797695]","[442.31677981179774, 39.115213991993244, 3.5752028115436407]",4.519999999999844,100.0,0.0,"[63.1778070964429, 125.1966281879785, 125.1966281879785]",21
359,3535010220,settled,Qf4i_0015,unmatched,,"[-0.38296168635250694, 0.6040267022354994, 0.08806163065029556, -0.6933521752902795]","[-0.4999936320559712, 0.5000213330990357, -0.5000752129293083, -0.4999098076283845]","[442.36104551062266, 6.430961640105163, 39.11045082850212]",4.959999999999991,100.0,0.0,"[63.1778070964429, 127.91477682311339, 127.91477682311336]",25
360,2618921339,settled,Qf4i_0002,unmatched,,"[0.7111506376373382, -0.1553816167939371, 0.3915002002004868, -0.5628933442433726]","[0.7071357825691408, -6.855334495957206e-05, -1.189006797800597e-05, -0.7070777751912404]","[442.02621328479626, 3.5808700588364393, 40.888981674678874]",4.429999999999814,100.0,0.0,"[63.1778070964429, 125.74042345131758, 125.74042345131755]",27
361,1660890013,settled,Qf4i_0007,unmatched,,"[0.45280857555295406, 0.20066766691702484, 0.5321230520114401, 0.6866891137027097]","[1.24813926209999e-05, -1.6119845598544517e-05, 0.707106982070528, 0.7071065800086119]","[442.53126967551725, 39.11319096947756, 3.570285196496062]",5.010000000000008,100.0,0.0,"[63.1778070964429, 115.27850366039681, 115.27850366039682]",22
362,4217470258,settled,Qf4i_0002,unmatched,,"[-0.705585590940385, 0.12040932334872317, -0.01745986958392375, 0.6981015124336307]","[-0.706984094353938, -5.757086357282009e-05, 0.00011084619719993415, 0.7072294357061636]","[442.48773311226927, 3.578898269373271, 40.88952373609609]",4.6199999999998775,100.0,0.0,"[63.1778070964429, 119.18630531971262, 119.18630531971262]",28
363,3876941340,settled,Qf4i_0013,unmatched,,"[-0.12107567680190418, 0.9796114234016763, 0.025284708254459297, -0.1583124226218193]","[2.0050740633043026e-06, 0.9999999650490898, -0.0002151617149228069, -0.00015363344541547062]","[442.37066778063075, 39.11679204787846, 6.423610634017921]",4.5599999999998575,100.0,0.0,"[63.1778070964429, 120.69377817245899, 120.69377817245898]",20
364,1763217951,settled,Qf4i_0013,unmatched,,"[0.3073770505126439, 0.9100429245687035, 0.09833167340130129, -0.26013862893981854]","[6.250985199372768e-05, 0.9999999966226075, 5.172880280168713e-05, 1.3093296746769154e-05]","[442.2236506124117, 39.13279770487497, 6.429003253626623]",4.759999999999924,100.0,0.0,"[63.1778070964429, 124.76992969968028, 124.76992969968029]",17
365,4219013935,settled,Qf4i_0002,unmatched,,"[0.7454283172530326, -0.3094702124605008, -0.041500737105532565, -0.5889333580776878]","[0.7070841950507395, -4.7746924049568586e-05, 0.00011702115221256515, -0.7071293553061766]","[442.73194697349476, 3.579208360912356, 40.892427171645366]",4.609999999999874,100.0,0.0,"[63.1778070964429, 126.93840920415147, 126.93840920415144]",22
366,2392790572,settled,Qf4i_0011,unmatched,,"[0.506298281140592, -0.4800913546943908, 0.6900901351759378, -0.19222368999330575]","[5.379385557700234e-06, -0.7071834153311349, 0.7070301377991652, -3.599093480158957e-05]","[442.5340275679053, 6.417138066807892, 40.89059309358049]",4.779999999999931,100.0,0.0,"[63.1778070964429, 127.96776911905536, 127.96776911905533]",34
367,1164810619,settled,Qf4i_0009,unmatched,,"[-0.38137065741942194, -0.17571490907316958, -0.402914362951204, -0.8132285708929016]","[-7.281932727143392e-06, -3.337140264414532e-05, 2.9875485700201007e-05, -0.9999999989703893]","[442.16793422899883, 39.11818036260496, 3.572935830872422]",4.5299999999998475,100.0,0.0,"[63.1778070964429, 121.69683661079432, 121.69683661079432]",10
368,2725202999,settled,Qf4i_0003,unmatched,,"[0.6020706777101422, 0.6374296419236787, -0.13537127254050507, -0.4613772525921334]","[0.7070868345232425, 0.7071267258058181, 3.018612317212677e-05, -3.440700775478312e-05]","[442.1883742898077, 39.11027112849374, 6.423575218234498]",4.5899999999998675,100.0,0.0,"[63.1778070964429, 122.56614428477174, 122.56614428477175]",28
369,654768980,unsettled,,not_evaluated,,"[0.36951331627604517, 0.16361525016927125, -0.050278802764462525, -0.9133246963699704]","[0.7071580440074273, 3.63560137218937e-05, -5.099555101074134e-05, -0.707055511875329]","[442.37964257730954, 3.5798191403942115, 40.887796679426536]",4.309999999999774,100.0,0.0,"[63.1778070964429, 113.62464814643509, 113.62464814643509]",29
370,2221380443,settled,Qf4i_0010,unmatched,,"[-0.35836865151581215, 0.05949061892660346, 0.9295317164905558, 0.0632737221015895]","[-6.77098150321966e-06, 9.228884679030047e-05, 0.9999999923055979, 8.261795622514273e-05]","[442.31869572864485, 40.89771932991154, 3.5782871287971805]",4.429999999999814,100.0,0.0,"[63.1778070964429, 116.47098823723006, 116.47098823723006]",32
371,476349535,settled,Qf4i_0006,unmatched,,"[0.09604740000755455, 0.7008195225679995, 0.19012996826416934, 0.6807918102527497]","[-0.49990063900953785, 0.49999260545943397, 0.5000591483086937, 0.5000475915315724]","[442.4115585697203, 3.5773612579284713, 40.88322015418499]",4.729999999999914,100.0,0.0,"[63.1778070964429, 125.77560880674679, 125.77560880674676]",33
372,3612281220,settled,Qf4i_0007,unmatched,,"[0.6715049193823535, 0.5474979878976362, 0.17480186313158846, 0.46773005584317984]","[-4.85690228146929e-07, -0.00010642542552169455, 0.7071016759966332, 0.7071118783305408]","[442.59049403514234, 39.11726037489362, 3.570121427697241]",5.210000000000075,100.0,0.0,"[63.1778070964429, 119.33000058199559, 119.3300005819956]",20
373,1017460157,settled,Qf4i_0016,unmatched,,"[0.7624564013137765, 0.3983607319822863, -0.4894468025699346, 0.14286633880746705]","[0.5000237668658625, 0.5000022596711865, -0.49996726302891337, 0.5000067087473512]","[442.5715564067581, 6.424768335808337, 40.888022469821365]",4.789999999999934,100.0,0.0,"[63.1778070964429, 121.14630598333889, 121.1463059833389]",18
374,3334185002,settled,Qf4i_0015,unmatched,,"[0.29294854975408346, -0.3482776720377911, 0.3091249391142775, 0.8350602267947566]","[0.4999228067905891, -0.5000410542284592, 0.49998165285253826, 0.5000544751800091]","[442.0602606136884, 6.431879356548591, 39.12000215940547]",4.949999999999988,100.0,0.0,"[63.1778070964429, 115.35497713780276, 115.35497713780278]",27
375,36137377,settled,Qf4i_0007,unmatched,,"[-0.20545604068213918, -0.3180872002026298, 0.5867492465968921, 0.7157748738482309]","[-5.335986580917718e-05, -6.707917405257559e-05, 0.7070827332123534, 0.707130823148063]","[442.0184826579201, 39.112039117049896, 3.576592637802762]",4.449999999999821,100.0,0.0,"[63.1778070964429, 120.06536118270975, 120.06536118270976]",22
376,289982995,settled,Qf4i_0003,unmatched,,"[0.44371958448672016, 0.8345991150536697, -0.14418709359260803, 0.29286059744506493]","[0.7070987958919073, 0.7071147634791898, -6.392950812070253e-05, -5.567992506866348e-06]","[442.00760322487605, 39.11485539809446, 6.425675266687129]",4.679999999999898,100.0,0.0,"[63.1778070964429, 123.67843088963883, 123.67843088963885]",21
377,437091509,settled,Qf4i_0006,unmatched,,"[0.46244359947511104, -0.1983497310405094, -0.8436222101105, -0.18736293152311587]","[0.500036151707182, -0.49987693367553554, -0.500045266625583, -0.5000416277574959]","[442.0926230098025, 3.580863596592571, 40.877373404459874]",4.4999999999998375,100.0,0.0,"[63.1778070964429, 115.72830392606924, 115.72830392606926]",26
378,3839845437,unsettled,,not_evaluated,,"[0.35226777543534865, 0.934847391708788, 0.031132634150594862, -0.03159948885586536]","[0.23524596072990164, 0.9719358518681832, -0.0001743819399237512, 8.604925240149332e-05]","[442.64189273322006, 52.67739526842034, 6.424851630978157]",4.599999999999871,100.0,0.0,"[63.1778070964429, 128.0134296553074, 128.01342965530745]",14
379,1660966759,settled,Qf4i_0009,unmatched,,"[-0.1517052857831241, -0.29127561974959143, -0.18264073679145526, 0.9267072789555645]","[0.00013508286721741758, 0.00011664630964504097, -2.9404843855766614e-05, 0.9999999836408062]","[442.22221003545906, 39.121692549230744, 3.5709288828553487]",4.299999999999771,100.0,0.0,"[63.1778070964429, 119.02731255236787, 119.02731255236789]",17
380,1637501604,settled,Qf4i_0015,unmatched,,"[0.18129149155088545, -0.6913895059743468, 0.032480297838960365, 0.6986121788031583]","[0.49997920949037994, -0.500018509988102, 0.4999744607898067, 0.5000278175307803]","[442.13836945925823, 6.427783339556927, 39.11581359013068]",4.779999999999931,100.0,0.0,"[63.1778070964429, 119.4807479002679, 119.48074790026791]",19
381,485279111,settled,Qf4i_0001,unmatched,,"[-0.9312632588279296, -0.3349799535042644, 0.12213209572889121, 0.07497282641286965]","[-0.9999999993469942, 3.462750798323327e-05, -9.630648176864932e-06, -3.768001685389155e-06]","[441.8519074567977, 40.88553474601772, 6.428470379634691]",4.5899999999998675,100.0,0.0,"[63.1778070964429, 129.2879232996791, 129.28792329967908]",19
382,3762580992,settled,Qf4i_0007,unmatched,,"[0.1773482491946259, -0.3470449091463339, 0.7076768376718273, 0.5893224270007174]","[8.60847437175738e-05, 5.195586075118497e-06, 0.7070711275960793, 0.7071424277204925]","[442.5414795101303, 39.12130210845122, 3.5792628915221787]",4.509999999999841,100.0,0.0,"[63.1778070964429, 112.55367089821164, 112.55367089821165]",22
383,2423116493,settled,Qf4i_0016,unmatched,,"[0.29462108731827746, 0.6033356075849531, -0.42676698231237864, 0.6058502309444782]","[0.5000266949347769, 0.49998909997795316, -0.4999962209304153, 0.49998798316673904]","[442.53870544937956, 6.4289220874909105, 40.88582401570302]",4.679999999999898,100.0,0.0,"[63.1778070964429, 119.69351378784646, 119.69351378784647]",33
384,4174505831,settled,Qf4i_0016,unmatched,,"[0.2244048008060311, 0.5715964015653734, -0.6853403945532466, 0.39144422678885216]","[0.5000196956844006, 0.5000165320217422, -0.49996342312777087, 0.5000003471668706]","[442.7072042784951, 6.42651120073387, 40.88916329840435]",4.889999999999968,100.0,0.0,"[63.1778070964429, 129.31269347481052, 129.31269347481052]",28
385,2525438779,settled,Qf4i_0017,unmatched,,"[-0.6897378057101372, -0.14439285100342594, -0.2628215548777614, -0.6590427104861286]","[-0.7071128286258789, -3.745323118571564e-05, -1.1601365457626789e-06, -0.7071007327026456]","[442.2068422741874, 6.430053473516023, 39.11485042644705]",4.509999999999841,100.0,0.0,"[63.1778070964429, 118.00001087743946, 118.00001087743948]",28
386,1288210302,settled,Qf4i_0016,unmatched,,"[0.04615286212208781, -0.6333120855466261, 0.5372564310861841, -0.5551047134325727]","[-0.5000616040830064, -0.5001238606828031, 0.4998671130276127, -0.49994738264251226]","[442.58304316668, 6.431090901573233, 40.875936670753134]",4.539999999999851,100.0,0.0,"[63.1778070964429, 130.04094798930737, 130.04094798930734]",25
387,2398396039,settled,Qf4i_0001,unmatched,,"[0.7576079537954379, -0.18841092674201143, 0.5765840312664487, -0.24100283383943177]","[0.9999999885410321, -7.201586730772788e-05, -8.991521219022784e-06, -0.00013285632540188666]","[441.9955631509383, 40.89094334348593, 6.421406721608715]",4.5299999999998475,100.0,0.0,"[63.1778070964429, 129.50883292010755, 129.50883292010752]",15
388,701727153,settled,Qf4i_0006,unmatched,,"[0.19212178778999547, -0.6549558889125926, -0.32855242530116996, -0.6528210367809931]","[0.4999794712107647, -0.4999262427352971, -0.50009974436379, -0.49999452584967846]","[442.36584519901453, 3.589405985155895, 40.8890752462355]",4.639999999999884,100.0,0.0,"[63.1778070964429, 120.10197568978047, 120.10197568978049]",37
389,1545886231,settled,Qf4i_0002,unmatched,,"[0.6603699745772341, -0.13748381202057905, -0.26800047012429995, -0.6878847622402371]","[0.7071303865110221, 0.00010832218181808779, 3.224723727103526e-05, -0.7070831660414446]","[442.40991171675466, 3.577664844190018, 40.87970508931015]",4.509999999999841,100.0,0.0,"[63.1778070964429, 129.37106858888896, 129.37106858888896]",16
390,1745869872,settled,Qf4i_0012,unmatched,,"[-0.447504222096961, 0.26585095795835, 0.8533219872333381, 0.030080316856180497]","[-1.0243718214935035e-06, 0.7070786543476888, 0.7071349067938372, -1.2589026956814384e-05]","[442.38577585327823, 3.575001865109617, 39.11378213104493]",4.369999999999794,100.0,0.0,"[63.1778070964429, 122.9221618810991, 122.9221618810991]",23
391,406022352,settled,Qf4i_0011,unmatched,,"[-0.3653408397420556, 0.6171309206484219, -0.6060321330849663, 0.3440938117209992]","[4.271489154321403e-05, 0.7071018400416211, -0.7071117208741361, -1.3697072529776862e-05]","[442.36684419876593, 6.423365218776744, 40.887531296886856]",4.379999999999797,100.0,0.0,"[63.1778070964429, 114.46610115059654, 114.46610115059656]",27
392,1249401832,settled,Qf4i_0010,unmatched,,"[-0.1733833582670486, 0.1891697261426468, -0.9649533349426495, -0.05493712014854206]","[-1.8342416185026673e-05, -3.646471735307966e-05, -0.9999999991357057, 7.903726937561662e-06]","[442.4568237481583, 40.886634199228894, 3.578002489096635]",4.609999999999874,100.0,0.0,"[63.1778070964429, 114.47297396673594, 114.47297396673595]",19
393,3632292210,settled,Qf4i_0008,unmatched,,"[-0.016288161035539764, 0.41417340070696734, 0.444247711431849, -0.79425377609708]","[-6.639148027309806e-05, -7.655987596277837e-06, 0.7071446834203751, -0.70706887376256]","[441.87044251985225, 40.89302261812606, 3.5753186764212392]",4.309999999999774,100.0,0.0,"[63.1778070964429, 126.99298372041662, 126.99298372041659]",13
394,2973749025,settled,Qf4i_0015,unmatched,,"[-0.257487360526622, 0.7199862692742867, -0.4075739458834495, -0.4992028744533857]","[-0.4999576019643071, 0.5000861756793555, -0.499986890999935, -0.49996932101951563]","[442.190607720278, 6.426053767636945, 39.117167145028716]",4.5899999999998675,100.0,0.0,"[63.1778070964429, 123.60976937027658, 123.6097693702766]",28
395,1941028596,settled,Qf4i_0015,unmatched,,"[-0.3979706979410011, 0.5124873277994502, -0.5234674702789294, -0.552229906818808]","[-0.5000068403001906, 0.500004013655083, -0.49993746865834027, -0.5000516707434528]","[442.0883368405725, 6.427895153776151, 39.11201959805076]",4.449999999999821,100.0,0.0,"[63.1778070964429, 115.67722344300138, 115.6772234430014]",25
396,3070380030,settled,Qf4i_0012,unmatched,,"[-0.06994234935673012, 0.3801467522525942, 0.7566750495891676, -0.5272943995980771]","[-0.00012379752379388062, 0.7071530851880583, 0.7070604506919056, 0.00013360592592590717]","[442.0712965383326, 3.5721662349570034, 39.1143217438978]",4.579999999999864,100.0,0.0,"[63.1778070964429, 115.63789155791287, 115.63789155791288]",15
397,1915343937,settled,Qf4i_0015,unmatched,,"[0.4906712176433897, -0.7697750840218592, 0.18896804856236424, 0.36191042098566995]","[0.5000285624830675, -0.5000902610848339, 0.4999683934360714, 0.49991276542430246]","[442.1267786934962, 6.433238746261169, 39.10954015476954]",4.699999999999904,100.0,0.0,"[63.1778070964429, 119.64143945266791, 119.64143945266792]",35
398,354290017,settled,Qf4i_0005,unmatched,,"[-0.28835621042518916, -0.38855276042979314, -0.7424310043056404, 0.46332888116038073]","[-0.500033973943854, -0.499976789050759, -0.4999276290639907, 0.5000615972166498]","[441.8509498786931, 3.577737942327075, 39.1104729953767]",4.569999999999861,100.0,0.0,"[63.1778070964429, 117.55742614054469, 117.55742614054468]",24
399,3963352672,settled,Qf4i_0002,unmatched,,"[0.9251647455085984, -0.043595273119650155, -0.02004224774347514, -0.3765208548474078]","[0.7071931752669114, 6.210397916398038e-05, -1.973337864691449e-05, -0.7070203735463308]","[442.3404881375178, 3.574543992262126, 40.884552558708855]",4.679999999999898,100.0,0.0,"[63.1778070964429, 108.58045197761174, 108.58045197761176]",24
400,2241331819,settled,Qf4i_0017,unmatched,,"[0.5925854334590082, 0.24491752173755219, -0.09201458593482868, 0.7618341207726109]","[0.7071028237470021, 9.4334625072151e-05, -9.589991801997061e-06, 0.7071107322463906]","[442.51409349652147, 6.428684307642339, 39.10841965184969]",4.649999999999888,100.0,0.0,"[63.1778070964429, 126.61551300050097, 126.61551300050094]",26
401,1248089024,settled,Qf4i_0015,unmatched,,"[0.2827366532360801, -0.6531151424436665, 0.5934076092222453, 0.3759893681273299]","[0.5000007836533509, -0.5000719545494356, 0.4999684495457011, 0.4999588043809309]","[442.19443154046695, 6.427202312971562, 39.11319656045586]",4.479999999999831,100.0,0.0,"[63.1778070964429, 128.12804200812909, 128.12804200812914]",18
402,1190590428,settled,Qf4i_0003,unmatched,,"[-0.8466737523926994, -0.520625593890875, -0.0190786065475082, 0.10829845228462341]","[-0.7070526217344123, -0.7071609113216998, 0.00015661870547359347, 0.00010520331910571223]","[442.1220334027328, 39.112271411341816, 6.422503324052392]",4.579999999999864,100.0,0.0,"[63.1778070964429, 125.52109866979939, 125.52109866979936]",22
403,870255912,settled,Qf4i_0008,unmatched,,"[-0.016935335981255635, 0.22228673932136322, -0.7657847735540874, 0.6032209218104038]","[-5.6637360701411454e-05, 2.783715232337891e-05, -0.7071027812661801, 0.7071107782681121]","[442.4441008867272, 40.886169562969926, 3.5739174664111624]",4.549999999999854,100.0,0.0,"[63.1778070964429, 119.93904131006798, 119.93904131006799]",22
404,3990659583,settled,Qf4i_0011,unmatched,,"[-0.20215787328060575, -0.6371998885809219, 0.5616658613913516, 0.4874832883398513]","[-3.809720737710435e-05, -0.7070933104085719, 0.7071202499510647, -3.2143330749362245e-05]","[442.4253164803708, 6.430860167324158, 40.88979712260566]",4.699999999999904,100.0,0.0,"[63.1778070964429, 125.83191918028689, 125.83191918028689]",23
405,3397404430,settled,Qf4i_0015,unmatched,,"[0.41182468093020647, -0.4075472598130009, 0.478449909386871, 0.6598419109175645]","[0.49996215713964903, -0.5000743745067012, 0.49996821027005767, 0.49999525008679435]","[442.39279478486657, 6.427185568249689, 39.11329346151462]",4.679999999999898,100.0,0.0,"[63.1778070964429, 116.33982608741023, 116.33982608741024]",23
406,3645697704,settled,Qf4i_0017,unmatched,,"[0.8864963890943234, -0.051138257445942525, -0.1415384693951913, 0.4375795841094335]","[0.7070973302247723, 5.982245095152356e-05, 1.5448248874702136e-06, 0.7071162294898112]","[441.88989055009705, 6.430729814033382, 39.11483198071584]",4.779999999999931,100.0,0.0,"[63.1778070964429, 115.75949852467998, 115.75949852467998]",38
407,51817196,settled,Qf4i_0017,unmatched,,"[0.7638451508528649, 0.27373350348973174, 0.43368309953207546, 0.39182843664804773]","[0.7070947616915494, -2.8352041812640382e-05, -2.5249315997114985e-06, 0.7071187999043425]","[441.97813771175083, 6.431038013984154, 39.11712931575957]",4.279999999999764,100.0,0.0,"[63.1778070964429, 126.88521614757914, 126.8852161475792]",23
408,2309212288,settled,Qf4i_0002,unmatched,,"[0.8495889160767383, 0.3365625935702812, -0.2307471229477699, -0.33418566626970336]","[0.7070923208321699, 1.2519627228787121e-05, 2.783222342683853e-05, -0.7071212405866495]","[442.2990292770992, 3.5876714405524943, 40.88422132466513]",4.389999999999801,100.0,0.0,"[63.1778070964429, 125.07749274508706, 125.07749274508703]",23
409,48961705,settled,Qf4i_0009,unmatched,,"[0.07809326247491846, -0.2879763649877445, 0.049014886336602684, 0.9531886468490268]","[2.654084483988406e-05, 2.029516278219513e-05, -9.116518133086422e-06, 0.9999999994002895]","[442.64579057019745, 39.119187727722725, 3.5721004427893552]",4.509999999999841,100.0,0.0,"[63.1778070964429, 114.1926936825424, 114.1926936825424]",20
410,1554068286,settled,Qf4i_0012,unmatched,,"[0.6452777913563432, -0.48357184564960204, -0.23356384192165672, 0.5433440657853112]","[-3.434942760077252e-05, -0.7071944464659372, -0.7070191022549908, 5.24823832676786e-05]","[442.6994389069521, 3.586906495065212, 39.11762038643338]",4.279999999999764,100.0,0.0,"[63.1778070964429, 119.66738490126764, 119.66738490126765]",22
411,3534876538,settled,Qf4i_0007,unmatched,,"[-0.2977258657233537, 0.10832781411501317, -0.3707268817149146, -0.8730326298267885]","[-5.816921404611097e-06, 6.233470648203676e-05, -0.7072226981287046, -0.7069908424669324]","[442.01611113185885, 39.115171200926184, 3.574588382870673]",4.769999999999928,100.0,0.0,"[63.1778070964429, 120.79032550236232, 120.79032550236232]",13
412,534105821,settled,Qf4i_0017,unmatched,,"[0.61992343084427, 0.12344665611091266, 0.04777704849200498, 0.7734165867258707]","[0.7071240086168227, -5.276759348451372e-05, 2.9305121158627786e-06, 0.7070895513615436]","[442.35563942959527, 6.422854181539532, 39.10991302402423]",4.649999999999888,100.0,0.0,"[63.1778070964429, 116.78258924298272, 116.78258924298271]",25
413,4091761413,settled,Qf4i_0015,unmatched,,"[0.5674666330929233, -0.4537568823728552, 0.5632140784565418, 0.3935431537376766]","[0.5000197059018561, -0.49999318601546183, 0.500052260273175, 0.4999348403978444]","[442.2675303696653, 6.424379127939316, 39.1204263073093]",4.569999999999861,100.0,0.0,"[63.1778070964429, 114.67680629329416, 114.67680629329418]",22
414,3173205562,settled,Qf4i_0011,unmatched,,"[-0.09130783514718892, -0.5669139993428666, 0.7439710281521406, -0.3417287021308819]","[-1.6661802833048426e-05, -0.7071284800809692, 0.7070850812126532, 1.7528791608525572e-05]","[442.3475387147941, 6.429845512204914, 40.89318990036321]",4.389999999999801,100.0,0.0,"[63.1778070964429, 127.26259477511692, 127.26259477511698]",21
415,251389692,settled,Qf4i_0002,unmatched,,"[0.6080055123042141, 0.07237173668191489, -0.4106834322929009, -0.6755965861203387]","[0.7070331953124679, 8.116327070786637e-05, 0.00010436688633659282, -0.7071803470447395]","[442.5565141387852, 3.590576812180061, 40.88870867185114]",4.5299999999998475,100.0,0.0,"[63.1778070964429, 126.04538480934389, 126.04538480934389]",23
416,2745748030,settled,Qf4i_0015,unmatched,,"[-0.44688314577346244, 0.750365958923362, -0.42026706391498325, -0.24621530557810048]","[-0.5000159460467763, 0.4999509515649646, -0.5000115630336166, -0.50002153609711]","[442.1178696167036, 6.428221426103508, 39.111711106667805]",4.389999999999801,100.0,0.0,"[63.1778070964429, 122.0212179205275, 122.02121792052752]",22
417,2132957445,settled,Qf4i_0009,unmatched,,"[0.02440900510333862, 0.4192243821668913, -0.3393466787833796, -0.8417237964233536]","[-1.2362195972448478e-07, -8.16818108081719e-06, 8.28684794044775e-05, -0.9999999965330404]","[442.15536645937726, 39.10957592428628, 3.577819662168056]",4.419999999999811,100.0,0.0,"[63.1778070964429, 127.47834290523322, 127.47834290523319]",16
418,2592582287,settled,Qf4i_0013,unmatched,,"[-0.17317025778823744, 0.877343216343861, -0.19804333936939197, 0.40132253647706384]","[-4.6206835796370865e-05, 0.9999999988106655, 2.9857651773212983e-06, 1.5319353630539026e-05]","[441.9409081079081, 39.114632502508115, 6.425542581408875]",4.479999999999831,100.0,0.0,"[63.1778070964429, 126.67278656754141, 126.67278656754141]",18
419,488833476,settled,Qf4i_0004,unmatched,,"[0.814050814904451, -0.47546433509702507, 0.2701807450712651, -0.19559473867381785]","[0.7071144428540703, -0.707099117763995, -2.6032292334221545e-05, 4.1071614865162413e-05]","[442.159172033114, 40.888317389453974, 6.423374512098727]",4.5299999999998475,100.0,0.0,"[63.1778070964429, 128.17418700691167, 128.17418700691167]",16
420,1079718317,settled,Qf4i_0013,unmatched,,"[-0.06942338662369815, -0.7737009619714047, 0.02210873122520877, 0.6293476136745343]","[-5.217643564833306e-06, -0.9999999997262783, 2.2657247642887676e-05, 2.620835141868091e-06]","[442.2224582751532, 39.12741239658918, 6.423729215867049]",4.949999999999988,100.0,0.0,"[63.1778070964429, 116.98212334687442, 116.98212334687443]",31
421,1354260012,settled,Qf4i_0004,unmatched,,"[-0.4187518959274471, 0.7746345086352491, 0.30176239181627623, -0.3654144038949682]","[-0.7070490464815216, 0.7071645078283944, -3.101384383619177e-05, -6.14454026677258e-05]","[442.13116074650196, 40.89137915609016, 6.425035261517751]",4.879999999999964,100.0,0.0,"[63.1778070964429, 127.10320495158595, 127.10320495158592]",12
422,882229007,settled,Qf4i_0013,unmatched,,"[0.1273924501741963, -0.9584522427451846, 0.2029272869603875, 0.1547933403678503]","[-2.152304041864253e-05, -0.9999999596670979, 6.896334590877906e-05, 0.0002746754781160593]","[442.5395632797987, 39.10945115870253, 6.421625255161993]",4.799999999999938,100.0,0.0,"[63.1778070964429, 117.50164876995727, 117.50164876995728]",13
423,4192697643,settled,Qf4i_0017,unmatched,,"[0.6550885994433101, -0.4372331383276803, -0.14355208181188908, 0.5992319329233069]","[0.7070810728536667, 0.00010336891549741249, 0.0001226983734483266, 0.707132470384499]","[442.12109871085846, 6.4318588064218485, 39.11353797814368]",4.5299999999998475,100.0,0.0,"[63.1778070964429, 123.01414208505868, 123.01414208505868]",25
424,3669686380,settled,Qf4i_0013,unmatched,,"[-0.06116896501923223, 0.885354112653527, -0.3315742172768101, -0.32010153289734866]","[6.289654364963069e-05, 0.9999999941960604, 8.628763665641248e-05, -1.4364813460018167e-05]","[442.13075545248665, 39.1283391869232, 6.425535837707379]",4.849999999999954,100.0,0.0,"[63.1778070964429, 122.56650805026455, 122.56650805026455]",23
425,514171889,settled,Qf4i_0003,unmatched,,"[-0.8749889709778484, -0.4028463397589936, 0.14105621020290338, 0.22850004983172698]","[-0.7071031167521368, -0.7071104361769152, 5.0203989788888403e-05, -0.00010396473668619621]","[442.3235388915878, 39.108798850346794, 6.418504712133167]",4.759999999999924,100.0,0.0,"[63.1778070964429, 127.17581579892554, 127.17581579892554]",20
426,551640303,settled,Qf4i_0011,unmatched,,"[-0.2697721665536638, 0.4464575027683721, -0.8515280409815804, 0.05290247439244444]","[-7.605883412927403e-05, 0.7071464825179713, -0.7070670612475142, -0.00013181926382831253]","[442.36066442203406, 6.434702328619777, 40.88115484207524]",4.649999999999888,100.0,0.0,"[63.1778070964429, 122.71769301220255, 122.71769301220256]",27
427,1447824218,settled,Qf4i_0007,unmatched,,"[0.054177171776904016, 0.03524804273418602, -0.8950143501031719, -0.44132949442685304]","[-2.8902040559997125e-05, 4.2882827333584623e-05, -0.7070797233973001, -0.7071338360495366]","[442.054684944206, 39.126823289446655, 3.5781266405228926]",4.5299999999998475,100.0,0.0,"[63.1778070964429, 128.7154333442022, 128.71543334420227]",25
428,88904940,settled,Qf4i_0001,unmatched,,"[0.9031736958155836, -0.2856238255728287, 0.17222343768948123, -0.27025061140056533]","[0.999999992752532, -8.305805907806761e-05, 3.77052285605618e-05, -7.857869000127415e-05]","[442.59014869642397, 40.883266049720696, 6.419846467297149]",4.6199999999998775,100.0,0.0,"[63.1778070964429, 127.24803342501606, 127.24803342501612]",22
429,1326025458,settled,Qf4i_0005,unmatched,,"[-0.5718926520009407, -0.20994557547447532, -0.2553657328752236, 0.7507662701527834]","[-0.5000183505009813, -0.5000039820816979, -0.49998179922363867, 0.4999958674927383]","[442.5953795073817, 3.5803253265705646, 39.11690653592956]",4.779999999999931,100.0,0.0,"[63.1778070964429, 128.1125004774014, 128.1125004774014]",22
430,1890205973,settled,Qf4i_0008,unmatched,,"[0.4550261583998374, -0.14329072983126753, -0.6002766520818873, 0.6419399527071591]","[-5.1272219863313095e-05, 5.380477386396354e-05, -0.707138981596335, 0.7070745754042524]","[442.58480613419425, 40.89490351651728, 3.5745029145664504]",4.4999999999998375,100.0,0.0,"[63.1778070964429, 119.05134280834274, 119.05134280834275]",8
431,296743350,settled,Qf4i_0015,unmatched,,"[0.6332094678323993, -0.22651466425909744, 0.7306858552586184, 0.11762252185691]","[0.49994615535630105, -0.5000424488625673, 0.5000712621035721, 0.4999401203125436]","[442.1013198111022, 6.429367466429112, 39.11449988060267]",4.629999999999881,100.0,0.0,"[63.1778070964429, 118.77416427998148, 118.77416427998149]",20
432,4200615586,settled,Qf4i_0007,unmatched,,"[0.655926729555045, 0.4715822210767977, 0.3000995891145564, 0.5072578938102114]","[-1.8945680105131316e-05, -7.336270338786922e-05, 0.7070886712767814, 0.7071248865730938]","[442.01515216163415, 39.108690206878045, 3.5739811322088344]",5.1800000000000646,100.0,0.0,"[63.1778070964429, 115.23551030538347, 115.23551030538349]",25
433,1827127625,settled,Qf4i_0002,unmatched,,"[0.8579350932580933, -0.2128157517921675, -0.14611278493536695, -0.44419352271706153]","[0.7070812789552452, 5.8025993739297564e-05, -4.395390649008568e-06, -0.7071322801037154]","[441.8635204945145, 3.571666471109857, 40.8892178965473]",4.5299999999998475,100.0,0.0,"[63.1778070964429, 122.92627651382101, 122.92627651382102]",22
434,534635392,settled,Qf4i_0010,unmatched,,"[0.4023365553425705, -0.1994319114941423, 0.8810665716111402, -0.14857289558415035]","[4.193305689963308e-06, 3.720257179962161e-05, 0.9999999961852475, 7.891698214284355e-05]","[442.028289111678, 40.88113337164183, 3.5798647278074553]",4.639999999999884,100.0,0.0,"[63.1778070964429, 127.2948551591355, 127.29485515913547]",23
435,2590583326,settled,Qf4i_0007,unmatched,,"[0.09030055180909459, -0.04441867200298009, -0.8023967719212277, -0.5882450274595253]","[1.2109200455967528e-05, -5.918808117108543e-05, -0.707119462233086, -0.7070940973316988]","[442.3815721528525, 39.11809289000134, 3.581514578242934]",4.519999999999844,100.0,0.0,"[63.1778070964429, 122.384428339591, 122.384428339591]",18
436,2547354583,settled,Qf4i_0002,unmatched,,"[0.8152563941732772, 0.21622676966726295, -0.40583675953436604, -0.3519936369446071]","[0.7071636105582111, 3.112534571832916e-05, 1.0243245305509704e-05, -0.7070499464879152]","[442.3345391108843, 3.580216719873415, 40.890530906903045]",4.6199999999998775,100.0,0.0,"[63.1778070964429, 126.90018908025569, 126.90018908025566]",35
437,3218085765,settled,Qf4i_0009,unmatched,,"[0.2954657990931379, 0.39282819469298863, -0.3980689292476701, -0.7745496101529676]","[-3.249374201041988e-05, -0.00018432401772378252, 1.8679070774943742e-05, -0.9999999823099527]","[441.98732812533336, 39.12369832084839, 3.580776798074656]",4.799999999999938,100.0,0.0,"[63.1778070964429, 126.31661194369387, 126.31661194369384]",19
438,1304232084,settled,Qf4i_0015,unmatched,,"[-0.352213766853653, 0.21184664024323208, -0.8685438811426818, -0.27694401958883696]","[-0.4999914852804414, 0.500029692863001, -0.5000892872935259, -0.49988951342936233]","[441.92981648546026, 6.427114550658565, 39.11514562401905]",4.159999999999724,100.0,0.0,"[63.1778070964429, 120.25250872030232, 120.25250872030232]",24
439,297768368,settled,Qf4i_0013,unmatched,,"[-0.22472066688496214, -0.872516407788627, -0.21434063640960546, 0.3771920354380955]","[-0.00010440823267571392, -0.9999999903200008, -8.844294282167597e-05, 2.5234212352257736e-05]","[442.3730592075776, 39.119192642732465, 6.4235898165257534]",5.010000000000008,100.0,0.0,"[63.1778070964429, 115.23727302257464, 115.23727302257466]",22
440,891232979,settled,Qf4i_0005,unmatched,,"[-0.34380334234946835, -0.7338992915597421, -0.0763126847783356, 0.5808334234351233]","[-0.5000466570350396, -0.49992923597523176, -0.49999775975863575, 0.5000263393478869]","[442.1989237440931, 3.5745091221593346, 39.10214126275226]",4.439999999999817,100.0,0.0,"[63.1778070964429, 121.87376529793863, 121.87376529793865]",18
441,3841963349,settled,Qf4i_0016,unmatched,,"[-0.5133375855609958, -0.07907450326392841, 0.6897991190402434, -0.5043896525061499]","[-0.5001224650085034, -0.4998315582086827, 0.4999527665822049, -0.5000931559212721]","[442.1588274771176, 6.43138425224182, 40.8876520852387]",4.549999999999854,100.0,0.0,"[63.1778070964429, 122.56208014174823, 122.56208014174824]",27
442,18385099,settled,Qf4i_0008,unmatched,,"[0.12047864421829556, -0.12517628543684167, -0.7144336243554615, 0.6777908159910955]","[-0.00012566106795702803, 0.0001111605687431072, -0.707072482925729, 0.707141057881572]","[441.8310119096921, 40.894207563179535, 3.576861739598088]",4.579999999999864,100.0,0.0,"[63.1778070964429, 115.63541346634466, 115.63541346634467]",16
443,2691739939,settled,Qf4i_0011,unmatched,,"[-0.22267729535334213, 0.7891356077799049, -0.5696644964821498, 0.0562332296395906]","[-2.3560855197821686e-05, 0.7070801568063764, -0.707133404171738, 2.1441933264528777e-07]","[441.94754913558654, 6.424326638053396, 40.883093746826916]",4.639999999999884,100.0,0.0,"[63.1778070964429, 119.1608819492009, 119.16088194920091]",24
444,1648306844,settled,Qf4i_0006,unmatched,,"[0.40372342625092367, -0.4878801446397, -0.3946080481346454, -0.6657813814683657]","[0.4999631279638028, -0.5000184022749976, -0.5000392062412538, -0.49997925985447206]","[442.31858836766867, 3.572129024120824, 40.88147522880678]",4.4999999999998375,100.0,0.0,"[63.1778070964429, 119.24424178433742, 119.24424178433743]",24
445,3556173456,settled,Qf4i_0001,unmatched,,"[0.8819022092181918, -0.180298544692677, 0.353429474799875, -0.2546144821106211]","[0.9999999864382476, 0.00010134377451010074, 7.765875760465636e-05, -0.00010402913757595611]","[441.8469720088355, 40.8960412638589, 6.424084329961558]",4.649999999999888,100.0,0.0,"[63.1778070964429, 127.1485424159897, 127.14854241598967]",23
446,4217925759,settled,Qf4i_0009,unmatched,,"[0.0961030644699224, -0.5789503453412914, -0.05326938281784191, 0.8079251645312798]","[-8.804900724324051e-05, -0.00012817706782181955, -2.6683128804383546e-05, 0.9999999875530111]","[442.56853806253713, 39.12649448353264, 3.5798234261807704]",4.399999999999804,100.0,0.0,"[63.1778070964429, 119.55029500004304, 119.55029500004304]",26
447,2301786321,settled,Qf4i_0009,unmatched,,"[0.2578223818748416, -0.7105505883403768, 0.20813108451813142, -0.620747076087221]","[9.999274697691796e-06, 8.424729812374018e-05, 8.701563761019012e-05, -0.9999999926153431]","[442.7230979692425, 39.12328335186989, 3.573487929834491]",5.110000000000041,100.0,0.0,"[63.1778070964429, 130.48742589849175, 130.48742589849172]",24
448,325454950,settled,Qf4i_0003,unmatched,,"[0.7956384402483112, 0.3843416545390062, -0.3939975078371101, -0.25299590669336963]","[0.7071247325924721, 0.7070888242474339, 7.379226678397299e-05, -4.1654624560072406e-05]","[442.2796337673902, 39.10775381957535, 6.424506000749934]",4.939999999999984,100.0,0.0,"[63.1778070964429, 128.35960664414563, 128.3596066441456]",16
449,969502381,settled,Qf4i_0003,unmatched,,"[-0.30927980161513835, -0.15406158471051223, 0.5135925348162733, 0.7853876371642105]","[-0.7071080819860427, -0.7071054748935761, 8.74847745883367e-05, 1.0581323870800796e-05]","[442.47789409438093, 39.11447337115029, 6.42265188639787]",5.280000000000098,100.0,0.0,"[63.1778070964429, 120.16009818671272, 120.16009818671273]",17
450,2996715874,settled,Qf4i_0006,unmatched,,"[-0.19287291865651282, 0.48587151384416694, 0.6514239194558252, 0.5498870669914926]","[-0.4999943114689127, 0.5000154993830542, 0.5000107465530612, 0.49997944178425324]","[441.96844218126904, 3.579012705088199, 40.89124264800455]",4.839999999999951,100.0,0.0,"[63.1778070964429, 122.91664903776909, 122.91664903776908]",29
451,1609489958,settled,Qf4i_0001,unmatched,,"[-0.9949556450195594, -0.05813871976815337, 0.08029387326127228, -0.015363841451134974]","[-0.9999999985067637, -4.12453436617543e-05, 3.300378756783856e-05, 1.4001582975375905e-05]","[442.049507259907, 40.90278033625915, 6.423073416339846]",4.5299999999998475,100.0,0.0,"[63.1778070964429, 117.98629091394538, 117.9862909139454]",20
452,2771918735,settled,Qf4i_0011,unmatched,,"[-0.11460745564524599, 0.43084029765301896, -0.8796516023320977, 0.16569498345862566]","[3.1538008793571145e-05, 0.7070602466512184, -0.7071532983658761, -0.00013864030636708693]","[441.86745193037854, 6.436644992413719, 40.88809679753872]",4.509999999999841,100.0,0.0,"[63.1778070964429, 116.75502179359547, 116.75502179359549]",42
453,610631633,settled,Qf4i_0016,unmatched,,"[0.1514681535432902, -0.6127328788032343, 0.29993681550540857, -0.7152997444429585]","[-0.4999673375749799, -0.49992751108362227, 0.5000598805864744, -0.5000452587994029]","[442.0286024636426, 6.4274375814081655, 40.879655860049034]",4.689999999999901,100.0,0.0,"[63.1778070964429, 129.45023972552195, 129.45023972552195]",31
454,2319603761,settled,Qf4i_0010,unmatched,,"[-0.1570165804251357, 0.03132179366028071, 0.9537235132709428, -0.2545116872515474]","[0.00012426787947015662, 5.3588501665813304e-05, 0.999999976692804, 0.00016822650790476875]","[441.8817434068726, 40.89707965683621, 3.571846428543732]",4.569999999999861,100.0,0.0,"[63.1778070964429, 128.60065974917921, 128.60065974917921]",22
455,1854309513,settled,Qf4i_0007,unmatched,,"[0.12356854996780049, -0.2678906918240119, -0.7278985147329342, -0.6189742667853777]","[-0.00014777137831528675, -8.7261848266601e-05, -0.7071639021336036, -0.7070496347981271]","[441.8248621531951, 39.115065509898855, 3.5755822191149838]",4.749999999999921,100.0,0.0,"[63.1778070964429, 110.9963039240168, 110.99630392401679]",13
456,989447075,settled,Qf4i_0001,unmatched,,"[0.9713800337355661, -0.21011797810244398, 0.016179182275794755, 0.10958786154915928]","[0.9999999978133924, 4.7285891223896994e-05, 2.871178787917125e-05, -3.623386601570022e-05]","[442.00211067634916, 40.88088469693839, 6.4281562464430575]",4.579999999999864,100.0,0.0,"[63.1778070964429, 126.9613642325481, 126.9613642325481]",20
457,2183323969,settled,Qf4i_0008,unmatched,,"[0.4719514165278837, -0.21436734646952207, 0.6328959274691771, -0.5751097688249347]","[-5.187030744213673e-05, -0.00020913811977890664, 0.7070699449531652, -0.7071435826723212]","[442.6884381754736, 40.89164937761845, 3.5762830030352037]",4.789999999999934,100.0,0.0,"[63.1778070964429, 121.80066587390658, 121.80066587390658]",25
458,3333157346,settled,Qf4i_0001,unmatched,,"[-0.9276509904190547, 0.24159716448372856, 0.27468312960690555, 0.07512408666549768]","[-0.9999999910249904, 2.3782556271775154e-05, 5.013865822591241e-05, 0.00012194475862503662]","[442.3901118896807, 40.8861091229366, 6.418676667802853]",4.709999999999908,100.0,0.0,"[63.1778070964429, 125.97474687742957, 125.97474687742954]",26
459,1536433214,settled,Qf4i_0007,unmatched,,"[0.08218339877503628, 0.2576184628040969, -0.6582543058704985, -0.7025524075762501]","[-4.682313405501848e-05, 6.815540659949049e-05, -0.7070600695867828, -0.7071534848661701]","[441.82470241960436, 39.125191642333256, 3.5727156503330413]",4.5299999999998475,100.0,0.0,"[63.1778070964429, 116.67029780004388, 116.6702978000439]",13
460,3003981838,settled,Qf4i_0001,unmatched,,"[-0.7818738120739928, -0.012854806092070811, 0.6135808908157429, -0.10966579402428699]","[-0.9999999922521741, -6.436276258749286e-05, 1.8944428014307404e-05, -0.00010485320771158602]","[441.8778180980541, 40.90052106579195, 6.429560043126763]",4.969999999999994,100.0,0.0,"[63.1778070964429, 119.57891768432833, 119.57891768432835]",18
461,1671738075,settled,Qf4i_0007,unmatched,,"[0.16848477985767996, 0.6303939036957051, 0.6092136526744295, 0.4506385808324433]","[-2.202304465667715e-05, 8.512900567053672e-05, 0.7071399070732347, 0.7070736482803577]","[441.87505241233976, 39.11704848539175, 3.5783418037746566]",5.1500000000000545,100.0,0.0,"[63.1778070964429, 124.06021814499809, 124.06021814499809]",23
462,1427896573,settled,Qf4i_0001,unmatched,,"[-0.8276546587604369, 0.01672756570963244, -0.5591638238802129, 0.045208101499985595]","[-0.999999983038693, 8.231353218890732e-05, 6.275909669446248e-05, 0.00015234300809480184]","[442.03278126411055, 40.88454505732464, 6.420093441293704]",4.199999999999737,100.0,0.0,"[63.1778070964429, 116.8069117121303, 116.8069117121303]",15
463,617616967,settled,Qf4i_0017,unmatched,,"[-0.653353822706798, 0.3994512311384112, -0.04260644431797357, -0.6416791933661253]","[-0.7070988861981893, -2.1291675377802563e-05, -7.347349231354306e-05, -0.7071146719490344]","[442.4290648007908, 6.42902969355695, 39.108805794306974]",4.599999999999871,100.0,0.0,"[63.1778070964429, 127.51499185270268, 127.51499185270265]",24
464,4137320547,settled,Qf4i_0006,unmatched,,"[0.42361130840775824, -0.7453039372078921, -0.42955826919711343, -0.2838224690468704]","[0.5000458794541092, -0.49998865727894426, -0.49994510015379334, -0.5000203574511527]","[442.38074164544986, 3.584643934634691, 40.889481321951706]",4.569999999999861,100.0,0.0,"[63.1778070964429, 123.54599708985401, 123.54599708985403]",20
465,2545035017,settled,Qf4i_0006,unmatched,,"[-0.5569568557253328, 0.6963649029460673, 0.07238081643017763, 0.44680644603493136]","[-0.49998166809917266, 0.49993116468128274, 0.49999016367910704, 0.5000969889624658]","[442.1793182351508, 3.5816026051192043, 40.88212800416196]",4.4999999999998375,100.0,0.0,"[63.1778070964429, 121.4696210485972, 121.46962104859722]",19
466,1308104037,settled,Qf4i_0005,unmatched,,"[0.6202867767754898, 0.441811349337051, 0.34047399362073083, -0.5514748460468515]","[0.5000469168052961, 0.49995292871198993, 0.49999232491891643, -0.5000078250267669]","[442.6829200279745, 3.587303901359997, 39.113242857891706]",4.629999999999881,100.0,0.0,"[63.1778070964429, 124.99036076149342, 124.99036076149342]",22
467,997398106,settled,Qf4i_0012,unmatched,,"[0.11084417898417434, -0.7964657463755247, -0.5903442692092394, 0.06963854283090477]","[-5.586522045520091e-05, -0.7070375304561582, -0.7071760223967483, -2.7434430974717558e-05]","[442.1687342489251, 3.5852390356434958, 39.11259323878372]",4.449999999999821,100.0,0.0,"[63.1778070964429, 112.79575235950264, 112.79575235950266]",24
468,3869532184,settled,Qf4i_0005,unmatched,,"[-0.444034000270401, -0.15779409734244773, -0.714768004045331, 0.5167606117350677]","[-0.5002818863733719, -0.4998062456044081, -0.5000811283409942, 0.4998305873980952]","[442.1761016503359, 3.596151598772631, 39.09956612385386]",4.889999999999968,100.0,0.0,"[63.1778070964429, 116.64610699085316, 116.64610699085317]",22
469,2215946165,settled,Qf4i_0006,unmatched,,"[0.36889047016788995, -0.7622059379761799, -0.12484839185158167, -0.5170829799802338]","[0.49994948860642374, -0.4999816501731297, -0.49999954417598563, -0.5000693093523497]","[441.83266767356474, 3.5847814994619114, 40.887299848295314]",4.479999999999831,100.0,0.0,"[63.1778070964429, 119.71745363911356, 119.71745363911357]",26
470,1197086404,settled,Qf4i_0015,unmatched,,"[0.755057280627056, -0.1767846178774512, 0.631366319746603, 0.0035031619473357]","[0.5000525360967245, -0.49997478968915215, 0.4999900762088585, 0.4999825942082206]","[442.50939822898374, 6.436672614581352, 39.1155260845012]",4.449999999999821,100.0,0.0,"[63.1778070964429, 123.24285767944711, 123.24285767944711]",24
471,148282538,settled,Qf4i_0011,unmatched,,"[-0.4253381753982559, 0.7238946308654451, -0.5174617999902729, -0.16521890177546342]","[7.190254375673781e-05, 0.7071389409132152, -0.7070746149918463, 4.368401152798012e-05]","[441.99379224036073, 6.4237530450280795, 40.88400526404164]",4.689999999999901,100.0,0.0,"[63.1778070964429, 126.80204275107262, 126.80204275107262]",22
472,4068892255,settled,Qf4i_0005,unmatched,,"[0.3748737161170823, 0.8447448672063396, 0.13016443113470874, -0.35907245391493114]","[0.5000701153937244, 0.5000173623469816, 0.4999751172376472, -0.49993739526552294]","[442.63035329147317, 3.5757394993109344, 39.11534925716631]",4.379999999999797,100.0,0.0,"[63.1778070964429, 122.37078833304538, 122.3707883330454]",23
473,1326143893,settled,Qf4i_0013,unmatched,,"[0.14356132151723644, 0.9476595487597521, -0.08740535376396882, -0.2714623928688525]","[3.6488943257044914e-05, 0.9999999979698636, 5.149358632666745e-05, 8.788655703057263e-06]","[441.92620130562847, 39.12557113065022, 6.4225287068643]",4.569999999999861,100.0,0.0,"[63.1778070964429, 122.67673278395608, 122.67673278395608]",21
474,2736713625,settled,Qf4i_0008,unmatched,,"[0.017407009755828814, 0.4637843759830021, 0.32652442269539567, -0.8233971398959656]","[3.156345706589735e-05, -3.426753100838064e-05, 0.7072291355570934, -0.7069844041056711]","[442.6318778352941, 40.88752283385605, 3.5760650627620767]",4.5899999999998675,100.0,0.0,"[63.1778070964429, 125.97081403522262, 125.97081403522259]",19
475,3271021467,settled,Qf4i_0017,unmatched,,"[-0.521156935288762, 0.18990290551240585, 0.14878659799666374, -0.8186543125977841]","[-0.7071211032725414, -5.369590503870384e-05, -2.5698804687087377e-05, -0.7070924563046513]","[442.28621700732043, 6.42386213747062, 39.115154127055185]",4.6199999999998775,100.0,0.0,"[63.1778070964429, 115.76764246119328, 115.76764246119329]",27
476,3851873653,settled,Qf4i_0004,unmatched,,"[-0.6890452941250381, 0.5804733049738838, -0.022912083130372837, -0.43329246624360196]","[-0.7071350159191171, 0.7070785370519329, 6.498233765694916e-05, -8.648042836228997e-05]","[442.5087301035613, 40.89408120309841, 6.42305859273358]",4.879999999999964,100.0,0.0,"[63.1778070964429, 119.94141165242772, 119.94141165242773]",25
477,1222532304,settled,Qf4i_0012,unmatched,,"[-0.4892347766941237, -0.673558720770075, -0.5376203582472012, -0.13391166247112982]","[-2.339180065306007e-05, -0.7070103247308865, -0.7072032237897138, 2.093289185346542e-05]","[441.89456656367184, 3.570452404961958, 39.115809037521196]",4.719999999999911,100.0,0.0,"[63.1778070964429, 122.16317040840805, 122.16317040840806]",24
478,2025214609,settled,Qf4i_0002,unmatched,,"[-0.6720498297597366, 0.25987250603860684, -0.3820612441455619, 0.5786575089351808]","[-0.7071391405370364, -7.384694477261699e-05, -7.808702235361076e-05, 0.7070744121869968]","[442.35193583023175, 3.587213955710881, 40.88986607817231]",4.639999999999884,100.0,0.0,"[63.1778070964429, 121.19883092827335, 121.19883092827335]",21
479,3974321818,settled,Qf4i_0007,unmatched,,"[0.5890076497595739, 0.578138251652458, 0.2804648250741726, 0.4900669672575945]","[-4.019000815608243e-05, 2.2418145100566725e-05, 0.707086446089512, 0.707127114201325]","[441.91466040785184, 39.120398550084204, 3.581102609246243]",5.1200000000000445,100.0,0.0,"[63.1778070964429, 119.96333186877659, 119.96333186877658]",24
480,2134301099,settled,Qf4i_0013,unmatched,,"[0.23258563386672154, -0.9707151930310784, -0.014332229697203118, 0.05839969288753257]","[-7.906125333081032e-05, -0.9999999927234332, 7.581199815198669e-06, -9.080185718439935e-05]","[441.9202986972637, 39.117821439127574, 6.423045990584082]",4.5599999999998575,100.0,0.0,"[63.1778070964429, 126.1094609374204, 126.1094609374204]",21
481,978334388,settled,Qf4i_0007,unmatched,,"[-0.0529483899273966, -0.302997353705265, -0.8480072285136022, -0.4315933410519471]","[8.684475686193682e-06, -0.0001124527880178583, -0.7070330499365574, -0.7071804957550512]","[442.36984606513494, 39.119813981002636, 3.572049821410586]",4.929999999999981,100.0,0.0,"[63.1778070964429, 122.41745658490834, 122.41745658490835]",15
482,2325744455,settled,Qf4i_0012,unmatched,,"[0.18274323590751634, 0.8725818368775546, 0.3737068263916387, -0.2560254979288821]","[6.54058356732127e-05, 0.7071293341868675, 0.7070842239856983, -2.5397976244813427e-05]","[442.4763825238331, 3.587631085544517, 39.11268056358864]",4.659999999999891,100.0,0.0,"[63.1778070964429, 121.16612710281147, 121.16612710281149]",35
483,348550585,settled,Qf4i_0004,unmatched,,"[-0.9150115933974345, 0.34906982214210186, -0.028151545384796382, -0.2002786401751746]","[-0.7070905781681049, 0.7071229827865692, 7.662095441285377e-06, 3.7712239584652973e-05]","[441.88551969697903, 40.90206642500215, 6.428000928774251]",4.959999999999991,100.0,0.0,"[63.1778070964429, 128.491291153491, 128.49129115349098]",18
484,1740214684,settled,Qf4i_0015,unmatched,,"[-0.08212628680529313, 0.5264601975169598, -0.73218323243745, -0.42426718890744497]","[-0.49998752643118427, 0.5000099966780155, -0.5000160915529275, -0.4999863846380331]","[442.20770711457624, 6.432296949437859, 39.11877297193975]",4.299999999999771,100.0,0.0,"[63.1778070964429, 125.10405905349864, 125.10405905349862]",29
485,55311315,settled,Qf4i_0005,unmatched,,"[-0.7661319425224496, -0.4844520809690637, -0.32013599349819377, 0.27542870866786173]","[-0.49992993140913294, -0.5000592703407998, -0.500041209565644, 0.49996957763809413]","[442.52220107740436, 3.583211336646439, 39.11110556586617]",4.949999999999988,100.0,0.0,"[63.1778070964429, 112.956936729763, 112.95693672976302]",23
486,1316840683,settled,Qf4i_0011,unmatched,,"[0.07675491347951191, 0.6400061569458476, -0.7595435032536367, 0.08714625059836124]","[-6.322998616884259e-05, 0.7070889637080002, -0.7071245907936233, -8.06180264372065e-05]","[441.8334450897558, 6.43723568898788, 40.88835796680394]",4.459999999999824,100.0,0.0,"[63.1778070964429, 121.84674226219245, 121.84674226219246]",29
487,3906633774,settled,Qf4i_0015,unmatched,,"[-0.4126339930361076, 0.7677208856764828, -0.44529899126803724, -0.20505276848378087]","[-0.49995682258884744, 0.5000171254715794, -0.4999433277085003, -0.5000827120204754]","[441.94195531739484, 6.428451438418362, 39.10436214142786]",4.479999999999831,100.0,0.0,"[63.1778070964429, 123.77207083511752, 123.77207083511752]",32
488,3892948482,settled,Qf4i_0006,unmatched,,"[0.5881394421842769, -0.4614317568880165, -0.6511079169270512, -0.13126770660494644]","[0.49995376424989146, -0.5000083106719642, -0.5000001732902404, -0.5000377481561391]","[442.0500389320293, 3.5775688543409725, 40.884967210754006]",4.549999999999854,100.0,0.0,"[63.1778070964429, 127.19713234230595, 127.19713234230595]",16
489,726396242,settled,Qf4i_0010,unmatched,,"[-0.588104219804756, -0.17625190134214422, -0.7803869967171447, -0.1185952329392438]","[-0.0001042090354028117, -5.313220481811819e-05, -0.9999999922044609, 4.368665495946609e-05]","[441.93148291819097, 40.89465163472178, 3.57420394025286]",4.749999999999921,100.0,0.0,"[63.1778070964429, 125.7400507664494, 125.74005076644946]",19
490,2940707866,settled,Qf4i_0010,unmatched,,"[0.497173177018088, 0.03845020895787252, 0.8641151523332156, 0.06815729596294492]","[3.815702836480094e-05, -1.918476544376935e-05, 0.9999999988629631, 2.1214615184389396e-05]","[441.93174869924667, 40.890517583843625, 3.579555160007665]",4.779999999999931,100.0,0.0,"[63.1778070964429, 119.20741836136374, 119.20741836136375]",20
491,304160197,settled,Qf4i_0001,unmatched,,"[0.9038276135597187, -0.022174154481154725, 0.42216816549128033, 0.06616639544146515]","[0.9999999958673668, -7.638598850145617e-05, 2.67801861106754e-05, 4.139165141692214e-05]","[442.3464077547595, 40.89263513822351, 6.426080853101184]",4.489999999999834,100.0,0.0,"[63.1778070964429, 114.70483080277597, 114.70483080277599]",19
492,4041846957,settled,Qf4i_0006,unmatched,,"[-0.42387011570386224, 0.43694254873817007, 0.72414277921501, 0.32408728673946435]","[-0.5000049930040965, 0.5000522568880356, 0.4999862206690148, 0.49995652460316076]","[442.0987946796314, 3.5888677053820888, 40.88638566592762]",4.579999999999864,100.0,0.0,"[63.1778070964429, 124.32093390315565, 124.32093390315566]",13
493,1321792822,settled,Qf4i_0003,unmatched,,"[0.8692626977408878, 0.4179941004244013, -0.14782251222700962, -0.2186590935806806]","[0.7071086962714274, 0.7071048659547363, 1.1646256369901575e-05, 8.051183139567986e-06]","[441.9871400035937, 39.1120222708964, 6.4256668830908295]",4.769999999999928,100.0,0.0,"[63.1778070964429, 127.26960825107773, 127.2696082510777]",33
494,4197430582,settled,Qf4i_0013,unmatched,,"[0.03321905480953784, 0.9728731798589902, 0.2096095331892582, 0.0920766740537427]","[1.423340891799709e-06, 0.9999999926129147, 0.00011966709903088457, -2.1258652607596854e-05]","[442.0542213120067, 39.11603531874973, 6.422443489135205]",4.519999999999844,100.0,0.0,"[63.1778070964429, 113.77537722819955, 113.77537722819956]",15
495,2542721139,settled,Qf4i_0006,unmatched,,"[-0.6495938786809407, -0.005279080681094758, 0.6857852760822487, 0.3281744645706117]","[-0.499956399319316, 0.49990479147989797, 0.5001423986592116, 0.49999637928540497]","[442.51148964408907, 3.595896083455553, 40.885369992614095]",4.339999999999784,100.0,0.0,"[63.1778070964429, 127.28339237261437, 127.28339237261436]",18
496,2692174792,settled,Qf4i_0005,unmatched,,"[0.47989987830095804, 0.40658434079067574, 0.7168406037565264, -0.30087344421951895]","[0.5000165452336579, 0.49999160447710783, 0.4999808083532366, -0.500011041101543]","[442.1762858977775, 3.5855149541749105, 39.11380725567887]",4.489999999999834,100.0,0.0,"[63.1778070964429, 121.44252259065867, 121.44252259065865]",32
497,3415389587,settled,Qf4i_0005,unmatched,,"[0.014422751469727813, -0.6581796891617329, -0.4012873838272596, 0.6368358631516293]","[-0.5000184267426281, -0.4999516876407818, -0.5000151949858056, 0.5000146875105452]","[442.53065573807845, 3.5806556695811844, 39.11489704238443]",4.309999999999774,100.0,0.0,"[63.1778070964429, 126.90316468031082, 126.9031646803108]",18
498,1604256032,settled,Qf4i_0002,unmatched,,"[0.7194335288308407, -0.12594507376429795, -0.2512441202018914, -0.6351611040141603]","[0.707127780265576, -2.9130878890995213e-05, -2.5904666145023374e-05, -0.7070857804092934]","[442.5374677490455, 3.5759769659742187, 40.878736805593824]",4.659999999999891,100.0,0.0,"[63.1778070964429, 129.24155345215578, 129.24155345215576]",24
499,262656233,settled,Qf4i_0017,unmatched,,"[-0.36391009820553344, 0.39535104709640495, 0.3331361145539588, -0.7747821107664442]","[-0.7070953448291318, 1.3956951851846073e-05, 4.30638124052248e-05, -0.7071182159099586]","[441.99207700604734, 6.433855266132986, 39.1104564657794]",4.539999999999851,100.0,0.0,"[63.1778070964429, 127.58447548815283, 127.5844754881528]",16
500,4212216518,settled,Qf4i_0013,unmatched,,"[-0.29048204249306936, -0.9429696391518119, 0.01821415926537831, -0.16154469050145792]","[2.736753376263845e-05, -0.9999999988145369, 3.3089872447822355e-05, 2.295658213215198e-05]","[442.32022897883076, 39.11795676922822, 6.424428112290912]",4.579999999999864,100.0,0.0,"[63.1778070964429, 127.2187355777635, 127.21873557776348]",21
501,3782923788,settled,Qf4i_0002,unmatched,,"[-0.7787440695715817, 0.09365545432764234, -0.38650657307348313, 0.48517934720345085]","[-0.7070940234026012, -7.427946300537788e-05, 2.78303530921885e-06, 0.7071195348334947]","[442.6405721656219, 3.578769932177862, 40.88512300499911]",4.479999999999831,100.0,0.0,"[63.1778070964429, 128.03828842674437, 128.03828842674443]",21
502,3362482467,settled,Qf4i_0006,unmatched,,"[0.7832846989191279, -0.38675165402377154, -0.48657950948779993, 0.011341053551597924]","[0.4999457137990517, -0.49999840023635334, -0.5000363395064877, -0.5000195418061146]","[442.221599023579, 3.576529401058539, 40.87542053177269]",4.659999999999891,100.0,0.0,"[63.1778070964429, 127.86059990500101, 127.86059990500107]",20
503,2700113713,settled,Qf4i_0013,unmatched,,"[0.03447712517487698, 0.9641850388290412, 0.23864003994039065, 0.11049647087199173]","[0.0001716506168939699, 0.9999999842303234, -4.202970506261839e-05, 1.757619671398924e-05]","[442.0584471237928, 39.11711880963821, 6.424262101425479]",4.459999999999824,100.0,0.0,"[63.1778070964429, 113.55780490927935, 113.55780490927937]",16
504,470461877,settled,Qf4i_0015,unmatched,,"[-0.3661237010024778, 0.6138259312149058, -0.3211534154736574, -0.6213144497450597]","[-0.5000982181314472, 0.5000017009736849, -0.4999025861057706, -0.4999974756435637]","[442.27008805099865, 6.430519434509032, 39.11362045994883]",4.599999999999871,100.0,0.0,"[63.1778070964429, 114.25605048868634, 114.25605048868636]",31
505,1077415524,settled,Qf4i_0001,unmatched,,"[-0.9281882426101508, -0.132775582072791, -0.2798262576919452, 0.2062389308341965]","[-0.9999999966157029, 2.907847260933076e-05, -1.0787219029192395e-05, -7.620152477322283e-05]","[442.5558326386493, 40.893788326627615, 6.4221789706685355]",4.249999999999754,100.0,0.0,"[63.1778070964429, 115.43809556176576, 115.43809556176578]",24
506,3461860755,settled,Qf4i_0010,unmatched,,"[-0.05646607210453661, 0.35164116118681604, -0.895910406203069, -0.2655270617419717]","[4.484878249444051e-05, 3.411964642957565e-05, -0.9999999980965686, 2.5125666828943145e-05]","[442.3969185577585, 40.88839275716606, 3.5762940465014736]",4.939999999999984,100.0,0.0,"[63.1778070964429, 119.01698874038486, 119.01698874038487]",21
507,4041061826,settled,Qf4i_0005,unmatched,,"[-0.3481962430304041, -0.8253540043337292, -0.2323053652870821, 0.3789252711665267]","[-0.49996361879668977, -0.5000049743596701, -0.49994199689485685, 0.5000893972442197]","[442.6214290951238, 3.584356464627795, 39.11388486226164]",4.129999999999714,100.0,0.0,"[63.1778070964429, 116.02837532641459, 116.0283753264146]",28
508,306890977,settled,Qf4i_0002,unmatched,,"[-0.6281596778640454, 0.2934023739395993, -0.14503032828879558, 0.7059013174295615]","[-0.7070531653757184, 4.871950405719607e-07, -2.273455818263048e-05, 0.7071603925666932]","[441.90537908936903, 3.589861548376441, 40.88789645995184]",4.749999999999921,100.0,0.0,"[63.1778070964429, 122.07457644886998, 122.07457644886999]",28
509,1149764821,unsettled,,not_evaluated,,"[0.5506074498766016, 0.1942346200872333, 0.7633583094821048, 0.2763845868433636]","[6.85056903944603e-05, -3.394427910036191e-05, 0.982656975605192, 0.18543263587948458]","[441.9640072786676, 52.334132371815144, 3.5816558845499227]",5.1500000000000545,100.0,0.0,"[63.1778070964429, 129.186324177057, 129.18632417705697]",12
510,2826209534,settled,Qf4i_0013,unmatched,,"[-0.054747368474066145, -0.6743927245094147, 0.08177656121602812, 0.7317853324641148]","[8.62505713092667e-06, -0.9999999965373733, -3.264698985150361e-06, -8.270552394491397e-05]","[442.16312851482684, 39.10136687598739, 6.426958953237239]",5.110000000000041,100.0,0.0,"[63.1778070964429, 119.05404544395297, 119.05404544395297]",21
511,809482123,settled,Qf4i_0001,unmatched,,"[-0.9896455908076977, -0.0660978533166102, -0.015510723040940765, -0.12645985866102424]","[-0.9999999961073239, -2.4923735376906486e-05, 1.4372377916060925e-05, -8.341219543739342e-05]","[442.67000776297044, 40.89536481074165, 6.425551898041729]",4.519999999999844,100.0,0.0,"[63.1778070964429, 118.79745960202607, 118.79745960202607]",16
512,1905413278,settled,Qf4i_0006,unmatched,,"[0.7481737568194641, 0.08510956857516272, -0.6001973035567936, -0.26973243732772156]","[0.5001137117839102, -0.5000395627319599, -0.5000284120519818, -0.49981826510175076]","[441.9755367854481, 3.589277377251, 40.89057360723516]",4.139999999999717,100.0,0.0,"[63.1778070964429, 129.09400321515454, 129.09400321515452]",25
513,3286044974,settled,Qf4i_0012,unmatched,,"[-0.5116328064185239, -0.4434826427084401, -0.6709170843675203, -0.30236614049266347]","[-3.5635583748304774e-05, -0.7070863914463865, -0.7071271634658376, -9.19249223250092e-05]","[442.0790302527849, 3.587020785272118, 39.11530755526349]",4.679999999999898,100.0,0.0,"[63.1778070964429, 124.7481553938087, 124.74815539380872]",28
514,1725715576,settled,Qf4i_0009,unmatched,,"[0.06505155144275046, -0.2850129164414062, 0.21597777360011147, -0.9316058900775555]","[-9.48322663362755e-05, 3.729604654631315e-05, -4.737827882941155e-05, -0.9999999936855725]","[442.3044512924975, 39.11296513729997, 3.5764846064724605]",4.5599999999998575,100.0,0.0,"[63.1778070964429, 125.82581941517354, 125.82581941517354]",26
515,1615467983,settled,Qf4i_0002,unmatched,,"[-0.6197829620305907, -0.4968457370711996, 0.10198844289142846, 0.5988420084190367]","[-0.7071386264776516, 0.0001327677474012065, -9.209403317291616e-05, 0.7070749159988032]","[442.07950909306584, 3.5830923870125884, 40.88845942327087]",4.229999999999747,100.0,0.0,"[63.1778070964429, 127.21776227218517, 127.21776227218517]",23
516,3814597079,settled,Qf4i_0002,unmatched,,"[0.667114342466612, -0.47649663241467166, 0.2707484495608343, -0.5045836803080551]","[0.7072983585077703, 0.000176386493236703, -2.3190735164606058e-05, -0.7069151295609739]","[442.4748656873962, 3.5958914543405136, 40.893887706395624]",4.789999999999934,100.0,0.0,"[63.1778070964429, 117.88830357401478, 117.8883035740148]",19
517,34287890,settled,Qf4i_0013,unmatched,,"[-0.020940699529930898, 0.9375278849134914, 0.13409955172815838, 0.3203439750317453]","[1.6219765857096764e-05, 0.9999999690102264, 0.00024839498663947746, -4.049218360770859e-06]","[442.3633948341765, 39.11868556633586, 6.4223645696806635]",4.5299999999998475,100.0,0.0,"[63.1778070964429, 113.1550282987175, 113.15502829871751]",24
518,3631687601,settled,Qf4i_0009,unmatched,,"[0.01632317933537506, -0.10891332960164436, -0.21908469273952824, 0.9694706482708464]","[0.00010521713272904076, 7.365184466887201e-05, -3.2821952173535455e-05, 0.9999999912137402]","[441.9261619246355, 39.11978583906833, 3.5678725691520934]",4.549999999999854,100.0,0.0,"[63.1778070964429, 125.61978696185444, 125.61978696185442]",16
519,2511762870,settled,Qf4i_0012,unmatched,,"[0.07168445665046755, -0.7412878042100359, -0.6643917565661196, 0.06274809806820239]","[9.313825126851049e-05, -0.7071093837224397, -0.7071041651854275, -0.00010175636430834622]","[442.0836841260349, 3.5785287362035434, 39.10386704833425]",4.439999999999817,100.0,0.0,"[63.1778070964429, 112.38302940031414, 112.38302940031416]",28
520,3838213929,settled,Qf4i_0004,unmatched,,"[0.8821667003735669, -0.4005839344237604, -0.23141838226947753, -0.08809061573954291]","[0.7070914174135569, -0.7071221418971206, 4.1047724951309705e-05, 4.662617038561634e-05]","[441.996820678516, 40.89425566779561, 6.423688605074834]",4.569999999999861,100.0,0.0,"[63.1778070964429, 128.28922718363287, 128.28922718363293]",29
521,1582246333,settled,Qf4i_0013,unmatched,,"[-0.04681754495458157, 0.978931168426654, 0.19652707016210968, 0.029647860981003544]","[2.47693006960383e-05, 0.9999999994602885, 2.1391499649636714e-05, -2.882446926641988e-06]","[442.33519122980636, 39.113802833892954, 6.425930540330866]",4.5299999999998475,100.0,0.0,"[63.1778070964429, 113.28850894741642, 113.28850894741642]",18
522,1534090043,settled,Qf4i_0015,unmatched,,"[-0.46539282176227803, 0.0937664437621731, -0.3668153027806936, -0.8000399422042925]","[-0.49988327559508405, 0.500033839878295, -0.5000245622544964, -0.5000583034997981]","[442.64226177556407, 6.426041804094073, 39.118074790935516]",5.040000000000018,100.0,0.0,"[63.1778070964429, 120.33330670849517, 120.33330670849516]",25
523,3898018603,settled,Qf4i_0015,unmatched,,"[0.48513314473120167, -0.6294995748038434, 0.5923599459209928, 0.13223392784559354]","[0.5000670582740894, -0.5000368961671773, 0.49987313778239484, 0.5000228853004399]","[442.0415197113755, 6.423800482823289, 39.112790558733195]",4.379999999999797,100.0,0.0,"[63.1778070964429, 128.64052026522643, 128.64052026522648]",21
524,2830597505,settled,Qf4i_0017,unmatched,,"[0.576867332971806, -0.29015814683690533, -0.547573958901899, 0.5321607741149939]","[0.7071196892919636, -2.339653215455558e-05, -5.369844169300934e-05, 0.7070938704194208]","[442.4940577802511, 6.4256449546355805, 39.11321438235654]",4.929999999999981,100.0,0.0,"[63.1778070964429, 122.97343426881444, 122.97343426881446]",26
525,3406774502,settled,Qf4i_0002,unmatched,,"[-0.8184929368826612, -0.28156105544036936, 0.10698870083035565, 0.4892301117338689]","[-0.7071498564708409, 0.00019250804823923545, -6.592347034037659e-05, 0.7070636739983299]","[442.4635121390298, 3.595451149533614, 40.890511531986725]",4.199999999999737,100.0,0.0,"[63.1778070964429, 115.04569111328998, 115.04569111328999]",24
526,2789814901,settled,Qf4i_0013,unmatched,,"[-0.26970363680921006, 0.9276292097826353, -0.15848816628110093, -0.20407228767959454]","[-5.704469502962034e-05, 0.9999999976681713, -1.1653059273475375e-05, 3.568986765536644e-05]","[442.3712212870211, 39.12481373538991, 6.4259318527589215]",4.809999999999941,100.0,0.0,"[63.1778070964429, 124.57884734428119, 124.57884734428119]",20
527,3760347501,settled,Qf4i_0009,unmatched,,"[-0.1002536087097096, 0.35093466032656606, 0.2054738778488905, 0.9080608810227965]","[1.4635345562397097e-05, 4.7238450598945435e-05, 7.755447446415557e-05, 0.9999999957698195]","[442.3642155962116, 39.11709191136407, 3.5746215551732927]",4.849999999999954,100.0,0.0,"[63.1778070964429, 120.74569751150372, 120.74569751150374]",16
528,4270682813,settled,Qf4i_0003,unmatched,,"[-0.4929634617197576, -0.8456967034240723, -0.09130020337584438, -0.18288899390192767]","[-0.7071118173247718, -0.7071017168011372, -0.00019566544882645975, -4.014442706756771e-05]","[442.0121647039161, 39.12057699692295, 6.423115306516937]",4.579999999999864,100.0,0.0,"[63.1778070964429, 126.24735140819476, 126.24735140819473]",12
529,2251849766,settled,Qf4i_0001,unmatched,,"[-0.9540381800532999, 0.14298004548502866, -0.23627115718417716, -0.11637782381766813]","[-0.9999999987364554, 1.8002867344930996e-05, 3.885238101478943e-05, 2.6333979731729684e-05]","[441.9994900344176, 40.890579689256576, 6.4276471898893695]",4.389999999999801,100.0,0.0,"[63.1778070964429, 121.5844450327482, 121.58444503274822]",22
530,534416715,settled,Qf4i_0003,unmatched,,"[0.8539475834375602, 0.4980579942392897, -0.06957051044451185, 0.13368508963970963]","[0.7071208319601231, 0.7070927204096059, 9.158972481571048e-05, 7.323311133144994e-05]","[442.29577743822966, 39.122142982037936, 6.416021774133754]",4.579999999999864,100.0,0.0,"[63.1778070964429, 126.30669516304327, 126.30669516304324]",13
531,2592423895,settled,Qf4i_0001,unmatched,,"[-0.7627362211012204, 0.22713702742415, -0.5529063964301926, 0.24685369063420926]","[-0.9999999773805938, 6.394300306502381e-05, -0.00013049468603900185, 0.0001553101454914163]","[441.9729629758298, 40.89127447510006, 6.425566152712073]",4.309999999999774,100.0,0.0,"[63.1778070964429, 130.17132758833836, 130.17132758833833]",24
532,907034003,settled,Qf4i_0016,unmatched,,"[0.3422772396015353, 0.6790099916879979, -0.547941234685763, 0.34864326434001264]","[0.4998719302400493, 0.5001373264859356, -0.49989564421203975, 0.5000950438780792]","[442.3451081565221, 6.424612091083543, 40.8862275108978]",4.5599999999998575,100.0,0.0,"[63.1778070964429, 129.076063433482, 129.076063433482]",28
533,3984301831,settled,Qf4i_0013,unmatched,,"[-0.11390344336326703, 0.9654493302717585, -0.20652691217242056, -0.11081620286009315]","[8.738161678180584e-05, 0.9999999955705932, -3.255835553650499e-05, 1.277577233992779e-05]","[442.0786558007851, 39.11744289714229, 6.428031526606773]",4.739999999999918,100.0,0.0,"[63.1778070964429, 117.31777769080323, 117.31777769080324]",18
534,4291204682,settled,Qf4i_0001,unmatched,,"[0.9102301720992834, 0.25705660167763955, -0.31181419162339175, 0.09041486181100448]","[0.9999999917270085, -3.144597887382904e-05, 2.790909533051369e-05, 0.00012156568514526402]","[442.19940711594455, 40.893246028699, 6.421903203595435]",4.899999999999971,100.0,0.0,"[63.1778070964429, 125.71071972734445, 125.71071972734445]",22
535,1157350213,settled,Qf4i_0012,unmatched,,"[0.09159539395124666, -0.38103529340517006, -0.903230823874266, 0.17491846040360173]","[1.7591958044902777e-05, -0.7070691819874773, -0.7071443781603249, -3.214070266600658e-06]","[442.5307154025351, 3.5836416704516196, 39.109453810110786]",4.5899999999998675,100.0,0.0,"[63.1778070964429, 117.34260633501455, 117.34260633501457]",19
536,1755359008,settled,Qf4i_0010,unmatched,,"[0.09753683006993497, -0.2256443990971123, -0.9692314832589591, 0.012708414364118367]","[0.0001814241161259022, -8.236275490847156e-05, -0.9999999782730635, 6.128245495182862e-05]","[442.0076031551965, 40.89389629834567, 3.5847452784941343]",4.459999999999824,100.0,0.0,"[63.1778070964429, 113.78235503625905, 113.78235503625905]",29
537,1408581071,settled,Qf4i_0015,unmatched,,"[-0.45471816580131014, 0.36881043623739057, -0.67610896635819, -0.44731076157715893]","[-0.4999684626040966, 0.5000499788841875, -0.5000367773942895, -0.4999447732223564]","[442.5305335150643, 6.426248837775979, 39.11554829085563]",4.5599999999998575,100.0,0.0,"[63.1778070964429, 114.54836226293618, 114.5483622629362]",25
538,4025969406,settled,Qf4i_0004,unmatched,,"[0.5709753087547726, -0.565686932621656, -0.20846448437644396, 0.5572504372426795]","[0.7071091298626582, -0.7071044109950478, 0.00017427248899543057, -6.732050695512637e-06]","[442.41017208459846, 40.894436653760025, 6.427463695368351]",5.100000000000038,100.0,0.0,"[63.1778070964429, 124.05018136908711, 124.05018136908711]",18
539,2979020610,settled,Qf4i_0015,unmatched,,"[0.8112307203794777, -0.24357840399230152, 0.375267764858577, 0.37649486594003445]","[0.49997651416020006, -0.49999426070915676, 0.5000258468634248, 0.5000033770032298]","[442.4647147071363, 6.430145681806332, 39.117530289029624]",4.579999999999864,100.0,0.0,"[63.1778070964429, 123.23489804202751, 123.2348980420275]",31
540,1028301620,settled,Qf4i_0010,unmatched,,"[0.28892918457711164, 0.24730923049045345, 0.9179907074772494, 0.112477250140836]","[5.04785644429071e-05, -4.963379562666904e-05, 0.9999999951392989, 6.862800557942063e-05]","[442.4054460244119, 40.886155728287065, 3.5739809823190987]",4.859999999999958,100.0,0.0,"[63.1778070964429, 122.61917494672987, 122.61917494672988]",32
541,1824536695,settled,Qf4i_0013,unmatched,,"[0.3578502322835677, -0.800703126013853, 0.2395142510307735, -0.41647405537369075]","[6.100583532948633e-06, -0.9999999815048416, -1.631264475498995e-06, -0.0001922249684084131]","[442.68215715004663, 39.11350118680264, 6.426659936281821]",4.769999999999928,100.0,0.0,"[63.1778070964429, 129.4557595573202, 129.45575955732025]",21
542,1733341495,settled,Qf4i_0008,unmatched,,"[-0.10725658997326243, 0.21456612060218364, -0.3731717225845471, 0.8962144103172625]","[0.00011613800600202007, 0.00012938589897890096, -0.707147318324194, 0.7070662203486698]","[442.2866296881687, 40.89711434892691, 3.5771350096985253]",4.839999999999951,100.0,0.0,"[63.1778070964429, 129.37560628069429, 129.37560628069429]",19
543,2081953756,settled,Qf4i_0009,unmatched,,"[0.25888675527262234, 0.11196108251609478, -0.02210478959212772, 0.9591421908264307]","[4.2099244151549975e-05, -6.438432106221283e-05, -2.2303562419703406e-05, 0.999999996792432]","[441.85353934618746, 39.10609270395265, 3.5749265033003934]",4.629999999999881,100.0,0.0,"[63.1778070964429, 110.37431605612306, 110.37431605612308]",22
544,1596940682,settled,Qf4i_0012,unmatched,,"[-0.19632461640955656, -0.5756304342672571, -0.7748853172965169, 0.17221786543563297]","[-6.07582361440378e-05, -0.7071059868205912, -0.7071075677430924, 8.574008784935666e-05]","[441.8766209104961, 3.5909037261085825, 39.10550672284015]",4.599999999999871,100.0,0.0,"[63.1778070964429, 125.5449187943487, 125.54491879434867]",18
545,581162313,settled,Qf4i_0008,unmatched,,"[0.04461988653389065, 0.19339945396857908, 0.7698665327673556, -0.6065568717400935]","[3.672913239211039e-05, 3.465715927100654e-05, 0.7071274633730257, -0.7070860965918383]","[442.48037285758033, 40.89258535453544, 3.581267102918461]",4.489999999999834,100.0,0.0,"[63.1778070964429, 119.19119855054005, 119.19119855054007]",27
546,3502698889,settled,Qf4i_0006,unmatched,,"[0.5283433173134485, -0.7298517633133956, -0.10698109618937755, -0.4203864742075638]","[0.49999575855697226, -0.4999636364737026, -0.49992814724452506, -0.5001124385792518]","[442.50974378742774, 3.5814790107776897, 40.89319128268191]",4.509999999999841,100.0,0.0,"[63.1778070964429, 119.09378854827628, 119.0937885482763]",24
547,1071262967,settled,Qf4i_0002,unmatched,,"[0.8300743687420142, 0.3050562345016756, -0.2379524964004282, -0.40161654050351286]","[0.7070765218245086, -3.8625891602864446e-05, -5.478183988709758e-05, -0.7071370360768454]","[441.9459144279939, 3.585645401538582, 40.88393536588375]",4.4699999999998274,100.0,0.0,"[63.1778070964429, 121.94713637951615, 121.94713637951617]",22
548,2632182746,settled,Qf4i_0010,unmatched,,"[0.12463518999557266, 0.2666351509468831, -0.9139540700125686, 0.2793917028148142]","[7.016036297768073e-05, 5.2880410675471e-05, -0.9999999961276648, -5.0849096647159806e-06]","[442.6557118716804, 40.88511955433652, 3.5752094427783168]",4.379999999999797,100.0,0.0,"[63.1778070964429, 123.14213730378118, 123.14213730378118]",16
549,2828869928,settled,Qf4i_0013,unmatched,,"[-0.28857867045607677, -0.9072533208270996, 0.09782974016625558, 0.289901888136324]","[-0.00017829979967051135, -0.9999999804785624, -7.702722778751837e-05, -3.631614683772671e-05]","[442.43483047943926, 39.134441642594915, 6.425954832778854]",4.709999999999908,100.0,0.0,"[63.1778070964429, 127.3261762976661, 127.32617629766607]",19
550,242711853,settled,Qf4i_0015,unmatched,,"[0.4453195280059114, -0.6620938811624908, -0.15791792580823788, 0.5817079501022876]","[0.4999788597429142, -0.49998500822955794, 0.5000488565030663, 0.4999872723038459]","[441.9500174288011, 6.427599126801519, 39.11577211831867]",5.020000000000011,100.0,0.0,"[63.1778070964429, 127.96722740242319, 127.96722740242325]",31
551,1651512630,settled,Qf4i_0009,unmatched,,"[0.0865315596859267, 0.07213667043285749, -0.3591108145116115, -0.926470729628297]","[-2.7560644108026722e-05, -6.224975336124494e-05, 2.1661927674713758e-05, -0.9999999974480701]","[442.6559213068265, 39.1164616618186, 3.5745367081487616]",4.649999999999888,100.0,0.0,"[63.1778070964429, 128.05339184678212, 128.05339184678215]",14
552,1631844025,settled,Qf4i_0010,unmatched,,"[-0.1638439152687643, 0.1823014535722178, 0.9657088863423422, -0.08560197599525166]","[3.839614812736852e-05, -8.87410079390416e-05, 0.9999999952555828, 1.1815402561167258e-05]","[442.1508189534238, 40.898787139117864, 3.5742037236466926]",4.309999999999774,100.0,0.0,"[63.1778070964429, 120.64118591315254, 120.64118591315255]",20
553,2736063736,settled,Qf4i_0002,unmatched,,"[-0.843944520795286, -0.07874995523921714, -0.028550908035474637, 0.5298499183917899]","[-0.7071889136537284, 6.431628334773826e-06, -6.355861412339525e-05, 0.7070246362922555]","[442.57396630223366, 3.584693167499448, 40.883006562107774]",4.509999999999841,100.0,0.0,"[63.1778070964429, 117.04836060068287, 117.04836060068288]",19
554,2383909704,settled,Qf4i_0006,unmatched,,"[0.6518991038919032, -0.6526703844856946, -0.36014167870515257, -0.13909313002324686]","[0.49995493296122395, -0.5000563284695392, -0.5000402755240844, -0.49994845356206497]","[442.0545049203893, 3.581869002868259, 40.87796695497839]",4.4999999999998375,100.0,0.0,"[63.1778070964429, 115.13612767958233, 115.13612767958234]",27
555,786084746,settled,Qf4i_0013,unmatched,,"[0.2039477377247787, 0.88653858841402, -0.044391204423401436, -0.41289716940136734]","[7.031797847981895e-05, 0.9999999814335025, -0.0001538682738426167, 9.226554602821472e-05]","[442.62814878880994, 39.12311892078072, 6.416621947734777]",4.669999999999894,100.0,0.0,"[63.1778070964429, 124.31503966116821, 124.31503966116823]",19
556,3304824113,settled,Qf4i_0010,unmatched,,"[-0.13080897053962634, 0.016978959777673188, -0.9531859353290428, -0.2720979618485396]","[9.96186943117529e-05, 0.00010396341111051922, -0.9999999882738979, 5.2152938824529895e-05]","[441.9074291363926, 40.88826336952048, 3.576055679048895]",4.5599999999998575,100.0,0.0,"[63.1778070964429, 128.2997770182211, 128.2997770182211]",18
557,1346177025,settled,Qf4i_0007,unmatched,,"[-0.11499311941669005, 0.4206101350444942, 0.7451990628761969, 0.5045216085294161]","[2.3100486467975127e-05, -7.55562134121812e-05, 0.7070287304187447, 0.7071848189264842]","[442.20265847444244, 39.121935493055645, 3.5743936138913948]",4.869999999999961,100.0,0.0,"[63.1778070964429, 119.26757964993256, 119.26757964993257]",26
558,1189755357,settled,Qf4i_0007,unmatched,,"[0.44321918603854427, 0.24072236551575096, -0.6050649771751497, -0.6160404769687353]","[1.0996420117093121e-05, -3.713804184457548e-05, -0.7071221651076628, -0.7070913958699371]","[442.612550034208, 39.13072024297712, 3.575735315295387]",4.459999999999824,100.0,0.0,"[63.1778070964429, 118.50781084373389, 118.50781084373389]",23
559,404206193,settled,Qf4i_0005,unmatched,,"[0.21300452584677976, 0.2149451527649457, 0.2569436815404462, -0.9178276514619095]","[0.5000294048985434, 0.49999577879351564, 0.5000575307446288, -0.49991727452755513]","[442.2367039645031, 3.5832755728883345, 39.11595788457726]",4.609999999999874,100.0,0.0,"[63.1778070964429, 120.44408649654176, 120.44408649654176]",17
560,1249438590,settled,Qf4i_0007,unmatched,,"[-0.25983007503873057, -0.0960866751857659, 0.6624144666085784, 0.6960335892647606]","[-0.00010817158767850721, 0.00018327128328718412, 0.7071617835926622, 0.7070517424747564]","[441.9435320213601, 39.11110960466012, 3.5768522521028476]",4.379999999999797,100.0,0.0,"[63.1778070964429, 112.08509673579714, 112.08509673579712]",16
561,3893150923,settled,Qf4i_0002,unmatched,,"[0.5250380837594202, -0.2965867571242271, -0.10548193818621408, -0.7907242672494948]","[0.7071081786673951, -2.646518286673152e-05, 2.7050119688067237e-05, -0.707105382690278]","[442.5825222980476, 3.594940634185171, 40.887110305410665]",4.859999999999958,100.0,0.0,"[63.1778070964429, 128.78236515804434, 128.7823651580443]",34
562,784341871,settled,Qf4i_0002,unmatched,,"[0.6092956200950023, 0.2465329145720911, -0.5075357975286466, -0.5571245673927846]","[0.7070231754191262, 5.829070360504224e-05, 1.975525458609333e-05, -0.707190374391634]","[442.5103678982192, 3.5708254772055423, 40.88019026194458]",4.429999999999814,100.0,0.0,"[63.1778070964429, 125.24247001055403, 125.242470010554]",22
563,1442674168,settled,Qf4i_0009,unmatched,,"[0.32283344498595823, -0.05339721884669838, 0.10384039947967572, 0.9392254656118718]","[-1.1899786050262318e-05, -0.00018747460517499478, -7.442090547299607e-05, 0.999999979586598]","[442.38611826578347, 39.115329227296286, 3.57304059989073]",4.289999999999767,100.0,0.0,"[63.1778070964429, 113.07601324648192, 113.07601324648193]",14
564,914947571,settled,Qf4i_0011,unmatched,,"[0.008699331871120803, -0.7185529989891443, 0.5977778274188038, 0.3553414953466003]","[6.30978417370718e-05, -0.707155405433762, 0.7070581507667442, 4.3343206393150295e-06]","[442.0725601387631, 6.425728112962474, 40.88606026431381]",4.889999999999968,100.0,0.0,"[63.1778070964429, 128.17349119920496, 128.17349119920496]",43
565,4103205779,settled,Qf4i_0009,unmatched,,"[-0.32975880371071165, 0.06651764303843705, 0.39372305764285254, -0.8554628504033676]","[-8.017639217833271e-05, 6.448507074174676e-05, -8.090482498301805e-05, -0.9999999914339155]","[442.1287139643005, 39.11668353885724, 3.582248094985592]",4.849999999999954,100.0,0.0,"[63.1778070964429, 123.81526999755413, 123.81526999755413]",21
566,2879595323,settled,Qf4i_0017,unmatched,,"[-0.43373184720898755, -0.09479036241635837, -0.023562481084522684, -0.895732259882827]","[-0.7070619874613502, -7.411266526127098e-06, 2.199025144731419e-05, -0.7071515716935851]","[441.92342657136885, 6.4269082126582955, 39.10753268245746]",4.4999999999998375,100.0,0.0,"[63.1778070964429, 111.55069671244806, 111.55069671244804]",26
567,3848514265,settled,Qf4i_0009,unmatched,,"[-0.2281102713768126, 0.6538138972962924, -0.039395776699347185, 0.7203756412961819]","[4.634725914287596e-05, -2.8146253239656605e-06, 5.6952945908805506e-05, 0.9999999973001857]","[442.3575680120616, 39.116741552185125, 3.5787206843560653]",5.130000000000048,100.0,0.0,"[63.1778070964429, 126.18016777669733, 126.18016777669739]",19
568,1245831326,settled,Qf4i_0007,unmatched,,"[-0.388786402531299, -0.5092396166273795, 0.47217131459175427, 0.6054538758160402]","[1.3482109228801777e-05, -2.6314291040857588e-05, 0.7070658821959122, 0.7071476771936025]","[441.87211138440915, 39.12760042329657, 3.577050306883843]",4.439999999999817,100.0,0.0,"[63.1778070964429, 122.02025253589598, 122.02025253589596]",27
569,1886621264,settled,Qf4i_0005,unmatched,,"[-0.7028736851730464, -0.2706600985987688, -0.6461462310172245, 0.12331561888099102]","[-0.4999879436884842, -0.4999937201773491, -0.5000264055469723, 0.4999919296400199]","[442.505254715099, 3.5882258219534573, 39.113315363208166]",4.699999999999904,100.0,0.0,"[63.1778070964429, 118.61437006547884, 118.61437006547885]",19
570,3916208710,settled,Qf4i_0012,unmatched,,"[-0.3292193713764832, -0.512177968271426, -0.7828183003384974, -0.12838941927968053]","[1.2362501773272266e-05, -0.7070080725097498, -0.7072054735400319, -5.8721683795149574e-05]","[442.6250230312385, 3.5784559632690978, 39.10733374747303]",4.729999999999914,100.0,0.0,"[63.1778070964429, 123.32299993401688, 123.32299993401689]",23
571,200935633,settled,Qf4i_0003,unmatched,,"[0.5617879019177501, 0.6795740462850371, -0.21259320806254298, -0.42116219768672375]","[0.7070966436216327, 0.7071169180722953, 2.6089176721394436e-05, 8.620639410344966e-06]","[442.2722342984363, 39.11758197592664, 6.430098205669088]",4.689999999999901,100.0,0.0,"[63.1778070964429, 121.12818708798895, 121.12818708798896]",25
572,840784676,settled,Qf4i_0004,unmatched,,"[0.8654110191946646, -0.44201200077430836, -0.21767084887705168, -0.09115130595382805]","[0.7070843998619759, -0.7071291610208573, -3.2881584922761504e-05, 4.956763834634837e-06]","[442.05558824501054, 40.88992748570087, 6.425919166471176]",4.5899999999998675,100.0,0.0,"[63.1778070964429, 127.85083575115311, 127.85083575115308]",18
573,110682437,settled,Qf4i_0005,unmatched,,"[0.4827598211213677, 0.6793758138798732, 0.5195958435911711, -0.1881797490398582]","[0.4999106948591734, 0.500043503731302, 0.5000157429564882, -0.5000300474343647]","[442.5403293209719, 3.584365151272164, 39.118438993448564]",4.449999999999821,100.0,0.0,"[63.1778070964429, 125.34237689216732, 125.3423768921673]",15
574,3288537121,settled,Qf4i_0016,unmatched,,"[0.3556440857288201, 0.6668875589514781, -0.6287630502717741, 0.18285320509847525]","[0.5000985061670332, 0.5000476618655728, -0.4999333018103687, 0.4999205074141874]","[442.64171096383785, 6.428289875700585, 40.88363825922718]",4.749999999999921,100.0,0.0,"[63.1778070964429, 130.85373597910817, 130.85373597910814]",21
575,4008853645,settled,Qf4i_0012,unmatched,,"[0.39826557421314845, 0.7672577639207893, 0.40191914618957114, 0.30192889233425063]","[-0.00013732220308812463, 0.70716364935391, 0.7070498905216389, -8.055067522596125e-05]","[442.47048210548377, 3.592957872065903, 39.1145878720419]",4.789999999999934,100.0,0.0,"[63.1778070964429, 121.52192624222545, 121.52192624222546]",27
576,3726675985,settled,Qf4i_0008,unmatched,,"[0.3748586046734741, -0.17909293368641002, -0.7152482362932548, 0.5619846155236276]","[-8.453953829409834e-05, -6.005479767218214e-05, -0.7071050563778862, 0.7071084983871389]","[442.0655460010164, 40.89327412949294, 3.5736804505418287]",4.449999999999821,100.0,0.0,"[63.1778070964429, 124.56811860559216, 124.56811860559218]",20
577,849676372,settled,Qf4i_0013,unmatched,,"[-0.28458835823206236, -0.9489149051119783, 0.047744204428998675, -0.12763408697736886]","[-5.1471940109094876e-05, -0.9999999930248086, -6.250560163401088e-05, -8.598879091827279e-05]","[442.19692886564275, 39.102325781645355, 6.4262593417333225]",4.5899999999998675,100.0,0.0,"[63.1778070964429, 127.00778459971038, 127.00778459971035]",17
578,1751227975,settled,Qf4i_0008,unmatched,,"[0.0022446443763873476, -0.018615092473756815, 0.5822536585823236, -0.8127909429683108]","[-1.90350267341155e-05, 0.00011337355778306968, 0.7071686663333847, -0.7070448812772541]","[442.0495190572305, 40.89213662615844, 3.572719759828785]",4.539999999999851,100.0,0.0,"[63.1778070964429, 124.12156677970083, 124.12156677970084]",22
579,1013355929,settled,Qf4i_0009,unmatched,,"[0.22953036583675168, -0.09964654803118614, 0.0956001665862809, 0.9634557513311086]","[-3.382757283337812e-05, 7.48713346954738e-05, -0.00010767627011835999, 0.9999999908278997]","[442.3453197716109, 39.1408998163649, 3.5764990331324102]",4.509999999999841,100.0,0.0,"[63.1778070964429, 115.36791438166522, 115.36791438166523]",17
580,2299907025,settled,Qf4i_0010,unmatched,,"[0.08455653425668659, -0.2328417642850038, 0.9625820044041526, 0.10986714757573443]","[0.00013379793365448595, 4.910627202647789e-06, 0.9999999876496701, 8.230831280947895e-05]","[442.24929733357294, 40.88919237722449, 3.5726767482117046]",4.629999999999881,100.0,0.0,"[63.1778070964429, 117.9086432372079, 117.90864323720791]",12
581,3406489006,settled,Qf4i_0016,unmatched,,"[0.4269850661988979, 0.36394401752977307, -0.5950713256595703, 0.5754290770591738]","[0.5000129094744679, 0.49995438899833977, -0.5000222889777892, 0.5000104096972249]","[442.36939472833933, 6.427195167896853, 40.88327284360056]",4.5899999999998675,100.0,0.0,"[63.1778070964429, 114.21629500822984, 114.21629500822984]",26
582,2423796619,settled,Qf4i_0012,unmatched,,"[-0.16701013076321958, 0.49812904024453486, 0.8480761247043386, -0.06886190669726149]","[-2.7145210344935685e-05, 0.7071295338921242, 0.7070840269966806, 1.8077678854848796e-05]","[442.33095772508204, 3.5937200849044117, 39.10536189442482]",4.339999999999784,100.0,0.0,"[63.1778070964429, 117.03635448854367, 117.03635448854368]",15
583,1783060612,settled,Qf4i_0008,unmatched,,"[-0.4255018339134278, -0.012993678735004564, 0.4336514100514712, -0.7941824779039209]","[8.488361838818183e-05, -3.167728250064173e-05, 0.7070405447422311, -0.7071730056230443]","[442.0990817082644, 40.89282048711335, 3.57419011995223]",4.179999999999731,100.0,0.0,"[63.1778070964429, 116.91708228370427, 116.91708228370429]",20
584,1163852597,settled,Qf4i_0012,unmatched,,"[-0.06512201765005957, -0.45662172925732786, -0.8836481508507021, 0.08013528988758817]","[7.350142878929637e-05, -0.7071276090340382, -0.7070859463958991, 5.957147175100209e-05]","[442.6686043901644, 3.5801757860559924, 39.114556976805616]",4.759999999999924,100.0,0.0,"[63.1778070964429, 113.28488183962673, 113.28488183962672]",25
585,300535037,settled,Qf4i_0011,unmatched,,"[-0.35142249661355834, 0.4728701792018044, -0.7428979686214585, 0.31780281734694765]","[-3.615096080810441e-05, 0.7071072073642695, -0.7071063532962252, -3.338751685492882e-05]","[442.2759141770276, 6.427000213879246, 40.87929102634594]",4.489999999999834,100.0,0.0,"[63.1778070964429, 123.02680723229328, 123.02680723229328]",24
586,2202722907,settled,Qf4i_0011,unmatched,,"[0.5124774959073248, -0.5319461136587357, 0.5757058289795667, -0.35066072895446276]","[-5.0902064163578796e-05, -0.7071090153606784, 0.7071045451612804, 4.109830242415123e-06]","[442.423990703862, 6.429907997172006, 40.89616019123125]",4.359999999999791,100.0,0.0,"[63.1778070964429, 121.52197844205287, 121.52197844205288]",25
587,247068866,settled,Qf4i_0013,unmatched,,"[0.2663569656585872, -0.9303810532191625, -0.12659665487131766, 0.21775754781716367]","[3.644754527703898e-06, -0.9999999938788462, -7.448399548742879e-05, 8.173834900066388e-05]","[441.9005075231479, 39.11875936186297, 6.426724456725031]",4.5899999999998675,100.0,0.0,"[63.1778070964429, 127.96683644211959, 127.96683644211956]",29
588,3592442215,settled,Qf4i_0002,unmatched,,"[0.4986228065315347, 0.1869661205412491, -0.41797164096076433, -0.7360154033231484]","[0.7070874806683979, 4.701841864593762e-05, 2.9870323526889917e-05, -0.7071260789838331]","[442.5198308122847, 3.5726870336526306, 40.88592780331647]",4.459999999999824,100.0,0.0,"[63.1778070964429, 116.44818378974112, 116.44818378974114]",14
589,817587664,settled,Qf4i_0010,unmatched,,"[-0.07577032750485735, 0.2163005929188234, 0.9733798759676174, 0.002127917770489224]","[0.00010419273306179796, 9.158296329697668e-05, 0.9999999896912084, -3.70677537268181e-05]","[442.2847036858377, 40.88340841427553, 3.5721370332813773]",4.459999999999824,100.0,0.0,"[63.1778070964429, 112.44841912861784, 112.44841912861786]",25
590,956714543,settled,Qf4i_0016,unmatched,,"[-0.03263422553297066, 0.6172465985498278, -0.3550635453785339, 0.7013355278650559]","[0.49991532320838344, 0.4999957341314062, -0.5000384341691414, 0.500050497275552]","[442.6486469083426, 6.4265156503364205, 40.88505188771738]",4.579999999999864,100.0,0.0,"[63.1778070964429, 127.79873453761157, 127.79873453761154]",21
591,390567019,settled,Qf4i_0007,unmatched,,"[-0.05576000439088655, 0.4339213101568298, 0.7614267507275267, 0.4783643190901987]","[0.0001843985485539823, -0.00012922749670465916, 0.7070722617703054, 0.7071412630673268]","[441.97943807302454, 39.12365590947559, 3.5740597174581077]",4.889999999999968,100.0,0.0,"[63.1778070964429, 119.12279278686692, 119.12279278686694]",23
592,4117714206,settled,Qf4i_0006,unmatched,,"[0.6449494163759041, -0.5791058778370126, -0.1724574204003194, -0.4679049804392673]","[0.4998981945351704, -0.5001163058158843, -0.49999411612080763, -0.4999913595274646]","[442.3357594223638, 3.5811215568174077, 40.885988696512555]",4.4999999999998375,100.0,0.0,"[63.1778070964429, 123.70303751859032, 123.70303751859032]",25
593,2521025845,settled,Qf4i_0011,unmatched,,"[0.2502199291952107, 0.6862156576978117, -0.6555637187440244, -0.19166186065675433]","[0.0001504590367848062, 0.707129412439518, -0.7070841247144374, -0.00010955290264564508]","[442.26241674122423, 6.426100934270234, 40.88625727780851]",4.4999999999998375,100.0,0.0,"[63.1778070964429, 116.50758921213277, 116.50758921213279]",25
594,118959254,settled,Qf4i_0002,unmatched,,"[-0.5054991243376068, 0.12293413704927827, -0.2517487032519535, 0.816076236422077]","[-0.7070439540619681, 3.961208703512172e-05, -3.521760132273161e-06, 0.7071696016111675]","[442.3879184544495, 3.5708785506286707, 40.88565757969428]",4.579999999999864,100.0,0.0,"[63.1778070964429, 112.7219945784489, 112.72199457844891]",22
595,536323564,settled,Qf4i_0016,unmatched,,"[0.2987672183365751, 0.6164033511906383, -0.03367927294981921, 0.7277710934503702]","[0.5000286742447885, 0.4999558891027666, -0.49998215520232037, 0.5000332772563285]","[442.23774196304123, 6.434620759813443, 40.88887599366464]",4.459999999999824,100.0,0.0,"[63.1778070964429, 125.82219926194979, 125.82219926194979]",20
596,3098034090,settled,Qf4i_0005,unmatched,,"[-0.2106048733431788, -0.4854357699365941, -0.5301879847400127, 0.6624940765225706]","[-0.5000030182647741, -0.5000102094854862, -0.49988928970745206, 0.5000974606735924]","[442.27938877943336, 3.586583983357393, 39.10975783769682]",4.239999999999751,100.0,0.0,"[63.1778070964429, 117.39549216972956, 117.39549216972958]",19
597,318939885,settled,Qf4i_0002,unmatched,,"[-0.46175195073807324, 0.10705404599565982, 0.3483910274929797, 0.8086706741238544]","[-0.707258829825729, 0.00016364454781789362, -0.00014374773728888116, 0.7069546662909798]","[442.6378474395936, 3.594954021093135, 40.893887164893975]",4.819999999999944,100.0,0.0,"[63.1778070964429, 122.3980321468862, 122.39803214688621]",26
598,3202722054,settled,Qf4i_0007,unmatched,,"[0.18155062225358312, 0.05267923178463344, 0.42013907835606906, 0.8875513646747609]","[3.4692114720291656e-05, 1.750532872124566e-05, 0.7070965878486001, 0.7071169733098531]","[442.1554075641457, 39.12106988687407, 3.5643108785685524]",4.669999999999894,100.0,0.0,"[63.1778070964429, 127.14225282832808, 127.14225282832808]",17
599,2576870985,settled,Qf4i_0015,unmatched,,"[-0.4516636024144685, 0.6309803758169514, -0.4832380895695982, -0.40539450462112636]","[-0.4999832192668918, 0.5000248612349399, -0.5000362165525888, -0.49995569877166807]","[442.3529210318079, 6.426554270248311, 39.110894983706885]",4.489999999999834,100.0,0.0,"[63.1778070964429, 121.06810496718299, 121.06810496718298]",30
600,447954548,settled,Qf4i_0010,unmatched,,"[0.05575006052663945, -0.33589163307563924, 0.9332256004098558, 0.11471146551552941]","[8.970437651027339e-06, -4.4699783749768685e-05, 0.9999999980870997, 4.180025495038338e-05]","[441.96034455113994, 40.893624744009415, 3.575331397437018]",4.919999999999978,100.0,0.0,"[63.1778070964429, 114.31441619499093, 114.31441619499093]",22
601,940726953,settled,Qf4i_0005,unmatched,,"[0.5127838771000137, 0.2725405650552121, 0.3368759618564963, -0.7411402850398325]","[0.500008758101068, 0.49995440562598, 0.5000256990789117, -0.5000111342540751]","[442.5773847347538, 3.593118749388301, 39.10468233849059]",4.669999999999894,100.0,0.0,"[63.1778070964429, 126.75878685365153, 126.7587868536515]",23
602,219800231,settled,Qf4i_0008,unmatched,,"[-0.051373563678022885, -0.2384194692129483, 0.5599082053165334, -0.7918457648269988]","[0.00013994857870258673, -7.301484678451377e-05, 0.7070593397537669, -0.707154201818949]","[442.16314336734666, 40.8833019077813, 3.5792401846994926]",4.539999999999851,100.0,0.0,"[63.1778070964429, 124.58496892638479, 124.5849689263848]",18
603,1224559636,settled,Qf4i_0015,unmatched,,"[-0.5159554415873885, 0.544496901531378, -0.6183230394090855, -0.23449888156450227]","[-0.4999984957287253, 0.5000409582276418, -0.500045196998686, -0.49991533815471106]","[442.6323211538284, 6.42258483755832, 39.11708932202984]",4.419999999999811,100.0,0.0,"[63.1778070964429, 126.09820296976909, 126.09820296976906]",25
604,4023118421,settled,Qf4i_0017,unmatched,,"[0.40965602581074484, -0.3216666623403111, -0.04117597991695293, 0.8526529408461977]","[0.70707500634336, -5.374203601793069e-05, -0.00014699648640191846, 0.7071385372813195]","[442.2802744017779, 6.425811426742496, 39.10710978057204]",4.489999999999834,100.0,0.0,"[63.1778070964429, 122.84260492783608, 122.84260492783609]",21
605,1928023996,settled,Qf4i_0015,unmatched,,"[0.2701948784625633, -0.44223581999339284, 0.6407685392582975, 0.5664255346152394]","[0.5001196538434367, -0.4999807689792032, 0.500041441225165, 0.49985809941216863]","[442.4059209209544, 6.426729135332657, 39.11742829471823]",4.689999999999901,100.0,0.0,"[63.1778070964429, 118.16181982840013, 118.16181982840014]",20
606,3626385919,settled,Qf4i_0005,unmatched,,"[-0.22727184610678164, 0.5116337626984891, 0.5890445784282585, -0.582756283070785]","[0.4997693900362139, 0.5000394615711964, 0.4999694579235943, -0.5002215856977846]","[442.5204331348675, 3.5952669208659422, 39.117919689647536]",4.409999999999807,100.0,0.0,"[63.1778070964429, 120.83299472802511, 120.83299472802513]",19
607,2577297428,settled,Qf4i_0017,unmatched,,"[0.5535741985734218, -0.0935011453620174, -0.4399733339065075, 0.7008827348001787]","[0.7071261771934962, -2.961866462021104e-05, -5.427666637591458e-05, 0.7070873819440497]","[442.23347632380194, 6.4185495675742885, 39.10981952847548]",4.739999999999918,100.0,0.0,"[63.1778070964429, 122.15943819698458, 122.15943819698458]",26
608,2076254014,settled,Qf4i_0004,unmatched,,"[-0.7351439095736402, 0.6157884512551096, -0.2469555466334948, 0.13921556487896336]","[-0.7071313342475606, 0.7070821967771976, 1.7053650021858768e-06, 0.00020766099561581042]","[441.9212840502862, 40.895792537825656, 6.428422685008091]",4.489999999999834,100.0,0.0,"[63.1778070964429, 121.47258584970288, 121.47258584970287]",19
609,452233348,settled,Qf4i_0016,unmatched,,"[0.29905909259017793, 0.2413006443491481, -0.8201651007773044, 0.423871284286609]","[0.49999034669058345, 0.49999247273013514, -0.5000196363482952, 0.49999754368952065]","[442.57556798021585, 6.423127817246552, 40.8868055718835]",4.959999999999991,100.0,0.0,"[63.1778070964429, 120.84232982583327, 120.84232982583329]",30
610,96115233,settled,Qf4i_0007,unmatched,,"[0.01596805096025928, -0.24776091960427232, -0.8946441276783356, -0.3714450603737326]","[1.618150350835013e-05, -2.7139394812025768e-06, -0.7070974028288305, -0.7071161592295259]","[442.67394846234896, 39.12200785166956, 3.58230600974822]",4.939999999999984,100.0,0.0,"[63.1778070964429, 124.60892106026563, 124.60892106026563]",25
611,3222166524,settled,Qf4i_0006,unmatched,,"[0.5102761807816077, -0.5864514971243014, -0.11103432962465044, -0.6191641450313526]","[0.4999870187294756, -0.4999327332720056, -0.5000825429364438, -0.4999976935500928]","[442.60596435651763, 3.580724891908065, 40.887855698845065]",4.479999999999831,100.0,0.0,"[63.1778070964429, 128.88735395623112, 128.8873539562311]",24
612,3216037984,settled,Qf4i_0006,unmatched,,"[-0.8538072858367715, 0.23931008038765292, 0.3766095808763793, 0.2681585867896432]","[-0.49997585891284163, 0.4999988252204216, 0.5000403792105007, 0.49998493421460555]","[442.45803533960975, 3.580881618648727, 40.887303568754284]",4.159999999999724,100.0,0.0,"[63.1778070964429, 119.28294029963344, 119.28294029963345]",17
613,1866588208,settled,Qf4i_0008,unmatched,,"[0.0913958532145423, 0.04136570481144703, 0.5384939494883795, -0.8366360874627897]","[0.00014653465395733647, -3.295767486535817e-05, 0.707070633942291, -0.7071429106325211]","[441.8601212283274, 40.89829168138222, 3.5694813915380825]",4.629999999999881,100.0,0.0,"[63.1778070964429, 125.72432638245789, 125.72432638245795]",23
614,1833144678,settled,Qf4i_0004,unmatched,,"[0.6190268023519331, -0.6010870861268118, 0.21622287731930848, -0.4568892646859618]","[0.7070963466907209, -0.7071172127252787, 4.496914593649093e-05, 4.406863799791272e-05]","[442.5359075303797, 40.89868604705708, 6.427784853359785]",4.509999999999841,100.0,0.0,"[63.1778070964429, 121.1197587768932, 121.11975877689322]",20
615,1205690518,settled,Qf4i_0010,unmatched,,"[-0.6618533813516694, 0.035264487260398346, -0.7484741909013679, 0.022201420814120642]","[-1.9533214029105458e-05, -2.2319214422028555e-05, -0.9999999948829845, -9.671782320583919e-05]","[441.8522274620683, 40.891751591737595, 3.568664738584314]",4.959999999999991,100.0,0.0,"[63.1778070964429, 116.87274867346508, 116.8727486734651]",19
616,369857696,settled,Qf4i_0006,unmatched,,"[-0.12954261784404994, 0.7527893050896254, 0.08052108080394728, 0.640346256216864]","[-0.4999744422272876, 0.4999408017356263, 0.5000327661634862, 0.5000519819402223]","[442.05910763666805, 3.5778058579596963, 40.89214971651529]",4.759999999999924,100.0,0.0,"[63.1778070964429, 115.88087485708073, 115.88087485708074]",21
617,4153277340,settled,Qf4i_0001,unmatched,,"[-0.8578806105175065, -0.3593468864883421, 0.3459746782934644, -0.12333772840854022]","[-0.9999999962418563, -8.52049680967372e-06, -3.5333999485052585e-05, 7.870957438083082e-05]","[442.5347757764841, 40.8831500717754, 6.4234384877731205]",5.070000000000028,100.0,0.0,"[63.1778070964429, 125.52827242196251, 125.52827242196248]",20
618,2533894697,settled,Qf4i_0011,unmatched,,"[-0.2425132989820442, 0.4498265645237411, -0.8056564159904082, -0.2996015704883817]","[4.982949476157075e-05, 0.7070964494798037, -0.7071171109863849, -5.879099297372811e-07]","[442.635076929947, 6.423018522429932, 40.89097821735449]",5.100000000000038,100.0,0.0,"[63.1778070964429, 123.93902169545174, 123.93902169545176]",28
619,1831038023,settled,Qf4i_0007,unmatched,,"[-0.2075734006871383, -0.5066822775218267, 0.671322952129416, 0.4995116083903529]","[0.0001485651672781807, 0.0001448406631026633, 0.7071495587782418, 0.7070639705637045]","[442.40979679161217, 39.12033872010179, 3.5723392062096124]",4.169999999999727,100.0,0.0,"[63.1778070964429, 119.33359160555129, 119.3335916055513]",20
620,3843606305,settled,Qf4i_0004,unmatched,,"[-0.8825006106086865, 0.4092270962118539, -0.22842687556967828, -0.0393321562946197]","[-0.7070693326569781, 0.707144207829946, 3.7445173727834727e-06, -0.00016773357526397856]","[442.13354350664883, 40.888187740725286, 6.425637218093853]",4.659999999999891,100.0,0.0,"[63.1778070964429, 130.22032765515596, 130.22032765515593]",24
621,339420997,settled,Qf4i_0012,unmatched,,"[0.3338907115702825, -0.690545754793728, -0.6283784602883653, 0.1296304898898177]","[5.87098631616524e-05, -0.7071642137110407, -0.7070493402357312, -4.3264476410996534e-05]","[442.20003242622727, 3.5825162966929245, 39.1194880257594]",4.379999999999797,100.0,0.0,"[63.1778070964429, 121.0130480618676, 121.0130480618676]",32
622,318514168,settled,Qf4i_0010,unmatched,,"[0.4702166024432413, 0.27585662200913136, 0.8325093600382049, -0.0986287804305852]","[-0.0001040873563456052, -2.2219751414087607e-05, 0.9999999933287891, 4.488348066604642e-05]","[441.9771130613432, 40.88546446845192, 3.581255001795104]",4.990000000000001,100.0,0.0,"[63.1778070964429, 121.24936569986731, 121.24936569986733]",20
623,2406135167,settled,Qf4i_0009,unmatched,,"[0.30370085785503587, 0.08961302071284508, 0.327763058386395, 0.8901161008621467]","[0.00012198226429338543, 1.409397192103875e-05, 5.1149184840777654e-05, 0.9999999911527241]","[441.9767366283613, 39.11532785315086, 3.56612058599964]",4.4699999999998274,100.0,0.0,"[63.1778070964429, 124.25287801249856, 124.25287801249857]",14
624,503826566,settled,Qf4i_0004,unmatched,,"[-0.8879109927937016, 0.4037290052106611, 0.10763674471210347, -0.1924351589899693]","[-0.7071131480074779, 0.70710037996044, 0.00021987763642014602, -1.5118900924870893e-05]","[442.19389674000956, 40.888769516311946, 6.431534683080733]",4.809999999999941,100.0,0.0,"[63.1778070964429, 129.88446811629623, 129.88446811629623]",23
625,1951490665,settled,Qf4i_0017,unmatched,,"[-0.37979554275908345, 0.21260781508691884, 0.30614412443480676, -0.8466575681692955]","[-0.7071050134251857, 4.5409570551497715e-05, 6.866043086779017e-05, -0.7071085441519456]","[441.9694511229319, 6.421696711701036, 39.112729872888046]",4.689999999999901,100.0,0.0,"[63.1778070964429, 124.30234052237486, 124.30234052237486]",22
626,1304113979,settled,Qf4i_0009,unmatched,,"[0.09948409051905921, -0.45613823132516407, -0.11408373739586006, 0.8769411214665094]","[-1.390737845274881e-05, -2.2846454022524717e-05, 4.004422287600324e-05, 0.9999999988405424]","[442.2088528330592, 39.11989637657173, 3.577480462423271]",4.389999999999801,100.0,0.0,"[63.1778070964429, 122.37595841359935, 122.37595841359934]",19
627,1335222620,settled,Qf4i_0010,unmatched,,"[-0.19639680642520668, 0.19642498494383, 0.9301330988887067, -0.24020395098225877]","[-1.7118309395129946e-05, -2.6049082646251165e-05, 0.9999999992894613, 2.1201094899658474e-05]","[442.30511559864493, 40.890555063773604, 3.581395567049353]",4.489999999999834,100.0,0.0,"[63.1778070964429, 128.11739540358815, 128.11739540358812]",23
628,760072861,settled,Qf4i_0008,unmatched,,"[0.2349944290385704, -0.22175586461706412, 0.6329365821941642, -0.7035575582346796]","[3.963189127445532e-05, 2.3217944575409932e-05, 0.7070658083290474, -0.7071477501782997]","[442.1076740381823, 40.893572526293, 3.575713308736496]",4.579999999999864,100.0,0.0,"[63.1778070964429, 117.01974407632953, 117.01974407632953]",24
629,4291316198,settled,Qf4i_0009,unmatched,,"[0.00045310346422546824, -0.3221131643259609, -0.12074992918595746, -0.9389687740637349]","[2.3697810513811923e-05, 2.502723652700228e-05, 4.473976218404021e-05, -0.9999999984052025]","[441.9114870241039, 39.12183753583324, 3.5789811341926034]",4.799999999999938,100.0,0.0,"[63.1778070964429, 119.82295256442364, 119.82295256442366]",15
630,3385771503,settled,Qf4i_0013,unmatched,,"[0.16321663743935153, 0.8999089523290272, -0.3797931339126148, -0.13885741684871736]","[-8.055498809180975e-06, 0.9999999994859741, 2.9804162239466248e-05, 8.6529029326059e-06]","[442.5109910520449, 39.114888151360326, 6.420661935182446]",4.759999999999924,100.0,0.0,"[63.1778070964429, 118.17244652523082, 118.17244652523084]",28
631,2885950628,settled,Qf4i_0005,unmatched,,"[0.3078809116531951, 0.20521297007126735, 0.30730450118607866, -0.8767330977583211]","[0.4999953600635891, 0.49990628983123914, 0.500149243395499, -0.4999490730394018]","[442.51749337053855, 3.5841073731520923, 39.10786687215655]",4.669999999999894,100.0,0.0,"[63.1778070964429, 116.26795800483686, 116.26795800483687]",12
632,991867160,settled,Qf4i_0013,unmatched,,"[-0.2375625373328836, -0.9604688225999017, -0.11681093371613689, 0.08613296368920043]","[-0.00011186275549162275, -0.999999987080367, -6.994139921706612e-05, -9.183784908273544e-05]","[441.93131297785317, 39.143141209882636, 6.42390913564167]",4.599999999999871,100.0,0.0,"[63.1778070964429, 124.35293191510783, 124.35293191510785]",23
633,303405335,settled,Qf4i_0010,unmatched,,"[-0.02279042232984286, 0.044058517012017934, 0.9582225775537128, 0.2816894311028513]","[8.291797782626097e-05, 0.00011559823306994677, 0.999999989081343, -3.998714040198297e-05]","[442.45874472329484, 40.89065487749835, 3.5768494174760295]",4.609999999999874,100.0,0.0,"[63.1778070964429, 128.33418436344115, 128.33418436344115]",22
634,747624188,settled,Qf4i_0017,unmatched,,"[0.4488529877620475, -0.17881305492877836, -0.36350582461711256, 0.7965051175187475]","[0.7072167856302447, 2.013241247936444e-05, -5.793015733762403e-05, 0.7069967569668247]","[442.1981636978511, 6.422848280895618, 39.116190667118104]",4.839999999999951,100.0,0.0,"[63.1778070964429, 119.7248653163501, 119.72486531635012]",17
635,2224256403,settled,Qf4i_0015,unmatched,,"[-0.7074316561155337, 0.5159224139634822, -0.45665515639945287, -0.1575772281439098]","[-0.5000320930808086, 0.5000422377506173, -0.5000375694556944, -0.4998880829619988]","[442.38572804957846, 6.426050709174909, 39.11750837484632]",4.4699999999998274,100.0,0.0,"[63.1778070964429, 118.22126230348611, 118.22126230348613]",28
636,3659359167,settled,Qf4i_0015,unmatched,,"[0.475642554762377, 0.008531275876956044, 0.5084562058079787, 0.7177490259181025]","[0.49999795261367425, -0.5000389974952175, 0.49996737746169745, 0.49999566982143395]","[442.25214568561086, 6.423323443681951, 39.11243891881046]",4.809999999999941,100.0,0.0,"[63.1778070964429, 120.15316597811612, 120.15316597811612]",28
637,1825701951,settled,Qf4i_0010,unmatched,,"[0.26664443488412504, 0.09287231278579614, 0.9568484641898873, 0.06867674599598332]","[-5.084749896125465e-05, 1.4382017624048338e-06, 0.9999999987046396, -1.784405764331635e-06]","[441.95929550291163, 40.88974630690791, 3.576023135323323]",4.789999999999934,100.0,0.0,"[63.1778070964429, 120.08833497873327, 120.08833497873329]",30
638,741066932,settled,Qf4i_0006,unmatched,,"[-0.14380109630361193, 0.5897438042590014, 0.5912240676798182, 0.5310156229680344]","[-0.49987607443223925, 0.500041928748997, 0.5001082932500607, 0.499973674032652]","[442.6437441161173, 3.5837193203905673, 40.87682293290233]",4.879999999999964,100.0,0.0,"[63.1778070964429, 127.51370862811862, 127.5137086281186]",19
639,3503504066,settled,Qf4i_0006,unmatched,,"[0.5187699492102906, -0.6177811041237394, -0.23828102636228377, -0.5407831355171334]","[0.50000937225384, -0.49999590933180704, -0.5000197372793753, -0.49997498001484514]","[442.58248357693105, 3.590741208761853, 40.88414827993679]",4.5299999999998475,100.0,0.0,"[63.1778070964429, 122.97848873889414, 122.97848873889416]",24
640,3011375563,settled,Qf4i_0008,unmatched,,"[-0.5247529899489422, 0.6195718340292504, -0.4558137166205935, 0.36469013937560457]","[-0.00016374344243025307, 6.754313983381444e-05, -0.7071370130688881, 0.7070765258258973]","[442.149545912116, 40.88962256991313, 3.580360882251221]",5.1200000000000445,100.0,0.0,"[63.1778070964429, 115.37918714013952, 115.37918714013954]",26
641,1512233073,settled,Qf4i_0016,unmatched,,"[-0.27085008450069903, -0.5333245905422038, 0.7126948784235688, -0.3664302431811122]","[-0.4999249420884992, -0.5001285564477489, 0.49998832112019853, -0.4999581562958113]","[442.05525740000746, 6.4218811362618355, 40.883828546605855]",4.789999999999934,100.0,0.0,"[63.1778070964429, 128.45885267930316, 128.45885267930322]",29
642,2951951071,settled,Qf4i_0010,unmatched,,"[0.2777554044515004, -0.309719604872192, 0.8976138231511166, -0.1456541319147266]","[5.1995444161040087e-05, 2.6296062431929723e-05, 0.9999999974903573, 4.030231369617965e-05]","[441.9649086188382, 40.88271575333768, 3.5757876414942054]",4.549999999999854,100.0,0.0,"[63.1778070964429, 124.7959703353931, 124.79597033539311]",24
643,3173375156,settled,Qf4i_0006,unmatched,,"[0.20658466998426864, -0.650663487887515, -0.5944086293330616, -0.42501550681349876]","[0.49987209022610496, -0.49997774489433905, -0.50008233245854, -0.5000678041887745]","[442.14090687430775, 3.576957965295804, 40.88788340030078]",4.709999999999908,100.0,0.0,"[63.1778070964429, 128.9951562318103, 128.9951562318103]",28
644,32306830,settled,Qf4i_0004,unmatched,,"[-0.6986094149864885, 0.5782516452435902, -0.4198669161311812, 0.03580073747576859]","[-0.7070728676822513, 0.7071406917518233, 2.1540556808807843e-05, 3.7314273135247156e-05]","[442.47897250597026, 40.89644860467305, 6.425115869693715]",4.369999999999794,100.0,0.0,"[63.1778070964429, 123.2107020572412, 123.2107020572412]",19
645,895153355,settled,Qf4i_0009,unmatched,,"[-0.19060827060911253, -0.37814759900373973, -0.36161796459736506, -0.8306053986241415]","[1.644549762697123e-05, -4.106537423019507e-05, -7.361095271126307e-05, -0.9999999963123042]","[442.1294262254666, 39.11458210981658, 3.5730122344635498]",4.939999999999984,100.0,0.0,"[63.1778070964429, 128.1648307230318, 128.1648307230318]",19
646,3593388868,unsettled,,not_evaluated,,"[0.22142497322908522, 0.2166201095432776, 0.635142299606034, -0.7075598692853604]","[0.31491194471913825, 0.31492051133683097, 0.6331274936779735, -0.633091711651327]","[442.15601746159035, 27.511167780479642, 33.34622043560956]",4.159999999999724,100.0,0.0,"[63.1778070964429, 111.36235373457724, 111.36235373457723]",25
647,75550316,settled,Qf4i_0008,unmatched,,"[-0.2862997747692738, 0.2598481907905693, -0.7213721391252358, 0.5745725311949853]","[-0.00019172380526996657, 7.85469647633652e-05, -0.7071290987113805, 0.7070844326019259]","[441.9764346494125, 40.8996102077575, 3.5733633466885144]",4.839999999999951,100.0,0.0,"[63.1778070964429, 121.35119104372495, 121.35119104372497]",20
648,2936757457,settled,Qf4i_0015,unmatched,,"[-0.6103894817246166, 0.37109450284833706, -0.5232037798726356, -0.46472718371393584]","[-0.5000156519512243, 0.5000059774438302, -0.49996726403067104, -0.500011105098594]","[442.02360876937337, 6.431542937896009, 39.10838784739739]",4.689999999999901,100.0,0.0,"[63.1778070964429, 118.31814495156375, 118.31814495156377]",27
649,1838880854,settled,Qf4i_0015,unmatched,,"[-0.6784023744617863, -0.0988498696711346, -0.5712742979592471, -0.4512699835816463]","[-0.49980474617028403, 0.49999461568983633, -0.5000314786289451, -0.5001690917749532]","[442.2147957985482, 6.431534131666156, 39.11692368564758]",4.459999999999824,100.0,0.0,"[63.1778070964429, 128.11919839663412, 128.1191983966341]",24
650,1672810551,settled,Qf4i_0003,unmatched,,"[0.48681364714769565, 0.3945555621457038, -0.6249290389801788, -0.46562010004933935]","[0.707119651358643, 0.7070939105289971, -1.718733786967852e-05, -7.735473163739126e-06]","[441.9192593569011, 39.112969148448315, 6.4227630718098405]",5.160000000000058,100.0,0.0,"[63.1778070964429, 122.0308265656288, 122.0308265656288]",21
651,3879484383,settled,Qf4i_0017,unmatched,,"[-0.7626412532388688, -0.3577434821654657, -0.447859840912783, -0.2996989868584001]","[-0.7071055076699957, -6.448041949803675e-05, 9.719698127864522e-05, -0.7071080450806511]","[442.5159740374356, 6.427806688609806, 39.10818106872445]",4.459999999999824,100.0,0.0,"[63.1778070964429, 128.50775050071027, 128.50775050071024]",23
652,230873740,settled,Qf4i_0001,unmatched,,"[0.9054548951501281, -0.2845109799386636, -0.19564783538213537, 0.2468336679897962]","[0.9999999980858778, 1.5999179779199662e-05, 5.030209670594732e-05, 3.2279556230141455e-05]","[442.3600796417138, 40.88466486990137, 6.42685868653239]",4.709999999999908,100.0,0.0,"[63.1778070964429, 129.1667136715986, 129.16671367159856]",19
653,2079884426,settled,Qf4i_0002,unmatched,,"[0.8394310349645914, 0.2693330375425513, -0.24178989971722017, -0.40540460878129414]","[0.7070906290463171, -3.7401143301858156e-05, 7.31883933785681e-05, -0.7071229281811595]","[442.56354654955453, 3.5888849187994607, 40.890149080968754]",4.579999999999864,100.0,0.0,"[63.1778070964429, 121.54773739963636, 121.54773739963638]",28
654,3975850094,settled,Qf4i_0002,unmatched,,"[0.4807614675171685, 0.6552872187456834, -0.5495107625156788, -0.1936620617950838]","[0.7069591685487644, -1.0149554591449024e-05, -2.3660698219864967e-07, -0.7072543629429022]","[442.2958947179607, 3.5866200870038125, 40.887237774055144]",4.309999999999774,100.0,0.0,"[63.1778070964429, 123.05780268284906, 123.05780268284907]",11
655,1123490515,settled,Qf4i_0008,unmatched,,"[-0.06244286843504125, 0.13298112156545572, -0.4729946592036122, 0.8687306612832636]","[9.367242685329181e-05, -1.725526883866735e-05, -0.7071135298658123, 0.707100026027749]","[442.498354844515, 40.90366440558208, 3.574701558703982]",4.629999999999881,100.0,0.0,"[63.1778070964429, 128.40899640077043, 128.4089964007704]",16
656,1957802489,settled,Qf4i_0004,unmatched,,"[-0.8523013335500537, 0.34785705271440737, 0.23829970511210874, -0.30950146728105843]","[-0.7071382953225139, 0.7070752501657026, -0.00011064186594281213, -9.823368039851844e-05]","[442.4640224801005, 40.894455631710265, 6.424724239304288]",5.0900000000000345,100.0,0.0,"[63.1778070964429, 128.46827780057515, 128.46827780057512]",23
657,1848857429,settled,Qf4i_0006,unmatched,,"[0.4047002669435426, -0.25709265837166206, -0.547330599681826, -0.6859666709098554]","[0.4999963883517178, -0.4999031387134186, -0.5001131684652985, -0.4999872821055657]","[442.47010456319805, 3.579567277485998, 40.882872307636866]",4.479999999999831,100.0,0.0,"[63.1778070964429, 118.37094916363242, 118.37094916363242]",25
658,3054531549,settled,Qf4i_0002,unmatched,,"[0.7420221664256267, 0.08780540357961956, -0.5410633505390331, -0.38593233388602627]","[0.7071026627118964, -7.772817687549353e-05, -2.962036558023015e-05, -0.7071108947447428]","[442.185980695365, 3.57649453615393, 40.88502335008404]",4.289999999999767,100.0,0.0,"[63.1778070964429, 130.82113981885678, 130.82113981885675]",17
659,2001620538,settled,Qf4i_0009,unmatched,,"[-0.013667271276261574, 0.657999285484137, -0.1380674222777314, 0.7401267005748466]","[1.6638355812059746e-05, -1.6864968773817907e-05, -0.00018034750560655944, 0.9999999834567574]","[442.4052733398978, 39.11474984712345, 3.577997201422996]",5.0900000000000345,100.0,0.0,"[63.1778070964429, 121.11402502287974, 121.11402502287974]",18
660,1618230679,settled,Qf4i_0008,unmatched,,"[0.2717351777618916, -0.2956507772804097, 0.8181601580938112, -0.41153926515961137]","[5.8520623925334414e-05, -1.5599728310305983e-05, 0.7070957488740499, -0.7071178107332835]","[441.8738624233233, 40.900809520909455, 3.576866224849748]",4.899999999999971,100.0,0.0,"[63.1778070964429, 128.37381587414026, 128.37381587414026]",19
661,2498729330,settled,Qf4i_0001,unmatched,,"[-0.7387230461151346, -0.12526626774130828, 0.5657817222933168, -0.3442203742130146]","[-0.9999999929574983, -8.637747625937348e-05, -4.972539722501773e-05, 6.443073702638857e-05]","[442.2465054305799, 40.900483653453854, 6.426198027139305]",5.1800000000000646,100.0,0.0,"[63.1778070964429, 125.55067454641764, 125.55067454641761]",28
662,801359670,settled,Qf4i_0006,unmatched,,"[0.5201545776930955, -0.5993619606811081, -0.6079273170496118, -0.02507653441518706]","[0.49997392780073185, -0.5000037230564014, -0.4998974325641289, -0.5001248897675845]","[441.91221829145286, 3.596808627199497, 40.885302661574755]",4.659999999999891,100.0,0.0,"[63.1778070964429, 128.94848074258158, 128.94848074258158]",27
663,460050522,settled,Qf4i_0002,unmatched,,"[-0.43159420217306005, -0.27588044649597515, 0.04316033554187708, 0.8577608112566659]","[-0.7071480546294164, -2.3345908841665284e-06, 6.115089635566377e-05, 0.7070655026862429]","[442.1307578866513, 3.5932094827272087, 40.885247863068614]",4.149999999999721,100.0,0.0,"[63.1778070964429, 122.71067710921832, 122.71067710921834]",21
664,24185252,settled,Qf4i_0002,unmatched,,"[-0.8823119357992979, -0.09850590553688278, 0.22500939213918061, 0.401488490457212]","[-0.7070906478599636, -7.086115974912244e-05, -5.515988504375716e-05, 0.7071229084431223]","[442.61681529633273, 3.5953794811561974, 40.883012840921964]",4.4999999999998375,100.0,0.0,"[63.1778070964429, 120.19306321987871, 120.19306321987872]",29
665,2055269984,settled,Qf4i_0003,unmatched,,"[0.5271450856724299, 0.7677936786238437, -0.29311052402864035, 0.21609522535291723]","[0.7071182936150163, 0.7070952592477207, -5.094121148460638e-05, 0.00010290470967544427]","[442.68725962248357, 39.129585652488416, 6.420825667179723]",4.819999999999944,100.0,0.0,"[63.1778070964429, 114.4275661579574, 114.42756615795741]",19
666,2572174639,settled,Qf4i_0008,unmatched,,"[0.6648910559496792, 0.23251016525203572, 0.7084928277910303, -0.043552494087720814]","[2.3768734503437642e-05, -2.7030324862481473e-05, 0.7071016213139005, -0.7071119401054279]","[442.13334844135244, 40.892738276501525, 3.5736381469497656]",4.439999999999817,100.0,0.0,"[63.1778070964429, 121.0022776257891, 121.0022776257891]",16
667,4231113218,settled,Qf4i_0005,unmatched,,"[-0.32714810443199194, -0.26553553967436144, -0.22723901491828985, 0.8779677813196595]","[-0.5000845724847675, -0.5000401156914478, -0.49985027259723996, 0.5000250074211048]","[442.5204570132125, 3.584227938721353, 39.10972628430821]",4.569999999999861,100.0,0.0,"[63.1778070964429, 117.62246046756331, 117.62246046756333]",22
668,2269359926,settled,Qf4i_0013,unmatched,,"[-0.20885908760357036, -0.8901486806034541, 0.0483529199096359, 0.4020885512937993]","[-3.797592170036362e-05, -0.9999999992733518, -2.069307492358341e-06, -2.616066650456262e-06]","[442.35274068397405, 39.11210158241717, 6.4275884793791525]",4.649999999999888,100.0,0.0,"[63.1778070964429, 124.58636135420902, 124.58636135420903]",16
669,791422006,settled,Qf4i_0017,unmatched,,"[0.4178617844510886, 0.3221307565748081, 0.3487388486073498, 0.7745995870357235]","[0.7070286579788667, 4.713606235179342e-05, -7.366986891058385e-05, 0.7071848903558]","[442.0757722922279, 6.4319637340308216, 39.104807103725996]",4.4699999999998274,100.0,0.0,"[63.1778070964429, 123.0283609011636, 123.02836090116361]",26
670,2789584226,settled,Qf4i_0010,unmatched,,"[-0.32203768413503847, -0.09291562367445043, 0.895757891321467, -0.29202091878741854]","[-0.00029317734852189503, -8.337143670711367e-06, 0.9999999553974231, -5.641530174985711e-05]","[442.6282512510449, 40.9008800263672, 3.57347998487495]",4.459999999999824,100.0,0.0,"[63.1778070964429, 127.13877771162122, 127.13877771162122]",20
671,959163029,settled,Qf4i_0002,unmatched,,"[0.8565572897553921, 0.19600051919097283, -0.3610798207247458, -0.3122735482059784]","[0.70711942472548, -0.00019001363919690566, 0.00017002742513763788, -0.7070940914485129]","[441.8845452928236, 3.584328712765365, 40.89172997638261]",4.689999999999901,100.0,0.0,"[63.1778070964429, 125.84209233330665, 125.84209233330662]",20
672,1269286363,settled,Qf4i_0012,unmatched,,"[-0.22278797788535612, -0.8262023699346746, -0.4768502630653011, 0.20092035098176173]","[-2.8116912673295744e-05, -0.707029501278083, -0.7071840421079374, -0.0001188266960281511]","[442.16339258039756, 3.586363620425036, 39.11054969772351]",4.5599999999998575,100.0,0.0,"[63.1778070964429, 124.30909684783731, 124.30909684783732]",28
673,339846494,settled,Qf4i_0009,unmatched,,"[-0.08833281860877842, 0.061391870416495166, 0.03633882288790775, 0.9935330096954575]","[2.4264132504281388e-05, 0.00015402162576109573, 5.727695370357797e-05, 0.9999999862039706]","[442.1382660662298, 39.113563249274186, 3.583145406756104]",4.5899999999998675,100.0,0.0,"[63.1778070964429, 114.15430058636842, 114.15430058636842]",22
674,3620654759,settled,Qf4i_0017,unmatched,,"[-0.4813429093912272, 0.22554370352942188, 0.09490204981190052, -0.8416844077910204]","[-0.7071148259835407, -0.00013369682155668432, -2.4388371300121364e-05, -0.707098723237876]","[441.8602070199576, 6.427609538146233, 39.1099354008693]",4.579999999999864,100.0,0.0,"[63.1778070964429, 118.90992991983278, 118.90992991983278]",27
675,1118229367,settled,Qf4i_0016,unmatched,,"[-0.35991857214289824, -0.48385237718009744, 0.7578605277637142, -0.2489837725264248]","[-0.5000575296791514, -0.500035000461395, 0.4999462980772223, -0.4999611628553146]","[442.2244488873957, 6.420073030648659, 40.889413069903455]",4.889999999999968,100.0,0.0,"[63.1778070964429, 128.49941190844132, 128.4994119084413]",28
676,614510698,settled,Qf4i_0004,unmatched,,"[0.5408724855206847, -0.7068822607308365, 0.20453650455646982, -0.40735640681663454]","[0.707134923131059, -0.7070786375262371, -2.8914439958199756e-05, -2.535110713797195e-06]","[442.08234863156304, 40.89087533727277, 6.425599940912803]",4.5299999999998475,100.0,0.0,"[63.1778070964429, 124.2861294116162, 124.2861294116162]",21
677,1838271581,settled,Qf4i_0008,unmatched,,"[-0.12691279253410218, 0.07788097071762332, 0.8830851733374935, -0.4449587330559608]","[1.9112003725230142e-05, -2.6241002612503728e-06, 0.7071759675166844, -0.7070375878230851]","[442.3348200762071, 40.883333316544075, 3.5814433435682433]",4.509999999999841,100.0,0.0,"[63.1778070964429, 129.93869422793048, 129.93869422793045]",16
678,896877213,settled,Qf4i_0017,unmatched,,"[0.4570635111793557, 0.37785478930814337, -0.003768496967547743, 0.8051735858657455]","[0.7071211734646772, 3.8803647488901404e-05, -1.0450152522118258e-05, 0.7070923874735248]","[441.9263280969485, 6.430830005396026, 39.111521338774764]",4.739999999999918,100.0,0.0,"[63.1778070964429, 127.46806601953372, 127.4680660195337]",23
679,2115121010,settled,Qf4i_0008,unmatched,,"[0.28127320910761855, -0.44450024844831, 0.46518435559245397, -0.7119750180165917]","[-5.32862109731136e-06, 1.0596112795802084e-06, 0.7070950915775539, -0.7071184705814251]","[441.9670199476121, 40.88407504997034, 3.5786844832946043]",4.849999999999954,100.0,0.0,"[63.1778070964429, 126.0977971336474, 126.0977971336474]",24
680,1207846639,settled,Qf4i_0016,unmatched,,"[-0.26830697556454275, -0.6799392983449297, -0.12928932687703654, -0.670058346254485]","[-0.5000728910343553, -0.5000337261231118, 0.49990097482618817, -0.4999923917019192]","[442.01387126918917, 6.427676749757524, 40.888293757078976]",4.409999999999807,100.0,0.0,"[63.1778070964429, 128.51107730807507, 128.51107730807507]",26
681,3010240499,settled,Qf4i_0008,unmatched,,"[0.3808922698588771, -0.2069628001145944, 0.7443905927285974, -0.507907593551865]","[-4.351648998912606e-05, -3.048133399585762e-05, 0.7070870842787941, -0.7071264755496834]","[442.1514506747542, 40.88622229289299, 3.5759556198618445]",4.609999999999874,100.0,0.0,"[63.1778070964429, 126.64414600372861, 126.64414600372861]",20
682,1954751036,settled,Qf4i_0017,unmatched,,"[0.4288412192270202, 0.05806141530597197, -0.19458495559188416, 0.8802617655003849]","[0.7070919353364367, 9.930314464473753e-06, 1.9511601997926782e-05, 0.7071216263860546]","[442.38050549942926, 6.419733349891179, 39.11296825949049]",4.859999999999958,100.0,0.0,"[63.1778070964429, 114.5963984930971, 114.59639849309711]",22
683,1984373932,settled,Qf4i_0016,unmatched,,"[-0.3985619353203301, -0.55517319696044, 0.5342309002269262, -0.4975223113923289]","[-0.499909478416623, -0.5000838141225844, 0.5000385255941727, -0.4999681641499132]","[442.1771784937805, 6.431924223277006, 40.879812893871836]",4.749999999999921,100.0,0.0,"[63.1778070964429, 120.98208316612667, 120.98208316612669]",30
684,2472346160,settled,Qf4i_0005,unmatched,,"[0.5216855084416874, 0.1681033179362908, 0.2930575820934824, -0.7833918293920803]","[0.4999504168437924, 0.5000072577993417, 0.49999645986921126, -0.5000458608607385]","[442.4216920975345, 3.5775284542994035, 39.10827688276213]",4.799999999999938,100.0,0.0,"[63.1778070964429, 125.7902137011826, 125.7902137011826]",17
685,1573955309,settled,Qf4i_0006,unmatched,,"[-0.6193383676590124, 0.38429802173753186, 0.5834598968312737, 0.35820324624956834]","[-0.4999688222674481, 0.4999826596763245, 0.5000905605696555, 0.49995794624409917]","[442.61282493270664, 3.591942525934269, 40.8873774105558]",4.449999999999821,100.0,0.0,"[63.1778070964429, 114.10392531068749, 114.1039253106875]",23
686,4284683632,settled,Qf4i_0005,unmatched,,"[0.45315710631947115, 0.5277361964398244, 0.2103800227056479, -0.6869376900460198]","[0.4999771776252738, 0.49995187239519834, 0.5000258922058038, -0.5000450522364865]","[442.13451137738537, 3.583144909998781, 39.11366007497699]",4.5899999999998675,100.0,0.0,"[63.1778070964429, 125.01930804064315, 125.01930804064312]",29
687,1664694624,settled,Qf4i_0009,unmatched,,"[-0.17671571791651616, 0.6330224626739569, -0.08908301980255993, 0.7484105373218002]","[7.982717487531323e-06, -3.090762506850525e-05, -0.00011344448753795745, 0.9999999930556717]","[442.50090043220933, 39.119542013973785, 3.5728165220879244]",5.000000000000004,100.0,0.0,"[63.1778070964429, 126.07692614724778, 126.07692614724775]",14
688,1909553120,settled,Qf4i_0009,unmatched,,"[-0.34526094914388883, 0.1559007805280971, -0.11240903271903165, -0.9186152801854336]","[-8.1568898851081e-05, -8.639707747079827e-05, -1.2553395089021667e-05, -0.9999999928622361]","[442.1822284198387, 39.12206146032335, 3.5812583889493177]",4.479999999999831,100.0,0.0,"[63.1778070964429, 112.93902530340377, 112.93902530340378]",22
689,2668664694,settled,Qf4i_0011,unmatched,,"[0.11631302817836991, -0.7209141450716977, 0.6512811007120145, 0.20636618610341087]","[2.022534519744054e-05, -0.7070890905193266, 0.7071244695277851, 4.748194967020316e-05]","[442.676655890157, 6.425478083667543, 40.87897822403563]",4.769999999999928,100.0,0.0,"[63.1778070964429, 127.13274669494339, 127.13274669494339]",27
690,931999062,settled,Qf4i_0010,unmatched,,"[0.40985524264100454, 0.27226453579317034, 0.8643033037923744, -0.10426169806117322]","[-3.924429852593031e-05, 0.00012759220872088362, 0.9999999840582652, 0.00011858997718217461]","[442.5241396317186, 40.89167866417337, 3.5714928356225353]",4.909999999999974,100.0,0.0,"[63.1778070964429, 119.55227525385696, 119.55227525385698]",29
691,2928446550,settled,Qf4i_0009,unmatched,,"[0.08829629227230848, -0.08328675959324888, -0.35542274088605197, -0.9267911068350115]","[-2.391468283191589e-05, -1.6594672340091598e-05, 2.4001128707254384e-05, -0.9999999992883254]","[442.1214053370671, 39.11612946221503, 3.574339649260249]",4.829999999999948,100.0,0.0,"[63.1778070964429, 127.32227391617326, 127.32227391617326]",11
692,4062086078,settled,Qf4i_0007,unmatched,,"[0.11302998519651891, 0.09536864003104563, 0.8851959380404075, 0.4410863818141144]","[3.661791949161053e-06, -3.634703561133934e-05, 0.7071709187803334, 0.7070426368309506]","[442.2436565561852, 39.11994609789239, 3.5819067997336815]",4.679999999999898,100.0,0.0,"[63.1778070964429, 128.5779356575929, 128.5779356575929]",8
693,3262843349,settled,Qf4i_0015,unmatched,,"[0.23701903657768664, -0.4535324717792806, 0.255514247423889, 0.8202699206389107]","[0.5000411170665643, -0.4999082809778202, 0.5000431456702163, 0.5000074442654411]","[441.95574028732756, 6.422186022286662, 39.11263847690601]",4.899999999999971,100.0,0.0,"[63.1778070964429, 114.3968607189645, 114.39686071896452]",25
694,1218851074,settled,Qf4i_0016,unmatched,,"[-0.6898747204057384, -0.30126227785830795, 0.6219437982928524, -0.2156381734521688]","[-0.5000018626479275, -0.5000675658107775, 0.49990786695582967, -0.5000226910134775]","[442.657508051664, 6.421181497058562, 40.8892544260019]",4.749999999999921,100.0,0.0,"[63.1778070964429, 117.1222391515694, 117.12223915156942]",26
695,651205762,settled,Qf4i_0006,unmatched,,"[0.6449485734097136, -0.08182203042582824, -0.6028448695667808, -0.4625197900963603]","[0.49997522022121077, -0.5000328425247335, -0.49999472314326876, -0.49999721238250233]","[441.98677220246947, 3.5945458963335155, 40.884868845650225]",4.249999999999754,100.0,0.0,"[63.1778070964429, 128.51134738804797, 128.51134738804794]",19
696,4255050540,settled,Qf4i_0011,unmatched,,"[-0.25882804226598577, 0.6809913270748578, -0.6838292010292903, 0.040453439967739646]","[1.8788887371079134e-05, 0.7071266918966066, -0.7070868660645985, 7.136724791572373e-05]","[441.90415600229557, 6.433130754285157, 40.881107358164826]",4.669999999999894,100.0,0.0,"[63.1778070964429, 123.73264377908298, 123.73264377908299]",29
697,2395249347,settled,Qf4i_0006,unmatched,,"[0.6348411229845365, -0.4903602220541158, -0.11445046579517916, -0.5860244807804853]","[0.5000115988731624, -0.5000433071899624, -0.4999511713442257, -0.4999939181613766]","[441.90004396420215, 3.5802418404604213, 40.884771928935535]",4.379999999999797,100.0,0.0,"[63.1778070964429, 129.82689521193677, 129.82689521193677]",25
698,249202919,settled,Qf4i_0003,unmatched,,"[-0.8662809176125051, -0.3880906819206864, 0.23603906961474444, 0.20791477100528136]","[-0.7070544921679534, -0.7071590302300184, -5.7962406227796124e-05, 0.0002184253122713697]","[442.1218249234431, 39.11662551017456, 6.423621860376972]",4.819999999999944,100.0,0.0,"[63.1778070964429, 128.51766142604066, 128.51766142604063]",25
699,2371620818,settled,Qf4i_0016,unmatched,,"[-0.6854600836334261, -0.5263584251775121, 0.5015678560573432, -0.03899958666378184]","[-0.5000034463573892, -0.5000132255922558, 0.49999138360239337, -0.4999919441220285]","[442.2730772487979, 6.421053722514777, 40.88836344845598]",4.990000000000001,100.0,0.0,"[63.1778070964429, 125.07795236093055, 125.07795236093052]",19
700,3603842823,settled,Qf4i_0005,unmatched,,"[0.1945135409653445, 0.7046745058258995, 0.4915635600122643, -0.4732479156723422]","[0.4999217278429887, 0.49994363965413335, 0.5000619798793579, -0.5000726342032682]","[442.4053633433317, 3.5795666979421097, 39.11358007587851]",4.309999999999774,100.0,0.0,"[63.1778070964429, 126.61644526664983, 126.61644526664989]",26
701,2673681171,settled,Qf4i_0001,unmatched,,"[0.7797691628533903, 0.1826904425636023, -0.5705104467956182, -0.1819397838734074]","[0.9999999827739249, -0.00018481834667455428, 6.215558155075531e-06, -1.5990488542894088e-05]","[442.3932264784408, 40.90680753139936, 6.4268227960906295]",5.010000000000008,100.0,0.0,"[63.1778070964429, 128.3116808729743, 128.3116808729743]",14
702,4235238339,settled,Qf4i_0002,unmatched,,"[-0.7562445711375627, 0.24799993940147816, 0.08222943494976244, 0.5998570652327683]","[-0.7070895788869147, -6.313496225770605e-05, 3.265581279305955e-05, 0.7071239794951804]","[442.02033308233285, 3.601502682743233, 40.8856330238984]",4.609999999999874,100.0,0.0,"[63.1778070964429, 127.10244643207751, 127.10244643207751]",27
703,3994960236,settled,Qf4i_0003,unmatched,,"[0.5313292307007738, 0.7813692565057293, 0.17265756090654222, 0.278101960173623]","[0.7071087173663093, 0.7071048415064279, -6.133534746088909e-05, -3.436157488553859e-05]","[442.0125116697866, 39.117835569705676, 6.425757955795093]",4.549999999999854,100.0,0.0,"[63.1778070964429, 123.80648156610144, 123.80648156610144]",19
704,3831792919,settled,Qf4i_0008,unmatched,,"[0.4401407278908014, -0.15233626782494392, 0.5535394359146462, -0.6904084979519137]","[-6.663319418648282e-06, 1.625532726093337e-05, 0.7071412221188652, -0.7070723383583906]","[442.0942010264414, 40.88687013917894, 3.5782196084617817]",4.829999999999948,100.0,0.0,"[63.1778070964429, 117.31062529338901, 117.31062529338902]",20
705,2949590194,settled,Qf4i_0016,unmatched,,"[0.017602188927888177, 0.8092823677871741, -0.24878508131529067, 0.5318441458253315]","[0.4999899080722563, 0.4999958780787299, -0.5000249556369716, 0.49998925735501687]","[442.1743597177398, 6.426240825828364, 40.884435736243134]",4.4999999999998375,100.0,0.0,"[63.1778070964429, 125.95783744634706, 125.95783744634703]",16
706,1922957456,settled,Qf4i_0007,unmatched,,"[-0.17983493385574306, 0.16984593387623137, -0.8817110177146157, -0.40174299813620656]","[-0.00011382214856459072, -0.00018636061560925454, -0.7070580353548434, -0.7071554899414899]","[442.50712273629796, 39.12405392039653, 3.578062617162075]",4.4999999999998375,100.0,0.0,"[63.1778070964429, 126.21302418005959, 126.21302418005956]",22
707,2467004035,settled,Qf4i_0001,unmatched,,"[-0.8510412091524794, -0.15061605794523547, 0.48797472711500356, 0.12216517142934463]","[-0.9999999905800228, -0.0001271216757233956, 4.2816499024436924e-05, -2.9099509683383484e-05]","[442.4963806189521, 40.88806414163214, 6.423669165323706]",4.829999999999948,100.0,0.0,"[63.1778070964429, 125.43010350524786, 125.43010350524786]",17
708,3895465590,settled,Qf4i_0010,unmatched,,"[-0.008865959929603692, 0.08725246230030541, 0.920553074823044, -0.3806447674813083]","[-8.1729256232412e-06, -1.0193378120471053e-05, 0.9999999999055039, 4.2767462856685345e-06]","[442.573909141552, 40.88102249165615, 3.572140303848604]",4.789999999999934,100.0,0.0,"[63.1778070964429, 130.39335140364668, 130.3933514036467]",23
709,3817935553,settled,Qf4i_0001,unmatched,,"[-0.9489519390650242, 0.22293354094083298, -0.12955939050887, 0.1816733827484993]","[-0.9999999961042081, 2.153693197680518e-05, -6.947586659306821e-05, 5.000848481051535e-05]","[442.2428990218371, 40.89449583877723, 6.42505490674386]",4.6199999999998775,100.0,0.0,"[63.1778070964429, 127.08433702474464, 127.0843370247447]",11
710,2350393894,settled,Qf4i_0015,unmatched,,"[0.6082563107633402, 0.02796229408013884, 0.7339208530504554, 0.30100257803553526]","[0.49998641939584576, -0.5000738428133472, 0.4999934373760742, 0.49994629184990574]","[442.49342974570743, 6.4142677609789445, 39.121504875508485]",4.6199999999998775,100.0,0.0,"[63.1778070964429, 126.82489758035476, 126.82489758035476]",23
711,507274054,settled,Qf4i_0006,unmatched,,"[-0.5283622470933963, 0.487647568656346, 0.636099650849066, 0.28001860441704135]","[-0.4999956662389533, 0.5000152019180352, 0.49998107684501225, 0.5000080543251618]","[441.9947850839465, 3.5922398599314045, 40.88177021388151]",4.639999999999884,100.0,0.0,"[63.1778070964429, 124.26952631224644, 124.26952631224646]",37
712,2418103130,settled,Qf4i_0005,unmatched,,"[0.5388957797689139, 0.08448260675867462, 0.7139924401755003, -0.438940568955238]","[0.5000072168448328, 0.49999846389288205, 0.5000653945427689, -0.4999289153355983]","[442.465437516557, 3.5793535934556497, 39.10947099131834]",4.939999999999984,100.0,0.0,"[63.1778070964429, 121.56893823370545, 121.56893823370547]",23
713,3567153921,settled,Qf4i_0009,unmatched,,"[0.1988727524070747, -0.4381407272501607, -0.2546711136222361, 0.8388235543671534]","[4.238915104481933e-06, -0.00011060938090531346, -5.5317435112169974e-05, 0.999999992343789]","[441.8998061669122, 39.1144185962719, 3.5736146775707627]",4.359999999999791,100.0,0.0,"[63.1778070964429, 128.9603558418386, 128.96035584183858]",19
714,4274748223,settled,Qf4i_0004,unmatched,,"[0.9013150862583911, -0.41985594111574515, -0.10060076260099281, -0.0350940245189892]","[0.7071042308565527, -0.7071093166042377, 0.0001121425418594002, -9.2197078462114e-05]","[442.1123382220411, 40.88058233459658, 6.425741014539559]",4.569999999999861,100.0,0.0,"[63.1778070964429, 130.26565913986312, 130.2656591398631]",17
715,1338308663,settled,Qf4i_0009,unmatched,,"[-0.2512912006807127, 0.11445045012758237, 0.3013030382493696, -0.9126720692930941]","[-0.00015206074452528417, -6.848625804230441e-05, 3.497804846784236e-05, -0.9999999854818492]","[442.39438641751434, 39.12182248006535, 3.5810437025235697]",4.6199999999998775,100.0,0.0,"[63.1778070964429, 127.125051426147, 127.125051426147]",22
716,1277006266,settled,Qf4i_0011,unmatched,,"[0.32865400942607437, 0.5957578798403752, -0.6876782647442755, -0.25329369296247584]","[9.326183025480614e-05, 0.7070859393386301, -0.7071276150046653, -4.230428180655231e-05]","[442.4753452311192, 6.422424326476193, 40.88766417095001]",4.689999999999901,100.0,0.0,"[63.1778070964429, 119.4260199732459, 119.42601997324591]",26
717,3440375285,settled,Qf4i_0001,unmatched,,"[0.8875611663635753, 0.23820790771944308, 0.3862538725813326, 0.07937326110963647]","[0.9999999989691843, -9.92315506939448e-07, -1.275278961862122e-05, 4.356619101814063e-05]","[442.60444526377086, 40.89576227789564, 6.426276837024513]",4.479999999999831,100.0,0.0,"[63.1778070964429, 127.5334405066467, 127.5334405066467]",16
718,2778763133,settled,Qf4i_0001,unmatched,,"[0.8756319323738309, 0.23263808462416577, -0.40106778977893365, 0.13525113157201868]","[0.999999999228053, -3.706394976171344e-05, -1.3036507268660503e-05, 4.5517543173501096e-07]","[442.30275947697606, 40.89045971111919, 6.423758570841712]",4.949999999999988,100.0,0.0,"[63.1778070964429, 122.08800338973799, 122.088003389738]",17
719,763136023,settled,Qf4i_0007,unmatched,,"[0.25131930339948066, -0.2951017507363295, 0.6878492538765465, 0.6136912647191838]","[-3.5300286291617404e-05, 1.0139613605464335e-05, 0.7070980403083618, 0.7071155210028645]","[442.00750027239786, 39.118137226346036, 3.577065140095325]",4.409999999999807,100.0,0.0,"[63.1778070964429, 107.48885965290472, 107.48885965290474]",15
720,3763933021,settled,Qf4i_0007,unmatched,,"[-0.04623430397558888, -0.06701270344375135, 0.7888818316337297, 0.6091281822664787]","[-2.4057158465318196e-05, -0.00025194577979165134, 0.7071728802445784, 0.7070406306508591]","[442.5976432302776, 39.12314162474353, 3.5714415821123286]",4.579999999999864,100.0,0.0,"[63.1778070964429, 121.03946119359182, 121.03946119359182]",23
721,3455780355,settled,Qf4i_0001,unmatched,,"[-0.8840207684311262, -0.0872379833482472, -0.3272251922323647, 0.32221186944658625]","[-0.9999999972947826, -2.1822850663635956e-05, -1.926560504634366e-07, 7.024358202667447e-05]","[442.6699136216326, 40.883979295912766, 6.429020159330414]",4.609999999999874,100.0,0.0,"[63.1778070964429, 122.21130815843438, 122.21130815843439]",21
722,1499718306,settled,Qf4i_0016,unmatched,,"[0.3612539443898203, 0.6684707255139583, -0.19887294746240802, 0.6189442846987546]","[0.5000334517779498, 0.5000236030184086, -0.4999702463923434, 0.4999726955043618]","[442.49093829394025, 6.422746138127173, 40.890800484851205]",4.4699999999998274,100.0,0.0,"[63.1778070964429, 120.50432449110183, 120.50432449110184]",18
723,79361427,settled,Qf4i_0017,unmatched,,"[0.7460182460433417, 0.4331332622393408, -0.16442246222556398, 0.47834883466776185]","[0.7071644096755652, -0.00010023102590572914, -1.6482791951490188e-05, 0.7070491407040026]","[441.9206672081371, 6.428021659656977, 39.114714272452986]",4.709999999999908,100.0,0.0,"[63.1778070964429, 125.16534607211624, 125.1653460721163]",23
724,849183527,settled,Qf4i_0008,unmatched,,"[-0.597965345494862, 0.4341566937715529, -0.3987457477691585, 0.5430904523894513]","[4.667301610772335e-05, 5.4503542882611285e-05, -0.7070964350056093, 0.7071171235752616]","[442.45954192298075, 40.87863539130726, 3.574279618324728]",5.210000000000075,100.0,0.0,"[63.1778070964429, 114.22165432392148, 114.22165432392148]",25
725,833658135,settled,Qf4i_0005,unmatched,,"[-0.22322301575031606, -0.6254522972279739, -0.046491102783879086, 0.7462033814540932]","[-0.49999937452061205, -0.5000171828377903, -0.5000282763441787, 0.4999551631918871]","[442.41041022703735, 3.5792702888326233, 39.11458991891357]",4.349999999999787,100.0,0.0,"[63.1778070964429, 121.69720778827379, 121.69720778827379]",36
726,2766943526,settled,Qf4i_0007,unmatched,,"[-0.5008796812345071, -0.2940481208795292, 0.7384220044987085, 0.3426196007319862]","[-0.00011757686760774377, -0.00010573957947426771, 0.7070981601336037, 0.7071153844532687]","[442.0333450682085, 39.12222863814991, 3.578279550171516]",4.289999999999767,100.0,0.0,"[63.1778070964429, 128.8252167861372, 128.82521678613716]",22
727,2503276600,settled,Qf4i_0010,unmatched,,"[-0.12838043991948922, -0.15768557088960727, 0.9650166796619405, 0.16551897581105576]","[1.9959218657386045e-06, -3.8334277696561177e-05, 0.99999999897674, 2.3937828995084548e-05]","[441.97181448105596, 40.88600635128302, 3.5721639687858464]",4.5599999999998575,100.0,0.0,"[63.1778070964429, 125.08438738908204, 125.08438738908204]",21
728,274262062,settled,Qf4i_0013,unmatched,,"[-0.2888088733633255, 0.9067311338231195, 0.2402429853663154, 0.19160217536533122]","[1.8270489650470153e-05, 0.999999992555441, -0.00012029217139142291, -9.225011587250306e-06]","[442.4060919267064, 39.122743293275946, 6.4230995772656225]",4.299999999999771,100.0,0.0,"[63.1778070964429, 120.38772484557177, 120.38772484557177]",11
729,3693717378,settled,Qf4i_0005,unmatched,,"[-0.4080947709038988, -0.4131066308879288, -0.5424541860804435, 0.6070790932663737]","[-0.49987026190176387, -0.4999637482181426, -0.4999877614523452, 0.500178178384264]","[442.16846701394553, 3.581721074259782, 39.11136426891992]",4.699999999999904,100.0,0.0,"[63.1778070964429, 112.7450888098062, 112.74508880980622]",29
730,244256465,settled,Qf4i_0015,unmatched,,"[-0.41965871946026745, 0.6803774779211695, 0.017196036946970892, -0.6005641872705326]","[-0.5000978615523072, 0.49991715224243866, -0.4999561919913336, -0.5000287750261426]","[441.974452190792, 6.425769833899183, 39.10508105794242]",4.939999999999984,100.0,0.0,"[63.1778070964429, 126.52802265757559, 126.52802265757556]",31
731,476182520,settled,Qf4i_0012,unmatched,,"[0.1036601992641189, -0.6668421953979564, -0.4595244020197611, 0.5774195818239437]","[-1.4592163846024242e-05, -0.7071242963925168, -0.7070892645969673, 3.361810412613876e-05]","[442.1673488711134, 3.5718701898393226, 39.115503195692945]",4.279999999999764,100.0,0.0,"[63.1778070964429, 128.07795167317678, 128.07795167317676]",20
732,299505894,settled,Qf4i_0005,unmatched,,"[0.579202363364909, 0.6811474595430645, 0.10658459271012398, -0.43497412018113246]","[0.49991449283562217, 0.4999527217003426, 0.500159230208743, -0.4999735196531113]","[442.45368813342, 3.581666694938569, 39.11275555872045]",4.509999999999841,100.0,0.0,"[63.1778070964429, 119.22966397959004, 119.22966397959004]",40
733,927647419,settled,Qf4i_0010,unmatched,,"[0.00617218359995602, 0.30738817925260187, -0.906291643473959, 0.29001701393995705]","[-3.705311246913092e-05, 1.118549034334615e-05, -0.9999999992265369, -6.991275127579594e-06]","[442.0543655645462, 40.8888130520707, 3.5829092033024637]",4.389999999999801,100.0,0.0,"[63.1778070964429, 123.93307978541189, 123.93307978541189]",15
734,2054887602,settled,Qf4i_0008,unmatched,,"[0.3733597105779809, 0.05758875730829268, -0.4407491559025929, 0.8142642342139097]","[6.627938281644763e-05, -0.00013567370850675609, -0.7070674953550588, 0.707146048714134]","[442.0242642211686, 40.88820041793041, 3.5784742459173158]",4.169999999999727,100.0,0.0,"[63.1778070964429, 117.54443974386136, 117.54443974386137]",12
735,2921836587,settled,Qf4i_0013,unmatched,,"[0.2754056786538453, -0.9404034533507056, -0.09401578724089038, 0.1759377413767654]","[-5.875458323865396e-05, -0.9999999969629271, -2.447785676756853e-05, -4.497643289000741e-05]","[441.85695792367824, 39.12067192593543, 6.424350881062742]",4.5599999999998575,100.0,0.0,"[63.1778070964429, 128.0163363337934, 128.0163363337934]",22
736,4082104990,settled,Qf4i_0009,unmatched,,"[-0.365030319869446, -0.1893794515799419, -0.17774880524233333, -0.8940322427799869]","[0.0001269984121713974, 1.6007396425959656e-05, -4.312931302580254e-06, -0.9999999917982826]","[442.1999111374454, 39.117394014061645, 3.5763435617863353]",4.569999999999861,100.0,0.0,"[63.1778070964429, 120.52904853860458, 120.5290485386046]",21
737,2103653974,settled,Qf4i_0001,unmatched,,"[0.935028749816513, 0.3245948714742076, 0.13098927296552268, -0.056579296541891304]","[0.9999999778215372, -0.00015488693226561173, 6.541437460856206e-05, -0.00012683817684572274]","[442.079014434412, 40.90362998566027, 6.4321342381643]",4.569999999999861,100.0,0.0,"[63.1778070964429, 128.5645621132255, 128.5645621132255]",17
738,4054721125,settled,Qf4i_0008,unmatched,,"[0.3314452681763487, -0.23353500978133768, 0.6073874692324064, -0.6831441250785895]","[-7.786713783516919e-05, 1.9184269058253323e-05, 0.707116571314507, -0.7070969863753405]","[442.5651781948765, 40.90149714475352, 3.574755992624558]",4.689999999999901,100.0,0.0,"[63.1778070964429, 115.23557828691531, 115.23557828691533]",26
739,548968393,settled,Qf4i_0011,unmatched,,"[0.1739833845668215, -0.4541327469372948, 0.8058144553671144, -0.33787023185723425]","[3.581835276582353e-05, -0.7070868360948979, 0.7071267230762741, -4.949507974760665e-05]","[442.4367335633123, 6.426591275874572, 40.883978093144194]",4.249999999999754,100.0,0.0,"[63.1778070964429, 120.06878599754036, 120.06878599754037]",19
740,1564990497,settled,Qf4i_0016,unmatched,,"[0.11176623498886057, 0.43491256596679395, -0.5962539075390001, 0.6654627310564188]","[0.4999781326036123, 0.5000256646845007, -0.4999615372845889, 0.5000346616096314]","[442.3715274227243, 6.427958993591249, 40.8826424528571]",4.579999999999864,100.0,0.0,"[63.1778070964429, 119.08340597300726, 119.08340597300727]",40
741,666536387,settled,Qf4i_0003,unmatched,,"[0.8328379747296384, 0.5225458757364239, -0.11627756712454848, -0.1407346545193621]","[0.7070894832013794, 0.7071240760602698, -4.656768117117239e-05, 4.041493831818955e-05]","[442.10159259459743, 39.1291216286926, 6.424770653624915]",4.579999999999864,100.0,0.0,"[63.1778070964429, 125.37706942903046, 125.37706942903046]",13
742,2535867986,settled,Qf4i_0009,unmatched,,"[0.055606694092448415, 0.02990174770564514, 0.11232118714017658, 0.9916641225615043]","[2.6460207284140225e-05, 6.098529169637522e-05, -0.00014021365755404432, 0.9999999879603909]","[442.69085133269556, 39.116524357412715, 3.5799988743996716]",4.519999999999844,100.0,0.0,"[63.1778070964429, 120.10432615281186, 120.10432615281188]",13
743,4190058861,settled,Qf4i_0003,unmatched,,"[0.6389330524725584, 0.6994797245503248, 0.04674223784673845, -0.3167141180973458]","[0.7070948851185002, 0.7071186370788732, 0.00023622850733573392, 2.7038198730677803e-05]","[441.8791115406019, 39.10769841607908, 6.423163054912022]",4.629999999999881,100.0,0.0,"[63.1778070964429, 115.20252080819198, 115.20252080819199]",20
744,4145498066,unsettled,,not_evaluated,,"[0.5331427153280388, -0.13489619692221552, 0.6897760063632064, -0.4709256015489013]","[0.3005516353857738, 0.300476967455106, 0.6400512887582797, -0.6400911296485725]","[442.1296605676695, 28.856721373299724, 32.37378042120841]",4.419999999999811,100.0,0.0,"[63.1778070964429, 127.5477155430148, 127.54771554301477]",21
745,439097313,settled,Qf4i_0013,unmatched,,"[-0.31229783943541295, -0.9478655253499281, -0.04306678203388648, -0.04654307276409306]","[5.137438850036552e-05, -0.9999999986272408, 5.524570306836285e-06, 8.69884464104763e-06]","[442.3377042496236, 39.10688173059589, 6.425426491153314]",4.669999999999894,100.0,0.0,"[63.1778070964429, 127.55109978131584, 127.55109978131581]",23
746,848878887,settled,Qf4i_0004,unmatched,,"[-0.7330445846747963, 0.6200137340102204, -0.2603398618609048, -0.10223386348908145]","[-0.7071212577048062, 0.7070923035400014, -3.3464638361069277e-05, -7.522342942767324e-06]","[441.8277528393975, 40.88894687446474, 6.425295842648657]",4.579999999999864,100.0,0.0,"[63.1778070964429, 119.33350154755483, 119.33350154755485]",22
747,3282409243,settled,Qf4i_0005,unmatched,,"[-0.36484502967256854, -0.38112029136195696, -0.4876938161083083, 0.695550263866757]","[-0.5000275840810272, -0.49995912191052455, -0.4999893605368369, 0.5000239303538516]","[442.45605215329607, 3.5929993409826064, 39.11002702120668]",4.729999999999914,100.0,0.0,"[63.1778070964429, 114.50418709366886, 114.50418709366886]",29
748,1021812353,settled,Qf4i_0008,unmatched,,"[-0.02751463814164228, 0.23808994494372776, -0.5888537692642116, 0.7718855881722095]","[-6.253526108754293e-05, 1.1594018001659379e-05, -0.707130639480869, 0.7070829192268028]","[442.50938709174017, 40.88077540226864, 3.5719133443237254]",4.569999999999861,100.0,0.0,"[63.1778070964429, 123.87204717427062, 123.87204717427063]",22
749,3025522320,settled,Qf4i_0012,unmatched,,"[-0.006779130001992734, 0.8094588839319384, 0.39735742244128586, 0.432246963495285]","[-0.0001277444861751225, 0.7071667550370749, 0.7070467906845647, 5.8598178206705325e-06]","[441.8664078293121, 3.57873988695525, 39.099486956921]",4.5299999999998475,100.0,0.0,"[63.1778070964429, 128.46927322646465, 128.46927322646465]",28
750,2691185665,settled,Qf4i_0016,unmatched,,"[-0.347779535447512, -0.7595016959896297, 0.11884014838012455, -0.5367341871408777]","[-0.4999906950762124, -0.5000023478698739, 0.4999562913670571, -0.5000506611177692]","[442.01677878028266, 6.419272937747064, 40.885985401976676]",4.649999999999888,100.0,0.0,"[63.1778070964429, 120.48918220796543, 120.48918220796543]",27
751,1229380122,settled,Qf4i_0006,unmatched,,"[0.48619715748621767, -0.6641977522402341, 0.06255628408896385, -0.564393817553243]","[0.4999782900916858, -0.5000074808826152, -0.500023923105462, -0.49999030472664013]","[442.18570393108763, 3.572083932859238, 40.88718853994415]",4.5299999999998475,100.0,0.0,"[63.1778070964429, 128.9954923754637, 128.99549237546367]",11
752,2395213454,settled,Qf4i_0015,unmatched,,"[-0.44933477067353494, 0.12225715102068627, -0.8501988666400425, -0.24558774409985212]","[-0.49998160652291124, 0.49999053882603667, -0.5000258203457312, -0.5000020332066629]","[441.96391729211, 6.420438312579484, 39.11526868511916]",4.189999999999734,100.0,0.0,"[63.1778070964429, 122.23258712849004, 122.23258712849005]",22
753,3006291426,settled,Qf4i_0006,unmatched,,"[-0.8032647886071603, -0.10041121216468736, 0.5539172969708682, -0.1945736260956228]","[-0.4999693833505065, 0.49993370262730535, 0.5000781161942175, 0.5000187860401949]","[442.46171788575464, 3.5973393325617713, 40.89021622263632]",4.349999999999787,100.0,0.0,"[63.1778070964429, 120.56356126094802, 120.56356126094803]",24
754,2038363769,settled,Qf4i_0015,unmatched,,"[-0.5612002152789947, 0.020352301138744127, -0.7190324086645994, -0.409429478053489]","[-0.49997440099105034, 0.5000256494814296, -0.4999958511086509, -0.5000040970716648]","[442.575131904335, 6.424334321800694, 39.11624818186234]",4.749999999999921,100.0,0.0,"[63.1778070964429, 125.13180678364633, 125.13180678364638]",25
755,3549726088,settled,Qf4i_0007,unmatched,,"[0.3251935600628316, -0.17496902770656705, 0.7483285312602824, 0.5510348420371516]","[-5.351684008447766e-07, -0.0002362887457922902, 0.7071471492179122, 0.7070663713685739]","[442.63033498272745, 39.11496641930838, 3.56957466556513]",4.6199999999998775,100.0,0.0,"[63.1778070964429, 118.0553783364713, 118.05537833647132]",18
756,1415504078,settled,Qf4i_0016,unmatched,,"[0.026030222451953543, 0.644775665048881, -0.1990092891583883, 0.7375514030279845]","[0.5000720289037457, 0.49994221187005333, -0.5000676772206385, 0.49991806218391976]","[442.67745962015283, 6.4204363064764465, 40.88780201181551]",4.379999999999797,100.0,0.0,"[63.1778070964429, 121.54228545452253, 121.54228545452253]",25
757,1167033059,settled,Qf4i_0010,unmatched,,"[-0.14038596652816046, 0.22510227837965416, 0.9577570236566346, -0.11100553277484694]","[3.13900715678589e-05, -0.00015024093049836873, 0.999999987865085, -2.668625366025136e-05]","[442.22412960679975, 40.89226823732397, 3.5716150365689217]",4.5599999999998575,100.0,0.0,"[63.1778070964429, 121.1540689943378, 121.15406899433782]",20
758,57751237,settled,Qf4i_0010,unmatched,,"[-0.24977854227901278, 0.18879418204542422, 0.9462315214486297, 0.08132247204667463]","[-9.017829835125314e-05, 0.00020973298293358591, 0.9999999738486925, -1.351165282902741e-05]","[442.4245816936103, 40.88643211650382, 3.573723177759922]",4.269999999999761,100.0,0.0,"[63.1778070964429, 113.89497984162733, 113.89497984162735]",12
759,1367057463,settled,Qf4i_0008,unmatched,,"[-0.2682954155863644, 0.4446128882782166, -0.4818836406653182, 0.7057797860603408]","[-5.1407913125384175e-05, 8.472541720649929e-06, -0.7071333114353267, 0.7070802480227771]","[442.538389123437, 40.890787310609966, 3.574899020465712]",4.869999999999961,100.0,0.0,"[63.1778070964429, 125.91355236003713, 125.9135523600371]",16
760,3460723404,settled,Qf4i_0017,unmatched,,"[0.7525328538070888, 0.08332020185243715, -0.2968881536312691, 0.5819016000473309]","[0.7070126324463668, -0.00021304229888363161, 7.001061909725896e-05, 0.7072008818382163]","[442.58017490982775, 6.437687195025045, 39.114864345266305]",4.789999999999934,100.0,0.0,"[63.1778070964429, 128.20666362398003, 128.20666362398]",21
761,490291057,settled,Qf4i_0004,unmatched,,"[0.6050671852203282, -0.723040663150318, -0.30768659951572824, -0.12819850732027002]","[0.7070567707126455, -0.7071567872998371, -3.399870441361808e-05, 3.044126937634673e-06]","[442.2710292651016, 40.88984959078852, 6.423738560414318]",5.0600000000000245,100.0,0.0,"[63.1778070964429, 111.84618351705578, 111.84618351705579]",27
762,2736550147,settled,Qf4i_0013,unmatched,,"[-0.12290483584257283, 0.9147122688500888, 0.06678560268850425, -0.37912471538422043]","[1.9026849979887977e-05, 0.9999999832555874, 0.000157604693365232, 9.103606311589772e-05]","[442.15926394012814, 39.11319509036536, 6.422694474859738]",4.699999999999904,100.0,0.0,"[63.1778070964429, 121.6609838629206, 121.66098386292062]",19
763,3645682007,settled,Qf4i_0012,unmatched,,"[0.08237622614656674, 0.7623107531555448, 0.47199339798971696, 0.43510769384532433]","[1.8398783883523826e-05, 0.7071041184816275, 0.7071094367418024, 9.878510260955979e-05]","[442.67388582211737, 3.583352645302667, 39.109045303470204]",4.509999999999841,100.0,0.0,"[63.1778070964429, 128.73418449162415, 128.73418449162415]",27
764,4011650803,settled,Qf4i_0005,unmatched,,"[-0.11238713257916548, 0.5943727968817791, -0.13889353961568968, -0.7840909994449555]","[0.5000723735159499, 0.4998593422153598, 0.4999431455091481, -0.5001250948558478]","[441.9907048431942, 3.5901921776209065, 39.09923465746784]",4.409999999999807,100.0,0.0,"[63.1778070964429, 114.8139294404604, 114.81392944046041]",22
765,4175174794,settled,Qf4i_0006,unmatched,,"[0.6283567845402819, -0.3838002345637537, -0.49353374713503045, -0.46291421636180186]","[0.49992659679377915, -0.4998962480126556, -0.5001014537261401, -0.5000756692962187]","[442.3446152740617, 3.5782597357153985, 40.891554425498676]",4.399999999999804,100.0,0.0,"[63.1778070964429, 121.43568582959367, 121.43568582959368]",28
766,1362896629,settled,Qf4i_0013,unmatched,,"[-0.1369099586496964, 0.8359536484781134, -0.4124440525900376, -0.3351523001588615]","[-2.540381804720113e-05, 0.9999999903832725, -4.176002104644416e-05, 0.0001297852141245537]","[442.5175041267864, 39.115261128817245, 6.420689527521086]",4.949999999999988,100.0,0.0,"[63.1778070964429, 126.28223660107518, 126.28223660107518]",28
767,1392627679,settled,Qf4i_0005,unmatched,,"[-0.5442430083840383, -0.06998565228722617, -0.49363300479666244, 0.674705871379849]","[-0.5001023334287703, -0.4999825079738856, -0.5000377394826697, 0.49987739187955293]","[442.3161944028093, 3.5810973252077374, 39.113782793478435]",4.839999999999951,100.0,0.0,"[63.1778070964429, 126.0454248797597, 126.0454248797597]",27
768,2030435075,settled,Qf4i_0010,unmatched,,"[-0.15391770369278407, 0.2984445877709614, -0.9416051474307936, 0.02489808932417896]","[-2.222867840416109e-05, -0.00016794041736484244, -0.9999999828215722, -7.522471328849466e-05]","[442.0903848393778, 40.88486919333577, 3.5666357334330523]",4.639999999999884,100.0,0.0,"[63.1778070964429, 115.49778624760583, 115.49778624760584]",19
769,1969071229,settled,Qf4i_0011,unmatched,,"[-0.292157474405667, 0.7386316240005625, -0.37135322396325127, 0.480795296594396]","[-4.008242304843307e-06, 0.7071512849768814, -0.7070622745406104, -7.806272671559842e-06]","[442.187629733098, 6.425285784403253, 40.88432176475649]",4.179999999999731,100.0,0.0,"[63.1778070964429, 128.47729831620487, 128.47729831620484]",26
770,3971321240,settled,Qf4i_0005,unmatched,,"[0.16134477163431363, -0.59713412711119, -0.14540785866209355, 0.7721756623623495]","[-0.5000241276311815, -0.49999787224511677, -0.5000674888203901, 0.4999104981513199]","[442.14535038810806, 3.5925873212815893, 39.11993386611554]",4.609999999999874,100.0,0.0,"[63.1778070964429, 125.67889139704927, 125.67889139704933]",30
771,1847143231,settled,Qf4i_0010,unmatched,,"[0.37247343903267255, -0.17212231899601646, 0.8927953174030391, -0.1858869703390051]","[-5.773883919908087e-05, -6.570112380566151e-05, 0.9999999910746078, -0.0001009968978921118]","[442.4026622333781, 40.88953938691358, 3.580612011696956]",4.729999999999914,100.0,0.0,"[63.1778070964429, 128.24712493763062, 128.24712493763067]",28
772,4250210521,settled,Qf4i_0017,unmatched,,"[0.7179714736657065, -0.32018305942895253, -0.20166750117733687, 0.5842345337498447]","[0.7071480411725927, 3.854579923054069e-05, -0.00012010093720239728, 0.7070655075420887]","[442.24253352341077, 6.4376838511363585, 39.10905437063333]",4.669999999999894,100.0,0.0,"[63.1778070964429, 115.39826125506887, 115.39826125506889]",25
773,1265008604,settled,Qf4i_0016,unmatched,,"[0.1588790074721968, 0.4462089044889321, -0.7306042503802944, 0.49180535160333994]","[0.49999879603778785, 0.5000243879005226, -0.4999858606665133, 0.4999909545172157]","[441.90341527054926, 6.43008807903242, 40.887377655690955]",4.659999999999891,100.0,0.0,"[63.1778070964429, 122.38730263555496, 122.38730263555497]",20
774,2561878822,settled,Qf4i_0017,unmatched,,"[-0.8844363438236836, 0.2271251635155647, 0.06609453688063316, -0.4022661134328336]","[-0.7071146420402359, 5.104568557096959e-06, -2.3537404719568038e-05, -0.7070989198352966]","[442.6260167255475, 6.430874233197957, 39.11348041485556]",4.419999999999811,100.0,0.0,"[63.1778070964429, 119.12531113649851, 119.12531113649852]",20
775,2593056862,settled,Qf4i_0004,unmatched,,"[-0.6440080616705269, 0.6801245432667002, 0.34981776085047156, 0.017656623210441386]","[-0.7070844159842888, 0.707129142303959, 5.4677405657010965e-05, -4.2272995514347496e-05]","[442.53902898846974, 40.89396311706916, 6.4235653327599405]",4.659999999999891,100.0,0.0,"[63.1778070964429, 114.68521635241432, 114.68521635241433]",25
776,2876057514,settled,Qf4i_0006,unmatched,,"[0.5828207064822837, 0.0588372724123627, -0.6350018125597128, -0.5036178089746675]","[0.5000467861949697, -0.4999461231715058, -0.49998197290069263, -0.5000251116855983]","[442.25211882620033, 3.584014825113842, 40.88544211137716]",4.169999999999727,100.0,0.0,"[63.1778070964429, 128.72976867947656, 128.72976867947662]",19
777,3157771195,settled,Qf4i_0006,unmatched,,"[0.5983360677836528, 0.10378296890113489, -0.7104906983150071, -0.3555643583981888]","[0.5000311509722215, -0.4999455756879637, -0.5000616688642251, -0.4999615952652287]","[442.2219331016069, 3.6042628803325814, 40.885009642045766]",4.319999999999777,100.0,0.0,"[63.1778070964429, 128.8206418039542, 128.82064180395417]",23
778,2345037609,settled,Qf4i_0005,unmatched,,"[0.6604384413014063, 0.10747290077092331, 0.443880841915452, -0.596020502190723]","[0.5000006212358807, 0.4999361902110539, 0.5000432520021723, -0.5000199302108691]","[442.29161759954803, 3.570751109609232, 39.109608698825156]",4.859999999999958,100.0,0.0,"[63.1778070964429, 129.31581167636472, 129.3158116763647]",22
779,184414698,unsettled,,not_evaluated,,"[-0.35632809196677084, -0.93177754920896, -0.06878720385769516, 0.00944511783434199]","[-0.29159605219667767, -0.9565415507927029, -3.46494632199601e-05, -5.243871152617319e-05]","[442.46886219699985, 54.28687563023396, 6.4290303570313165]",4.569999999999861,100.0,0.0,"[63.1778070964429, 127.92621562729443, 127.9262156272944]",16
780,1322610371,settled,Qf4i_0016,unmatched,,"[-0.3915866921210055, -0.4167497704200111, 0.43307521759641576, -0.6967247285064698]","[-0.5000260957220382, -0.49994860674069797, 0.5000215540544894, -0.5000037396819583]","[442.4441815330536, 6.431561817229297, 40.88534895313526]",4.5599999999998575,100.0,0.0,"[63.1778070964429, 118.78255817786649, 118.78255817786649]",29
781,2871559337,settled,Qf4i_0011,unmatched,,"[-0.0016060938878102355, -0.8499218234626733, 0.5204304719878642, 0.0823555601692851]","[-2.9290916545476348e-05, -0.7070931271540039, 0.7071204324613143, -5.166563412133149e-05]","[442.19516196723885, 6.428071251514654, 40.88963021629034]",4.719999999999911,100.0,0.0,"[63.1778070964429, 117.15899192010669, 117.15899192010669]",27
782,3834652190,settled,Qf4i_0005,unmatched,,"[-0.38796054467225627, -0.5034752546116924, -0.5498540153702292, 0.5419039080432375]","[-0.49986323901671437, -0.4999473065594272, -0.5000829778517109, 0.5001064368778498]","[442.20093858101177, 3.5850655470351587, 39.108861407732846]",4.249999999999754,100.0,0.0,"[63.1778070964429, 116.63792732223398, 116.63792732223399]",13
783,3919222154,settled,Qf4i_0005,unmatched,,"[-0.30245125319755284, -0.7544306213363382, -0.28171015049334985, 0.5098990764242572]","[-0.49999281385858474, -0.49993302854142996, -0.5000755265203677, 0.49999862083664337]","[442.16209962393907, 3.576320791645927, 39.11532881203382]",4.459999999999824,100.0,0.0,"[63.1778070964429, 116.09428418382927, 116.09428418382929]",24
784,2928265615,settled,Qf4i_0013,unmatched,,"[-0.16044831560608788, -0.841189383199689, 0.29634351733816594, 0.4228915692502515]","[-9.46923215767408e-05, -0.9999999842911524, 1.8600067272500631e-06, 0.00014982522960606335]","[442.0576196693038, 39.11809040288461, 6.424862172884207]",4.979999999999998,100.0,0.0,"[63.1778070964429, 125.75011682176435, 125.75011682176435]",29
785,1004255327,settled,Qf4i_0003,unmatched,,"[-0.7918552891140278, -0.48308124432092175, -0.12326100465448263, 0.3527101320051027]","[-0.707202771310398, -0.7070107662132481, -0.00012707140846648923, -2.3712989830060316e-05]","[442.5454129766683, 39.11746126378442, 6.419157101061251]",4.949999999999988,100.0,0.0,"[63.1778070964429, 116.27533516585862, 116.2753351658586]",18
786,4151959314,settled,Qf4i_0009,unmatched,,"[0.32961659258017734, -0.44109631094848434, 0.13135878999472297, -0.8243371971800095]","[-0.00015119005769986815, -0.00010502378040143996, 5.466692693942233e-05, -0.9999999815615495]","[442.13561872252734, 39.11760847397466, 3.571846823530612]",5.1500000000000545,100.0,0.0,"[63.1778070964429, 127.26780673774985, 127.26780673774982]",23
787,3643437407,settled,Qf4i_0007,unmatched,,"[-0.3679797931408954, 0.033329154626742165, 0.5756948008932865, 0.729421370345214]","[-6.4013326825929084e-06, -6.970282431745245e-05, 0.7072068381933511, 0.7070067065545438]","[442.55764010719963, 39.11698681586974, 3.5773692833311332]",4.369999999999794,100.0,0.0,"[63.1778070964429, 115.00079681245795, 115.00079681245796]",19
788,193074623,settled,Qf4i_0002,unmatched,,"[0.333473225592462, 0.8262963374305321, -0.44231445523318763, -0.10192101477916964]","[0.7070509065974928, 2.724266626070855e-05, 6.5713795861794e-05, -0.7071626477828123]","[442.1170484022166, 3.5979177261928443, 40.88978632640519]",4.329999999999781,100.0,0.0,"[63.1778070964429, 117.16182682623854, 117.16182682623855]",21
789,1840744130,settled,Qf4i_0012,unmatched,,"[-0.003013295977485854, -0.9164638387372006, -0.385878694127883, -0.10574774585108596]","[-6.987403351612927e-05, -0.70710035517638, -0.7071132036857176, -6.143945602500605e-07]","[442.7047377731181, 3.5734848205756093, 39.11642546499587]",4.519999999999844,100.0,0.0,"[63.1778070964429, 112.59756628628425, 112.59756628628426]",19
790,929367818,settled,Qf4i_0016,unmatched,,"[0.07689805139311431, 0.6194549874432171, -0.12913616986127133, 0.7705102581129122]","[0.5000383845208825, 0.5001332511426613, -0.4999692195668587, 0.49985910474145034]","[442.6896570680729, 6.4207992497262305, 40.87987343333783]",4.409999999999807,100.0,0.0,"[63.1778070964429, 116.08757582371939, 116.0875758237194]",29
791,911894422,settled,Qf4i_0006,unmatched,,"[-0.6982777647420497, -0.11412682446000724, 0.6869509496557707, 0.16577582445144326]","[-0.5000139705662165, 0.5001225213947099, 0.4998773027638706, 0.49998617482278696]","[442.0782699654315, 3.571001967050111, 40.889138458964055]",4.379999999999797,100.0,0.0,"[63.1778070964429, 126.27317171622401, 126.27317171622401]",22
792,2813630436,settled,Qf4i_0009,unmatched,,"[0.34525116620660357, 0.291654603545629, 0.2899276643120054, 0.8436119806701463]","[0.00013726838355204718, -7.405712380238082e-05, 0.00015230401259328088, 0.9999999762382102]","[442.00655760974547, 39.1149928516705, 3.5751051406155523]",4.659999999999891,100.0,0.0,"[63.1778070964429, 125.59036018117534, 125.59036018117534]",24
793,3258326862,settled,Qf4i_0011,unmatched,,"[0.15155241457782917, 0.463115550262533, -0.8698966348433236, 0.07639173665339816]","[4.091546431196761e-06, 0.7071257475834972, -0.7070878110081942, 6.79071410777538e-05]","[442.615686294796, 6.430052751172179, 40.89105832042093]",4.549999999999854,100.0,0.0,"[63.1778070964429, 120.25816417547667, 120.25816417547668]",21
794,376402550,settled,Qf4i_0012,unmatched,,"[-0.26313053826577254, 0.4562496417490367, 0.7970160287942423, -0.29557407545469244]","[-6.063372948488579e-07, 0.7070629340634583, 0.7071506235516922, -5.36997100085526e-05]","[441.95139872594575, 3.585973236584203, 39.11027317026942]",4.519999999999844,100.0,0.0,"[63.1778070964429, 120.5560286291058, 120.55602862910578]",21
795,3842851706,settled,Qf4i_0006,unmatched,,"[-0.6306123024957917, 0.1538519811917822, 0.7587299060057031, 0.054649991371421895]","[-0.5000214385111258, 0.4999226551779421, 0.4999943490301103, 0.5000615470190218]","[442.60288803882713, 3.5787794911322743, 40.88272150111337]",4.339999999999784,100.0,0.0,"[63.1778070964429, 119.52172273523607, 119.52172273523605]",15
796,1816527500,settled,Qf4i_0013,unmatched,,"[-0.26996349254057417, -0.9012033727303118, -0.2599849606697233, -0.21762356007649683]","[-2.322504085134819e-05, -0.9999999917531699, -4.221183356301062e-06, 0.00012623961037439558]","[442.4224162178788, 39.12093277316934, 6.422920487038197]",4.709999999999908,100.0,0.0,"[63.1778070964429, 125.54903935096523, 125.54903935096523]",21
797,2293293225,settled,Qf4i_0004,unmatched,,"[-0.3936519694424518, 0.8116179663979275, -0.13515402938440954, 0.4099363266597991]","[-0.7070800810705048, 0.7071334662189096, 0.00011730515153079987, -7.839681080554216e-05]","[442.07233148061124, 40.88552251039267, 6.426356293529674]",4.339999999999784,100.0,0.0,"[63.1778070964429, 129.29924259930726, 129.29924259930726]",18
798,349554575,settled,Qf4i_0007,unmatched,,"[0.04319524511180846, 0.011599100461029443, -0.6856641279883682, -0.726542727758097]","[1.758868667506297e-05, 3.9305457066762806e-05, -0.707113417004907, -0.7071001439947271]","[442.17446060082915, 39.11718385609531, 3.581155693734111]",4.5599999999998575,100.0,0.0,"[63.1778070964429, 114.07776804962741, 114.07776804962742]",17
799,1393430897,settled,Qf4i_0005,unmatched,,"[0.40293627404439963, 0.406187963639368, 0.6478008582825009, -0.5029987527441547]","[0.5000090143917031, 0.4999880838873548, 0.5000797333133434, -0.49992315592193226]","[441.8984580171286, 3.5743278062209116, 39.11483098403388]",4.509999999999841,100.0,0.0,"[63.1778070964429, 115.07626918332156, 115.07626918332157]",22
800,2235878669,settled,Qf4i_0011,unmatched,,"[0.24249144715551083, -0.6473370825137739, 0.7223079800681069, -0.02058595610878343]","[-5.217695701353312e-05, -0.7071350985784748, 0.7070784554203378, -8.669697627620641e-05]","[441.9595543465201, 6.4302462269295, 40.890966106647014]",4.629999999999881,100.0,0.0,"[63.1778070964429, 124.17162334982417, 124.17162334982419]",16
801,3616341429,settled,Qf4i_0016,unmatched,,"[-0.016108622453450877, 0.5241575278336051, -0.5047182381256154, 0.6857542551099413]","[0.5000267133003695, 0.4999597792792739, -0.5000259654588499, 0.49998753880071356]","[442.0113602178331, 6.423411896581178, 40.87725124244392]",4.689999999999901,100.0,0.0,"[63.1778070964429, 125.58389789528057, 125.58389789528063]",27
802,2901890060,settled,Qf4i_0003,unmatched,,"[-0.5153234759328452, -0.7348465806857323, 0.43106836411443006, 0.09285625162953134]","[-0.7072151462571065, -0.7069983872720647, 0.00013115787987535987, -9.841234497931506e-06]","[442.14084381690145, 39.118098308039734, 6.424710335674436]",4.869999999999961,100.0,0.0,"[63.1778070964429, 119.03788055047119, 119.03788055047119]",19
803,903317644,settled,Qf4i_0002,unmatched,,"[0.3806152325204924, 0.3549790843641196, -0.42221367482912736, -0.7421977547962988]","[0.7069814041057351, -4.789092096446096e-06, 1.1929188384519864e-05, -0.7072321359238724]","[442.4683170553833, 3.5773306577102684, 40.88431990083931]",4.549999999999854,100.0,0.0,"[63.1778070964429, 122.57803655850658, 122.57803655850658]",29
804,261748224,settled,Qf4i_0015,unmatched,,"[0.6073531994118689, -0.481676980220278, 0.5182685683491363, 0.36125762130559586]","[0.5000188951971987, -0.5000502343932015, 0.49996256663207606, 0.4999682984907584]","[442.30243778257994, 6.425883491853093, 39.119144067250296]",4.379999999999797,100.0,0.0,"[63.1778070964429, 114.7148320075596, 114.71483200755961]",22
805,3757485644,settled,Qf4i_0008,unmatched,,"[-0.46408639041706307, 0.12400900187034086, -0.7767306422281417, 0.40735132147648895]","[-8.849195917040588e-05, -8.400133860012039e-05, -0.7072132839514744, 0.7070002518496862]","[442.1352725204423, 40.8814872159725, 3.577008513592713]",5.020000000000011,100.0,0.0,"[63.1778070964429, 130.01276889173474, 130.0127688917347]",22
806,2459300321,settled,Qf4i_0015,unmatched,,"[-0.3023952662426782, 0.3237351264050331, -0.8489692368047562, -0.28810398443042556]","[-0.5000242488978341, 0.5000037616771825, -0.4999730368093239, -0.4999989512853867]","[442.3086645313416, 6.424531848484224, 39.10910286872381]",4.219999999999744,100.0,0.0,"[63.1778070964429, 117.6122918252297, 117.61229182522972]",27
807,900242666,settled,Qf4i_0001,unmatched,,"[0.9362436743944617, 0.1817165933924474, -0.08337124411561313, -0.288922303564152]","[0.9999999612002273, -1.0046928718776044e-05, 0.00011477134990730398, -0.0002536259852131129]","[442.08687326673737, 40.882518173711745, 6.420288850513628]",4.629999999999881,100.0,0.0,"[63.1778070964429, 121.09002314430839, 121.09002314430839]",19
808,328348858,settled,Qf4i_0016,unmatched,,"[-0.6190823838403996, -0.43170850451213133, 0.6501504533297416, 0.08757372428713266]","[-0.4999924041725503, -0.4999688258878241, 0.49999596559812987, -0.5000428014637323]","[442.54644864864184, 6.429099851549599, 40.88820385830111]",5.010000000000008,100.0,0.0,"[63.1778070964429, 130.8120264829278, 130.81202648292785]",24
809,1553474154,settled,Qf4i_0012,unmatched,,"[0.10359371276990213, -0.7893752306748082, -0.4829995942980539, -0.36450854555079465]","[8.473365181175667e-05, -0.7071362116796126, -0.7070773243816755, 0.00016821672084398826]","[442.381459955972, 3.590716866139501, 39.105054795418596]",4.349999999999787,100.0,0.0,"[63.1778070964429, 128.92240705512313, 128.92240705512313]",26
810,1442494840,settled,Qf4i_0011,unmatched,,"[0.31201293868009317, 0.50003338073906, -0.7536486285584268, -0.29090941702681444]","[3.299524374452974e-05, 0.7071021794962947, -0.7071113820701633, 3.118895915165824e-06]","[442.3764375747683, 6.424257031277928, 40.885110905544444]",4.599999999999871,100.0,0.0,"[63.1778070964429, 119.37401070008488, 119.3740107000849]",31
811,3990831217,settled,Qf4i_0011,unmatched,,"[0.2733426921134199, -0.7015874727139076, 0.6366695552613991, -0.16646521619350974]","[-7.665668357223028e-06, -0.707110223787986, 0.7071033382716411, -1.8995869892172482e-05]","[442.21964626272995, 6.424789298145335, 40.88711290560377]",4.509999999999841,100.0,0.0,"[63.1778070964429, 118.29543973344659, 118.2954397334466]",29
812,2431699989,settled,Qf4i_0008,unmatched,,"[0.17344721513629868, 0.1827432617709468, 0.5962854258550948, -0.7622103743400414]","[-0.00011369472906297418, -0.00010915326967278483, 0.7071119497445663, -0.7071015950254324]","[442.085969997349, 40.88437581799202, 3.5804523295085087]",4.659999999999891,100.0,0.0,"[63.1778070964429, 117.95475725001603, 117.95475725001604]",23
813,1926362747,settled,Qf4i_0004,unmatched,,"[0.8047503699102742, -0.5172269162450497, -0.11253861894396196, 0.26867865283103326]","[0.7071092795025818, -0.7071042822552769, 3.7601006512288926e-06, 2.904222937769041e-05]","[442.33735475197784, 40.88246803982674, 6.424764444008926]",4.769999999999928,100.0,0.0,"[63.1778070964429, 124.35759413112005, 124.35759413112007]",17
814,2263480944,settled,Qf4i_0011,unmatched,,"[-0.026306953825207702, -0.8321721463338888, 0.5135298938644082, -0.2075680879954735]","[-1.1695135848678216e-05, -0.7070726121882425, 0.7071409474217428, -3.78945779723762e-05]","[442.09823453326237, 6.430297035847317, 40.886906123244486]",4.299999999999771,100.0,0.0,"[63.1778070964429, 124.92123382729724, 124.92123382729726]",31
815,2732533349,settled,Qf4i_0001,unmatched,,"[0.9574942959753904, 0.11604176436625958, -0.09067729522294143, 0.2480254225445619]","[0.9999999979703811, -6.217332625881345e-05, -1.3488421221945748e-05, 3.43191108503893e-06]","[441.8717130527558, 40.89234651013182, 6.425492617041197]",4.819999999999944,100.0,0.0,"[63.1778070964429, 117.58451701747407, 117.58451701747407]",22
816,789762371,settled,Qf4i_0007,unmatched,,"[0.4310996061007461, 0.2904541347288934, -0.6141148610307922, -0.5938454872269402]","[3.312696307786189e-05, -0.0001916049050035562, -0.707111965055985, -0.7071015705433189]","[442.4758134875211, 39.110242474557246, 3.5764581021772086]",4.509999999999841,100.0,0.0,"[63.1778070964429, 117.41857861876125, 117.41857861876125]",16
817,857415767,settled,Qf4i_0002,unmatched,,"[0.4929514726326843, -0.5214882517666204, 0.27904449074365084, -0.6381089413918899]","[0.7070851931819674, -1.7605299498880457e-05, -1.0225608184947892e-05, -0.7071283682389714]","[441.9280096375372, 3.5815437834326795, 40.888821722803144]",4.769999999999928,100.0,0.0,"[63.1778070964429, 126.48727088813393, 126.4872708881339]",27
818,1814279234,settled,Qf4i_0010,unmatched,,"[0.06752254297908439, 0.2422686337739487, 0.9010294106317556, -0.3534014946990646]","[-1.2771978109780202e-05, -6.208407554270103e-05, 0.999999996821945, -4.8358600588493075e-05]","[441.93016325590634, 40.89184071198776, 3.580559878571442]",4.869999999999961,100.0,0.0,"[63.1778070964429, 125.01710353934133, 125.01710353934133]",23
819,790041088,settled,Qf4i_0001,unmatched,,"[0.7935730239832247, -0.23344936952655115, -0.5048092129096586, 0.24680134933850478]","[0.9999999979624823, -5.606065251567936e-05, 2.321795927033407e-05, -1.982839479780507e-05]","[442.6250444810617, 40.89760024950856, 6.429333484575757]",5.010000000000008,100.0,0.0,"[63.1778070964429, 130.4989619417706, 130.49896194177057]",21
820,315618556,settled,Qf4i_0012,unmatched,,"[0.012552934920398582, 0.8480138297868738, 0.36518308059114246, -0.3838701420598461]","[3.3508835726464905e-05, 0.7070963745793146, 0.7071171758010878, 0.00012498416370263263]","[442.18571824513697, 3.570989966287224, 39.11630758144928]",4.629999999999881,100.0,0.0,"[63.1778070964429, 125.20047492716577, 125.20047492716574]",31
821,3269845912,settled,Qf4i_0017,unmatched,,"[0.7777716428001235, 0.1283811862612407, -0.44555779470696755, 0.4243439574755573]","[0.7071020145048535, 1.3822444901483939e-05, 2.716068411605921e-05, 0.7071115471793791]","[442.20241451972214, 6.432182760557532, 39.10717011791894]",5.000000000000004,100.0,0.0,"[63.1778070964429, 128.40679423972898, 128.40679423972904]",33
822,3522819498,settled,Qf4i_0006,unmatched,,"[0.13041023961018636, -0.7145137268385542, -0.15145017210366415, -0.6704671124923759]","[0.49997799839899615, -0.5000642096680544, -0.4998839173293054, -0.5000738510675256]","[442.4409925481573, 3.574029197480493, 40.88412105262472]",4.6199999999998775,100.0,0.0,"[63.1778070964429, 115.47876484048709, 115.4787648404871]",19
823,3738436170,settled,Qf4i_0010,unmatched,,"[0.2742912649506295, -0.2822096081700994, -0.8912861599283453, 0.22523547710883984]","[0.00015078603358004448, -3.290058025029463e-05, -0.9999999824654339, -0.00010606722332602965]","[441.94409456715704, 40.883699572841294, 3.5717869267180324]",4.349999999999787,100.0,0.0,"[63.1778070964429, 127.03859863716457, 127.03859863716457]",17
824,410172629,settled,Qf4i_0007,unmatched,,"[0.3546157266565474, 0.013883879429048904, -0.6309730588490037, -0.6898752954748997]","[1.0309424170490411e-05, 7.626324472986834e-06, -0.7071431960429312, -0.7070703643384749]","[442.3894243429975, 39.12171596539996, 3.57693921097486]",4.419999999999811,100.0,0.0,"[63.1778070964429, 113.62052704517917, 113.62052704517919]",18
825,3404775389,settled,Qf4i_0005,unmatched,,"[0.6021409344898768, -0.06674626191403271, 0.5214703782369879, -0.6008659385865817]","[0.500044763145168, 0.5000608791933432, 0.4999460402138623, -0.499948306153699]","[442.4112010472825, 3.580668208129106, 39.11359460567979]",4.899999999999971,100.0,0.0,"[63.1778070964429, 127.51954001139895, 127.51954001139893]",24
826,869269750,settled,Qf4i_0013,unmatched,,"[-0.15468769276196398, -0.9115211001983778, -0.20989464635174815, -0.31803339295425204]","[-1.5795363231802594e-05, -0.9999999726353395, -2.4620246984463634e-05, 0.0002321070235247953]","[441.990653495916, 39.112667666421814, 6.421535167149203]",4.699999999999904,100.0,0.0,"[63.1778070964429, 123.77460399866618, 123.77460399866618]",22
827,2991429464,settled,Qf4i_0002,unmatched,,"[-0.5489088942851251, -0.4032734075502577, 0.03768896459558421, 0.7311970503805372]","[-0.7071055548009246, 2.1922403456625254e-05, -0.000129071191087148, 0.7071079954502795]","[442.24947928482135, 3.576998986603047, 40.891559615597856]",4.189999999999734,100.0,0.0,"[63.1778070964429, 128.48052381234808, 128.48052381234814]",25
828,2771908924,settled,Qf4i_0006,unmatched,,"[-0.7389579476458161, 0.3421219953129573, 0.5776396756246475, -0.05679874187353187]","[-0.5000235218539442, 0.49995490620566835, 0.5000459899487163, 0.4999755766933702]","[442.3030467004862, 3.569871913604857, 40.886598261809766]",4.4999999999998375,100.0,0.0,"[63.1778070964429, 128.23116055121798, 128.23116055121795]",24
829,255470810,settled,Qf4i_0001,unmatched,,"[-0.9154696723146558, -0.164181234465625, 0.007536104595736204, 0.36729144891892374]","[-0.9999999966323903, 1.1566435599596431e-05, 2.939895800168819e-05, -7.574390032993873e-05]","[441.87047840707953, 40.896135307713976, 6.425650860436023]",4.329999999999781,100.0,0.0,"[63.1778070964429, 114.731429248213, 114.731429248213]",20
830,2021639551,settled,Qf4i_0009,unmatched,,"[-0.34543261414584014, 0.05210044336923012, 0.3432315446139134, -0.8718680861615752]","[6.366707477661881e-05, 0.00010642127049615471, -9.360478805990287e-06, -0.9999999922666991]","[442.6737856701629, 39.116266526002136, 3.5696814280232676]",4.899999999999971,100.0,0.0,"[63.1778070964429, 122.8564711810751, 122.85647118107511]",20
831,651020664,settled,Qf4i_0009,unmatched,,"[0.0756818332635065, -0.774085924955174, 0.18955994400860776, -0.5992747854929498]","[0.00017331693962874262, 0.00011057856685792838, -5.488491486474659e-05, -0.9999999773606323]","[441.9976451466233, 39.112512332807185, 3.5718311461719088]",5.140000000000051,100.0,0.0,"[63.1778070964429, 126.52709916092155, 126.52709916092155]",29
832,2521713783,settled,Qf4i_0010,unmatched,,"[-0.5065582247263176, -0.04434755212228694, -0.8534016420621019, -0.11461979283086583]","[2.831902588884371e-05, 6.24242379609341e-05, -0.9999999976299707, 6.4269773879629476e-06]","[442.3102227776212, 40.88036232010628, 3.571751055231415]",4.789999999999934,100.0,0.0,"[63.1778070964429, 122.03091401467162, 122.03091401467164]",23
833,1390613592,settled,Qf4i_0016,unmatched,,"[-0.31808432194865294, -0.360744281429727, 0.8330604728818863, -0.27330601176707336]","[-0.4999655818839734, -0.49998873402854915, 0.5000368846650939, -0.500008796672995]","[442.2627850152925, 6.432453193522633, 40.88700056775363]",4.889999999999968,100.0,0.0,"[63.1778070964429, 121.82837460028077, 121.82837460028077]",18
834,2201560545,settled,Qf4i_0003,unmatched,,"[-0.49268336303607696, -0.8575563518653537, -0.1364275913741798, 0.05698876621481443]","[-0.7070867418518211, -0.70712681984509, 1.2141284620820203e-05, -2.3948124061590192e-06]","[442.3161355669086, 39.11799143446596, 6.4224226671668365]",4.599999999999871,100.0,0.0,"[63.1778070964429, 124.86025176781925, 124.86025176781926]",27
835,1733610838,settled,Qf4i_0001,unmatched,,"[0.933328729096697, 0.24078483671468087, 0.094274575342167, 0.2490631451963197]","[0.9999999900851541, 2.7518198477600108e-05, 8.632118493019453e-05, -0.00010780117648295784]","[442.6889625424852, 40.88340021196856, 6.431286753720806]",4.689999999999901,100.0,0.0,"[63.1778070964429, 125.8955756023884, 125.89557560238838]",22
836,4057973372,settled,Qf4i_0001,unmatched,,"[-0.9362565697560981, -0.3191572023110337, -0.1386331679133244, 0.048406203691826986]","[-0.9999999946674466, 5.1540566235541385e-06, -9.738606972702769e-05, 3.3977875069812764e-05]","[441.95076152287385, 40.889066696105246, 6.4263619570750565]",4.5299999999998475,100.0,0.0,"[63.1778070964429, 128.56682303001168, 128.56682303001165]",21
837,1049088550,settled,Qf4i_0013,unmatched,,"[-0.2985014385404711, 0.8416771729573497, 0.24460506638696494, -0.3776834510666589]","[2.4797326090723102e-05, 0.9999999947451683, 7.86748298922113e-05, -6.086893468652343e-05]","[442.42923826349426, 39.12090706759462, 6.429617791661298]",4.779999999999931,100.0,0.0,"[63.1778070964429, 128.93877615819204, 128.938776158192]",17
838,4151715388,settled,Qf4i_0010,unmatched,,"[-0.05848826288872228, 0.33353550026198525, -0.9360448600269542, 0.09567242646847915]","[8.684899439458087e-05, 0.00010513373090376141, -0.9999999902906385, -2.868577455942032e-05]","[442.4330784857206, 40.87898369328862, 3.5752534260034934]",4.609999999999874,100.0,0.0,"[63.1778070964429, 116.60946780203382, 116.60946780203382]",25
839,1058135528,settled,Qf4i_0002,unmatched,,"[-0.3686608373472068, 0.16863467661175469, 0.398686593963824, 0.8226180964724944]","[-0.7069804983838669, 6.903483609014525e-05, -4.971671211769338e-05, 0.7072330363234873]","[442.14144025996575, 3.5663819857586314, 40.88818431870448]",4.889999999999968,100.0,0.0,"[63.1778070964429, 117.77478326568516, 117.77478326568517]",22
840,3093900153,settled,Qf4i_0009,unmatched,,"[0.3030056044096427, 0.42204349005597586, 0.2242803135340926, 0.8244787669544726]","[9.612746696430197e-05, 2.269508897490058e-05, -3.74784864555463e-05, 0.9999999944199032]","[442.2477062673016, 39.11873562893171, 3.5813581245359787]",4.799999999999938,100.0,0.0,"[63.1778070964429, 127.17003026006596, 127.17003026006601]",19
841,728316358,settled,Qf4i_0003,unmatched,,"[0.3840331144981177, 0.9003152367821304, -0.19825093141067207, 0.05145492767085645]","[0.7070983973957323, 0.707115118312476, -0.0001827018328818819, 0.00018020643834029682]","[441.9548656611102, 39.11723504220652, 6.424965000873542]",4.949999999999988,100.0,0.0,"[63.1778070964429, 126.0091021558189, 126.00910215581887]",25
842,4246793081,settled,Qf4i_0015,unmatched,,"[-0.5487920213062103, 0.4448274047159202, -0.09678850678790442, -0.7011332842749022]","[-0.5000945749220846, 0.4999328117539949, -0.4999091771915838, -0.5000634104039985]","[441.9037731386352, 6.431634718413623, 39.1039020268048]",5.160000000000058,100.0,0.0,"[63.1778070964429, 128.00251272174722, 128.0025127217472]",39
843,1208846367,settled,Qf4i_0016,unmatched,,"[-0.4269867495516249, -0.6814935301266007, -0.04209566062964502, -0.5928548215702353]","[-0.49999254276907035, -0.5000193805904708, 0.49998388737603006, -0.5000041885560504]","[442.1472505327184, 6.436031241075558, 40.888475739508216]",4.379999999999797,100.0,0.0,"[63.1778070964429, 128.21153179002067, 128.21153179002073]",33
844,2094361518,settled,Qf4i_0016,unmatched,,"[0.454999045629448, 0.15518384815777372, -0.8447071013896332, 0.23529503736619822]","[0.49994973740516674, 0.5000830372921239, -0.5000318407371468, 0.49993536995316673]","[442.3988921950455, 6.4264141154423795, 40.88868544352076]",4.909999999999974,100.0,0.0,"[63.1778070964429, 120.63929879051257, 120.63929879051258]",29
845,1813902428,settled,Qf4i_0008,unmatched,,"[-0.37122801695149316, 0.3149778818305276, -0.536490794779554, 0.6893158350891256]","[5.707316266115315e-05, -3.491576393771512e-05, -0.7072128808852512, 0.7070006623996382]","[442.34974890703006, 40.90049399084154, 3.5706995989732047]",4.839999999999951,100.0,0.0,"[63.1778070964429, 118.95179650175126, 118.95179650175126]",23
846,256306198,settled,Qf4i_0006,unmatched,,"[0.6027470823016317, -0.5832330633428373, 0.031765834920367934, -0.5436231050391547]","[0.4999440101600202, -0.5000014432089461, -0.5000492596684278, -0.500005281371253]","[442.102752526013, 3.581148159681139, 40.880025558879765]",4.5599999999998575,100.0,0.0,"[63.1778070964429, 127.99525264492337, 127.99525264492337]",20
847,1252793217,settled,Qf4i_0007,unmatched,,"[-0.3428014306370549, -0.38046800862750096, -0.40789653833367195, -0.7558780904217424]","[-9.865290215499423e-05, 0.00014974920616661613, -0.7071101333172592, -0.7071034063012482]","[442.2627656439538, 39.122274883426606, 3.5800192139349396]",4.839999999999951,100.0,0.0,"[63.1778070964429, 125.27336418787463, 125.27336418787463]",16
848,3006607485,settled,Qf4i_0012,unmatched,,"[-0.44749560199152477, -0.48362124840305704, -0.7378950366888786, -0.14618169899556457]","[-1.1446422171182961e-05, -0.7070324734623965, -0.70718108017253, 3.441857999278921e-05]","[442.54654443700537, 3.5843489274871887, 39.11154357288534]",4.809999999999941,100.0,0.0,"[63.1778070964429, 126.51591319254533, 126.51591319254533]",21
849,2867213443,settled,Qf4i_0006,unmatched,,"[0.5874113053436852, 0.05635745471717812, -0.8002026813813683, 0.10699282388224654]","[0.49998570477502047, -0.500091558327371, -0.49988198554407337, -0.5000407271801397]","[442.5503472455234, 3.57711207986092, 40.88928494093595]",4.369999999999794,100.0,0.0,"[63.1778070964429, 118.08213757798848, 118.08213757798846]",17
850,2495832973,settled,Qf4i_0009,unmatched,,"[0.3262025162052073, -0.6578051041473078, 0.17771235512448658, -0.6552119368687124]","[-0.00013369971218518684, -6.923647303066891e-05, -2.2551092059161636e-05, -0.9999999884110731]","[442.43522930741665, 39.107949747155516, 3.576676656961597]",5.390000000000135,100.0,0.0,"[63.1778070964429, 130.75369898504937, 130.75369898504934]",15
851,265160720,settled,Qf4i_0002,unmatched,,"[0.8435873026476047, -0.3709199350210046, -0.02365782574005351, -0.3875811810408313]","[0.707102447628792, -1.787414497505388e-05, 0.00012285418235725144, -0.7071111038194324]","[442.47153233466713, 3.584749723414705, 40.892758640442366]",4.949999999999988,100.0,0.0,"[63.1778070964429, 117.30080236471538, 117.3008023647154]",22
852,1758450250,settled,Qf4i_0001,unmatched,,"[0.9413323467127771, 0.30018672090032433, -0.15370639037251485, 0.01247762741785174]","[0.9999999941631862, 4.983114608615192e-05, -4.258934970391058e-05, 8.588732040792912e-05]","[441.9253928677238, 40.88877836398285, 6.4259677158316695]",4.699999999999904,100.0,0.0,"[63.1778070964429, 128.91443961988855, 128.91443961988853]",13
853,2129291007,settled,Qf4i_0012,unmatched,,"[-0.03753887711357162, 0.6384621255893187, 0.6921458417195642, 0.33450124167682416]","[-2.506878954129199e-05, 0.7070087617621958, 0.707204786443125, 1.3963395345079404e-05]","[441.86038564353856, 3.5768428959416614, 39.11255632208871]",4.429999999999814,100.0,0.0,"[63.1778070964429, 126.53673798404388, 126.53673798404385]",29
854,3856770388,settled,Qf4i_0012,unmatched,,"[-0.25213650424446543, -0.701757853708884, -0.6657290505739787, -0.0277115356331983]","[-7.78103223261858e-06, -0.707051436625903, -0.7071621213545574, -5.1014487556014145e-06]","[442.0391367275059, 3.572988303081871, 39.11668448475276]",4.719999999999911,100.0,0.0,"[63.1778070964429, 122.13310975476318, 122.1331097547632]",27
855,1491966553,settled,Qf4i_0005,unmatched,,"[-0.6096693218837025, -0.4457254391332099, -0.5365245649855478, 0.37652827520711146]","[-0.49997257914922405, -0.500057303183672, -0.500006318446895, 0.4999637938338417]","[441.841341159009, 3.5728431868688806, 39.113394740613096]",4.579999999999864,100.0,0.0,"[63.1778070964429, 113.08174338300117, 113.08174338300118]",20
856,1018470395,settled,Qf4i_0007,unmatched,,"[0.4554128693224524, 0.3307092876332764, 0.45886088160517285, 0.6875152193668916]","[-8.949112267297998e-05, 0.00014592662878382123, 0.707133985589846, 0.7070795550152597]","[441.9522392550621, 39.11852749257783, 3.5811982650629273]",5.020000000000011,100.0,0.0,"[63.1778070964429, 117.662550510477, 117.66255051047702]",25
857,752446852,settled,Qf4i_0003,unmatched,,"[-0.7753197505773834, -0.339162850235583, 0.5320819122821735, -0.02714192341829914]","[-0.7070359799453104, -0.7071775641477345, 0.00012527274171847405, 1.164439296691411e-05]","[442.5284172400919, 39.12655176837608, 6.426699455309472]",4.6199999999998775,100.0,0.0,"[63.1778070964429, 126.16035505940721, 126.16035505940721]",22
858,3085755170,settled,Qf4i_0007,unmatched,,"[0.2870725734139959, 0.25024436237980596, -0.6767794375637842, -0.6300291180425219]","[-8.404424577390658e-05, -0.000123286506678727, -0.7070362571429115, -0.7071772824563475]","[442.1302901214838, 39.12379545661795, 3.5722830463009516]",4.439999999999817,100.0,0.0,"[63.1778070964429, 115.07504984276828, 115.07504984276828]",17
859,285489008,settled,Qf4i_0009,unmatched,,"[0.3494928370664176, -0.07694225131568626, 0.0618235084376707, -0.931725550044753]","[7.019030793325999e-05, -5.5501855617421155e-05, -1.5645456186029195e-05, -0.9999999958740422]","[441.88926248654064, 39.11576512207307, 3.5787232894033476]",4.639999999999884,100.0,0.0,"[63.1778070964429, 111.17412491217084, 111.17412491217085]",21
860,3332121111,settled,Qf4i_0016,unmatched,,"[0.3402458092039916, 0.33697252244392834, -0.8027813352863759, 0.3552807849472308]","[0.5000072448740365, 0.499983340209666, -0.499944500050686, 0.5000649072423802]","[442.4468795981653, 6.429891022501528, 40.88505568468919]",4.869999999999961,100.0,0.0,"[63.1778070964429, 119.00765827934272, 119.00765827934273]",41
861,4081109628,settled,Qf4i_0007,unmatched,,"[-0.12945047511210567, 0.16348273552005468, 0.7041245185904645, 0.6787669938939845]","[-0.00014974063545258878, -1.6845963645095722e-05, 0.7070639073012646, 0.7071496364177984]","[442.38550350969, 39.11734246153264, 3.5710824634125062]",4.629999999999881,100.0,0.0,"[63.1778070964429, 110.92054066458773, 110.92054066458775]",23
862,3384837160,settled,Qf4i_0009,unmatched,,"[0.2687275791925676, -0.16483984670014942, -0.14897767382090257, -0.9372400790747728]","[-5.241275125955625e-05, -0.0001706808423695772, -8.016715256202134e-06, -0.9999999840283428]","[442.3362398863368, 39.11128445245246, 3.5658693524427165]",4.849999999999954,100.0,0.0,"[63.1778070964429, 113.87319513319918, 113.87319513319919]",17
863,3022828123,settled,Qf4i_0003,unmatched,,"[0.3539696974690416, 0.8967636949489357, -0.13840987716161407, -0.22663414261605436]","[0.7071022800261776, 0.7071112692952922, 0.00013357912616768222, 2.3958278500907374e-05]","[442.44723661903305, 39.11977129659426, 6.424103241953478]",4.909999999999974,100.0,0.0,"[63.1778070964429, 128.3736687013125, 128.37366870131257]",14
864,2197473996,settled,Qf4i_0006,unmatched,,"[-0.29618725117093264, 0.23096601621633117, 0.8837445268345094, 0.27914767218627]","[-0.49998607091417574, 0.4999514310762072, 0.499987752274412, 0.5000747374465524]","[442.0994350337742, 3.5742919825954464, 40.89081058695014]",4.629999999999881,100.0,0.0,"[63.1778070964429, 118.86057771966979, 118.8605777196698]",28
865,2371567213,settled,Qf4i_0001,unmatched,,"[-0.8719734789042677, -0.21012196795995688, 0.2727863314750347, -0.3479922815647152]","[-0.9999999978051304, 2.8318815244026108e-05, -4.895008146955561e-05, 3.452062418984881e-05]","[442.34934870071373, 40.893317252174505, 6.428062081800964]",4.899999999999971,100.0,0.0,"[63.1778070964429, 121.30637579479776, 121.30637579479777]",27
866,292549026,settled,Qf4i_0005,unmatched,,"[-0.41240616483951276, -0.35153133331546, -0.1763722075237171, 0.8217297130523091]","[-0.5000073701099015, -0.5000327541245355, -0.4999397081570098, 0.5000201624397719]","[442.33446985795416, 3.575095194614027, 39.11489815077126]",4.579999999999864,100.0,0.0,"[63.1778070964429, 125.11507081221903, 125.115070812219]",24
867,94154559,settled,Qf4i_0007,unmatched,,"[-0.23853106088105577, -0.31041063527998763, -0.7544951487540574, -0.5267686788397972]","[-8.079199418947748e-06, -4.107407590037138e-05, -0.7071626428026707, -0.7070509139177952]","[442.1821016114653, 39.11828471157828, 3.5827719349878424]",4.849999999999954,100.0,0.0,"[63.1778070964429, 120.6865673473682, 120.68656734736821]",19
868,2674077932,settled,Qf4i_0009,unmatched,,"[0.24002683723339482, 0.1464301042618074, 0.022173247800655688, 0.9594027772815652]","[2.2147413205941824e-05, -0.00011215796890522271, -1.3498251168444792e-05, 0.9999999933739396]","[442.58082314838873, 39.11712223580529, 3.5699097582256867]",4.649999999999888,100.0,0.0,"[63.1778070964429, 114.60972993473514, 114.60972993473516]",22
869,616383569,settled,Qf4i_0007,unmatched,,"[-0.8750405999561124, -0.41172617187828964, 0.07875326495354029, -0.2420401435259313]","[-0.00014036224529706542, 1.79139718176069e-05, -0.7070676898837697, -0.7071458561711007]","[442.5616746367664, 39.13731615152199, 3.579042089084817]",5.260000000000091,100.0,0.0,"[63.1778070964429, 124.77484278556337, 124.77484278556335]",21
870,1209062005,settled,Qf4i_0015,unmatched,,"[0.701149044596514, -0.4604335593045607, 0.20497041658198253, 0.5043590814625407]","[0.5000140497544269, -0.49998489735271157, 0.500008499525102, 0.4999925528145715]","[442.4176071707765, 6.426258250192409, 39.11263318521196]",4.819999999999944,100.0,0.0,"[63.1778070964429, 125.01637433336438, 125.01637433336444]",16
871,3023774950,settled,Qf4i_0002,unmatched,,"[0.35215076468575207, 0.07578336168804366, -0.4051888740909775, -0.8402789401950909]","[0.7072423026553398, 6.290333162842697e-05, -0.00019975223777019674, -0.7069712027211483]","[442.3749825686616, 3.587474487120934, 40.87436500660931]",4.5899999999998675,100.0,0.0,"[63.1778070964429, 119.89848987389661, 119.89848987389662]",20
872,711993328,settled,Qf4i_0011,unmatched,,"[0.14145945968594764, -0.730383443588849, 0.6302754560840633, 0.22199571179344949]","[-1.776247094207049e-05, -0.7071822618248933, 0.7070312922640358, -2.0421115563225937e-06]","[442.20815568442856, 6.419228941265804, 40.88729723568917]",4.729999999999914,100.0,0.0,"[63.1778070964429, 128.13179115222803, 128.131791152228]",23
873,2494180298,settled,Qf4i_0004,unmatched,,"[0.5054583382569515, -0.6799397746818389, 0.34407924974820103, -0.4047261308401603]","[0.707090069547987, -0.7071234885096296, 3.39548985160143e-05, -6.626959748418093e-05]","[442.4729623770288, 40.89197214044053, 6.4260866967952195]",4.219999999999744,100.0,0.0,"[63.1778070964429, 122.44554092364193, 122.44554092364194]",28
874,2540672877,settled,Qf4i_0010,unmatched,,"[0.776589373390443, -0.15424382296249706, 0.6104496590694767, -0.02165645300857539]","[-3.143985274789276e-05, 7.169380385979586e-05, 0.99999999491942, 6.350349700927441e-05]","[441.8895567948263, 40.88871206219631, 3.571204911225149]",5.110000000000041,100.0,0.0,"[63.1778070964429, 123.48303353781417, 123.48303353781418]",14
875,3729267110,settled,Qf4i_0011,unmatched,,"[-0.3886037083533229, -0.7035834699448852, 0.5934766828956262, 0.041747880587701035]","[-0.0001397679841963604, -0.7071355148701215, 0.7070780285599965, -7.484642626808956e-05]","[442.0414739364118, 6.431842017237329, 40.884348089712155]",4.569999999999861,100.0,0.0,"[63.1778070964429, 126.51589235104008, 126.51589235104005]",22
876,2245489004,settled,Qf4i_0017,unmatched,,"[-0.7698115704787045, -0.1622092770394392, 0.35841225589542, -0.5026121280106651]","[-0.7071343838767743, 0.00010173484598758844, -1.456676819695292e-05, -0.707079169949904]","[442.63973667154715, 6.426434046107897, 39.1138438262109]",4.959999999999991,100.0,0.0,"[63.1778070964429, 129.1868535174277, 129.18685351742766]",25
877,732591320,settled,Qf4i_0006,unmatched,,"[0.5805538513683136, -0.32809511427750826, -0.26803236022996346, -0.6953196930320625]","[0.49995942932599613, -0.5001245589780536, -0.4999363849318602, -0.4999796051403444]","[442.21884533552566, 3.585767028716165, 40.8886731067291]",4.489999999999834,100.0,0.0,"[63.1778070964429, 130.3036272188307, 130.30362721883068]",23
878,20080919,settled,Qf4i_0012,unmatched,,"[0.34744503420333317, 0.4507829125682593, 0.8124848224943764, -0.12627401617198783]","[-5.7805858362915745e-05, 0.7070870739211961, 0.7071264855227779, -4.924281006110263e-06]","[442.5801968054056, 3.5949101348782193, 39.11568103930764]",4.749999999999921,100.0,0.0,"[63.1778070964429, 125.72480323528634, 125.72480323528632]",21
879,1914700835,settled,Qf4i_0001,unmatched,,"[0.8827138027193332, -0.15349909388919725, -0.3389577734260767, 0.2869878020021166]","[0.9999999681990765, -0.00021174598441605605, -0.00012532726065399508, 5.5304263885613825e-05]","[442.5618011489008, 40.88302875675552, 6.421990181629092]",4.849999999999954,100.0,0.0,"[63.1778070964429, 126.55620101828028, 126.55620101828028]",18
880,910532442,settled,Qf4i_0004,unmatched,,"[-0.7578845855451424, 0.5991817817734482, 0.25731973936574776, 0.019460193128720063]","[-0.7070605431884656, 0.7071530145305304, -2.568779544132038e-06, 4.795640641711006e-05]","[442.4849107235841, 40.892314178091134, 6.423766966940366]",4.629999999999881,100.0,0.0,"[63.1778070964429, 122.1405242914331, 122.1405242914331]",21
881,305688743,settled,Qf4i_0004,unmatched,,"[0.5088588775201294, -0.8379428703504597, 0.13612036932205998, 0.142778268141243]","[0.7070433497424703, -0.7071702064916641, 1.4609270112875272e-05, -2.054393341494043e-05]","[442.13676671178223, 40.89628184220045, 6.426431636748605]",4.509999999999841,100.0,0.0,"[63.1778070964429, 125.79615501733949, 125.79615501733946]",17
882,3833901011,settled,Qf4i_0006,unmatched,,"[0.6658115689949964, -0.5720634512106734, -0.07775283095098386, -0.4726445383800201]","[0.5000476035628585, -0.5000789004202771, -0.4997822180292384, -0.5000912137473161]","[442.2616852019379, 3.5827149846465907, 40.89372983771375]",4.509999999999841,100.0,0.0,"[63.1778070964429, 124.62626376044422, 124.62626376044422]",15
883,940842501,settled,Qf4i_0009,unmatched,,"[-0.15476270569017284, 0.261752323020326, -0.1287733230575111, 0.9439023559614871]","[-3.280437878133702e-05, 2.880882586207816e-06, 1.559232758851051e-05, 0.9999999993362263]","[442.323202189087, 39.120519140293, 3.5802698904679917]",4.739999999999918,100.0,0.0,"[63.1778070964429, 122.70907295959074, 122.70907295959076]",17
884,2720272236,settled,Qf4i_0001,unmatched,,"[-0.9339430194929941, 0.33644656385373783, -0.05642516677177487, -0.10663182717228038]","[-0.999999995242126, -8.662565163333292e-05, -8.59325077496476e-06, -4.4021592065845994e-05]","[442.06628341712275, 40.89196227489937, 6.426226072852547]",4.6199999999998775,100.0,0.0,"[63.1778070964429, 130.13713619905727, 130.13713619905724]",8
885,2174765832,settled,Qf4i_0004,unmatched,,"[0.7584658715267024, -0.4700288327205854, 0.10017222663587377, -0.44019080311993675]","[0.7070987640233664, -0.7071147930408814, -3.7502217218876595e-05, 7.728494647615826e-05]","[442.0213011805113, 40.89158362381787, 6.4215720281323785]",4.179999999999731,100.0,0.0,"[63.1778070964429, 118.3741535822754, 118.37415358227541]",21
886,1061608303,settled,Qf4i_0012,unmatched,,"[-0.4689307766989574, 0.36625135030648165, 0.7222223966399722, -0.35264526773346316]","[6.289435112491065e-05, 0.7072200475459888, 0.7069934929373176, -3.657377895538776e-05]","[442.25069332291616, 3.5799921603640246, 39.11201638877729]",4.429999999999814,100.0,0.0,"[63.1778070964429, 128.03862074435725, 128.03862074435722]",21
887,3154141855,settled,Qf4i_0011,unmatched,,"[0.27090988559165213, 0.4422585803127909, -0.7396988208773515, -0.4287899677243961]","[-6.29416872645267e-05, 0.7070435559034883, -0.7071699978820258, -1.3756111028217482e-05]","[442.14152973442464, 6.448632685400215, 40.885217622441544]",4.849999999999954,100.0,0.0,"[63.1778070964429, 119.46324636567432, 119.46324636567434]",30
888,2921790412,settled,Qf4i_0003,unmatched,,"[0.3416504075113855, 0.18124356735981575, -0.5118659550465788, -0.7670847491654661]","[0.7071258489890049, 0.7070876985451282, 7.587511745166253e-05, -0.0001204188512058113]","[442.07506532458143, 39.12362507092744, 6.420416685171824]",5.220000000000078,100.0,0.0,"[63.1778070964429, 118.9674079711033, 118.96740797110331]",22
889,2154312058,settled,Qf4i_0002,unmatched,,"[0.7256893593025631, -0.20402254438647918, -0.37672815407176513, -0.5383545793496913]","[0.7071078220106424, 8.73141666057349e-05, -5.848046105442458e-05, -0.7071057325518142]","[442.4293432037003, 3.5951745861235, 40.88587630123955]",4.809999999999941,100.0,0.0,"[63.1778070964429, 130.58653143060238, 130.58653143060238]",26
890,3592569166,settled,Qf4i_0012,unmatched,,"[0.10273452874389172, -0.7756451790115862, -0.5748782509724327, -0.2394476340219959]","[3.398901129439639e-05, -0.7070958167731157, -0.7071177444943424, 1.2959223330619298e-05]","[441.82738673004434, 3.574903343682795, 39.115291618168456]",4.399999999999804,100.0,0.0,"[63.1778070964429, 127.12621509450831, 127.12621509450831]",24
891,1454938154,settled,Qf4i_0009,unmatched,,"[-0.16718081934912513, 0.4446266140871033, -0.15011444180695008, 0.8670775063673264]","[-3.0048109898983544e-05, -7.65409064670962e-05, 2.317412621366147e-06, 0.9999999966166152]","[442.1597125508879, 39.11830224773995, 3.576980943320037]",4.609999999999874,100.0,0.0,"[63.1778070964429, 125.15646693438757, 125.15646693438754]",21
892,1296548187,settled,Qf4i_0006,unmatched,,"[0.31314276895349097, -0.5781882807260639, -0.5626663257674945, -0.5010454312040842]","[0.4999982847690073, -0.499958116280644, -0.5000114701769266, -0.5000321258525987]","[442.43738251790234, 3.585234278010111, 40.88614998571546]",4.749999999999921,100.0,0.0,"[63.1778070964429, 124.4674326664888, 124.46743266648882]",21
893,4254865545,settled,Qf4i_0003,unmatched,,"[-0.5867148895206743, -0.6821284832765666, 0.3941724191729146, 0.18733519338588187]","[-0.707114392836945, -0.7070991666608132, -4.694414639941358e-05, 4.1793176318277725e-05]","[442.4716284056597, 39.12117539445967, 6.419854881967922]",4.799999999999938,100.0,0.0,"[63.1778070964429, 116.12422156207919, 116.1242215620792]",18
894,1038362872,settled,Qf4i_0005,unmatched,,"[0.4220587536149921, 0.2365411686124719, 0.34472372914068605, -0.8044129751662044]","[0.4999741438916662, 0.4999209180910157, 0.5001376874415543, -0.4999672236211546]","[442.12929710696307, 3.579500811871857, 39.1150789672244]",4.689999999999901,100.0,0.0,"[63.1778070964429, 121.97345308148827, 121.97345308148829]",28
895,2137408216,settled,Qf4i_0013,unmatched,,"[-0.15315413144856377, 0.9076297849365145, -0.3780756789344609, -0.09904931354925715]","[-3.704040185401798e-05, 0.9999999907587325, 0.00012123012715453685, 4.913043981882998e-05]","[441.99762273035395, 39.1112221002215, 6.419661272356301]",4.869999999999961,100.0,0.0,"[63.1778070964429, 115.55475678848694, 115.55475678848696]",18
896,2161823873,settled,Qf4i_0006,unmatched,,"[-0.5223970600271564, 0.3040328086274699, 0.5806908141981769, 0.5454021830346245]","[-0.4999973764076414, 0.49999272968673664, 0.5000169398963519, 0.49999295361291773]","[441.90700908818667, 3.579222128909883, 40.88390184492594]",4.229999999999747,100.0,0.0,"[63.1778070964429, 120.90057567996911, 120.90057567996912]",22
897,611351195,settled,Qf4i_0013,unmatched,,"[-0.04573037853383769, 0.8616864055672583, 0.18915695116025852, -0.46864156747719876]","[1.827338877436186e-05, 0.999999990139863, -6.266959390904825e-05, -0.00012433374171381902]","[441.9198986843194, 39.11228985599676, 6.419080350262844]",4.659999999999891,100.0,0.0,"[63.1778070964429, 121.19376284888841, 121.19376284888843]",22
898,2763017489,settled,Qf4i_0004,unmatched,,"[-0.42473500215462706, 0.8115024029006092, -0.06368051566992698, -0.39624338474636855]","[-0.7071070842291656, 0.7071064762625586, 3.786249351195315e-05, -3.5027235089357685e-05]","[442.3934871961264, 40.88310425454872, 6.427931878660149]",4.919999999999978,100.0,0.0,"[63.1778070964429, 126.34284602134369, 126.34284602134366]",13
899,2132063619,settled,Qf4i_0003,unmatched,,"[0.5955343919741106, 0.7230138530547521, -0.2696667085859822, 0.2233150746083904]","[0.7070955804525413, 0.7071179762317005, -8.265145673863607e-05, 3.103554092037664e-05]","[442.3598221244424, 39.122595212855046, 6.424631545318738]",4.779999999999931,100.0,0.0,"[63.1778070964429, 111.57759973236897, 111.57759973236895]",23
900,1360639973,settled,Qf4i_0007,unmatched,,"[-0.1489656769715508, -0.1288165080424097, 0.7582996753381918, 0.621447613819669]","[9.01012713792615e-05, -1.2552172281854457e-06, 0.7070196508793466, 0.7071938950179311]","[441.8665475088996, 39.126116326662746, 3.574164227991526]",4.519999999999844,100.0,0.0,"[63.1778070964429, 119.09060110511278, 119.0906011051128]",14
901,1669509337,settled,Qf4i_0009,unmatched,,"[-0.015275918508966315, 0.1874018656583203, -0.11433169238248563, 0.9754872890911727]","[-5.0257658396613e-05, 2.234815832498439e-05, 1.3380657497899662e-05, 0.9999999983978428]","[442.6518827272157, 39.127480356994575, 3.574588410701667]",4.599999999999871,100.0,0.0,"[63.1778070964429, 120.22148359015037, 120.22148359015037]",15
902,582273668,settled,Qf4i_0011,unmatched,,"[-0.006376614660577938, 0.509344379935385, -0.8209002523185972, -0.258167420789247]","[1.5215509113363584e-05, 0.7071805649831692, -0.7070329778286468, -0.00012861310356522004]","[441.97644800818955, 6.429850207530271, 40.88753242053874]",4.639999999999884,100.0,0.0,"[63.1778070964429, 119.18305463687433, 119.18305463687435]",28
903,680248275,settled,Qf4i_0013,unmatched,,"[0.06401976516295559, -0.8705445669058692, -0.015573167883228054, -0.4876587978712505]","[-7.454863884612495e-05, -0.9999999970317425, -1.9270211522037783e-05, -2.7702780755496225e-06]","[442.4927957023984, 39.11643854307731, 6.426257571631198]",4.309999999999774,100.0,0.0,"[63.1778070964429, 115.74131062573488, 115.7413106257349]",24
904,2896868767,settled,Qf4i_0009,unmatched,,"[-0.08519660861891312, 0.3927029312463917, 0.12431391456233111, 0.9072331543305265]","[-0.0001046901678437018, -1.2420199431181457e-05, -3.2633729181987534e-05, 0.9999999939103736]","[442.3883399955505, 39.12120446424926, 3.5747145814803565]",4.829999999999948,100.0,0.0,"[63.1778070964429, 117.15482507951053, 117.15482507951054]",17
905,3134066944,settled,Qf4i_0002,unmatched,,"[0.37534820722239215, 0.6025807220421286, -0.4933938528436443, -0.5025661177737984]","[0.7072170272883425, -0.0001410349826495184, 7.557939265238838e-06, -0.7069965037858754]","[442.5802601443748, 3.6061136291520266, 40.89302729352309]",4.489999999999834,100.0,0.0,"[63.1778070964429, 121.70194801549995, 121.70194801549995]",24
906,405083464,settled,Qf4i_0007,unmatched,,"[0.25971912770264904, -0.31468704929943936, -0.8472140700697216, -0.34021516013323705]","[-1.0480104210230936e-05, -2.2392181272118398e-05, -0.707096578560898, -0.7071169832327814]","[442.5685415944051, 39.121166231917, 3.5828255354227836]",4.969999999999994,100.0,0.0,"[63.1778070964429, 115.78726004626994, 115.78726004626995]",21
907,897742626,settled,Qf4i_0003,unmatched,,"[0.626555782251434, 0.7589459830048849, -0.1386752386173409, -0.11044466851082534]","[0.7071118184132392, 0.7071017206080141, -3.8098816162679405e-05, -0.00017754432794941932]","[441.8632660460784, 39.12116862199594, 6.4299592214942765]",4.5599999999998575,100.0,0.0,"[63.1778070964429, 118.47020720581799, 118.470207205818]",17
908,480836371,settled,Qf4i_0003,unmatched,,"[-0.39743928281978835, -0.8706917564322766, -0.2664878160766326, -0.113675527864515]","[-0.7071188208615374, -0.7070947402828347, 1.53276898230692e-05, -3.482530210935364e-05]","[442.4966617756003, 39.122008945862724, 6.4205079118623205]",4.539999999999851,100.0,0.0,"[63.1778070964429, 124.68863038029643, 124.68863038029644]",12
909,4082109974,settled,Qf4i_0005,unmatched,,"[-0.35956502737734314, -0.6791764426160904, -0.41884548866301663, 0.48373629955702296]","[-0.49996704086827964, -0.4999207599336586, -0.5000386673519024, 0.5000735175808683]","[441.9775913065143, 3.5930113476881944, 39.10897001055633]",4.369999999999794,100.0,0.0,"[63.1778070964429, 120.00344911959894, 120.00344911959895]",18
910,163555050,settled,Qf4i_0010,unmatched,,"[-0.08549674306774306, -0.25654355067407436, -0.9235012688874048, -0.2720682265456595]","[-6.202128208378781e-07, 1.2517626450880837e-05, -0.9999999982801256, -5.729461695621612e-05]","[442.1920196380141, 40.8986874517774, 3.5821311333579278]",4.579999999999864,100.0,0.0,"[63.1778070964429, 125.06101815945675, 125.06101815945672]",18
911,3400140363,settled,Qf4i_0005,unmatched,,"[0.298407216867827, 0.6810207916951393, -0.18813418040157473, -0.6416925621859357]","[0.49996244101759746, 0.49997243024922544, 0.5000735893540641, -0.49999153172124]","[441.9327333306179, 3.5975990557017, 39.12101466657924]",4.4999999999998375,100.0,0.0,"[63.1778070964429, 129.3189231486369, 129.31892314863688]",21
912,3646276102,settled,Qf4i_0008,unmatched,,"[0.1578073356304914, -0.029444688123654007, -0.8111580053567837, 0.5623633571883132]","[-1.898876760869639e-05, 9.737212108895665e-06, -0.7071107717902331, 0.707102790238332]","[442.042807852071, 40.89285992653954, 3.5788683991744668]",4.569999999999861,100.0,0.0,"[63.1778070964429, 126.18051987983623, 126.1805198798362]",13
913,3701323139,settled,Qf4i_0004,unmatched,,"[0.43512701954760485, -0.8749978402768437, 0.017281183183099957, 0.21152923457118053]","[0.7070098308881942, -0.7072037167675851, -1.7637311500839914e-05, -4.130963089588047e-05]","[441.93999561522384, 40.89102705258567, 6.4269477076260575]",4.629999999999881,100.0,0.0,"[63.1778070964429, 129.20150467597526, 129.20150467597526]",20
914,1849545706,settled,Qf4i_0009,unmatched,,"[-0.1443496569257474, -0.07006434235886033, -0.13212818355624098, -0.9781596534233906]","[-2.9621161569681753e-05, -5.598109614497681e-06, 4.1685116325476234e-05, -0.9999999986767996]","[442.2433445372648, 39.117355839322535, 3.5790745895315954]",4.509999999999841,100.0,0.0,"[63.1778070964429, 121.42539109269696, 121.42539109269697]",21
915,3498837148,unsettled,,not_evaluated,,"[-0.5578877223062083, -0.13152919957495132, 0.7954835629912004, 0.19663992465923258]","[-1.943838070996364e-05, 0.3821260295988398, 0.9241102174147408, 5.652306294497146e-05]","[442.0691720813716, 31.468610508613985, 30.15588312784265]",3.9199999999996793,100.0,0.0,"[63.1778070964429, 127.03353215008042, 127.03353215008042]",28
916,1014845009,settled,Qf4i_0003,unmatched,,"[-0.745802360550032, -0.5147483048332637, -0.3726324374151737, -0.19989519317709512]","[-0.7071951039941272, -0.7070184472134894, 2.5826792522387625e-06, 1.3412375684251911e-05]","[441.93595618573073, 39.12650212043463, 6.429130919978831]",4.489999999999834,100.0,0.0,"[63.1778070964429, 124.8266041741781, 124.82660417417812]",22
917,2482104573,unsettled,,not_evaluated,,"[0.3913632031713356, -0.4132908864732887, 0.05822251723444586, -0.8201436611036385]","[0.4436841439116084, 1.0141560970579974e-05, 3.659938414571935e-06, -0.8961832292144151]","[442.33273898040204, 26.563382614433355, 34.67799111619259]",4.399999999999804,100.0,0.0,"[63.1778070964429, 128.03825668137168, 128.03825668137165]",27
918,3315867884,settled,Qf4i_0005,unmatched,,"[-0.1839291797226305, -0.6204871287494828, -0.28946619847613464, 0.7052482540514071]","[-0.4999705947194237, -0.5000127422838152, -0.49996203954624135, 0.5000546179993616]","[442.4274724729534, 3.5924503228825477, 39.108724271147295]",4.439999999999817,100.0,0.0,"[63.1778070964429, 115.59121640315404, 115.59121640315405]",18
919,3442982133,settled,Qf4i_0008,unmatched,,"[0.23981023435833115, -0.548473364990924, -0.29699985204060114, 0.7439483229905124]","[0.00012302001938407914, 4.060853907300599e-05, -0.7071800712472571, 0.7070334716601088]","[442.64416585745454, 40.88805898967333, 3.57853946867763]",4.489999999999834,100.0,0.0,"[63.1778070964429, 129.4479080332689, 129.4479080332689]",12
920,1199431505,settled,Qf4i_0001,unmatched,,"[-0.8158875984840971, -0.2102551437771241, 0.5335186587691745, 0.07401379533745744]","[-0.9999999978246484, 2.88123888219739e-05, 5.713699655582713e-05, 1.5997284874391674e-05]","[442.14353624748554, 40.891367429225646, 6.42180461926525]",4.959999999999991,100.0,0.0,"[63.1778070964429, 126.70802456590086, 126.70802456590083]",27
921,632241106,settled,Qf4i_0011,unmatched,,"[0.3439409857046222, -0.642522102943294, 0.42830294546408776, -0.5342532475227891]","[1.5556651793096273e-05, -0.7071566482588143, 0.707056910336585, -1.1253120698926252e-05]","[442.1323425358598, 6.4257051723475636, 40.889545362352955]",4.359999999999791,100.0,0.0,"[63.1778070964429, 126.66392932490811, 126.66392932490811]",25
922,2435629658,settled,Qf4i_0013,unmatched,,"[0.06889857665360942, -0.9502832120531101, 0.29954207769895674, 0.04989335339424206]","[-2.667058534179638e-06, -0.9999999994484099, -1.6033240418988903e-05, -2.8965537355391423e-05]","[442.28794895145273, 39.11690828676026, 6.425383577029199]",4.759999999999924,100.0,0.0,"[63.1778070964429, 112.26741228675047, 112.26741228675046]",30
923,532196825,settled,Qf4i_0003,unmatched,,"[-0.6950144125489437, -0.5621898949957045, 0.04051416346358294, 0.446381104968402]","[-0.7070717217734978, -0.7071418376231504, 3.2118372017192476e-05, 2.682583896074231e-05]","[442.32062965602523, 39.11519830967981, 6.427324478741763]",4.659999999999891,100.0,0.0,"[63.1778070964429, 121.2140648467704, 121.21406484677041]",22
924,1237745114,settled,Qf4i_0002,unmatched,,"[0.5054962235886736, -0.15892594248449782, 0.059291712564358896, -0.8459909015847566]","[0.7070858045188283, 3.0233362473748343e-06, -2.0688256477997426e-05, -0.7071277569229034]","[442.0476135863877, 3.5953804216484126, 40.880475880217105]",4.789999999999934,100.0,0.0,"[63.1778070964429, 118.56201749797647, 118.56201749797648]",14
925,3654135522,settled,Qf4i_0012,unmatched,,"[-0.17188747446428582, -0.802046862922551, -0.5512943459664053, 0.15247973604337633]","[-0.00012672014330409356, -0.7071447625198068, -0.7070687708766284, -0.00014843795081986773]","[442.6448357279149, 3.5843541804076033, 39.11017370091622]",4.5599999999998575,100.0,0.0,"[63.1778070964429, 124.4500381828261, 124.45003818282612]",24
926,2381318096,settled,Qf4i_0016,unmatched,,"[-0.5170317207267107, -0.3574316863165864, 0.7774632856296821, -0.021717018146083986]","[-0.49996776744053395, -0.500019802724578, 0.5000408147322714, -0.4999716111997645]","[441.9226295096463, 6.432455325687116, 40.88717164415771]",5.0600000000000245,100.0,0.0,"[63.1778070964429, 128.7717806727626, 128.77178067276265]",27
927,4252327569,settled,Qf4i_0015,unmatched,,"[-0.5938434617044568, 0.29873492790902884, -0.7069009853476849, -0.24165757333989488]","[-0.4998833345868232, 0.5000867803862469, -0.49996437947190964, -0.5000654788570636]","[442.39307203976773, 6.432679785120614, 39.11326284065805]",4.379999999999797,100.0,0.0,"[63.1778070964429, 117.14600066480163, 117.14600066480165]",21
928,448373238,settled,Qf4i_0015,unmatched,,"[0.7884541013488514, -0.40302143424833886, 0.28563962431868045, 0.36650219456596705]","[0.4999437279774412, -0.5000723201938027, 0.5000324947396015, 0.49995144527893487]","[442.0879387999673, 6.427333581103163, 39.11965778579712]",4.739999999999918,100.0,0.0,"[63.1778070964429, 119.13346773461383, 119.13346773461382]",24
929,4163985961,settled,Qf4i_0007,unmatched,,"[-0.20818845328680213, -0.43720394741641244, -0.3935430195887992, -0.7814308465977562]","[-9.830612292754948e-05, -1.3057812978917172e-05, -0.7070370195415364, -0.707176528996276]","[442.2073407977872, 39.12071435393465, 3.574428431726954]",4.939999999999984,100.0,0.0,"[63.1778070964429, 127.56257863870671, 127.56257863870671]",31
930,1782478245,settled,Qf4i_0001,unmatched,,"[0.982926824091041, -0.15458372000973902, -0.09896879710297664, 0.012802702458472474]","[0.9999999939179445, 6.641922281049518e-05, 4.317937624125642e-05, -7.673421243864498e-05]","[442.6363608676091, 40.89177253795508, 6.422156822831142]",4.5899999999998675,100.0,0.0,"[63.1778070964429, 124.1774868630466, 124.17748686304661]",24
931,1354485428,settled,Qf4i_0002,unmatched,,"[0.6252493974171248, -0.5377268504911364, 0.15699341782723672, -0.543383926933184]","[0.7070649843681278, 5.425404096313099e-05, -3.725635403900234e-06, -0.7071485734434583]","[442.14035011230607, 3.5768652245223715, 40.88310592801661]",5.040000000000018,100.0,0.0,"[63.1778070964429, 125.57661942930923, 125.57661942930923]",27
932,1539041800,settled,Qf4i_0015,unmatched,,"[0.5189080859766876, -0.3427938742346433, 0.5790952658656788, 0.5271389106745705]","[0.4999887561114963, -0.4999468531620368, 0.5000672328132838, 0.49999715043380055]","[442.1762557933544, 6.4348802246748456, 39.108437567707185]",4.669999999999894,100.0,0.0,"[63.1778070964429, 117.03226867477245, 117.03226867477247]",16
933,4907026,settled,Qf4i_0002,unmatched,,"[0.8033477739737046, -0.29541706437491144, -0.23093159359111526, -0.4626356138572464]","[0.7071269672052001, 2.4399496225054382e-05, 8.601037111548936e-07, -0.7070865941701205]","[442.14615141540725, 3.583036305608224, 40.88928250769391]",4.919999999999978,100.0,0.0,"[63.1778070964429, 126.85883678882142, 126.85883678882142]",24
934,3726456469,settled,Qf4i_0002,unmatched,,"[0.5807768950428274, -0.04906896716112144, -0.23937648823391416, -0.776523876984444]","[0.7070646904404239, -5.1540634296886477e-05, -2.9502039561307087e-05, -0.707148866933675]","[442.0936445408745, 3.6037647299596713, 40.88202839952869]",4.6199999999998775,100.0,0.0,"[63.1778070964429, 124.25905395814199, 124.259053958142]",24
935,2047942954,settled,Qf4i_0008,unmatched,,"[-0.28294765020971263, -0.1436882472102388, 0.5005332941519883, -0.8054568494337921]","[-5.190600276791524e-05, -0.0001225678907130212, 0.7071549441237781, -0.7070586024398369]","[442.25352567471265, 40.886843254405626, 3.5802930764255168]",4.279999999999764,100.0,0.0,"[63.1778070964429, 119.4580441549357, 119.45804415493572]",24
936,4254301963,settled,Qf4i_0009,unmatched,,"[0.3038722453484271, -0.025687035362984778, 0.16983128235100062, -0.9371014727638521]","[4.633526484765227e-05, -0.00024503509804572757, -1.4106857635512023e-05, -0.9999999688059198]","[442.1855014819709, 39.114859135595594, 3.577223348866454]",4.4699999999998274,100.0,0.0,"[63.1778070964429, 118.00217592191926, 118.00217592191927]",14
937,1459226125,settled,Qf4i_0011,unmatched,,"[0.4604083854515282, 0.5448114214671944, -0.6943530242693504, -0.09528122235162023]","[-2.458261073906193e-05, 0.7070714889927545, -0.7071420711093639, 1.0789983029899658e-05]","[442.2144647994111, 6.439945071041099, 40.88485222042944]",4.599999999999871,100.0,0.0,"[63.1778070964429, 129.2415416682846, 129.24154166828458]",25
938,1841421639,settled,Qf4i_0003,unmatched,,"[0.7090456664466742, 0.46634607542200573, -0.4944423411910551, -0.18788920157686734]","[0.7072063798968, 0.7070071393379135, -2.378437655226051e-05, 0.0002014765160691101]","[442.4626981081377, 39.12299149967914, 6.427478527347118]",4.779999999999931,100.0,0.0,"[63.1778070964429, 127.3114374211795, 127.31143742117956]",18
939,3160233957,settled,Qf4i_0013,unmatched,,"[0.3129738432553121, 0.8901846929444, 0.08598840649996693, -0.3197257885017726]","[-2.7968001911105886e-06, 0.9999999998589169, -2.7896324365506157e-06, 1.6326738214759327e-05]","[442.2761373565779, 39.12157934133167, 6.424443451596456]",4.799999999999938,100.0,0.0,"[63.1778070964429, 124.49014712191709, 124.4901471219171]",27
940,3176744478,settled,Qf4i_0017,unmatched,,"[0.9411517485950612, -0.005105745018358934, 0.06893140360805404, 0.3308410178331731]","[0.7070937125038066, 1.600736459341323e-05, 2.4486586324133883e-06, 0.7071198494423365]","[442.5262925033526, 6.440032965366611, 39.11758199745552]",4.359999999999791,100.0,0.0,"[63.1778070964429, 110.05776621613931, 110.05776621613933]",28
941,1176149115,settled,Qf4i_0005,unmatched,,"[0.21298006003399966, 0.68283184635136, 0.45358883626869745, -0.5316364653113214]","[0.4998950214381579, 0.49998564342411533, 0.49999947321868204, -0.5001198363314113]","[442.0195280087782, 3.574700219737381, 39.1160537557507]",4.419999999999811,100.0,0.0,"[63.1778070964429, 124.18654911283123, 124.18654911283124]",29
942,1821676408,settled,Qf4i_0015,unmatched,,"[-0.4913145553095996, 0.46595232564875577, -0.7080044099470261, -0.20056967233111198]","[-0.500036366313272, 0.49997260435620033, -0.49996722074569916, -0.5000238048706472]","[441.9149278127713, 6.42381878814461, 39.111833285069984]",4.4699999999998274,100.0,0.0,"[63.1778070964429, 126.44824308702246, 126.44824308702246]",23
943,3127130715,settled,Qf4i_0013,unmatched,,"[-0.198134299826156, -0.8317782014430749, -0.12616575606531844, -0.5029612557970933]","[9.631796019048225e-05, -0.9999999751419604, 0.0001989330222471608, -2.940377023436283e-05]","[441.87214152636335, 39.12192018104239, 6.4193426817177395]",4.389999999999801,100.0,0.0,"[63.1778070964429, 125.40216349946309, 125.40216349946307]",16
944,945943334,settled,Qf4i_0009,unmatched,,"[0.10215366597241832, -0.5032207212506908, 0.015334375666051182, 0.8579617655555885]","[2.085632417880845e-06, -8.036917586639629e-05, 9.895039984697695e-07, 0.9999999967677333]","[442.27427252758986, 39.10945618236404, 3.5763765212970533]",4.369999999999794,100.0,0.0,"[63.1778070964429, 115.34265833387744, 115.34265833387745]",11
945,1696026980,settled,Qf4i_0006,unmatched,,"[-0.41595288256800134, 0.11589643483537436, 0.8825609318024368, 0.1861113041484448]","[-0.49998056130641383, 0.5000415223083711, 0.5000169056210249, 0.49996100685596034]","[442.1634194563946, 3.5937114505575978, 40.877830057779164]",4.519999999999844,100.0,0.0,"[63.1778070964429, 120.02936229782445, 120.02936229782446]",26
946,517407065,settled,Qf4i_0002,unmatched,,"[0.7637132916041776, -0.009298409402024383, 0.35026757211793114, -0.5421883212798986]","[0.7071693298760612, 2.9909498695576744e-05, -1.2409009122539218e-06, -0.707044226329955]","[442.0305116282345, 3.5763979040105145, 40.884265971043355]",4.459999999999824,100.0,0.0,"[63.1778070964429, 128.43976009825724, 128.4397600982573]",22
947,2860701354,settled,Qf4i_0004,unmatched,,"[-0.8367152485523688, 0.5350335570810564, 5.9400040692597696e-05, 0.11681901432889721]","[-0.7070479395707481, 0.7071656132836446, 4.78373559274492e-05, 6.518829714585728e-05]","[441.8476216832137, 40.88873568382462, 6.4241399365389595]",4.5599999999998575,100.0,0.0,"[63.1778070964429, 126.37864061475379, 126.37864061475376]",20
948,2049044537,settled,Qf4i_0013,unmatched,,"[0.0987533718354664, -0.901992500056389, 0.3962240127370742, 0.14022779012621636]","[-4.07293189274575e-05, -0.999999990205858, -2.0900649909949557e-05, 0.00013225947784263153]","[442.536471939824, 39.11519120546561, 6.424412909074737]",4.779999999999931,100.0,0.0,"[63.1778070964429, 117.91314306139517, 117.91314306139516]",18
949,3277919375,settled,Qf4i_0001,unmatched,,"[-0.9358033684590618, -0.33506737411673654, 0.0347045930592444, -0.10391102734445888]","[-0.9999999939800874, 2.4746476809788724e-05, 8.836621018447929e-05, -6.015687837290784e-05]","[442.37306378166517, 40.899068001489596, 6.415963469699925]",4.649999999999888,100.0,0.0,"[63.1778070964429, 129.17891565986199, 129.17891565986196]",21
950,3767874527,settled,Qf4i_0012,unmatched,,"[0.29572191510327905, -0.5850125236040742, -0.7368775949800176, -0.1652885542634663]","[-6.094493418318462e-06, -0.7070228644385742, -0.70719068781906, 1.3635815330760616e-05]","[441.8639212990529, 3.5794849002486786, 39.113440213706276]",4.369999999999794,100.0,0.0,"[63.1778070964429, 128.83843546201734, 128.83843546201734]",37
951,2604283791,settled,Qf4i_0017,unmatched,,"[-0.7630191667262589, -0.17467652330325062, -0.5594042469053924, -0.2726843449104938]","[-0.707133839386392, -0.00010243109919668656, -9.257962740949137e-05, -0.7070797084710768]","[442.31847743807174, 6.423413484355367, 39.11786573229063]",4.409999999999807,100.0,0.0,"[63.1778070964429, 128.79859049076052, 128.7985904907605]",24
952,1406294563,settled,Qf4i_0009,unmatched,,"[-0.15589463678544954, -0.12868922420085716, 0.17568740712833444, 0.963467633484715]","[5.458692723164793e-05, -9.797088215339818e-05, -7.687903156505127e-05, 0.9999999907557942]","[442.41327390072394, 39.1181370984497, 3.5625249559369903]",4.5299999999998475,100.0,0.0,"[63.1778070964429, 123.23189476951681, 123.23189476951681]",25
953,44424466,settled,Qf4i_0012,unmatched,,"[0.3941199706189341, -0.3608479463958368, -0.7637214424601282, 0.3621985183126224]","[4.462684935856686e-05, -0.7070384190257796, -0.7071751352004914, 1.3569720171627796e-05]","[442.1825030155042, 3.576742846538906, 39.11508493802363]",4.639999999999884,100.0,0.0,"[63.1778070964429, 127.4210086155563, 127.4210086155563]",28
954,1713030523,settled,Qf4i_0001,unmatched,,"[-0.965612442120421, 0.16876771383453884, -0.1626224548640008, 0.11253447277748073]","[-0.9999999709075985, -0.00015368173058449285, 0.00016447875721559783, 8.668025388347546e-05]","[442.2887839548151, 40.888955735171386, 6.422408794382349]",4.6199999999998775,100.0,0.0,"[63.1778070964429, 125.63566735549206, 125.63566735549203]",19
955,539293064,settled,Qf4i_0007,unmatched,,"[0.3601778551839492, -0.09994546774870804, 0.7619420111283524, 0.5288924160821971]","[6.691979809680948e-06, -4.7012652019118306e-05, 0.7069680488596468, 0.7072454847057082]","[442.2992610293699, 39.13464570071023, 3.5779993944219033]",4.609999999999874,100.0,0.0,"[63.1778070964429, 122.04068419139962, 122.04068419139963]",26
956,409549919,settled,Qf4i_0005,unmatched,,"[-0.12781638378808588, 0.7504596205993281, -0.34172492240734204, -0.5510874769861365]","[0.49992337880595533, 0.49993456530630853, 0.49994661174265526, -0.5001953929638582]","[441.9834376873967, 3.584067378277066, 39.11479132678056]",4.379999999999797,100.0,0.0,"[63.1778070964429, 124.71247138502754, 124.71247138502754]",11
957,1998402436,settled,Qf4i_0013,unmatched,,"[0.04250734306132721, -0.9165292873697363, -0.17463643493482933, -0.3573084196777952]","[3.177663919628639e-05, -0.9999999990702878, -2.8963705020979003e-05, -3.2822773550899905e-06]","[442.40862370287164, 39.11661514840904, 6.422736136415804]",4.509999999999841,100.0,0.0,"[63.1778070964429, 115.82194995332804, 115.82194995332806]",15
958,1646097515,settled,Qf4i_0006,unmatched,,"[-0.2630617164172866, 0.5050333130958403, 0.785657284547487, 0.24183158862418952]","[-0.4999752383709114, 0.5000496076712766, 0.49997412894670357, 0.5000010212666948]","[442.34722030224174, 3.5781345721670883, 40.87694330766979]",4.929999999999981,100.0,0.0,"[63.1778070964429, 126.9177667412647, 126.91776674126476]",24
959,339018233,settled,Qf4i_0003,unmatched,,"[0.6029047267049746, 0.6862009194018124, -0.308242769892203, 0.26574533587269156]","[0.7071075036623354, 0.707106057968674, 1.9234471612006306e-05, -2.60472217644414e-05]","[441.91698979643826, 39.11729317251765, 6.422418328288757]",4.729999999999914,100.0,0.0,"[63.1778070964429, 111.30995255371582, 111.30995255371583]",22
960,4191144452,settled,Qf4i_0002,unmatched,,"[-0.8802459513021449, -0.08330896156144689, -0.16608516754831343, 0.4366261550344685]","[-0.707101798122854, 0.00010484914947614332, -1.1989932655546372e-05, 0.7071117563400598]","[442.0918869109108, 3.573378603065811, 40.88966657337324]",4.519999999999844,100.0,0.0,"[63.1778070964429, 120.91008952492385, 120.91008952492383]",26
961,2181600747,settled,Qf4i_0001,unmatched,,"[0.9275709258668005, 0.08697132850709806, -0.32813304736827575, -0.15613093456815608]","[0.999999996352869, 3.4118595041145834e-05, -7.362926723068979e-05, 2.662545523690607e-05]","[442.2001077804169, 40.884317487248005, 6.425339097882968]",4.579999999999864,100.0,0.0,"[63.1778070964429, 122.13517023043005, 122.13517023043006]",19
962,3323234542,unsettled,,not_evaluated,,"[-0.08017064571695091, -0.3550445554208694, -0.9142289434921265, -0.17804906658726002]","[-7.88244847000656e-06, -0.4749089840650442, -0.8800349179065062, 7.5804725617291204e-06]","[442.04114831289894, 25.437726600194075, 34.654383420462885]",3.9899999999996716,100.0,0.0,"[63.1778070964429, 117.87617740710441, 117.87617740710441]",24
963,1792986731,settled,Qf4i_0003,unmatched,,"[-0.5692068889460848, -0.6151083552423721, 0.2128356235893417, 0.5023407471215919]","[-0.7071286197907733, -0.7070849005320385, -0.00017557458706551898, 0.00016639097790352442]","[442.17190919261407, 39.116739502254475, 6.416360605270011]",4.799999999999938,100.0,0.0,"[63.1778070964429, 124.09259265250722, 124.09259265250722]",22
964,3396828661,settled,Qf4i_0011,unmatched,,"[-0.4385289352711518, 0.5485884905873648, -0.7022745891188045, 0.11641925271638232]","[-7.079567072685932e-05, 0.7071970928167972, -0.7070164544606818, -4.6140908281239664e-06]","[442.39416248524174, 6.423263119997805, 40.88677783269064]",4.669999999999894,100.0,0.0,"[63.1778070964429, 127.53277947073293, 127.5327794707329]",26
965,2901089897,settled,Qf4i_0017,unmatched,,"[0.4190709948200383, 0.3272250406963257, 0.28175293110921773, 0.7986980404716139]","[0.7071551184695924, 1.6826828446473716e-05, 1.4753856862603155e-06, 0.707058440397212]","[442.10591079319806, 6.424136290980028, 39.11611942401226]",4.579999999999864,100.0,0.0,"[63.1778070964429, 123.32328151010525, 123.32328151010525]",25
966,1777789208,settled,Qf4i_0015,unmatched,,"[0.6411688332735277, -0.4390430396314748, 0.5150426975449305, 0.3617661624522945]","[0.4999934717141475, -0.5000470947890304, 0.49995177322418033, 0.5000076556276738]","[442.0777338080759, 6.426507550942543, 39.11002678008392]",4.359999999999791,100.0,0.0,"[63.1778070964429, 112.75884266552295, 112.75884266552293]",31
967,4293855749,settled,Qf4i_0005,unmatched,,"[0.5166972535183565, 0.6321968208504625, 0.5736405816836968, -0.06547985154798126]","[0.49996804961409047, 0.5000287501359857, 0.499885833854789, -0.5001173377456822]","[442.1830418401125, 3.5819823461953093, 39.109667453765844]",4.329999999999781,100.0,0.0,"[63.1778070964429, 126.99945046743433, 126.99945046743433]",27
968,2977016398,settled,Qf4i_0015,unmatched,,"[-0.7697554513004683, 0.271934197101798, -0.5773849482776028, -0.012448258604438496]","[-0.5000021905933821, 0.49999268218737253, -0.5000623056497211, -0.4999428143589836]","[442.0490195562867, 6.426163071285955, 39.110909353829925]",4.489999999999834,100.0,0.0,"[63.1778070964429, 126.20706805546233, 126.20706805546233]",23
969,3277550680,settled,Qf4i_0004,unmatched,,"[0.8795958511380817, -0.404251198907489, 0.18305854803349653, -0.17141083639723378]","[0.7071292858117113, -0.7070842714277421, 6.89686109184573e-05, -3.860374542946632e-05]","[442.1325755593667, 40.88980157635487, 6.425911893985597]",4.4699999999998274,100.0,0.0,"[63.1778070964429, 130.02259565659173, 130.0225956565917]",17
970,3168146097,settled,Qf4i_0002,unmatched,,"[0.4713364866275963, -0.5102437468845695, 0.132809033664927, -0.707004240238867]","[0.7070483082840184, 5.064993387340911e-06, -0.0001093068701473018, -0.7071652407882204]","[441.92231583135435, 3.582145423242769, 40.8837023468756]",4.990000000000001,100.0,0.0,"[63.1778070964429, 130.00701930141517, 130.00701930141514]",27
971,2312136952,settled,Qf4i_0007,unmatched,,"[-0.238977339792555, -0.18809170192532146, -0.5365157169026477, -0.7871862729042902]","[-1.453132878367902e-05, 9.908639143657583e-06, -0.7071012812915454, -0.7071122808200365]","[442.4358698281663, 39.11710273148628, 3.5808476723433214]",4.669999999999894,100.0,0.0,"[63.1778070964429, 122.51424382549824, 122.51424382549826]",20
972,4119843294,settled,Qf4i_0003,unmatched,,"[-0.6782363959592157, -0.6128690115579294, 0.3186176021708939, 0.25073848818067446]","[-0.7071100175927111, -0.7071034746405961, -0.0002130639463552853, -0.00023189434337841935]","[442.3356376244334, 39.11370705305798, 6.419474627547092]",4.699999999999904,100.0,0.0,"[63.1778070964429, 116.83172989274883, 116.83172989274884]",28
973,356519578,settled,Qf4i_0016,unmatched,,"[0.2643802208224408, 0.477257519620779, -0.3229105049716565, 0.7733415575166313]","[0.4999494489432432, 0.5000651572709012, -0.5000051624831737, 0.4999802240840646]","[442.3144580136453, 6.429869277035046, 40.88032924380911]",4.309999999999774,100.0,0.0,"[63.1778070964429, 115.25782973978583, 115.25782973978585]",23
974,1943136294,settled,Qf4i_0015,unmatched,,"[-0.3629926831460144, 0.45628115459666085, -0.28675605289603895, -0.7601412934908084]","[-0.49996870312289976, 0.5000538334298622, -0.4999759831021324, -0.5000014758885835]","[442.2808558277166, 6.428301422544303, 39.11561865377605]",4.689999999999901,100.0,0.0,"[63.1778070964429, 120.47967662476366, 120.47967662476364]",27
975,3565683129,settled,Qf4i_0003,unmatched,,"[-0.547998248022544, -0.8120182559963203, 0.16486811997466025, -0.1146419430615943]","[-0.7071313062908077, -0.7070822304311659, -6.499146145924618e-05, 0.00017563614027957256]","[442.4510887917099, 39.11886196808118, 6.4196730367309485]",4.769999999999928,100.0,0.0,"[63.1778070964429, 122.06493698283558, 122.06493698283559]",28
976,1751546072,settled,Qf4i_0012,unmatched,,"[-0.3280221644267384, 0.36617063802881317, 0.7613309747857608, -0.42272410662527027]","[-2.836702405370625e-05, 0.7070306756432259, 0.707182874090728, 7.407815609982864e-05]","[442.18502392334796, 3.577376962904128, 39.108080528325274]",4.369999999999794,100.0,0.0,"[63.1778070964429, 125.16143623340461, 125.16143623340459]",29
977,1397927952,settled,Qf4i_0015,unmatched,,"[0.904925349199759, -0.2134010861924796, 0.2823914184143395, 0.23627351860397244]","[0.49994761514783764, -0.4999683219972498, 0.5000106370092408, 0.5000734165948612]","[442.49373049918466, 6.427188606800017, 39.112218196243944]",4.669999999999894,100.0,0.0,"[63.1778070964429, 119.16490089945243, 119.16490089945245]",24
978,4035434587,settled,Qf4i_0002,unmatched,,"[-0.6767719944343353, 0.14128449179956656, 0.30945224413417693, 0.652884115694839]","[-0.7071357887406707, -1.5440566861774586e-05, 1.3707162820507693e-05, 0.7070777721409521]","[442.21905793360133, 3.5951449065759826, 40.88964383066068]",4.5599999999998575,100.0,0.0,"[63.1778070964429, 130.09296258578365, 130.09296258578365]",26
979,2114130661,settled,Qf4i_0010,unmatched,,"[-0.11671079965840357, -0.12666230183669927, -0.982019919426621, -0.07727954700862226]","[3.2590705968546505e-05, -6.014475206739256e-05, -0.999999997589258, -1.1913809305122568e-05]","[442.5588964795068, 40.90005170802707, 3.5768460267909323]",4.929999999999981,100.0,0.0,"[63.1778070964429, 119.71484507078708, 119.71484507078709]",22
980,3638443810,settled,Qf4i_0012,unmatched,,"[0.059547317185544554, 0.39640322724174526, 0.893284933349204, -0.20337312088779458]","[2.74514768233717e-05, 0.7070366504699446, 0.7071768779495049, -0.0001934741557096701]","[442.5223748588863, 3.574938454535749, 39.1100146950122]",4.599999999999871,100.0,0.0,"[63.1778070964429, 112.9097189209484, 112.9097189209484]",30
981,1276054237,settled,Qf4i_0008,unmatched,,"[0.19847170397213157, 0.14485266137657626, -0.7549022116539003, 0.6080701769159308]","[-9.564013367019399e-06, 3.4201737735856115e-05, -0.7071134330241925, 0.7071001283944953]","[442.54040935368545, 40.88988704107728, 3.578897024268661]",4.5599999999998575,100.0,0.0,"[63.1778070964429, 119.7870132595521, 119.78701325955211]",21
982,218439059,settled,Qf4i_0006,unmatched,,"[-0.31928362511020086, 0.6061291818978068, 0.5454370968132035, 0.4828703293932732]","[-0.5001541668603685, 0.500034109471807, 0.49982150117785346, 0.49999016560054943]","[442.2157706724081, 3.593707486417415, 40.88575074839666]",4.679999999999898,100.0,0.0,"[63.1778070964429, 124.90584398597763, 124.90584398597763]",25
983,2213472531,settled,Qf4i_0008,unmatched,,"[0.10514992183552246, 0.24068664568741632, 0.4737389502858386, -0.8405860095836687]","[4.4765757963388664e-05, -1.0435800819913466e-05, 0.7071002612977743, -0.7071132995211874]","[441.9551740646231, 40.882974529485146, 3.57692827458006]",4.639999999999884,100.0,0.0,"[63.1778070964429, 125.34430022393254, 125.3443002239325]",12
984,787746249,settled,Qf4i_0016,unmatched,,"[-0.5694810868307036, -0.2375977186895554, 0.403312307451908, -0.6757054080540255]","[-0.5001627435367638, -0.4997856033482738, 0.5001730839979792, -0.4998784519335974]","[441.83426676701134, 6.4319365817857435, 40.88843463780629]",4.249999999999754,100.0,0.0,"[63.1778070964429, 128.07886762820468, 128.07886762820468]",27
985,620666044,unsettled,,not_evaluated,,"[0.3512700169167964, -0.04610390148788196, 0.2607949201033328, -0.8980366446482936]","[0.46042106841280916, 2.693934249134181e-05, 5.8066647916631563e-05, -0.8877006452989338]","[442.3655755854251, 25.473381460878453, 35.479652651764376]",3.9999999999996705,100.0,0.0,"[63.1778070964429, 119.49688754149716, 119.49688754149714]",36
986,1382691233,settled,Qf4i_0011,unmatched,,"[0.47408594454505865, -0.6966516414024221, 0.33101000622289733, -0.4246779762319307]","[-1.4571550966649667e-05, -0.7071270280367788, 0.7070865297090595, -7.423975918166735e-05]","[441.827736496762, 6.428079729020625, 40.890555141964526]",4.689999999999901,100.0,0.0,"[63.1778070964429, 124.54928513412763, 124.54928513412764]",33
987,3286462226,settled,Qf4i_0011,unmatched,,"[-0.3448778936984663, -0.42718010711039134, 0.8219048655539987, 0.1518182680243951]","[8.214417385881618e-06, -0.7070994239505932, 0.7071141379179486, 2.319092673240003e-05]","[441.94141536846604, 6.42722288003577, 40.892089608774576]",4.459999999999824,100.0,0.0,"[63.1778070964429, 124.99849947397237, 124.99849947397236]",23
988,2525897259,settled,Qf4i_0011,unmatched,,"[-0.18660777978837914, -0.7443077658333969, 0.6395441794809863, -0.046548133523710164]","[3.4850258220350735e-06, -0.7070308855082442, 0.7071826616134453, -0.00010019284436290892]","[442.52255152858163, 6.423921341612495, 40.88253407835311]",4.519999999999844,100.0,0.0,"[63.1778070964429, 124.65898044728763, 124.65898044728765]",32
989,3052397492,settled,Qf4i_0008,unmatched,,"[0.3577418947578834, -0.03461281949819094, 0.8397397400760982, -0.4070133393371179]","[1.5324805417271662e-05, 0.00010487036990769473, 0.7070445887168034, -0.7071689602447511]","[442.26185101828867, 40.895097730447375, 3.573617945443773]",4.969999999999994,100.0,0.0,"[63.1778070964429, 129.7472293550874, 129.74722935508737]",19
990,958294864,settled,Qf4i_0016,unmatched,,"[-0.030561851898347012, -0.4924964696048103, 0.3778133004972502, -0.7834349434399235]","[-0.500062610702256, -0.4999436213634059, 0.5000302298435724, -0.4999635287481192]","[442.2569295647397, 6.421914702686364, 40.889055185608406]",4.649999999999888,100.0,0.0,"[63.1778070964429, 126.2565862063368, 126.2565862063368]",15
991,2025461898,settled,Qf4i_0007,unmatched,,"[-0.3979758930455951, -0.005549041121273697, -0.43366712258227247, -0.8084041213949913]","[-6.266055726075749e-05, -1.3202814384993823e-05, -0.7071627834123143, -0.7070507716252693]","[442.4047530875568, 39.11935111548292, 3.5732872588527322]",4.969999999999994,100.0,0.0,"[63.1778070964429, 116.42276734266136, 116.42276734266137]",21
992,2542739526,settled,Qf4i_0013,unmatched,,"[-0.2306445065743204, 0.9168653108316615, -0.19133692885921558, -0.2637257913731088]","[1.341433034221833e-05, 0.999999996712692, 7.850506479811781e-05, -1.5219284743831037e-05]","[442.22362515519376, 39.11705647851563, 6.425644139466367]",4.829999999999948,100.0,0.0,"[63.1778070964429, 121.00080707248539, 121.0008070724854]",10
993,662844678,settled,Qf4i_0005,unmatched,,"[0.015319791156266027, -0.6766081749749832, -0.37969078318171673, 0.6307151422970638]","[-0.4999376138435926, -0.5000175976459202, -0.5000954953835487, 0.49994927723306165]","[442.31564203745637, 3.572555487981032, 39.11799045148265]",4.289999999999767,100.0,0.0,"[63.1778070964429, 126.79165748116655, 126.79165748116655]",32
994,4118277549,settled,Qf4i_0011,unmatched,,"[-0.321344111537062, -0.6565169609170431, 0.5522363378719223, 0.4009469654985733]","[-2.31798048277792e-06, -0.7071891632279368, 0.7070243864968371, -6.562292941754422e-05]","[442.46184275307166, 6.422840572892916, 40.88769956410644]",4.679999999999898,100.0,0.0,"[63.1778070964429, 120.04333037612673, 120.04333037612675]",17
995,111249246,settled,Qf4i_0015,unmatched,,"[-0.6279501010244584, -0.002943014146429479, -0.6948500248436215, -0.3505045681099255]","[-0.49995219937002167, 0.5000354474693921, -0.4999916524758571, -0.5000206966452736]","[442.54467448619926, 6.427989205625866, 39.110499680795336]",4.679999999999898,100.0,0.0,"[63.1778070964429, 125.54868067924247, 125.54868067924247]",26
996,746129938,settled,Qf4i_0015,unmatched,,"[-0.47377988456087816, 0.707079339833246, -0.49704674862137505, -0.16886668662404006]","[-0.5000483243345883, 0.4999901147291976, -0.4999925263865044, -0.4999690311018222]","[441.99948137151245, 6.434999730185402, 39.10719521840145]",4.4999999999998375,100.0,0.0,"[63.1778070964429, 125.5534987453919, 125.55349874539188]",25
997,3176734675,settled,Qf4i_0002,unmatched,,"[-0.44694209170526156, 0.4952759132457724, -0.012535065867450861, 0.7448405255787244]","[-0.7071392832879301, -7.202539377695805e-05, -7.051119989186923e-05, 0.7070742704069679]","[442.5235124077567, 3.5858971115348415, 40.880813881920346]",4.839999999999951,100.0,0.0,"[63.1778070964429, 130.54136964705583, 130.5413696470558]",29
998,2924323672,settled,Qf4i_0006,unmatched,,"[0.7808029314754367, 0.10050712330818726, -0.580673385897103, 0.20751751558476023]","[0.4999943604978015, -0.4999846153094338, -0.5000159811541103, -0.5000050424893379]","[442.4108589712828, 3.579604107219851, 40.889877542090005]",4.269999999999761,100.0,0.0,"[63.1778070964429, 121.13965701971892, 121.13965701971894]",18
999,3932611806,settled,Qf4i_0007,unmatched,,"[0.18863484293005242, 0.33663714806484407, 0.7901304930925778, 0.47622067412157004]","[5.883126002687034e-05, -0.0001151668930277905, 0.7070542306438905, 0.7071593159989097]","[442.0890083987633, 39.11338559446187, 3.5760647416429556]",4.849999999999954,100.0,0.0,"[63.1778070964429, 121.44762952360819, 121.44762952360819]",18
