trial,seed,status,pose_id,match_status,roadmap_pose_id,initial_quat_xyzw,final_quat_xyzw,final_pos_chute_mm,sim_time_s,actual_drop_height_mm,actual_lateral_mm,initial_pos_chute_mm,roughness_impulse_count
0,2684470948,settled,Dl4a_0009,unmatched,,"[0.349089743713377, 0.08400502135107916, 0.056934439305736904, -0.9315782183171066]","[0.18236699691414981, 0.6831667485213287, -0.18254406859968414, -0.6831567427540943]","[458.61986474153014, 10.056034288166565, 5.822889153093499]",5.550000000000188,100.0,0.0,"[50.0, 109.94070964590694, 109.94070964590692]",23
1,4091952314,settled,Dl4a_0011,unmatched,,"[-0.17049489125704653, 0.20532709385459424, 0.2597125984666087, 0.9280741580187418]","[0.00016901765700774732, 0.7071879126004911, 0.00023366782008663048, 0.7070255816476105]","[458.44769865054286, 5.822214251954818, 9.919600703038778]",4.899999999999971,100.0,0.0,"[50.0, 110.63417376496805, 110.63417376496807]",35
2,233227757,settled,Dl4a_0021,unmatched,,"[-0.20480810163161187, 0.4982271422400755, 0.5959252640682177, -0.5955639645634782]","[-0.500127176061894, 0.499907894619735, 0.500082016898031, -0.4998828673163509]","[458.8920145605291, 9.911801617279703, 5.820494933436206]",5.170000000000061,100.0,0.0,"[50.0, 97.97967450799244, 97.97967450799246]",33
3,3276785861,settled,Dl4a_0011,unmatched,,"[-0.06476159517851178, 0.4273534090302821, -0.8690822779070483, 0.24056390794969013]","[-0.0006631614602949921, 0.7070998028774682, -0.0006186869332928392, 0.7071131777968799]","[458.8508631957124, 5.8412000014081045, 9.912759682772032]",5.460000000000158,100.0,0.0,"[50.0, 107.1816516524896, 107.18165165248959]",34
4,3644269654,settled,Dl4a_0021,unmatched,,"[-0.014279672063401007, -0.3020425176314726, -0.9375844928891162, 0.1717606683803424]","[0.5002475551065435, -0.49958585884714596, -0.5004061418846472, 0.49975998880863554]","[458.14537659243655, 9.920410914403439, 5.820784084081505]",5.640000000000218,100.0,0.0,"[50.0, 110.1509522506902, 110.15095225069021]",41
5,1206282609,settled,Dl4a_0011,unmatched,,"[0.5013371598926143, -0.8114746127900386, -0.0032762861669307047, -0.30026533409139416]","[5.303413690815884e-06, -0.7070664701950047, -9.698344894892854e-06, -0.7071470897937661]","[458.47656471148264, 5.812771240910546, 9.920475627078163]",5.350000000000121,100.0,0.0,"[50.0, 109.5070049470273, 109.5070049470273]",39
6,3543069911,settled,Dl4a_0011,unmatched,,"[-0.13404834235336777, 0.26953815910033546, -0.46707971399657333, 0.8313944692346683]","[-0.00010393981210540804, 0.707079984159389, -8.783905008427628e-05, 0.7071335641036812]","[458.5537697015499, 5.818172430642454, 9.924072128854277]",5.0900000000000345,100.0,0.0,"[50.0, 111.06989791558883, 111.06989791558884]",28
7,3479688010,settled,Dl4a_0002,unmatched,,"[-0.32606207839901974, -0.08560879807848332, -0.6532843717329692, 0.6779190101856776]","[-0.6830436770061378, 0.18292183250488772, -0.6830015807463888, 0.18302944897726972]","[458.2336707081944, 9.919232032626613, 5.8221196959165935]",5.020000000000011,100.0,0.0,"[50.0, 107.62286323872037, 107.62286323872037]",28
8,877132087,settled,Dl4a_0021,unmatched,,"[0.5724358435648497, -0.17574059521237254, 0.22115948882353434, 0.769753810448453]","[0.5000527757570192, -0.49993136745322986, -0.5000689293555934, 0.4999469123688981]","[458.27076959738577, 9.919400923854083, 5.82121184817553]",4.809999999999941,100.0,0.0,"[50.0, 113.7070310517305, 113.70703105173051]",21
9,1244265337,settled,Dl4a_0022,unmatched,,"[-0.9163656239680553, -0.3124533183594708, 0.1567298713931644, -0.19514792970686085]","[-0.500374920015519, -0.49974941169108794, -0.5002556520239088, -0.49961960285001694]","[458.8130637086161, 10.076040686876047, 5.81427605336899]",5.670000000000228,100.0,0.0,"[50.0, 113.08516603437812, 113.08516603437813]",30
10,2740186692,settled,Dl4a_0009,unmatched,,"[0.6454694822641096, -0.13579899155073316, -0.5987883368552699, -0.45429099595480205]","[0.18282177433674293, 0.6831078316741882, -0.18296948830065762, -0.6829802745941859]","[458.7366011559572, 10.07964673560034, 5.80882813635332]",5.240000000000085,100.0,0.0,"[50.0, 109.19187152040148, 109.19187152040149]",30
11,3884972972,settled,Dl4a_0022,unmatched,,"[-0.6012548493196739, -0.6463381036093496, -0.20334873870383272, -0.42354333008537154]","[-0.5004707935753854, -0.4996306167177616, -0.5004115812498472, -0.49948621699430407]","[458.90239657956204, 10.0675619621527, 5.812834489097025]",5.1500000000000545,100.0,0.0,"[50.0, 102.43211086935011, 102.43211086935013]",28
12,829139639,settled,Dl4a_0021,unmatched,,"[0.5209095300472875, 0.10632951834513299, -0.4095752090978097, 0.7413470463466431]","[0.5001178789262828, -0.49994870391114965, -0.5000362352845806, 0.4998971534608507]","[458.88049021968465, 9.92593223852405, 5.818309756016802]",5.190000000000068,100.0,0.0,"[50.0, 112.54216057865082, 112.54216057865084]",33
13,2545567356,settled,Dl4a_0024,unmatched,,"[-0.20435424223634752, -0.592516211079748, -0.6028523939159808, -0.4936930974172911]","[-0.6121692526768984, -0.3539828036993791, -0.6121159050510621, -0.3539196230016838]","[458.14359589148035, 5.826115746496106, 10.067497624479637]",5.1500000000000545,100.0,0.0,"[50.0, 102.86569639550474, 102.86569639550476]",36
14,2718398101,settled,Dl4a_0009,unmatched,,"[0.04456266628605246, 0.22721982493144482, -0.0337641677325857, -0.9722372657478868]","[0.18264591090772217, 0.683137668672921, -0.1824754842507695, -0.6831296322926288]","[458.3816635749273, 10.062132722455551, 5.810993505320865]",5.280000000000098,100.0,0.0,"[50.0, 112.43899203752804, 112.43899203752805]",37
15,176092387,settled,Dl4a_0004,unmatched,,"[0.6150094261867407, 0.09473742193381708, -0.6668593261385558, -0.40998398228323635]","[0.6124738555929501, 0.35336633678602225, -0.6124472842023313, -0.3534350468116064]","[458.1680689775721, 5.821959478710551, 9.908267717189542]",5.280000000000098,100.0,0.0,"[50.0, 95.38832791393888, 95.38832791393887]",28
16,3528048386,settled,Dl4a_0010,unmatched,,"[0.05964849127147125, -0.7507736843900195, 0.5184949801332069, 0.4048998492135285]","[0.00011082700111528232, -0.7071525895295294, 0.00010323541042422946, 0.7070609536535778]","[458.4507382751736, 5.813092961518948, 10.074081606572273]",5.130000000000048,100.0,0.0,"[50.0, 111.58626433928345, 111.58626433928343]",47
17,569531098,settled,Dl4a_0010,unmatched,,"[-0.11874297779359728, -0.7836385736386496, 0.3947598820333435, 0.4647314565072098]","[-0.0005230304845848521, -0.7070449793987589, 0.00047005632789590135, 0.7071682279296558]","[458.7676268146784, 5.823074354584415, 10.064182442834978]",5.170000000000061,100.0,0.0,"[50.0, 102.34935362338366, 102.34935362338366]",28
18,1337295874,settled,Dl4a_0024,unmatched,,"[0.7540801171321847, 0.10513828949510484, 0.3578000943176255, 0.5406368555086236]","[0.6121623398616447, 0.3538639961038403, 0.6122548695807984, 0.35381000069406876]","[458.325780894578, 5.825360432001793, 10.06680783452485]",5.240000000000085,100.0,0.0,"[50.0, 106.72516949619317, 106.72516949619319]",29
19,612016888,settled,Dl4a_0009,unmatched,,"[0.12009615038615984, 0.8091503209928758, -0.26528910017446583, -0.5103668935463713]","[0.18274280160305126, 0.6830782869689485, -0.18274501608150154, -0.6830910491517266]","[458.91228845774117, 10.07129796348342, 5.817222110958787]",5.010000000000008,100.0,0.0,"[50.0, 94.43313898941398, 94.43313898941399]",38
20,232150720,settled,Dl4a_0002,unmatched,,"[-0.5359830145526445, 0.08906100796225318, -0.8028613047566096, -0.24536517743217254]","[-0.683040752937039, 0.18290009764843518, -0.6830637308245879, 0.18283004058247812]","[458.9148681853431, 9.920076888872938, 5.814739364519037]",5.040000000000018,100.0,0.0,"[50.0, 98.99169410945946, 98.99169410945947]",35
21,2324106676,settled,Dl4a_0009,unmatched,,"[-0.04500258594739219, 0.0025524340432222146, -0.32651812985035056, -0.944115545480283]","[0.18281815125294062, 0.6830275945575768, -0.1828451382995276, -0.683094784086055]","[458.39866969647846, 10.073086854233287, 5.809657571845988]",5.6200000000002115,100.0,0.0,"[50.0, 113.58843413183034, 113.58843413183035]",40
22,1658700540,settled,Dl4a_0004,unmatched,,"[0.3856602856164407, 0.1640545618070452, -0.897042914685939, -0.1402364220176025]","[0.6124418519289448, 0.35342440495843397, -0.6125020332000092, -0.3533375543463733]","[458.5486997609215, 5.81939422936267, 9.917971959642546]",5.250000000000088,100.0,0.0,"[50.0, 103.37648650665828, 103.37648650665828]",43
23,609942288,settled,Dl4a_0002,unmatched,,"[-0.6615657420037585, 0.6011805735348285, -0.4450209339615182, 0.05356356361715848]","[-0.6828779982924971, 0.18326916341353486, -0.6829743350077556, 0.1834015019307357]","[458.66081281907094, 9.917880667755037, 5.819719200271859]",5.170000000000061,100.0,0.0,"[50.0, 103.52125105094434, 103.52125105094436]",45
24,3405943863,settled,Dl4a_0024,unmatched,,"[0.7845222555156509, 0.5211125294606916, 0.14359868610630752, -0.30388481302667647]","[0.612294007025835, 0.35347446013506434, 0.6124610843039912, 0.35361458568001863]","[458.33086741327736, 5.819487107479342, 10.06793162709714]",5.540000000000185,100.0,0.0,"[50.0, 107.31407290921253, 107.31407290921254]",39
25,2257503667,settled,Dl4a_0004,unmatched,,"[0.6034227644478223, 0.39225425648930207, -0.5079168677173587, -0.4733265480620753]","[0.6124214402680924, 0.35348392636051656, -0.6124109856350821, -0.3534711840846089]","[458.69258421485904, 5.8185842218849295, 9.925199627451294]",5.210000000000075,100.0,0.0,"[50.0, 87.8525646236747, 87.85256462367468]",35
26,4018327298,settled,Dl4a_0004,unmatched,,"[-0.7659205575247773, -0.2830695053767261, 0.5022718464389246, -0.28453531759966677]","[-0.6125599192241338, -0.3532945016902733, 0.612462185763603, 0.3533318715389458]","[458.595846444331, 5.812929668673368, 9.914804893501886]",5.100000000000038,100.0,0.0,"[50.0, 109.1750316377925, 109.1750316377925]",31
27,2224437599,settled,Dl4a_0021,unmatched,,"[-0.6123369115304546, 0.06270447467512338, 0.5201098551092568, -0.5921126533450277]","[-0.5001672647490335, 0.49975464658797364, 0.5002084207623666, -0.49986951926039586]","[458.87063547308185, 9.923956599849614, 5.803736084086965]",5.130000000000048,100.0,0.0,"[50.0, 104.91993337522132, 104.91993337522133]",40
28,168388230,settled,Dl4a_0022,unmatched,,"[0.611570761245609, 0.02118769316912591, 0.654066567917755, 0.44466752791262565]","[0.49999812034831953, 0.5000038892017679, 0.5001236656343729, 0.4998742937016182]","[458.44898046607267, 10.067145276010866, 5.816507458377712]",5.0900000000000345,100.0,0.0,"[50.0, 100.23851273800396, 100.23851273800396]",30
29,911875363,settled,Dl4a_0021,unmatched,,"[0.4179313099460675, -0.6409283940444419, -0.2553852315313794, 0.59103519132962]","[0.5000436714493274, -0.49998892613806106, -0.5001039764357255, 0.49986339447489186]","[458.92403015947724, 9.916097669561076, 5.814371127480584]",5.070000000000028,100.0,0.0,"[50.0, 90.68007535873032, 90.6800753587303]",26
30,3699796293,settled,Dl4a_0002,unmatched,,"[-0.30739590938505207, 0.5248451890741236, -0.7006219887471803, 0.37306046598779463]","[-0.6830037510162309, 0.1830681884418966, -0.6829704196999562, 0.18314835596648568]","[458.74813017399094, 9.917841735344687, 5.810605422509906]",5.110000000000041,100.0,0.0,"[50.0, 100.45836250940252, 100.45836250940253]",31
31,3195154224,settled,Dl4a_0010,unmatched,,"[0.12201026212475458, -0.7550394894311968, 0.42152916537896845, 0.48717761450074515]","[-0.00024735613358672914, -0.7070507514679425, 0.00028418549972236695, 0.7071627061024661]","[458.47673125302657, 5.818447145382081, 10.066961329292308]",5.1500000000000545,100.0,0.0,"[50.0, 108.62683908994214, 108.62683908994215]",32
32,3621210587,settled,Dl4a_0011,unmatched,,"[-0.19518508667563716, -0.23685537345835786, 0.3018603443143305, -0.9025977213209435]","[-0.00012257949973776272, -0.7071658979404118, -0.000209828482432034, -0.7070476177291068]","[458.69994045105614, 5.819943767621807, 9.916394759683657]",5.290000000000101,100.0,0.0,"[50.0, 111.9769555738367, 111.97695557383669]",28
33,1945778437,settled,Dl4a_0024,unmatched,,"[0.5994480898969989, 0.5232689771236637, 0.5614537647935656, -0.22720307017715616]","[0.6121963100924049, 0.35374824811354355, 0.6123089060491007, 0.35377345637963925]","[458.90813890925074, 5.8270387568352175, 10.055840102231759]",5.260000000000091,100.0,0.0,"[50.0, 111.33640132324098, 111.33640132324099]",26
34,2384190687,settled,Dl4a_0009,unmatched,,"[0.6271519910898339, 0.7556355349822913, 0.01241359428343946, -0.18852379431002778]","[0.18264307147140701, 0.6830318386585746, -0.1826563128516645, -0.6831878857222311]","[458.1967799230518, 10.076123332885693, 5.820696861033135]",4.709999999999908,100.0,0.0,"[50.0, 112.1856477404202, 112.18564774042018]",23
35,3249086786,settled,Dl4a_0010,unmatched,,"[-0.1597703233753325, 0.4897195982284835, -0.5779003828038035, -0.6329923431090553]","[-0.000200230438683946, 0.7071351616567486, 0.0001897320744004283, -0.7070783457709587]","[458.91126538455063, 5.8192749418057215, 10.075614235143512]",5.280000000000098,100.0,0.0,"[50.0, 110.70961751601646, 110.70961751601648]",32
36,439485575,settled,Dl4a_0004,unmatched,,"[0.5212781417789312, 0.09256863769634534, -0.808698544051474, 0.25633339826790696]","[0.6125442709196731, 0.35322892999666233, -0.6125403081365155, -0.35328913100309456]","[458.4628617592973, 5.820569243340861, 9.908623778248305]",5.240000000000085,100.0,0.0,"[50.0, 99.9008570515284, 99.90085705152842]",33
37,2217192537,settled,Dl4a_0021,unmatched,,"[-0.21740486374478168, -0.112592853649051, -0.6073056375673959, 0.7558027765932958]","[0.500106998912824, -0.4997595711463687, -0.5000773153541633, 0.5000560362141218]","[458.21323470197314, 9.914358680378408, 5.817769873414258]",5.700000000000238,100.0,0.0,"[50.0, 111.36132181301932, 111.36132181301932]",37
38,3412522237,settled,Dl4a_0004,unmatched,,"[-0.24621569511367875, -0.5467507847628059, 0.7917514866850981, -0.11649461005935267]","[-0.6125650939156911, -0.3532095606686922, 0.6125574045595215, 0.35324274668787314]","[458.4658573029133, 5.829508248932696, 9.914704813494184]",5.250000000000088,100.0,0.0,"[50.0, 113.76090712937079, 113.7609071293708]",28
39,555567425,settled,Dl4a_0002,unmatched,,"[-0.4612726253349569, -0.6958366341102525, -0.5223568792301665, 0.17373034987483388]","[-0.68308856905628, 0.18328587772748567, -0.6827888534857919, 0.18329123112104145]","[458.67253817282733, 9.925521249809128, 5.808995928675437]",4.939999999999984,100.0,0.0,"[50.0, 113.19450041152705, 113.19450041152703]",22
40,3399977417,settled,Dl4a_0024,unmatched,,"[0.8655048205669646, 0.02649245432845738, 0.32018421698658933, 0.38429366717613994]","[0.6121295502657335, 0.3539477644486264, 0.6121237440307724, 0.3540097678412843]","[458.5545679411079, 5.821821258321992, 10.06372975604682]",5.320000000000111,100.0,0.0,"[50.0, 106.61492127839036, 106.61492127839034]",35
41,2903099886,settled,Dl4a_0003,unmatched,,"[-0.9275430186800664, -0.235950465654843, 0.17719537592713272, -0.22933191013283477]","[-0.682916551208599, -0.18329838795967254, 0.6829445924487697, 0.1833394902952509]","[458.40645609073505, 9.98923879955655, 7.19123840070467]",4.639999999999884,100.0,0.0,"[50.0, 112.13958459296082, 112.13958459296083]",34
42,151712926,settled,Dl4a_0002,unmatched,,"[0.7767554207616434, -0.4945431487690227, -0.02057994009867571, -0.3894284997127939]","[0.6828023291997021, -0.18353889845241167, 0.6829672968916369, -0.1834396995496553]","[458.32576225522604, 9.9129498698102, 5.827561464984092]",5.350000000000121,100.0,0.0,"[50.0, 107.08985460912162, 107.08985460912163]",27
43,1207582415,settled,Dl4a_0011,unmatched,,"[-0.43303184102989717, 0.26753182802764564, -0.22157253360287404, 0.831754626076253]","[8.959592879970169e-05, 0.7071173013783627, 6.3893969795558725e-06, 0.7070962551330102]","[458.2836699419755, 5.821083541523844, 9.92536333651325]",5.000000000000004,100.0,0.0,"[50.0, 105.93152410172527, 105.93152410172527]",36
44,2486821540,settled,Dl4a_0004,unmatched,,"[0.1594260365462531, -0.38474526354833694, 0.9006348849824816, 0.12414195503884198]","[-0.612375471758627, -0.35342970621801617, 0.6124540837519443, 0.35353036594698933]","[458.49357030243664, 5.827185172722358, 9.920177227866544]",5.550000000000188,100.0,0.0,"[50.0, 109.61049052577694, 109.61049052577695]",28
45,1259821421,settled,Dl4a_0004,unmatched,,"[-0.32259113934371036, 0.05897052116106503, -0.5412481782532801, -0.7742789187291779]","[0.6122036408045365, 0.3537881799403429, -0.6122576445321465, -0.35380955701071354]","[458.4318115006741, 5.817746657077806, 9.930512635331114]",5.670000000000228,100.0,0.0,"[50.0, 111.24742721545188, 111.24742721545186]",39
46,597594931,settled,Dl4a_0024,unmatched,,"[-0.17871979468227023, -0.894261750835104, -0.36951140635140683, -0.17837173699402925]","[-0.612386166105797, -0.3535911339085338, -0.6123345405586249, -0.3535574974772539]","[458.55168631426574, 5.819082956282687, 10.0699798439062]",5.260000000000091,100.0,0.0,"[50.0, 105.17267853657484, 105.17267853657485]",36
47,2865206418,settled,Dl4a_0004,unmatched,,"[-0.02304740513733, -0.04508619876411423, 0.7730641006988977, 0.632303683373775]","[-0.6125410444390396, -0.3532722112530262, 0.6124756920711927, 0.353363467630486]","[458.4758182960722, 5.822188524530668, 9.902400667412564]",5.810000000000275,100.0,0.0,"[50.0, 113.8549996018619, 113.8549996018619]",38
48,3003750881,settled,Dl4a_0021,unmatched,,"[-0.3199398432093655, 0.16753826196273716, 0.4776615276337274, -0.8008800737465539]","[-0.499874768344881, 0.5001446326962556, 0.4998616845603847, -0.5001188445417084]","[458.34474401313327, 9.92244802690985, 5.807773987204596]",5.240000000000085,100.0,0.0,"[50.0, 106.71538672345446, 106.71538672345446]",28
49,3312495928,settled,Dl4a_0009,unmatched,,"[-0.0645330648177024, -0.0038038643413784616, 0.42946817366907813, -0.9007652868348409]","[0.18277607807419172, 0.6831287095537925, -0.18268021480977334, -0.6830490543030144]","[458.95811054013035, 10.068192336432647, 5.822601011481416]",5.660000000000225,100.0,0.0,"[50.0, 113.86177766868501, 113.861777668685]",30
50,3078168926,settled,Dl4a_0011,unmatched,,"[0.0747193812888315, 0.25057809186231017, 0.15564422601431893, 0.9525767732035362]","[-0.00021422188281147725, 0.7070695061978808, -0.0002502484923085635, 0.707143977482494]","[458.7725290237468, 5.828297819422267, 9.911902744425735]",5.020000000000011,100.0,0.0,"[50.0, 113.21215367726145, 113.21215367726147]",40
51,1005097259,settled,Dl4a_0021,unmatched,,"[-0.6801311659388386, -0.5348920800158797, 0.3007708324979351, -0.40105980373687483]","[-0.4999269702392291, 0.5000044096122105, 0.5000383199340327, -0.500030292475686]","[458.3021699914131, 9.918965386524224, 5.810700861037446]",4.869999999999961,100.0,0.0,"[50.0, 111.50278533208244, 111.50278533208245]",29
52,1646080115,settled,Dl4a_0004,unmatched,,"[-0.5522257028074862, -0.16147308682972467, 0.6507326016280868, -0.495500046989705]","[-0.6125271549915664, -0.35327973964055914, 0.6125344455448494, 0.35327816657486827]","[458.90092875486584, 5.828531441578867, 9.910627069311028]",5.380000000000131,100.0,0.0,"[50.0, 108.41698716949949, 108.4169871694995]",29
53,2175304393,settled,Dl4a_0002,unmatched,,"[0.4635177847490668, -0.3631238729793856, 0.7637832286457282, 0.2644380754227277]","[0.6830019215172386, -0.1828494419147919, 0.6831223208426943, -0.18280686956922612]","[458.6277380439819, 9.924922403992708, 5.80132218325342]",5.130000000000048,100.0,0.0,"[50.0, 111.40055767343507, 111.40055767343506]",33
54,3907648593,settled,Dl4a_0021,unmatched,,"[-0.5606148293844427, 0.6692917164969598, 0.42495561750449845, -0.23910737013771846]","[-0.5003101293388575, 0.49976227313185184, 0.5000852488314498, -0.4998421638239483]","[458.60805764164064, 9.912907619055114, 5.8217257487707865]",5.0600000000000245,100.0,0.0,"[50.0, 100.00001188681048, 100.0000118868105]",30
55,1971688097,settled,Dl4a_0004,unmatched,,"[-0.7670451610843334, -0.5854990613356909, 0.19452063009749831, 0.17605196533582376]","[-0.612876482807642, -0.352732157442148, 0.6128039371046631, 0.3527517208980932]","[458.8922374503644, 5.844054194684815, 9.904604050767302]",4.909999999999974,100.0,0.0,"[50.0, 112.74114583457605, 112.74114583457605]",27
56,268300483,settled,Dl4a_0002,unmatched,,"[0.16069949385948554, -0.1473121650444817, 0.9459423078805231, -0.2401415184112949]","[0.682864912278496, -0.18312584673225799, 0.6831028143100167, -0.18311466604073665]","[458.8750455909205, 9.92508038393747, 5.806975756990094]",4.949999999999988,100.0,0.0,"[50.0, 113.21178262074335, 113.21178262074335]",29
57,3139098279,settled,Dl4a_0024,unmatched,,"[0.8218696626780811, -0.0530459906765047, 0.5409598824621232, 0.1705250304475304]","[0.6124202428042218, 0.35347816882914246, 0.6124566049940413, 0.35339996797394757]","[458.4075541131603, 5.817307861862625, 10.062413299616662]",5.270000000000095,100.0,0.0,"[50.0, 97.33715926653637, 97.33715926653639]",35
58,3174456534,settled,Dl4a_0004,unmatched,,"[0.08486702368824024, 0.578487481595668, -0.8085728801483829, 0.06602817138123637]","[0.6126103635574632, 0.3532078941170688, -0.6125880697172782, -0.3531127055706682]","[458.74795215004605, 5.833418986935091, 9.915414589639644]",5.350000000000121,100.0,0.0,"[50.0, 114.08145945224014, 114.08145945224015]",31
59,997026310,settled,Dl4a_0021,unmatched,,"[0.11339847940532417, -0.26350367621587667, -0.34201138662076364, 0.8948378673877303]","[0.4999609424546265, -0.5000567128188322, -0.5000943777395559, 0.4998879407807235]","[458.9209450911844, 9.928356407227989, 5.815215777145481]",5.250000000000088,100.0,0.0,"[50.0, 112.50385875236249, 112.5038587523625]",43
60,4280428995,settled,Dl4a_0011,unmatched,,"[0.040082764222048275, -0.3945078544329628, 0.8849169822152643, -0.24429256924853357]","[5.944031987725752e-06, -0.7071353777952794, -8.834771220611605e-05, -0.7070781778768723]","[458.3913800844868, 5.817050187240158, 9.923303088085406]",5.390000000000135,100.0,0.0,"[50.0, 108.523688207248, 108.52368820724801]",40
61,345698675,settled,Dl4a_0004,unmatched,,"[0.1799933627723881, -0.12901717489034167, -0.7131556542542776, -0.6651059845967076]","[0.612499245775581, 0.35336318861903665, -0.6124137201364138, -0.35345235356694094]","[458.2761513956582, 5.823933988758613, 9.909600318116738]",5.580000000000198,100.0,0.0,"[50.0, 112.9064869560409, 112.9064869560409]",38
62,2296661869,settled,Dl4a_0009,unmatched,,"[0.17970682933787863, 0.07114079317206774, 0.5188104045949198, -0.8327545899724789]","[0.1831353179933259, 0.6829927942432719, -0.18299394358933563, -0.6830047693280585]","[458.26403200824944, 10.06580729388158, 5.81933793268367]",5.530000000000181,100.0,0.0,"[50.0, 112.53528993484741, 112.53528993484743]",27
63,1808063307,settled,Dl4a_0021,unmatched,,"[0.2033581204969602, 0.7445317657791194, 0.5727615353710702, -0.2761560214319879]","[-0.5000353810614658, 0.4999508053047985, 0.5000112547250076, -0.5000025551035933]","[458.5294703209784, 9.914707806316079, 5.818864585284739]",5.410000000000141,100.0,0.0,"[50.0, 113.1766558921346, 113.17665589213462]",31
64,3884888703,settled,Dl4a_0004,unmatched,,"[0.6793004957295425, 0.4230084733751552, -0.5069137185358015, -0.32039530257889964]","[0.6124832241545587, 0.3532438367041024, -0.6125550120573285, -0.35335456578803137]","[458.89877174904495, 5.827505956568996, 9.90917530179134]",5.1800000000000646,100.0,0.0,"[50.0, 93.79004699103636, 93.79004699103638]",27
65,2494461129,settled,Dl4a_0009,unmatched,,"[0.6988770933263098, 0.586695007864493, -0.028007765136989552, -0.40813642481734236]","[0.18280086070980028, 0.6830896850592852, -0.1827509725276652, -0.6830625224161808]","[458.77656849994463, 10.066893059746816, 5.819566900716186]",4.990000000000001,100.0,0.0,"[50.0, 106.15476620881098, 106.154766208811]",31
66,3862701690,settled,Dl4a_0010,unmatched,,"[0.32442249600288015, -0.49395592226430945, -0.12500221364868, 0.7969517159340374]","[-0.00021998601933378994, -0.7071165145143791, 0.00019162293528099397, 0.7070969875397844]","[458.7332757728355, 5.8290592340827265, 10.075825541593797]",5.170000000000061,100.0,0.0,"[50.0, 97.9404857556089, 97.94048575560892]",34
67,1989052338,settled,Dl4a_0009,unmatched,,"[-0.42870128489106196, -0.8600027388149851, 0.11578295519546317, 0.25140565795081565]","[-0.18297315774164324, -0.6829874774343228, 0.18283241692511498, 0.6830967988032686]","[458.70726227189914, 10.065633737777205, 5.8123884969951165]",4.939999999999984,100.0,0.0,"[50.0, 111.19827432022059, 111.1982743202206]",27
68,2910179760,settled,Dl4a_0011,unmatched,,"[0.6874480246775395, -0.6293776814475954, 0.0713303005926424, -0.35526178471651215]","[1.965388423896819e-05, -0.7070284989954165, -2.7788385047022857e-05, -0.7071850538931227]","[458.3116601446021, 5.815223837106351, 9.918791976987546]",5.360000000000125,100.0,0.0,"[50.0, 108.6750936792783, 108.67509367927832]",36
69,1983180500,settled,Dl4a_0011,unmatched,,"[0.5537040183723525, -0.21712226630328488, -0.041601373278368714, -0.8028319296434271]","[-9.655313686643408e-05, -0.7071471688606649, -4.480628603481529e-05, -0.7070663831934276]","[458.69536802634406, 5.818112859328364, 9.923648132027562]",5.080000000000031,100.0,0.0,"[50.0, 113.1413528172924, 113.14135281729241]",28
70,2796940620,settled,Dl4a_0024,unmatched,,"[0.6429623651661133, 0.4498104375355989, 0.5600263962080593, -0.2657826232360657]","[0.6122171278101735, 0.35368451253232275, 0.612350498311773, 0.35372916366615637]","[458.74889363728965, 5.81796204014431, 10.062024741182407]",5.360000000000125,100.0,0.0,"[50.0, 111.95773668589476, 111.95773668589477]",33
71,2835193311,settled,Dl4a_0011,unmatched,,"[-0.03739039526881122, -0.9208521173882708, -0.08934805188513095, -0.3776906960298498]","[0.00012991665665570973, -0.7071241955418905, 0.000138187537399026, -0.7070893409641394]","[458.2186351114698, 5.82371079552328, 9.909714439147738]",5.370000000000128,100.0,0.0,"[50.0, 108.4699684296017, 108.46996842960172]",40
72,1671370085,settled,Dl4a_0002,unmatched,,"[-0.8264346652783222, -0.1321621962163896, -0.3527524311990733, 0.41845503964071346]","[-0.6828713620697097, 0.18375543852384876, -0.6827892696903619, 0.18362857858642204]","[458.22286884374637, 9.914281056229878, 5.828130040962103]",5.200000000000071,100.0,0.0,"[50.0, 111.33924642140686, 111.33924642140687]",36
73,3953588250,settled,Dl4a_0004,unmatched,,"[0.4702031123833249, 0.021406761150447595, -0.8422546634947904, 0.26278863275141723]","[0.6124449263222219, 0.3535604484360151, -0.6122855314343494, -0.35357127926352905]","[458.59567063676883, 5.823798055961763, 9.916917774203185]",5.310000000000108,100.0,0.0,"[50.0, 104.30413769386244, 104.30413769386246]",34
74,358542842,settled,Dl4a_0009,unmatched,,"[0.10735659184234503, 0.2029367794254412, -0.02907667244048502, -0.9728544458778069]","[0.18257908553825308, 0.6830714626291918, -0.18268215492429218, -0.6831584623920345]","[458.4803944447617, 10.074929994246618, 5.813457030959866]",5.250000000000088,100.0,0.0,"[50.0, 111.31546424307946, 111.31546424307948]",26
75,3497188667,settled,Dl4a_0002,unmatched,,"[0.2919765679122567, -0.048747198747361525, 0.9150532874671483, 0.2739541485358981]","[0.6829897908971637, -0.183140298756902, 0.6829285477184718, -0.18328441071902557]","[458.6414105877546, 9.920323285629346, 5.820095022811253]",4.990000000000001,100.0,0.0,"[50.0, 111.94051476049721, 111.94051476049722]",33
76,253549709,settled,Dl4a_0019,unmatched,,"[0.30010673307083396, 0.5155344203869836, -0.6703577212910298, 0.44133970551866974]","[0.35355732867254785, 0.6124669565494413, -0.6126472258924897, 0.35290908047715885]","[458.54986404339564, 39.791738912341025, 7.176625922170526]",4.979999999999998,100.0,0.0,"[50.0, 113.25176477142496, 113.25176477142496]",15
77,1953331372,settled,Dl4a_0011,unmatched,,"[-0.14150696466078264, -0.1808100534266529, 0.05662958103217592, -0.971636039926712]","[2.9758877254565386e-05, -0.7071145126125439, -2.8280844021844054e-05, -0.7070990484842472]","[458.9184507597765, 5.816130934714276, 9.914249837939762]",5.040000000000018,100.0,0.0,"[50.0, 113.80920622297845, 113.80920622297846]",28
78,890775398,settled,Dl4a_0021,unmatched,,"[0.6001554371354401, -0.15560007509735826, -0.7567404099813465, 0.2072342148578009]","[0.5002953525197508, -0.49969135135590437, -0.5002434141804685, 0.4997695871062153]","[458.2275436350876, 9.917827846091008, 5.81850482280601]",5.0900000000000345,100.0,0.0,"[50.0, 93.19863011053057, 93.19863011053059]",44
79,642810498,settled,Dl4a_0011,unmatched,,"[0.2022732219215205, -0.9256380572142716, -0.08491884377451847, -0.3083318353690952]","[-0.00011069572319305498, -0.707120549582734, -4.262050627593106e-05, -0.7070930025730431]","[458.8676824377132, 5.821965208909437, 9.921915200805982]",5.310000000000108,100.0,0.0,"[50.0, 110.5539541880732, 110.55395418807319]",45
80,1233062494,settled,Dl4a_0007,unmatched,,"[0.6484705890085933, -0.1699505138861542, -0.1394193506500166, -0.7288106494042248]","[0.6122153549681421, -0.3537603427686085, -0.3533606970512462, -0.6125211806990237]","[458.3767728373492, 40.225306146518456, 7.17453536788798]",4.849999999999954,100.0,0.0,"[50.0, 113.49475693659312, 113.49475693659313]",16
81,908446902,settled,Dl4a_0011,unmatched,,"[0.22250656114612832, 0.8486682401872814, -0.3923837536671801, 0.2762028931825312]","[-0.0003384261481249318, 0.7070896197021846, -0.00035534334213646607, 0.707123771986398]","[458.41160380571534, 5.824086310824901, 9.908241086036488]",5.690000000000235,100.0,0.0,"[50.0, 109.17217282623783, 109.17217282623784]",42
82,3109591194,settled,Dl4a_0022,unmatched,,"[-0.7393603768084694, -0.47008268318612156, -0.4348076896123711, -0.2081124148822611]","[-0.500016030424327, -0.49995990175101296, -0.5001073630316248, -0.49991668445989135]","[458.9213564989981, 10.070576300215537, 5.811943618942958]",5.1200000000000445,100.0,0.0,"[50.0, 102.68376852024569, 102.6837685202457]",30
83,2446198906,settled,Dl4a_0002,unmatched,,"[0.46838088924676186, -0.6025678945606854, 0.5917783634461127, -0.25947956295276087]","[0.6830098823036986, -0.18348172317942038, 0.6827776041338481, -0.18343037160688666]","[458.3990938862236, 9.914673792264349, 5.815054345531035]",5.130000000000048,100.0,0.0,"[50.0, 99.33168013233733, 99.33168013233734]",39
84,3358664237,settled,Dl4a_0004,unmatched,,"[0.024765616581336785, 0.0070959192151057865, -0.5881586200781739, -0.8083351716915311]","[0.6124009937986535, 0.3535862559948408, -0.6122297427196791, -0.3537181427285967]","[458.18535725011066, 5.8082455286090875, 9.919215827675346]",5.670000000000228,100.0,0.0,"[50.0, 113.42428741492135, 113.42428741492135]",30
85,896344283,settled,Dl4a_0010,unmatched,,"[-0.38634312381259117, -0.4288502954339026, -0.23248445573040505, 0.7828009917167457]","[-0.00014954119689258863, -0.7073082032513064, 0.00017321173600343134, 0.7069052646914816]","[458.36013730722107, 5.824184175992494, 10.05281296036131]",5.240000000000085,100.0,0.0,"[50.0, 108.82724333240768, 108.82724333240769]",30
86,1869944201,settled,Dl4a_0010,unmatched,,"[0.670371325755256, 0.3999286459601908, 0.031112881082000495, -0.6242526350576072]","[0.0001018209279943505, 0.7072119785176166, 5.7735530742786256e-05, -0.7070015585133494]","[458.6617031689502, 5.817847100388268, 10.062681773516019]",5.330000000000115,100.0,0.0,"[50.0, 112.95636444337394, 112.95636444337394]",37
87,3190319407,settled,Dl4a_0007,unmatched,,"[-0.4447457840659689, 0.06240244522790489, 0.13797312136129672, 0.8827630147253258]","[-0.6122839194412659, 0.35368172479079146, 0.35359831092051014, 0.6123609018028623]","[458.8134263274903, 40.22170150671231, 7.18661862715729]",4.869999999999961,100.0,0.0,"[50.0, 110.16791660938574, 110.16791660938576]",14
88,987968938,settled,Dl4a_0002,unmatched,,"[-0.8775247888270632, -0.11605795115981574, -0.46151621007641014, -0.05902190104792356]","[-0.6830705187874535, 0.182995339861305, -0.682987580336023, 0.18290800162712706]","[458.1710399448569, 9.922267160062638, 5.816692818001987]",5.270000000000095,100.0,0.0,"[50.0, 104.52192111786424, 104.52192111786425]",33
89,48960437,settled,Dl4a_0006,unmatched,,"[0.2114012471439735, 0.6114095541866983, 0.6451706556466325, -0.406500547167762]","[0.6125845852682053, 0.35324450768466314, 0.3536704430018272, -0.6122709052611373]","[458.97544150654267, 40.23463958598235, 5.814089562292894]",4.879999999999964,100.0,0.0,"[50.0, 114.44033620886012, 114.44033620886012]",19
90,2405484524,settled,Dl4a_0004,unmatched,,"[-0.3417230195255686, -0.4212427763487342, 0.8142340509593118, 0.20688840363521335]","[-0.6125966450927967, -0.35332352383860566, 0.6124467535785032, 0.3532659224358792]","[458.1625798773941, 5.817347584958267, 9.906146061239777]",5.230000000000081,100.0,0.0,"[50.0, 100.8624174611271, 100.86241746112711]",30
91,3763400334,settled,Dl4a_0019,unmatched,,"[0.10769911928143597, 0.8032662467918286, -0.5638345914346622, 0.15891755715678432]","[0.3536461782181866, 0.6123076587378408, -0.612312034875204, 0.3536773722330023]","[458.6731200092399, 39.78343142642007, 7.1830839400662745]",4.969999999999994,100.0,0.0,"[50.0, 112.15869394494102, 112.15869394494104]",14
92,4209925572,settled,Dl4a_0009,unmatched,,"[-0.2551440352611338, -0.7322693535047043, 0.09629130523668734, 0.6240281241452846]","[-0.18270495266401457, -0.683054131802609, 0.1829580482691641, 0.6830683024946793]","[458.6269520094489, 10.069031806660627, 5.814159844049409]",5.0600000000000245,100.0,0.0,"[50.0, 89.77350147053407, 89.77350147053409]",33
93,4172993659,settled,Dl4a_0004,unmatched,,"[0.02061258821177018, -0.08279958466112873, -0.5816412641634049, -0.8089578417999006]","[0.6124179605652899, 0.35344576792341764, -0.6124162597652811, -0.35350623118861785]","[458.39291471808116, 5.820048260220081, 9.916399717574228]",5.760000000000258,100.0,0.0,"[50.0, 114.27056506026808, 114.2705650602681]",35
94,2147595062,settled,Dl4a_0021,unmatched,,"[0.2212092258062878, -0.37459868996068196, -0.8561954135913807, 0.2786964543064874]","[0.5001590861853143, -0.4998389981852184, -0.5001348845826773, 0.4998669439190199]","[458.94188954722387, 9.929004532523756, 5.815770944383699]",5.230000000000081,100.0,0.0,"[50.0, 103.8378332946788, 103.8378332946788]",28
95,3425188374,settled,Dl4a_0011,unmatched,,"[0.5059250338539225, 0.5109554085324367, 0.07321181329946617, 0.6910893292511195]","[0.00011730817782451554, 0.7071212677151577, -8.972276399094038e-05, 0.7070922789378522]","[458.74267306855126, 5.803428186742344, 9.918052859463607]",5.260000000000091,100.0,0.0,"[50.0, 106.56356150630843, 106.56356150630845]",40
96,3309235867,settled,Dl4a_0011,unmatched,,"[-0.24306734196876895, -0.9520584383161628, 0.18532314741948006, -0.012582858568879786]","[0.00019553352728846063, -0.7071443020565563, 0.0002625821085464053, -0.707069182531824]","[458.2410352101912, 5.821164354786631, 9.901747743821605]",5.790000000000268,100.0,0.0,"[50.0, 113.73320429736422, 113.73320429736424]",46
97,3869940862,settled,Dl4a_0010,unmatched,,"[0.4370446962991622, 0.5315879670277385, -0.0712213307553231, -0.7220344097018713]","[0.00024199464455892938, 0.707093223314311, -0.000169056360299763, -0.7071202771816949]","[458.69167100822193, 5.82097914482283, 10.058381654739042]",5.170000000000061,100.0,0.0,"[50.0, 104.29922449710688, 104.29922449710689]",26
98,3445858407,settled,Dl4a_0002,unmatched,,"[0.3661788719150667, -0.41659059920173236, 0.7948487591076118, 0.24613158384254633]","[0.682949955939563, -0.18347979456167784, 0.6828193056486063, -0.18350018665742227]","[458.9378057339508, 9.91680596438578, 5.820155998392895]",5.230000000000081,100.0,0.0,"[50.0, 112.35572755301959, 112.3557275530196]",26
99,683688611,settled,Dl4a_0002,unmatched,,"[-0.682405748726563, 0.305727349839879, -0.6632158721570864, 0.03158937453857804]","[-0.6829597827646527, 0.1831853837935758, -0.6830126681343689, 0.18303755204446193]","[458.4993367906342, 9.92275611045448, 5.809437383278706]",5.1200000000000445,100.0,0.0,"[50.0, 96.42468354821396, 96.42468354821398]",33
100,3671515462,settled,Dl4a_0021,unmatched,,"[0.6402118711341894, -0.3304223695691226, -0.27371010904364496, 0.6372068690421518]","[0.5003569138844322, -0.4997912788565452, -0.5001746273448952, 0.4996768740570066]","[458.46884035082155, 9.912095910925018, 5.819879388950339]",5.110000000000041,100.0,0.0,"[50.0, 105.81358051556715, 105.81358051556717]",33
101,3027130951,settled,Dl4a_0002,unmatched,,"[0.4323985038399516, -0.027103271289900536, 0.5777234325488388, 0.6917604947135565]","[0.6830309611547647, -0.182945432300824, 0.6830393345069249, -0.18291239001390908]","[458.143978091871, 9.92467172689136, 5.8175728828251305]",5.220000000000078,100.0,0.0,"[50.0, 106.53722456015566, 106.53722456015568]",41
102,3369736057,settled,Dl4a_0024,unmatched,,"[0.392632373983932, 0.52958689597549, 0.7336367340362236, 0.1647867742977288]","[0.6121527569132562, 0.3539012855808452, 0.6121809650835056, 0.3539171488599454]","[458.2534869888169, 5.818902521613148, 10.064822383378006]",5.140000000000051,100.0,0.0,"[50.0, 103.23004340882194, 103.23004340882194]",38
103,1655287705,settled,Dl4a_0024,unmatched,,"[-0.338374559147956, -0.8339932412337537, -0.3591333831681041, -0.24694360569181797]","[-0.6122424953479203, -0.3539051166697984, -0.6121090399639441, -0.3538824924738537]","[458.74107557159186, 5.826915750122072, 10.057789570890018]",5.230000000000081,100.0,0.0,"[50.0, 103.51561320122703, 103.51561320122704]",28
104,3004971955,settled,Dl4a_0024,unmatched,,"[0.5983807723644567, 0.14162009627689387, 0.0638763219609358, 0.7860050986398133]","[0.6123790340582487, 0.353561415811208, 0.6122930883480393, 0.35367134158238045]","[458.1621795670799, 5.820277767211984, 10.074812847531849]",5.360000000000125,100.0,0.0,"[50.0, 113.741812259182, 113.741812259182]",28
105,1256815592,settled,Dl4a_0002,unmatched,,"[-0.8963728679837667, 0.2073247730587596, -0.3124893183533954, -0.23639489405171335]","[-0.6830914252245491, 0.1830553902934093, -0.6829727386673885, 0.18282523651396948]","[458.3604021053353, 9.920766118112471, 5.814853279355615]",5.440000000000151,100.0,0.0,"[50.0, 108.6259214342255, 108.62592143422552]",37
106,267482411,settled,Dl4a_0004,unmatched,,"[0.4002740386498517, -0.1331578089714626, 0.5374979806924249, 0.7301682084591344]","[-0.6125427975686423, -0.3532617782503032, 0.612528163906256, 0.3532798969596855]","[458.2523779381362, 5.818216550078047, 9.923592605701243]",5.780000000000265,100.0,0.0,"[50.0, 109.0910209909329, 109.0910209909329]",33
107,2210323869,settled,Dl4a_0004,unmatched,,"[-0.03946429185382657, -0.17456744636691948, 0.9180226636504986, 0.35384059315100097]","[-0.6124242237108667, -0.35353108263172633, 0.6123584034660298, 0.35351029621485824]","[458.1677697659493, 5.803188791180913, 9.92200452979222]",5.360000000000125,100.0,0.0,"[50.0, 114.35834254655106, 114.35834254655107]",31
108,3218958405,settled,Dl4a_0002,unmatched,,"[-0.404214603219616, -0.0038812743139640593, -0.9040684339258072, 0.13876511460971241]","[-0.6829381071831739, 0.18342406117984722, -0.6828557445673593, 0.1834644043096988]","[458.7453061252042, 9.922010653286938, 5.819529073349983]",4.949999999999988,100.0,0.0,"[50.0, 106.54473667069534, 106.54473667069536]",22
109,3163371865,settled,Dl4a_0002,unmatched,,"[0.8462289503461226, -0.5167025404202564, -0.06457889602577149, 0.11289204802573749]","[0.6829566006204073, -0.18328473465634249, 0.6829498020726394, -0.18318448504148593]","[458.22266863719346, 9.913601006583574, 5.821128008426118]",5.740000000000252,100.0,0.0,"[50.0, 112.72691628836809, 112.72691628836807]",28
110,1394697297,settled,Dl4a_0021,unmatched,,"[-0.527043442183119, 0.08164700032060408, 0.5638111724638022, -0.6306155240678819]","[-0.5001157325582534, 0.4998723182138566, 0.5000120561290525, -0.4999998632568049]","[458.60369776988176, 9.912415805521018, 5.81184255946116]",5.1500000000000545,100.0,0.0,"[50.0, 102.61562117916468, 102.61562117916469]",43
111,4178031102,settled,Dl4a_0021,unmatched,,"[0.14205173309217967, 0.22217751906063563, 0.8725296558567031, -0.4112790473634079]","[-0.4999881533943934, 0.4999925180320352, 0.49995217590833835, -0.500067145673226]","[458.7213933456527, 9.935083381276932, 5.819366039810378]",5.610000000000208,100.0,0.0,"[50.0, 113.24498905829032, 113.2449890582903]",30
112,643453088,settled,Dl4a_0004,unmatched,,"[0.16125469630250971, -0.1583389287120832, -0.45793045026355916, -0.8597821871242212]","[0.6125710862655969, 0.3531627427511163, -0.6125557066173711, -0.35328210780393177]","[458.3752662457337, 5.829533335873596, 9.918257209433252]",5.6800000000002315,100.0,0.0,"[50.0, 112.21275111953656, 112.21275111953658]",30
113,3249835323,settled,Dl4a_0004,unmatched,,"[-0.4388154353499695, -0.6030056891706321, 0.6417647301759779, -0.17878250369827034]","[-0.6125873710398168, -0.353237115285386, 0.6124948332953326, 0.35328505829415957]","[458.820208327569, 5.819901792153145, 9.918337160482018]",5.210000000000075,100.0,0.0,"[50.0, 112.17400080533109, 112.1740008053311]",31
114,349764347,settled,Dl4a_0024,unmatched,,"[-0.30489753517779516, -0.43322652470872064, -0.6190352861678763, 0.5797823607271656]","[-0.6124064171665876, -0.353508664170715, -0.6123125946724078, -0.35364288622134615]","[458.1562311870184, 5.810651013074108, 10.07244358122693]",4.809999999999941,100.0,0.0,"[50.0, 113.27451610994704, 113.27451610994703]",18
115,317791015,settled,Dl4a_0022,unmatched,,"[0.5443368254782056, 0.8017468445001573, -0.08128455950703292, 0.2330069487120453]","[0.5000025831530656, 0.4999703121819794, 0.5000050371307421, 0.5000220661338869]","[458.3738099460591, 10.074009277047935, 5.815900969923151]",5.470000000000161,100.0,0.0,"[50.0, 112.95596852233435, 112.95596852233436]",37
116,4067508317,settled,Dl4a_0022,unmatched,,"[0.5955590242325951, 0.7207480982005338, 0.2068895066340097, 0.28814642048821065]","[0.5002493227814402, 0.4996231640257278, 0.5004010593313866, 0.49972601377720716]","[458.75369959812065, 10.061107501296407, 5.817222175973101]",5.260000000000091,100.0,0.0,"[50.0, 107.8938294337345, 107.89382943373451]",36
117,2385507088,settled,Dl4a_0002,unmatched,,"[0.7935180967557761, -0.5842239107778282, 0.16865601414313822, -0.02380338400102947]","[0.6830360126926439, -0.1829359929426819, 0.6830320190357922, -0.1829302840507788]","[458.60973129297014, 9.928460734757861, 5.820422966831956]",5.520000000000178,100.0,0.0,"[50.0, 112.90999433641696, 112.90999433641697]",30
118,1526028037,settled,Dl4a_0002,unmatched,,"[0.2630177601705282, -0.7900518183688993, 0.4937222272738805, -0.25075514834713364]","[0.6829321030072597, -0.1832464753834302, 0.6829431661189838, -0.18333876783978242]","[458.75316955700276, 9.92253551297987, 5.81212099849111]",5.300000000000105,100.0,0.0,"[50.0, 107.26014267574207, 107.26014267574209]",37
119,297824171,settled,Dl4a_0004,unmatched,,"[-0.933932999720975, 0.21481804800681226, 0.26642393429049765, 0.10315350464185136]","[-0.6124801327376918, -0.3534787683815762, 0.6124058094629596, 0.35338360437502014]","[458.87221443172274, 5.819245726188945, 9.90679556804187]",5.1200000000000445,100.0,0.0,"[50.0, 110.94198614088222, 110.94198614088224]",43
120,1353143832,settled,Dl4a_0004,unmatched,,"[0.5671219962586049, 0.5721035472805955, -0.5847319661804703, 0.09570109861091201]","[0.6124035029100058, 0.35349466971706217, -0.612445019907194, -0.35343254759014003]","[458.35858264721855, 5.816370085898475, 9.917220257371879]",5.130000000000048,100.0,0.0,"[50.0, 107.45358306524332, 107.45358306524334]",31
121,1739382006,settled,Dl4a_0022,unmatched,,"[0.9563955010837077, 0.2085247552370943, 0.03434642180192158, -0.2016070317959121]","[0.5000584375518352, 0.5000239280728415, 0.5000438915180241, 0.49987372099694727]","[458.833320728469, 10.073276523403736, 5.802720309410336]",5.790000000000268,100.0,0.0,"[50.0, 113.45314583606314, 113.45314583606316]",38
122,580680804,settled,Dl4a_0011,unmatched,,"[-0.16968873215430308, -0.36406722040316836, 0.42312173284399845, -0.8121753458477228]","[2.1193346477904607e-05, -0.7071027165113772, -1.8326790826417305e-05, -0.7071108452832566]","[458.3822634702245, 5.815572809226799, 9.920311020579437]",4.959999999999991,100.0,0.0,"[50.0, 107.05149789564743, 107.05149789564744]",22
123,2823014988,settled,Dl4a_0002,unmatched,,"[-0.41227841655831576, -0.6776159921022714, -0.6077500533991811, 0.03876786144108055]","[-0.6829161759470328, 0.18316032851086408, -0.6829867803091069, 0.18332170796900576]","[458.42397329756295, 9.918138223494585, 5.814718620738608]",5.170000000000061,100.0,0.0,"[50.0, 111.81390571816064, 111.81390571816064]",38
124,3517474495,settled,Dl4a_0022,unmatched,,"[-0.23672114932782023, 0.04142403951345284, -0.8289665791097921, -0.5050361938815002]","[-0.5001117904397145, -0.4998270382216336, -0.5002782188357948, -0.49978278550211935]","[458.48483660211235, 10.06569178215429, 5.818391851447224]",4.899999999999971,100.0,0.0,"[50.0, 113.64568548721506, 113.64568548721508]",25
125,1323262800,settled,Dl4a_0004,unmatched,,"[-0.6415921793379193, -0.5698607289892506, 0.4583733999693336, -0.23132671953065048]","[-0.6124417851157756, -0.35341894795832823, 0.6124639316499548, 0.353409167249677]","[458.6493562442694, 5.825363035730444, 9.919487011333835]",4.859999999999958,100.0,0.0,"[50.0, 109.12220185576687, 109.12220185576687]",34
126,975802718,settled,Dl4a_0004,unmatched,,"[0.1828500380211907, -0.3326974519297312, -0.8638549380056043, -0.3311086153491733]","[0.6124225483123507, 0.35340545762926484, -0.6125437945255218, -0.35331756908584655]","[458.75917659083456, 5.824078123589298, 9.915018305712216]",5.760000000000258,100.0,0.0,"[50.0, 109.29247980597226, 109.29247980597228]",34
127,2199045525,settled,Dl4a_0002,unmatched,,"[-0.22696590219673, 0.3044849169639917, -0.8281543798994311, 0.4122326256312622]","[-0.6830174904818003, 0.1831461254048638, -0.6829532249000856, 0.18308330629443803]","[458.76453097132077, 9.920076862341839, 5.8073297398771695]",5.000000000000004,100.0,0.0,"[50.0, 109.28650031119348, 109.28650031119349]",39
128,1193102617,settled,Dl4a_0009,unmatched,,"[0.264923181569912, 0.29490665124873133, -0.18009117139264283, -0.9002293846029246]","[0.1829160679607801, 0.6831607437723646, -0.1828863233296013, -0.6829243757467861]","[458.99343509246904, 10.086219024737735, 5.811849514016813]",5.280000000000098,100.0,0.0,"[50.0, 107.02539225368963, 107.02539225368965]",24
129,884894373,settled,Dl4a_0004,unmatched,,"[0.24323434425598156, -0.33171914018306525, 0.7142081939729147, 0.5663092101251029]","[-0.6123690111698864, -0.35342352445952496, 0.6125343945876534, 0.35340857652943314]","[458.52921604752123, 5.82283523354913, 9.918108543652588]",5.580000000000198,100.0,0.0,"[50.0, 108.2443532443911, 108.24435324439112]",32
130,3411013638,settled,Dl4a_0011,unmatched,,"[0.3126121128521153, -0.6949372831241458, -0.027806151001005218, -0.6469641855533245]","[0.00011664803120300939, -0.7071091808861035, 0.00022168230950547765, -0.70710433710788]","[458.296748898242, 5.8253763752930725, 9.917382087180389]",5.190000000000068,100.0,0.0,"[50.0, 99.15656480195338, 99.1565648019534]",36
131,805745625,settled,Dl4a_0010,unmatched,,"[-0.3424978912137264, 0.6707485143263009, 0.13948719511167293, -0.6429113060470228]","[8.586876069738292e-05, 0.7071072595537095, -0.00014497166956733976, -0.7071062827441247]","[458.962107878708, 5.8148048528068195, 10.069886048922607]",5.1800000000000646,100.0,0.0,"[50.0, 93.35348101269588, 93.3534810126959]",32
132,3780170430,settled,Dl4a_0004,unmatched,,"[-0.45454422231488245, -0.5278795953913799, 0.4315643283729163, 0.5731360337700163]","[-0.6124588767783835, -0.353429311286877, 0.6124314590593428, 0.35342545767543315]","[458.37997980427224, 5.81993452682439, 9.90663992261948]",5.160000000000058,100.0,0.0,"[50.0, 86.40787044222844, 86.40787044222846]",29
133,3127142703,settled,Dl4a_0022,unmatched,,"[0.8109661425997057, 0.5741242930685939, -0.029942342788381628, 0.10871369634863957]","[0.5002910491858344, 0.4997651950726995, 0.5003067939450744, 0.49963659576824887]","[458.44242024864405, 10.067549186839743, 5.816062215943765]",5.5600000000001915,100.0,0.0,"[50.0, 114.03351817558625, 114.03351817558627]",34
134,2145807442,settled,Dl4a_0001,unmatched,,"[-0.9662686388106635, 0.17809795131962475, 0.1504178008414682, -0.10945557352988719]","[-0.8658173963864101, 0.50036003305714, -0.00014659003737507725, 0.00022791462575433297]","[458.63179610676804, 7.188420880520928, 39.79282409023052]",5.0300000000000145,100.0,0.0,"[50.0, 113.78509354225818, 113.78509354225818]",32
135,7356014,settled,Dl4a_0021,unmatched,,"[0.4988490939016427, -0.7433352498905929, -0.3422532345282446, 0.2854207617510581]","[0.5003306195088655, -0.49975625823132797, -0.500341924269576, 0.49957072808433756]","[458.18588323423984, 9.912880118511866, 5.8175186457820205]",5.050000000000021,100.0,0.0,"[50.0, 102.146692350632, 102.14669235063201]",38
136,1854214563,settled,Dl4a_0011,unmatched,,"[-0.4786522849747108, 0.042381572721339654, -0.04037269627946136, 0.8760512757694499]","[-0.0002796365798980738, 0.7069948980557605, -0.0003017556683585221, 0.7072185269561485]","[458.5566930405704, 5.831148380607821, 9.906624897613042]",4.879999999999964,100.0,0.0,"[50.0, 110.53416849453266, 110.53416849453268]",25
137,3246756741,settled,Dl4a_0009,unmatched,,"[-0.08399953635894963, -0.5055213412894473, 0.5871633428450268, 0.626603112194197]","[-0.18313256247851636, -0.6829656841707461, 0.18309170396864044, 0.6830064177905629]","[458.6964051704894, 10.065663809517327, 5.816740172484281]",5.170000000000061,100.0,0.0,"[50.0, 102.13718201512962, 102.13718201512964]",37
138,4269520782,settled,Dl4a_0022,unmatched,,"[-0.5194752963382888, -0.681171635858136, -0.44299430503509846, -0.2643986851386907]","[-0.5001188649837413, -0.49974695373839145, -0.5002316099958536, -0.49990242995761547]","[458.37104002077933, 10.069775230603131, 5.816418448170078]",5.140000000000051,100.0,0.0,"[50.0, 97.43695334998314, 97.43695334998311]",30
139,3093880402,settled,Dl4a_0019,unmatched,,"[-0.05416076341648033, -0.7478633609396701, 0.6225989594738519, -0.22391413696379583]","[-0.35370179223662546, -0.6123363470535813, 0.6123377879607834, -0.3535274723143449]","[458.3428979266824, 39.797392802540955, 7.18577754108439]",5.050000000000021,100.0,0.0,"[50.0, 113.96429511781407, 113.96429511781409]",14
140,721312908,settled,Dl4a_0002,unmatched,,"[0.9460509825279109, 0.08363880904516226, 0.11253047497721545, -0.29211124641287545]","[0.6830958634315788, -0.18289118872550822, 0.6829447448089493, -0.18307738797316242]","[458.9719574406662, 9.925735874901639, 5.81741760899431]",5.430000000000148,100.0,0.0,"[50.0, 110.86219202059613, 110.86219202059614]",35
141,2185234596,settled,Dl4a_0004,unmatched,,"[0.658049694064986, 0.4307563872776133, -0.5116749430735624, 0.3458443112025753]","[0.6126798283983367, 0.353030880949044, -0.6127167335910899, -0.35294592977904143]","[458.26440339125065, 5.835788412798817, 9.909488644936765]",5.0300000000000145,100.0,0.0,"[50.0, 112.858857829311, 112.858857829311]",34
142,1811372632,settled,Dl4a_0002,unmatched,,"[-0.7830079767653161, 0.2912889024962417, -0.5406254869584637, 0.09886033813084501]","[-0.6830026484470184, 0.18284226260811592, -0.6831101072874285, 0.1828569674375616]","[458.449353315543, 9.92038969185427, 5.813973995411152]",5.070000000000028,100.0,0.0,"[50.0, 93.9270850173955, 93.92708501739551]",36
143,158871473,settled,Dl4a_0004,unmatched,,"[0.2953320344710821, 0.049810363611343736, -0.7414813692062492, -0.6004192670227223]","[0.612391384445706, 0.35346382869499915, -0.6124759243436386, -0.3534308364593409]","[458.8566615190784, 5.819990865519567, 9.9196382944501]",5.330000000000115,100.0,0.0,"[50.0, 110.60835698830793, 110.60835698830795]",35
144,3933942357,settled,Dl4a_0024,unmatched,,"[-0.5223161875567112, 0.16004639687034006, -0.6757715829697406, -0.4948774784889842]","[-0.6121746004882296, -0.3538950143538597, -0.6121173089920106, -0.353995730715693]","[458.7777989246283, 5.822681021659815, 10.062292630433861]",4.969999999999994,100.0,0.0,"[50.0, 107.20417116485065, 107.20417116485066]",21
145,2247311752,settled,Dl4a_0021,unmatched,,"[0.17245837010463527, -0.918707757440569, -0.27106461152521216, 0.22969140902101487]","[0.5002046593513947, -0.49982336926024074, -0.5002542359914863, 0.49971751788092295]","[458.2209454794403, 9.911812009624906, 5.822818380893923]",5.070000000000028,100.0,0.0,"[50.0, 109.12278031138467, 109.12278031138469]",34
146,2639539135,settled,Dl4a_0011,unmatched,,"[0.24645239917756623, 0.9491774324123663, 0.19576363711496306, -0.00012297239657634696]","[-8.001132541030076e-05, 0.7071408334994091, 2.53766651190368e-05, 0.7070727222513775]","[458.24314666418996, 5.820528743564096, 9.925132968123613]",5.790000000000268,100.0,0.0,"[50.0, 112.58564319390716, 112.58564319390717]",33
147,588020478,settled,Dl4a_0004,unmatched,,"[-0.5541136395536193, -0.535687911217833, 0.6371731857264717, 0.0026206157474491726]","[-0.6122943477758683, -0.3535681472189689, 0.612435338327571, 0.35356492094304753]","[458.594341953536, 5.816739975496724, 9.916577202254077]",5.140000000000051,100.0,0.0,"[50.0, 104.70330744180231, 104.70330744180232]",24
148,2481404281,settled,Dl4a_0007,unmatched,,"[0.47312332071797125, -0.36721755019782076, -0.5034863658683956, -0.6227415785092134]","[0.6122698366669681, -0.3536228462328478, -0.35361569913944607, -0.6123989443590712]","[458.19477087326254, 40.20771007125619, 7.1835827105532495]",5.020000000000011,100.0,0.0,"[50.0, 114.35670962519399, 114.356709625194]",16
149,3605935409,settled,Dl4a_0002,unmatched,,"[0.43758170113077044, -0.04842813697409204, 0.8423244287835887, 0.3109124105903791]","[0.6830353907138855, -0.1832044777431447, 0.6828913493408129, -0.18318891713931637]","[458.2734611247039, 9.91434749247766, 5.817212940972082]",5.0300000000000145,100.0,0.0,"[50.0, 106.17460571657182, 106.17460571657183]",44
150,1724216363,settled,Dl4a_0021,unmatched,,"[0.9038264397716476, -0.3574809547607453, -0.07814863091813816, 0.2218060532056667]","[0.4999513784474923, -0.4999801507638049, -0.5000151670530143, 0.5000532979069346]","[458.94352545037617, 9.916560027553473, 5.806395401329597]",4.839999999999951,100.0,0.0,"[50.0, 110.93010385899753, 110.93010385899753]",22
151,3705963873,settled,Dl4a_0022,unmatched,,"[-0.24027385609289806, -0.5535180547836926, -0.6057941642682696, -0.5185553660364869]","[-0.5000689907509995, -0.4999650313408979, -0.5001251503661837, -0.4998407805459392]","[458.2599622376113, 10.070879198560414, 5.820647037078255]",5.070000000000028,100.0,0.0,"[50.0, 99.54496937011123, 99.54496937011125]",31
152,3077038052,settled,Dl4a_0011,unmatched,,"[0.1080488437677232, 0.9024479935694852, 0.290136968917735, 0.2995556801833302]","[0.0001518486238981098, 0.7070644117415451, -5.743866351826109e-05, 0.7071491294567068]","[458.28149199248156, 5.805412674303133, 9.916503440558339]",5.370000000000128,100.0,0.0,"[50.0, 106.82572902524296, 106.82572902524298]",35
153,3012538924,settled,Dl4a_0003,unmatched,,"[-0.2967683441627183, 0.032054318743469104, 0.7489957090204642, 0.5915289497748546]","[-0.6828815457574842, -0.18352875929254434, 0.682804536555839, 0.18376058836207088]","[458.27241418697804, 9.987391581959793, 7.192417037767757]",5.0900000000000345,100.0,0.0,"[50.0, 109.20600754421953, 109.20600754421955]",28
154,339579960,settled,Dl4a_0010,unmatched,,"[0.10943307599770635, -0.7653763970695862, 0.4390938896072842, 0.457624222256652]","[-9.492668955735084e-05, -0.7071646901424701, -3.356652633113022e-05, 0.7070488603186602]","[458.67218248541553, 5.819683407927609, 10.053672743382801]",5.110000000000041,100.0,0.0,"[50.0, 109.23591859486658, 109.23591859486659]",27
155,3595527923,settled,Dl4a_0004,unmatched,,"[0.2823598288094946, 0.23222413686361007, -0.7567781334317684, -0.5418779697424069]","[0.612441758875362, 0.3534125603665034, -0.6125015131476432, -0.3533504642033078]","[458.21036534293216, 5.822930699001198, 9.913315929404781]",5.350000000000121,100.0,0.0,"[50.0, 109.7229245585257, 109.72292455852572]",47
156,863450078,settled,Dl4a_0021,unmatched,,"[0.7155061920956329, -0.5773152119456528, -0.01774451200080499, 0.39299257934827014]","[0.5001848931913996, -0.49985930401203543, -0.5001250725998025, 0.4998306318871965]","[458.18866559460963, 9.927202227407408, 5.819475760050546]",4.759999999999924,100.0,0.0,"[50.0, 107.89133711509636, 107.89133711509638]",35
157,1293846983,settled,Dl4a_0004,unmatched,,"[-0.18121937706311114, -0.3645890702557667, 0.8980017844289259, -0.16681469476445587]","[-0.6122774278680833, -0.35356959800888615, 0.6124770980169782, 0.35352043093968377]","[458.7090128938428, 5.815731675257117, 9.913125905912917]",5.6200000000002115,100.0,0.0,"[50.0, 108.96142932674972, 108.96142932674974]",30
158,297175216,settled,Dl4a_0010,unmatched,,"[-0.8477666509896012, -0.1312003505967588, -0.01452264579268696, 0.5136801205345047]","[0.00015005943659227028, -0.7070897170183205, -1.814010049688841e-05, 0.7071238287881789]","[458.72670862744116, 5.816984257742572, 10.068980514147468]",5.500000000000171,100.0,0.0,"[50.0, 112.93909115940025, 112.93909115940026]",37
159,1619853330,settled,Dl4a_0012,unmatched,,"[0.15586584480866492, 0.8197316892259058, 0.5503561712418267, -0.029221240168093774]","[-1.3236370349938185e-05, 0.7071326952652084, 0.7070808461115384, 0.00016785098019815036]","[458.9874899456464, 40.211086298192036, 5.81573787532556]",5.1200000000000445,100.0,0.0,"[50.0, 113.6212610574495, 113.62126105744952]",20
160,1315304267,settled,Dl4a_0002,unmatched,,"[-0.4261424284512491, 0.323448349614014, -0.8134978350905626, 0.22804619731232195]","[-0.682895380029228, 0.18338886184634196, -0.6829168000789121, 0.18343137532990064]","[458.1656425007754, 9.921419524927446, 5.818824134490418]",5.080000000000031,100.0,0.0,"[50.0, 98.23476784234104, 98.23476784234106]",40
161,3174143715,settled,Dl4a_0009,unmatched,,"[0.21028905661679084, 0.04956162990199746, 0.6021092416687611, -0.7686264493274656]","[0.18275570139892264, 0.6830762257309129, -0.1826696500615043, -0.6831098172283916]","[458.52126778857735, 10.069157287500982, 5.818742717127963]",5.660000000000225,100.0,0.0,"[50.0, 112.22566866442303, 112.22566866442304]",39
162,1039824701,settled,Dl4a_0021,unmatched,,"[0.01929008521369939, -0.13940476716176264, -0.33327631338561314, 0.9322666477146534]","[0.49989846539580696, -0.5001006542733707, -0.4999178267352135, 0.5000830195103658]","[458.309785357793, 9.922133242247426, 5.814730068857487]",5.440000000000151,100.0,0.0,"[50.0, 114.56907023814445, 114.56907023814446]",30
163,721441559,settled,Dl4a_0021,unmatched,,"[0.46336501333295005, -0.46209886921724336, -0.18784827917029898, 0.732441481280148]","[0.5000325917544121, -0.49997822249853696, -0.5000693311220717, 0.4999198418563646]","[458.75213768581943, 9.918094506525893, 5.819231309555667]",5.110000000000041,100.0,0.0,"[50.0, 102.69952797310066, 102.69952797310067]",41
164,4105799406,settled,Dl4a_0010,unmatched,,"[0.8527785751162813, 0.07031150942377336, -0.23963750908264853, -0.45869255248571367]","[0.00033443111696301875, 0.7070920329266506, -0.0003930801188246069, -0.7071213408005056]","[458.50738718620084, 5.81595615659758, 10.073669975288748]",5.200000000000071,100.0,0.0,"[50.0, 109.38906779341353, 109.38906779341355]",31
165,1633137197,settled,Dl4a_0007,unmatched,,"[0.7236837473945174, -0.25836959954595595, -0.3369182255788813, -0.5440708529780555]","[0.6123708033658743, -0.3536713873308867, -0.35351612276381505, -0.6123274450116694]","[458.1598780188793, 40.21462546290855, 7.181107946619931]",5.0600000000000245,100.0,0.0,"[50.0, 114.53361488600217, 114.53361488600218]",22
166,1521883525,settled,Dl4a_0021,unmatched,,"[-0.5517513661834995, 0.22633379929291328, 0.7597306458933603, -0.2591385476974333]","[-0.5001076051398011, 0.4998999789063264, 0.5000692219266218, -0.4999231617483734]","[458.2982846010243, 9.927128691105453, 5.819127605484377]",5.1200000000000445,100.0,0.0,"[50.0, 95.13901927016462, 95.13901927016461]",29
167,3988848284,settled,Dl4a_0002,unmatched,,"[0.7716485919791595, -0.43616381321231806, 0.404354639949391, 0.22542604927574153]","[0.6829786493348146, -0.1833577725061286, 0.68288273691531, -0.18327918440848298]","[458.2098973317094, 9.921586552178406, 5.810217526798472]",5.600000000000205,100.0,0.0,"[50.0, 106.7860822474951, 106.7860822474951]",34
168,2356674901,settled,Dl4a_0021,unmatched,,"[-0.27157585302068527, 0.8944891783916432, 0.23089258753045264, -0.2698597391605915]","[-0.49999113865909495, 0.5000222234245096, 0.5000264027663835, -0.49996023229903186]","[458.237153465811, 9.922984842691928, 5.812979018314511]",5.1200000000000445,100.0,0.0,"[50.0, 109.31836490379841, 109.31836490379841]",33
169,3622559309,settled,Dl4a_0022,unmatched,,"[-0.28730237314646756, 0.13582052279844167, -0.8446638484557238, 0.4307587666932988]","[-0.5002895823968037, -0.4998144266273281, -0.500114264668064, -0.4997815472343381]","[458.5005507653495, 10.065693057847726, 5.816430180076148]",5.0300000000000145,100.0,0.0,"[50.0, 110.31510228620266, 110.31510228620267]",32
170,855568988,settled,Dl4a_0021,unmatched,,"[-0.05865782718403258, -0.1040160805530854, 0.9877741037645836, -0.10021094864582358]","[-0.5000143175098519, 0.4999650344065245, 0.500013594003874, -0.5000070524176323]","[458.92757316690603, 9.936625161801848, 5.8177460115107404]",5.690000000000235,100.0,0.0,"[50.0, 113.99357567060767, 113.99357567060768]",36
171,2610361744,settled,Dl4a_0024,unmatched,,"[0.8768837609624777, 0.09896632620723421, 0.0167945194244441, -0.47010475444803335]","[0.612411424464671, 0.35347709487207496, 0.6124431348174652, 0.35343966557378237]","[458.63887779994184, 5.810437802738041, 10.07613600393643]",5.740000000000252,100.0,0.0,"[50.0, 112.20246402641473, 112.20246402641475]",44
172,3797455899,settled,Dl4a_0021,unmatched,,"[-0.4969180501798989, 0.4726899551502556, 0.24221087694672733, -0.686272940450193]","[-0.5000371425428818, 0.4999342916177081, 0.5000229119280691, -0.5000056476573286]","[458.5923598541908, 9.927854688946397, 5.816668211683909]",5.1200000000000445,100.0,0.0,"[50.0, 100.95990201576956, 100.95990201576957]",29
173,3701701166,settled,Dl4a_0024,unmatched,,"[0.038018151991904496, 0.4712419557531807, 0.8264302886090928, 0.30577543610716856]","[0.6123291156438339, 0.353568057249202, 0.6123856863585878, 0.3535908004614752]","[458.86593553268875, 5.822144818615703, 10.073992522710004]",4.839999999999951,100.0,0.0,"[50.0, 107.38106431791202, 107.38106431791203]",41
174,1820757617,settled,Dl4a_0010,unmatched,,"[-0.5010353124202004, 0.6673439701378755, -0.2903095196649054, -0.46833324035406926]","[0.00029498797330312904, 0.7070624016043696, -0.0002392516982965553, -0.7071510559832189]","[458.9299223037598, 5.816242794376466, 10.069734536448077]",5.020000000000011,100.0,0.0,"[50.0, 112.65403427191461, 112.65403427191461]",26
175,3255375637,settled,Dl4a_0021,unmatched,,"[0.16079504159719665, 0.03163046504438766, 0.9836813166119124, -0.07426665218983812]","[-0.5000503621156309, 0.4998961029416068, 0.500179385812414, -0.49987408776624653]","[458.3972325091141, 9.919267094050793, 5.821812294793804]",5.730000000000248,100.0,0.0,"[50.0, 114.22075638196964, 114.22075638196965]",35
176,1973362254,settled,Dl4a_0021,unmatched,,"[0.4370329981051625, 0.6281019972483824, 0.25933110964107237, -0.5892685425102347]","[-0.5001884512688047, 0.49987235288695037, 0.5001311355668491, -0.49980795439167724]","[458.14322122460123, 9.92609537882042, 5.8237002830530695]",5.080000000000031,100.0,0.0,"[50.0, 111.7873232756926, 111.78732327569261]",35
177,817567550,settled,Dl4a_0009,unmatched,,"[-0.6508066209752018, 0.08221533458115264, 0.55707091057372, 0.5092773129122438]","[-0.18286936835859272, -0.6830813048140468, 0.18294193214483798, 0.6830014455275936]","[458.1931485864423, 10.071159744995343, 5.803616370432979]",5.250000000000088,100.0,0.0,"[50.0, 108.46549377072634, 108.46549377072634]",33
178,3034277235,settled,Dl4a_0002,unmatched,,"[0.8184751723934598, -0.1985326357737203, 0.4910595501215825, -0.22258414800390608]","[0.6830096773691136, -0.18299284514521857, 0.6830482210135306, -0.182911254481644]","[458.89826125915164, 9.918656558227864, 5.822125004642789]",5.110000000000041,100.0,0.0,"[50.0, 95.85619759608858, 95.85619759608859]",28
179,422340604,settled,Dl4a_0010,unmatched,,"[-0.10515306509406758, -0.6939169060083207, 0.5688745799846401, 0.4287235387804846]","[-0.0003275920029199297, -0.7071017692538956, 0.00028466032885257614, 0.7071116599024424]","[458.89551639248333, 5.825489179271842, 10.070379231264251]",5.020000000000011,100.0,0.0,"[50.0, 108.84558325420906, 108.84558325420907]",47
180,2537213971,settled,Dl4a_0021,unmatched,,"[0.23132630909009871, 0.46561995068971057, -0.8276594625733378, 0.21134335630740153]","[0.500039973429784, -0.5000179249051888, -0.5000120545343003, 0.49993004017186027]","[458.7546908712346, 9.933489266352959, 5.812896292679457]",5.470000000000161,100.0,0.0,"[50.0, 112.74508551615423, 112.74508551615422]",30
181,2777209301,settled,Dl4a_0002,unmatched,,"[0.32930012781810725, 0.01867638849719574, 0.9112679827706169, -0.24658321497792762]","[0.6830553925456191, -0.18282620213426395, 0.6830597227739321, -0.1828642273696812]","[458.89736269025803, 9.926791192726405, 5.814996575304428]",4.869999999999961,100.0,0.0,"[50.0, 109.56707390699547, 109.56707390699547]",28
182,3393578195,settled,Dl4a_0004,unmatched,,"[-0.15397492832795756, 0.3309463782688252, -0.9275545927691834, -0.08005431649787881]","[0.6123499894888765, 0.35345098153096716, -0.6125377856674635, -0.35340819905227083]","[458.75737543364846, 5.819990884964661, 9.904261649983436]",5.530000000000181,100.0,0.0,"[50.0, 109.01172504190966, 109.01172504190966]",41
183,968986378,settled,Dl4a_0004,unmatched,,"[-0.4905117620949998, -0.29508233684492746, 0.22153130108786623, 0.7894608973007544]","[-0.6126714861915368, -0.35309400564876936, 0.6126351149044772, 0.35303893435248523]","[458.36887066408235, 5.835270013840297, 9.906044649060357]",5.430000000000148,100.0,0.0,"[50.0, 107.48548988543874, 107.48548988543874]",27
184,688328363,settled,Dl4a_0024,unmatched,,"[0.6574786135502686, 0.48651254614584893, 0.39037759997999605, 0.4226496712415117]","[0.6123428686179432, 0.3534961996713002, 0.6124281740762002, 0.35356524103535425]","[458.8953266629178, 5.827738836222607, 10.067264043279716]",5.190000000000068,100.0,0.0,"[50.0, 92.62875781711381, 92.62875781711382]",41
185,4152859901,settled,Dl4a_0005,unmatched,,"[0.8341644144507744, 0.048874222441177215, 0.5394240533290614, -0.10393618587774474]","[0.612695855076292, -0.35289544109637594, 0.6127813023302819, -0.35294145738369875]","[458.1714595403615, 7.205931139472875, 9.986465176185748]",5.290000000000101,100.0,0.0,"[50.0, 96.95296650594153, 96.9529665059415]",25
186,1795468969,settled,Dl4a_0022,unmatched,,"[0.6958911543690574, 0.6723588408308361, 0.1118583646721971, -0.22617868308126884]","[0.5000114683154419, 0.49993609632729974, 0.5001283238799907, 0.4999240850319658]","[458.7712796205421, 10.073331242956014, 5.8122654977404355]",5.6200000000002115,100.0,0.0,"[50.0, 111.10960743584207, 111.10960743584208]",40
187,2590496957,settled,Dl4a_0022,unmatched,,"[0.1047572316295402, 0.8643758926302282, 0.4643415446167823, 0.16207149226163065]","[0.5001818748475739, 0.49990542475023814, 0.49999319029235106, 0.4999194615540856]","[458.155782136791, 10.0767979100496, 5.816172968918947]",5.100000000000038,100.0,0.0,"[50.0, 110.1473661621745, 110.14736616217452]",27
188,3299187091,settled,Dl4a_0009,unmatched,,"[0.20222460773203968, 0.2009896358457774, -0.3863384758428723, -0.8771835363215675]","[0.18242459260030852, 0.6831279026601287, -0.18251275092744912, -0.683188577459167]","[458.5590801039609, 10.072535960337257, 5.818109240502419]",5.400000000000138,100.0,0.0,"[50.0, 112.26702384309286, 112.26702384309287]",29
189,1977285233,settled,Dl4a_0011,unmatched,,"[-0.32756654353009235, 0.8699542333514705, 0.3587758928499423, 0.08461471587927127]","[-0.0002706435248730765, 0.7070248809724281, -0.0001551244406459984, 0.7071886031140591]","[458.7606948032845, 5.825355456610523, 9.916501200174022]",5.550000000000188,100.0,0.0,"[50.0, 108.78860003619843, 108.78860003619845]",34
190,2229299064,settled,Dl4a_0021,unmatched,,"[-0.619164876115041, -0.029487633076919168, 0.09038781523465148, -0.7794840463653336]","[-0.5000690460855188, 0.49984819737813524, 0.5000907526834084, -0.49999196774097315]","[458.32527452557457, 9.920325397413984, 5.81180786080727]",4.939999999999984,100.0,0.0,"[50.0, 113.62668890474224, 113.62668890474225]",16
191,621973311,settled,Dl4a_0004,unmatched,,"[0.16166114230001008, 0.06193822841095333, -0.8426691729137268, -0.5098411477631677]","[0.6122151790671536, 0.35381262245947653, -0.6121191777930297, -0.354004682011561]","[458.17475388794713, 5.812793486845722, 9.930001862787991]",5.520000000000178,100.0,0.0,"[50.0, 113.59293356861707, 113.59293356861708]",33
192,3137073118,settled,Dl4a_0022,unmatched,,"[-0.9517371159511713, -0.13330978245545402, -0.10058018127309286, -0.2575045458971512]","[-0.5002118973883891, -0.49979407613518834, -0.5002455427327402, -0.4997482727807143]","[458.3319147370469, 10.07750827241296, 5.812073773148622]",5.520000000000178,100.0,0.0,"[50.0, 110.6622714910183, 110.6622714910183]",27
193,1722482046,settled,Dl4a_0011,unmatched,,"[0.08813421819190732, -0.994524617110877, -0.03387195651061283, 0.0447865616709708]","[5.676693956607748e-05, -0.7071969603976487, 6.488250690422914e-05, -0.7070165852171373]","[458.9261027520526, 5.8242211301984455, 9.915710525700744]",5.750000000000255,100.0,0.0,"[50.0, 113.52336637103618, 113.52336637103618]",45
194,2843863878,settled,Dl4a_0002,unmatched,,"[-0.792454714480961, 0.19954686388438475, -0.5738415226829097, 0.0538746828831977]","[-0.6829371170811596, 0.18321713521330987, -0.6829261742679452, 0.1834126930636222]","[458.5997227933037, 9.917152172304235, 5.8288202229482104]",5.080000000000031,100.0,0.0,"[50.0, 93.18271834959108, 93.18271834959107]",37
195,3220027874,settled,Dl4a_0021,unmatched,,"[0.7896857943755625, -0.03461262758727217, -0.1393528469326443, 0.5964722090967093]","[0.5001914573662285, -0.49987243234420614, -0.5001539025190992, 0.4997820836675232]","[458.1881485252308, 9.914857811235057, 5.815554884569711]",4.869999999999961,100.0,0.0,"[50.0, 113.08275106060798, 113.08275106060796]",34
196,2854411774,settled,Dl4a_0021,unmatched,,"[0.25812684870484337, -0.42701643641739917, -0.8403627789845408, 0.21170236820704633]","[0.4996703173779653, -0.5002386453030025, -0.4998567423224958, 0.5002340540502641]","[458.4020721210245, 9.920317896893895, 5.808939360057771]",5.420000000000145,100.0,0.0,"[50.0, 103.40831901786544, 103.40831901786545]",32
197,656915034,settled,Dl4a_0004,unmatched,,"[0.12784497927697372, 0.19566603027633855, -0.8798667290965462, 0.4137692652898647]","[0.612310991214201, 0.35350146226049056, -0.6124750214772109, -0.35353403553896745]","[458.96255601547017, 5.820039953691287, 9.915785873241733]",5.390000000000135,100.0,0.0,"[50.0, 111.24294893551856, 111.24294893551857]",32
198,3284494407,settled,Dl4a_0009,unmatched,,"[0.06860253914579117, 0.045309811010266335, -0.15727795108926526, 0.9841261904604139]","[-0.18306988461467077, -0.6830129574549182, 0.18303373808131584, 0.6829914845880859]","[458.64605651632917, 10.0832425167643, 5.822144188467087]",5.820000000000278,100.0,0.0,"[50.0, 114.18060459799042, 114.18060459799044]",37
199,1067328885,settled,Dl4a_0009,unmatched,,"[-0.25591978843345803, -0.19766273096154707, 0.15568931420534965, -0.9333784570683347]","[0.18279317238788312, 0.6831749174309828, -0.18276872669180982, -0.6829745828835785]","[458.166232439651, 10.059425273580613, 5.816614962261699]",5.540000000000185,100.0,0.0,"[50.0, 111.38659440113564, 111.38659440113565]",33
200,1022616554,settled,Dl4a_0002,unmatched,,"[-0.8238360682547088, 0.3606969984141823, -0.22922594801049753, 0.37235369306119537]","[-0.683016308619158, 0.18302530900000508, -0.6829752923748984, 0.18312620902299548]","[458.18315055904037, 9.919470582893737, 5.815952237505968]",5.290000000000101,100.0,0.0,"[50.0, 106.25212685570182, 106.25212685570183]",33
201,2676922396,settled,Dl4a_0010,unmatched,,"[0.5670889684174194, 0.5750736296769055, 0.14364165261314565, -0.5718981535064273]","[0.000688510147443755, 0.7071063006443797, -0.0007429539419572253, -0.7071065362180137]","[458.44645932654066, 5.83528311382739, 10.066479977932692]",5.1500000000000545,100.0,0.0,"[50.0, 112.18941609886727, 112.18941609886728]",30
202,2816620340,settled,Dl4a_0022,unmatched,,"[-0.7565840465540268, 0.6103532874587686, 0.21623990110412925, 0.09104806510126615]","[-0.5000873332258338, -0.49988573429129807, -0.5001490073750352, -0.49987786730449557]","[458.37133590870764, 10.078954040757019, 5.823381143033281]",6.050000000000355,100.0,0.0,"[50.0, 113.20230832116562, 113.20230832116563]",31
203,955953799,settled,Dl4a_0004,unmatched,,"[0.11073782713774945, 0.9170597891921606, -0.07497005608619735, -0.37565671480498297]","[0.612368369164664, 0.35359801993611784, -0.6123668828361696, -0.35352541853363206]","[458.5144041938672, 5.821388199493101, 9.922169973237875]",5.170000000000061,100.0,0.0,"[50.0, 106.3134983652287, 106.31349836522871]",32
204,2242742075,settled,Dl4a_0004,unmatched,,"[-0.5055708590298321, -0.21761777531037735, 0.4139789610763628, 0.725025537588115]","[-0.6123413811385515, -0.35358120143178867, 0.6123814288489571, 0.35356378850257575]","[458.74376179699277, 5.812216068717879, 9.919676034334586]",5.240000000000085,100.0,0.0,"[50.0, 104.06066640904594, 104.06066640904595]",27
205,563646561,settled,Dl4a_0022,unmatched,,"[0.1809966848044624, -0.019574520890661435, 0.7801086826909813, 0.5985711999518831]","[0.499936534331421, 0.5001207989271872, 0.4999354427941397, 0.5000072011074915]","[458.632593254894, 10.075687965848077, 5.818704348061636]",4.839999999999951,100.0,0.0,"[50.0, 114.42163449383568, 114.4216344938357]",34
206,1252269686,settled,Dl4a_0009,unmatched,,"[-0.011368646951402817, -0.28266853817251103, 0.7576322028925588, 0.5881859370420873]","[-0.1825505238581883, -0.6831195795276185, 0.18254844467904277, 0.6831537247577395]","[458.61780445185065, 10.06921861179484, 5.801303487705875]",5.370000000000128,100.0,0.0,"[50.0, 111.59093916755194, 111.59093916755194]",34
207,4027616480,settled,Dl4a_0024,unmatched,,"[-0.68043651234536, -0.516815929602009, -0.050263332945028244, -0.5170890106530511]","[-0.6123614991042546, -0.3535467863237722, -0.6123633052926751, -0.353594749149295]","[458.74437717529423, 5.811274996291239, 10.068082522398694]",5.420000000000145,100.0,0.0,"[50.0, 106.65434924895193, 106.65434924895195]",40
208,3293718972,settled,Dl4a_0024,unmatched,,"[-0.08516311405964443, 0.5620827045333399, 0.651702175353801, 0.5020901830421239]","[0.6122840212977876, 0.3536921491220407, 0.6122859683100642, 0.3537174492775975]","[458.7561170818328, 5.82484747993221, 10.06355779234221]",5.0600000000000245,100.0,0.0,"[50.0, 112.03088502760113, 112.03088502760113]",33
209,1890189631,settled,Dl4a_0010,unmatched,,"[-0.3394955856316147, 0.8200204556643811, -0.259860350300175, -0.3805020341213674]","[0.0008132936273941571, 0.7070930657223461, -0.0008483132955723616, -0.7071195198305603]","[458.9182931789809, 5.836241892147634, 10.0534560757609]",4.969999999999994,100.0,0.0,"[50.0, 107.20103272852829, 107.2010327285283]",43
210,3852779429,settled,Dl4a_0019,unmatched,,"[-0.07873436011047828, 0.8811833971798156, -0.4645710261040449, -0.03860677113237618]","[0.3538626454581238, 0.6121860624838359, -0.612741732809221, 0.352926368983487]","[458.9879243354495, 39.79779935383508, 7.184046323350814]",5.0600000000000245,100.0,0.0,"[50.0, 109.78433191209318, 109.7843319120932]",19
211,3574699569,settled,Dl4a_0016,unmatched,,"[-0.014546357465746501, -0.03992950916464047, 0.7826885063450515, -0.6209611419547136]","[-0.00016626646884976282, 9.173613822288651e-05, 0.866073623463014, -0.49991643569859545]","[458.2905396138185, 7.18465714029666, 40.21055698526375]",4.769999999999928,100.0,0.0,"[50.0, 113.28284068571693, 113.28284068571695]",28
212,2869775536,settled,Dl4a_0004,unmatched,,"[-0.3863819961020629, 0.2479889883113953, 0.7960141815311683, 0.39442595954848136]","[-0.6124918032580958, -0.3533389641974235, 0.612499365715224, 0.35334104533720145]","[458.91698794491856, 5.835651912378944, 9.921528254955673]",5.630000000000215,100.0,0.0,"[50.0, 107.38537641244827, 107.38537641244827]",36
213,4134650688,settled,Dl4a_0002,unmatched,,"[-0.7081233746404337, 0.6882251021543365, -0.14514896229160873, 0.0619618737464115]","[-0.6829700638843204, 0.18327935263758954, -0.6829298575279527, 0.18321402902464637]","[458.6638466801841, 9.920140175846651, 5.816000116878615]",5.520000000000178,100.0,0.0,"[50.0, 113.83360592721762, 113.8336059272176]",39
214,2427166635,settled,Dl4a_0004,unmatched,,"[-0.7325272346230783, -0.4320528088242486, 0.4107407595996201, -0.3286734691545241]","[-0.6123394982958008, -0.35360809284413985, 0.6123226933326842, 0.3536418735554159]","[458.6895944944483, 5.816989045006167, 9.915507244886394]",4.909999999999974,100.0,0.0,"[50.0, 110.74240508362345, 110.74240508362347]",29
215,1727678526,settled,Dl4a_0024,unmatched,,"[-0.817861978484829, -0.44515403845660717, -0.3381080399473218, 0.13646471894828646]","[-0.6119861524995113, -0.3540951050286214, -0.6121287357397623, -0.35410170378756295]","[458.54229910048383, 5.83029104705445, 10.055254134384132]",5.400000000000138,100.0,0.0,"[50.0, 109.16987811113941, 109.16987811113943]",50
216,1757121035,settled,Dl4a_0004,unmatched,,"[-0.9059781301467139, -0.3465295566639513, 0.21530600688523707, -0.11297883630699883]","[-0.6124594846922333, -0.35334152380960127, 0.6125225248576397, 0.3533543599624252]","[458.53399679110817, 5.820847561120279, 9.920409529335807]",4.749999999999921,100.0,0.0,"[50.0, 112.76544118926147, 112.76544118926147]",36
217,3717735769,settled,Dl4a_0011,unmatched,,"[0.5094001570299311, -0.5002641495458026, -0.18323984826967746, -0.6757739405327805]","[0.00038620218109702847, -0.7071058705838948, 0.0004817249587452666, -0.7071074222313974]","[458.4466900728334, 5.827095350726093, 9.916140665901333]",5.260000000000091,100.0,0.0,"[50.0, 112.7757521953894, 112.77575219538942]",28
218,3836871440,settled,Dl4a_0009,unmatched,,"[-0.4194565967077174, -0.8442144356203974, -0.1926679974710818, 0.2724650306351189]","[-0.18283801873798577, -0.6829844355608556, 0.1828710171978948, 0.6831256917687951]","[458.1467973842952, 10.070286398690717, 5.813532084236548]",5.020000000000011,100.0,0.0,"[50.0, 110.46455773205423, 110.46455773205423]",30
219,2749509740,settled,Dl4a_0011,unmatched,,"[-0.1597855590775447, 0.9155824751788669, -0.36890595336263704, -0.009257636265270899]","[0.00012077275604710502, 0.7070454446400788, 0.00019810514362489373, 0.7071680743514988]","[458.81688502284317, 5.8177384678097175, 9.925402359476738]",5.700000000000238,100.0,0.0,"[50.0, 109.4091090722328, 109.40910907223281]",39
220,2774629600,settled,Dl4a_0009,unmatched,,"[-0.30825961786575184, -0.5268689113523266, 0.49770258237844495, 0.616179598605392]","[-0.18307469811193894, -0.683006636192789, 0.1829625440471506, 0.6830155908203179]","[458.5670226732448, 10.069274717361127, 5.81918222341145]",5.080000000000031,100.0,0.0,"[50.0, 93.38402190795045, 93.38402190795047]",34
221,4108662306,settled,Dl4a_0011,unmatched,,"[-0.3062271054652854, -0.3870148795577624, -0.8664927602010577, 0.07506490124149866]","[0.00023894844384725333, -0.7071391943593288, 0.00021487888351745532, -0.7070742935021369]","[458.8819333134993, 5.820919063993305, 9.91811268172278]",5.130000000000048,100.0,0.0,"[50.0, 109.46458131537716, 109.46458131537717]",28
222,3915063510,settled,Dl4a_0011,unmatched,,"[0.46725796019968024, 0.8012846212229413, -0.1304090628171751, 0.3501520109278076]","[-3.405197066869148e-05, 0.7071276329437455, -3.9156763952580276e-05, 0.7070859269102919]","[458.4470642779701, 5.820678880823459, 9.918749819079906]",5.460000000000158,100.0,0.0,"[50.0, 108.85457983061258, 108.8545798306126]",34
223,4074036573,settled,Dl4a_0022,unmatched,,"[-0.22252096209612113, -0.8929375005362474, -0.2719299177765263, -0.2814270089773681]","[-0.5003391063961814, -0.49967452839063087, -0.5003170973603704, -0.49966883670803897]","[458.90306413295025, 10.067736998014697, 5.814442187627443]",5.190000000000068,100.0,0.0,"[50.0, 107.65243270929625, 107.65243270929625]",30
224,1229361572,settled,Dl4a_0011,unmatched,,"[-0.5077338642986794, -0.31380879933589584, 0.060137209423592304, -0.8000711696758213]","[-9.753972838302816e-05, -0.70708513209002, 7.614297838506867e-05, -0.7071284187935648]","[458.5336718674194, 5.811587397719364, 9.917872603074]",5.170000000000061,100.0,0.0,"[50.0, 111.55574742635619, 111.5557474263562]",36
225,1745034590,settled,Dl4a_0002,unmatched,,"[-0.40236593803313664, 0.6784087334039052, -0.5993055388273092, -0.1367337320595452]","[-0.6828865357277969, 0.1833910081049783, -0.6829115106142479, 0.1834818414407659]","[458.6001551855935, 9.915614296640687, 5.820859799981014]",5.350000000000121,100.0,0.0,"[50.0, 112.98850408878589, 112.9885040887859]",27
226,4151795851,settled,Dl4a_0004,unmatched,,"[0.37827042312259135, 0.7093878632050035, -0.5596843583528156, -0.20108148980772006]","[0.61239999284398, 0.3535984708045764, -0.6123625774460951, -0.3534776427907907]","[458.7139836334616, 5.822777326706384, 9.915617287961265]",5.130000000000048,100.0,0.0,"[50.0, 106.43648681159213, 106.43648681159213]",31
227,2697486113,settled,Dl4a_0021,unmatched,,"[-0.638297706726111, 0.517839873353241, 0.35548034649844024, -0.4450299163056749]","[-0.5003407554268658, 0.4996374625256682, 0.5004387956493317, -0.4995823718955975]","[458.5630519561122, 9.917182227766014, 5.814633445545331]",5.0300000000000145,100.0,0.0,"[50.0, 92.2015799214585, 92.20157992145852]",31
228,2966183571,settled,Dl4a_0002,unmatched,,"[-0.4050248111058649, 0.5694886344768997, -0.6901580810227609, 0.18793461838968]","[-0.6829836601544806, 0.18314703388923245, -0.6829569628754423, 0.18319462546569687]","[458.1613777845423, 9.916181530972414, 5.815141789844875]",5.200000000000071,100.0,0.0,"[50.0, 104.16425639941221, 104.16425639941222]",31
229,2500031451,settled,Dl4a_0004,unmatched,,"[0.76319034690919, -0.2277529373624901, -0.35234984779530726, -0.49144549918176267]","[0.6122069664957686, 0.3536290127956999, -0.6123660545285181, -0.3537753054473469]","[458.51775933741214, 5.824724176542246, 9.916227219993027]",5.300000000000105,100.0,0.0,"[50.0, 114.08179827638217, 114.08179827638219]",33
230,2561181116,settled,Dl4a_0004,unmatched,,"[0.5557099502907066, 0.18332897211156124, -0.733061527964434, 0.3466954504328954]","[0.6124950288108278, 0.3534799899961588, -0.6123532113931177, -0.35344770596351927]","[458.39133220432007, 5.820668012623804, 9.913848001359554]",5.290000000000101,100.0,0.0,"[50.0, 106.67738755213222, 106.67738755213223]",29
231,65157401,settled,Dl4a_0024,unmatched,,"[0.7007348822005915, 0.34419107347733346, 0.6134359061064913, -0.1191617342318908]","[0.6123280767347312, 0.3538281699211505, 0.6121409821451292, 0.35375608912213974]","[458.9494810579292, 5.818361097664594, 10.059510893182098]",5.220000000000078,100.0,0.0,"[50.0, 104.88311644466718, 104.8831164446672]",39
232,2234388547,settled,Dl4a_0021,unmatched,,"[0.6047940157947055, 0.6077553528195518, 0.07337389496054626, -0.5093858077296758]","[-0.5000291083536144, 0.4999189414771319, 0.500087157405682, -0.49996477650868393]","[458.5476331137852, 9.920758087119117, 5.814903198796914]",5.0900000000000345,100.0,0.0,"[50.0, 109.2270176297441, 109.22701762974411]",36
233,2166876674,settled,Dl4a_0004,unmatched,,"[0.337147373849726, 0.47287700853367526, -0.8005264802242199, 0.14790651630775833]","[0.6126144750419639, 0.353236848957042, -0.612512487771528, -0.3532077091909134]","[458.38975167159464, 5.8259957020012, 9.908707644894866]",5.380000000000131,100.0,0.0,"[50.0, 112.66399580808063, 112.66399580808064]",37
234,372911645,settled,Dl4a_0023,unmatched,,"[0.45729859765411696, -0.2994543659042598, -0.817463624635389, -0.18154420321901665]","[0.6119035251005632, -0.35449983455979894, -0.6118288686735505, 0.35435769883582763]","[458.34004434809356, 7.199024074702776, 9.979988710460974]",5.400000000000138,100.0,0.0,"[50.0, 107.75785831152027, 107.75785831152027]",20
235,2861615969,settled,Dl4a_0011,unmatched,,"[-0.23990956037846306, -0.901204257015366, -0.03228041700793559, -0.35948889364511455]","[-5.977056874439947e-07, -0.7071435263883968, 2.9120368544494072e-05, -0.7070700334752066]","[458.9697477119939, 5.815146149952976, 9.913961981029189]",5.460000000000158,100.0,0.0,"[50.0, 109.75019117181095, 109.75019117181097]",39
236,2387200314,settled,Dl4a_0004,unmatched,,"[0.013659507951663442, 0.4204500321245355, -0.9053954738728021, 0.05739533273394037]","[0.612302021139174, 0.3536206467024355, -0.6123367606644333, -0.3536698526502117]","[458.84916233343483, 5.81220388656966, 9.92036620046799]",5.410000000000141,100.0,0.0,"[50.0, 110.41869235386005, 110.41869235386007]",25
237,1385614205,settled,Dl4a_0010,unmatched,,"[-0.04519506248186818, -0.48284814014254235, -0.26943042102355846, 0.8319989952609412]","[-0.0007777103132066421, -0.7070978465764786, 0.0007590488693743902, 0.7071148806087945]","[458.3823853699677, 5.838778855246085, 10.062792831866906]",5.1800000000000646,100.0,0.0,"[50.0, 103.4258664997176, 103.42586649971761]",29
238,1583315686,settled,Dl4a_0024,unmatched,,"[0.6752684329575351, 0.1680356411288354, 0.18105246852978027, 0.6949795467499522]","[0.612013801716539, 0.3541311207741518, 0.6120816093111425, 0.35409936366900474]","[458.19774852246263, 5.829346910672466, 10.06072632951682]",5.190000000000068,100.0,0.0,"[50.0, 112.58809216425954, 112.58809216425952]",44
239,3858463115,settled,Dl4a_0011,unmatched,,"[-0.02604605381927596, 0.9764416198827186, -0.2089560607397276, -0.047124629668476824]","[-0.00018102412329343287, 0.7071053886161313, -0.0001806187931594483, 0.7071081275145608]","[458.8042377591618, 5.81632130400261, 9.911358179387173]",5.730000000000248,100.0,0.0,"[50.0, 113.5211958714344, 113.5211958714344]",27
240,341800848,settled,Dl4a_0022,unmatched,,"[0.559550952873797, 0.4583146987576111, 0.5125176614239061, 0.462791545697754]","[0.5001223802491915, 0.49980908370904054, 0.5001574399918868, 0.4999110119176957]","[458.27738734681213, 10.079121664657967, 5.8044505231211945]",5.0900000000000345,100.0,0.0,"[50.0, 83.69224226464283, 83.69224226464284]",40
241,2423485330,settled,Dl4a_0002,unmatched,,"[-0.8623942645929769, 0.4774291536592661, -0.15922513505175553, -0.0546341651449517]","[-0.6830884185239544, 0.18298577397282434, -0.6829688085952041, 0.18292081753605]","[458.85768358829176, 9.919010332773354, 5.816566484119718]",5.570000000000195,100.0,0.0,"[50.0, 113.20064141379403, 113.20064141379403]",35
242,3180880856,settled,Dl4a_0009,unmatched,,"[0.10224891412479975, -0.955790906892587, -0.16146386686159142, 0.22346883800621423]","[-0.18316213419859245, -0.682938497994123, 0.18340086536579725, 0.6829427231740777]","[458.76251508530817, 10.077429231267615, 5.815517236140732]",4.889999999999968,100.0,0.0,"[50.0, 112.48374816174555, 112.48374816174557]",23
243,2801613835,settled,Dl4a_0021,unmatched,,"[-0.14433092329872946, 0.7897983796467177, 0.5282216439799444, -0.2763494145430388]","[-0.5000289670366227, 0.49996634998201306, 0.5000456611050075, -0.49995901614033067]","[458.1410536716913, 9.91792206241436, 5.805431218998613]",5.130000000000048,100.0,0.0,"[50.0, 110.54302267106783, 110.54302267106785]",28
244,90147713,settled,Dl4a_0014,unmatched,,"[-0.210859600307379, -0.9719644633107304, -0.07201725142344272, 0.07507880204630919]","[-0.00018227823659529172, -0.9999999783438007, -6.12681362371359e-05, 7.958176978413795e-05]","[458.5859307317906, 5.826116140946979, 39.77970857937885]",5.040000000000018,100.0,0.0,"[50.0, 114.04459517467106, 114.04459517467107]",35
245,1005713428,settled,Dl4a_0004,unmatched,,"[0.6667427871336417, 0.021383060332239117, -0.7075360080632618, -0.23321581813846876]","[0.6125085355271671, 0.35331453246051603, -0.6124744694820246, -0.3533796248955006]","[458.46128920780006, 5.83070534550285, 9.916066254123539]",5.170000000000061,100.0,0.0,"[50.0, 94.26783155399957, 94.26783155399959]",36
246,2629818591,settled,Dl4a_0009,unmatched,,"[0.05151306419367056, -0.9158602742422736, 0.24549129762624153, 0.313497025619112]","[-0.18282593514215054, -0.6830405511604609, 0.18285096890137237, 0.6830781844574172]","[458.904296400638, 10.075004967990187, 5.8192950136060215]",5.040000000000018,100.0,0.0,"[50.0, 104.72925487304548, 104.72925487304549]",37
247,3392212039,settled,Dl4a_0009,unmatched,,"[-0.13576075001630175, -0.3113963090186456, 0.34394700026860947, 0.8753866679878102]","[-0.18281650467876673, -0.68310207672795, 0.18290681928826924, 0.6830042268133111]","[458.47481097486315, 10.068131287598552, 5.820518628194774]",5.290000000000101,100.0,0.0,"[50.0, 108.87435536019878, 108.87435536019879]",37
248,2276997534,settled,Dl4a_0004,unmatched,,"[-0.5611092435708998, -0.34654972379426824, 0.7170849059217052, -0.2254971029008315]","[-0.6125161747893205, -0.35329949205203026, 0.6125079836579465, 0.3533233285427285]","[458.6911423202871, 5.8274081687789785, 9.90849583333944]",5.170000000000061,100.0,0.0,"[50.0, 110.12961778469294, 110.12961778469295]",24
249,3484193762,settled,Dl4a_0021,unmatched,,"[0.6459184252746818, -0.4977225913968061, -0.5385794684465182, -0.21211734033734517]","[0.5002454948530103, -0.4997540228174811, -0.5002481666356362, 0.49975207186633663]","[458.58402523547625, 9.926656326230372, 5.813816631101457]",4.939999999999984,100.0,0.0,"[50.0, 110.02488367807129, 110.02488367807129]",26
250,2295828995,settled,Dl4a_0019,unmatched,,"[-0.013476426495046517, 0.8381611037621863, -0.5451108033376667, 0.01259214650648228]","[0.35369076927475435, 0.6122431226682332, -0.6124989536805816, 0.3534207552132107]","[458.57792136167797, 39.798250073251104, 7.178803957099165]",5.070000000000028,100.0,0.0,"[50.0, 111.7735231384121, 111.77352313841212]",16
251,3771793615,settled,Dl4a_0002,unmatched,,"[0.23254083200101008, -0.6380020625267856, 0.7262400279824832, -0.10702126620372046]","[0.6830348383774618, -0.18313608687356708, 0.682928916978545, -0.18311929882408293]","[458.475640448081, 9.925146250589968, 5.812234069614045]",5.130000000000048,100.0,0.0,"[50.0, 111.53743657132296, 111.53743657132297]",30
252,3118298281,settled,Dl4a_0011,unmatched,,"[-0.14263487038408665, 0.7213743627836406, 0.5770605745656794, 0.3553525232089105]","[6.726389570083091e-06, 0.7071614135783812, -7.221869204265818e-06, 0.7070521445045097]","[458.3904295899442, 5.825048887031612, 9.918006825819138]",5.260000000000091,100.0,0.0,"[50.0, 114.03089779582008, 114.0308977958201]",30
253,1906367210,settled,Dl4a_0002,unmatched,,"[-0.6176317723461163, 0.026733677711732354, -0.29175170048315346, 0.7298611166035553]","[-0.6830527692487008, 0.18307883732846553, -0.6829234067134435, 0.1831302113443955]","[458.5643136705047, 9.922657412961959, 5.81906822211864]",4.919999999999978,100.0,0.0,"[50.0, 113.27973906383382, 113.27973906383382]",31
254,2833079087,settled,Dl4a_0002,unmatched,,"[-0.6668495150154875, 0.25735878105545934, 0.037236704706548183, 0.6983492034504332]","[-0.6828526662234786, 0.18348315756747607, -0.6828896699787447, 0.183597020010883]","[458.47548399523714, 9.914416749800473, 5.823229535346063]",5.100000000000038,100.0,0.0,"[50.0, 114.45156837679882, 114.45156837679883]",24
255,2368896303,settled,Dl4a_0002,unmatched,,"[-0.7155871487157034, 0.006217157027642254, -0.4538640368280027, 0.5309461513426882]","[-0.6828813853074456, 0.1834117701269144, -0.6829200733291311, 0.18344838408563366]","[458.4400747527473, 9.906142006995761, 5.819418027405049]",5.070000000000028,100.0,0.0,"[50.0, 108.0185885153974, 108.0185885153974]",35
256,1598618583,settled,Dl4a_0021,unmatched,,"[-0.6568789595911407, 0.7116914753260162, 0.16538963778309454, -0.18614925223786338]","[-0.500152592586887, 0.499974671124234, 0.5000389995736514, -0.49983368360706887]","[458.6981843519461, 9.916551821735776, 5.813955897611198]",4.949999999999988,100.0,0.0,"[50.0, 110.83754356436759, 110.8375435643676]",45
257,1244567859,settled,Dl4a_0022,unmatched,,"[0.565260253583024, 0.7320121545565798, -0.09164890005678931, 0.36910639444348603]","[0.5000124927145806, 0.49998826472793134, 0.5000226076390077, 0.49997663356760047]","[458.17691146610406, 10.073450981380432, 5.814464603801425]",5.340000000000118,100.0,0.0,"[50.0, 109.026605937439, 109.02660593743902]",31
258,3419669745,settled,Dl4a_0011,unmatched,,"[-0.35962053045550435, 0.37637508056528163, 0.452864258304126, 0.723829286748632]","[-0.00026176315298906405, 0.7070777009428547, -0.00030275737911547584, 0.7071357469732301]","[458.9139296327811, 5.825973141152567, 9.913707356974264]",5.0300000000000145,100.0,0.0,"[50.0, 113.15829327671088, 113.15829327671089]",24
259,4100535516,settled,Dl4a_0011,unmatched,,"[-0.04495724533447707, 0.8754213017997509, -0.38056707385774335, 0.29459309690235463]","[-0.00039509648539226566, 0.7070403212572928, -0.00031652604152662694, 0.7071730536625506]","[458.84792636325267, 5.824228159724309, 9.908357954020033]",5.630000000000215,100.0,0.0,"[50.0, 105.28338704511548, 105.28338704511549]",39
260,3322081678,settled,Dl4a_0009,unmatched,,"[-0.257573637444613, 0.29792073162711874, 0.01884675617382141, -0.9189906739146148]","[0.18258195493402973, 0.6831523574732759, -0.1826040320280891, -0.6830976897181383]","[458.9420935230366, 10.072872709276766, 5.810909871953344]",5.350000000000121,100.0,0.0,"[50.0, 108.68815070213327, 108.68815070213329]",21
261,3513997404,settled,Dl4a_0024,unmatched,,"[-0.31160099473242947, -0.3848583634180207, -0.8382718690394293, 0.2282304400515085]","[-0.6122511855734721, -0.3539217216755096, -0.6121302564433391, -0.353814145896872]","[458.85628811687667, 5.825397498943981, 10.061024545674375]",5.000000000000004,100.0,0.0,"[50.0, 111.26203111112939, 111.2620311111294]",21
262,3617040745,settled,Dl4a_0002,unmatched,,"[0.5076541819216592, -0.1836471652187958, 0.7481985211268992, -0.38569407989762045]","[0.682968770422586, -0.1830396140920215, 0.6830064442487054, -0.18317302043490202]","[458.72179398581324, 9.92390691960929, 5.816206459260102]",5.100000000000038,100.0,0.0,"[50.0, 97.19679558839259, 97.1967955883926]",25
263,2022730149,settled,Dl4a_0002,unmatched,,"[-0.9298814207432338, -0.20301241814567073, -0.28420845445175663, -0.11546452205476868]","[-0.683149633790787, 0.18266079806995514, -0.6830841239516201, 0.18258611750406542]","[458.88058264963934, 9.93246863147969, 5.8143480172764335]",5.440000000000151,100.0,0.0,"[50.0, 111.78461300688264, 111.78461300688265]",32
264,1323970333,settled,Dl4a_0007,unmatched,,"[0.5994108140143483, -0.43447983992292233, -0.3543480176053207, -0.5712892675014887]","[0.6122688432653156, -0.3537009173909706, -0.3535731997657032, -0.6123793897664914]","[458.65712077756723, 40.21440564272181, 7.183306152896318]",5.000000000000004,100.0,0.0,"[50.0, 113.95970332248567, 113.95970332248568]",23
265,1607122480,settled,Dl4a_0024,unmatched,,"[-0.13729706028893218, -0.4824437451248737, -0.8624230310070737, 0.06800048245766428]","[-0.6122530504905935, -0.353804986276089, -0.6121662943026628, -0.35386531614568434]","[458.25026176221417, 5.826124560557382, 10.064988125991194]",4.969999999999994,100.0,0.0,"[50.0, 112.9663588468481, 112.96635884684811]",34
266,1954191936,settled,Dl4a_0021,unmatched,,"[-0.3750395254128309, 0.8965561916206081, 0.1285035455493662, -0.19753275279333296]","[-0.5002868590066022, 0.4996526621543302, 0.5002643021455881, -0.49979586223395905]","[458.2681284914808, 9.914394138235059, 5.811819203160441]",4.979999999999998,100.0,0.0,"[50.0, 112.88024784972947, 112.88024784972949]",40
267,1883267586,settled,Dl4a_0011,unmatched,,"[-0.31654266807496767, 0.7193013611458268, 0.15715600459856857, 0.5980871854172737]","[-0.0001791504298759572, 0.7070926216774654, -0.0003254700968984836, 0.7071208428151643]","[458.43258818154084, 5.820607074968068, 9.916346197330165]",5.220000000000078,100.0,0.0,"[50.0, 104.0457178574587, 104.04571785745871]",34
268,474705099,settled,Dl4a_0011,unmatched,,"[0.21873165072784517, -0.6332189067608778, 0.30525693972011464, -0.6767632391339983]","[-6.8959490825970535e-06, -0.7070640495432552, 0.00013194647420985975, -0.7071494979041327]","[458.54947136477784, 5.8191657386180236, 9.909412744667778]",5.140000000000051,100.0,0.0,"[50.0, 87.3384697469058, 87.33846974690582]",28
269,1696503777,settled,Dl4a_0002,unmatched,,"[-0.5875972952099113, 0.4340333022380417, -0.6364929058043413, 0.2474293678427903]","[-0.6830052593027321, 0.183108596961739, -0.6829896096331782, 0.1830307368084116]","[458.4017426048646, 9.915035114476888, 5.814927454898186]",5.100000000000038,100.0,0.0,"[50.0, 90.19134513609582, 90.1913451360958]",21
270,1623912174,settled,Dl4a_0024,unmatched,,"[0.7522539142905933, 0.1549308557746745, 0.05438614146876464, 0.6380851243992035]","[0.6122288143215383, 0.35383806452088984, 0.6122303141061002, 0.353763403279791]","[458.2967320722306, 5.827974794445835, 10.061972418097925]",5.450000000000155,100.0,0.0,"[50.0, 112.48418347607253, 112.48418347607253]",28
271,2380680176,settled,Dl4a_0009,unmatched,,"[0.336042588214607, 0.7287339870388978, -0.08053921844792626, -0.5912153493712904]","[0.18299076497268468, 0.6830597329957103, -0.1830021461082494, -0.6829743740538993]","[458.14748253487807, 10.074177506220312, 5.820135394149143]",5.080000000000031,100.0,0.0,"[50.0, 94.29179788770766, 94.29179788770765]",24
272,3622048588,settled,Dl4a_0009,unmatched,,"[-0.19616592677403716, -0.3327489655198184, 0.5132945907767422, 0.7663717884928376]","[-0.18283914906556184, -0.6830251688430912, 0.18290327727928632, 0.6830760246534384]","[458.65457290454975, 10.0712535609408, 5.818278072466104]",5.310000000000108,100.0,0.0,"[50.0, 108.33453717497883, 108.33453717497882]",23
273,3881848330,settled,Dl4a_0024,unmatched,,"[-0.5152420723142735, -0.7359701103176574, -0.3787059312666199, -0.22238574877853687]","[-0.6119082277205873, -0.3544057098044499, -0.6119164107204526, -0.3542925627173853]","[458.45865921017696, 5.839071352557726, 10.05828200980654]",5.260000000000091,100.0,0.0,"[50.0, 102.36090578413571, 102.36090578413571]",30
274,3493192325,settled,Dl4a_0006,unmatched,,"[0.5774921102786998, 0.09648544528746568, 0.025557378206479065, -0.8102717086463924]","[0.6124923060913938, 0.3532416974704846, 0.35385454867279975, -0.6122584719957627]","[458.97099107808873, 40.22311111348004, 5.81771416472144]",4.929999999999981,100.0,0.0,"[50.0, 113.17658563613841, 113.17658563613843]",16
275,1815346335,settled,Dl4a_0018,unmatched,,"[0.2777221504941907, -0.6680519952292304, 0.6669217686384065, 0.17830393520992774]","[0.3534112005307778, -0.6124682394527866, 0.6124370580399088, 0.3534176409581444]","[459.0107922432636, 39.794977879013906, 5.816021200787659]",5.010000000000008,100.0,0.0,"[50.0, 113.27327485973164, 113.27327485973166]",20
276,3637393240,settled,Dl4a_0006,unmatched,,"[0.7553196358765062, -0.24492385367212738, -0.15447209870656786, -0.5879140449784855]","[0.6124595338573235, 0.3533748376271028, 0.35395906031663693, -0.6121540060630593]","[458.48685143428366, 40.2178451785891, 5.817048900941088]",5.010000000000008,100.0,0.0,"[50.0, 113.62310709126716, 113.62310709126717]",24
277,3360495833,settled,Dl4a_0010,unmatched,,"[0.10811116254835264, 0.5111839287283958, -0.2434273997192518, -0.8171573095849841]","[9.443439011286303e-05, 0.707201513761308, 4.2744689908003064e-05, -0.7070120283197111]","[458.5835963424877, 5.81478688905973, 10.064474312097824]",5.200000000000071,100.0,0.0,"[50.0, 96.37930290247063, 96.37930290247064]",32
278,1560027829,settled,Dl4a_0010,unmatched,,"[-0.2068224005022676, -0.8508258359786609, 0.4010009992602897, 0.26929183068548773]","[-0.0003793564989471865, -0.7070687887245246, 0.00042566182628578364, 0.7071445417397282]","[458.15202221667727, 5.813814525377564, 10.063318281849178]",4.979999999999998,100.0,0.0,"[50.0, 104.60040570653217, 104.60040570653219]",31
279,446415368,settled,Dl4a_0004,unmatched,,"[-0.6447038919539761, 0.0033417160762772937, 0.7642309258427562, 0.017228366683615156]","[-0.6124077521087767, -0.35348051040351425, 0.612408988803868, 0.3535017741881507]","[458.20404312265833, 5.82246985644963, 9.920564824942579]",5.140000000000051,100.0,0.0,"[50.0, 89.17414695901195, 89.17414695901196]",25
280,2051490765,settled,Dl4a_0004,unmatched,,"[0.5677612886585218, -0.042225915797724375, -0.632701809267735, -0.5249309589700275]","[0.6124249899870211, 0.3534609559315133, -0.6124339447062074, -0.35344822484060134]","[458.432057575758, 5.817144783205877, 9.92000774147898]",5.280000000000098,100.0,0.0,"[50.0, 103.99815092605071, 103.99815092605073]",38
281,425018833,settled,Dl4a_0002,unmatched,,"[0.6177933086006123, -0.09183552083351545, 0.46035819729377525, -0.6308470457614677]","[0.6830068849729862, -0.18316303981435186, 0.682951855984397, -0.1831110546442558]","[458.8942417171726, 9.924387101778631, 5.816743145723101]",5.020000000000011,100.0,0.0,"[50.0, 106.4550080340818, 106.45500803408181]",31
282,768002776,settled,Dl4a_0002,unmatched,,"[0.5416438597008607, -0.6263103578778557, 0.49528465035784297, 0.2627743898921201]","[0.6828005535011095, -0.18340425485986495, 0.6830135331913836, -0.1834088245295165]","[458.7069821994009, 9.914238103306475, 5.824021497243863]",5.440000000000151,100.0,0.0,"[50.0, 112.49989737685787, 112.49989737685789]",31
283,124666021,settled,Dl4a_0007,unmatched,,"[-0.6417760342896773, 0.38975195315750033, 0.3408201163805919, 0.5657372049738714]","[-0.6123763015912839, 0.35353844371790943, 0.353411295257679, 0.6124592153337144]","[458.91087808121205, 40.223110943141755, 7.184399943158097]",4.959999999999991,100.0,0.0,"[50.0, 113.40506157998857, 113.40506157998858]",21
284,3632654363,settled,Dl4a_0002,unmatched,,"[0.7051862874546008, 0.08985479266585855, 0.5677062028398622, -0.4151482668615129]","[0.6830213442019532, -0.1829461340926295, 0.6830274906071492, -0.182991809816777]","[458.78210415733093, 9.921656816682647, 5.817556084862736]",5.050000000000021,100.0,0.0,"[50.0, 107.68332192609718, 107.6833219260972]",27
285,703561134,settled,Dl4a_0012,unmatched,,"[-0.07417779627216181, -0.49461589080912516, -0.8617672132428539, 0.08491198548465884]","[-0.016034342210013777, -0.7069451441230417, -0.7068979484987716, -0.016332589475408242]","[458.9579067534134, 40.63739367530998, 5.812934228668392]",5.020000000000011,100.0,0.0,"[50.0, 113.2003640639645, 113.20036406396451]",15
286,3121521016,settled,Dl4a_0011,unmatched,,"[0.010537906009646474, -0.8102638762609328, -0.3503888545444036, -0.4696690898649817]","[-0.00014691902895463962, -0.7071249892374432, -0.00010210983433969757, -0.7070885500305649]","[458.512894082807, 5.81591893080663, 9.920049478965124]",5.250000000000088,100.0,0.0,"[50.0, 103.47404217186546, 103.47404217186548]",32
287,2633462982,settled,Dl4a_0009,unmatched,,"[-0.6696015768829735, -0.5238860473033524, -0.12537979712777328, 0.5113287046009672]","[-0.18264727481530724, -0.6829669774684077, 0.18256448109634146, 0.6832761454435774]","[458.3637438441667, 10.068030300480407, 5.810738441660066]",5.050000000000021,100.0,0.0,"[50.0, 111.72477136527144, 111.72477136527145]",28
288,3761640212,settled,Dl4a_0021,unmatched,,"[-0.5021713166671637, 0.3763741243342449, 0.7778556823101909, 0.03327198139794165]","[-0.5000821930264844, 0.49986544976798725, 0.5000116157997084, -0.5000407147537436]","[458.9027055952471, 9.920129183942711, 5.811726861602443]",5.240000000000085,100.0,0.0,"[50.0, 105.79293254735192, 105.79293254735192]",21
289,1285634449,settled,Dl4a_0004,unmatched,,"[-0.06179464665889061, 0.12239474429666039, 0.989804171696417, 0.038583026128440265]","[-0.6125491829761149, -0.3533172464889183, 0.612458105260945, 0.3533348144026516]","[458.27671088865225, 5.822805169171505, 9.917961812267812]",5.700000000000238,100.0,0.0,"[50.0, 114.10007659444139, 114.1000765944414]",37
290,1184822575,settled,Dl4a_0009,unmatched,,"[0.08288139339956037, 0.8356324246838398, -0.34553634299367453, -0.41887201042288746]","[0.18294605500459832, 0.683000741997698, -0.18292760880503264, -0.6830653097074405]","[458.2520704089193, 10.073068244499302, 5.818506608583452]",4.969999999999994,100.0,0.0,"[50.0, 101.5863905513438, 101.58639055134381]",34
291,3115268231,settled,Dl4a_0022,unmatched,,"[-0.8358054346397688, -0.3199395351726686, -0.40994245749741026, -0.17611118874480403]","[-0.5001398134904109, -0.49987487432505506, -0.5000777260329987, -0.49990753635642704]","[458.6143961049593, 10.070304431909138, 5.810750296805102]",5.190000000000068,100.0,0.0,"[50.0, 105.66622176153848, 105.6662217615385]",21
292,159930596,settled,Dl4a_0009,unmatched,,"[0.07029200069442101, 0.8121000458651979, 0.19429839282092132, -0.5457111733246133]","[0.18284287870958063, 0.6830796007419513, -0.18283127806174798, -0.683039870371941]","[458.8185427168792, 10.076670325509482, 5.816512779224957]",5.050000000000021,100.0,0.0,"[50.0, 96.39314213171798, 96.393142131718]",24
293,2990616242,settled,Dl4a_0011,unmatched,,"[0.39931632781484955, -0.8914822639433736, -0.10430196937727094, -0.18688751322355332]","[0.0004826840418691025, -0.7071202782464676, 0.0006459512703848314, -0.7070928240731271]","[458.6034987010692, 5.827610764671768, 9.912387654335172]",5.300000000000105,100.0,0.0,"[50.0, 113.20059239115919, 113.2005923911592]",39
294,188957523,settled,Dl4a_0022,unmatched,,"[0.47510104677309783, 0.5299293470096674, 0.42235268641611745, 0.5613128279400916]","[0.5000009680409057, 0.5000623070855892, 0.4999067291160568, 0.5000299822759436]","[458.35050285946056, 10.074995112664531, 5.815859887014332]",5.0600000000000245,100.0,0.0,"[50.0, 87.08923513867643, 87.08923513867641]",32
295,481643049,settled,Dl4a_0002,unmatched,,"[-0.21476873217317644, -0.056308315502426265, -0.9350997853314761, 0.27621034875441053]","[-0.6830211265151593, 0.18304848098756643, -0.6829478957427877, 0.1831872431219099]","[458.50829177757237, 9.908235319792812, 5.824576837197146]",4.809999999999941,100.0,0.0,"[50.0, 113.24116071977724, 113.24116071977726]",35
296,2386476367,settled,Dl4a_0024,unmatched,,"[0.41604402109894867, 0.7547056021612667, 0.10448879305651773, 0.4963959293747375]","[0.6121228335185186, 0.3539056290293876, 0.6121909105010469, 0.35394735699885194]","[458.8406568359321, 5.824969430838333, 10.059737730056156]",5.280000000000098,100.0,0.0,"[50.0, 101.91472796429376, 101.91472796429373]",37
297,533239478,settled,Dl4a_0021,unmatched,,"[-0.4048579522964122, 0.7546106910868032, 0.5160774362278959, 0.017799527417749247]","[-0.49985361582773336, 0.5001100493532734, 0.49984588539499164, -0.5001903558981362]","[458.655942907229, 9.920917191170695, 5.807719026446526]",5.020000000000011,100.0,0.0,"[50.0, 111.30284232357045, 111.30284232357046]",35
298,1781618497,settled,Dl4a_0021,unmatched,,"[-0.05099139373989536, 0.34612407464907746, 0.82357526110958, -0.446454691991326]","[-0.5001198197292819, 0.49989385605477343, 0.5001415938352033, -0.49984466057828664]","[458.62173995534283, 9.921139981428958, 5.808288617403542]",5.570000000000195,100.0,0.0,"[50.0, 108.92810630880666, 108.92810630880668]",34
299,3019699939,settled,Dl4a_0025,unmatched,,"[-0.7295158589622052, 0.11959716108047205, -0.0508877389231582, -0.6715009818395025]","[-0.707143233282857, 0.0003624831978842048, 0.000415222603442729, -0.7070701123781062]","[458.5695552481634, 39.79824112362494, 5.815575336100363]",4.899999999999971,100.0,0.0,"[50.0, 113.13288413146847, 113.13288413146847]",27
300,2541693149,settled,Dl4a_0009,unmatched,,"[0.08045852992811474, 0.40327625655887533, -0.378121920292795, -0.8294085237395116]","[0.182843056120046, 0.6829251246861021, -0.1828562512628451, -0.6831875893744359]","[458.8225210876593, 10.074495016653879, 5.812853302228646]",5.1800000000000646,100.0,0.0,"[50.0, 104.41232056771861, 104.41232056771862]",34
301,2084280921,settled,Dl4a_0002,unmatched,,"[0.619849051548462, 0.00741623529008566, 0.671735423160493, -0.4055905250618995]","[0.6829299947026084, -0.18311634160159385, 0.6830328185682565, -0.18314255795048537]","[458.9336055197594, 9.920129168221377, 5.820007805932768]",5.070000000000028,100.0,0.0,"[50.0, 101.00608889454196, 101.00608889454197]",36
302,1270096408,settled,Dl4a_0012,unmatched,,"[0.4349517640743151, 0.5834549578223276, 0.4957376592549344, -0.473963551676314]","[-6.511979866833196e-05, 0.7071256778803033, 0.7070877763049397, 0.00038476209419552435]","[458.6185386190953, 40.22338396347396, 5.8134222149013]",5.0600000000000245,100.0,0.0,"[50.0, 113.68803268932133, 113.68803268932135]",14
303,386839995,settled,Dl4a_0010,unmatched,,"[-0.00029784170792755655, 0.7696289460833465, 0.4092458033581264, -0.4900908783835057]","[1.549787218932397e-05, 0.7071051857032487, 2.849893326620223e-05, -0.7071083759221078]","[458.8531961962939, 5.820798668113997, 10.072565027086622]",5.210000000000075,100.0,0.0,"[50.0, 105.88391042446825, 105.88391042446827]",42
304,1683487450,settled,Dl4a_0004,unmatched,,"[0.8246709982353464, 0.4049014931673811, -0.354562797520974, -0.17394754414605393]","[0.6125227848447136, 0.35319353602545844, -0.6125785941381711, -0.3532953865529694]","[458.30206382894744, 5.8313496748999, 9.908892801342823]",5.0900000000000345,100.0,0.0,"[50.0, 106.65595394633097, 106.65595394633095]",37
305,600956363,settled,Dl4a_0010,unmatched,,"[0.05725477910805818, -0.7446815581501165, -0.42402949309232957, 0.5122209056728005]","[-0.00026431707131591153, -0.707064899765879, 0.0001549110775854179, 0.7071485937609656]","[458.6737445821728, 5.822826535737188, 10.072377911868271]",5.330000000000115,100.0,0.0,"[50.0, 104.59155482696487, 104.59155482696488]",35
306,2578686602,settled,Dl4a_0002,unmatched,,"[-0.6455400009938469, 0.5753806031681371, -0.45602070897125385, -0.21038151440677957]","[-0.6828956774671777, 0.18323414117357797, -0.682979059720177, 0.18335306702852994]","[458.4715569335828, 9.914336188060238, 5.822346123791729]",5.470000000000161,100.0,0.0,"[50.0, 109.09824769930673, 109.09824769930674]",37
307,550025147,settled,Dl4a_0004,unmatched,,"[0.7099573476934985, 0.4430098413877016, -0.5402946446097417, -0.08823005097861712]","[0.6122810694632724, 0.3535470467892827, -0.6123846467415379, -0.3536967940464403]","[458.76242812709353, 5.814490220378557, 9.91113057459087]",5.1500000000000545,100.0,0.0,"[50.0, 96.23557088712036, 96.23557088712037]",29
308,1509445469,settled,Dl4a_0022,unmatched,,"[0.9208464586619982, -0.10826634392482577, 0.1606188773439282, 0.3384106596778303]","[0.5002949395304377, 0.49974988809591614, 0.5002128775118656, 0.4997420334529149]","[458.6943186919566, 10.06538983680367, 5.8197921487196504]",5.5600000000001915,100.0,0.0,"[50.0, 108.47549291573404, 108.47549291573405]",32
309,552659270,settled,Dl4a_0011,unmatched,,"[-0.34640532390679185, -0.6487665398120545, -0.24996936788830862, -0.6297782494710692]","[2.64119898837345e-05, -0.7070911898750262, 8.385106091335359e-05, -0.7071223666894763]","[458.69352330911084, 5.8211428149654925, 9.923014452713664]",5.190000000000068,100.0,0.0,"[50.0, 88.56227789114426, 88.56227789114425]",35
310,3395655849,settled,Dl4a_0024,unmatched,,"[0.5603417992438583, 0.49806016357495975, 0.09112456464104907, 0.6554765100282535]","[0.6124010583746697, 0.35370219249183904, 0.6122283376327757, 0.3536045323910011]","[458.85976033635825, 5.819772974188624, 10.062833272886564]",5.310000000000108,100.0,0.0,"[50.0, 107.22281585390259, 107.2228158539026]",43
311,1961580372,settled,Dl4a_0004,unmatched,,"[-0.5267491122142659, -0.6341667673888417, 0.5046523934663464, -0.2563081069528572]","[-0.6122720286770099, -0.3537265265106284, 0.6122642723395058, 0.3537413859856378]","[458.42565194170817, 5.81759577619026, 9.920313291604781]",4.769999999999928,100.0,0.0,"[50.0, 112.67290274305336, 112.67290274305337]",26
312,3285284101,settled,Dl4a_0011,unmatched,,"[-0.2519624256778158, 0.2653646457256403, 0.5632789689319362, 0.7408193733997723]","[9.565760375840338e-05, 0.7071254790383557, -3.708240445149391e-05, 0.7070880753974673]","[458.8276721249487, 5.809707927965948, 9.918877297992571]",5.000000000000004,100.0,0.0,"[50.0, 108.43912139790544, 108.43912139790545]",22
313,1198512540,settled,Dl4a_0021,unmatched,,"[-0.5722362350782845, 0.014963805074935542, 0.16570812642957897, -0.8030333695658658]","[-0.5001512049535257, 0.4998904079802915, 0.500173816017206, -0.49978445950591577]","[458.3263957259967, 9.922346380897913, 5.820265761726431]",5.230000000000081,100.0,0.0,"[50.0, 113.5797804000802, 113.5797804000802]",36
314,3013583232,settled,Dl4a_0004,unmatched,,"[-0.17446144255530435, -0.5956220013565717, 0.7794641289237983, 0.08504885820855318]","[-0.6123584779826399, -0.3535525603253075, 0.6123698288105778, 0.3535829100687818]","[458.5809156126719, 5.818084943680909, 9.91582626984298]",5.270000000000095,100.0,0.0,"[50.0, 111.67546350138728, 111.67546350138727]",28
315,236571778,settled,Dl4a_0004,unmatched,,"[-0.6240787190797052, -0.5692921078989122, 0.39592930131645515, 0.3601003146831605]","[-0.6123460262411596, -0.3535774719703516, 0.612421984879212, 0.3534892189279934]","[458.94501786326606, 5.821135930165764, 9.917653440175817]",5.140000000000051,100.0,0.0,"[50.0, 100.0546280038497, 100.05462800384971]",28
316,4101237787,settled,Dl4a_0011,unmatched,,"[0.22137631792077062, -0.872870171370165, -0.27042651689298136, -0.3405285432341773]","[-4.1982053958389276e-05, -0.7070408837096589, 5.109246285389668e-05, -0.7071726694309758]","[458.94880269634865, 5.822132268670751, 9.913859522394322]",5.200000000000071,100.0,0.0,"[50.0, 106.40845141024616, 106.40845141024617]",31
317,3459630954,settled,Dl4a_0011,unmatched,,"[0.14984913631728244, -0.7555079338458067, -0.5355197552076315, -0.3463691528172838]","[-5.4553358627695844e-06, -0.7071667395987951, 1.0268211337371992e-05, -0.7070468175941487]","[458.42455574776426, 5.8277382099472295, 9.919327312893913]",5.380000000000131,100.0,0.0,"[50.0, 113.09967756559858, 113.0996775655986]",38
318,1119814818,settled,Dl4a_0004,unmatched,,"[-0.6971165871654177, -0.13189122910838355, 0.449280586155775, 0.5429365731709773]","[-0.6124502095058534, -0.35330690089627614, 0.6125185473269398, 0.3534119463682585]","[458.87736708817386, 5.814398836653014, 9.90961064447982]",5.270000000000095,100.0,0.0,"[50.0, 102.96817656586096, 102.96817656586097]",25
319,342980811,settled,Dl4a_0011,unmatched,,"[0.030532435525299394, 0.7782847485238531, 0.3908315324615853, 0.4905011048201471]","[1.590811675880599e-05, 0.7071273540467896, 9.80435479958075e-06, 0.7070862074808084]","[458.93187214748707, 5.814285562135181, 9.917301124365045]",5.210000000000075,100.0,0.0,"[50.0, 104.34133238949777, 104.34133238949775]",34
320,3566514477,settled,Dl4a_0011,unmatched,,"[0.4167803399879383, -0.48067880125688306, 0.1608241271501632, -0.7545711618847971]","[8.908613926383868e-05, -0.7070649974215486, 6.48463964249002e-05, -0.7071485538978851]","[458.72912471694485, 5.8198726001612515, 9.912483932333402]",5.210000000000075,100.0,0.0,"[50.0, 101.66613256153855, 101.66613256153856]",39
321,4025272107,settled,Dl4a_0002,unmatched,,"[0.21014813389143402, -0.13121837656388724, 0.9665897820764848, 0.06575479191069845]","[0.6830221911615857, -0.18300749189463805, 0.6829757733315538, -0.18312028105435646]","[458.3768393877379, 9.918046959804455, 5.822792390023874]",4.799999999999938,100.0,0.0,"[50.0, 110.93860574824572, 110.93860574824573]",34
322,1181857748,settled,Dl4a_0004,unmatched,,"[0.5202040659321218, -0.02133506390474298, -0.8182722554790269, 0.24364535856267633]","[0.6122787486854302, 0.35345775557752107, -0.6125415063765475, -0.3535183897568207]","[458.28355992375975, 5.82561768124926, 9.909146675440907]",5.250000000000088,100.0,0.0,"[50.0, 101.14503849192336, 101.14503849192337]",28
323,268707656,settled,Dl4a_0004,unmatched,,"[0.10301261730232424, 0.7022709010576099, -0.7036647303319815, -0.03255655834201603]","[0.6127232787182527, 0.35291431695053915, -0.6126997690600442, -0.3530165174632168]","[458.4196507146947, 5.8357242022955305, 9.911523704664031]",5.130000000000048,100.0,0.0,"[50.0, 113.62022668984308, 113.6202266898431]",34
324,975960072,settled,Dl4a_0021,unmatched,,"[0.7582962679941282, -0.5242043249157421, -0.3859285340466686, 0.035436736508854615]","[0.5003243187005461, -0.49964507318870144, -0.5003173651895081, 0.49971282857749433]","[458.7113650777816, 9.918729150778502, 5.81211850029777]",4.909999999999974,100.0,0.0,"[50.0, 108.65278781506565, 108.65278781506564]",32
325,2687390525,settled,Dl4a_0004,unmatched,,"[0.529971148785165, 0.0935671250492551, -0.7368673974424962, -0.4091481555032011]","[0.6123576057314594, 0.35355041425616296, -0.6123952889221371, -0.3535424690021022]","[458.93296358763007, 5.827849689744724, 9.914180296153448]",5.210000000000075,100.0,0.0,"[50.0, 96.15037966306929, 96.1503796630693]",28
326,745340072,settled,Dl4a_0018,unmatched,,"[0.7861852005525131, -0.41018944092891435, 0.2594748041369611, 0.3825314091688619]","[0.3532420168037071, -0.6125653854402766, 0.6123127193395183, 0.35363379343594886]","[458.91529106101814, 39.790826940115195, 5.816097297267588]",5.080000000000031,100.0,0.0,"[50.0, 109.84139383539069, 109.8413938353907]",10
327,2708790030,settled,Dl4a_0024,unmatched,,"[-0.40010769300529814, -0.46229958432576546, -0.7355170739389548, 0.2919033440618327]","[-0.6121253643212943, -0.35403259979774715, -0.6121662977787952, -0.3538585600190768]","[458.273425335219, 5.823004186646062, 10.066640076619462]",4.990000000000001,100.0,0.0,"[50.0, 114.07111036417625, 114.07111036417626]",22
328,3867797169,settled,Dl4a_0008,unmatched,,"[0.27252022960366223, -0.4710032195972138, -0.05749293677220416, -0.8370085147757659]","[0.18286463657424307, -0.6831356743299306, 0.1827624480166694, -0.6829963856004769]","[458.7888508238935, 9.997525351481816, 7.186396375550909]",4.849999999999954,100.0,0.0,"[50.0, 99.74084622961401, 99.74084622961402]",36
329,2098479478,settled,Dl4a_0009,unmatched,,"[0.15298370120063826, 0.6826603934028278, -0.3570083518569619, -0.6189634974297159]","[0.18313882914086027, 0.6829557207569381, -0.1830764846336232, -0.6830187797714502]","[458.16442719216514, 10.069385835758933, 5.817435674622972]",5.070000000000028,100.0,0.0,"[50.0, 95.19008933867903, 95.19008933867902]",36
330,931152868,settled,Dl4a_0009,unmatched,,"[-0.07699985549756341, 0.8909419945389845, -0.24586779421207117, -0.37395509408155014]","[0.18275924083634174, 0.6830662526838835, -0.18280814997082317, -0.683081792055363]","[458.94492127516105, 10.070401006950275, 5.82615397651524]",4.929999999999981,100.0,0.0,"[50.0, 101.442582523371, 101.44258252337099]",31
331,1558597429,settled,Dl4a_0011,unmatched,,"[-0.05032807851328375, 0.6995851474338736, -0.399069134252301, 0.5905857533755833]","[-0.00026825681444009325, 0.7070595420671932, -0.0002603971446679954, 0.7071539183256639]","[458.9442959914725, 5.81291148291651, 9.920076500559563]",5.270000000000095,100.0,0.0,"[50.0, 101.87338677284616, 101.87338677284616]",28
332,4250729804,settled,Dl4a_0002,unmatched,,"[-0.5179918142254788, 0.8470059183462957, 0.021460460551873155, -0.11749426928428096]","[-0.6829318222443729, 0.18321437251463085, -0.6829689579525093, 0.18327580948754285]","[458.64687001525056, 9.923235305892897, 5.821054787725402]",5.780000000000265,100.0,0.0,"[50.0, 114.0649591783285, 114.06495917832851]",29
333,4147647222,settled,Dl4a_0011,unmatched,,"[0.12615750889557242, 0.8556727900390604, -0.30344808093154096, 0.39978446882663954]","[-5.077481979814946e-05, 0.707152763708395, -8.370947877056611e-05, 0.70706078889599]","[458.60306096361444, 5.824036256858679, 9.911665258855818]",5.600000000000205,100.0,0.0,"[50.0, 102.21280586518208, 102.21280586518206]",27
334,546835206,settled,Dl4a_0010,unmatched,,"[0.4747277603993977, -0.6651193289938975, 0.40724489525343527, 0.4079233101881997]","[-0.00029397210077627967, -0.7071133130296008, 0.000279462159135907, 0.7071001329497877]","[458.25159679939514, 5.825736368873298, 10.067326558028943]",4.849999999999954,100.0,0.0,"[50.0, 113.91078400953322, 113.91078400953323]",34
335,3200495743,settled,Dl4a_0021,unmatched,,"[-0.7212814251850905, 0.5185469572284966, -0.03279668505260917, -0.45802460226672564]","[-0.5001716057553262, 0.4999225448308969, 0.5000430803998386, -0.4998627128624212]","[458.36727257345956, 9.924546243497376, 5.8158758161959785]",4.729999999999914,100.0,0.0,"[50.0, 107.2300017501034, 107.23000175010341]",37
336,2348890405,settled,Dl4a_0004,unmatched,,"[-0.3176050939804824, -0.28922093024306683, 0.616076618705389, -0.6602483303057408]","[-0.6125506669086735, -0.35318171290361866, 0.6126113200252995, 0.353202107464077]","[458.37412326724416, 5.82509747774699, 9.91693158570169]",5.310000000000108,100.0,0.0,"[50.0, 110.05440913237345, 110.05440913237344]",30
337,4061647453,settled,Dl4a_0002,unmatched,,"[0.2508877114037342, -0.15163781220023995, 0.7535005001501298, -0.588471177247642]","[0.6829712451584354, -0.18315240348877457, 0.6829534377898798, -0.18324867583152213]","[458.3338843126341, 9.916284102256663, 5.81880969978056]",4.949999999999988,100.0,0.0,"[50.0, 112.05138790294741, 112.05138790294743]",30
338,2968043584,settled,Dl4a_0004,unmatched,,"[-0.35150377954755807, -0.700554371236003, 0.6195805777205756, -0.04229153127220831]","[-0.6123898099476138, -0.35350425503660493, 0.6123926018244474, 0.3535374995301409]","[458.2081841611093, 5.815563362774303, 9.914927643803852]",4.979999999999998,100.0,0.0,"[50.0, 112.78191191668174, 112.78191191668175]",39
339,3422452170,settled,Dl4a_0020,unmatched,,"[0.3118768852079661, -0.6471205612970246, 0.6816277895163125, 0.13910910889911815]","[0.4592031691324035, -0.5378267462775845, 0.666622787957565, 0.23556081809780546]","[458.2542058964931, 40.696992345032506, 5.816775685337131]",4.909999999999974,100.0,0.0,"[50.0, 113.04123739104467, 113.04123739104469]",23
340,1734648617,settled,Dl4a_0021,unmatched,,"[0.3134098285251556, -0.38860391678069645, 0.2746942883010107, 0.8217690206021003]","[0.5001730740628583, -0.49986144960288137, -0.5000170999573659, 0.4999483242632606]","[458.576142033597, 9.912924757045008, 5.814880441253976]",5.140000000000051,100.0,0.0,"[50.0, 107.59189249509024, 107.59189249509024]",28
341,2090830508,settled,Dl4a_0004,unmatched,,"[0.19578986618197766, 0.057011685569233625, -0.8839591859764658, -0.4207518907109296]","[0.6123417730929268, 0.35350846203430464, -0.6124428077832799, -0.35352952831423273]","[458.31152221442125, 5.819043210903182, 9.91498128483577]",5.450000000000155,100.0,0.0,"[50.0, 112.6098014289898, 112.60980142898981]",28
342,3952832875,settled,Dl4a_0004,unmatched,,"[-0.44287830183887705, -0.037070952885603164, 0.87693113035891, -0.18296542520353493]","[-0.6124579081521174, -0.3533864099545881, 0.6124763156107423, 0.3533923015817279]","[458.80389550445364, 5.819708896667368, 9.909077621910885]",5.270000000000095,100.0,0.0,"[50.0, 105.44466140873159, 105.4446614087316]",31
343,3817366363,settled,Dl4a_0021,unmatched,,"[0.6329807026932204, -0.4246937457648563, -0.5796698736189316, -0.28801647512742096]","[0.5003068537587874, -0.49984072614755876, -0.5000769346595076, 0.4997753095019951]","[458.3140214043332, 9.912435225406561, 5.811558580981252]",5.0600000000000245,100.0,0.0,"[50.0, 112.60079400391584, 112.60079400391584]",26
344,401891113,settled,Dl4a_0010,unmatched,,"[0.445830858310104, -0.29384339024250955, 0.3955308816009174, 0.7472925996484009]","[-0.00026119767296470253, -0.7070801351392519, 0.0002934403465948421, 0.7071333171050532]","[458.86504380243247, 5.82594026690878, 10.058545208100071]",5.380000000000131,100.0,0.0,"[50.0, 113.47297348157274, 113.47297348157275]",42
345,225434681,settled,Dl4a_0018,unmatched,,"[-0.3912896982650508, 0.6237061331187186, -0.5782994858442289, -0.351358415601564]","[-0.35351842587026633, 0.6123765693110259, -0.6123049460467241, -0.35369805339552796]","[458.5358029124773, 39.78903284116531, 5.815976347315535]",4.959999999999991,100.0,0.0,"[50.0, 113.3093422549584, 113.30934225495841]",17
346,2594131664,settled,Dl4a_0003,unmatched,,"[0.9287638649349177, 0.1673585554405621, -0.2524568204596961, -0.21366878788298235]","[0.6829915509571328, 0.18337151025766232, -0.6828263281642504, -0.18342746826122272]","[458.7988420459663, 9.993569762167379, 7.190477726361865]",4.899999999999971,100.0,0.0,"[50.0, 109.37597096861545, 109.37597096861546]",35
347,1003632784,settled,Dl4a_0002,unmatched,,"[-0.5534335173751268, 0.1501665188983372, -0.19810919181889083, 0.7949302526414607]","[-0.6829945496363259, 0.1829351120277392, -0.6830780694036281, 0.1829140264011574]","[458.4373469974257, 9.927809355671194, 5.815350231894436]",5.0300000000000145,100.0,0.0,"[50.0, 112.27192786203234, 112.27192786203236]",37
348,1582205474,settled,Dl4a_0024,unmatched,,"[0.453668244587904, 0.3920223605087072, 0.1535447506293244, 0.785447389879099]","[0.6125379514898233, 0.3534519896811247, 0.6122887397282161, 0.3535130099121361]","[458.79504460015954, 5.8188036409110815, 10.0687689005283]",5.130000000000048,100.0,0.0,"[50.0, 105.43987768843661, 105.43987768843661]",32
349,1175386389,settled,Dl4a_0010,unmatched,,"[-0.169876418588353, -0.4905923723818673, 0.6427253288901665, 0.5633518245034387]","[-0.00030312156038966864, -0.7070937999905033, 0.00018386574722284443, 0.7071196732701592]","[458.91731978171765, 5.816491369435224, 10.068051344650835]",5.280000000000098,100.0,0.0,"[50.0, 100.72644400613284, 100.72644400613285]",35
350,3426315339,settled,Dl4a_0002,unmatched,,"[0.7619549124828563, -0.10773591762875073, 0.2103228261383814, -0.6029776050576822]","[0.6829077601449469, -0.18336681954941622, 0.6829050176440561, -0.18345118560182433]","[458.9045194183209, 9.918299083953602, 5.829267218138123]",5.1800000000000646,100.0,0.0,"[50.0, 110.67755938396094, 110.67755938396095]",34
351,1950208217,settled,Dl4a_0002,unmatched,,"[0.32467456317231624, -0.555252933700564, 0.724202560419202, -0.24861870228937888]","[0.6829187077754333, -0.18322350889374722, 0.6830166825916953, -0.1831376412986443]","[458.39162525690693, 9.923432600520236, 5.813683895359277]",5.190000000000068,100.0,0.0,"[50.0, 104.55930208286868, 104.55930208286868]",34
352,3843021671,settled,Dl4a_0010,unmatched,,"[-0.6004387263867339, 0.46022149587923483, -0.1398662779784892, -0.638832477939405]","[-7.2932525454483255e-06, 0.7070531975748833, -9.472515864833442e-06, -0.7071603606369725]","[458.16782408488626, 5.823194227581553, 10.067827294295475]",5.0300000000000145,100.0,0.0,"[50.0, 113.46309987880397, 113.46309987880399]",35
353,4285819425,settled,Dl4a_0010,unmatched,,"[0.10798352907547408, 0.7503078307153173, -0.5097169204095255, -0.40689848569871895]","[0.0003882322632892677, 0.7070973525692903, -0.00037324838498556395, -0.7071160045924952]","[458.32762325511095, 5.828899105799106, 10.064536080640256]",5.160000000000058,100.0,0.0,"[50.0, 108.11958493780537, 108.11958493780539]",35
354,3497012217,settled,Dl4a_0004,unmatched,,"[-0.03614389212516662, -0.47092224253230175, 0.8776470309927155, -0.08161831620453769]","[-0.6121688610009542, -0.35390711025868177, 0.6122573904000692, 0.35375122731891806]","[458.3168595515134, 5.819555217673333, 9.91378623140252]",5.380000000000131,100.0,0.0,"[50.0, 112.07387350737656, 112.07387350737658]",33
355,2873029230,settled,Dl4a_0002,unmatched,,"[0.4628663485147122, -0.8593102772631258, 0.024602172352034594, 0.21618354220011224]","[0.6829554110922572, -0.18353012563445273, 0.6828179940953288, -0.18343441984545733]","[458.6726556045977, 9.919791102305116, 5.812851288683221]",5.790000000000268,100.0,0.0,"[50.0, 113.62338901822204, 113.62338901822206]",38
356,1554565609,settled,Dl4a_0024,unmatched,,"[-0.652094966003504, 0.3679621994719656, -0.4952347691569995, -0.44058880885770996]","[-0.6122221031787535, -0.3538041088691489, -0.6121955122495518, -0.35386919010871815]","[458.5759220382483, 5.82628719340363, 10.069910523935238]",5.320000000000111,100.0,0.0,"[50.0, 113.99322650143952, 113.99322650143954]",39
357,2965863122,settled,Dl4a_0009,unmatched,,"[-0.12769327799571875, -0.940130401887314, -0.03815505373810864, 0.31367729608013967]","[-0.1823916428842237, -0.6831624038988362, 0.18236049412998398, 0.6832035338651473]","[458.9200450906465, 10.067042935263267, 5.816964315460856]",4.959999999999991,100.0,0.0,"[50.0, 110.54595062399594, 110.54595062399594]",29
358,288631476,settled,Dl4a_0010,unmatched,,"[0.15646738306889113, 0.4577879066219654, -0.17363200094501036, -0.8577879218280493]","[7.060123299151844e-05, 0.7070900506246983, -4.577028262620075e-05, -0.7071235063467404]","[458.7202913018603, 5.823961156473085, 10.076553259137633]",5.200000000000071,100.0,0.0,"[50.0, 99.07157385611181, 99.07157385611183]",38
359,3535010220,settled,Dl4a_0009,unmatched,,"[-0.38296168635250694, 0.6040267022354994, 0.08806163065029556, -0.6933521752902795]","[0.18299655425728723, 0.6830203475909778, -0.18316677314083674, -0.6829680806039423]","[458.3306565936354, 10.066896480432355, 5.814373606081507]",5.040000000000018,100.0,0.0,"[50.0, 99.4313685570627, 99.43136855706268]",31
360,2618921339,settled,Dl4a_0002,unmatched,,"[0.7111506376373382, -0.1553816167939371, 0.3915002002004868, -0.5628933442433726]","[0.6829517061683373, -0.18328975317658186, 0.6829345439540243, -0.18325458274360798]","[458.147716808312, 9.911223079053864, 5.818783813499385]",5.110000000000041,100.0,0.0,"[50.0, 104.72861314678228, 104.72861314678227]",33
361,1660890013,settled,Dl4a_0022,unmatched,,"[0.45280857555295406, 0.20066766691702484, 0.5321230520114401, 0.6866891137027097]","[0.5002052416404805, 0.4997018759968434, 0.5002635738074183, 0.4998290788680203]","[458.9774455606924, 10.064398842397743, 5.820626145421467]",5.100000000000038,100.0,0.0,"[50.0, 100.13360409294503, 100.13360409294503]",34
362,4217470258,settled,Dl4a_0002,unmatched,,"[-0.705585590940385, 0.12040932334872317, -0.01745986958392375, 0.6981015124336307]","[-0.6828309467892792, 0.18327006587895764, -0.683052562481147, 0.1832844181798272]","[458.2703537068145, 9.92019317885403, 5.803893456461004]",5.020000000000011,100.0,0.0,"[50.0, 114.10537655060372, 114.10537655060374]",38
363,3876941340,settled,Dl4a_0009,unmatched,,"[-0.12107567680190418, 0.9796114234016763, 0.025284708254459297, -0.1583124226218193]","[0.18307829352600985, 0.683016088298368, -0.1829409562912404, -0.6830109575083309]","[458.3838448387259, 10.067545801243293, 5.82115060109934]",4.699999999999904,100.0,0.0,"[50.0, 114.02863166970552, 114.02863166970553]",36
364,1763217951,settled,Dl4a_0009,unmatched,,"[0.3073770505126439, 0.9100429245687035, 0.09833167340130129, -0.26013862893981854]","[0.18302197101307988, 0.6829925842026698, -0.18305812846335964, -0.6830181620236305]","[458.69428339122396, 10.073085706477237, 5.810802487064134]",5.0300000000000145,100.0,0.0,"[50.0, 111.83539049733992, 111.8353904973399]",31
365,4219013935,settled,Dl4a_0002,unmatched,,"[0.7454283172530326, -0.3094702124605008, -0.041500737105532565, -0.5889333580776878]","[0.6828973643396882, -0.1834464957047831, 0.6829244802091874, -0.18333774112973408]","[458.3442319726804, 9.91738942327662, 5.8242183083527985]",5.300000000000105,100.0,0.0,"[50.0, 112.47571066002997, 112.47571066002999]",28
366,2392790572,settled,Dl4a_0002,unmatched,,"[0.506298281140592, -0.4800913546943908, 0.6900901351759378, -0.19222368999330575]","[0.6829803679196845, -0.18319790615635254, 0.6829133617875273, -0.18331853291001002]","[458.9014467309152, 9.917880001140334, 5.813309872039455]",5.110000000000041,100.0,0.0,"[50.0, 97.84806689290635, 97.84806689290636]",43
367,1164810619,settled,Dl4a_0024,unmatched,,"[-0.38137065741942194, -0.17571490907316958, -0.402914362951204, -0.8132285708929016]","[-0.6123009748866015, -0.3537574003913905, -0.6122775736426754, -0.35363737166125553]","[458.34186914893223, 5.819004124623647, 10.069027432068863]",5.110000000000041,100.0,0.0,"[50.0, 103.3916037819956, 103.39160378199561]",24
368,2725202999,settled,Dl4a_0009,unmatched,,"[0.6020706777101422, 0.6374296419236787, -0.13537127254050507, -0.4613772525921334]","[0.18246140711253778, 0.683081393621021, -0.18250581239806696, -0.6832271021001715]","[458.80003085261063, 10.06805579676907, 5.816990384621293]",5.040000000000018,100.0,0.0,"[50.0, 102.5095097858427, 102.50950978584271]",44
369,654768980,settled,Dl4a_0009,unmatched,,"[0.36951331627604517, 0.16361525016927125, -0.050278802764462525, -0.9133246963699704]","[0.18276241730746073, 0.6831057715034703, -0.18277847051052798, -0.6830493645970358]","[458.51485657424575, 10.077394462594707, 5.816511283723516]",5.510000000000175,100.0,0.0,"[50.0, 107.76181630000357, 107.76181630000359]",40
370,2221380443,settled,Dl4a_0004,unmatched,,"[-0.35836865151581215, 0.05949061892660346, 0.9295317164905558, 0.0632737221015895]","[-0.612409434329316, -0.35348892138031934, 0.6123795509926374, 0.3535414441503026]","[458.70146303902624, 5.815633775927254, 9.925011845793144]",5.450000000000155,100.0,0.0,"[50.0, 109.37467696488444, 109.37467696488446]",54
371,476349535,settled,Dl4a_0011,unmatched,,"[0.09604740000755455, 0.7008195225679995, 0.19012996826416934, 0.6807918102527497]","[0.00017063030784084113, 0.7070915179685531, 0.00026157467713991417, 0.7071219751081943]","[458.25310066042704, 5.816825228835053, 9.92799995507796]",5.210000000000075,100.0,0.0,"[50.0, 87.42313313963928, 87.42313313963929]",42
372,3612281220,settled,Dl4a_0022,unmatched,,"[0.6715049193823535, 0.5474979878976362, 0.17480186313158846, 0.46773005584317984]","[0.5001611599902072, 0.4997331429812862, 0.5003377180887327, 0.4997677137441512]","[458.3417865469696, 10.06567414409219, 5.806017227999633]",5.350000000000121,100.0,0.0,"[50.0, 100.17918038191803, 100.17918038191804]",30
373,1017460157,settled,Dl4a_0004,unmatched,,"[0.7624564013137765, 0.3983607319822863, -0.4894468025699346, 0.14286633880746705]","[0.6130951917658711, 0.352386787077928, -0.6129792716077737, -0.3524120467658112]","[458.9404868068798, 5.844181352053722, 9.894069279382894]",4.939999999999984,100.0,0.0,"[50.0, 104.31268067953971, 104.31268067953972]",24
374,3334185002,settled,Dl4a_0021,unmatched,,"[0.29294854975408346, -0.3482776720377911, 0.3091249391142775, 0.8350602267947566]","[0.5000800244863826, -0.4999560235887557, -0.5000211099111453, 0.4999428299618318]","[458.1864434162336, 9.922879612858937, 5.818687296360639]",5.020000000000011,100.0,0.0,"[50.0, 107.59826172500465, 107.59826172500466]",32
375,36137377,settled,Dl4a_0009,unmatched,,"[-0.20545604068213918, -0.3180872002026298, 0.5867492465968921, 0.7157748738482309]","[-0.1829854072626332, -0.6830306759483196, 0.18294618894960077, 0.6830198594413833]","[458.48960322560094, 10.066014282545641, 5.817481411996612]",5.280000000000098,100.0,0.0,"[50.0, 109.08368935715016, 109.08368935715018]",32
376,289982995,settled,Dl4a_0022,unmatched,,"[0.44371958448672016, 0.8345991150536697, -0.14418709359260803, 0.29286059744506493]","[0.500078004178435, 0.4999570533620765, 0.5000304864559636, 0.49993444284729527]","[458.3838268733035, 10.060008595722984, 5.812823891012329]",5.270000000000095,100.0,0.0,"[50.0, 110.25194653476447, 110.25194653476449]",28
377,437091509,settled,Dl4a_0004,unmatched,,"[0.46244359947511104, -0.1983497310405094, -0.8436222101105, -0.18736293152311587]","[0.6124759437795283, 0.35350714025437385, -0.6123386765686818, -0.3534788045394886]","[458.91745744448036, 5.811867912534451, 9.91203737368082]",5.460000000000158,100.0,0.0,"[50.0, 102.93661532770366, 102.93661532770368]",42
378,3839845437,settled,Dl4a_0011,unmatched,,"[0.35226777543534865, 0.934847391708788, 0.031132634150594862, -0.03159948885586536]","[-0.0004968591953932177, 0.7070716268545334, -0.0007637956214659734, 0.7071413467224725]","[458.2599683209982, 5.82892247291575, 9.90969244202313]",5.770000000000262,100.0,0.0,"[50.0, 113.3678004242972, 113.36780042429722]",34
379,1660966759,settled,Dl4a_0009,unmatched,,"[-0.1517052857831241, -0.29127561974959143, -0.18264073679145526, 0.9267072789555645]","[-0.18255976942949967, -0.683095010045728, 0.18256394339650367, 0.6831716800394999]","[458.66914182406515, 10.080528260286666, 5.8148644646069085]",5.1800000000000646,100.0,0.0,"[50.0, 109.22985003492876, 109.22985003492877]",25
380,1637501604,settled,Dl4a_0009,unmatched,,"[0.18129149155088545, -0.6913895059743468, 0.032480297838960365, 0.6986121788031583]","[-0.1824919910102614, -0.6830798127201216, 0.18271044063947928, 0.6831658199534588]","[458.32037299349, 10.06189025287365, 5.81949025913883]",5.040000000000018,100.0,0.0,"[50.0, 92.03662171005838, 92.0366217100584]",22
381,485279111,settled,Dl4a_0004,unmatched,,"[-0.9312632588279296, -0.3349799535042644, 0.12213209572889121, 0.07497282641286965]","[-0.6123789359276819, -0.35347894682292846, 0.6124266442417953, 0.35352267028829587]","[458.7183917315827, 5.815272224611848, 9.913661429206387]",4.819999999999944,100.0,0.0,"[50.0, 113.41539802792208, 113.4153980279221]",25
382,3762580992,settled,Dl4a_0009,unmatched,,"[0.1773482491946259, -0.3470449091463339, 0.7076768376718273, 0.5893224270007174]","[-0.18280672233114437, -0.6830755792688512, 0.18267719479773248, 0.6830947941376063]","[458.7051317586175, 10.06440398791619, 5.814692911436595]",5.170000000000061,100.0,0.0,"[50.0, 107.36048742273633, 107.36048742273634]",29
383,2423116493,settled,Dl4a_0024,unmatched,,"[0.29462108731827746, 0.6033356075849531, -0.42676698231237864, 0.6058502309444782]","[0.6122524608897445, 0.353730722131659, 0.6122780837811754, 0.35374715331139966]","[458.18637171212254, 5.82239970114953, 10.069187828774341]",5.1200000000000445,100.0,0.0,"[50.0, 111.69665786841905, 111.69665786841907]",41
384,4174505831,settled,Dl4a_0019,unmatched,,"[0.2244048008060311, 0.5715964015653734, -0.6853403945532466, 0.39144422678885216]","[0.3536139479406161, 0.6123470227564555, -0.6125458366531479, 0.3532363196813877]","[458.3994537308687, 39.78414201814857, 7.1814223046271115]",5.070000000000028,100.0,0.0,"[50.0, 113.42593032316438, 113.4259303231644]",13
385,2525438779,settled,Dl4a_0002,unmatched,,"[-0.6897378057101372, -0.14439285100342594, -0.2628215548777614, -0.6590427104861286]","[-0.682968016917484, 0.18314287932133821, -0.6830050442412113, 0.1830778063085474]","[458.4315707832259, 9.921054148268022, 5.823209993496316]",5.160000000000058,100.0,0.0,"[50.0, 110.84008206308076, 110.84008206308076]",39
386,1288210302,settled,Dl4a_0011,unmatched,,"[0.04615286212208781, -0.6333120855466261, 0.5372564310861841, -0.5551047134325727]","[0.00017194680766002834, -0.7071670102877143, 0.00018496906717319073, -0.7070465018522298]","[458.91715522231743, 5.821548673767129, 9.918428102293069]",5.220000000000078,100.0,0.0,"[50.0, 106.68139374012213, 106.68139374012215]",28
387,2398396039,settled,Dl4a_0002,unmatched,,"[0.7576079537954379, -0.18841092674201143, 0.5765840312664487, -0.24100283383943177]","[0.6829919006674238, -0.1830818358029356, 0.6829939845795999, -0.18309102121570064]","[458.69256235294347, 9.917026497634236, 5.81096274988168]",5.100000000000038,100.0,0.0,"[50.0, 88.18149195766408, 88.18149195766406]",28
388,701727153,settled,Dl4a_0011,unmatched,,"[0.19212178778999547, -0.6549558889125926, -0.32855242530116996, -0.6528210367809931]","[0.00010332103997109929, -0.7070495229465319, 2.399134929162438e-05, -0.7071640268355422]","[458.3108466748302, 5.819397951616953, 9.918061038389817]",5.170000000000061,100.0,0.0,"[50.0, 106.02260974586908, 106.02260974586909]",42
389,1545886231,settled,Dl4a_0007,unmatched,,"[0.6603699745772341, -0.13748381202057905, -0.26800047012429995, -0.6878847622402371]","[0.6123074337991884, -0.3536303297037605, -0.353468764439442, -0.6124418576432513]","[458.24434832350937, 40.22170713966572, 7.182561144877537]",4.859999999999958,100.0,0.0,"[50.0, 114.00057558766666, 114.00057558766667]",10
390,1745869872,settled,Dl4a_0021,unmatched,,"[-0.447504222096961, 0.26585095795835, 0.8533219872333381, 0.030080316856180497]","[-0.5002380199568286, 0.49979102181224877, 0.5001795700592319, -0.49979121200847654]","[458.74330403123486, 9.923457527056698, 5.816252999106778]",5.340000000000118,100.0,0.0,"[50.0, 101.87951144294851, 101.87951144294853]",38
391,406022352,settled,Dl4a_0002,unmatched,,"[-0.3653408397420556, 0.6171309206484219, -0.6060321330849663, 0.3440938117209992]","[-0.6829874846596794, 0.1836921843695222, -0.6827019034349036, 0.18358482575136012]","[458.61907198226606, 9.912034328953343, 5.814413913080594]",5.160000000000058,100.0,0.0,"[50.0, 101.07328932589057, 101.07328932589058]",33
392,1249401832,settled,Dl4a_0002,unmatched,,"[-0.1733833582670486, 0.1891697261426468, -0.9649533349426495, -0.05493712014854206]","[-0.6830806033774157, 0.1829909656270887, -0.6829228021741703, 0.1831164712935192]","[458.5343149276178, 9.920365666197455, 5.816032040334031]",4.799999999999938,100.0,0.0,"[50.0, 111.63435435918561, 111.63435435918562]",31
393,3632292210,settled,Dl4a_0021,unmatched,,"[-0.016288161035539764, 0.41417340070696734, 0.444247711431849, -0.79425377609708]","[-0.5002882242522093, 0.4998300200679255, 0.5001207919266086, -0.49976077996994767]","[458.80813353439993, 9.926084246849657, 5.820818034818334]",5.290000000000101,100.0,0.0,"[50.0, 107.880534065825, 107.88053406582499]",25
394,2973749025,settled,Dl4a_0010,unmatched,,"[-0.257487360526622, 0.7199862692742867, -0.4075739458834495, -0.4992028744533857]","[0.00018003048614792516, 0.7071489344319426, -0.0001263660156935742, -0.7070645912166881]","[458.8593354676535, 5.810962632841687, 10.066908146991551]",5.1500000000000545,100.0,0.0,"[50.0, 109.7685849563581, 109.7685849563581]",35
395,1941028596,settled,Dl4a_0018,unmatched,,"[-0.3979706979410011, 0.5124873277994502, -0.5234674702789294, -0.552229906818808]","[-0.35369338317533083, 0.6122606738336045, -0.6121572576426435, -0.3539793071497928]","[458.3753008442063, 39.799913375890505, 5.8142542054439685]",4.979999999999998,100.0,0.0,"[50.0, 114.04932810704803, 114.04932810704804]",16
396,3070380030,settled,Dl4a_0021,unmatched,,"[-0.06994234935673012, 0.3801467522525942, 0.7566750495891676, -0.5272943995980771]","[-0.499854671877019, 0.5002905453613339, 0.49972200314286325, -0.5001325792224108]","[458.40674883188353, 9.926823068655885, 5.8040989402737395]",5.6200000000002115,100.0,0.0,"[50.0, 107.65611319016904, 107.65611319016905]",37
397,1915343937,settled,Dl4a_0010,unmatched,,"[0.4906712176433897, -0.7697750840218592, 0.18896804856236424, 0.36191042098566995]","[0.00012050932980028906, -0.7070770040735347, -0.00010022274697071842, 0.7071365396748334]","[458.60224107238776, 5.8200926361622765, 10.067539900136506]",4.899999999999971,100.0,0.0,"[50.0, 107.15702273244702, 107.15702273244703]",46
398,354290017,settled,Dl4a_0002,unmatched,,"[-0.28835621042518916, -0.38855276042979314, -0.7424310043056404, 0.46332888116038073]","[-0.6828557153901775, 0.18307678801453997, -0.6831026232666375, 0.18319871106393357]","[458.60939110762183, 9.912948884595634, 5.800553296669847]",4.659999999999891,100.0,0.0,"[50.0, 109.71091318953471, 109.71091318953471]",17
399,3963352672,settled,Dl4a_0002,unmatched,,"[0.9251647455085984, -0.043595273119650155, -0.02004224774347514, -0.3765208548474078]","[0.6828744215149787, -0.1832048726427242, 0.6830013539360427, -0.18337843276154114]","[458.4752273732749, 9.922231324196183, 5.814924418498533]",5.110000000000041,100.0,0.0,"[50.0, 109.17388067365172, 109.17388067365174]",31
400,2241331819,settled,Dl4a_0025,unmatched,,"[0.5925854334590082, 0.24491752173755219, -0.09201458593482868, 0.7618341207726109]","[0.7070847398713905, -0.00041002015783967843, -0.0003691091932317774, 0.7071286066076538]","[458.2759557715522, 39.80565821823089, 5.814811220919341]",5.1200000000000445,100.0,0.0,"[50.0, 113.57449609367417, 113.57449609367418]",12
401,1248089024,settled,Dl4a_0018,unmatched,,"[0.2827366532360801, -0.6531151424436665, 0.5934076092222453, 0.3759893681273299]","[0.3531088283557425, -0.6126785857677037, 0.6122714553987322, 0.3536421507439969]","[458.46777869303907, 39.80079125775977, 5.810516255125554]",4.869999999999961,100.0,0.0,"[50.0, 113.57643157818865, 113.57643157818866]",10
402,1190590428,settled,Dl4a_0022,unmatched,,"[-0.8466737523926994, -0.520625593890875, -0.0190786065475082, 0.10829845228462341]","[-0.5001062815538897, -0.49988171330560993, -0.5000961728411378, -0.49991579067142544]","[458.86904373920305, 10.061918818778937, 5.813225591060455]",5.720000000000245,100.0,0.0,"[50.0, 113.42868152712106, 113.42868152712107]",42
403,870255912,settled,Dl4a_0013,unmatched,,"[-0.016935335981255635, 0.22228673932136322, -0.7657847735540874, 0.6032209218104038]","[-1.2598230595406437e-06, 4.879721969608398e-05, -0.8659554348202879, -0.5001211678408048]","[458.9102364593409, 5.820241504466018, 40.20739601644401]",5.130000000000048,100.0,0.0,"[50.0, 113.05806359717147, 113.05806359717148]",29
404,3990659583,settled,Dl4a_0009,unmatched,,"[-0.20215787328060575, -0.6371998885809219, 0.5616658613913516, 0.4874832883398513]","[-0.1829474795050893, -0.6830284930967022, 0.18297730600943798, 0.6830238669668226]","[458.5784753452678, 10.075489386338704, 5.822735793829019]",5.010000000000008,100.0,0.0,"[50.0, 103.1341469129897, 103.13414691298972]",25
405,3397404430,settled,Dl4a_0010,unmatched,,"[0.41182468093020647, -0.4075472598130009, 0.478449909386871, 0.6598419109175645]","[-0.00043480959447786405, -0.706994570153408, 0.00039691133638139475, 0.707218729372749]","[458.6697776520225, 5.828914835947354, 10.055412423508116]",5.300000000000105,100.0,0.0,"[50.0, 114.01219816460879, 114.0121981646088]",32
406,3645697704,settled,Dl4a_0021,unmatched,,"[0.8864963890943234, -0.051138257445942525, -0.1415384693951913, 0.4375795841094335]","[0.5000741659354527, -0.4998873934363763, -0.5000778065694235, 0.49996060827235306]","[458.70440020471307, 9.911338951342794, 5.823927527163024]",4.839999999999951,100.0,0.0,"[50.0, 110.02452693401314, 110.02452693401315]",47
407,51817196,settled,Dl4a_0024,unmatched,,"[0.7638451508528649, 0.27373350348973174, 0.43368309953207546, 0.39182843664804773]","[0.612177324377798, 0.353917368871394, 0.6120988974690718, 0.3540005074091518]","[458.73854465140727, 5.824862398809117, 10.071047699373885]",5.230000000000081,100.0,0.0,"[50.0, 94.69310188742963, 94.69310188742965]",29
408,2309212288,settled,Dl4a_0004,unmatched,,"[0.8495889160767383, 0.3365625935702812, -0.2307471229477699, -0.33418566626970336]","[0.6125210941260547, 0.35346879019334665, -0.6123910942052275, -0.3533480880774608]","[458.7814235157243, 5.8235569782677485, 9.907650239323896]",5.0300000000000145,100.0,0.0,"[50.0, 107.68032425760649, 107.6803242576065]",33
409,48961705,settled,Dl4a_0009,unmatched,,"[0.07809326247491846, -0.2879763649877445, 0.049014886336602684, 0.9531886468490268]","[-0.1829179872008479, -0.6830049822376268, 0.18300568493115815, 0.6830476729188433]","[458.1439668945667, 10.071210648398807, 5.820677418738398]",5.310000000000108,100.0,0.0,"[50.0, 112.0734917906699, 112.07349179066992]",30
410,1554068286,settled,Dl4a_0021,unmatched,,"[0.6452777913563432, -0.48357184564960204, -0.23356384192165672, 0.5433440657853112]","[0.49995269330938313, -0.5000798284106341, -0.4999673696524049, 0.5000000989523306]","[458.69725927301454, 9.928220339150844, 5.814750684374194]",5.080000000000031,100.0,0.0,"[50.0, 100.67276561435747, 100.67276561435749]",42
411,3534876538,settled,Dl4a_0010,unmatched,,"[-0.2977258657233537, 0.10832781411501317, -0.3707268817149146, -0.8730326298267885]","[-5.6999073620445095e-05, 0.7071016107140695, 2.6651744276517952e-06, -0.7071119493188976]","[458.67109518321524, 5.813302075011186, 10.071617936297665]",5.530000000000181,100.0,0.0,"[50.0, 111.53739802392325, 111.53739802392323]",32
412,534105821,settled,Dl4a_0025,unmatched,,"[0.61992343084427, 0.12344665611091266, 0.04777704849200498, 0.7734165867258707]","[0.7071051439262589, -0.000505692730902165, -8.109444862105263e-05, 0.7071082329683179]","[458.64910904013715, 39.79631290469343, 5.81392462719622]",5.0300000000000145,100.0,0.0,"[50.0, 114.00159387813584, 114.00159387813585]",18
413,4091761413,settled,Dl4a_0018,unmatched,,"[0.5674666330929233, -0.4537568823728552, 0.5632140784565418, 0.3935431537376766]","[0.353161649274308, -0.6125903407681916, 0.6122697020614235, 0.3537452979432763]","[458.53833882392684, 39.806281555880666, 5.811161071352683]",5.0300000000000145,100.0,0.0,"[50.0, 114.01614262867632, 114.01614262867633]",14
414,3173205562,settled,Dl4a_0004,unmatched,,"[-0.09130783514718892, -0.5669139993428666, 0.7439710281521406, -0.3417287021308819]","[-0.6124218548879198, -0.3534523564331129, 0.612464119746515, 0.3534099678993873]","[458.34370246405535, 5.819236994447437, 9.91137462808763]",5.6200000000002115,100.0,0.0,"[50.0, 112.32339157926442, 112.32339157926444]",27
415,251389692,settled,Dl4a_0004,unmatched,,"[0.6080055123042141, 0.07237173668191489, -0.4106834322929009, -0.6755965861203387]","[0.6124990666996912, 0.3533145580619879, -0.6125170062374107, -0.3533222798288118]","[458.71211900023786, 5.822893196284548, 9.91123496335088]",5.360000000000125,100.0,0.0,"[50.0, 109.38812198021678, 109.3881219802168]",32
416,2745748030,settled,Dl4a_0018,unmatched,,"[-0.44688314577346244, 0.750365958923362, -0.42026706391498325, -0.24621530557810048]","[-0.3534812307894476, 0.6123949489876096, -0.6122658415044999, -0.3537710916126798]","[458.15544900654123, 39.79392526833492, 5.813299327201485]",4.959999999999991,100.0,0.0,"[50.0, 112.60159586398156, 112.60159586398157]",13
417,2132957445,settled,Dl4a_0010,unmatched,,"[0.02440900510333862, 0.4192243821668913, -0.3393466787833796, -0.8417237964233536]","[0.00028433382030779164, 0.7071055920873267, -0.0003233153441707104, -0.7071078392015591]","[458.5075646686683, 5.824116729660167, 10.062340965081919]",5.270000000000095,100.0,0.0,"[50.0, 103.79043556265849, 103.7904355626585]",40
418,2592582287,settled,Dl4a_0011,unmatched,,"[-0.17317025778823744, 0.877343216343861, -0.19804333936939197, 0.40132253647706384]","[1.3127542980440057e-06, 0.7070769106774107, -5.4753516872230186e-05, 0.7071366483129113]","[458.3257991274799, 5.8172856674835565, 9.922153779788315]",5.260000000000091,100.0,0.0,"[50.0, 102.91833105304168, 102.91833105304167]",27
419,488833476,settled,Dl4a_0002,unmatched,,"[0.814050814904451, -0.47546433509702507, 0.2701807450712651, -0.19559473867381785]","[0.6830259788839299, -0.18290267872334007, 0.6830291801595552, -0.18301164262429329]","[458.2378618368569, 9.916616793280383, 5.820090375308831]",5.360000000000125,100.0,0.0,"[50.0, 110.28342720826099, 110.28342720826099]",33
420,1079718317,settled,Dl4a_0010,unmatched,,"[-0.06942338662369815, -0.7737009619714047, 0.02210873122520877, 0.6293476136745343]","[-0.0003807809920131633, -0.7071355795451558, 0.0002824358788989789, 0.707077822716246]","[458.31689131073347, 5.826162370616043, 10.071464627376994]",5.1500000000000545,100.0,0.0,"[50.0, 90.01638796939842, 90.01638796939841]",45
421,1354260012,settled,Dl4a_0021,unmatched,,"[-0.4187518959274471, 0.7746345086352491, 0.30176239181627623, -0.3654144038949682]","[-0.5000873104353554, 0.4998516476357605, 0.5001851230211299, -0.4998758395898777]","[458.6954620139272, 9.920641586322738, 5.814577396884155]",5.000000000000004,100.0,0.0,"[50.0, 102.28531993347487, 102.28531993347488]",18
422,882229007,settled,Dl4a_0009,unmatched,,"[0.1273924501741963, -0.9584522427451846, 0.2029272869603875, 0.1547933403678503]","[-0.18260809584924131, -0.6831244299684442, 0.18257580723732747, 0.6831261751113339]","[458.3820852783167, 10.057543792822756, 5.818517556483889]",4.709999999999908,100.0,0.0,"[50.0, 111.36278935010542, 111.36278935010543]",30
423,4192697643,settled,Dl4a_0021,unmatched,,"[0.6550885994433101, -0.4372331383276803, -0.14355208181188908, 0.5992319329233069]","[0.5001399099718927, -0.4998796210509033, -0.500051614431611, 0.49992881274802714]","[458.40905852073763, 9.91473529096745, 5.819617988996653]",5.110000000000041,100.0,0.0,"[50.0, 106.93025365122631, 106.9302536512263]",32
424,3669686380,settled,Dl4a_0010,unmatched,,"[-0.06116896501923223, 0.885354112653527, -0.3315742172768101, -0.32010153289734866]","[0.0005345145815016383, 0.7070608294484297, -0.0004727624616928938, -0.7071523698959903]","[458.9190124871488, 5.835636245355678, 10.05853322098384]",4.779999999999931,100.0,0.0,"[50.0, 103.17193283903163, 103.17193283903164]",34
425,514171889,settled,Dl4a_0004,unmatched,,"[-0.8749889709778484, -0.4028463397589936, 0.14105621020290338, 0.22850004983172698]","[-0.612624835737902, -0.3530987888839358, 0.6126412964831212, 0.3531043723451845]","[458.75865051163225, 5.82074280408856, 9.911592099783757]",5.0900000000000345,100.0,0.0,"[50.0, 112.6627489634396, 112.66274896343961]",29
426,551640303,settled,Dl4a_0011,unmatched,,"[-0.2697721665536638, 0.4464575027683721, -0.8515280409815804, 0.05290247439244444]","[-0.0001221444628383417, 0.7071406112407334, -7.026558274059182e-05, 0.7070729354724025]","[458.18686207270315, 5.821345169609804, 9.915289658536055]",5.1800000000000646,100.0,0.0,"[50.0, 108.65505660909614, 108.65505660909614]",33
427,1447824218,settled,Dl4a_0004,unmatched,,"[0.054177171776904016, 0.03524804273418602, -0.8950143501031719, -0.44132949442685304]","[0.6127872738221468, 0.3528247899851964, -0.6127586707533073, -0.3528926692780164]","[458.53825060991176, 5.847170370881986, 9.914846292430221]",5.6500000000002215,100.0,0.0,"[50.0, 113.85725510586038, 113.85725510586038]",40
428,88904940,settled,Dl4a_0002,unmatched,,"[0.9031736958155836, -0.2856238255728287, 0.17222343768948123, -0.27025061140056533]","[0.6830079458113499, -0.18319878063656686, 0.6829087303285848, -0.18323214448571876]","[458.1657093592083, 9.918957336031344, 5.81379164602178]",5.220000000000078,100.0,0.0,"[50.0, 111.08561628898923, 111.08561628898924]",38
429,1326025458,settled,Dl4a_0006,unmatched,,"[-0.5718926520009407, -0.20994557547447532, -0.2553657328752236, 0.7507662701527834]","[-0.6124763360937548, -0.35333907271919923, -0.3539729621281692, 0.6121498015170111]","[458.5107477836156, 40.226033619121374, 5.8136300971678745]",4.979999999999998,100.0,0.0,"[50.0, 114.22844484899451, 114.22844484899453]",16
430,1890205973,settled,Dl4a_0021,unmatched,,"[0.4550261583998374, -0.14329072983126753, -0.6002766520818873, 0.6419399527071591]","[0.5002130167557721, -0.4997734215326133, -0.5002922267025869, 0.4997210750995421]","[458.66828191864187, 9.914973242196915, 5.8134468022880865]",5.140000000000051,100.0,0.0,"[50.0, 102.61451098678755, 102.61451098678755]",26
431,296743350,settled,Dl4a_0002,unmatched,,"[0.6332094678323993, -0.22651466425909744, 0.7306858552586184, 0.11762252185691]","[0.6829208993155425, -0.18336384492836072, 0.6829103728221488, -0.18338530023710353]","[458.63221998348195, 9.918768665473097, 5.817817638594593]",5.130000000000048,100.0,0.0,"[50.0, 101.8035218652201, 101.80352186522012]",22
432,4200615586,settled,Dl4a_0022,unmatched,,"[0.655926729555045, 0.4715822210767977, 0.3000995891145564, 0.5072578938102114]","[0.5002405707929943, 0.4997142027023031, 0.5002865264971817, 0.4997584199947864]","[458.78134876444875, 10.071238882179053, 5.811852805159648]",5.1500000000000545,100.0,0.0,"[50.0, 96.99151772451754, 96.99151772451754]",33
433,1827127625,settled,Dl4a_0002,unmatched,,"[0.8579350932580933, -0.2128157517921675, -0.14611278493536695, -0.44419352271706153]","[0.6830162746234391, -0.1834091289398225, 0.6828014432120609, -0.1833904282359944]","[458.4899065490424, 9.91199500079312, 5.81879792776996]",5.470000000000161,100.0,0.0,"[50.0, 111.76359215451781, 111.76359215451782]",29
434,534635392,settled,Dl4a_0002,unmatched,,"[0.4023365553425705, -0.1994319114941423, 0.8810665716111402, -0.14857289558415035]","[0.6830427073916745, -0.18293269260632258, 0.6830474650838382, -0.1828508963538188]","[458.1867452907138, 9.915315262715371, 5.812131882441231]",5.070000000000028,100.0,0.0,"[50.0, 102.17259350133145, 102.17259350133146]",36
435,2590583326,settled,Dl4a_0004,unmatched,,"[0.09030055180909459, -0.04441867200298009, -0.8023967719212277, -0.5882450274595253]","[0.6125128857278319, 0.3534270680838762, -0.612382612603756, -0.353418743339395]","[458.50214417701494, 5.826154698467249, 9.908486856006252]",5.740000000000252,100.0,0.0,"[50.0, 113.8612282125731, 113.86122821257311]",35
436,2547354583,settled,Dl4a_0004,unmatched,,"[0.8152563941732772, 0.21622676966726295, -0.40583675953436604, -0.3519936369446071]","[0.6124183178785924, 0.3534827074781374, -0.6123482105167347, -0.3535865502499125]","[458.49039551113526, 5.8168437465316565, 9.906211214030145]",5.170000000000061,100.0,0.0,"[50.0, 98.11436394619146, 98.11436394619145]",44
437,3218085765,settled,Dl4a_0009,unmatched,,"[0.2954657990931379, 0.39282819469298863, -0.3980689292476701, -0.7745496101529676]","[0.18288914081653584, 0.68304980878492, -0.1828459406613808, -0.683053352875109]","[458.62474317544167, 10.068983419180688, 5.810872056537118]",5.250000000000088,100.0,0.0,"[50.0, 102.38191777767963, 102.38191777767965]",29
438,1304232084,settled,Dl4a_0002,unmatched,,"[-0.352213766853653, 0.21184664024323208, -0.8685438811426818, -0.27694401958883696]","[-0.6828743616460958, 0.18339922075188822, -0.6829427731137308, 0.18340256455612766]","[458.7010834896246, 9.91412254796172, 5.816135461620896]",5.110000000000041,100.0,0.0,"[50.0, 105.67786130302491, 105.6778613030249]",30
439,297768368,settled,Dl4a_0009,unmatched,,"[-0.22472066688496214, -0.872516407788627, -0.21434063640960546, 0.3771920354380955]","[-0.18256838325476496, -0.6830504977766917, 0.18249224470945702, 0.6832330375089152]","[458.622799650822, 10.069006073571169, 5.815271048806978]",5.040000000000018,100.0,0.0,"[50.0, 106.3144687467766, 106.31446874677661]",37
440,891232979,settled,Dl4a_0010,unmatched,,"[-0.34380334234946835, -0.7338992915597421, -0.0763126847783356, 0.5808334234351233]","[-0.00012765292357835856, -0.7071569504687946, 7.523649610766125e-05, 0.707056592818337]","[458.55891867240945, 5.822560136689829, 10.069978363170522]",5.1800000000000646,100.0,0.0,"[50.0, 101.84129139140863, 101.84129139140865]",34
441,3841963349,settled,Dl4a_0021,unmatched,,"[-0.5133375855609958, -0.07907450326392841, 0.6897991190402434, -0.5043896525061499]","[-0.5002466146562679, 0.4998699411804732, 0.5001465557011604, -0.49973671993304636]","[458.2812341215761, 9.923872210130684, 5.817393962557467]",5.350000000000121,100.0,0.0,"[50.0, 103.87739927692371, 103.87739927692373]",34
442,18385099,settled,Dl4a_0009,unmatched,,"[0.12047864421829556, -0.12517628543684167, -0.7144336243554615, 0.6777908159910955]","[-0.18287037216385926, -0.6830392496124907, 0.1829945994327735, 0.6830291260641057]","[458.75641000146373, 10.078185411235415, 5.810888291740457]",5.420000000000145,100.0,0.0,"[50.0, 112.5100884165514, 112.5100884165514]",32
443,2691739939,settled,Dl4a_0002,unmatched,,"[-0.22267729535334213, 0.7891356077799049, -0.5696644964821498, 0.0562332296395906]","[-0.6829116372221333, 0.1831229246686555, -0.683020628617731, 0.18324985972715777]","[458.3466173171553, 9.91519213484962, 5.8202287141769595]",5.300000000000105,100.0,0.0,"[50.0, 113.07537270315565, 113.07537270315567]",30
444,1648306844,settled,Dl4a_0011,unmatched,,"[0.40372342625092367, -0.4878801446397, -0.3946080481346454, -0.6657813814683657]","[1.0190127675224758e-05, -0.7071858252738977, 4.8353329733075157e-05, -0.7070277265353834]","[458.55830695921543, 5.821681575972027, 9.909454088217188]",5.040000000000018,100.0,0.0,"[50.0, 113.24571640633853, 113.24571640633854]",34
445,3556173456,settled,Dl4a_0002,unmatched,,"[0.8819022092181918, -0.180298544692677, 0.353429474799875, -0.2546144821106211]","[0.6828923714350053, -0.18339487029208737, 0.6829608046087017, -0.18327266559598643]","[458.79927213654713, 9.914476828110251, 5.8114369710195195]",5.1500000000000545,100.0,0.0,"[50.0, 104.07249329068499, 104.07249329068499]",41
446,4217925759,settled,Dl4a_0010,unmatched,,"[0.0961030644699224, -0.5789503453412914, -0.05326938281784191, 0.8079251645312798]","[-0.0003161355170512581, -0.7071170648849185, 0.0002965502776811624, 0.7070963644828091]","[458.66476338098494, 5.830097900163608, 10.072609498993225]",5.1500000000000545,100.0,0.0,"[50.0, 95.80886928707851, 95.80886928707852]",44
447,2301786321,settled,Dl4a_0011,unmatched,,"[0.2578223818748416, -0.7105505883403768, 0.20813108451813142, -0.620747076087221]","[-2.8332103088474225e-05, -0.7071053373936663, -6.107180613992846e-05, -0.7071082217715446]","[458.56137651673913, 5.820198758327858, 9.916239419304612]",5.160000000000058,100.0,0.0,"[50.0, 86.34508790070842, 86.34508790070844]",36
448,325454950,settled,Dl4a_0003,unmatched,,"[0.7956384402483112, 0.3843416545390062, -0.3939975078371101, -0.25299590669336963]","[0.6828399799328563, 0.1834807297131987, -0.6829780922288257, -0.18331750916015244]","[458.273901922285, 9.989543141235865, 7.192561263703896]",4.959999999999991,100.0,0.0,"[50.0, 103.13385215845138, 103.13385215845138]",28
449,969502381,settled,Dl4a_0009,unmatched,,"[-0.30927980161513835, -0.15406158471051223, 0.5135925348162733, 0.7853876371642105]","[-0.18281385255621016, -0.6830034877810244, 0.1828345142223667, 0.6831228816264198]","[458.3694000262701, 10.069637023618112, 5.815240053247436]",5.360000000000125,100.0,0.0,"[50.0, 110.72339583714377, 110.72339583714378]",28
450,2996715874,settled,Dl4a_0024,unmatched,,"[-0.19287291865651282, 0.48587151384416694, 0.6514239194558252, 0.5498870669914926]","[0.6123463439629342, 0.3537812729504021, 0.6121320557287381, 0.35378681758105424]","[458.5744276992943, 5.822522155328521, 10.061884767161168]",4.839999999999951,100.0,0.0,"[50.0, 112.47288681325507, 112.47288681325509]",30
451,1609489958,settled,Dl4a_0022,unmatched,,"[-0.9949556450195594, -0.05813871976815337, 0.08029387326127228, -0.015363841451134974]","[-0.5001617937328263, -0.499886954990815, -0.5002107664309626, -0.49974033404011065]","[458.98095966490473, 10.069527186347283, 5.81432873758186]",5.7100000000002415,100.0,0.0,"[50.0, 113.69387110985811, 113.6938711098581]",39
452,2771918735,settled,Dl4a_0011,unmatched,,"[-0.11460745564524599, 0.43084029765301896, -0.8796516023320977, 0.16569498345862566]","[-0.0007135936046585578, 0.7070813787939768, -0.0007459681199953327, 0.7071314291406796]","[458.9127463927908, 5.831275353945838, 9.903985265082984]",5.290000000000101,100.0,0.0,"[50.0, 107.92897946143607, 107.92897946143609]",44
453,610631633,settled,Dl4a_0011,unmatched,,"[0.1514681535432902, -0.6127328788032343, 0.29993681550540857, -0.7152997444429585]","[0.00035483903313934806, -0.7071065006571561, 0.00026540430795407577, -0.707106922875321]","[458.786252103085, 5.823998121822497, 9.920128520516757]",5.1800000000000646,100.0,0.0,"[50.0, 89.31761812510312, 89.31761812510314]",44
454,2319603761,settled,Dl4a_0004,unmatched,,"[-0.1570165804251357, 0.03132179366028071, 0.9537235132709428, -0.2545116872515474]","[-0.6125938903262613, -0.35328054273028786, 0.6124863483823957, 0.3532450377688675]","[458.567240333673, 5.823926763469456, 9.91115365248871]",5.470000000000161,100.0,0.0,"[50.0, 114.48717273359189, 114.4871727335919]",34
455,1854309513,settled,Dl4a_0004,unmatched,,"[0.12356854996780049, -0.2678906918240119, -0.7278985147329342, -0.6189742667853777]","[0.6124370063733331, 0.3535715505756799, -0.6122765822256575, -0.3535893928075999]","[458.3457268253433, 5.812687979201201, 9.911672776382142]",5.890000000000302,100.0,0.0,"[50.0, 112.37779529745103, 112.37779529745104]",31
456,989447075,settled,Dl4a_0002,unmatched,,"[0.9713800337355661, -0.21011797810244398, 0.016179182275794755, 0.10958786154915928]","[0.6830547214768224, -0.18281285780571277, 0.6830829359608602, -0.18279335077682712]","[458.3114989773286, 9.92395572686978, 5.817973449049766]",5.6200000000002115,100.0,0.0,"[50.0, 113.5022550315176, 113.5022550315176]",32
457,2183323969,settled,Dl4a_0002,unmatched,,"[0.4719514165278837, -0.21436734646952207, 0.6328959274691771, -0.5751097688249347]","[0.6830384377053788, -0.18305118622424377, 0.6829761284713538, -0.18301465454212532]","[458.81347394874695, 9.919178323236034, 5.817077017535008]",5.080000000000031,100.0,0.0,"[50.0, 100.70566690272015, 100.70566690272017]",37
458,3333157346,settled,Dl4a_0021,unmatched,,"[-0.9276509904190547, 0.24159716448372856, 0.27468312960690555, 0.07512408666549768]","[-0.5000637943051909, 0.499891317792909, 0.500168503140326, -0.49987632519127206]","[458.68350503561607, 9.913718745960576, 5.819529947729966]",4.969999999999994,100.0,0.0,"[50.0, 111.4243065122898, 111.4243065122898]",30
459,1536433214,settled,Dl4a_0009,unmatched,,"[0.08218339877503628, 0.2576184628040969, -0.6582543058704985, -0.7025524075762501]","[0.18285243854926175, 0.6830469393931237, -0.182904315638103, -0.6830504195322862]","[458.17427911824916, 10.067633077374305, 5.8179188052898345]",5.160000000000058,100.0,0.0,"[50.0, 112.29076346997212, 112.29076346997213]",29
460,3003981838,settled,Dl4a_0004,unmatched,,"[-0.7818738120739928, -0.012854806092070811, 0.6135808908157429, -0.10966579402428699]","[-0.6125195066104768, -0.3532383902688862, 0.6124715825301704, 0.35344172681630676]","[458.59887321898265, 5.824696689176217, 9.917524057827231]",5.1200000000000445,100.0,0.0,"[50.0, 92.03795754296672, 92.03795754296674]",28
461,1671738075,settled,Dl4a_0024,unmatched,,"[0.16848477985767996, 0.6303939036957051, 0.6092136526744295, 0.4506385808324433]","[0.6123568042002798, 0.35364570513656135, 0.6123830964332051, 0.3534696631833689]","[458.1402065546233, 5.8155032210959146, 10.061920369181562]",5.220000000000078,100.0,0.0,"[50.0, 106.33308910606665, 106.33308910606664]",28
462,1427896573,settled,Dl4a_0002,unmatched,,"[-0.8276546587604369, 0.01672756570963244, -0.5591638238802129, 0.045208101499985595]","[-0.6830128180580388, 0.18302740862992492, -0.6830030660329489, 0.18303352110534896]","[458.96041788174074, 9.927252078584463, 5.820262875071532]",5.140000000000051,100.0,0.0,"[50.0, 96.22301042281339, 96.2230104228134]",32
463,617616967,settled,Dl4a_0009,unmatched,,"[-0.653353822706798, 0.3994512311384112, -0.04260644431797357, -0.6416791933661253]","[0.1824709637541993, 0.6831612337849748, -0.18242326578435217, -0.6831667645169636]","[458.6329911557307, 10.070658238411337, 5.829126986544383]",5.070000000000028,100.0,0.0,"[50.0, 112.89370854529766, 112.89370854529767]",27
464,4137320547,settled,Dl4a_0011,unmatched,,"[0.42361130840775824, -0.7453039372078921, -0.42955826919711343, -0.2838224690468704]","[0.00036491617547754207, -0.7071071571266668, 0.00030262776754386156, -0.707106246325729]","[458.45382914976375, 5.830439674984235, 9.921370675841501]",5.6200000000002115,100.0,0.0,"[50.0, 113.55686900456334, 113.55686900456335]",30
465,2545035017,settled,Dl4a_0011,unmatched,,"[-0.5569568557253328, 0.6963649029460673, 0.07238081643017763, 0.44680644603493136]","[-0.0005949984263575181, 0.707133631797012, -0.0005413528319530569, 0.7070794719800257]","[458.8564941846743, 5.830923412043696, 9.90584213075955]",5.450000000000155,100.0,0.0,"[50.0, 105.98088586890839, 105.9808858689084]",33
466,1308104037,settled,Dl4a_0006,unmatched,,"[0.6202867767754898, 0.441811349337051, 0.34047399362073083, -0.5514748460468515]","[0.6125017195011013, 0.35342761908449294, 0.3537350640296573, -0.6122108020546476]","[458.63718618812646, 40.22519105186305, 5.816762580915982]",4.939999999999984,100.0,0.0,"[50.0, 114.05019307290999, 114.05019307290998]",15
467,997398106,settled,Dl4a_0012,unmatched,,"[0.11084417898417434, -0.7964657463755247, -0.5903442692092394, 0.06963854283090477]","[-0.00011735630115377853, -0.7070393542623402, -0.7071741644910003, -0.0001970488447777876]","[458.56381405477083, 40.2136503550586, 5.813874611329015]",5.1200000000000445,100.0,0.0,"[50.0, 114.09195280823772, 114.09195280823772]",17
468,3869532184,settled,Dl4a_0002,unmatched,,"[-0.444034000270401, -0.15779409734244773, -0.714768004045331, 0.5167606117350677]","[-0.6829490568887366, 0.18334907633093803, -0.6828965744960729, 0.1833465855828976]","[458.8979398546905, 9.922153214714328, 5.803772216130036]",4.799999999999938,100.0,0.0,"[50.0, 104.97586085014365, 104.97586085014365]",29
469,2215946165,settled,Dl4a_0011,unmatched,,"[0.36889047016788995, -0.7622059379761799, -0.12484839185158167, -0.5170829799802338]","[-0.00042709220925418734, -0.7072159503494679, -0.0005321757627993196, -0.7069972658734269]","[458.63209015203836, 5.810360393895357, 9.912389179854259]",5.200000000000071,100.0,0.0,"[50.0, 104.05644368003802, 104.05644368003803]",35
470,1197086404,settled,Dl4a_0002,unmatched,,"[0.755057280627056, -0.1767846178774512, 0.631366319746603, 0.0035031619473357]","[0.68286743801796, -0.18360989808535458, 0.6828536564334681, -0.18354931575823571]","[458.2064456880541, 9.91417246758259, 5.832493572896285]",5.1200000000000445,100.0,0.0,"[50.0, 92.5664702789128, 92.56647027891282]",33
471,148282538,settled,Dl4a_0002,unmatched,,"[-0.4253381753982559, 0.7238946308654451, -0.5174617999902729, -0.16521890177546342]","[-0.683042387313527, 0.18315061991563167, -0.6829204161322833, 0.18310830889740284]","[458.6628639727752, 9.921559281929486, 5.808661331364999]",5.360000000000125,100.0,0.0,"[50.0, 113.12232567852098, 113.12232567852098]",30
472,4068892255,settled,Dl4a_0004,unmatched,,"[0.3748737161170823, 0.8447448672063396, 0.13016443113470874, -0.35907245391493114]","[0.6123585214363518, 0.35352013350784395, -0.6124472251519065, -0.35348119162497366]","[458.7647540762243, 5.82214076157082, 9.921055808925832]",5.0600000000000245,100.0,0.0,"[50.0, 107.70020622594741, 107.70020622594743]",28
473,1326143893,settled,Dl4a_0009,unmatched,,"[0.14356132151723644, 0.9476595487597521, -0.08740535376396882, -0.2714623928688525]","[0.18230512589141737, 0.6833187806745301, -0.18240053364041192, -0.6830595364819094]","[458.4407960698893, 10.060805122938461, 5.8183079245474225]",4.929999999999981,100.0,0.0,"[50.0, 109.54124507375205, 109.54124507375207]",35
474,2736713625,settled,Dl4a_0010,unmatched,,"[0.017407009755828814, 0.4637843759830021, 0.32652442269539567, -0.8233971398959656]","[0.000520077817889375, 0.7071207109178544, -0.0005151760448710019, -0.7070924722437189]","[458.49020079516214, 5.824833365096175, 10.058776901432791]",5.250000000000088,100.0,0.0,"[50.0, 105.00530228168928, 105.00530228168927]",36
475,3271021467,settled,Dl4a_0004,unmatched,,"[-0.521156935288762, 0.18990290551240585, 0.14878659799666374, -0.8186543125977841]","[-0.6124479705521223, -0.35329529216492206, 0.6125300584738445, 0.3534074806320854]","[458.2695250693336, 5.822834817121399, 9.908923251651995]",5.190000000000068,100.0,0.0,"[50.0, 111.194864076022, 111.19486407602201]",37
476,3851873653,settled,Dl4a_0021,unmatched,,"[-0.6890452941250381, 0.5804733049738838, -0.022912083130372837, -0.43329246624360196]","[-0.49997172654084476, 0.5000155966844502, 0.49984416420244426, -0.5001684588664304]","[458.2349389872417, 9.919407738042326, 5.812287473110579]",4.699999999999904,100.0,0.0,"[50.0, 106.22344994822737, 106.22344994822738]",35
477,1222532304,settled,Dl4a_0024,unmatched,,"[-0.4892347766941237, -0.673558720770075, -0.5376203582472012, -0.13391166247112982]","[-0.6122908449104597, -0.3535117482093083, -0.6124303163707963, -0.353636073819966]","[458.2594780283549, 5.820355606020508, 10.062392540231752]",5.200000000000071,100.0,0.0,"[50.0, 104.32642797693241, 104.3264279769324]",33
478,2025214609,settled,Dl4a_0002,unmatched,,"[-0.6720498297597366, 0.25987250603860684, -0.3820612441455619, 0.5786575089351808]","[-0.683014633413313, 0.1831846667295765, -0.6829253862633822, 0.18315923458963781]","[458.3231016292557, 9.912737299976722, 5.821953003538262]",5.100000000000038,100.0,0.0,"[50.0, 102.7193009127112, 102.71930091271122]",34
479,3974321818,settled,Dl4a_0024,unmatched,,"[0.5890076497595739, 0.578138251652458, 0.2804648250741726, 0.4900669672575945]","[0.6124016081009818, 0.35347256935593346, 0.6123665463154718, 0.3535938716407671]","[458.8458210703762, 5.814145164809377, 10.078775002230506]",5.200000000000071,100.0,0.0,"[50.0, 94.71766166082652, 94.71766166082654]",41
480,2134301099,settled,Dl4a_0011,unmatched,,"[0.23258563386672154, -0.9707151930310784, -0.014332229697203118, 0.05839969288753257]","[5.838302041788479e-06, -0.7071076728810113, 2.944966116028014e-05, -0.707105888853595]","[458.6816838515584, 5.828065213489251, 9.923185300578545]",5.790000000000268,100.0,0.0,"[50.0, 113.60638336272044, 113.60638336272044]",39
481,978334388,settled,Dl4a_0022,unmatched,,"[-0.0529483899273966, -0.302997353705265, -0.8480072285136022, -0.4315933410519471]","[-0.5001276071006304, -0.49991933989906634, -0.5001017291017723, -0.499851268639079]","[458.1607718082535, 10.069666295980891, 5.812041456013079]",4.869999999999961,100.0,0.0,"[50.0, 110.2733489510917, 110.27334895109172]",23
482,2325744455,settled,Dl4a_0011,unmatched,,"[0.18274323590751634, 0.8725818368775546, 0.3737068263916387, -0.2560254979288821]","[-0.0001796749275813081, 0.7072310475612514, -0.0002110346046498568, 0.7069824386409687]","[458.82400027283086, 5.824905618834787, 9.911046080894545]",5.740000000000252,100.0,0.0,"[50.0, 107.78836745650946, 107.78836745650945]",43
483,348550585,settled,Dl4a_0021,unmatched,,"[-0.9150115933974345, 0.34906982214210186, -0.028151545384796382, -0.2002786401751746]","[-0.5001301320967709, 0.49983317517676873, 0.5002417284341256, -0.4997948189955702]","[458.33971795602844, 9.920836729985078, 5.82038887007272]",4.549999999999854,100.0,0.0,"[50.0, 113.18994286085348, 113.18994286085349]",25
484,1740214684,settled,Dl4a_0004,unmatched,,"[-0.08212628680529313, 0.5264601975169598, -0.73218323243745, -0.42426718890744497]","[0.6124709159367874, 0.3533517548030092, -0.6124906001169311, -0.3533796531743001]","[458.3431562474171, 5.822224799049764, 9.912301072845471]",5.380000000000131,100.0,0.0,"[50.0, 111.04804781845776, 111.04804781845777]",34
485,55311315,settled,Dl4a_0024,unmatched,,"[-0.7661319425224496, -0.4844520809690637, -0.32013599349819377, 0.27542870866786173]","[-0.6124388377452249, -0.35349143577234066, -0.6124049137014376, -0.35344405007189217]","[458.69244275987404, 5.809338749246358, 10.072190705473082]",5.520000000000178,100.0,0.0,"[50.0, 106.55585281615878, 106.55585281615879]",32
486,1316840683,settled,Dl4a_0019,unmatched,,"[0.07675491347951191, 0.6400061569458476, -0.7595435032536367, 0.08714625059836124]","[0.353407157913892, 0.6123709629990398, -0.6127368287893297, 0.3530704788792885]","[458.52636430147595, 39.79546208630233, 7.174666106274024]",4.969999999999994,100.0,0.0,"[50.0, 113.82823639455906, 113.82823639455907]",20
487,3906633774,settled,Dl4a_0018,unmatched,,"[-0.4126339930361076, 0.7677208856764828, -0.44529899126803724, -0.20505276848378087]","[-0.35338573409103835, 0.6124894389249227, -0.6122598681940863, -0.35371325101744705]","[458.71060231397786, 39.802029710584755, 5.816757208514378]",5.000000000000004,100.0,0.0,"[50.0, 112.6525750155286, 112.65257501552861]",24
488,3892948482,settled,Dl4a_0023,unmatched,,"[0.5881394421842769, -0.4614317568880165, -0.6511079169270512, -0.13126770660494644]","[0.6109272246497822, -0.35600127280752686, -0.6108825904239049, 0.3561649627042434]","[458.7380373580766, 7.240738814193983, 9.953687536719201]",5.320000000000111,100.0,0.0,"[50.0, 109.26176665377692, 109.26176665377693]",16
489,726396242,settled,Dl4a_0024,unmatched,,"[-0.588104219804756, -0.17625190134214422, -0.7803869967171447, -0.1185952329392438]","[-0.612499034603483, -0.3534693647378707, -0.6123759580456967, -0.353411978870585]","[458.7248463626432, 5.821947082461577, 10.057957139981424]",5.1500000000000545,100.0,0.0,"[50.0, 93.84838005917344, 93.84838005917342]",29
490,2940707866,settled,Dl4a_0002,unmatched,,"[0.497173177018088, 0.03845020895787252, 0.8641151523332156, 0.06815729596294492]","[0.682903766809907, -0.18346631362913263, 0.6828981090729798, -0.18339228354738804]","[458.6503134358476, 9.915658649144374, 5.825687740918987]",4.990000000000001,100.0,0.0,"[50.0, 102.31064111296047, 102.31064111296048]",32
491,304160197,settled,Dl4a_0002,unmatched,,"[0.9038276135597187, -0.022174154481154725, 0.42216816549128033, 0.06616639544146515]","[0.6829092527344637, -0.18345511536269754, 0.6829018279204191, -0.1833692084289676]","[458.73583696381127, 9.915482190877869, 5.829445303339365]",5.360000000000125,100.0,0.0,"[50.0, 106.27429512706226, 106.27429512706225]",35
492,4041846957,settled,Dl4a_0021,unmatched,,"[-0.42387011570386224, 0.43694254873817007, 0.72414277921501, 0.32408728673946435]","[-0.4999491420172509, 0.5000666822592067, 0.500036902048349, -0.49994726249913024]","[458.86796440091024, 9.911174688399207, 5.817474450491548]",5.340000000000118,100.0,0.0,"[50.0, 113.90707885508773, 113.90707885508775]",18
493,1321792822,settled,Dl4a_0004,unmatched,,"[0.8692626977408878, 0.4179941004244013, -0.14782251222700962, -0.2186590935806806]","[0.6125826636083657, 0.3530977744812234, -0.612681392252622, -0.35310898245481626]","[458.3245073951892, 5.8222461903220495, 9.911591395937872]",5.0900000000000345,100.0,0.0,"[50.0, 112.74382350897157, 112.74382350897159]",45
494,4197430582,settled,Dl4a_0022,unmatched,,"[0.03321905480953784, 0.9728731798589902, 0.2096095331892582, 0.0920766740537427]","[0.49989160515756204, 0.5000998944111378, 0.5000592819603314, 0.4999491906466922]","[458.6892605818645, 10.073935243311864, 5.813314346855566]",5.260000000000091,100.0,0.0,"[50.0, 112.37595626743938, 112.37595626743939]",24
495,2542721139,settled,Dl4a_0004,unmatched,,"[-0.6495938786809407, -0.005279080681094758, 0.6857852760822487, 0.3281744645706117]","[-0.6123417175363559, -0.35358544756605226, 0.612434033436591, 0.35346783011008076]","[458.1826619962363, 5.818906715666266, 9.911467681788158]",5.260000000000091,100.0,0.0,"[50.0, 98.62370519345028, 98.62370519345029]",29
496,2692174792,settled,Dl4a_0024,unmatched,,"[0.47989987830095804, 0.40658434079067574, 0.7168406037565264, -0.30087344421951895]","[0.6121713923117251, 0.3537536878518894, 0.6123490082425883, 0.35374172339523435]","[458.5809953327595, 5.819809805529678, 10.06037184663414]",5.0600000000000245,100.0,0.0,"[50.0, 113.3768640805845, 113.37686408058451]",38
497,3415389587,settled,Dl4a_0010,unmatched,,"[0.014422751469727813, -0.6581796891617329, -0.4012873838272596, 0.6368358631516293]","[-0.0005989030552543406, -0.7071409869515141, 0.0005746935794914143, 0.7070720865765093]","[458.5663991291227, 5.827926840861322, 10.064303821619466]",5.270000000000095,100.0,0.0,"[50.0, 102.41535277004014, 102.41535277004016]",38
498,1604256032,settled,Dl4a_0010,unmatched,,"[0.7194335288308407, -0.12594507376429795, -0.2512441202018914, -0.6351611040141603]","[0.0005448955088473983, 0.7071369639143315, -0.0003642197531335545, -0.7070762934074918]","[458.2195344540705, 5.820363360761315, 10.0527490701171]",5.450000000000155,100.0,0.0,"[50.0, 113.87287266598254, 113.87287266598256]",26
499,262656233,settled,Dl4a_0021,unmatched,,"[-0.36391009820553344, 0.39535104709640495, 0.3331361145539588, -0.7747821107664442]","[-0.5000378998001695, 0.4999515002364089, 0.4999807968159765, -0.5000297981021342]","[458.87537472027043, 9.915709776890662, 5.81282326507583]",5.160000000000058,100.0,0.0,"[50.0, 98.24463868747942, 98.24463868747944]",21
500,4212216518,settled,Dl4a_0011,unmatched,,"[-0.29048204249306936, -0.9429696391518119, 0.01821415926537831, -0.16154469050145792]","[1.896043813071069e-05, -0.7071714909564163, 8.310382793791371e-05, -0.707042060356196]","[458.85240888232573, 5.81831486513372, 9.914604707774147]",5.540000000000185,100.0,0.0,"[50.0, 113.87024905894062, 113.87024905894063]",38
501,3782923788,settled,Dl4a_0002,unmatched,,"[-0.7787440695715817, 0.09365545432764234, -0.38650657307348313, 0.48517934720345085]","[-0.6828027006715404, 0.1840511947261564, -0.6826807456921316, 0.183990839817532]","[458.751964084895, 9.907065184635888, 5.835018181437914]",5.100000000000038,100.0,0.0,"[50.0, 106.03146407480205, 106.03146407480206]",38
502,3362482467,settled,Dl4a_0021,unmatched,,"[0.7832846989191279, -0.38675165402377154, -0.48657950948779993, 0.011341053551597924]","[0.4999386099036329, -0.5000340923530857, -0.5000532252361654, 0.49997406407048545]","[458.2482871978108, 9.918500057704902, 5.816875497148308]",5.0300000000000145,100.0,0.0,"[50.0, 103.41826724605632, 103.41826724605633]",30
503,2700113713,settled,Dl4a_0022,unmatched,,"[0.03447712517487698, 0.9641850388290412, 0.23864003994039065, 0.11049647087199173]","[0.5003110918537754, 0.4997274927224978, 0.5002916359899554, 0.499669414056797]","[458.4189302526694, 10.070892611166226, 5.830952421576614]",5.220000000000078,100.0,0.0,"[50.0, 111.6682460280781, 111.66824602807812]",29
504,470461877,settled,Dl4a_0010,unmatched,,"[-0.3661237010024778, 0.6138259312149058, -0.3211534154736574, -0.6213144497450597]","[4.626577478175631e-05, 0.7071205640018731, 5.331271603958854e-06, -0.7070929965688592]","[458.26874057267867, 5.829876190233776, 10.069170116479992]",5.130000000000048,100.0,0.0,"[50.0, 110.05775311230649, 110.0577531123065]",41
505,1077415524,settled,Dl4a_0002,unmatched,,"[-0.9281882426101508, -0.132775582072791, -0.2798262576919452, 0.2062389308341965]","[-0.6830510707990656, 0.18305760287644515, -0.6829430622415816, 0.18308446806179576]","[458.88830276981105, 9.912286783214368, 5.800523331113166]",5.330000000000115,100.0,0.0,"[50.0, 106.8743731469654, 106.87437314696541]",40
506,3461860755,settled,Dl4a_0004,unmatched,,"[-0.05646607210453661, 0.35164116118681604, -0.895910406203069, -0.2655270617419717]","[0.612404990562795, 0.3535075376529137, -0.6123948776547674, -0.35350397759934654]","[458.7815493798577, 5.8220297752570245, 9.912879903908403]",5.390000000000135,100.0,0.0,"[50.0, 109.64630992235739, 109.6463099223574]",30
507,4041061826,settled,Dl4a_0021,unmatched,,"[-0.3481962430304041, -0.8253540043337292, -0.2323053652870821, 0.3789252711665267]","[0.5000967143756884, -0.4999208844186732, -0.5001265192039608, 0.49985582959651775]","[458.1663825453574, 9.924350351555482, 5.810482113317955]",5.0900000000000345,100.0,0.0,"[50.0, 106.53865862924106, 106.53865862924107]",39
508,306890977,settled,Dl4a_0002,unmatched,,"[-0.6281596778640454, 0.2934023739395993, -0.14503032828879558, 0.7059013174295615]","[-0.6830264876422156, 0.18293086305677514, -0.6830374147374391, 0.18295083107009205]","[458.9811602383281, 9.923506939381328, 5.811519581673398]",4.969999999999994,100.0,0.0,"[50.0, 111.62125220586498, 111.62125220586499]",32
509,1149764821,settled,Dl4a_0022,unmatched,,"[0.5506074498766016, 0.1942346200872333, 0.7633583094821048, 0.2763845868433636]","[0.5003359341079491, 0.4997319632910756, 0.500219635743252, 0.4997121510654525]","[458.5446883666849, 10.071740006657818, 5.821204185727054]",5.040000000000018,100.0,0.0,"[50.0, 96.39111918095868, 96.3911191809587]",28
510,2826209534,settled,Dl4a_0010,unmatched,,"[-0.054747368474066145, -0.6743927245094147, 0.08177656121602812, 0.7317853324641148]","[0.00011904730872774882, -0.7069998149417009, -0.0001642766107596283, 0.7072137021532701]","[458.40071822577954, 5.815059437623959, 10.065090040761627]",5.130000000000048,100.0,0.0,"[50.0, 84.85216671386006, 84.85216671386007]",32
511,809482123,settled,Dl4a_0001,unmatched,,"[-0.9896455908076977, -0.0660978533166102, -0.015510723040940765, -0.12645985866102424]","[-0.8661433671957396, 0.49979556358287164, -9.145032868482229e-05, 0.00023178124074252351]","[458.31065953567975, 7.1882850507546285, 39.79253681533681]",4.919999999999978,100.0,0.0,"[50.0, 112.81618457306493, 112.81618457306494]",25
512,1905413278,settled,Dl4a_0004,unmatched,,"[0.7481737568194641, 0.08510956857516272, -0.6001973035567936, -0.26973243732772156]","[0.6124133083888802, 0.3535030723450381, -0.6123709583015382, -0.3535354677817504]","[458.3249938976659, 5.830508436092162, 9.921188018387133]",5.170000000000061,100.0,0.0,"[50.0, 94.52936277078346, 94.52936277078348]",31
513,3286044974,settled,Dl4a_0022,unmatched,,"[-0.5116328064185239, -0.4434826427084401, -0.6709170843675203, -0.30236614049266347]","[-0.5000064376339851, -0.4999972400462961, -0.5000554554831013, -0.4999408602147325]","[458.71738343667766, 10.075189059141547, 5.812015371889561]",5.050000000000021,100.0,0.0,"[50.0, 90.39398625616347, 90.39398625616349]",40
514,1725715576,settled,Dl4a_0008,unmatched,,"[0.06505155144275046, -0.2850129164414062, 0.21597777360011147, -0.9316058900775555]","[0.18190903687082002, -0.6832121822418781, 0.18196278616225958, -0.6833884406346726]","[458.2830308874446, 9.988616986700341, 7.199716765302925]",4.849999999999954,100.0,0.0,"[50.0, 109.61856780550119, 109.6185678055012]",35
515,1615467983,settled,Dl4a_0010,unmatched,,"[-0.6197829620305907, -0.4968457370711996, 0.10198844289142846, 0.5988420084190367]","[-8.790844932352049e-05, -0.7071323499538962, 0.00018923854986610533, 0.7070811807066827]","[458.4483453391596, 5.812546147348302, 10.074552655011441]",5.1500000000000545,100.0,0.0,"[50.0, 107.14880195813689, 107.14880195813687]",39
516,3814597079,settled,Dl4a_0002,unmatched,,"[0.667114342466612, -0.47649663241467166, 0.2707484495608343, -0.5045836803080551]","[0.6829509386844121, -0.18303686897191188, 0.6830093190857263, -0.18323152018441657]","[458.57399621128945, 9.918070973235611, 5.822096216957414]",5.130000000000048,100.0,0.0,"[50.0, 98.2136195191043, 98.21361951910428]",31
517,34287890,settled,Dl4a_0011,unmatched,,"[-0.020940699529930898, 0.9375278849134914, 0.13409955172815838, 0.3203439750317453]","[-0.0002921391256548445, 0.707164628123264, -0.00028828188014573547, 0.707048810394003]","[458.72884530443815, 5.827695496457329, 9.91257296731849]",5.400000000000138,100.0,0.0,"[50.0, 110.30282293162294, 110.30282293162296]",47
518,3631687601,settled,Dl4a_0009,unmatched,,"[0.01632317933537506, -0.10891332960164436, -0.21908469273952824, 0.9694706482708464]","[-0.18304453053699088, -0.68294165413648, 0.1829917739198083, 0.6830808206672934]","[458.5069202384772, 10.071888479998613, 5.814101976461421]",5.580000000000198,100.0,0.0,"[50.0, 114.4647014852813, 114.46470148528131]",34
519,2511762870,settled,Dl4a_0012,unmatched,,"[0.07168445665046755, -0.7412878042100359, -0.6643917565661196, 0.06274809806820239]","[-0.0004066106100796124, -0.7071209818877165, -0.7070923594392106, -0.0003832292445937986]","[458.8010737908522, 40.22406729321709, 5.815883513978229]",5.010000000000008,100.0,0.0,"[50.0, 114.46185371048183, 114.46185371048185]",17
520,3838213929,settled,Dl4a_0021,unmatched,,"[0.8821667003735669, -0.4005839344237604, -0.23141838226947753, -0.08809061573954291]","[0.5000788774419965, -0.49989768400777224, -0.5001042910540696, 0.4999191133866804]","[458.2332450549387, 9.926696499250427, 5.820793898051437]",4.849999999999954,100.0,0.0,"[50.0, 112.54616418997614, 112.54616418997615]",40
521,1582246333,settled,Dl4a_0011,unmatched,,"[-0.04681754495458157, 0.978931168426654, 0.19652707016210968, 0.029647860981003544]","[-1.6215862322949137e-05, 0.7071184507387972, 0.0001693759410729967, 0.707095090969807]","[458.2672572178761, 5.815455644833563, 9.917719603736812]",5.420000000000145,100.0,0.0,"[50.0, 112.33647256403188, 112.3364725640319]",32
522,1534090043,settled,Dl4a_0010,unmatched,,"[-0.46539282176227803, 0.0937664437621731, -0.3668153027806936, -0.8000399422042925]","[7.732402716190134e-05, 0.7071551834191865, -2.0051874758592048e-05, -0.7070583711280801]","[458.91458632405215, 5.822757069068981, 10.067371015202175]",5.5600000000001915,100.0,0.0,"[50.0, 111.84355455087179, 111.8435545508718]",31
523,3898018603,settled,Dl4a_0002,unmatched,,"[0.48513314473120167, -0.6294995748038434, 0.5923599459209928, 0.13223392784559354]","[0.6828396093510191, -0.1832646493720532, 0.6830485772057538, -0.18327241300610816]","[458.37220613463916, 9.911826802854927, 5.806760210399607]",5.230000000000081,100.0,0.0,"[50.0, 111.42533172446221, 111.42533172446223]",28
524,2830597505,settled,Dl4a_0021,unmatched,,"[0.576867332971806, -0.29015814683690533, -0.547573958901899, 0.5321607741149939]","[0.5003705343247687, -0.4996385135932239, -0.5003329327795267, 0.49965752319977835]","[458.443997721112, 9.919673970931992, 5.832330075962645]",5.100000000000038,100.0,0.0,"[50.0, 92.60674902794042, 92.60674902794044]",32
525,3406774502,settled,Dl4a_0004,unmatched,,"[-0.8184929368826612, -0.28156105544036936, 0.10698870083035565, 0.4892301117338689]","[-0.6126491247900139, -0.35307072444421017, 0.6126328447375048, 0.3531049574606722]","[458.5994681488343, 5.829320423109632, 9.909545068134403]",4.959999999999991,100.0,0.0,"[50.0, 106.70817918335707, 106.70817918335707]",35
526,2789814901,settled,Dl4a_0011,unmatched,,"[-0.26970363680921006, 0.9276292097826353, -0.15848816628110093, -0.20407228767959454]","[-0.00044690148564796583, 0.7070969008486643, -0.00047819023927442306, 0.7071163584753017]","[458.46229005176815, 5.816667344155358, 9.915576241743677]",5.960000000000325,100.0,0.0,"[50.0, 110.79238784283184, 110.79238784283186]",39
527,3760347501,settled,Dl4a_0008,unmatched,,"[-0.1002536087097096, 0.35093466032656606, 0.2054738778488905, 0.9080608810227965]","[-0.18290344458368404, 0.683014873610162, -0.1825933133905199, 0.6831520286816024]","[458.8332046829883, 9.984846656944992, 7.1899674477456]",4.990000000000001,100.0,0.0,"[50.0, 108.72266361706635, 108.72266361706636]",32
528,4270682813,settled,Dl4a_0022,unmatched,,"[-0.4929634617197576, -0.8456967034240723, -0.09130020337584438, -0.18288899390192767]","[-0.49994251647152066, -0.4999502423950805, -0.4999324197907704, -0.500174780447164]","[458.783866305947, 10.062433034938474, 5.80968253672279]",5.240000000000085,100.0,0.0,"[50.0, 113.2977062170263, 113.29770621702632]",28
529,2251849766,settled,Dl4a_0002,unmatched,,"[-0.9540381800532999, 0.14298004548502866, -0.23627115718417716, -0.11637782381766813]","[-0.6829693728120999, 0.18349257956128576, -0.6827860057748316, 0.1835390404372974]","[458.6156194272156, 9.914159635201951, 5.82668488921102]",5.490000000000168,100.0,0.0,"[50.0, 112.75582283947061, 112.75582283947061]",42
530,534416715,settled,Dl4a_0022,unmatched,,"[0.8539475834375602, 0.4980579942392897, -0.06957051044451185, 0.13368508963970963]","[0.5000432429539285, 0.4998974301084527, 0.5001344904473639, 0.49992480035705245]","[458.271694356062, 10.07651689511543, 5.807248712123894]",5.640000000000218,100.0,0.0,"[50.0, 114.11723979043306, 114.11723979043308]",28
531,2592423895,settled,Dl4a_0002,unmatched,,"[-0.7627362211012204, 0.22713702742415, -0.5529063964301926, 0.24685369063420926]","[-0.6829778456084066, 0.18330927333053482, -0.6829192632748066, 0.1831945757038852]","[458.31369491421356, 9.920383302234459, 5.815841237895412]",5.110000000000041,100.0,0.0,"[50.0, 90.59962196783447, 90.59962196783448]",42
532,907034003,settled,Dl4a_0019,unmatched,,"[0.3422772396015353, 0.6790099916879979, -0.547941234685763, 0.34864326434001264]","[0.3533328085714247, 0.6123900755996772, -0.6127993443784719, 0.353003236845451]","[459.00278360683427, 39.78874376052827, 7.176863047885298]",4.979999999999998,100.0,0.0,"[50.0, 113.60875773851167, 113.60875773851168]",18
533,3984301831,settled,Dl4a_0009,unmatched,,"[-0.11390344336326703, 0.9654493302717585, -0.20652691217242056, -0.11081620286009315]","[0.18304512612988744, 0.6829802661833849, -0.18299306737329435, -0.6830417081683076]","[458.68427580983575, 10.06499069353351, 5.81715928015851]",4.599999999999871,100.0,0.0,"[50.0, 112.4441992519047, 112.44419925190472]",25
534,4291204682,settled,Dl4a_0004,unmatched,,"[0.9102301720992834, 0.25705660167763955, -0.31181419162339175, 0.09041486181100448]","[0.6123399406738824, 0.3536136873699317, -0.6123596969342041, -0.3535714337030017]","[458.3157250072048, 5.821742462990001, 9.917423722881962]",4.990000000000001,100.0,0.0,"[50.0, 110.23043805368356, 110.23043805368357]",31
535,1157350213,settled,Dl4a_0021,unmatched,,"[0.09159539395124666, -0.38103529340517006, -0.903230823874266, 0.17491846040360173]","[0.5001182024412376, -0.4999632777693538, -0.500101414369833, 0.4998170463423209]","[458.61045026049237, 9.916276569014087, 5.8128841614915]",5.470000000000161,100.0,0.0,"[50.0, 106.53008525214356, 106.53008525214356]",27
536,1755359008,settled,Dl4a_0013,unmatched,,"[0.09753683006993497, -0.2256443990971123, -0.9692314832589591, 0.012708414364118367]","[0.0003901389543075895, 0.00017130520640684654, -0.8660782229353124, -0.49990832179844114]","[458.3754442481856, 5.819438064358244, 40.222197098506506]",4.949999999999988,100.0,0.0,"[50.0, 112.44100242655958, 112.44100242655959]",44
537,1408581071,settled,Dl4a_0018,unmatched,,"[-0.45471816580131014, 0.36881043623739057, -0.67610896635819, -0.44731076157715893]","[-0.35346246432690737, 0.6124429743006122, -0.6122143237503478, -0.3537958611073255]","[458.93732538718547, 39.79415016274722, 5.804312453329994]",5.200000000000071,100.0,0.0,"[50.0, 112.53049116964665, 112.53049116964667]",16
538,4025969406,settled,Dl4a_0021,unmatched,,"[0.5709753087547726, -0.565686932621656, -0.20846448437644396, 0.5572504372426795]","[0.5002073008579743, -0.4997795708904237, -0.5002676995761461, 0.49974520052698346]","[458.6577156993098, 9.917349585482022, 5.8071715789832945]",5.070000000000028,100.0,0.0,"[50.0, 98.88052748658909, 98.88052748658906]",30
539,2979020610,settled,Dl4a_0024,unmatched,,"[0.8112307203794777, -0.24357840399230152, 0.375267764858577, 0.37649486594003445]","[0.6124691568820986, 0.353334518879101, 0.6125227352043446, 0.3533442351226268]","[458.77826902902456, 5.812867347973594, 10.079463363502224]",5.370000000000128,100.0,0.0,"[50.0, 111.15727407030298, 111.15727407030299]",36
540,1028301620,settled,Dl4a_0022,unmatched,,"[0.28892918457711164, 0.24730923049045345, 0.9179907074772494, 0.112477250140836]","[0.5002469328186241, 0.49969361345456187, 0.5003130696251663, 0.49974606675843447]","[458.57529721497474, 10.073427821900196, 5.8130493219144785]",5.0300000000000145,100.0,0.0,"[50.0, 109.09434695342546, 109.09434695342547]",45
541,1824536695,settled,Dl4a_0011,unmatched,,"[0.3578502322835677, -0.800703126013853, 0.2395142510307735, -0.41647405537369075]","[0.00011898144512917375, -0.7071350224767328, 5.071797497002706e-05, -0.707078526938793]","[458.6181288858657, 5.812767693824324, 9.9158654351321]",5.270000000000095,100.0,0.0,"[50.0, 101.9338365636432, 101.93383656364321]",34
542,1733341495,settled,Dl4a_0011,unmatched,,"[-0.10725658997326243, 0.21456612060218364, -0.3731717225845471, 0.8962144103172625]","[-0.0006177309112046225, 0.7070968832899007, -0.0005137136780353213, 0.7071162225182556]","[458.72342584528343, 5.833643650791841, 9.914775332725169]",4.979999999999998,100.0,0.0,"[50.0, 112.32476022535367, 112.32476022535369]",32
543,2081953756,settled,Dl4a_0010,unmatched,,"[0.25888675527262234, 0.11196108251609478, -0.02210478959212772, 0.9591421908264307]","[-0.00023772026666699086, -0.7071163524555033, 0.00028683859757544505, 0.7070971116492545]","[458.815332864541, 5.826744655961042, 10.071784153168934]",5.640000000000218,100.0,0.0,"[50.0, 111.62940885227397, 111.62940885227398]",42
544,1596940682,settled,Dl4a_0012,unmatched,,"[-0.19632461640955656, -0.5756304342672571, -0.7748853172965169, 0.17221786543563297]","[-0.00021253107752946415, -0.7070934747511801, -0.7071199746834078, -0.0003379328043090318]","[458.4616160398671, 40.218430479371115, 5.816577756714191]",4.949999999999988,100.0,0.0,"[50.0, 114.49698765720579, 114.4969876572058]",18
545,581162313,settled,Dl4a_0021,unmatched,,"[0.04461988653389065, 0.19339945396857908, 0.7698665327673556, -0.6065568717400935]","[-0.5001306363117777, 0.49989439376798894, 0.5001965734020087, -0.49977828049906287]","[458.29511540749763, 9.918629842850438, 5.820915721463307]",5.510000000000175,100.0,0.0,"[50.0, 114.22821175101133, 114.22821175101134]",38
546,3502698889,settled,Dl4a_0011,unmatched,,"[0.5283433173134485, -0.7298517633133956, -0.10698109618937755, -0.4203864742075638]","[-8.334760426015331e-05, -0.707198183828549, -7.217891422545142e-05, -0.707015358130913]","[458.6353780985027, 5.823100916325202, 9.91576857158937]",5.500000000000171,100.0,0.0,"[50.0, 106.05003259983434, 106.05003259983435]",36
547,1071262967,settled,Dl4a_0004,unmatched,,"[0.8300743687420142, 0.3050562345016756, -0.2379524964004282, -0.40161654050351286]","[0.612582592783758, 0.3534470873309142, -0.6123358798119511, -0.3533588739094372]","[458.376499459644, 5.816644763005092, 9.908133987358626]",5.020000000000011,100.0,0.0,"[50.0, 104.48561152286625, 104.48561152286626]",32
548,2632182746,settled,Dl4a_0004,unmatched,,"[0.12463518999557266, 0.2666351509468831, -0.9139540700125686, 0.2793917028148142]","[0.6123436623969191, 0.3535586979249863, -0.612431401507354, -0.3534957774735853]","[458.43973252111863, 5.812473692867544, 9.9180821249396]",5.540000000000185,100.0,0.0,"[50.0, 110.73175637806445, 110.73175637806446]",28
549,2828869928,settled,Dl4a_0009,unmatched,,"[-0.28857867045607677, -0.9072533208270996, 0.09782974016625558, 0.289901888136324]","[-0.18240284603833937, -0.6833562182239656, 0.18222745432891904, 0.6830421917133345]","[458.3553919194261, 10.0559346817877, 5.824635723332814]",4.899999999999971,100.0,0.0,"[50.0, 109.05196762383314, 109.05196762383315]",34
550,242711853,settled,Dl4a_0010,unmatched,,"[0.4453195280059114, -0.6620938811624908, -0.15791792580823788, 0.5817079501022876]","[-0.0002868062786360038, -0.7071130123070556, 0.00021362764067967002, 0.7071004595751808]","[458.560965951435, 5.8218809690656625, 10.059386135084246]",5.1200000000000445,100.0,0.0,"[50.0, 95.89935330402106, 95.89935330402108]",35
551,1651512630,settled,Dl4a_0009,unmatched,,"[0.0865315596859267, 0.07213667043285749, -0.3591108145116115, -0.926470729628297]","[0.1825131898624896, 0.6830783851649579, -0.18269884763652466, -0.6831646846251189]","[458.674604475011, 10.059177619142263, 5.822661773584277]",5.5600000000001915,100.0,0.0,"[50.0, 114.34753702285455, 114.34753702285457]",29
552,1631844025,settled,Dl4a_0004,unmatched,,"[-0.1638439152687643, 0.1823014535722178, 0.9657088863423422, -0.08560197599525166]","[-0.6124869973234319, -0.35347681121183877, 0.6124591695892839, 0.3532811736156365]","[458.672982932514, 5.8245584959162375, 9.91353748021428]",5.550000000000188,100.0,0.0,"[50.0, 113.13288319900825, 113.13288319900826]",41
553,2736063736,settled,Dl4a_0002,unmatched,,"[-0.843944520795286, -0.07874995523921714, -0.028550908035474637, 0.5298499183917899]","[-0.6828083632102336, 0.1838548303200872, -0.6827320464596448, 0.18397579524263266]","[458.8144356688822, 9.909764195793429, 5.835687262895695]",5.500000000000171,100.0,0.0,"[50.0, 113.7633753089144, 113.7633753089144]",21
554,2383909704,settled,Dl4a_0004,unmatched,,"[0.6518991038919032, -0.6526703844856946, -0.36014167870515257, -0.13909313002324686]","[0.6123290278736504, 0.3534092689828189, -0.6125053838017992, -0.3535423666749864]","[458.6717894542793, 5.8252472824069175, 9.902922584066427]",5.500000000000171,100.0,0.0,"[50.0, 108.77926315092982, 108.77926315092982]",35
555,786084746,settled,Dl4a_0009,unmatched,,"[0.2039477377247787, 0.88653858841402, -0.044391204423401436, -0.41289716940136734]","[0.18288148386296474, 0.6830829070680117, -0.18300498777255508, -0.6829797064203016]","[458.6887685691985, 10.080794253054155, 5.816695496323936]",5.0600000000000245,100.0,0.0,"[50.0, 104.53251498288974, 104.53251498288974]",34
556,3304824113,settled,Dl4a_0004,unmatched,,"[-0.13080897053962634, 0.016978959777673188, -0.9531859353290428, -0.2720979618485396]","[0.6122245078218496, 0.3538035346663164, -0.6122868775972333, -0.3537074927141709]","[458.67576771916214, 5.823083547998792, 9.926317637181574]",5.720000000000245,100.0,0.0,"[50.0, 114.35492245142918, 114.35492245142919]",34
557,1346177025,settled,Dl4a_0024,unmatched,,"[-0.11499311941669005, 0.4206101350444942, 0.7451990628761969, 0.5045216085294161]","[0.6121936565440265, 0.3538465370743092, 0.6122217939410624, 0.3538305104302927]","[458.5637516229241, 5.812372594928796, 10.0667752637848]",4.749999999999921,100.0,0.0,"[50.0, 108.38912892638098, 108.38912892638099]",37
558,1189755357,settled,Dl4a_0004,unmatched,,"[0.44321918603854427, 0.24072236551575096, -0.6050649771751497, -0.6160404769687353]","[0.6125817518570827, 0.35325995405077343, -0.6125562982586011, -0.35316537715279067]","[458.67679538590886, 5.841151379841322, 9.908049557660014]",5.240000000000085,100.0,0.0,"[50.0, 102.0773083154717, 102.07730831547171]",35
559,404206193,settled,Dl4a_0009,unmatched,,"[0.21300452584677976, 0.2149451527649457, 0.2569436815404462, -0.9178276514619095]","[0.18312257870189963, 0.6830225388431961, -0.18305299718479265, -0.6829626145137271]","[458.4605844515598, 10.076636315674575, 5.810123489789368]",5.390000000000135,100.0,0.0,"[50.0, 109.00465008041421, 109.00465008041422]",36
560,1249438590,settled,Dl4a_0009,unmatched,,"[-0.25983007503873057, -0.0960866751857659, 0.6624144666085784, 0.6960335892647606]","[-0.1828976969386836, -0.6830284189137404, 0.18286659426789625, 0.6830669221325112]","[458.8200341788783, 10.079798401461279, 5.8117815836633335]",5.380000000000131,100.0,0.0,"[50.0, 112.35908622819231, 112.35908622819233]",30
561,3893150923,settled,Dl4a_0011,unmatched,,"[0.5250380837594202, -0.2965867571242271, -0.10548193818621408, -0.7907242672494948]","[0.00012012882660639157, -0.7071204744376889, 0.00019946294876418968, -0.7070930493326993]","[458.41839867886216, 5.824254312900368, 9.916249344358203]",5.080000000000031,100.0,0.0,"[50.0, 112.53132425860016, 112.53132425860018]",38
562,784341871,settled,Dl4a_0004,unmatched,,"[0.6092956200950023, 0.2465329145720911, -0.5075357975286466, -0.5571245673927846]","[0.6124212781204548, 0.35349276586045547, -0.612421397666618, -0.3534445844396262]","[458.4212130943675, 5.819346881333442, 9.916197433227275]",5.220000000000078,100.0,0.0,"[50.0, 97.17461324021497, 97.17461324021498]",32
563,1442674168,settled,Dl4a_0010,unmatched,,"[0.32283344498595823, -0.05339721884669838, 0.10384039947967572, 0.9392254656118718]","[-3.503507866517431e-05, -0.7071604803699832, 6.596098350314385e-05, 0.7070530739800137]","[458.5586909423178, 5.824945509692382, 10.070020747654276]",5.480000000000165,100.0,0.0,"[50.0, 109.46117980942702, 109.46117980942704]",31
564,914947571,settled,Dl4a_0010,unmatched,,"[0.008699331871120803, -0.7185529989891443, 0.5977778274188038, 0.3553414953466003]","[0.00014399685894156414, -0.7070866231924557, -0.00010281610779325213, 0.7071269164697684]","[458.72834937223513, 5.809925030684547, 10.069624032761029]",5.050000000000021,100.0,0.0,"[50.0, 112.95152149405219, 112.9515214940522]",50
565,4103205779,settled,Dl4a_0010,unmatched,,"[-0.32975880371071165, 0.06651764303843705, 0.39372305764285254, -0.8554628504033676]","[-0.00041814760366895576, 0.7071346709742663, 0.00032694576270028697, -0.7070786910699304]","[458.50394229452303, 5.810667223129292, 10.075754796192333]",5.690000000000235,100.0,0.0,"[50.0, 108.85579274479115, 108.85579274479116]",40
566,2879595323,settled,Dl4a_0010,unmatched,,"[-0.43373184720898755, -0.09479036241635837, -0.023562481084522684, -0.895732259882827]","[-0.00010729646567553264, 0.7070491104912133, 0.00013713906114387608, -0.7071644257412348]","[458.6462506915456, 5.813232323981376, 10.074774509454674]",5.6500000000002215,100.0,0.0,"[50.0, 108.32533175891889, 108.3253317589189]",30
567,3848514265,settled,Dl4a_0011,unmatched,,"[-0.2281102713768126, 0.6538138972962924, -0.039395776699347185, 0.7203756412961819]","[0.00020694831966769356, 0.7071625282300896, 0.00020634724439932972, 0.7070509693511745]","[458.71382974692546, 5.810345725916385, 9.922682266619839]",5.210000000000075,100.0,0.0,"[50.0, 92.57225261939135, 92.57225261939136]",32
568,1245831326,settled,Dl4a_0009,unmatched,,"[-0.388786402531299, -0.5092396166273795, 0.47217131459175427, 0.6054538758160402]","[-0.1822859600760593, -0.6831522986109667, 0.18233051016575347, 0.6832498450233253]","[458.7689803604877, 10.06003534786182, 5.810994933291939]",5.080000000000031,100.0,0.0,"[50.0, 90.87626635459459, 90.87626635459458]",41
569,1886621264,settled,Dl4a_0024,unmatched,,"[-0.7028736851730464, -0.2706600985987688, -0.6461462310172245, 0.12331561888099102]","[-0.6122367172087048, -0.3537766212348649, -0.6122359724760426, -0.3538013826647177]","[458.5120710021154, 5.825202520337728, 10.056811514172606]",5.130000000000048,100.0,0.0,"[50.0, 103.23090675253755, 103.23090675253756]",32
570,3916208710,settled,Dl4a_0024,unmatched,,"[-0.3292193713764832, -0.512177968271426, -0.7828183003384974, -0.12838941927968053]","[-0.6123896593814979, -0.3535305652880991, -0.6124385453984468, -0.3534318500077843]","[458.5171166468319, 5.817858424266973, 10.061879211051862]",5.130000000000048,100.0,0.0,"[50.0, 106.68637769445495, 106.68637769445496]",33
571,200935633,settled,Dl4a_0009,unmatched,,"[0.5617879019177501, 0.6795740462850371, -0.21259320806254298, -0.42116219768672375]","[0.1830165527794358, 0.6830089801440626, -0.1830196628748774, -0.6830135265516093]","[458.8370635245562, 10.075425443343864, 5.82000458981432]",5.010000000000008,100.0,0.0,"[50.0, 103.57971419801474, 103.57971419801476]",38
572,840784676,settled,Dl4a_0021,unmatched,,"[0.8654110191946646, -0.44201200077430836, -0.21767084887705168, -0.09115130595382805]","[0.49976258922451794, -0.5001783614026171, -0.49990651889918475, 0.5001524103293893]","[458.8026959051014, 9.922191862332355, 5.811078300477496]",4.919999999999978,100.0,0.0,"[50.0, 112.80720720069692, 112.80720720069692]",33
573,110682437,settled,Dl4a_0024,unmatched,,"[0.4827598211213677, 0.6793758138798732, 0.5195958435911711, -0.1881797490398582]","[0.6123383143296326, 0.3536934394453738, 0.6122473340990591, 0.35368904646008054]","[458.43986977669545, 5.82002135737683, 10.07250623629026]",5.100000000000038,100.0,0.0,"[50.0, 113.01033173533699, 113.010331735337]",26
574,3288537121,settled,Dl4a_0004,unmatched,,"[0.3556440857288201, 0.6668875589514781, -0.6287630502717741, 0.18285320509847525]","[0.6122914807684361, 0.35364726219107423, -0.6123994000275146, -0.35355301069159895]","[458.18883643110547, 5.817587723022012, 9.929475099970636]",5.0600000000000245,100.0,0.0,"[50.0, 113.4619787667613, 113.46197876676132]",27
575,4008853645,settled,Dl4a_0024,unmatched,,"[0.39826557421314845, 0.7672577639207893, 0.40191914618957114, 0.30192889233425063]","[0.6123806727687832, 0.3534769397342118, 0.6124801607413364, 0.353428942495738]","[458.1813368516982, 5.811260525754785, 10.079607531173023]",5.250000000000088,100.0,0.0,"[50.0, 98.7979607153785, 98.79796071537851]",41
576,3726675985,settled,Dl4a_0021,unmatched,,"[0.3748586046734741, -0.17909293368641002, -0.7152482362932548, 0.5619846155236276]","[0.500033849546518, -0.4999739689752842, -0.5000363484154843, 0.4999558279669317]","[458.661963501788, 9.916269460251554, 5.818780450475634]",5.1500000000000545,100.0,0.0,"[50.0, 106.30727009339694, 106.30727009339695]",42
577,849676372,settled,Dl4a_0011,unmatched,,"[-0.28458835823206236, -0.9489149051119783, 0.047744204428998675, -0.12763408697736886]","[0.0006772688372176372, -0.7071729811518178, 0.0007158671082505008, -0.7070398882453919]","[458.90599954712843, 5.82657627142609, 9.906206726577876]",5.5600000000001915,100.0,0.0,"[50.0, 113.59001452153748, 113.5900145215375]",26
578,1751227975,settled,Dl4a_0021,unmatched,,"[0.0022446443763873476, -0.018615092473756815, 0.5822536585823236, -0.8127909429683108]","[-0.5001247789641524, 0.49983701598561614, 0.5001487475853847, -0.49988938096885394]","[458.2791753578421, 9.919068493621609, 5.8065871742634965]",5.700000000000238,100.0,0.0,"[50.0, 113.18338695253607, 113.18338695253608]",52
579,1013355929,settled,Dl4a_0009,unmatched,,"[0.22953036583675168, -0.09964654803118614, 0.0956001665862809, 0.9634557513311086]","[-0.18294637867864927, -0.6830528040998373, 0.18283950328424714, 0.6830367525825293]","[458.312822376695, 10.071538430782912, 5.812575127902316]",5.360000000000125,100.0,0.0,"[50.0, 112.72618439925357, 112.72618439925358]",30
580,2299907025,settled,Dl4a_0003,unmatched,,"[0.08455653425668659, -0.2328417642850038, 0.9625820044041526, 0.10986714757573443]","[-0.6830045365606799, -0.18293198774700506, 0.6830601927651118, 0.18294661504424992]","[458.2987183610214, 10.002237363602102, 7.183600923582435]",5.250000000000088,100.0,0.0,"[50.0, 112.94614456055366, 112.94614456055368]",25
581,3406489006,settled,Dl4a_0004,unmatched,,"[0.4269850661988979, 0.36394401752977307, -0.5950713256595703, 0.5754290770591738]","[0.6124419460156509, 0.3537074465823426, -0.612221583331871, -0.35354015033002767]","[458.45664941399815, 5.819764653010826, 9.909806324935499]",5.1500000000000545,100.0,0.0,"[50.0, 112.86937069600259, 112.8693706960026]",37
582,2423796619,settled,Dl4a_0021,unmatched,,"[-0.16701013076321958, 0.49812904024453486, 0.8480761247043386, -0.06886190669726149]","[-0.49980725941045245, 0.5001813802841628, 0.49987161898790256, -0.5001396352900415]","[458.8249348440079, 9.928303111453424, 5.812976585293247]",5.440000000000151,100.0,0.0,"[50.0, 111.42430721227852, 111.42430721227853]",28
583,1783060612,settled,Dl4a_0021,unmatched,,"[-0.4255018339134278, -0.012993678735004564, 0.4336514100514712, -0.7941824779039209]","[-0.5000335687677668, 0.4999393027358217, 0.500070720360753, -0.4999563964219971]","[458.3577621394949, 9.904593565158438, 5.807920757417212]",5.490000000000168,100.0,0.0,"[50.0, 108.29846221694928, 108.29846221694929]",44
584,1163852597,settled,Dl4a_0012,unmatched,,"[-0.06512201765005957, -0.45662172925732786, -0.8836481508507021, 0.08013528988758817]","[-0.0001685633550314667, -0.7070290582333841, -0.7071844367766532, -0.00023405319330161272]","[458.96157139754246, 40.214361834715724, 5.814169913825391]",5.070000000000028,100.0,0.0,"[50.0, 112.13268760440941, 112.13268760440943]",18
585,300535037,settled,Dl4a_0002,unmatched,,"[-0.35142249661355834, 0.4728701792018044, -0.7428979686214585, 0.31780281734694765]","[-0.6829259909463885, 0.1834621436735724, -0.6828461738191752, 0.18350704517566485]","[458.73662285347075, 9.910083000268727, 5.813175600581414]",5.110000000000041,100.0,0.0,"[50.0, 98.66696564606198, 98.666965646062]",31
586,2202722907,settled,Dl4a_0002,unmatched,,"[0.5124774959073248, -0.5319461136587357, 0.5757058289795667, -0.35066072895446276]","[0.6830090439453321, -0.18321526380953634, 0.682934444848599, -0.18311569303427042]","[458.61109140632703, 9.919240543331018, 5.818657517158617]",5.0600000000000245,100.0,0.0,"[50.0, 91.3307220734274, 91.33072207342741]",34
587,247068866,settled,Dl4a_0021,unmatched,,"[0.2663569656585872, -0.9303810532191625, -0.12659665487131766, 0.21775754781716367]","[0.5000230497764117, -0.5000489248728139, -0.5000313308633224, 0.49989667990585185]","[458.46319172666784, 9.919328382117905, 5.8142506265462925]",4.899999999999971,100.0,0.0,"[50.0, 112.8989769636432, 112.89897696364321]",41
588,3592442215,settled,Dl4a_0004,unmatched,,"[0.4986228065315347, 0.1869661205412491, -0.41797164096076433, -0.7360154033231484]","[0.6124775983258437, 0.35341611218439517, -0.612464548138711, -0.35334886510461316]","[458.4736390540692, 5.816215698570808, 9.916557651930262]",5.240000000000085,100.0,0.0,"[50.0, 104.91166433354097, 104.91166433354098]",28
589,817587664,settled,Dl4a_0004,unmatched,,"[-0.07577032750485735, 0.2163005929188234, 0.9733798759676174, 0.002127917770489224]","[-0.6123580381790928, -0.3535676473251539, 0.6123874053921857, 0.3535381415907415]","[458.8085454366592, 5.811537753540655, 9.908307631361076]",5.750000000000255,100.0,0.0,"[50.0, 112.61884057094082, 112.61884057094083]",42
590,956714543,settled,Dl4a_0011,unmatched,,"[-0.03263422553297066, 0.6172465985498278, -0.3550635453785339, 0.7013355278650559]","[-0.0005281314554165251, 0.7070852582217313, -0.0005884345394917001, 0.7071278614419505]","[458.5238142762633, 5.832856428531922, 9.907746988007327]",5.230000000000081,100.0,0.0,"[50.0, 98.00992790378729, 98.0099279037873]",27
591,390567019,settled,Dl4a_0022,unmatched,,"[-0.05576000439088655, 0.4339213101568298, 0.7614267507275267, 0.4783643190901987]","[0.5001040131964166, 0.49984472437801286, 0.5000328264338182, 0.500018399646367]","[458.4304551730513, 10.065519734690554, 5.805830364871851]",4.659999999999891,100.0,0.0,"[50.0, 107.31644354839392, 107.31644354839393]",29
592,4117714206,settled,Dl4a_0011,unmatched,,"[0.6449494163759041, -0.5791058778370126, -0.1724574204003194, -0.4679049804392673]","[-8.570526992240922e-05, -0.7071145683378379, -0.0001713876463345365, -0.7070989679848745]","[458.5695869388537, 5.821309198980763, 9.923848438480746]",5.400000000000138,100.0,0.0,"[50.0, 111.45537651553018, 111.45537651553019]",40
593,2521025845,settled,Dl4a_0004,unmatched,,"[0.2502199291952107, 0.6862156576978117, -0.6555637187440244, -0.19166186065675433]","[0.612556708892537, 0.3533742404551424, -0.612506436348166, -0.3531809592907934]","[458.9353180554605, 5.813242478588733, 9.911801979262972]",5.100000000000038,100.0,0.0,"[50.0, 110.77386597197558, 110.7738659719756]",33
594,118959254,settled,Dl4a_0002,unmatched,,"[-0.5054991243376068, 0.12293413704927827, -0.2517487032519535, 0.816076236422077]","[-0.682855452111796, 0.18325497868415602, -0.6830114116601875, 0.18336154408878194]","[458.27989901308035, 9.916054758049638, 5.819918209875934]",5.0300000000000145,100.0,0.0,"[50.0, 110.81634320703441, 110.81634320703441]",31
595,536323564,settled,Dl4a_0011,unmatched,,"[0.2987672183365751, 0.6164033511906383, -0.03367927294981921, 0.7277710934503702]","[-0.00028858020878522184, 0.707147581056504, -0.000397483641354307, 0.7070658083475351]","[458.21937715945825, 5.8319140089177335, 9.918458624289519]",5.220000000000078,100.0,0.0,"[50.0, 99.648797521125, 99.64879752112499]",25
596,3098034090,settled,Dl4a_0010,unmatched,,"[-0.2106048733431788, -0.4854357699365941, -0.5301879847400127, 0.6624940765225706]","[-0.0006767546152530446, -0.70709342316613, 0.0006875813271783882, 0.7071194808165828]","[458.50710455095606, 5.82923464433276, 10.060744065148118]",5.300000000000105,100.0,0.0,"[50.0, 111.60349564116876, 111.60349564116878]",33
597,318939885,settled,Dl4a_0004,unmatched,,"[-0.46175195073807324, 0.10705404599565982, 0.3483910274929797, 0.8086706741238544]","[-0.612588129867686, -0.35307190613466694, 0.612636372515334, 0.35320346447182166]","[458.49217233920945, 5.821643502654994, 9.913035982622487]",5.480000000000165,100.0,0.0,"[50.0, 112.34708101164675, 112.34708101164676]",34
598,3202722054,settled,Dl4a_0022,unmatched,,"[0.18155062225358312, 0.05267923178463344, 0.42013907835606906, 0.8875513646747609]","[0.5000742510498443, 0.49997777347705, 0.5000380050584584, 0.49990995485489803]","[458.5941163098722, 10.07095217452241, 5.8159291422242605]",4.669999999999894,100.0,0.0,"[50.0, 112.77584494297933, 112.77584494297935]",25
599,2576870985,settled,Dl4a_0018,unmatched,,"[-0.4516636024144685, 0.6309803758169514, -0.4832380895695982, -0.40539450462112636]","[-0.3534211605225149, 0.6124352538601749, -0.6123603466027709, -0.3535977220411298]","[458.2127989427569, 39.780291680716196, 5.816681770895553]",4.969999999999994,100.0,0.0,"[50.0, 114.04033797420315, 114.04033797420317]",19
600,447954548,settled,Dl4a_0004,unmatched,,"[0.05575006052663945, -0.33589163307563924, 0.9332256004098558, 0.11471146551552941]","[-0.6125179857921659, -0.3531809735146453, 0.612590706777595, 0.3532952631979126]","[458.6660641318254, 5.834221742444134, 9.902335838119985]",5.540000000000185,100.0,0.0,"[50.0, 110.6769706937981, 110.67697069379811]",35
601,940726953,settled,Dl4a_0010,unmatched,,"[0.5127838771000137, 0.2725405650552121, 0.3368759618564963, -0.7411402850398325]","[0.00022878151065208735, 0.7071163013944624, -0.0003095656138841773, -0.7070971560757171]","[458.5378001679244, 5.826344071253787, 10.063946212399935]",5.550000000000188,100.0,0.0,"[50.0, 114.27838518956452, 114.27838518956453]",26
602,219800231,settled,Dl4a_0011,unmatched,,"[-0.051373563678022885, -0.2384194692129483, 0.5599082053165334, -0.7918457648269988]","[0.00022424754768982091, -0.7070868013265257, 0.00016302643147575457, -0.7071267061321064]","[458.56795203047056, 5.822540805485915, 9.923037326846869]",4.829999999999948,100.0,0.0,"[50.0, 111.37642707202701, 111.37642707202701]",27
603,1224559636,settled,Dl4a_0002,unmatched,,"[-0.5159554415873885, 0.544496901531378, -0.6183230394090855, -0.23449888156450227]","[-0.6829681216900263, 0.18304531758306253, -0.6830339741306259, 0.18306705506299256]","[458.7958066557191, 9.920979417258335, 5.819465380129734]",5.220000000000078,100.0,0.0,"[50.0, 112.6561272964746, 112.65612729647461]",29
604,4023118421,settled,Dl4a_0021,unmatched,,"[0.40965602581074484, -0.3216666623403111, -0.04117597991695293, 0.8526529408461977]","[0.5000144332392147, -0.49992731886225816, -0.4999877463169441, 0.5000704909715871]","[458.84307930543565, 9.921728895545684, 5.810809464051072]",5.410000000000141,100.0,0.0,"[50.0, 106.60972735044986, 106.60972735044987]",25
605,1928023996,settled,Dl4a_0010,unmatched,,"[0.2701948784625633, -0.44223581999339284, 0.6407685392582975, 0.5664255346152394]","[-0.00038528937692305926, -0.7071559121190152, 0.0004089166387561683, 0.7070574236187627]","[458.43016066098215, 5.821349571038114, 10.068805656566253]",5.400000000000138,100.0,0.0,"[50.0, 112.53656459760427, 112.53656459760428]",28
606,3626385919,settled,Dl4a_0021,unmatched,,"[-0.22727184610678164, 0.5116337626984891, 0.5890445784282585, -0.582756283070785]","[-0.500047840600514, 0.499953714102428, 0.5000542737272764, -0.4999441610750515]","[458.58449202645085, 9.928841816627344, 5.807063980815461]",5.110000000000041,100.0,0.0,"[50.0, 96.59674259271816, 96.59674259271817]",32
607,2577297428,settled,Dl4a_0021,unmatched,,"[0.5535741985734218, -0.0935011453620174, -0.4399733339065075, 0.7008827348001787]","[0.49987121243215726, -0.5001583956717129, -0.4998353941544887, 0.5001349107702144]","[458.71209150673894, 9.924275506495325, 5.808209676839645]",5.140000000000051,100.0,0.0,"[50.0, 107.4590689475469, 107.45906894754691]",27
608,2076254014,settled,Dl4a_0002,unmatched,,"[-0.7351439095736402, 0.6157884512551096, -0.2469555466334948, 0.13921556487896336]","[-0.68301571444665, 0.1830099963470831, -0.6829924935758624, 0.18307956951827925]","[458.17679226332746, 9.914522153141023, 5.8110936103449395]",5.390000000000135,100.0,0.0,"[50.0, 111.9711439424592, 111.97114394245921]",34
609,452233348,settled,Dl4a_0004,unmatched,,"[0.29905909259017793, 0.2413006443491481, -0.8201651007773044, 0.423871284286609]","[0.6124857122134085, 0.3533773961596457, -0.6124733309649255, -0.3533582984374239]","[458.667453223208, 5.829773907895002, 9.913852423055204]",5.380000000000131,100.0,0.0,"[50.0, 107.116973760706, 107.11697376070602]",38
610,96115233,settled,Dl4a_0022,unmatched,,"[0.01596805096025928, -0.24776091960427232, -0.8946441276783356, -0.3714450603737326]","[-0.5000202642884172, -0.5000193961718182, -0.4999871945291237, -0.4999731433385279]","[458.47457207715917, 10.066208356142054, 5.820242047901194]",4.6199999999998775,100.0,0.0,"[50.0, 112.58521515553542, 112.58521515553544]",33
611,3222166524,settled,Dl4a_0011,unmatched,,"[0.5102761807816077, -0.5864514971243014, -0.11103432962465044, -0.6191641450313526]","[0.00015832257713419007, -0.7071136922886365, 0.00010874386927636759, -0.7070998439305894]","[458.8124184175654, 5.812056645844665, 9.920121797595714]",5.190000000000068,100.0,0.0,"[50.0, 110.57631796672288, 110.57631796672288]",36
612,3216037984,settled,Dl4a_0004,unmatched,,"[-0.8538072858367715, 0.23931008038765292, 0.3766095808763793, 0.2681585867896432]","[-0.6124870475747344, -0.3534586650101335, 0.6123683963046657, 0.35345655445852375]","[458.4022522630957, 5.813532049746336, 9.91831855372886]",5.070000000000028,100.0,0.0,"[50.0, 106.88747000018242, 106.88747000018243]",29
613,1866588208,settled,Dl4a_0021,unmatched,,"[0.0913958532145423, 0.04136570481144703, 0.5384939494883795, -0.8366360874627897]","[-0.5000963802511288, 0.4999167367759355, 0.5000586057183805, -0.4999282524502969]","[458.8657425163177, 9.918165436371137, 5.820079948600413]",5.580000000000198,100.0,0.0,"[50.0, 113.372573567039, 113.37257356703901]",40
614,1833144678,settled,Dl4a_0011,unmatched,,"[0.6190268023519331, -0.6010870861268118, 0.21622287731930848, -0.4568892646859618]","[0.0003355370458796858, -0.7070616994143919, 0.00014799197255674357, -0.7071517649942615]","[458.36654196593884, 5.81813648502132, 9.916410038478404]",5.300000000000105,100.0,0.0,"[50.0, 101.64204899179518, 101.64204899179519]",27
615,1205690518,settled,Dl4a_0002,unmatched,,"[-0.6618533813516694, 0.035264487260398346, -0.7484741909013679, 0.022201420814120642]","[-0.6829342121401306, 0.18329608368974415, -0.6829687669301271, 0.18318589189804801]","[458.52446986622175, 9.91583440875317, 5.816911034030416]",5.070000000000028,100.0,0.0,"[50.0, 87.08264562068408, 87.08264562068409]",37
616,369857696,settled,Dl4a_0011,unmatched,,"[-0.12954261784404994, 0.7527893050896254, 0.08052108080394728, 0.640346256216864]","[-0.00021968345542813794, 0.7071273442316646, -0.0001715146828349945, 0.7070861626151131]","[458.8356741465797, 5.822478452433584, 9.916730001235212]",5.210000000000075,100.0,0.0,"[50.0, 90.71606817293711, 90.7160681729371]",32
617,4153277340,settled,Dl4a_0003,unmatched,,"[-0.8578806105175065, -0.3593468864883421, 0.3459746782934644, -0.12333772840854022]","[-0.6829957263782895, -0.18286389955457802, 0.68306775760717, 0.1830193173033889]","[458.95451179115526, 9.998007226117764, 7.179081468109031]",4.879999999999964,100.0,0.0,"[50.0, 108.31792882782867, 108.31792882782868]",37
618,2533894697,settled,Dl4a_0018,unmatched,,"[-0.2425132989820442, 0.4498265645237411, -0.8056564159904082, -0.2996015704883817]","[-0.35359206459642845, 0.612354562864551, -0.6122482514305021, -0.3537606815542007]","[458.59849674882116, 39.79536777800115, 5.815657722322156]",5.020000000000011,100.0,0.0,"[50.0, 112.13445203834607, 112.13445203834608]",18
619,1831038023,settled,Dl4a_0004,unmatched,,"[-0.2075734006871383, -0.5066822775218267, 0.671322952129416, 0.4995116083903529]","[-0.6126434173832558, -0.35314619097923755, 0.6125556417980802, 0.3531733237875757]","[458.3040101050173, 5.8309236849081545, 9.917012081782476]",5.220000000000078,100.0,0.0,"[50.0, 100.47780982697641, 100.47780982697643]",34
620,3843606305,settled,Dl4a_0002,unmatched,,"[-0.8825006106086865, 0.4092270962118539, -0.22842687556967828, -0.0393321562946197]","[-0.6830568725702649, 0.18320367047136493, -0.682882017955141, 0.1831444061768282]","[458.53114050654034, 9.924580626316633, 5.807606355872309]",5.460000000000158,100.0,0.0,"[50.0, 111.92683448473078, 111.92683448473079]",31
621,339420997,settled,Dl4a_0004,unmatched,,"[0.3338907115702825, -0.690545754793728, -0.6283784602883653, 0.1296304898898177]","[0.6124848068396839, 0.353374668929681, -0.6124580017940279, -0.3533891633707239]","[458.1968347834149, 5.819483210240897, 9.918287875347852]",5.170000000000061,100.0,0.0,"[50.0, 110.24628204204262, 110.24628204204264]",46
622,318514168,settled,Dl4a_0022,unmatched,,"[0.4702166024432413, 0.27585662200913136, 0.8325093600382049, -0.0986287804305852]","[0.5002620052936553, 0.4997285152194141, 0.5002496420441058, 0.4997595749667181]","[458.714201372525, 10.06983896340655, 5.815265357883925]",4.990000000000001,100.0,0.0,"[50.0, 104.44559513766579, 104.44559513766579]",37
623,2406135167,settled,Dl4a_0022,unmatched,,"[0.30370085785503587, 0.08961302071284508, 0.327763058386395, 0.8901161008621467]","[0.5001543045599915, 0.4998871301324443, 0.5000549541096755, 0.49990356232820593]","[458.60372421235826, 10.064374146220192, 5.809296769351891]",4.839999999999951,100.0,0.0,"[50.0, 108.74456117436816, 108.74456117436816]",28
624,503826566,settled,Dl4a_0021,unmatched,,"[-0.8879109927937016, 0.4037290052106611, 0.10763674471210347, -0.1924351589899693]","[-0.5001019121604333, 0.49992999338336563, 0.5000420879173146, -0.49992598400211097]","[458.8425353307628, 9.920071370209678, 5.816163273877462]",5.020000000000011,100.0,0.0,"[50.0, 111.47874561701886, 111.47874561701887]",35
625,1951490665,settled,Dl4a_0021,unmatched,,"[-0.37979554275908345, 0.21260781508691884, 0.30614412443480676, -0.8466575681692955]","[-0.50029685810597, 0.4998186674248869, 0.5001566736967435, -0.499727581007407]","[458.26405302892016, 9.918378496106824, 5.811279700435523]",5.100000000000038,100.0,0.0,"[50.0, 103.4697763397686, 103.46977633976861]",27
626,1304113979,settled,Dl4a_0009,unmatched,,"[0.09948409051905921, -0.45613823132516407, -0.11408373739586006, 0.8769411214665094]","[-0.1829129919093616, -0.6830618367048846, 0.18272707035574232, 0.683066748120067]","[458.8406862625168, 10.059853111156116, 5.823562557545794]",5.190000000000068,100.0,0.0,"[50.0, 104.84676885817298, 104.846768858173]",32
627,1335222620,settled,Dl4a_0021,unmatched,,"[-0.19639680642520668, 0.19642498494383, 0.9301330988887067, -0.24020395098225877]","[-0.5005209896334679, 0.4995152138378388, 0.5004912538516089, -0.49947151560315894]","[458.1781182845292, 9.91506355568364, 5.8285172485538395]",5.390000000000135,100.0,0.0,"[50.0, 112.08124608150271, 112.08124608150273]",41
628,760072861,settled,Dl4a_0011,unmatched,,"[0.2349944290385704, -0.22175586461706412, 0.6329365821941642, -0.7035575582346796]","[0.0002596403010904913, -0.7071400266307439, 0.0003469623102696495, -0.7070734013811723]","[458.6518818116477, 5.82762576422271, 9.913932033031077]",4.959999999999991,100.0,0.0,"[50.0, 111.5578015237201, 111.55780152372012]",32
629,4291316198,settled,Dl4a_0011,unmatched,,"[0.00045310346422546824, -0.3221131643259609, -0.12074992918595746, -0.9389687740637349]","[-2.0637998712047526e-05, -0.707090971886613, -5.508903195791671e-05, -0.7071225876859802]","[458.92377070550566, 5.812243837071086, 9.923778322141398]",5.110000000000041,100.0,0.0,"[50.0, 111.02933130634399, 111.02933130634398]",29
630,3385771503,settled,Dl4a_0009,unmatched,,"[0.16321663743935153, 0.8999089523290272, -0.3797931339126148, -0.13885741684871736]","[0.18309258431387196, 0.683055866726855, -0.18315096431868313, -0.6829110577289177]","[458.17090281826466, 10.074478216767137, 5.814636290186489]",4.669999999999894,100.0,0.0,"[50.0, 107.88005575544993, 107.88005575544994]",39
631,2885950628,settled,Dl4a_0010,unmatched,,"[0.3078809116531951, 0.20521297007126735, 0.30730450118607866, -0.8767330977583211]","[9.610723500325102e-05, 0.7071193866435157, -3.697536358704401e-05, -0.7070941680067233]","[458.82116877808073, 5.818511154188237, 10.06448001426381]",5.720000000000245,100.0,0.0,"[50.0, 107.200346433733, 107.20034643373302]",25
632,991867160,settled,Dl4a_0002,unmatched,,"[-0.2375625373328836, -0.9604688225999017, -0.11681093371613689, 0.08613296368920043]","[0.6829858783986669, -0.18311129271378612, 0.6830149287609665, -0.18300587826170914]","[458.6113492891275, 9.926671649586416, 5.812551593458578]",5.830000000000282,100.0,0.0,"[50.0, 114.11657728366106, 114.11657728366107]",47
633,303405335,settled,Dl4a_0004,unmatched,,"[-0.02279042232984286, 0.044058517012017934, 0.9582225775537128, 0.2816894311028513]","[-0.6122689563170665, -0.35367709432939265, 0.6123301843897454, 0.3536820370931335]","[458.2438597428825, 5.820757869451431, 9.91499441849205]",5.670000000000228,100.0,0.0,"[50.0, 113.82083274655665, 113.82083274655666]",39
634,747624188,settled,Dl4a_0021,unmatched,,"[0.4488529877620475, -0.17881305492877836, -0.36350582461711256, 0.7965051175187475]","[0.4999134568638479, -0.5000372798403294, -0.5000363175510103, 0.5000129353790231]","[458.6639777727603, 9.929512821683788, 5.815641443139728]",5.160000000000058,100.0,0.0,"[50.0, 105.26317399461985, 105.26317399461986]",24
635,2224256403,settled,Dl4a_0002,unmatched,,"[-0.7074316561155337, 0.5159224139634822, -0.45665515639945287, -0.1575772281439098]","[-0.6829292020272739, 0.18331375171156464, -0.6829291599869386, 0.1833344918212507]","[458.8309407616613, 9.91905008601487, 5.824012115863973]",5.470000000000161,100.0,0.0,"[50.0, 105.91367529744637, 105.91367529744636]",39
636,3659359167,settled,Dl4a_0002,unmatched,,"[0.475642554762377, 0.008531275876956044, 0.5084562058079787, 0.7177490259181025]","[0.6830933203743244, -0.18300909414074476, 0.6829144139426198, -0.1830821956149012]","[458.8301576990851, 9.917164554024223, 5.8132112380509575]",5.0900000000000345,100.0,0.0,"[50.0, 107.14618048161572, 107.14618048161573]",31
637,1825701951,settled,Dl4a_0002,unmatched,,"[0.26664443488412504, 0.09287231278579614, 0.9568484641898873, 0.06867674599598332]","[0.6828914740685278, -0.1831605427394637, 0.6830356052827411, -0.18323158064028724]","[458.6806781519558, 9.920719535997907, 5.817859524919373]",4.879999999999964,100.0,0.0,"[50.0, 112.77116304647333, 112.77116304647335]",47
638,741066932,settled,Dl4a_0011,unmatched,,"[-0.14380109630361193, 0.5897438042590014, 0.5912240676798182, 0.5310156229680344]","[-0.00016060397675005114, 0.7071428605265031, -0.0001562005438287273, 0.7070706645124994]","[458.32421955613967, 5.818382426347858, 9.910577253924766]",5.110000000000041,100.0,0.0,"[50.0, 113.02124850517404, 113.02124850517404]",24
639,3503504066,settled,Dl4a_0011,unmatched,,"[0.5187699492102906, -0.6177811041237394, -0.23828102636228377, -0.5407831355171334]","[0.00012515390388723183, -0.7071011874298748, 0.0001296038868551508, -0.7071123519459931]","[458.2684778786046, 5.819648065270153, 9.926143118681933]",5.430000000000148,100.0,0.0,"[50.0, 112.94057425494658, 112.9405742549466]",34
640,3011375563,settled,Dl4a_0002,unmatched,,"[-0.5247529899489422, 0.6195718340292504, -0.4558137166205935, 0.36469013937560457]","[-0.6829795331591382, 0.18314731372105683, -0.6829538800978413, 0.18322122262933932]","[458.4510010959906, 9.922443167515903, 5.815018098165148]",5.0900000000000345,100.0,0.0,"[50.0, 96.28361232910261, 96.28361232910262]",31
641,1512233073,settled,Dl4a_0019,unmatched,,"[-0.27085008450069903, -0.5333245905422038, 0.7126948784235688, -0.3664302431811122]","[-0.35365598501463663, -0.6122940886219572, 0.6125469559841032, -0.3532840500454882]","[458.98723212808903, 39.80490093848517, 7.184684461624024]",5.000000000000004,100.0,0.0,"[50.0, 113.04403454764515, 113.04403454764517]",19
642,2951951071,settled,Dl4a_0002,unmatched,,"[0.2777554044515004, -0.309719604872192, 0.8976138231511166, -0.1456541319147266]","[0.6829802854209519, -0.18343718113854177, 0.6828334896043997, -0.18337708629198812]","[459.0063663249152, 9.917293890676012, 5.824862732155869]",5.010000000000008,100.0,0.0,"[50.0, 106.36095915283184, 106.36095915283185]",41
643,3173375156,settled,Dl4a_0011,unmatched,,"[0.20658466998426864, -0.650663487887515, -0.5944086293330616, -0.42501550681349876]","[-8.039899587072852e-05, -0.7071324315306358, -0.00013053906777860114, -0.707081113291201]","[458.17128932983314, 5.809538391731264, 9.925054434526928]",5.320000000000111,100.0,0.0,"[50.0, 114.46918539501866, 114.46918539501867]",35
644,32306830,settled,Dl4a_0002,unmatched,,"[-0.6986094149864885, 0.5782516452435902, -0.4198669161311812, 0.03580073747576859]","[-0.6829169872539841, 0.18320769977621595, -0.6830275513010606, 0.18311933657133708]","[458.66468863009624, 9.920667484072993, 5.81003225333524]",5.1200000000000445,100.0,0.0,"[50.0, 104.57118256680519, 104.57118256680519]",34
645,895153355,settled,Dl4a_0022,unmatched,,"[-0.19060827060911253, -0.37814759900373973, -0.36161796459736506, -0.8306053986241415]","[-0.499974409324556, -0.5000072319329594, -0.500083574097806, -0.49993477269826436]","[458.672715996816, 10.075349994778424, 5.817352553526776]",4.889999999999968,100.0,0.0,"[50.0, 106.7992587867555, 106.79925878675552]",33
646,3593388868,settled,Dl4a_0021,unmatched,,"[0.22142497322908522, 0.2166201095432776, 0.635142299606034, -0.7075598692853604]","[-0.5001162115951358, 0.4996760143395145, 0.5003085846020907, -0.49989896555900115]","[458.74653780497357, 9.919407979053334, 5.8146518811908905]",5.700000000000238,100.0,0.0,"[50.0, 110.90671927721442, 110.90671927721444]",34
647,75550316,settled,Dl4a_0002,unmatched,,"[-0.2862997747692738, 0.2598481907905693, -0.7213721391252358, 0.5745725311949853]","[-0.6830415028309665, 0.1827874221962067, -0.6830929190294572, 0.18283087176157073]","[458.6832219999, 9.93185203731738, 5.8140116983852606]",4.979999999999998,100.0,0.0,"[50.0, 109.00553065397695, 109.00553065397695]",36
648,2936757457,settled,Dl4a_0024,unmatched,,"[-0.6103894817246166, 0.37109450284833706, -0.5232037798726356, -0.46472718371393584]","[-0.6124807913903378, -0.35346336269581585, -0.6124816449271594, -0.35326642359125043]","[458.36725370965047, 5.822844756436121, 10.066838598747449]",5.310000000000108,100.0,0.0,"[50.0, 114.10275045280291, 114.10275045280292]",28
649,1838880854,settled,Dl4a_0024,unmatched,,"[-0.6784023744617863, -0.0988498696711346, -0.5712742979592471, -0.4512699835816463]","[-0.6122899342945479, -0.3538159598540871, -0.6121151313635991, -0.3538790314073908]","[458.27033796799844, 5.825199540798602, 10.063095353793694]",5.200000000000071,100.0,0.0,"[50.0, 99.22153573209376, 99.22153573209377]",31
650,1672810551,settled,Dl4a_0004,unmatched,,"[0.48681364714769565, 0.3945555621457038, -0.6249290389801788, -0.46562010004933935]","[0.6125208990429634, 0.35328739314507096, -0.6124558539227652, -0.3534175902188466]","[458.8308781893645, 5.812823446268806, 9.914161449827404]",5.160000000000058,100.0,0.0,"[50.0, 92.21180626682748, 92.2118062668275]",28
651,3879484383,settled,Dl4a_0022,unmatched,,"[-0.7626412532388688, -0.3577434821654657, -0.447859840912783, -0.2996989868584001]","[-0.5000905418520637, -0.4996959333328921, -0.5004151755102116, -0.49979803549009993]","[458.63867054288403, 10.065331904496055, 5.806167496050965]",5.050000000000021,100.0,0.0,"[50.0, 98.63653726347258, 98.63653726347259]",36
652,230873740,settled,Dl4a_0021,unmatched,,"[0.9054548951501281, -0.2845109799386636, -0.19564783538213537, 0.2468336679897962]","[0.500358516117728, -0.49967213015538103, -0.5004396637078341, 0.4995290388780609]","[458.5995550759323, 9.912420638476755, 5.822129031491276]",5.070000000000028,100.0,0.0,"[50.0, 109.97478182436808, 109.9747818243681]",29
653,2079884426,settled,Dl4a_0004,unmatched,,"[0.8394310349645914, 0.2693330375425513, -0.24178989971722017, -0.40540460878129414]","[0.6126792345737062, 0.3530807040899127, -0.612631935601422, -0.35304430798811104]","[458.37932250553484, 5.822888662670104, 9.907762740583843]",5.110000000000041,100.0,0.0,"[50.0, 104.08078848702301, 104.08078848702303]",37
654,3975850094,settled,Dl4a_0004,unmatched,,"[0.4807614675171685, 0.6552872187456834, -0.5495107625156788, -0.1936620617950838]","[0.6123814836327698, 0.35352793620370054, -0.6123773309674964, -0.35355469356862684]","[458.9236497905778, 5.8199289964680405, 9.899587485789404]",5.110000000000041,100.0,0.0,"[50.0, 102.06488161635491, 102.06488161635492]",17
655,1123490515,settled,Dl4a_0011,unmatched,,"[-0.06244286843504125, 0.13298112156545572, -0.4729946592036122, 0.8687306612832636]","[-0.0005217997214884695, 0.7071120267546864, -0.000272414578723873, 0.7071012905759879]","[458.82883739888604, 5.822757672442718, 9.906733571015408]",4.839999999999951,100.0,0.0,"[50.0, 113.86846051456233, 113.86846051456234]",25
656,1957802489,settled,Dl4a_0021,unmatched,,"[-0.8523013335500537, 0.34785705271440737, 0.23829970511210874, -0.30950146728105843]","[-0.500293049295851, 0.49980584213122947, 0.5000598550490938, -0.49984110111717633]","[458.8907131354118, 9.917394533123465, 5.809112833642258]",5.1200000000000445,100.0,0.0,"[50.0, 106.28532025275926, 106.28532025275926]",34
657,1848857429,settled,Dl4a_0004,unmatched,,"[0.4047002669435426, -0.25709265837166206, -0.547330599681826, -0.6859666709098554]","[0.6124477687038998, 0.35339296728087033, -0.6124324173745701, -0.35347938473803037]","[458.54078516733983, 5.820187500066737, 9.920714230143012]",5.490000000000168,100.0,0.0,"[50.0, 112.25005890479207, 112.25005890479208]",32
658,3054531549,settled,Dl4a_0004,unmatched,,"[0.7420221664256267, 0.08780540357961956, -0.5410633505390331, -0.38593233388602627]","[0.6125047410590538, 0.35353711791189235, -0.6123187377500205, -0.35343346168544354]","[458.94615119162086, 5.817298537726142, 9.910562593844219]",5.210000000000075,100.0,0.0,"[50.0, 99.86168239097252, 99.86168239097252]",35
659,2001620538,settled,Dl4a_0011,unmatched,,"[-0.013667271276261574, 0.657999285484137, -0.1380674222777314, 0.7401267005748466]","[-0.0006127788961037551, 0.7071304652455828, -0.0006097322726398015, 0.7070825679156191]","[458.4972159128586, 5.836848583772669, 9.912429310648646]",5.220000000000078,100.0,0.0,"[50.0, 86.93546672599676, 86.93546672599675]",26
660,1618230679,settled,Dl4a_0002,unmatched,,"[0.2717351777618916, -0.2956507772804097, 0.8181601580938112, -0.41153926515961137]","[0.6828125572628323, -0.183372120555543, 0.683011548244613, -0.18340365866484676]","[458.4870293392421, 9.911873761702504, 5.816107226578141]",5.000000000000004,100.0,0.0,"[50.0, 108.10712050376775, 108.10712050376776]",25
661,2498729330,settled,Dl4a_0023,unmatched,,"[-0.7387230461151346, -0.12526626774130828, 0.5657817222933168, -0.3442203742130146]","[-0.6111779572592584, 0.3554735450613371, 0.6113834122049036, -0.3554017256607159]","[458.72668458710916, 7.224606593151744, 9.956697658372702]",5.190000000000068,100.0,0.0,"[50.0, 106.98568826836832, 106.98568826836834]",32
662,801359670,settled,Dl4a_0021,unmatched,,"[0.5201545776930955, -0.5993619606811081, -0.6079273170496118, -0.02507653441518706]","[0.5002812084656844, -0.49979296513679206, -0.500350139947764, 0.49957526150735365]","[458.28495352877195, 9.914279221078854, 5.816412352266712]",5.0300000000000145,100.0,0.0,"[50.0, 107.31777632896627, 107.31777632896626]",37
663,460050522,settled,Dl4a_0010,unmatched,,"[-0.43159420217306005, -0.27588044649597515, 0.04316033554187708, 0.8577608112566659]","[-3.467565207346257e-05, -0.7070941152606797, 4.4120330429164856e-05, 0.7071194446589008]","[458.7525953158577, 5.817160353751542, 10.073724120500449]",5.510000000000175,100.0,0.0,"[50.0, 108.30069359155443, 108.30069359155443]",34
664,24185252,settled,Dl4a_0010,unmatched,,"[-0.8823119357992979, -0.09850590553688278, 0.22500939213918061, 0.401488490457212]","[-0.00019048118894837707, -0.7070524164794588, 0.00023340751918024538, 0.7071610775406156]","[458.1644667318842, 5.81975198298508, 10.064697227163151]",5.1500000000000545,100.0,0.0,"[50.0, 107.01556427508254, 107.01556427508255]",41
665,2055269984,settled,Dl4a_0004,unmatched,,"[0.5271450856724299, 0.7677936786238437, -0.29311052402864035, 0.21609522535291723]","[0.6124801209459053, 0.3533682912085205, -0.612517989507844, -0.353299681210907]","[458.66621307902756, 5.82592969472663, 9.92227760292205]",4.849999999999954,100.0,0.0,"[50.0, 108.14922996934534, 108.14922996934536]",28
666,2572174639,settled,Dl4a_0024,unmatched,,"[0.6648910559496792, 0.23251016525203572, 0.7084928277910303, -0.043552494087720814]","[0.612287809093937, 0.3535081280544542, 0.6124351021937798, 0.3536366607625359]","[458.51871694501114, 5.81723339508936, 10.066783711543698]",5.140000000000051,100.0,0.0,"[50.0, 98.52224256436875, 98.52224256436877]",37
667,4231113218,settled,Dl4a_0009,unmatched,,"[-0.32714810443199194, -0.26553553967436144, -0.22723901491828985, 0.8779677813196595]","[-0.18258799149880273, -0.6830123659327849, 0.18266976057476395, 0.6832184803669256]","[458.7883312212533, 10.065366897976887, 5.81561657813315]",5.550000000000188,100.0,0.0,"[50.0, 106.87028681407847, 106.87028681407848]",36
668,2269359926,settled,Dl4a_0009,unmatched,,"[-0.20885908760357036, -0.8901486806034541, 0.0483529199096359, 0.4020885512937993]","[-0.18289444927615991, -0.6830401621725343, 0.1830008252469722, 0.6830200987102909]","[458.17266732232815, 10.068563232222859, 5.818175940795456]",5.010000000000008,100.0,0.0,"[50.0, 104.9790981465421, 104.97909814654211]",33
669,791422006,settled,Dl4a_0024,unmatched,,"[0.4178617844510886, 0.3221307565748081, 0.3487388486073498, 0.7745995870357235]","[0.6122343119709135, 0.3538372759169258, 0.6121910720339814, 0.35382258370414443]","[458.1732166767472, 5.821786311790459, 10.065217794324363]",5.100000000000038,100.0,0.0,"[50.0, 100.05593675991746, 100.05593675991747]",34
670,2789584226,settled,Dl4a_0004,unmatched,,"[-0.32203768413503847, -0.09291562367445043, 0.895757891321467, -0.29202091878741854]","[-0.6123986256007751, -0.3535674305111604, 0.6123830666779438, 0.35347556505384464]","[458.3361463383256, 5.813172061565676, 9.9087723841936]",5.310000000000108,100.0,0.0,"[50.0, 110.27695630598606, 110.27695630598608]",36
671,959163029,settled,Dl4a_0004,unmatched,,"[0.8565572897553921, 0.19600051919097283, -0.3610798207247458, -0.3122735482059784]","[0.6124646930258164, 0.3534080316045022, -0.6124543435969492, -0.3533970005580889]","[458.1614694398125, 5.816953571632155, 9.916855701142858]",5.110000000000041,100.0,0.0,"[50.0, 102.10752796563894, 102.10752796563894]",25
672,1269286363,settled,Dl4a_0021,unmatched,,"[-0.22278797788535612, -0.8262023699346746, -0.4768502630653011, 0.20092035098176173]","[0.5001218985958922, -0.49984459425043404, -0.5000619920280623, 0.4999714714585076]","[458.57820524174497, 9.917468047121183, 5.819304951493877]",5.470000000000161,100.0,0.0,"[50.0, 112.36872298344825, 112.36872298344827]",37
673,339846494,settled,Dl4a_0009,unmatched,,"[-0.08833281860877842, 0.061391870416495166, 0.03633882288790775, 0.9935330096954575]","[-0.18255797374266547, -0.6831722553598862, 0.1824218770092459, 0.6831328673968793]","[458.8370968718667, 10.059888467337007, 5.819601165826976]",5.6500000000002215,100.0,0.0,"[50.0, 113.94964769685342, 113.94964769685343]",42
674,3620654759,settled,Dl4a_0021,unmatched,,"[-0.4813429093912272, 0.22554370352942188, 0.09490204981190052, -0.8416844077910204]","[-0.49998371794064367, 0.5000167672658974, 0.4999660774749095, -0.5000334345036991]","[458.6494271922009, 9.922189509497567, 5.817829201361841]",5.130000000000048,100.0,0.0,"[50.0, 110.00393809682792, 110.00393809682794]",30
675,1118229367,settled,Dl4a_0004,unmatched,,"[-0.35991857214289824, -0.48385237718009744, 0.7578605277637142, -0.2489837725264248]","[-0.6126535488544718, -0.3532114052193973, 0.6124506562470264, 0.35327259441052994]","[458.13902746806144, 5.825529529574405, 9.912197380453643]",5.0900000000000345,100.0,0.0,"[50.0, 113.7103610755677, 113.71036107556772]",28
676,614510698,settled,Dl4a_0011,unmatched,,"[0.5408724855206847, -0.7068822607308365, 0.20453650455646982, -0.40735640681663454]","[0.00037193606660199097, -0.7071049241710543, 0.0003525551763892964, -0.7071084524890489]","[458.85185860729985, 5.829105865963044, 9.907951145084564]",5.270000000000095,100.0,0.0,"[50.0, 104.33268350627085, 104.33268350627087]",38
677,1838271581,settled,Dl4a_0021,unmatched,,"[-0.12691279253410218, 0.07788097071762332, 0.8830851733374935, -0.4449587330559608]","[-0.5000989941323902, 0.4998595267424856, 0.5001365562612011, -0.49990486563318864]","[458.8974165787365, 9.917803026809302, 5.809947471406234]",5.410000000000141,100.0,0.0,"[50.0, 114.13314256274647, 114.13314256274649]",27
678,896877213,settled,Dl4a_0011,unmatched,,"[0.4570635111793557, 0.37785478930814337, -0.003768496967547743, 0.8051735858657455]","[-0.00034415265839099485, 0.7071127119785496, -0.0003487876824442848, 0.7071006805713321]","[458.520500689972, 5.819431350267512, 9.911529162061692]",5.050000000000021,100.0,0.0,"[50.0, 108.91563589123231, 108.91563589123233]",25
679,2115121010,settled,Dl4a_0008,unmatched,,"[0.28127320910761855, -0.44450024844831, 0.46518435559245397, -0.7119750180165917]","[0.18322327068536087, -0.68283997903051, 0.18344806429594465, -0.6830121549599558]","[458.5022025767415, 9.997672161268822, 7.183389956498589]",4.949999999999988,100.0,0.0,"[50.0, 100.00517395362493, 100.00517395362495]",33
680,1207846639,settled,Dl4a_0011,unmatched,,"[-0.26830697556454275, -0.6799392983449297, -0.12928932687703654, -0.670058346254485]","[0.00013580530698120707, -0.707124671542511, 0.0001612546282444005, -0.7070888589489721]","[458.753693589409, 5.821760415342875, 9.916976213961364]",5.240000000000085,100.0,0.0,"[50.0, 90.2297771398373, 90.22977713983728]",37
681,3010240499,settled,Dl4a_0002,unmatched,,"[0.3808922698588771, -0.2069628001145944, 0.7443905927285974, -0.507907593551865]","[0.6828702324785462, -0.18328671539748423, 0.6829893796510638, -0.18335684562446294]","[458.18742445705783, 9.92193871067959, 5.817741833828681]",5.080000000000031,100.0,0.0,"[50.0, 105.83206929536043, 105.83206929536044]",26
682,1954751036,settled,Dl4a_0010,unmatched,,"[0.4288412192270202, 0.05806141530597197, -0.19458495559188416, 0.8802617655003849]","[-2.2468143143022923e-05, -0.7070985117580458, 1.2075745837142327e-05, 0.7071150500582742]","[458.53561202099314, 5.8116968247573695, 10.055531871613649]",5.540000000000185,100.0,0.0,"[50.0, 109.79189585465402, 109.79189585465403]",33
683,1984373932,settled,Dl4a_0019,unmatched,,"[-0.3985619353203301, -0.55517319696044, 0.5342309002269262, -0.4975223113923289]","[-0.35384701701196347, -0.6122309132802162, 0.612415989384304, -0.3534292762664857]","[458.15789825981597, 39.79465789648281, 7.183002135979333]",4.959999999999991,100.0,0.0,"[50.0, 113.62401477838245, 113.62401477838246]",18
684,2472346160,settled,Dl4a_0006,unmatched,,"[0.5216855084416874, 0.1681033179362908, 0.2930575820934824, -0.7833918293920803]","[0.6125829661585459, 0.35322106356364635, 0.3538781725505109, -0.612166014100485]","[458.70365959995934, 40.223949628656925, 5.818358576865034]",5.0300000000000145,100.0,0.0,"[50.0, 114.00817257057196, 114.00817257057197]",14
685,1573955309,settled,Dl4a_0004,unmatched,,"[-0.6193383676590124, 0.38429802173753186, 0.5834598968312737, 0.35820324624956834]","[-0.6122804219896743, -0.353673235088444, 0.6122829139044851, 0.35374787769095345]","[458.52779206872276, 5.820415022322601, 9.905624490750515]",5.360000000000125,100.0,0.0,"[50.0, 113.73423094802641, 113.73423094802641]",31
686,4284683632,settled,Dl4a_0021,unmatched,,"[0.45315710631947115, 0.5277361964398244, 0.2103800227056479, -0.6869376900460198]","[-0.4999841553127021, 0.5001233401665118, 0.49987767081984263, -0.5000148030535337]","[458.69227897459365, 9.92800650420065, 5.805235961999832]",5.170000000000061,100.0,0.0,"[50.0, 111.49535012546308, 111.49535012546309]",39
687,1664694624,settled,Dl4a_0011,unmatched,,"[-0.17671571791651616, 0.6330224626739569, -0.08908301980255993, 0.7484105373218002]","[1.8728899452591374e-05, 0.707110887241031, -8.767541266171963e-05, 0.7071026694246405]","[458.8229101527843, 5.823262371713085, 9.914967067951045]",5.1500000000000545,100.0,0.0,"[50.0, 87.71737497925179, 87.7173749792518]",28
688,1909553120,settled,Dl4a_0010,unmatched,,"[-0.34526094914388883, 0.1559007805280971, -0.11240903271903165, -0.9186152801854336]","[6.185994738178159e-05, 0.7071173418283355, -0.00011810258509450945, -0.7070962078181126]","[458.7931855543544, 5.818414109706137, 10.075610335333653]",5.540000000000185,100.0,0.0,"[50.0, 108.5357051107042, 108.53570511070419]",31
689,2668664694,settled,Dl4a_0019,unmatched,,"[0.11631302817836991, -0.7209141450716977, 0.6512811007120145, 0.20636618610341087]","[-0.3540994780462664, -0.6120250718230571, 0.6122958700645151, -0.35374092017927766]","[458.86855607115035, 39.80008349265829, 7.18120360632234]",5.040000000000018,100.0,0.0,"[50.0, 113.72702139295227, 113.72702139295228]",17
690,931999062,settled,Dl4a_0022,unmatched,,"[0.40985524264100454, 0.27226453579317034, 0.8643033037923744, -0.10426169806117322]","[0.5002676375135698, 0.49973943770930973, 0.5003143749722404, 0.4996782079005556]","[458.25090921384617, 10.071868108250253, 5.813864826580647]",4.899999999999971,100.0,0.0,"[50.0, 104.62314468310419, 104.6231446831042]",36
691,2928446550,settled,Dl4a_0009,unmatched,,"[0.08829629227230848, -0.08328675959324888, -0.35542274088605197, -0.9267911068350115]","[0.18256169303824024, 0.6830234465929126, -0.18262310700594922, -0.683226902593014]","[458.6221078169472, 10.071823756022457, 5.81961906679475]",5.6800000000002315,100.0,0.0,"[50.0, 113.28464008393014, 113.28464008393016]",23
692,4062086078,settled,Dl4a_0004,unmatched,,"[0.11302998519651891, 0.09536864003104563, 0.8851959380404075, 0.4410863818141144]","[-0.6123226659445251, -0.353466666200417, 0.6124830708742373, 0.3535346610280476]","[458.5611811122234, 5.825106589840535, 9.914711277195762]",5.900000000000305,100.0,0.0,"[50.0, 113.89455206269736, 113.89455206269734]",23
693,3262843349,settled,Dl4a_0009,unmatched,,"[0.23701903657768664, -0.4535324717792806, 0.255514247423889, 0.8202699206389107]","[-0.18316270010170516, -0.682994906645909, 0.18316263585488027, 0.6829500945265996]","[458.3759621150894, 10.06441666212536, 5.812804464662776]",5.230000000000081,100.0,0.0,"[50.0, 103.86555889496107, 103.86555889496108]",27
694,1218851074,settled,Dl4a_0004,unmatched,,"[-0.6898747204057384, -0.30126227785830795, 0.6219437982928524, -0.2156381734521688]","[-0.6128276426132052, -0.35272664600253234, 0.6128328718677087, 0.35279181510817736]","[458.30444945583196, 5.840872200393917, 9.910329079288152]",5.160000000000058,100.0,0.0,"[50.0, 107.81515727410309, 107.8151572741031]",31
695,651205762,settled,Dl4a_0004,unmatched,,"[0.6449485734097136, -0.08182203042582824, -0.6028448695667808, -0.4625197900963603]","[0.612309891822687, 0.35359307168299503, -0.6123822392102345, -0.3536050468159822]","[458.93173396648285, 5.814263725362787, 9.920817599312306]",5.280000000000098,100.0,0.0,"[50.0, 107.13007183185704, 107.13007183185705]",24
696,4255050540,settled,Dl4a_0002,unmatched,,"[-0.25882804226598577, 0.6809913270748578, -0.6838292010292903, 0.040453439967739646]","[-0.6829400162761153, 0.18321007396603564, -0.682996606176201, 0.1831464957839235]","[458.5819930045919, 9.917654222817784, 5.81868834720861]",5.290000000000101,100.0,0.0,"[50.0, 112.63148026027537, 112.63148026027538]",35
697,2395249347,settled,Dl4a_0011,unmatched,,"[0.6348411229845365, -0.4903602220541158, -0.11445046579517916, -0.5860244807804853]","[-0.0001948319041348845, -0.7072338504580161, -0.0002446285229649181, -0.7069796199069273]","[458.79029894086773, 5.818717826849092, 9.903346182176417]",5.370000000000128,100.0,0.0,"[50.0, 112.96748096378559, 112.9674809637856]",33
698,249202919,settled,Dl4a_0004,unmatched,,"[-0.8662809176125051, -0.3880906819206864, 0.23603906961474444, 0.20791477100528136]","[-0.6124287280126041, -0.35348361074680584, 0.6123830578913712, 0.35350725656749693]","[458.7857889511196, 5.821666163224144, 9.92348164014369]",5.0600000000000245,100.0,0.0,"[50.0, 110.8573468950703, 110.85734689507031]",34
699,2371620818,settled,Dl4a_0004,unmatched,,"[-0.6854600836334261, -0.5263584251775121, 0.5015678560573432, -0.03899958666378184]","[-0.6125812979313633, -0.35321225201356765, 0.6126090610856845, 0.35312235376416834]","[458.5683658030633, 5.829823026538849, 9.916684586163477]",4.849999999999954,100.0,0.0,"[50.0, 100.9928513006749, 100.99285130067491]",20
700,3603842823,settled,Dl4a_0010,unmatched,,"[0.1945135409653445, 0.7046745058258995, 0.4915635600122643, -0.4732479156723422]","[7.140563407451173e-05, 0.7070876761100733, -0.000172471423618481, -0.707125861108261]","[458.3543176452646, 5.809831131092345, 10.071249198733804]",5.220000000000078,100.0,0.0,"[50.0, 112.43460773622034, 112.43460773622036]",31
701,2673681171,settled,Dl4a_0004,unmatched,,"[0.7797691628533903, 0.1826904425636023, -0.5705104467956182, -0.1819397838734074]","[0.6124127582789242, 0.35355936950381606, -0.6123465666871944, -0.3535223727003276]","[458.65501632017236, 5.81758390807331, 9.920704284433734]",5.200000000000071,100.0,0.0,"[50.0, 90.94711561960779, 90.9471156196078]",25
702,4235238339,settled,Dl4a_0002,unmatched,,"[-0.7562445711375627, 0.24799993940147816, 0.08222943494976244, 0.5998570652327683]","[-0.6830811582074275, 0.18298305369187323, -0.683041403590717, 0.18267943054547695]","[458.18073623382685, 9.915935463164715, 5.813500657457948]",5.050000000000021,100.0,0.0,"[50.0, 112.66189103276541, 112.6618910327654]",35
703,3994960236,settled,Dl4a_0022,unmatched,,"[0.5313292307007738, 0.7813692565057293, 0.17265756090654222, 0.278101960173623]","[0.500008405416228, 0.5000372518710591, 0.5000131589811064, 0.4999411786401424]","[458.16706683397376, 10.078595671819194, 5.81835874910827]",5.250000000000088,100.0,0.0,"[50.0, 109.75322216846929, 109.75322216846928]",47
704,3831792919,settled,Dl4a_0002,unmatched,,"[0.4401407278908014, -0.15233626782494392, 0.5535394359146462, -0.6904084979519137]","[0.682929026611031, -0.1834058536066265, 0.6828850363900401, -0.18340737321467798]","[458.63896749289654, 9.908963204123545, 5.8262306564006]",5.0900000000000345,100.0,0.0,"[50.0, 104.42813731263749, 104.4281373126375]",28
705,2949590194,settled,Dl4a_0011,unmatched,,"[0.017602188927888177, 0.8092823677871741, -0.24878508131529067, 0.5318441458253315]","[-1.1205682699771957e-05, 0.7071294253371888, 2.543703145141407e-05, 0.7070841357643991]","[458.38132611421054, 5.819161896568849, 9.92389728818067]",5.340000000000118,100.0,0.0,"[50.0, 96.91464681932273, 96.91464681932274]",30
706,1922957456,settled,Dl4a_0004,unmatched,,"[-0.17983493385574306, 0.16984593387623137, -0.8817110177146157, -0.40174299813620656]","[0.6125433177659151, 0.35319084790378646, -0.6125415236886435, -0.3533267476069775]","[458.71239256425815, 5.821436393814735, 9.909535972916137]",5.580000000000198,100.0,0.0,"[50.0, 111.67036871323909, 111.6703687132391]",33
707,2467004035,settled,Dl4a_0004,unmatched,,"[-0.8510412091524794, -0.15061605794523547, 0.48797472711500356, 0.12216517142934463]","[-0.6126026373524619, -0.353246539172693, 0.6124954506796633, 0.3532480915278092]","[458.8689734776115, 5.82603883293834, 9.917933509054754]",5.170000000000061,100.0,0.0,"[50.0, 99.14259121671192, 99.14259121671193]",30
708,3895465590,settled,Dl4a_0021,unmatched,,"[-0.008865959929603692, 0.08725246230030541, 0.920553074823044, -0.3806447674813083]","[-0.4997656952435828, 0.5002470967523743, 0.4998077478810671, -0.5001792750670252]","[458.6543686522407, 9.93466231312232, 5.809734210865361]",5.630000000000215,100.0,0.0,"[50.0, 113.78257335347259, 113.7825733534726]",37
709,3817935553,settled,Dl4a_0002,unmatched,,"[-0.9489519390650242, 0.22293354094083298, -0.12955939050887, 0.1816733827484993]","[-0.6829853006717609, 0.1830951975905052, -0.6829930757755981, 0.1831056692955911]","[458.9645829947228, 9.922468946635536, 5.824080425515828]",5.310000000000108,100.0,0.0,"[50.0, 113.17995613122095, 113.17995613122096]",23
710,2350393894,settled,Dl4a_0022,unmatched,,"[0.6082563107633402, 0.02796229408013884, 0.7339208530504554, 0.30100257803553526]","[0.50021848733697, 0.4998009018366632, 0.50026445690134, 0.4997159159070073]","[458.30412002898066, 10.06637208103565, 5.8046095533254]",5.070000000000028,100.0,0.0,"[50.0, 95.08387039999936, 95.08387039999937]",29
711,507274054,settled,Dl4a_0021,unmatched,,"[-0.5283622470933963, 0.487647568656346, 0.636099650849066, 0.28001860441704135]","[-0.4999367006933224, 0.5000096675404488, 0.5000479230066887, -0.5000057023301454]","[458.42410173113257, 9.915686791894368, 5.817663608443121]",5.230000000000081,100.0,0.0,"[50.0, 113.77218282836353, 113.77218282836354]",46
712,2418103130,settled,Dl4a_0002,unmatched,,"[0.5388957797689139, 0.08448260675867462, 0.7139924401755003, -0.438940568955238]","[0.6829673819226814, -0.1831066442004111, 0.6830257394573053, -0.18303920705177879]","[458.93782785400504, 9.923251126674359, 5.821532512763335]",4.990000000000001,100.0,0.0,"[50.0, 103.45046793624995, 103.45046793624996]",31
713,3567153921,settled,Dl4a_0021,unmatched,,"[0.1988727524070747, -0.4381407272501607, -0.2546711136222361, 0.8388235543671534]","[0.5000239090489709, -0.500012339040108, -0.49990331009931, 0.5000604280872261]","[458.22213972777934, 9.912500960586005, 5.816769380795639]",5.230000000000081,100.0,0.0,"[50.0, 103.9284659448484, 103.92846594484841]",34
714,4274748223,settled,Dl4a_0002,unmatched,,"[0.9013150862583911, -0.41985594111574515, -0.10060076260099281, -0.0350940245189892]","[0.6829227185264999, -0.18343900961269305, 0.6828784224878818, -0.18342232790244337]","[458.58961973976506, 9.910405798319285, 5.824606505033771]",5.690000000000235,100.0,0.0,"[50.0, 113.8109324848886, 113.81093248488861]",23
715,1338308663,settled,Dl4a_0021,unmatched,,"[-0.2512912006807127, 0.11445045012758237, 0.3013030382493696, -0.9126720692930941]","[-0.5001232768871929, 0.49990432784693145, 0.5001125458338371, -0.49985979275705117]","[458.3803015256782, 9.922636725759977, 5.813154579057939]",5.270000000000095,100.0,0.0,"[50.0, 110.43952261669081, 110.43952261669082]",29
716,1277006266,settled,Dl4a_0004,unmatched,,"[0.32865400942607437, 0.5957578798403752, -0.6876782647442755, -0.25329369296247584]","[0.6125170225587802, 0.3533833956736881, -0.6124413824994994, -0.3533534006344958]","[458.53923288483, 5.826756902648049, 9.905775473933232]",5.1500000000000545,100.0,0.0,"[50.0, 105.2028336278951, 105.20283362789509]",32
717,3440375285,settled,Dl4a_0002,unmatched,,"[0.8875611663635753, 0.23820790771944308, 0.3862538725813326, 0.07937326110963647]","[0.6827821077520035, -0.1836655407149638, 0.682870843055601, -0.18374703859421593]","[458.373482048901, 9.912324960099475, 5.831139993596678]",5.360000000000125,100.0,0.0,"[50.0, 108.54369401539311, 108.54369401539313]",30
718,2778763133,settled,Dl4a_0004,unmatched,,"[0.8756319323738309, 0.23263808462416577, -0.40106778977893365, 0.13525113157201868]","[0.6127439838235001, 0.3529737289363049, -0.6126614407950175, -0.35298769940591374]","[458.37942499733447, 5.831630420865484, 9.902553027817312]",5.110000000000041,100.0,0.0,"[50.0, 106.12962195271383, 106.12962195271385]",31
719,763136023,settled,Dl4a_0004,unmatched,,"[0.25131930339948066, -0.2951017507363295, 0.6878492538765465, 0.6136912647191838]","[-0.6124549316826362, -0.3534429164490165, 0.6125060542190417, 0.35328939272875365]","[458.4598917239751, 5.827104399335142, 9.914652236689308]",5.570000000000195,100.0,0.0,"[50.0, 107.72709200953076, 107.72709200953078]",26
720,3763933021,settled,Dl4a_0013,unmatched,,"[-0.04623430397558888, -0.06701270344375135, 0.7888818316337297, 0.6091281822664787]","[-7.088826229806333e-05, 3.7383872181384614e-05, 0.8660943806162855, 0.49988050316269916]","[458.87215195574885, 5.814551016137891, 40.20864245224767]",4.990000000000001,100.0,0.0,"[50.0, 114.25413283969203, 114.25413283969205]",32
721,3455780355,settled,Dl4a_0002,unmatched,,"[-0.8840207684311262, -0.0872379833482472, -0.3272251922323647, 0.32221186944658625]","[-0.682975979386673, 0.18312547176524574, -0.6829703305346172, 0.1831949802287355]","[458.19584140508397, 9.921611870578632, 5.810525983922805]",5.350000000000121,100.0,0.0,"[50.0, 106.84935163539284, 106.84935163539285]",38
722,1499718306,settled,Dl4a_0011,unmatched,,"[0.3612539443898203, 0.6684707255139583, -0.19887294746240802, 0.6189442846987546]","[0.00018440351473095198, 0.7071967027680147, 3.856871592861078e-05, 0.70701682306848]","[458.82358803812815, 5.813074735678934, 9.903388105733109]",5.350000000000121,100.0,0.0,"[50.0, 107.3078011397257, 107.30780113972571]",31
723,79361427,settled,Dl4a_0024,unmatched,,"[0.7460182460433417, 0.4331332622393408, -0.16442246222556398, 0.47834883466776185]","[0.6121387399474402, 0.35412074977116065, 0.6120502213992902, 0.3539479963527851]","[458.2470467199914, 5.837106351472155, 10.062077636628027]",5.610000000000208,100.0,0.0,"[50.0, 110.72977296382687, 110.72977296382689]",34
724,849183527,settled,Dl4a_0002,unmatched,,"[-0.597965345494862, 0.4341566937715529, -0.3987457477691585, 0.5430904523894513]","[-0.6829803544692088, 0.1831436643407328, -0.6829941014422071, 0.18307181928444177]","[458.6194933579308, 9.918256127335589, 5.823168619526246]",5.070000000000028,100.0,0.0,"[50.0, 94.1629637003515, 94.16296370035151]",38
725,833658135,settled,Dl4a_0009,unmatched,,"[-0.22322301575031606, -0.6254522972279739, -0.046491102783879086, 0.7462033814540932]","[-0.18249431217681678, -0.6832678068340716, 0.1824763021008685, 0.6830397714180785]","[458.55749494356104, 10.06940576593307, 5.816885625004213]",5.100000000000038,100.0,0.0,"[50.0, 95.77279050308667, 95.77279050308668]",47
726,2766943526,settled,Dl4a_0004,unmatched,,"[-0.5008796812345071, -0.2940481208795292, 0.7384220044987085, 0.3426196007319862]","[-0.6123540233256819, -0.3536106161585554, 0.6122513106178423, 0.35373777703766895]","[458.4073625887066, 5.819717431154706, 9.923768207497034]",5.160000000000058,100.0,0.0,"[50.0, 94.69390563633547, 94.69390563633547]",40
727,2503276600,settled,Dl4a_0004,unmatched,,"[-0.12838043991948922, -0.15768557088960727, 0.9650166796619405, 0.16551897581105576]","[-0.6124758880510885, -0.35329309900107275, 0.6125588226887178, 0.35331142282759664]","[458.31774085686544, 5.829915294006296, 9.917236896050005]",5.410000000000141,100.0,0.0,"[50.0, 113.5718142788841, 113.57181427888412]",34
728,274262062,settled,Dl4a_0022,unmatched,,"[-0.2888088733633255, 0.9067311338231195, 0.2402429853663154, 0.19160217536533122]","[0.49983900668627884, 0.5001731273402356, 0.4998984728933659, 0.5000893189025771]","[458.60902320792155, 10.075432290130893, 5.81475091848848]",5.050000000000021,100.0,0.0,"[50.0, 111.70044177742311, 111.70044177742312]",26
729,3693717378,settled,Dl4a_0002,unmatched,,"[-0.4080947709038988, -0.4131066308879288, -0.5424541860804435, 0.6070790932663737]","[-0.6829146602903018, 0.18313433179564045, -0.6829977475942759, 0.18331246564129788]","[458.5573164825624, 9.917791981163328, 5.817840296865251]",4.839999999999951,100.0,0.0,"[50.0, 114.30351016273625, 114.30351016273626]",33
730,244256465,settled,Dl4a_0009,unmatched,,"[-0.41965871946026745, 0.6803774779211695, 0.017196036946970892, -0.6005641872705326]","[0.183121018626766, 0.6830202234230566, -0.18301174984309526, -0.6829764024851678]","[458.506988758179, 10.071219848880814, 5.8120582953123705]",5.000000000000004,100.0,0.0,"[50.0, 101.47231037759997, 101.47231037759998]",32
731,476182520,settled,Dl4a_0010,unmatched,,"[0.1036601992641189, -0.6668421953979564, -0.4595244020197611, 0.5774195818239437]","[-0.00010884398066923762, -0.707271263211606, 5.061070329098749e-05, 0.7069422507012888]","[458.48339819270774, 5.817105225827625, 10.062708627110094]",5.220000000000078,100.0,0.0,"[50.0, 102.41482164934811, 102.41482164934813]",32
732,299505894,settled,Dl4a_0010,unmatched,,"[0.579202363364909, 0.6811474595430645, 0.10658459271012398, -0.43497412018113246]","[2.4818955047550828e-05, 0.707075158064981, 1.3925109577345163e-05, -0.7071384023212803]","[458.467488759019, 5.8120298106172585, 10.063329233356027]",5.080000000000031,100.0,0.0,"[50.0, 107.60995212178013, 107.60995212178013]",54
733,927647419,settled,Dl4a_0021,unmatched,,"[0.00617218359995602, 0.30738817925260187, -0.906291643473959, 0.29001701393995705]","[0.4998775941938226, -0.5001715833000273, -0.4999045262529936, 0.5000462405757189]","[458.8344786220448, 9.922472317864838, 5.815334215198359]",5.850000000000288,100.0,0.0,"[50.0, 111.67359218452248, 111.67359218452249]",28
734,2054887602,settled,Dl4a_0021,unmatched,,"[0.3733597105779809, 0.05758875730829268, -0.4407491559025929, 0.8142642342139097]","[0.4999807835695336, -0.5000676957165152, -0.4999365925607063, 0.5000149189581852]","[458.4111321061687, 9.924128668565263, 5.816848973646068]",5.400000000000138,100.0,0.0,"[50.0, 108.88350240025368, 108.88350240025368]",31
735,2921836587,settled,Dl4a_0021,unmatched,,"[0.2754056786538453, -0.9404034533507056, -0.09401578724089038, 0.1759377413767654]","[0.49990832095403137, -0.5001040678790643, -0.49988025946019543, 0.5001073066190308]","[458.8195530966436, 9.925423879140855, 5.811346643310566]",4.849999999999954,100.0,0.0,"[50.0, 113.737443307752, 113.73744330775202]",37
736,4082104990,settled,Dl4a_0024,unmatched,,"[-0.365030319869446, -0.1893794515799419, -0.17774880524233333, -0.8940322427799869]","[-0.6124123233191542, -0.35333754348457797, -0.6124890338488219, -0.3534981046993838]","[458.7856926086785, 5.820343239406729, 10.06848898349345]",5.1500000000000545,100.0,0.0,"[50.0, 105.58336063369828, 105.58336063369829]",31
737,2103653974,settled,Dl4a_0001,unmatched,,"[0.935028749816513, 0.3245948714742076, 0.13098927296552268, -0.056579296541891304]","[0.8659846677940211, -0.5000700515153648, 0.0005667977038717463, -0.0004212641239188518]","[458.7258165352815, 7.181432206793823, 39.78557883510194]",4.949999999999988,100.0,0.0,"[50.0, 113.5964225397093, 113.59642253970931]",33
738,4054721125,settled,Dl4a_0002,unmatched,,"[0.3314452681763487, -0.23353500978133768, 0.6073874692324064, -0.6831441250785895]","[0.6829120655106236, -0.18343845030534242, 0.6828404569488231, -0.18360380193098044]","[458.9040597137799, 9.913055806136782, 5.828663648122791]",4.949999999999988,100.0,0.0,"[50.0, 108.17991136926025, 108.17991136926027]",36
739,548968393,settled,Dl4a_0002,unmatched,,"[0.1739833845668215, -0.4541327469372948, 0.8058144553671144, -0.33787023185723425]","[0.6830620157823755, -0.18299787244153112, 0.6829562483644439, -0.18305415618650953]","[458.89714610357254, 9.929144510833336, 5.816748298927531]",4.909999999999974,100.0,0.0,"[50.0, 103.67082404426907, 103.67082404426907]",22
740,1564990497,settled,Dl4a_0011,unmatched,,"[0.11176623498886057, 0.43491256596679395, -0.5962539075390001, 0.6654627310564188]","[-0.0002640742700507348, 0.707134916716584, -0.0001900154203458293, 0.7070785696930363]","[458.3612962944626, 5.820862905142504, 9.913812684452596]",5.100000000000038,100.0,0.0,"[50.0, 107.71078788951199, 107.710787889512]",45
741,666536387,settled,Dl4a_0004,unmatched,,"[0.8328379747296384, 0.5225458757364239, -0.11627756712454848, -0.1407346545193621]","[0.6125490615238852, 0.353321043341266, -0.6124875703875665, -0.35328014900243476]","[458.17267367424057, 5.828719743047454, 9.917327934571878]",4.849999999999954,100.0,0.0,"[50.0, 113.9375670318787, 113.93756703187871]",27
742,2535867986,settled,Dl4a_0009,unmatched,,"[0.055606694092448415, 0.02990174770564514, 0.11232118714017658, 0.9916641225615043]","[-0.182697847117475, -0.683078740094956, 0.18281332776813036, 0.6830843422881758]","[458.9345971920998, 10.073081838717098, 5.822826778965723]",5.520000000000178,100.0,0.0,"[50.0, 113.74711911374915, 113.74711911374916]",25
743,4190058861,settled,Dl4a_0009,unmatched,,"[0.6389330524725584, 0.6994797245503248, 0.04674223784673845, -0.3167141180973458]","[0.18277073840030578, 0.6831266594519965, -0.18268552060166302, -0.6830511144073059]","[458.4735897628069, 10.069558870017797, 5.813754544700705]",4.869999999999961,100.0,0.0,"[50.0, 108.2846545470307, 108.28465454703071]",34
744,4145498066,settled,Dl4a_0002,unmatched,,"[0.5331427153280388, -0.13489619692221552, 0.6897760063632064, -0.4709256015489013]","[0.683035422149407, -0.18309588918156036, 0.6829374698104547, -0.18312542090842943]","[458.79562798771025, 9.91702780799764, 5.818925211847751]",5.040000000000018,100.0,0.0,"[50.0, 96.56258114684785, 96.56258114684783]",27
745,439097313,settled,Dl4a_0011,unmatched,,"[-0.31229783943541295, -0.9478655253499281, -0.04306678203388648, -0.04654307276409306]","[0.0003196885782491832, -0.7070285934415858, 0.0003715165868787007, -0.7071847904406963]","[458.47538514960087, 5.830093732276368, 9.913759957260176]",5.730000000000248,100.0,0.0,"[50.0, 113.43166069319936, 113.43166069319938]",41
746,848878887,settled,Dl4a_0002,unmatched,,"[-0.7330445846747963, 0.6200137340102204, -0.2603398618609048, -0.10223386348908145]","[-0.6829157049968488, 0.18293835588125204, -0.6831660340765591, 0.18287664613128435]","[458.83910518922994, 9.915901248422438, 5.811772874620885]",5.510000000000175,100.0,0.0,"[50.0, 110.39113120392086, 110.39113120392088]",43
747,3282409243,settled,Dl4a_0010,unmatched,,"[-0.36484502967256854, -0.38112029136195696, -0.4876938161083083, 0.695550263866757]","[-0.0001374872513675851, -0.7069535441903871, 0.00034422073790765784, 0.7072598878531072]","[458.7133982981203, 5.815520922475774, 10.05645946594391]",5.450000000000155,100.0,0.0,"[50.0, 113.54203298531503, 113.54203298531503]",40
748,1021812353,settled,Dl4a_0011,unmatched,,"[-0.02751463814164228, 0.23808994494372776, -0.5888537692642116, 0.7718855881722095]","[-0.00047267399843262115, 0.7070993405225802, -0.0003531875548585528, 0.707113975586945]","[458.6148108459137, 5.824147849662365, 9.913667534204537]",4.949999999999988,100.0,0.0,"[50.0, 111.99086975137364, 111.99086975137365]",33
749,3025522320,settled,Dl4a_0011,unmatched,,"[-0.006779130001992734, 0.8094588839319384, 0.39735742244128586, 0.432246963495285]","[0.00015359836325792853, 0.707060075480707, 0.00016170281312183343, 0.7071534486382429]","[458.32287097341543, 5.815415649628302, 9.906146328791197]",5.260000000000091,100.0,0.0,"[50.0, 106.14510645012355, 106.14510645012356]",38
750,2691185665,settled,Dl4a_0011,unmatched,,"[-0.347779535447512, -0.7595016959896297, 0.11884014838012455, -0.5367341871408777]","[0.00026052441748081195, -0.7071047092935959, 0.00013566835272774139, -0.7071087920652276]","[458.61051248295394, 5.819635280248855, 9.913257685169697]",5.230000000000081,100.0,0.0,"[50.0, 103.0312784106696, 103.03127841066961]",35
751,1229380122,settled,Dl4a_0011,unmatched,,"[0.48619715748621767, -0.6641977522402341, 0.06255628408896385, -0.564393817553243]","[-0.0004510685652360514, -0.7070027407392973, -0.0002358687003212734, -0.7072106231457697]","[458.17130247080775, 5.8159742152527345, 9.913977012951444]",5.240000000000085,100.0,0.0,"[50.0, 101.56940114320444, 101.56940114320446]",17
752,2395213454,settled,Dl4a_0002,unmatched,,"[-0.44933477067353494, 0.12225715102068627, -0.8501988666400425, -0.24558774409985212]","[-0.683021495968133, 0.18311774893740862, -0.6829833703064604, 0.1829842669586063]","[458.3355584887119, 9.910368190307656, 5.8165501600328104]",5.110000000000041,100.0,0.0,"[50.0, 103.86148008973859, 103.8614800897386]",30
753,3006291426,settled,Dl4a_0021,unmatched,,"[-0.8032647886071603, -0.10041121216468736, 0.5539172969708682, -0.1945736260956228]","[-0.5001402782460865, 0.4997838484954708, 0.5003124629499062, -0.49976319019709925]","[458.3899897850784, 9.9199044061179, 5.82141221622676]",5.020000000000011,100.0,0.0,"[50.0, 99.96965866723245, 99.96965866723247]",35
754,2038363769,settled,Dl4a_0024,unmatched,,"[-0.5612002152789947, 0.020352301138744127, -0.7190324086645994, -0.409429478053489]","[-0.6123687610837963, -0.35358444934043026, -0.61235858590022, -0.3535526833551176]","[458.8909268278565, 5.81897967562069, 10.070764623127276]",5.1500000000000545,100.0,0.0,"[50.0, 99.83976909028338, 99.8397690902834]",31
755,3549726088,settled,Dl4a_0004,unmatched,,"[0.3251935600628316, -0.17496902770656705, 0.7483285312602824, 0.5510348420371516]","[-0.612484245547279, -0.35338209039597945, 0.6124567699802902, 0.3533848497729609]","[458.3031956483477, 5.824000637228574, 9.913047007231542]",5.660000000000225,100.0,0.0,"[50.0, 109.36445538851791, 109.36445538851791]",38
756,1415504078,settled,Dl4a_0011,unmatched,,"[0.026030222451953543, 0.644775665048881, -0.1990092891583883, 0.7375514030279845]","[4.4747961891272725e-05, 0.7070935886957126, 0.00014098215774163703, 0.7071199579612145]","[458.9366100829616, 5.806464356530624, 9.922441921929835]",5.230000000000081,100.0,0.0,"[50.0, 92.37845144479583, 92.37845144479584]",32
757,1167033059,settled,Dl4a_0004,unmatched,,"[-0.14038596652816046, 0.22510227837965416, 0.9577570236566346, -0.11100553277484694]","[-0.6124060606352638, -0.3534613653753456, 0.6125016496353827, 0.3533632823004241]","[458.6017809760001, 5.81840122327551, 9.913331612586733]",5.520000000000178,100.0,0.0,"[50.0, 112.12475414572246, 112.12475414572246]",33
758,57751237,settled,Dl4a_0004,unmatched,,"[-0.24977854227901278, 0.18879418204542422, 0.9462315214486297, 0.08132247204667463]","[-0.6126076298011975, -0.35303561034397163, 0.612652166691043, 0.3531785276417422]","[458.2267287995985, 5.827995306334994, 9.909979809765723]",5.500000000000171,100.0,0.0,"[50.0, 111.87601444082972, 111.87601444082972]",29
759,1367057463,settled,Dl4a_0011,unmatched,,"[-0.2682954155863644, 0.4446128882782166, -0.4818836406653182, 0.7057797860603408]","[-0.0006106171988820853, 0.7070953524134703, -0.0006609006586807965, 0.7071176372798419]","[458.9093765194115, 5.834765088885755, 9.899728258037477]",5.1500000000000545,100.0,0.0,"[50.0, 100.49209565274302, 100.49209565274303]",29
760,3460723404,settled,Dl4a_0021,unmatched,,"[0.7525328538070888, 0.08332020185243715, -0.2968881536312691, 0.5819016000473309]","[0.5000477741667034, -0.499971974891498, -0.5001963908733131, 0.4997837716766448]","[458.87351024870236, 9.918084250016186, 5.819776820286589]",4.889999999999968,100.0,0.0,"[50.0, 113.06193542013786, 113.06193542013784]",21
761,490291057,settled,Dl4a_0002,unmatched,,"[0.6050671852203282, -0.723040663150318, -0.30768659951572824, -0.12819850732027002]","[0.6829087625994893, -0.1833703692495797, 0.6829339891638578, -0.18333601962202364]","[458.5963296658154, 9.909544056865599, 5.808169124601354]",5.6200000000002115,100.0,0.0,"[50.0, 110.8779882338567, 110.87798823385668]",32
762,2736550147,settled,Dl4a_0009,unmatched,,"[-0.12290483584257283, 0.9147122688500888, 0.06678560268850425, -0.37912471538422043]","[0.18271519157195132, 0.6831388348776173, -0.1826215262984826, -0.6830709108015722]","[458.95739983039374, 10.071479119225712, 5.820039314554528]",4.949999999999988,100.0,0.0,"[50.0, 108.78256277611654, 108.78256277611655]",30
763,3645682007,settled,Dl4a_0011,unmatched,,"[0.08237622614656674, 0.7623107531555448, 0.47199339798971696, 0.43510769384532433]","[-0.0004793155938821737, 0.7070912514527784, -0.0003828922359185306, 0.7071220444654803]","[458.4409815134783, 5.834017178296071, 9.91786807468697]",5.170000000000061,100.0,0.0,"[50.0, 107.31605554365457, 107.31605554365457]",35
764,4011650803,settled,Dl4a_0009,unmatched,,"[-0.11238713257916548, 0.5943727968817791, -0.13889353961568968, -0.7840909994449555]","[0.18264336672522555, 0.6831173443101415, -0.18264197924818174, -0.6831061424919566]","[458.7266295091271, 10.077492027768768, 5.812300009517869]",5.050000000000021,100.0,0.0,"[50.0, 93.26639666837539, 93.2663966683754]",39
765,4175174794,settled,Dl4a_0007,unmatched,,"[0.6283567845402819, -0.3838002345637537, -0.49353374713503045, -0.46291421636180186]","[0.6124621074617835, -0.35345737818711875, -0.35327835589546264, -0.6124968995712203]","[458.34887376517554, 40.219134536752414, 7.184619754130352]",5.0600000000000245,100.0,0.0,"[50.0, 114.51979003624356, 114.51979003624358]",19
766,1362896629,settled,Dl4a_0010,unmatched,,"[-0.1369099586496964, 0.8359536484781134, -0.4124440525900376, -0.3351523001588615]","[0.00014457057738195833, 0.7070841284171177, -0.00016579745924269473, -0.7071293990148874]","[458.31531074922754, 5.817226659720158, 10.076720430831655]",4.919999999999978,100.0,0.0,"[50.0, 107.89841927169707, 107.89841927169708]",35
767,1392627679,settled,Dl4a_0002,unmatched,,"[-0.5442430083840383, -0.06998565228722617, -0.49363300479666244, 0.674705871379849]","[-0.6830618146815556, 0.18310388204398528, -0.6829051731401957, 0.18313942831275254]","[458.1512604627068, 9.91355039426855, 5.818774823136755]",4.919999999999978,100.0,0.0,"[50.0, 110.41108866184274, 110.41108866184275]",36
768,2030435075,settled,Dl4a_0002,unmatched,,"[-0.15391770369278407, 0.2984445877709614, -0.9416051474307936, 0.02489808932417896]","[-0.6829601299823396, 0.18303935317906833, -0.6830476313144618, 0.18305187624822986]","[458.69435425014683, 9.917381114466993, 5.815252346980381]",4.849999999999954,100.0,0.0,"[50.0, 110.42808821414687, 110.42808821414688]",23
769,1969071229,settled,Dl4a_0011,unmatched,,"[-0.292157474405667, 0.7386316240005625, -0.37135322396325127, 0.480795296594396]","[-0.0005464815728611904, 0.7071428744656967, -0.0005050931441315519, 0.7070702944765804]","[458.8649821403989, 5.83396411939353, 9.907319739026308]",5.320000000000111,100.0,0.0,"[50.0, 94.4063927535116, 94.40639275351161]",33
770,3971321240,settled,Dl4a_0010,unmatched,,"[0.16134477163431363, -0.59713412711119, -0.14540785866209355, 0.7721756623623495]","[4.8804951419123555e-05, -0.7070965738256948, -6.536470719867293e-05, 0.7071169836947034]","[458.3385407965187, 5.813082071631276, 10.071932350006144]",5.200000000000071,100.0,0.0,"[50.0, 93.43200182911593, 93.43200182911595]",40
771,1847143231,settled,Dl4a_0002,unmatched,,"[0.37247343903267255, -0.17212231899601646, 0.8927953174030391, -0.1858869703390051]","[0.6830511486548199, -0.1828254711799224, 0.6830485555617076, -0.18292251407149326]","[458.45306253732946, 9.921545274441176, 5.812691381466647]",5.010000000000008,100.0,0.0,"[50.0, 104.55634703717021, 104.55634703717023]",37
772,4250210521,settled,Dl4a_0021,unmatched,,"[0.7179714736657065, -0.32018305942895253, -0.20166750117733687, 0.5842345337498447]","[0.4999677511625534, -0.4999642040127833, -0.5000741352362159, 0.49999390173388536]","[458.91625029753425, 9.92425896692043, 5.806343917897101]",5.0900000000000345,100.0,0.0,"[50.0, 107.26577938745476, 107.26577938745476]",36
773,1265008604,settled,Dl4a_0004,unmatched,,"[0.1588790074721968, 0.4462089044889321, -0.7306042503802944, 0.49180535160333994]","[0.6124442043562655, 0.3535024527273798, -0.6123872825595088, -0.35345428081369706]","[458.1633010418395, 5.810484011394038, 9.919840431033254]",5.490000000000168,100.0,0.0,"[50.0, 110.06125377582008, 110.06125377582009]",24
774,2561878822,settled,Dl4a_0021,unmatched,,"[-0.8844363438236836, 0.2271251635155647, 0.06609453688063316, -0.4022661134328336]","[-0.5000917826914337, 0.4997576172093513, 0.5002270116815792, -0.4999234638520706]","[458.69780175099913, 9.923547394322224, 5.814175518712005]",4.709999999999908,100.0,0.0,"[50.0, 106.41797426414531, 106.41797426414533]",24
775,2593056862,settled,Dl4a_0021,unmatched,,"[-0.6440080616705269, 0.6801245432667002, 0.34981776085047156, 0.017656623210441386]","[-0.5001055108636547, 0.4999087458394986, 0.5001100034902158, -0.4998756927937174]","[458.6404388962924, 9.918768773339952, 5.812445618161562]",5.110000000000041,100.0,0.0,"[50.0, 110.08162639789268, 110.08162639789269]",37
776,2876057514,settled,Dl4a_0004,unmatched,,"[0.5828207064822837, 0.0588372724123627, -0.6350018125597128, -0.5036178089746675]","[0.612347371966606, 0.35365828848477926, -0.6123813525091144, -0.35347643504301035]","[458.2462454246083, 5.815909550987621, 9.92438372047019]",5.240000000000085,100.0,0.0,"[50.0, 98.9542569439484, 98.95425694394841]",36
777,3157771195,settled,Dl4a_0004,unmatched,,"[0.5983360677836528, 0.10378296890113489, -0.7104906983150071, -0.3555643583981888]","[0.6125876886043164, 0.3532675464262166, -0.6124933266081425, -0.35325669034416496]","[458.8166931788683, 5.8201309873298195, 9.906936139043994]",5.210000000000075,100.0,0.0,"[50.0, 92.28509632413271, 92.2850963241327]",39
778,2345037609,settled,Dl4a_0002,unmatched,,"[0.6604384413014063, 0.10747290077092331, 0.443880841915452, -0.596020502190723]","[0.6829652682656496, -0.18305083327331842, 0.6830252801210871, -0.18310461899221314]","[458.44059636467847, 9.920184285654628, 5.81686610905084]",5.1200000000000445,100.0,0.0,"[50.0, 111.23965147265702, 111.23965147265703]",29
779,184414698,settled,Dl4a_0011,unmatched,,"[-0.35632809196677084, -0.93177754920896, -0.06878720385769516, 0.00944511783434199]","[0.00025197762611425806, -0.7070840783413803, 0.00021759970293866443, -0.7071294049279566]","[458.42201662381746, 5.82065779869937, 9.916724627061846]",5.780000000000265,100.0,0.0,"[50.0, 113.49322319635878, 113.4932231963588]",34
780,1322610371,settled,Dl4a_0011,unmatched,,"[-0.3915866921210055, -0.4167497704200111, 0.43307521759641576, -0.6967247285064698]","[0.00014863734695785838, -0.7071862197370261, 0.00016530322610239237, -0.7070272987628111]","[458.86651933169617, 5.820836014698421, 9.916779753091705]",5.250000000000088,100.0,0.0,"[50.0, 113.38448565025858, 113.3844856502586]",34
781,2871559337,settled,Dl4a_0010,unmatched,,"[-0.0016060938878102355, -0.8499218234626733, 0.5204304719878642, 0.0823555601692851]","[-0.00016754111467320865, -0.7071385477238565, 4.32313957227648e-05, 0.7070749920510672]","[458.7519153818428, 5.81258507283846, 10.068330882412797]",4.779999999999931,100.0,0.0,"[50.0, 111.45639690282908, 111.4563969028291]",31
782,3834652190,settled,Dl4a_0002,unmatched,,"[-0.38796054467225627, -0.5034752546116924, -0.5498540153702292, 0.5419039080432375]","[-0.6830470140750702, 0.1832195013550123, -0.682862343476796, 0.1832386715399615]","[458.2895583470081, 9.927581355906446, 5.818975227231779]",4.769999999999928,100.0,0.0,"[50.0, 114.46863253242375, 114.46863253242377]",13
783,3919222154,settled,Dl4a_0009,unmatched,,"[-0.30245125319755284, -0.7544306213363382, -0.28171015049334985, 0.5098990764242572]","[-0.1828023463534078, -0.6830746318092433, 0.18274510463553612, 0.6830787482260756]","[458.32955369731894, 10.073828368110535, 5.806908578834211]",4.959999999999991,100.0,0.0,"[50.0, 107.73971247789389, 107.7397124778939]",30
784,2928265615,settled,Dl4a_0010,unmatched,,"[-0.16044831560608788, -0.841189383199689, 0.29634351733816594, 0.4228915692502515]","[-0.0009445186838182574, -0.7071483797680129, 0.0008155998669580334, 0.707064078901472]","[458.35887278644464, 5.840831250094224, 10.059543221131188]",5.010000000000008,100.0,0.0,"[50.0, 98.62237082851051, 98.62237082851053]",36
785,1004255327,settled,Dl4a_0024,unmatched,,"[-0.7918552891140278, -0.48308124432092175, -0.12326100465448263, 0.3527101320051027]","[-0.6121645383323158, -0.3538806486626491, -0.6122222494261225, -0.35384598601383643]","[458.63814546033836, 5.822174517096533, 10.068882816692305]",5.5600000000001915,100.0,0.0,"[50.0, 106.48677332855145, 106.48677332855145]",34
786,4151959314,settled,Dl4a_0011,unmatched,,"[0.32961659258017734, -0.44109631094848434, 0.13135878999472297, -0.8243371971800095]","[0.0006045652601388285, -0.7071143966416702, 0.000556635391638749, -0.7070986881051144]","[458.8516652010619, 5.829235506291025, 9.905290956427974]",5.110000000000041,100.0,0.0,"[50.0, 99.29055099565753, 99.29055099565751]",34
787,3643437407,settled,Dl4a_0004,unmatched,,"[-0.3679797931408954, 0.033329154626742165, 0.5756948008932865, 0.729421370345214]","[-0.6123592154487193, -0.3535565426546264, 0.6123661366904379, 0.35358404522258147]","[458.56532208221023, 5.820679228610383, 9.912166893863885]",5.490000000000168,100.0,0.0,"[50.0, 107.6403372576274, 107.6403372576274]",42
788,193074623,settled,Dl4a_0004,unmatched,,"[0.333473225592462, 0.8262963374305321, -0.44231445523318763, -0.10192101477916964]","[0.6124001895078508, 0.353444365030106, -0.6124128448770392, -0.35354433406409624]","[458.7926124028328, 5.8245716406965675, 9.915377374471706]",4.990000000000001,100.0,0.0,"[50.0, 107.79907844227566, 107.79907844227567]",40
789,1840744130,settled,Dl4a_0011,unmatched,,"[-0.003013295977485854, -0.9164638387372006, -0.385878694127883, -0.10574774585108596]","[-0.00014600108852014237, -0.7070433766730003, -5.008790508020944e-05, -0.7071701631698878]","[458.2224763175786, 5.8065456137412195, 9.917488160500618]",5.600000000000205,100.0,0.0,"[50.0, 106.08950198299421, 106.08950198299421]",28
790,929367818,settled,Dl4a_0011,unmatched,,"[0.07689805139311431, 0.6194549874432171, -0.12913616986127133, 0.7705102581129122]","[-0.0003656267584706552, 0.7071056817852608, -0.000355990290766911, 0.7071076964472865]","[458.26290769515055, 5.834857828916365, 9.908664981162639]",5.230000000000081,100.0,0.0,"[50.0, 91.01482738466812, 91.01482738466811]",42
791,911894422,settled,Dl4a_0003,unmatched,,"[-0.6982777647420497, -0.11412682446000724, 0.6869509496557707, 0.16577582445144326]","[-0.6823751454183081, -0.1851887726411146, 0.6824736083505265, 0.18520003592881104]","[458.6329338645225, 9.96468539891438, 7.217581416807003]",4.969999999999994,100.0,0.0,"[50.0, 86.3156897792016, 86.31568977920159]",31
792,2813630436,settled,Dl4a_0002,unmatched,,"[0.34525116620660357, 0.291654603545629, 0.2899276643120054, 0.8436119806701463]","[0.6830291259331791, -0.1832123923422393, 0.6829100223310641, -0.18313474225000637]","[458.27633768726037, 9.915248331842704, 5.813784257417352]",5.0600000000000245,100.0,0.0,"[50.0, 103.76444552403325, 103.76444552403326]",35
793,3258326862,settled,Dl4a_0004,unmatched,,"[0.15155241457782917, 0.463115550262533, -0.8698966348433236, 0.07639173665339816]","[0.6124100770167122, 0.3534038194918083, -0.6123768843266817, -0.35363001778600717]","[458.7388354713669, 5.806109808874445, 9.916098698462612]",5.540000000000185,100.0,0.0,"[50.0, 112.12526133188224, 112.12526133188226]",32
794,376402550,settled,Dl4a_0021,unmatched,,"[-0.26313053826577254, 0.4562496417490367, 0.7970160287942423, -0.29557407545469244]","[-0.5000262938121368, 0.5000055444522369, 0.5000010401530788, -0.49996711977825115]","[458.8305265458603, 9.912929814255902, 5.817842994036996]",5.400000000000138,100.0,0.0,"[50.0, 100.37975507385762, 100.37975507385764]",28
795,3842851706,settled,Dl4a_0004,unmatched,,"[-0.6306123024957917, 0.1538519811917822, 0.7587299060057031, 0.054649991371421895]","[-0.6125157588168, -0.3533220479415792, 0.6125230393813607, 0.35327539097206906]","[458.7226814340315, 5.813772475564206, 9.91208564379115]",5.250000000000088,100.0,0.0,"[50.0, 95.7512623669688, 95.75126236696882]",28
796,1816527500,settled,Dl4a_0022,unmatched,,"[-0.26996349254057417, -0.9012033727303118, -0.2599849606697233, -0.21762356007649683]","[-0.49994245215821037, -0.5001142712899751, -0.5000137520123713, -0.4999295030108182]","[458.3433346858501, 10.073853279579405, 5.818786327931459]",5.200000000000071,100.0,0.0,"[50.0, 109.2606258708231, 109.2606258708231]",27
797,2293293225,settled,Dl4a_0011,unmatched,,"[-0.3936519694424518, 0.8116179663979275, -0.13515402938440954, 0.4099363266597991]","[9.529528906238038e-05, 0.7070477026750499, 0.00010217959079308891, 0.7071658409595825]","[458.17808164371786, 5.815546489095887, 9.91363665307364]",5.320000000000111,100.0,0.0,"[50.0, 104.29982725671555, 104.29982725671556]",37
798,349554575,settled,Dl4a_0004,unmatched,,"[0.04319524511180846, 0.011599100461029443, -0.6856641279883682, -0.726542727758097]","[0.6121866024456865, 0.35367992750961585, -0.6123324582697199, -0.35381779663007584]","[458.726093733626, 5.819032983950228, 9.91924817557758]",5.6800000000002315,100.0,0.0,"[50.0, 113.6632811399244, 113.66328113992441]",33
799,1393430897,settled,Dl4a_0002,unmatched,,"[0.40293627404439963, 0.406187963639368, 0.6478008582825009, -0.5029987527441547]","[0.6828941141576308, -0.1834916580927826, 0.6828990098135587, -0.183399516506689]","[458.38740641521645, 9.918972031097685, 5.823976128312926]",4.779999999999931,100.0,0.0,"[50.0, 112.4368691020281, 112.43686910202811]",23
800,2235878669,settled,Dl4a_0002,unmatched,,"[0.24249144715551083, -0.6473370825137739, 0.7223079800681069, -0.02058595610878343]","[0.6829902500745534, -0.18299932173040556, 0.6829995679610558, -0.18315882920111146]","[458.8023889396489, 9.924640173591898, 5.807798900988263]",5.170000000000061,100.0,0.0,"[50.0, 112.44321182752999, 112.44321182752999]",21
801,3616341429,settled,Dl4a_0011,unmatched,,"[-0.016108622453450877, 0.5241575278336051, -0.5047182381256154, 0.6857542551099413]","[-0.0002816448474059486, 0.7071390965918504, -0.00031036021005370623, 0.7070743400972643]","[458.15970429868645, 5.822206446140337, 9.920919987948624]",5.140000000000051,100.0,0.0,"[50.0, 102.7711728200646, 102.77117282006462]",32
802,2901890060,settled,Dl4a_0004,unmatched,,"[-0.5153234759328452, -0.7348465806857323, 0.43106836411443006, 0.09285625162953134]","[-0.6126808274231664, -0.35319148292470565, 0.6125218772070797, 0.3531216929618268]","[458.4022085628677, 5.82990773294348, 9.9088982900005]",5.110000000000041,100.0,0.0,"[50.0, 105.39051182003219, 105.3905118200322]",32
803,903317644,settled,Dl4a_0010,unmatched,,"[0.3806152325204924, 0.3549790843641196, -0.42221367482912736, -0.7421977547962988]","[0.0002576992318602534, 0.7071154289060848, -0.0002570838982815516, -0.7070980396677247]","[458.5125697155907, 5.820637344087734, 10.073274346235587]",5.330000000000115,100.0,0.0,"[50.0, 101.10007666896445, 101.10007666896445]",49
804,261748224,settled,Dl4a_0018,unmatched,,"[0.6073531994118689, -0.481676980220278, 0.5182685683491363, 0.36125762130559586]","[0.35354314566642225, -0.6123888611039476, 0.612231455252194, 0.35377927037615114]","[458.31425146693925, 39.77838591630649, 5.815804856529012]",4.939999999999984,100.0,0.0,"[50.0, 113.18256162607308, 113.1825616260731]",17
805,3757485644,settled,Dl4a_0002,unmatched,,"[-0.46408639041706307, 0.12400900187034086, -0.7767306422281417, 0.40735132147648895]","[-0.6829400541676491, 0.1832182408141309, -0.6829699808890888, 0.183237452096512]","[458.9599744948741, 9.920533393512729, 5.814168575761103]",5.100000000000038,100.0,0.0,"[50.0, 100.97693085417382, 100.97693085417383]",32
806,2459300321,settled,Dl4a_0004,unmatched,,"[-0.3023952662426782, 0.3237351264050331, -0.8489692368047562, -0.28810398443042556]","[0.6125914138684732, 0.3533623108634777, -0.6124781021965798, -0.35318183878212667]","[458.62731223082613, 5.818977327148868, 9.910700864373272]",5.670000000000228,100.0,0.0,"[50.0, 108.7189703513292, 108.7189703513292]",33
807,900242666,settled,Dl4a_0009,unmatched,,"[0.9362436743944617, 0.1817165933924474, -0.08337124411561313, -0.288922303564152]","[0.18292664624836935, 0.6830590501234205, -0.18292647433122167, -0.683012504369842]","[458.3620522671092, 10.075654011932826, 5.8179521153773]",5.0900000000000345,100.0,0.0,"[50.0, 111.87066886112156, 111.87066886112156]",39
808,328348858,settled,Dl4a_0004,unmatched,,"[-0.6190823838403996, -0.43170850451213133, 0.6501504533297416, 0.08757372428713266]","[-0.6122902846245754, -0.35365806601975425, 0.6123199878876997, 0.3536817950174015]","[458.8715740464259, 5.818994124486401, 9.913977887054806]",5.1800000000000646,100.0,0.0,"[50.0, 97.82001664369467, 97.82001664369467]",25
809,1553474154,settled,Dl4a_0011,unmatched,,"[0.10359371276990213, -0.7893752306748082, -0.4829995942980539, -0.36450854555079465]","[0.0004197826192978706, -0.7071327033798769, 0.000410656956768868, -0.7070806141834773]","[458.335968278261, 5.828531286569296, 9.92007268081183]",5.470000000000161,100.0,0.0,"[50.0, 111.28906091353143, 111.28906091353142]",45
810,1442494840,settled,Dl4a_0004,unmatched,,"[0.31201293868009317, 0.50003338073906, -0.7536486285584268, -0.29090941702681444]","[0.6123586958628898, 0.35343914579199515, -0.6124749814418019, -0.3535137832260434]","[458.3983259470515, 5.820602217667786, 9.920863848714056]",5.190000000000068,100.0,0.0,"[50.0, 101.11503172183707, 101.11503172183708]",42
811,3990831217,settled,Dl4a_0002,unmatched,,"[0.2733426921134199, -0.7015874727139076, 0.6366695552613991, -0.16646521619350974]","[0.6829444369660915, -0.18317564838036304, 0.6830134622965894, -0.18310157885481856]","[458.20744905606307, 9.913293929814028, 5.813353805800818]",5.240000000000085,100.0,0.0,"[50.0, 110.77636592680817, 110.77636592680818]",38
812,2431699989,settled,Dl4a_0015,unmatched,,"[0.17344721513629868, 0.1827432617709468, 0.5962854258550948, -0.7622103743400414]","[7.732821033329396e-05, 0.0003819028691724206, 5.940272888446278e-05, -0.9999999223209282]","[458.18158949152803, 5.817693173529231, 40.21895668955162]",5.210000000000075,100.0,0.0,"[50.0, 112.4383769685005, 112.43837696850052]",34
813,1926362747,settled,Dl4a_0021,unmatched,,"[0.8047503699102742, -0.5172269162450497, -0.11253861894396196, 0.26867865283103326]","[0.5000478861650351, -0.4998781528415973, -0.5001811736704938, 0.4998927258514173]","[458.7350319810496, 9.917229931952564, 5.818811346234935]",4.929999999999981,100.0,0.0,"[50.0, 109.91517623205392, 109.91517623205394]",31
814,2263480944,settled,Dl4a_0011,unmatched,,"[-0.026306953825207702, -0.8321721463338888, 0.5135298938644082, -0.2075680879954735]","[0.00018786549140162312, -0.7071358656272491, 0.00011064921359837943, -0.7070776619346066]","[458.8662854242165, 5.821089209707197, 9.916081477699846]",5.350000000000121,100.0,0.0,"[50.0, 111.57411766082183, 111.57411766082184]",36
815,2732533349,settled,Dl4a_0024,unmatched,,"[0.9574942959753904, 0.11604176436625958, -0.09067729522294143, 0.2480254225445619]","[0.61229744047073, 0.35350944994147254, 0.612466217131034, 0.3535647692690433]","[458.17115624946683, 5.821838752194714, 10.060372647661437]",5.690000000000235,100.0,0.0,"[50.0, 111.8844847074455, 111.88448470744551]",41
816,789762371,settled,Dl4a_0004,unmatched,,"[0.4310996061007461, 0.2904541347288934, -0.6141148610307922, -0.5938454872269402]","[0.6122898080195551, 0.35335901561609384, -0.6125731952456993, -0.35354303492598477]","[458.2275898841402, 5.823020849191425, 9.905684969716187]",5.200000000000071,100.0,0.0,"[50.0, 101.17009064096597, 101.17009064096595]",24
817,857415767,settled,Dl4a_0011,unmatched,,"[0.4929514726326843, -0.5214882517666204, 0.27904449074365084, -0.6381089413918899]","[3.898484757217102e-05, -0.7071236179266133, 2.23022436885989e-05, -0.7070899426191612]","[458.84659184436475, 5.826276203163816, 9.901776573894692]",5.230000000000081,100.0,0.0,"[50.0, 97.02548759033988, 97.02548759033989]",35
818,1814279234,settled,Dl4a_0021,unmatched,,"[0.06752254297908439, 0.2422686337739487, 0.9010294106317556, -0.3534014946990646]","[-0.5001291306216425, 0.4999724064831961, 0.4999641177529787, -0.4999343221049415]","[458.7932584436459, 9.929530133801054, 5.816029182026612]",5.610000000000208,100.0,0.0,"[50.0, 113.04931371994412, 113.04931371994412]",42
819,790041088,settled,Dl4a_0021,unmatched,,"[0.7935730239832247, -0.23344936952655115, -0.5048092129096586, 0.24680134933850478]","[0.49987134586993176, -0.5001215675652982, -0.4998796870726817, 0.5001273374714983]","[458.6554484274339, 9.92623198328995, 5.818823825142642]",5.040000000000018,100.0,0.0,"[50.0, 97.83040961132748, 97.8304096113275]",29
820,315618556,settled,Dl4a_0010,unmatched,,"[0.012552934920398582, 0.8480138297868738, 0.36518308059114246, -0.3838701420598461]","[6.046663682035547e-06, 0.7071243166725691, 1.1446679160198592e-05, -0.7070892451471481]","[458.802039742695, 5.821132082579703, 10.069474264540448]",4.949999999999988,100.0,0.0,"[50.0, 104.83894292000011, 104.83894292000012]",42
821,3269845912,settled,Dl4a_0021,unmatched,,"[0.7777716428001235, 0.1283811862612407, -0.44555779470696755, 0.4243439574755573]","[0.5001793860933857, -0.4996887637269064, -0.5002904772620701, 0.4998411342548851]","[458.80150277359485, 9.915213824367044, 5.8134753012470775]",5.010000000000008,100.0,0.0,"[50.0, 110.4934939909746, 110.49349399097461]",34
822,3522819498,settled,Dl4a_0011,unmatched,,"[0.13041023961018636, -0.7145137268385542, -0.15145017210366415, -0.6704671124923759]","[2.0766827414697705e-05, -0.7070344977516047, -8.508897799852642e-06, -0.7071790568770215]","[458.22552091741915, 5.812930705597339, 9.916767751272232]",5.190000000000068,100.0,0.0,"[50.0, 93.96701872696816, 93.96701872696818]",31
823,3738436170,settled,Dl4a_0021,unmatched,,"[0.2742912649506295, -0.2822096081700994, -0.8912861599283453, 0.22523547710883984]","[0.500249628308266, -0.49982504110976533, -0.5002171340016351, 0.4997079712274495]","[458.7415641328953, 9.92200802443303, 5.809202189265511]",5.1200000000000445,100.0,0.0,"[50.0, 107.70257595991166, 107.70257595991164]",35
824,410172629,settled,Dl4a_0004,unmatched,,"[0.3546157266565474, 0.013883879429048904, -0.6309730588490037, -0.6898752954748997]","[0.612253540168175, 0.3536086556573082, -0.6123644451832057, -0.35371783595294304]","[458.65368324838255, 5.80595432884648, 9.91724373884863]",5.290000000000101,100.0,0.0,"[50.0, 108.59025180981746, 108.59025180981747]",41
825,3404775389,settled,Dl4a_0002,unmatched,,"[0.6021409344898768, -0.06674626191403271, 0.5214703782369879, -0.6008659385865817]","[0.682827497280157, -0.18345176076776568, 0.6829450704139687, -0.18351591545853216]","[458.5213567652226, 9.914390713642687, 5.804433985451031]",5.100000000000038,100.0,0.0,"[50.0, 104.4603750072451, 104.46037500724512]",34
826,869269750,settled,Dl4a_0011,unmatched,,"[-0.15468769276196398, -0.9115211001983778, -0.20989464635174815, -0.31803339295425204]","[-0.00014278293033906375, -0.7071553365058048, -1.9427961659435056e-06, -0.7070582081134639]","[458.9543318110509, 5.8106014493562315, 9.916671554522317]",5.300000000000105,100.0,0.0,"[50.0, 108.85192640512153, 108.85192640512153]",36
827,2991429464,settled,Dl4a_0010,unmatched,,"[-0.5489088942851251, -0.4032734075502577, 0.03768896459558421, 0.7311970503805372]","[-0.0005707697764243402, -0.7071472493781421, 0.0005542696942322789, 0.707065863059373]","[458.36703233539674, 5.82829870847397, 10.051558633724099]",5.300000000000105,100.0,0.0,"[50.0, 111.07917750411934, 111.07917750411934]",39
828,2771908924,settled,Dl4a_0021,unmatched,,"[-0.7389579476458161, 0.3421219953129573, 0.5776396756246475, -0.05679874187353187]","[-0.4999571346351353, 0.5000755937207327, 0.5000078236486303, -0.49995943873722637]","[458.6840515663731, 9.922748534451408, 5.816186698120722]",5.040000000000018,100.0,0.0,"[50.0, 96.56380757855635, 96.56380757855636]",30
829,255470810,settled,Dl4a_0024,unmatched,,"[-0.9154696723146558, -0.164181234465625, 0.007536104595736204, 0.36729144891892374]","[-0.6116316438897585, -0.3548202581169304, -0.611701439761507, -0.35472618343765644]","[458.6692034886411, 5.850098232254427, 10.04261810030424]",5.730000000000248,100.0,0.0,"[50.0, 109.53137786356463, 109.53137786356464]",32
830,2021639551,settled,Dl4a_0021,unmatched,,"[-0.34543261414584014, 0.05210044336923012, 0.3432315446139134, -0.8718680861615752]","[-0.5002290804077612, 0.49989162241958207, 0.500039545062309, -0.499839660614284]","[458.9233684513183, 9.917913335185057, 5.814891099743198]",5.510000000000175,100.0,0.0,"[50.0, 108.27165061801209, 108.2716506180121]",31
831,651020664,settled,Dl4a_0011,unmatched,,"[0.0756818332635065, -0.774085924955174, 0.18955994400860776, -0.5992747854929498]","[0.0003343893042991042, -0.7070971458846544, 0.00036098325560102174, -0.7071162451511478]","[458.35789510639535, 5.832150368977743, 9.916085469429468]",5.220000000000078,100.0,0.0,"[50.0, 89.52853685486217, 89.52853685486218]",37
832,2521713783,settled,Dl4a_0002,unmatched,,"[-0.5065582247263176, -0.04434755212228694, -0.8534016420621019, -0.11461979283086583]","[-0.6830397526040048, 0.18293215186009096, -0.6830078467147951, 0.18301039725795765]","[458.8176652243329, 9.922592611588495, 5.812245298784933]",4.979999999999998,100.0,0.0,"[50.0, 101.85327956500834, 101.85327956500835]",33
833,1390613592,settled,Dl4a_0004,unmatched,,"[-0.31808432194865294, -0.360744281429727, 0.8330604728818863, -0.27330601176707336]","[-0.6124559618153173, -0.3534528845246262, 0.6123781390176116, 0.3534993184030526]","[458.6063422707873, 5.817468388770038, 9.916133403985599]",5.230000000000081,100.0,0.0,"[50.0, 110.31618773001671, 110.3161877300167]",21
834,2201560545,settled,Dl4a_0022,unmatched,,"[-0.49268336303607696, -0.8575563518653537, -0.1364275913741798, 0.05698876621481443]","[-0.500374528447476, -0.49975233831822785, -0.5002060832740666, -0.49966669478968384]","[458.6217719408024, 10.065460566577505, 5.820974117367292]",5.340000000000118,100.0,0.0,"[50.0, 114.13348142825058, 114.13348142825059]",51
835,1733610838,settled,Dl4a_0022,unmatched,,"[0.933328729096697, 0.24078483671468087, 0.094274575342167, 0.2490631451963197]","[0.5002251978152557, 0.4997346046158239, 0.5002716854163853, 0.49976826348899334]","[458.96885098909223, 10.063155185943085, 5.813046135623837]",5.450000000000155,100.0,0.0,"[50.0, 110.38890008751899, 110.388900087519]",38
836,4057973372,settled,Dl4a_0001,unmatched,,"[-0.9362565697560981, -0.3191572023110337, -0.1386331679133244, 0.048406203691826986]","[-0.8659682798780135, 0.5000972142883898, -0.001126729945510191, 0.0006670725123013033]","[458.6848763101253, 7.182054801103844, 39.81379110945058]",4.809999999999941,100.0,0.0,"[50.0, 113.69772776798682, 113.69772776798683]",28
837,1049088550,settled,Dl4a_0021,unmatched,,"[-0.2985014385404711, 0.8416771729573497, 0.24460506638696494, -0.3776834510666589]","[-0.5000817010352472, 0.49995241569243803, 0.5001311707812016, -0.4998346590083706]","[458.7038030137712, 9.921714114785829, 5.817591808696083]",4.959999999999991,100.0,0.0,"[50.0, 105.02886168638463, 105.02886168638464]",30
838,4151715388,settled,Dl4a_0013,unmatched,,"[-0.05848826288872228, 0.33353550026198525, -0.9360448600269542, 0.09567242646847915]","[0.00012226543609636376, -5.8220124190211386e-05, -0.8660457734429599, -0.4999646987169853]","[458.31687416757507, 5.8127235615809365, 40.21067656669057]",5.330000000000115,100.0,0.0,"[50.0, 111.01517680745349, 111.01517680745349]",35
839,1058135528,settled,Dl4a_0011,unmatched,,"[-0.3686608373472068, 0.16863467661175469, 0.398686593963824, 0.8226180964724944]","[-0.0003079180426316386, 0.7070986317997126, -0.00045016855453119953, 0.7071147201421606]","[458.3502961147089, 5.818574559763882, 9.913387816841807]",4.889999999999968,100.0,0.0,"[50.0, 110.25120035583139, 110.2512003558314]",32
840,3093900153,settled,Dl4a_0022,unmatched,,"[0.3030056044096427, 0.42204349005597586, 0.2242803135340926, 0.8244787669544726]","[0.49996031346529735, 0.5000226818511871, 0.4999762099355045, 0.5000407904286974]","[458.5554425057165, 10.079234824260816, 5.817932432424068]",4.959999999999991,100.0,0.0,"[50.0, 100.77887307372134, 100.77887307372136]",27
841,728316358,settled,Dl4a_0011,unmatched,,"[0.3840331144981177, 0.9003152367821304, -0.19825093141067207, 0.05145492767085645]","[-0.0002957382662365782, 0.7071582778053216, -0.0002432932771085916, 0.7070551771104365]","[458.63486843748825, 5.825207092327492, 9.910016105506989]",5.750000000000255,100.0,0.0,"[50.0, 112.79340011876374, 112.79340011876376]",41
842,4246793081,settled,Dl4a_0010,unmatched,,"[-0.5487920213062103, 0.4448274047159202, -0.09678850678790442, -0.7011332842749022]","[0.00026127942320644526, 0.7070850914912256, -0.00027645201442075273, -0.7071283679065576]","[458.1820781240516, 5.820182434471297, 10.065916545747104]",5.190000000000068,100.0,0.0,"[50.0, 112.4584572180925, 112.45845721809252]",42
843,1208846367,settled,Dl4a_0011,unmatched,,"[-0.4269867495516249, -0.6814935301266007, -0.04209566062964502, -0.5928548215702353]","[0.0002566652993648555, -0.7072076493100949, 0.00021508203920453384, -0.7070058193677973]","[458.21664971911827, 5.828157679585788, 9.911087866411973]",5.290000000000101,100.0,0.0,"[50.0, 100.61504223226034, 100.61504223226035]",43
844,2094361518,settled,Dl4a_0004,unmatched,,"[0.454999045629448, 0.15518384815777372, -0.8447071013896332, 0.23529503736619822]","[0.6124729554315753, 0.3534890512571113, -0.6123829112623647, -0.35342543697375517]","[458.86015522793167, 5.825645238748951, 9.912118417872302]",5.320000000000111,100.0,0.0,"[50.0, 102.40905761433028, 102.4090576143303]",35
845,1813902428,settled,Dl4a_0002,unmatched,,"[-0.37122801695149316, 0.3149778818305276, -0.536490794779554, 0.6893158350891256]","[-0.6830252117869244, 0.1830408266498543, -0.6829696648556544, 0.18309847822884917]","[458.8813826062988, 9.924441697042777, 5.813436082122293]",4.979999999999998,100.0,0.0,"[50.0, 103.63206752858288, 103.6320675285829]",31
846,256306198,settled,Dl4a_0011,unmatched,,"[0.6027470823016317, -0.5832330633428373, 0.031765834920367934, -0.5436231050391547]","[0.0002194671812208726, -0.7071489104298061, 0.00022582881573257607, -0.7070645793090193]","[458.49744649052474, 5.8181950108111975, 9.918428477085907]",5.370000000000128,100.0,0.0,"[50.0, 106.47127570266214, 106.47127570266215]",30
847,1252793217,settled,Dl4a_0024,unmatched,,"[-0.3428014306370549, -0.38046800862750096, -0.40789653833367195, -0.7558780904217424]","[-0.6124081120071316, -0.35367528930464087, -0.6122187963560993, -0.35363574405230636]","[458.4237171196731, 5.825830451204437, 10.057614650303966]",5.100000000000038,100.0,0.0,"[50.0, 99.5831143165833, 99.58311431658332]",30
848,3006607485,settled,Dl4a_0024,unmatched,,"[-0.44749560199152477, -0.48362124840305704, -0.7378950366888786, -0.14618169899556457]","[-0.6122794880207307, -0.35369130012571703, -0.6122349076556114, -0.35381451441733824]","[458.78990639810354, 5.826953113476089, 10.0701317156646]",5.1200000000000445,100.0,0.0,"[50.0, 101.82994150699712, 101.82994150699713]",31
849,2867213443,settled,Dl4a_0004,unmatched,,"[0.5874113053436852, 0.05635745471717812, -0.8002026813813683, 0.10699282388224654]","[0.6125902279852721, 0.3531485040560881, -0.6125923395171977, -0.3531996209295047]","[458.33989031037635, 5.82329450091304, 9.912994012475323]",5.170000000000061,100.0,0.0,"[50.0, 94.57177676784904, 94.57177676784906]",32
850,2495832973,settled,Dl4a_0011,unmatched,,"[0.3262025162052073, -0.6578051041473078, 0.17771235512448658, -0.6552119368687124]","[0.00015522540620746542, -0.7071542047794532, 0.00010540733244809865, -0.7070593295170546]","[458.2822959226134, 5.8134793950086925, 9.92077254698169]",5.240000000000085,100.0,0.0,"[50.0, 91.27998267220828, 91.27998267220826]",28
851,265160720,settled,Dl4a_0002,unmatched,,"[0.8435873026476047, -0.3709199350210046, -0.02365782574005351, -0.3875811810408313]","[0.6829481385213718, -0.18315011477483414, 0.6829758803165957, -0.18325343776837974]","[458.1747275818192, 9.91487097622428, 5.815985276901017]",5.400000000000138,100.0,0.0,"[50.0, 107.79528315418766, 107.79528315418766]",33
852,1758450250,settled,Dl4a_0022,unmatched,,"[0.9413323467127771, 0.30018672090032433, -0.15370639037251485, 0.01247762741785174]","[0.5000105497754181, 0.5000489408874049, 0.49996848428345936, 0.4999720207711319]","[458.1513150097582, 10.077686582714847, 5.814717864378337]",5.770000000000262,100.0,0.0,"[50.0, 113.26262292507934, 113.26262292507936]",28
853,2129291007,settled,Dl4a_0024,unmatched,,"[-0.03753887711357162, 0.6384621255893187, 0.6921458417195642, 0.33450124167682416]","[0.6122020950062453, 0.3538155155123285, 0.612203991983415, 0.3538777303706467]","[458.5514643685798, 5.821305215411962, 10.057900638718042]",4.889999999999968,100.0,0.0,"[50.0, 113.67058642175203, 113.67058642175205]",41
854,3856770388,settled,Dl4a_0002,unmatched,,"[-0.25213650424446543, -0.701757853708884, -0.6657290505739787, -0.0277115356331983]","[-0.6830214631226572, 0.18305698752026622, -0.6830014688225357, 0.18297763202109957]","[458.93921214864247, 9.917565916008607, 5.817933573719809]",4.979999999999998,100.0,0.0,"[50.0, 113.58004840567627, 113.58004840567628]",35
855,1491966553,settled,Dl4a_0024,unmatched,,"[-0.6096693218837025, -0.4457254391332099, -0.5365245649855478, 0.37652827520711146]","[-0.6122891131607338, -0.3537171010969766, -0.6122605276724853, -0.3537277209247294]","[458.3709993199639, 5.813163428866268, 10.062894736848905]",5.140000000000051,100.0,0.0,"[50.0, 114.08657060162376, 114.08657060162378]",27
856,1018470395,settled,Dl4a_0022,unmatched,,"[0.4554128693224524, 0.3307092876332764, 0.45886088160517285, 0.6875152193668916]","[0.500112102938534, 0.49990147759032755, 0.5000730765271388, 0.4999133078145518]","[458.65389162771675, 10.07060463835291, 5.81752478012606]",5.070000000000028,100.0,0.0,"[50.0, 95.8984485494301, 95.89844854943009]",31
857,752446852,settled,Dl4a_0004,unmatched,,"[-0.7753197505773834, -0.339162850235583, 0.5320819122821735, -0.02714192341829914]","[-0.612332570051491, -0.35360111207282674, 0.6123138455296264, 0.3536761679385778]","[458.4317374044395, 5.820068277221631, 9.91624425845172]",5.040000000000018,100.0,0.0,"[50.0, 97.62336313857423, 97.62336313857423]",31
858,3085755170,settled,Dl4a_0003,unmatched,,"[0.2870725734139959, 0.25024436237980596, -0.6767794375637842, -0.6300291180425219]","[0.6829868195365308, 0.18312527401204365, -0.6829782778133804, -0.18312512223192476]","[458.1990350840254, 9.98857449980141, 7.187348450147357]",5.290000000000101,100.0,0.0,"[50.0, 109.3098427977041, 109.30984279770412]",36
859,285489008,settled,Dl4a_0011,unmatched,,"[0.3494928370664176, -0.07694225131568626, 0.0618235084376707, -0.931725550044753]","[5.0150846053226283e-05, -0.7071302419450434, 8.081040299037778e-05, -0.7070833132533365]","[458.55094242101734, 5.824806978040365, 9.925242457003314]",4.889999999999968,100.0,0.0,"[50.0, 110.21603136034479, 110.2160313603448]",29
860,3332121111,settled,Dl4a_0004,unmatched,,"[0.3402458092039916, 0.33697252244392834, -0.8027813352863759, 0.3552807849472308]","[0.6124287779383429, 0.35353750691194613, -0.6123249387080797, -0.35355394580683186]","[458.85636157798683, 5.818918031177475, 9.913672561399355]",5.170000000000061,100.0,0.0,"[50.0, 109.81716567501094, 109.81716567501095]",43
861,4081109628,settled,Dl4a_0004,unmatched,,"[-0.12945047511210567, 0.16348273552005468, 0.7041245185904645, 0.6787669938939845]","[-0.6124277475514813, -0.3534600098440617, 0.612451897255095, 0.35341328359116536]","[458.8664527723538, 5.819870534870305, 9.913556989592069]",5.750000000000255,100.0,0.0,"[50.0, 113.75364817589222, 113.75364817589224]",37
862,3384837160,settled,Dl4a_0011,unmatched,,"[0.2687275791925676, -0.16483984670014942, -0.14897767382090257, -0.9372400790747728]","[0.0002582326600571172, -0.707134504684559, 0.00017654463193031433, -0.7070789874069303]","[458.6709348128383, 5.824062411432476, 9.911007193405483]",4.899999999999971,100.0,0.0,"[50.0, 110.12883194710956, 110.12883194710957]",31
863,3022828123,settled,Dl4a_0009,unmatched,,"[0.3539696974690416, 0.8967636949489357, -0.13840987716161407, -0.22663414261605436]","[0.1821521101127654, 0.6832880041884265, -0.18227412416270974, -0.6831648818362819]","[458.6041273722748, 10.060842506290752, 5.82069834389386]",4.839999999999951,100.0,0.0,"[50.0, 111.61179310847824, 111.61179310847825]",31
864,2197473996,settled,Dl4a_0004,unmatched,,"[-0.29618725117093264, 0.23096601621633117, 0.8837445268345094, 0.27914767218627]","[-0.6127724551061965, -0.3526928868850998, 0.6129596851296748, 0.35270110605087235]","[458.44830571032224, 5.832127093812988, 9.90582546950007]",5.490000000000168,100.0,0.0,"[50.0, 109.46440035250329, 109.46440035250329]",45
865,2371567213,settled,Dl4a_0021,unmatched,,"[-0.8719734789042677, -0.21012196795995688, 0.2727863314750347, -0.3479922815647152]","[-0.49995320976956525, 0.5000496634922561, 0.49988788136275725, -0.5001092162208614]","[458.61376009703895, 9.922741734566063, 5.816100375565486]",4.709999999999908,100.0,0.0,"[50.0, 109.13316782420968, 109.13316782420969]",31
866,292549026,settled,Dl4a_0010,unmatched,,"[-0.41240616483951276, -0.35153133331546, -0.1763722075237171, 0.8217297130523091]","[-0.00014707878407344, -0.7071887512341355, 0.00010509534752170535, 0.7070247785266818]","[458.3798255898746, 5.822998509608821, 10.069198587805488]",5.430000000000148,100.0,0.0,"[50.0, 108.42916892734793, 108.42916892734794]",36
867,94154559,settled,Dl4a_0022,unmatched,,"[-0.23853106088105577, -0.31041063527998763, -0.7544951487540574, -0.5267686788397972]","[-0.49997846759783016, -0.5000341068994221, -0.5000099401851198, -0.4999774830848846]","[458.71635088860563, 10.076604124953546, 5.814102719266332]",5.050000000000021,100.0,0.0,"[50.0, 105.11615509157515, 105.11615509157517]",34
868,2674077932,settled,Dl4a_0009,unmatched,,"[0.24002683723339482, 0.1464301042618074, 0.022173247800655688, 0.9594027772815652]","[-0.1825732999985306, -0.6830862639694746, 0.18267536443043403, 0.6831470246836183]","[458.49591458163314, 10.06728624091648, 5.816440350865141]",5.540000000000185,100.0,0.0,"[50.0, 111.96438068841385, 111.96438068841387]",35
869,616383569,settled,Dl4a_0022,unmatched,,"[-0.8750405999561124, -0.41172617187828964, 0.07875326495354029, -0.2420401435259313]","[-0.5005170425572292, -0.49943861119254673, -0.5004606779405187, -0.499582699455397]","[458.47469307210383, 10.061118677321629, 5.8186176600711335]",5.530000000000181,100.0,0.0,"[50.0, 112.77604278693948, 112.7760427869395]",37
870,1209062005,settled,Dl4a_0021,unmatched,,"[0.701149044596514, -0.4604335593045607, 0.20497041658198253, 0.5043590814625407]","[0.5001694649364252, -0.4997787806790068, -0.5002235089687517, 0.49982808824955466]","[458.405939550356, 9.91807154331539, 5.814990380236526]",4.819999999999944,100.0,0.0,"[50.0, 112.35333350907955, 112.35333350907955]",16
871,3023774950,settled,Dl4a_0009,unmatched,,"[0.35215076468575207, 0.07578336168804366, -0.4051888740909775, -0.8402789401950909]","[0.18249365992408684, 0.6831371960687207, -0.1824254386129997, -0.6831841587608225]","[458.35855391797, 10.066136574762618, 5.816222825629539]",5.300000000000105,100.0,0.0,"[50.0, 109.98895774055809, 109.9889577405581]",30
872,711993328,settled,Dl4a_0019,unmatched,,"[0.14145945968594764, -0.730383443588849, 0.6302754560840633, 0.22199571179344949]","[-0.35384075143919713, -0.6121884657756642, 0.6124953501974104, -0.3533715480605854]","[458.723595403992, 39.805160723571554, 7.179464334125519]",5.0600000000000245,100.0,0.0,"[50.0, 113.54242669103628, 113.5424266910363]",14
873,2494180298,settled,Dl4a_0011,unmatched,,"[0.5054583382569515, -0.6799397746818389, 0.34407924974820103, -0.4047261308401603]","[7.41197390920767e-05, -0.7071515559250378, 0.0002264584200060149, -0.7070619634626422]","[458.238009508132, 5.822831807987074, 9.897873596437215]",5.240000000000085,100.0,0.0,"[50.0, 100.11585321359735, 100.11585321359736]",52
874,2540672877,settled,Dl4a_0002,unmatched,,"[0.776589373390443, -0.15424382296249706, 0.6104496590694767, -0.02165645300857539]","[0.6828806074313601, -0.18322276063679824, 0.6830303096493079, -0.183229615726219]","[458.20695330780154, 9.91672270130001, 5.8163006078690245]",5.110000000000041,100.0,0.0,"[50.0, 91.0030223057878, 91.00302230578781]",27
875,3729267110,settled,Dl4a_0004,unmatched,,"[-0.3886037083533229, -0.7035834699448852, 0.5934766828956262, 0.041747880587701035]","[-0.6122739384590576, -0.3537547186341333, 0.6123500288570941, 0.35356140271052716]","[458.4035177202959, 5.809797384821359, 9.921203652281033]",4.949999999999988,100.0,0.0,"[50.0, 110.61967084358142, 110.6196708435814]",27
876,2245489004,settled,Dl4a_0021,unmatched,,"[-0.7698115704787045, -0.1622092770394392, 0.35841225589542, -0.5026121280106651]","[-0.5000406434379766, 0.4998939296746642, 0.5001185241026055, -0.4999468730115111]","[458.3986677412941, 9.913055232651242, 5.813441971829476]",4.909999999999974,100.0,0.0,"[50.0, 113.20383715738684, 113.20383715738684]",26
877,732591320,settled,Dl4a_0011,unmatched,,"[0.5805538513683136, -0.32809511427750826, -0.26803236022996346, -0.6953196930320625]","[0.00037537417609112556, -0.7070571607606919, 0.0003621155124208797, -0.7071562057873867]","[458.640343763745, 5.830171300938346, 9.91661914406498]",4.879999999999964,100.0,0.0,"[50.0, 113.38948748383305, 113.38948748383307]",30
878,20080919,settled,Dl4a_0024,unmatched,,"[0.34744503420333317, 0.4507829125682593, 0.8124848224943764, -0.12627401617198783]","[0.6123319900522005, 0.3536402724851177, 0.6123012995327164, 0.3536597379203776]","[458.58548242090126, 5.819978182732671, 10.064871610985886]",5.020000000000011,100.0,0.0,"[50.0, 112.16395550077752, 112.16395550077753]",32
879,1914700835,settled,Dl4a_0021,unmatched,,"[0.8827138027193332, -0.15349909388919725, -0.3389577734260767, 0.2869878020021166]","[0.5000198403905588, -0.5000116858852481, -0.4999936678027198, 0.499974804716373]","[458.65154971658296, 9.906973537576588, 5.821278505268122]",5.040000000000018,100.0,0.0,"[50.0, 105.41897428093716, 105.41897428093718]",34
880,910532442,settled,Dl4a_0021,unmatched,,"[-0.7578845855451424, 0.5991817817734482, 0.25731973936574776, 0.019460193128720063]","[-0.500039888862191, 0.4999540925109983, 0.5000886998344045, -0.49991730038690096]","[458.52134618066225, 9.929361764613864, 5.81196992613653]",5.100000000000038,100.0,0.0,"[50.0, 112.9239803152354, 112.92398031523541]",28
881,305688743,settled,Dl4a_0002,unmatched,,"[0.5088588775201294, -0.8379428703504597, 0.13612036932205998, 0.142778268141243]","[0.682988511389088, -0.1833958265210852, 0.6828828284462493, -0.1832040030632966]","[458.51739759135955, 9.917081744851496, 5.819286417632637]",5.670000000000228,100.0,0.0,"[50.0, 112.7275344384947, 112.72753443849471]",32
882,3833901011,settled,Dl4a_0011,unmatched,,"[0.6658115689949964, -0.5720634512106734, -0.07775283095098386, -0.4726445383800201]","[-0.00015257667737603176, -0.7071400263695402, -7.102850778767378e-05, -0.7070735144109095]","[458.25223109767506, 5.815913497142647, 9.926480835556022]",5.410000000000141,100.0,0.0,"[50.0, 109.0158315078322, 109.0158315078322]",31
883,940842501,settled,Dl4a_0011,unmatched,,"[-0.15476270569017284, 0.261752323020326, -0.1287733230575111, 0.9439023559614871]","[-0.0007615509089739236, 0.7071240092018274, -0.0006875747130933862, 0.7070888083484005]","[458.19633353459386, 5.833150361079055, 9.909645847937446]",5.080000000000031,100.0,0.0,"[50.0, 109.58727950987674, 109.58727950987674]",30
884,2720272236,settled,Dl4a_0001,unmatched,,"[-0.9339430194929941, 0.33644656385373783, -0.05642516677177487, -0.10663182717228038]","[-0.8661079421312006, 0.49985699449574594, -0.00011365996872178541, 6.864654610966303e-05]","[458.8629960079603, 7.1825698681354275, 39.787261240054036]",4.819999999999944,100.0,0.0,"[50.0, 114.06366746514392, 114.06366746514391]",18
885,2174765832,settled,Dl4a_0002,unmatched,,"[0.7584658715267024, -0.4700288327205854, 0.10017222663587377, -0.44019080311993675]","[0.6828934451718398, -0.18329348010944016, 0.6829885368665107, -0.18326674875614724]","[458.442960199809, 9.918445311631206, 5.8153424644007865]",5.390000000000135,100.0,0.0,"[50.0, 105.02494321665351, 105.02494321665353]",35
886,1061608303,settled,Dl4a_0021,unmatched,,"[-0.4689307766989574, 0.36625135030648165, 0.7222223966399722, -0.35264526773346316]","[-0.5000614040738764, 0.49992753851358257, 0.5000653668287836, -0.4999456743385303]","[458.3425832030171, 9.915312854335875, 5.816438858899345]",5.070000000000028,100.0,0.0,"[50.0, 93.60969700650206, 93.60969700650207]",32
887,3154141855,settled,Dl4a_0004,unmatched,,"[0.27090988559165213, 0.4422585803127909, -0.7396988208773515, -0.4287899677243961]","[0.612338112691042, 0.3536107257929752, -0.6123057862036523, -0.353670912758832]","[458.48510975419714, 5.8226817476726405, 9.900785034718085]",5.280000000000098,100.0,0.0,"[50.0, 101.48643993210301, 101.48643993210301]",37
888,2921790412,settled,Dl4a_0009,unmatched,,"[0.3416504075113855, 0.18124356735981575, -0.5118659550465788, -0.7670847491654661]","[0.18239257692079608, 0.6831745644647185, -0.18249169113998087, -0.6831560912540439]","[458.4840800737215, 10.065717295504237, 5.8220206161067365]",5.310000000000108,100.0,0.0,"[50.0, 109.0510837222009, 109.05108372220091]",29
889,2154312058,settled,Dl4a_0004,unmatched,,"[0.7256893593025631, -0.20402254438647918, -0.37672815407176513, -0.5383545793496913]","[0.6125721648800379, 0.3531529265400407, -0.6125707916921121, -0.3532638935075127]","[458.77866347834663, 5.826282801292466, 9.914724687282462]",5.190000000000068,100.0,0.0,"[50.0, 114.1977967367079, 114.19779673670791]",39
890,3592569166,settled,Dl4a_0011,unmatched,,"[0.10273452874389172, -0.7756451790115862, -0.5748782509724327, -0.2394476340219959]","[0.0003475416427161371, -0.7071124927343747, 0.0003706776742144202, -0.707100887025216]","[458.24242605501433, 5.827022230333371, 9.914888238181414]",5.440000000000151,100.0,0.0,"[50.0, 113.56789823865003, 113.56789823865005]",38
891,1454938154,settled,Dl4a_0011,unmatched,,"[-0.16718081934912513, 0.4446266140871033, -0.15011444180695008, 0.8670775063673264]","[-2.7648398728818964e-06, 0.7070736189144752, -1.650772871017447e-05, 0.7071399417053446]","[458.6352996802798, 5.808377266915388, 9.922037321885798]",5.130000000000048,100.0,0.0,"[50.0, 99.59054549552293, 99.59054549552293]",31
892,1296548187,settled,Dl4a_0011,unmatched,,"[0.31314276895349097, -0.5781882807260639, -0.5626663257674945, -0.5010454312040842]","[0.00022402185140052433, -0.7071494926554843, 0.0001841924349874069, -0.7070640076573323]","[458.42003798830706, 5.814000586234309, 9.901638602587838]",5.240000000000085,100.0,0.0,"[50.0, 114.5188666545552, 114.51886665455521]",29
893,4254865545,settled,Dl4a_0004,unmatched,,"[-0.5867148895206743, -0.6821284832765666, 0.3941724191729146, 0.18733519338588187]","[-0.612393777563098, -0.3534498064196752, 0.6124164955952458, 0.35354367688693183]","[458.5495302435936, 5.8171559454719155, 9.920519526014262]",5.170000000000061,100.0,0.0,"[50.0, 106.04058305776786, 106.04058305776785]",26
894,1038362872,settled,Dl4a_0010,unmatched,,"[0.4220587536149921, 0.2365411686124719, 0.34472372914068605, -0.8044129751662044]","[0.00012539565658215013, 0.7071256057749572, -0.00015053699551331734, -0.707087928953636]","[458.80566230686003, 5.823756448116825, 10.072703147066317]",5.540000000000185,100.0,0.0,"[50.0, 112.45757984375531, 112.4575798437553]",37
895,2137408216,settled,Dl4a_0009,unmatched,,"[-0.15315413144856377, 0.9076297849365145, -0.3780756789344609, -0.09904931354925715]","[0.1828915111418553, 0.6830430112152475, -0.1829348420351632, -0.6830357117690303]","[458.50552575421716, 10.071351275713205, 5.810804285036681]",4.579999999999864,100.0,0.0,"[50.0, 107.91150371101784, 107.91150371101786]",24
896,2161823873,settled,Dl4a_0004,unmatched,,"[-0.5223970600271564, 0.3040328086274699, 0.5806908141981769, 0.5454021830346245]","[-0.6124910860412599, -0.35327121351156354, 0.6125639355152935, 0.35329809528227113]","[458.47911753458345, 5.827094438500666, 9.905750497384902]",5.410000000000141,100.0,0.0,"[50.0, 112.38051523184453, 112.38051523184454]",32
897,611351195,settled,Dl4a_0010,unmatched,,"[-0.04573037853383769, 0.8616864055672583, 0.18915695116025852, -0.46864156747719876]","[-4.1477347921259344e-05, 0.7070528075376024, -7.097818612467055e-06, -0.7071607494639707]","[458.1970220757225, 5.815607440913298, 10.070941764975776]",5.110000000000041,100.0,0.0,"[50.0, 102.28460986222544, 102.28460986222545]",41
898,2763017489,settled,Dl4a_0009,unmatched,,"[-0.42473500215462706, 0.8115024029006092, -0.06368051566992698, -0.39624338474636855]","[0.1827487606897381, 0.6831068358318593, -0.18269553484977719, -0.6830741415484148]","[458.32270348328586, 10.07456355296705, 5.815134254418581]",4.979999999999998,100.0,0.0,"[50.0, 108.06442994388547, 108.06442994388549]",27
899,2132063619,settled,Dl4a_0004,unmatched,,"[0.5955343919741106, 0.7230138530547521, -0.2696667085859822, 0.2233150746083904]","[0.6121163029848318, 0.35386341935000054, -0.6122778974652869, -0.3538503756414495]","[458.5962650099233, 5.8135794823396445, 9.925192745601798]",4.709999999999908,100.0,0.0,"[50.0, 108.55430712022388, 108.5543071202239]",35
900,1360639973,settled,Dl4a_0004,unmatched,,"[-0.1489656769715508, -0.1288165080424097, 0.7582996753381918, 0.621447613819669]","[-0.6126839855330249, -0.35303456862981286, 0.6126009253991685, 0.3531359984819054]","[458.4267407940954, 5.828454725022959, 9.908342902892489]",5.480000000000165,100.0,0.0,"[50.0, 114.17514686798039, 114.1751468679804]",26
901,1669509337,settled,Dl4a_0011,unmatched,,"[-0.015275918508966315, 0.1874018656583203, -0.11433169238248563, 0.9754872890911727]","[1.3786123835929365e-05, 0.7071721800435763, 5.1440930963431164e-05, 0.7070413742746524]","[458.7186262903785, 5.812921361223769, 9.913400485970596]",4.859999999999958,100.0,0.0,"[50.0, 113.25002537217658, 113.2500253721766]",28
902,582273668,settled,Dl4a_0004,unmatched,,"[-0.006376614660577938, 0.509344379935385, -0.8209002523185972, -0.258167420789247]","[0.6123538105909896, 0.3534460948866395, -0.6124139631022026, -0.3536209926765279]","[458.4713820862453, 5.819243294073375, 9.916017647932803]",5.420000000000145,100.0,0.0,"[50.0, 110.14732462599416, 110.14732462599417]",38
903,680248275,settled,Dl4a_0011,unmatched,,"[0.06401976516295559, -0.8705445669058692, -0.015573167883228054, -0.4876587978712505]","[0.00030363579898420867, -0.7071732938145412, 0.0002949285134156432, -0.7070401355920087]","[458.1482539025512, 5.827112861026454, 9.906166674317914]",5.260000000000091,100.0,0.0,"[50.0, 101.79515400616125, 101.79515400616124]",38
904,2896868767,settled,Dl4a_0011,unmatched,,"[-0.08519660861891312, 0.3927029312463917, 0.12431391456233111, 0.9072331543305265]","[-0.00041224755931745793, 0.7070957321675377, -0.0003895079463267226, 0.7071176025852866]","[458.3900765248068, 5.826501115589632, 9.916442379243444]",5.170000000000061,100.0,0.0,"[50.0, 106.88582395776062, 106.88582395776064]",35
905,3134066944,settled,Dl4a_0004,unmatched,,"[0.37534820722239215, 0.6025807220421286, -0.4933938528436443, -0.5025661177737984]","[0.6124430976879531, 0.3533831168645411, -0.6125612481481137, -0.35327403255364176]","[458.32838323128635, 5.830966727113743, 9.916818265670136]",5.200000000000071,100.0,0.0,"[50.0, 92.25994725564084, 92.25994725564085]",38
906,405083464,settled,Dl4a_0004,unmatched,,"[0.25971912770264904, -0.31468704929943936, -0.8472140700697216, -0.34021516013323705]","[0.6125187402519066, 0.35334618826679615, -0.6125175935294043, -0.35325551898659835]","[458.8122040297112, 5.820104861168348, 9.918866894543124]",5.700000000000238,100.0,0.0,"[50.0, 108.09919206706103, 108.09919206706104]",33
907,897742626,settled,Dl4a_0009,unmatched,,"[0.626555782251434, 0.7589459830048849, -0.1386752386173409, -0.11044466851082534]","[0.1828691381212309, 0.6830986348803579, -0.18271755519089514, -0.6830442360290085]","[458.80165941420995, 10.06745241459455, 5.819289543290614]",4.759999999999924,100.0,0.0,"[50.0, 114.010654036221, 114.01065403622101]",31
908,480836371,settled,Dl4a_0022,unmatched,,"[-0.39743928281978835, -0.8706917564322766, -0.2664878160766326, -0.113675527864515]","[-0.5001750646784245, -0.4998516717131602, -0.500116963100201, -0.4998562135043691]","[458.93694439957045, 10.071753327678117, 5.813888724590114]",5.330000000000115,100.0,0.0,"[50.0, 109.18468429844438, 109.18468429844437]",29
909,4082109974,settled,Dl4a_0010,unmatched,,"[-0.35956502737734314, -0.6791764426160904, -0.41884548866301663, 0.48373629955702296]","[4.117018280097585e-05, -0.707095166939647, 2.6240610442762605e-05, 0.7071183935572878]","[458.81941358691563, 5.81722672198218, 10.077127117752362]",5.1800000000000646,100.0,0.0,"[50.0, 112.68775470210132, 112.68775470210132]",28
910,163555050,settled,Dl4a_0022,unmatched,,"[-0.08549674306774306, -0.25654355067407436, -0.9235012688874048, -0.2720682265456595]","[-0.5001177645051416, -0.4998226418701782, -0.5001597900565495, -0.49989972265533766]","[458.64610768147077, 10.072861190704103, 5.810933511414443]",4.849999999999954,100.0,0.0,"[50.0, 110.25346606195556, 110.25346606195558]",33
911,3400140363,settled,Dl4a_0009,unmatched,,"[0.298407216867827, 0.6810207916951393, -0.18813418040157473, -0.6416925621859357]","[0.18283267073576115, 0.6831441518260827, -0.1826795481965585, -0.683018641772062]","[458.5507962912846, 10.071849777538043, 5.820583355078061]",5.040000000000018,100.0,0.0,"[50.0, 88.70496538329566, 88.70496538329567]",29
912,3646276102,settled,Dl4a_0021,unmatched,,"[0.1578073356304914, -0.029444688123654007, -0.8111580053567837, 0.5623633571883132]","[0.5000255184518012, -0.5000191235354257, -0.4999485534415309, 0.5000068008613414]","[458.9858380498902, 9.92625282110979, 5.816915593968073]",5.320000000000111,100.0,0.0,"[50.0, 114.37230508162322, 114.37230508162324]",26
913,3701323139,settled,Dl4a_0002,unmatched,,"[0.43512701954760485, -0.8749978402768437, 0.017281183183099957, 0.21152923457118053]","[0.68294484333727, -0.1833299410619509, 0.6829147712468723, -0.1833136352868644]","[458.9458911292741, 9.905470431141424, 5.815958116092224]",5.790000000000268,100.0,0.0,"[50.0, 113.69122672999268, 113.69122672999269]",35
914,1849545706,settled,Dl4a_0015,unmatched,,"[-0.1443496569257474, -0.07006434235886033, -0.13212818355624098, -0.9781596534233906]","[4.6782380292875736e-05, 0.00044903607920823984, 3.097523568051157e-05, -0.9999998976092664]","[458.9656805067451, 5.812097096535712, 40.2235158153122]",5.040000000000018,100.0,0.0,"[50.0, 113.58415470522202, 113.58415470522203]",34
915,3498837148,settled,Dl4a_0004,unmatched,,"[-0.5578877223062083, -0.13152919957495132, 0.7954835629912004, 0.19663992465923258]","[-0.6124986212979219, -0.35331621279785697, 0.6124661764157586, 0.3534095010451547]","[458.42473238121664, 5.812592959993436, 9.918626003576161]",5.160000000000058,100.0,0.0,"[50.0, 92.30074776418435, 92.30074776418436]",41
916,1014845009,settled,Dl4a_0022,unmatched,,"[-0.745802360550032, -0.5147483048332637, -0.3726324374151737, -0.19989519317709512]","[-0.5001768149984621, -0.49981337596500375, -0.500144582124482, -0.4998651217238381]","[458.92728093739487, 10.082107832480443, 5.811913289714941]",5.100000000000038,100.0,0.0,"[50.0, 105.76323321014681, 105.76323321014681]",34
917,2482104573,settled,Dl4a_0011,unmatched,,"[0.3913632031713356, -0.4132908864732887, 0.05822251723444586, -0.8201436611036385]","[-4.371062603203414e-06, -0.7071205620773368, 5.5248683570402475e-05, -0.7070929978552386]","[458.54956978842625, 5.813165865950514, 9.916691844426893]",5.130000000000048,100.0,0.0,"[50.0, 104.74333136908491, 104.74333136908493]",38
918,3315867884,settled,Dl4a_0010,unmatched,,"[-0.1839291797226305, -0.6204871287494828, -0.28946619847613464, 0.7052482540514071]","[-0.0004551364576225181, -0.707121085789421, 0.0004787631130574732, 0.7070921677325219]","[458.4124458160801, 5.823985644769837, 10.057505538808513]",5.290000000000101,100.0,0.0,"[50.0, 103.82355242743327, 103.82355242743328]",26
919,3442982133,settled,Dl4a_0021,unmatched,,"[0.23981023435833115, -0.548473364990924, -0.29699985204060114, 0.7439483229905124]","[0.5002746601840075, -0.49981095380567114, -0.500247031729103, 0.49966707123830256]","[458.2471455854162, 9.906341269061748, 5.8191811201225]",5.0900000000000345,100.0,0.0,"[50.0, 94.86329901035437, 94.86329901035438]",29
920,1199431505,settled,Dl4a_0004,unmatched,,"[-0.8158875984840971, -0.2102551437771241, 0.5335186587691745, 0.07401379533745744]","[-0.6124780684791532, -0.3533746909024003, 0.6123772458652562, 0.3535407362782432]","[458.72251675614825, 5.8140784261108065, 9.915637119249272]",5.1200000000000445,100.0,0.0,"[50.0, 96.63934345328661, 96.63934345328663]",43
921,632241106,settled,Dl4a_0002,unmatched,,"[0.3439409857046222, -0.642522102943294, 0.42830294546408776, -0.5342532475227891]","[0.6830674729137256, -0.18297231032504327, 0.6829913198632905, -0.1829284507477537]","[458.3350511908343, 9.922582743276932, 5.816129657275728]",5.1200000000000445,100.0,0.0,"[50.0, 91.22146282523858, 91.22146282523855]",35
922,2435629658,settled,Dl4a_0011,unmatched,,"[0.06889857665360942, -0.9502832120531101, 0.29954207769895674, 0.04989335339424206]","[-0.0004329422039421049, -0.7071637022133869, -0.0005164768773272266, -0.7070495343924212]","[458.8903306918563, 5.813899170273399, 9.921112832922994]",5.840000000000285,100.0,0.0,"[50.0, 111.64062099993093, 111.64062099993095]",45
923,532196825,settled,Dl4a_0009,unmatched,,"[-0.6950144125489437, -0.5621898949957045, 0.04051416346358294, 0.446381104968402]","[-0.18291323509411578, -0.6830154163623632, 0.18303115482270416, 0.683031687261301]","[458.7274279745352, 10.071030470409232, 5.812215491670353]",4.929999999999981,100.0,0.0,"[50.0, 104.24680669426566, 104.24680669426567]",32
924,1237745114,settled,Dl4a_0011,unmatched,,"[0.5054962235886736, -0.15892594248449782, 0.059291712564358896, -0.8459909015847566]","[5.963753711030195e-05, -0.7071319810110436, 0.00014261198457182767, -0.7070815635671625]","[458.15130039436747, 5.816592416130669, 9.918752362085796]",5.010000000000008,100.0,0.0,"[50.0, 111.73920034937396, 111.73920034937397]",20
925,3654135522,settled,Dl4a_0012,unmatched,,"[-0.17188747446428582, -0.802046862922551, -0.5512943459664053, 0.15247973604337633]","[-0.0006228820911731688, -0.707035080719329, -0.7071781995864054, 2.60737981211606e-05]","[458.8781407509491, 40.22590907352773, 5.817707219920993]",5.160000000000058,100.0,0.0,"[50.0, 113.40085490048557, 113.40085490048558]",19
926,2381318096,settled,Dl4a_0004,unmatched,,"[-0.5170317207267107, -0.3574316863165864, 0.7774632856296821, -0.021717018146083986]","[-0.6125731637434492, -0.35316808527162885, 0.6126039083961695, 0.35318957236114806]","[458.16735606567175, 5.828379851132084, 9.91342539622195]",5.190000000000068,100.0,0.0,"[50.0, 104.2962049351158, 104.29620493511581]",33
927,4252327569,settled,Dl4a_0005,unmatched,,"[-0.5938434617044568, 0.29873492790902884, -0.7069009853476849, -0.24165757333989488]","[-0.6124580985760146, 0.35343034975180754, -0.6124487206787782, 0.35339585439262816]","[458.2856810144846, 7.191683266524836, 10.001756413148525]",5.320000000000111,100.0,0.0,"[50.0, 109.04023596381997, 109.04023596381998]",21
928,448373238,settled,Dl4a_0002,unmatched,,"[0.7884541013488514, -0.40302143424833886, 0.28563962431868045, 0.36650219456596705]","[0.6830058225411493, -0.18304679473118304, 0.6829857569251705, -0.18310481465783585]","[458.33683006327266, 9.916187687543124, 5.8184105360888045]",5.550000000000188,100.0,0.0,"[50.0, 109.8572138361686, 109.85721383616861]",31
929,4163985961,settled,Dl4a_0022,unmatched,,"[-0.20818845328680213, -0.43720394741641244, -0.3935430195887992, -0.7814308465977562]","[-0.5001490154420107, -0.499852478294877, -0.5001620066812862, -0.49983640260329754]","[458.5815702765956, 10.077005468964048, 5.80931566658428]",4.939999999999984,100.0,0.0,"[50.0, 103.1133219944914, 103.11332199449141]",43
930,1782478245,settled,Dl4a_0002,unmatched,,"[0.982926824091041, -0.15458372000973902, -0.09896879710297664, 0.012802702458472474]","[0.6831085562503416, -0.18294315213453693, 0.6829630499610946, -0.1829097478334413]","[458.7168521765561, 9.913935286428991, 5.8125951348990474]",5.660000000000225,100.0,0.0,"[50.0, 113.9222308328975, 113.92223083289751]",32
931,1354485428,settled,Dl4a_0011,unmatched,,"[0.6252493974171248, -0.5377268504911364, 0.15699341782723672, -0.543383926933184]","[0.0003007428015642244, -0.7070856032251223, 0.00022615432580172512, -0.7071278583960283]","[458.9223390405623, 5.824694046200375, 9.918283520831341]",5.300000000000105,100.0,0.0,"[50.0, 102.59328565582021, 102.59328565582022]",37
932,1539041800,settled,Dl4a_0024,unmatched,,"[0.5189080859766876, -0.3427938742346433, 0.5790952658656788, 0.5271389106745705]","[0.6122075687885593, 0.353968383065824, 0.612096138083901, 0.3539019557031887]","[458.4279788129266, 5.831388978273207, 10.060542123187659]",5.310000000000108,100.0,0.0,"[50.0, 112.70079292116938, 112.70079292116938]",23
933,4907026,settled,Dl4a_0006,unmatched,,"[0.8033477739737046, -0.29541706437491144, -0.23093159359111526, -0.4626356138572464]","[0.6124185840065965, 0.35354050889426114, 0.3536821301406808, -0.6122593709803817]","[458.7202678235784, 40.21282570572224, 5.813498685365837]",5.200000000000071,100.0,0.0,"[50.0, 112.6383633697237, 112.63836336972372]",15
934,3726456469,settled,Dl4a_0007,unmatched,,"[0.5807768950428274, -0.04906896716112144, -0.23937648823391416, -0.776523876984444]","[0.6123048385572212, -0.3536533217179859, -0.3535520514793916, -0.6123830987314751]","[458.1785677783351, 40.219557674880505, 7.185470677792099]",4.909999999999974,100.0,0.0,"[50.0, 114.32349195909765, 114.32349195909767]",19
935,2047942954,settled,Dl4a_0021,unmatched,,"[-0.28294765020971263, -0.1436882472102388, 0.5005332941519883, -0.8054568494337921]","[-0.5002441046420506, 0.49951324599351365, 0.5004162761374011, -0.4998258731044974]","[458.15612653045554, 9.91086020315833, 5.81307555460636]",5.330000000000115,100.0,0.0,"[50.0, 111.74598943257433, 111.74598943257435]",36
936,4254301963,settled,Dl4a_0011,unmatched,,"[0.3038722453484271, -0.025687035362984778, 0.16983128235100062, -0.9371014727638521]","[3.641618411193149e-05, -0.7071997081878936, 3.282762216488822e-05, -0.7070138402712971]","[458.25213707016565, 5.823239131034007, 9.918031161011566]",4.789999999999934,100.0,0.0,"[50.0, 112.09880978205143, 112.09880978205145]",25
937,1459226125,settled,Dl4a_0004,unmatched,,"[0.4604083854515282, 0.5448114214671944, -0.6943530242693504, -0.09528122235162023]","[0.612536293920452, 0.3533059111159376, -0.6125166426331927, -0.3532670155818354]","[458.51903195184474, 5.823451274717605, 9.910840697743026]",5.210000000000075,100.0,0.0,"[50.0, 103.83691610764369, 103.8369161076437]",31
938,1841421639,settled,Dl4a_0004,unmatched,,"[0.7090456664466742, 0.46634607542200573, -0.4944423411910551, -0.18788920157686734]","[0.6123044049861808, 0.35343618043662595, -0.6124746165474723, -0.353611405469217]","[458.699374438996, 5.824639190964367, 9.907177054427077]",5.170000000000061,100.0,0.0,"[50.0, 98.56446424162483, 98.56446424162485]",30
939,3160233957,settled,Dl4a_0009,unmatched,,"[0.3129738432553121, 0.8901846929444, 0.08598840649996693, -0.3197257885017726]","[0.18254585809811563, 0.6830579109232529, -0.182560849542694, -0.6832133167837363]","[458.8719564851735, 10.074718962021535, 5.8196492343447535]",4.979999999999998,100.0,0.0,"[50.0, 109.78050289673928, 109.78050289673928]",42
940,3176744478,settled,Dl4a_0022,unmatched,,"[0.9411517485950612, -0.005105745018358934, 0.06893140360805404, 0.3308410178331731]","[0.50011426555441, 0.4999290217475344, 0.5001607597970532, 0.4997958672925986]","[458.6444951902515, 10.068355697631054, 5.818337865210917]",5.6500000000002215,100.0,0.0,"[50.0, 108.37107239924735, 108.37107239924737]",32
941,1176149115,settled,Dl4a_0010,unmatched,,"[0.21298006003399966, 0.68283184635136, 0.45358883626869745, -0.5316364653113214]","[0.00040634110981502275, 0.7070746383818692, -0.0006206248848898978, -0.7071385334351422]","[458.80933580768135, 5.825904878436477, 10.063116070710636]",5.320000000000111,100.0,0.0,"[50.0, 111.52172437288954, 111.52172437288955]",49
942,1821676408,settled,Dl4a_0002,unmatched,,"[-0.4913145553095996, 0.46595232564875577, -0.7080044099470261, -0.20056967233111198]","[-0.6830045577723789, 0.18303276921334152, -0.6829995950126955, 0.18307193304476513]","[458.2230019281801, 9.921946710101365, 5.819383162522331]",5.200000000000071,100.0,0.0,"[50.0, 112.37350416626654, 112.37350416626653]",30
943,3127130715,settled,Dl4a_0011,unmatched,,"[-0.198134299826156, -0.8317782014430749, -0.12616575606531844, -0.5029612557970933]","[0.00016961985140526162, -0.7071515413840934, 6.187575119839807e-05, -0.7070619951026913]","[458.38976192847645, 5.81259033721138, 9.918473294665633]",5.270000000000095,100.0,0.0,"[50.0, 101.28909491999745, 101.28909491999745]",23
944,945943334,settled,Dl4a_0010,unmatched,,"[0.10215366597241832, -0.5032207212506908, 0.015334375666051182, 0.8579617655555885]","[-0.00029950533622241654, -0.7071931540251443, 0.0002253022775529912, 0.7070202984606635]","[458.51312253092203, 5.814955456779303, 10.066824786314267]",5.220000000000078,100.0,0.0,"[50.0, 101.38015248132531, 101.38015248132533]",23
945,1696026980,settled,Dl4a_0004,unmatched,,"[-0.41595288256800134, 0.11589643483537436, 0.8825609318024368, 0.1861113041484448]","[-0.6124212477361436, -0.3533675689552379, 0.6124946593305274, 0.35344287915241906]","[458.5917851972353, 5.82486670952709, 9.908553052350301]",5.440000000000151,100.0,0.0,"[50.0, 105.93082635952939, 105.9308263595294]",46
946,517407065,settled,Dl4a_0011,unmatched,,"[0.7637132916041776, -0.009298409402024383, 0.35026757211793114, -0.5421883212798986]","[0.0004993790395304288, -0.7071126495907291, 0.00044105952467546344, -0.7071005988371454]","[458.1485312757096, 5.822265222250478, 9.918309800852382]",5.240000000000085,100.0,0.0,"[50.0, 110.45788537992158, 110.45788537992159]",28
947,2860701354,settled,Dl4a_0002,unmatched,,"[-0.8367152485523688, 0.5350335570810564, 5.9400040692597696e-05, 0.11681901432889721]","[-0.6829400282073775, 0.18324877359689995, -0.6829426889820752, 0.18330872432394277]","[458.8092938727499, 9.91643331508592, 5.825084803626597]",5.660000000000225,100.0,0.0,"[50.0, 113.65126309240257, 113.65126309240259]",22
948,2049044537,settled,Dl4a_0010,unmatched,,"[0.0987533718354664, -0.901992500056389, 0.3962240127370742, 0.14022779012621636]","[7.3377572251232e-05, -0.7071240304842599, -0.00014773152015115645, 0.7070895122279961]","[458.81393856184894, 5.810968058336621, 10.076948055891206]",4.679999999999898,100.0,0.0,"[50.0, 106.79528799171896, 106.79528799171898]",27
949,3277919375,settled,Dl4a_0022,unmatched,,"[-0.9358033684590618, -0.33506737411673654, 0.0347045930592444, -0.10391102734445888]","[-0.5003546811673862, -0.4997612556704929, -0.5002685237594846, -0.4996151363800355]","[458.27211325200176, 10.072476530898857, 5.813144751830247]",5.640000000000218,100.0,0.0,"[50.0, 113.87552435944363, 113.87552435944365]",42
950,3767874527,settled,Dl4a_0017,unmatched,,"[0.29572191510327905, -0.5850125236040742, -0.7368775949800176, -0.1652885542634663]","[0.1591918544123849, -0.6889827075878573, -0.6889393112565246, 0.15913330116300875]","[458.44931483805874, 40.48944746827453, 5.814988190133673]",4.899999999999971,100.0,0.0,"[50.0, 114.30391360147445, 114.30391360147446]",28
951,2604283791,settled,Dl4a_0024,unmatched,,"[-0.7630191667262589, -0.17467652330325062, -0.5594042469053924, -0.2726843449104938]","[-0.6123453940501709, -0.3536075740277741, -0.6123670151010081, -0.35355542817501034]","[458.3320817565965, 5.811880019668539, 10.066921805320826]",5.230000000000081,100.0,0.0,"[50.0, 92.87992267588879, 92.8799226758888]",31
952,1406294563,settled,Dl4a_0009,unmatched,,"[-0.15589463678544954, -0.12868922420085716, 0.17568740712833444, 0.963467633484715]","[-0.18242357076459048, -0.6832810733239834, 0.18241372560836694, 0.6830621116533966]","[458.41076448308127, 10.05857976989459, 5.820776658903139]",5.480000000000165,100.0,0.0,"[50.0, 113.62638278854577, 113.62638278854578]",37
953,44424466,settled,Dl4a_0021,unmatched,,"[0.3941199706189341, -0.3608479463958368, -0.7637214424601282, 0.3621985183126224]","[0.5002066136109241, -0.4998071854271328, -0.5000907581387485, 0.499895343766584]","[458.8452168313885, 9.91497080472346, 5.817784111114063]",5.0900000000000345,100.0,0.0,"[50.0, 98.20562426529291, 98.20562426529293]",36
954,1713030523,settled,Dl4a_0002,unmatched,,"[-0.965612442120421, 0.16876771383453884, -0.1626224548640008, 0.11253447277748073]","[-0.6830157127685191, 0.1830784106428785, -0.6830115513697016, 0.18294002395141123]","[458.3936419641106, 9.916102345120388, 5.817596436043271]",5.410000000000141,100.0,0.0,"[50.0, 112.53910546250067, 112.53910546250067]",34
955,539293064,settled,Dl4a_0024,unmatched,,"[0.3601778551839492, -0.09994546774870804, 0.7619420111283524, 0.5288924160821971]","[0.6121630928912084, 0.3538420257486094, 0.6122813654982489, 0.3537848187522892]","[458.37914279637425, 5.818829456936686, 10.068246700452697]",4.959999999999991,100.0,0.0,"[50.0, 109.61246226970238, 109.61246226970239]",40
956,409549919,settled,Dl4a_0010,unmatched,,"[-0.12781638378808588, 0.7504596205993281, -0.34172492240734204, -0.5510874769861365]","[0.00026991497520631463, 0.7070844783910117, -0.0001989473027009803, -0.7071290037782272]","[458.19926224893055, 5.819939560699663, 10.062100856774196]",5.1500000000000545,100.0,0.0,"[50.0, 104.85442530308818, 104.85442530308819]",23
957,1998402436,settled,Dl4a_0011,unmatched,,"[0.04250734306132721, -0.9165292873697363, -0.17463643493482933, -0.3573084196777952]","[0.00024198363228183917, -0.707045319222134, 0.00028211559820864873, -0.7071681401341421]","[458.26678089979106, 5.817248804931797, 9.915226109092348]",5.340000000000118,100.0,0.0,"[50.0, 108.24493447217641, 108.24493447217642]",34
958,1646097515,settled,Dl4a_0012,unmatched,,"[-0.2630617164172866, 0.5050333130958403, 0.785657284547487, 0.24183158862418952]","[0.0002642330051495133, 0.7070582726874473, 0.7071552342486245, -6.228912820480594e-05]","[458.6633706061452, 40.22148431622417, 5.8194796793317325]",4.959999999999991,100.0,0.0,"[50.0, 114.03599949949664, 114.03599949949665]",18
959,339018233,settled,Dl4a_0004,unmatched,,"[0.6029047267049746, 0.6862009194018124, -0.308242769892203, 0.26574533587269156]","[0.6124059783616417, 0.35343944658304205, -0.6124279924577916, -0.3535129832412281]","[458.55316840285644, 5.819233237496975, 9.923965837773888]",4.689999999999901,100.0,0.0,"[50.0, 109.46175482993537, 109.46175482993537]",31
960,4191144452,settled,Dl4a_0002,unmatched,,"[-0.8802459513021449, -0.08330896156144689, -0.16608516754831343, 0.4366261550344685]","[-0.6829962430747953, 0.18293392199426844, -0.6830650650993495, 0.18295745125665552]","[458.55613557894327, 9.913918680697554, 5.820111992681025]",5.510000000000175,100.0,0.0,"[50.0, 111.69067966557103, 111.69067966557104]",39
961,2181600747,settled,Dl4a_0004,unmatched,,"[0.9275709258668005, 0.08697132850709806, -0.32813304736827575, -0.15613093456815608]","[0.6123021553773645, 0.35352878200173987, -0.61245527506322, -0.3535562287159367]","[458.4215218171785, 5.822315021024652, 9.908706979356236]",5.100000000000038,100.0,0.0,"[50.0, 106.9151468754013, 106.91514687540132]",31
962,3323234542,settled,Dl4a_0022,unmatched,,"[-0.08017064571695091, -0.3550445554208694, -0.9142289434921265, -0.17804906658726002]","[-0.5000503443854367, -0.4999629338838364, -0.5000798193824498, -0.4999068833979877]","[458.7724985467118, 10.070932046080662, 5.810106400862083]",4.659999999999891,100.0,0.0,"[50.0, 106.41365909999998, 106.41365909999999]",33
963,1792986731,settled,Dl4a_0009,unmatched,,"[-0.5692068889460848, -0.6151083552423721, 0.2128356235893417, 0.5023407471215919]","[-0.18295787839231228, -0.6830053694336693, 0.18300770057403967, 0.6830360617050637]","[458.5133854069344, 10.06328579571183, 5.811495280495694]",5.040000000000018,100.0,0.0,"[50.0, 98.43204880546739, 98.4320488054674]",31
964,3396828661,settled,Dl4a_0002,unmatched,,"[-0.4385289352711518, 0.5485884905873648, -0.7022745891188045, 0.11641925271638232]","[-0.6829130278386536, 0.1835320003174922, -0.6828178597564536, 0.1835907722771451]","[458.5003152106794, 9.90990358260846, 5.826322879543346]",5.210000000000075,100.0,0.0,"[50.0, 104.65615991252405, 104.65615991252406]",34
965,2901089897,settled,Dl4a_0022,unmatched,,"[0.4190709948200383, 0.3272250406963257, 0.28175293110921773, 0.7986980404716139]","[0.4998696619082705, 0.5002063431823607, 0.4999557824331906, 0.49996814994103195]","[458.81085067963994, 10.068341496436215, 5.808819350509437]",5.010000000000008,100.0,0.0,"[50.0, 102.15866134701903, 102.158661347019]",28
966,1777789208,settled,Dl4a_0002,unmatched,,"[0.6411688332735277, -0.4390430396314748, 0.5150426975449305, 0.3617661624522945]","[0.682972818894388, -0.18356302781722128, 0.6827744419271113, -0.18349878724708005]","[458.9137288478505, 9.915104946807618, 5.811482273497971]",5.440000000000151,100.0,0.0,"[50.0, 113.20576629440924, 113.20576629440926]",37
967,4293855749,settled,Dl4a_0024,unmatched,,"[0.5166972535183565, 0.6321968208504625, 0.5736405816836968, -0.06547985154798126]","[0.6120382163333402, 0.3542198866910731, 0.6119691293466855, 0.35416278509567695]","[458.62796494347026, 5.835463011920401, 10.05676376313381]",5.290000000000101,100.0,0.0,"[50.0, 109.30630090076646, 109.30630090076647]",40
968,2977016398,settled,Dl4a_0002,unmatched,,"[-0.7697554513004683, 0.271934197101798, -0.5773849482776028, -0.012448258604438496]","[-0.682945481506809, 0.18306847017900083, -0.6830212592547019, 0.18317577329405377]","[458.4213191170056, 9.927258199940585, 5.812477720920919]",5.140000000000051,100.0,0.0,"[50.0, 95.73447445685403, 95.73447445685403]",27
969,3277550680,settled,Dl4a_0002,unmatched,,"[0.8795958511380817, -0.404251198907489, 0.18305854803349653, -0.17141083639723378]","[0.6828998542899802, -0.18345116822777674, 0.6829084619663159, -0.18338345198351086]","[458.6327741338951, 9.919265392640986, 5.828151274513579]",5.360000000000125,100.0,0.0,"[50.0, 112.67926001292814, 112.67926001292815]",40
970,3168146097,settled,Dl4a_0011,unmatched,,"[0.4713364866275963, -0.5102437468845695, 0.132809033664927, -0.707004240238867]","[-4.1020535185370965e-05, -0.7071430157901544, -7.723326657915752e-05, -0.7070705393180681]","[458.65221771440537, 5.822270590659925, 9.917416629164654]",5.280000000000098,100.0,0.0,"[50.0, 103.72505680591195, 103.72505680591195]",34
971,2312136952,settled,Dl4a_0022,unmatched,,"[-0.238977339792555, -0.18809170192532146, -0.5365157169026477, -0.7871862729042902]","[-0.5002275406112423, -0.49969414561237424, -0.5003560341041771, -0.49972193026751066]","[458.4962155789332, 10.074237645588942, 5.816218128870194]",4.919999999999978,100.0,0.0,"[50.0, 109.24118626579505, 109.24118626579506]",27
972,4119843294,settled,Dl4a_0003,unmatched,,"[-0.6782363959592157, -0.6128690115579294, 0.3186176021708939, 0.25073848818067446]","[-0.6823899091766494, -0.1852533138133388, 0.6824235496444816, 0.18526554041614582]","[458.4935998682244, 9.958822545571206, 7.226278824213315]",4.879999999999964,100.0,0.0,"[50.0, 107.81258544381035, 107.81258544381036]",43
973,356519578,settled,Dl4a_0011,unmatched,,"[0.2643802208224408, 0.477257519620779, -0.3229105049716565, 0.7733415575166313]","[0.00015198102142344183, 0.7070341002833105, 2.6630748393069448e-05, 0.7071794377872861]","[458.1936771764432, 5.813510801717681, 9.918649023248793]",5.1500000000000545,100.0,0.0,"[50.0, 107.48735895927881, 107.48735895927882]",28
974,1943136294,settled,Dl4a_0010,unmatched,,"[-0.3629926831460144, 0.45628115459666085, -0.28675605289603895, -0.7601412934908084]","[0.0002443355565116545, 0.7071570662376852, -0.0004196182343861876, -0.707056325826156]","[458.456019219526, 5.819262030302237, 10.067437242810248]",5.290000000000101,100.0,0.0,"[50.0, 109.46261412790052, 109.46261412790054]",34
975,3565683129,settled,Dl4a_0026,unmatched,,"[-0.547998248022544, -0.8120182559963203, 0.16486811997466025, -0.1146419430615943]","[-0.8661032840185349, -0.4998644559647091, -0.0006411664647086313, -0.0004647375378697971]","[458.81539387730163, 5.815711245140739, 39.801538516566964]",4.919999999999978,100.0,0.0,"[50.0, 112.46504482722449, 112.4650448272245]",37
976,1751546072,settled,Dl4a_0021,unmatched,,"[-0.3280221644267384, 0.36617063802881317, 0.7613309747857608, -0.42272410662527027]","[-0.5000528448941269, 0.5000244882961923, 0.4999971611239484, -0.49992549673467723]","[458.8888870530851, 9.922041746842043, 5.816992111050277]",5.0900000000000345,100.0,0.0,"[50.0, 100.22721066352297, 100.22721066352295]",40
977,1397927952,settled,Dl4a_0002,unmatched,,"[0.904925349199759, -0.2134010861924796, 0.2823914184143395, 0.23627351860397244]","[0.6828590313903851, -0.18350216272925424, 0.6829568134122967, -0.18330436583996787]","[458.4547011445015, 9.899081382670792, 5.825544735302114]",5.460000000000158,100.0,0.0,"[50.0, 109.66354548826006, 109.66354548826006]",33
978,4035434587,settled,Dl4a_0004,unmatched,,"[-0.6767719944343353, 0.14128449179956656, 0.30945224413417693, 0.652884115694839]","[-0.6123854462501716, -0.35369861816252945, 0.6122424900495816, 0.353610641962008]","[458.3693923470328, 5.822218553400808, 9.917327837629115]",5.220000000000078,100.0,0.0,"[50.0, 113.28124348646156, 113.28124348646158]",34
979,2114130661,settled,Dl4a_0021,unmatched,,"[-0.11671079965840357, -0.12666230183669927, -0.982019919426621, -0.07727954700862226]","[0.5000119426180666, -0.499930918008769, -0.5000759859778656, 0.49998114235087165]","[458.38906823693196, 9.927670454428288, 5.807168539497863]",5.740000000000252,100.0,0.0,"[50.0, 114.2015113681515, 114.20151136815151]",34
980,3638443810,settled,Dl4a_0021,unmatched,,"[0.059547317185544554, 0.39640322724174526, 0.893284933349204, -0.20337312088779458]","[-0.5002656841674368, 0.49969953923404054, 0.5003263691430408, -0.4997080548419401]","[458.8966832523068, 9.91589624368908, 5.815224694824962]",5.610000000000208,100.0,0.0,"[50.0, 109.07467956780839, 109.07467956780839]",41
981,1276054237,settled,Dl4a_0004,unmatched,,"[0.19847170397213157, 0.14485266137657626, -0.7549022116539003, 0.6080701769159308]","[0.6125838629127631, 0.3534052524230434, -0.6123172711314517, -0.35343075408460745]","[458.14540392978836, 5.8261903843266545, 9.912954423199567]",5.270000000000095,100.0,0.0,"[50.0, 112.92056231577294, 112.92056231577295]",37
982,218439059,settled,Dl4a_0011,unmatched,,"[-0.31928362511020086, 0.6061291818978068, 0.5454370968132035, 0.4828703293932732]","[9.895975758883457e-05, 0.7070585055939075, 2.3904041920624897e-05, 0.7071550461552782]","[458.2537331487875, 5.820468825919862, 9.921067337974295]",5.220000000000078,100.0,0.0,"[50.0, 114.27595969141493, 114.27595969141494]",30
983,2213472531,settled,Dl4a_0021,unmatched,,"[0.10514992183552246, 0.24068664568741632, 0.4737389502858386, -0.8405860095836687]","[-0.50021656625741, 0.49977722386788365, 0.5000600081919288, -0.4999460986462898]","[458.8685371109957, 9.913461071058045, 5.8176296769610785]",5.490000000000168,100.0,0.0,"[50.0, 112.75390312780361, 112.75390312780362]",32
984,787746249,settled,Dl4a_0004,unmatched,,"[-0.5694810868307036, -0.2375977186895554, 0.403312307451908, -0.6757054080540255]","[-0.6125647264733097, -0.3531482486683354, 0.6125801190425789, 0.3532652942151926]","[458.3262342026301, 5.82855012725159, 9.915746337671347]",5.080000000000031,100.0,0.0,"[50.0, 113.83212879782806, 113.83212879782808]",35
985,620666044,settled,Dl4a_0011,unmatched,,"[0.3512700169167964, -0.04610390148788196, 0.2607949201033328, -0.8980366446482936]","[7.55983142453065e-05, -0.7071096950016582, 1.7214481754540545e-05, -0.7071038631086797]","[458.77572809793077, 5.823696931396931, 9.920602569854232]",4.990000000000001,100.0,0.0,"[50.0, 110.3694552199507, 110.36945521995068]",53
986,1382691233,settled,Dl4a_0011,unmatched,,"[0.47408594454505865, -0.6966516414024221, 0.33101000622289733, -0.4246779762319307]","[7.699239806230329e-05, -0.7070944280722468, 0.00015226831048809064, -0.7071191134990727]","[458.24035498058413, 5.821544022891348, 9.919513489861409]",5.250000000000088,100.0,0.0,"[50.0, 99.34365860362014, 99.34365860362016]",44
987,3286462226,settled,Dl4a_0004,unmatched,,"[-0.3448778936984663, -0.42718010711039134, 0.8219048655539987, 0.1518182680243951]","[-0.6121871637325962, -0.35383848011221486, 0.6122572850479144, 0.3537883879647187]","[458.4896081714863, 5.815061860082379, 9.922839912851515]",5.280000000000098,100.0,0.0,"[50.0, 103.29967148013579, 103.2996714801358]",36
988,2525897259,settled,Dl4a_0019,unmatched,,"[-0.18660777978837914, -0.7443077658333969, 0.6395441794809863, -0.046548133523710164]","[-0.35360384193170097, -0.6122916178467595, 0.6124992356412358, -0.3534232363960249]","[458.3040536278744, 39.79523005948488, 7.182986832098673]",4.979999999999998,100.0,0.0,"[50.0, 114.1343751213023, 114.13437512130231]",18
989,3052397492,settled,Dl4a_0002,unmatched,,"[0.3577418947578834, -0.03461281949819094, 0.8397397400760982, -0.4070133393371179]","[0.6829492020007336, -0.18316168823666748, 0.6829841345969951, -0.1832071377912138]","[458.9740066262387, 9.923858383653833, 5.819264224079227]",5.080000000000031,100.0,0.0,"[50.0, 106.59588051290557, 106.59588051290557]",28
990,958294864,settled,Dl4a_0011,unmatched,,"[-0.030561851898347012, -0.4924964696048103, 0.3778133004972502, -0.7834349434399235]","[1.8464708872178992e-05, -0.7071417277187902, 3.60901763251098e-05, -0.7070718317649475]","[458.648347751561, 5.824295960182765, 9.919506511730994]",5.1800000000000646,100.0,0.0,"[50.0, 99.34067298237132, 99.34067298237133]",20
991,2025461898,settled,Dl4a_0022,unmatched,,"[-0.3979758930455951, -0.005549041121273697, -0.43366712258227247, -0.8084041213949913]","[-0.5001075881195239, -0.49991170522919515, -0.500094019319186, -0.4998866462722252]","[458.3234920772566, 10.075164537018765, 5.819476684010393]",4.809999999999941,100.0,0.0,"[50.0, 107.34142734278811, 107.3414273427881]",26
992,2542739526,settled,Dl4a_0009,unmatched,,"[-0.2306445065743204, 0.9168653108316615, -0.19133692885921558, -0.2637257913731088]","[0.1827580677848822, 0.6830254494561065, -0.1828159658389813, -0.6831208141238125]","[458.5831333766695, 10.069444786709902, 5.821469117514137]",5.050000000000021,100.0,0.0,"[50.0, 108.47999990956075, 108.47999990956075]",22
993,662844678,settled,Dl4a_0010,unmatched,,"[0.015319791156266027, -0.6766081749749832, -0.37969078318171673, 0.6307151422970638]","[-0.0002690277331260927, -0.7071182037256522, 0.0003005991899593386, 0.7070952433894695]","[458.175517691286, 5.8214778479172224, 10.062854583384164]",5.220000000000078,100.0,0.0,"[50.0, 101.69068682006248, 101.6906868200625]",49
994,4118277549,settled,Dl4a_0004,unmatched,,"[-0.321344111537062, -0.6565169609170431, 0.5522363378719223, 0.4009469654985733]","[-0.6123866856879095, -0.3535157785988275, 0.6124277537006187, 0.35347049094805144]","[458.1580783270514, 5.823561046761887, 9.922188549132322]",5.140000000000051,100.0,0.0,"[50.0, 101.09040536143456, 101.09040536143458]",26
995,111249246,settled,Dl4a_0022,unmatched,,"[-0.6279501010244584, -0.002943014146429479, -0.6948500248436215, -0.3505045681099255]","[-0.49998504938315996, -0.4999737673109821, -0.5001508364163021, -0.49989031119462246]","[458.94082310297364, 10.071533619152566, 5.81518762576805]",5.1200000000000445,100.0,0.0,"[50.0, 98.77654162509947, 98.77654162509948]",33
996,746129938,settled,Dl4a_0002,unmatched,,"[-0.47377988456087816, 0.707079339833246, -0.49704674862137505, -0.16886668662404006]","[-0.6829185709725205, 0.18340635569862646, -0.6828942444146375, 0.1834115183284869]","[458.80235527927357, 9.914204289837073, 5.820353567307165]",5.370000000000128,100.0,0.0,"[50.0, 112.35863607898473, 112.35863607898474]",35
997,3176734675,settled,Dl4a_0011,unmatched,,"[-0.44694209170526156, 0.4952759132457724, -0.012535065867450861, 0.7448405255787244]","[0.00014774862858246696, 0.7071307823762872, 0.0001517086042826521, 0.7070827474707201]","[458.72394009944645, 5.818111707070244, 9.912594717652551]",5.240000000000085,100.0,0.0,"[50.0, 107.05463855115377, 107.05463855115379]",39
998,2924323672,settled,Dl4a_0021,unmatched,,"[0.7808029314754367, 0.10050712330818726, -0.580673385897103, 0.20751751558476023]","[0.5000272115316706, -0.4999129601840359, -0.4999946561221351, 0.5000651595714347]","[458.6477569437053, 9.919111638399787, 5.807970248637936]",5.0300000000000145,100.0,0.0,"[50.0, 100.52187894643019, 100.5218789464302]",25
999,3932611806,settled,Dl4a_0022,unmatched,,"[0.18863484293005242, 0.33663714806484407, 0.7901304930925778, 0.47622067412157004]","[0.5002333348005485, 0.4998290694678306, 0.5001971921800876, 0.49974021351538395]","[458.1825946339625, 10.067952239645495, 5.820130026410433]",5.040000000000018,100.0,0.0,"[50.0, 105.31055580179144, 105.31055580179145]",30
