trial,seed,status,pose_id,match_status,roadmap_pose_id,initial_quat_xyzw,final_quat_xyzw,final_pos_chute_mm,sim_time_s,actual_drop_height_mm,actual_lateral_mm,initial_pos_chute_mm,roughness_impulse_count
0,2684470948,settled,Kk2i_0028,unmatched,,"[0.349089743713377, 0.08400502135107916, 0.056934439305736904, -0.9315782183171066]","[0.13962558944389383, 0.6931703161025258, -0.13963912150858573, -0.6931958766402756]","[481.50837760176375, 9.588302275834133, 9.082950592652892]",5.350000000000121,100.0,0.0,"[50.0, 90.35904564714413, 90.35904564714414]",20
1,4091952314,unsettled,,not_evaluated,,"[-0.17049489125704653, 0.20532709385459424, 0.2597125984666087, 0.9280741580187418]","[-0.000118888723714905, 0.00013991487351699972, -0.43480604165107123, 0.9005241098566027]","[481.85805693659825, 10.735663597915664, 15.005715220839873]",5.240000000000085,100.0,0.0,"[50.0, 91.14484288722277, 91.14484288722278]",30
2,233227757,settled,Kk2i_0017,unmatched,,"[-0.20480810163161187, 0.4982271422400755, 0.5959252640682177, -0.5955639645634782]","[-0.4998676166089181, 0.5001285715420645, 0.49968431531102186, -0.5003192608976486]","[482.0722384619332, 9.697853976768243, 9.958760150478856]",5.420000000000145,100.0,0.0,"[50.0, 87.81883729637406, 87.81883729637404]",34
3,3276785861,settled,Kk2i_0006,unmatched,,"[-0.06476159517851178, 0.4273534090302821, -0.8690822779070483, 0.24056390794969013]","[-0.6941569992512286, 0.1345018413552275, -0.6942771661092658, 0.1342927089676504]","[481.9437096200355, 10.304534079224764, 9.076988202570371]",4.979999999999998,100.0,0.0,"[50.0, 90.84527634871304, 90.84527634871306]",31
4,3644269654,unsettled,,not_evaluated,,"[-0.014279672063401007, -0.3020425176314726, -0.9375844928891162, 0.1717606683803424]","[6.482865137247273e-05, 0.0002416903984883978, -0.18967599660448173, -0.9818467058024354]","[482.1297330271739, 9.619416141267326, 14.996547978637931]",5.250000000000088,100.0,0.0,"[50.0, 90.59294497197762, 90.59294497197763]",35
5,1206282609,settled,Kk2i_0025,unmatched,,"[0.5013371598926143, -0.8114746127900386, -0.0032762861669307047, -0.30026533409139416]","[0.2668173306127061, -0.6547567991986204, 0.26668922445599685, -0.6549648109226529]","[481.533790193786, 10.614992149031908, 10.65243752803319]",5.360000000000125,100.0,0.0,"[50.0, 91.19555765690038, 91.19555765690036]",35
6,3543069911,settled,Kk2i_0004,unmatched,,"[-0.13404834235336777, 0.26953815910033546, -0.46707971399657333, 0.8313944692346683]","[9.028471921493364e-05, -1.0980327950660396e-05, -0.7071504437720062, 0.7070631100553589]","[482.19331003350317, 9.697439960670934, 15.003758911910765]",5.430000000000148,100.0,0.0,"[50.0, 91.02261576528194, 91.02261576528193]",24
7,3479688010,settled,Kk2i_0004,unmatched,,"[-0.32606207839901974, -0.08560879807848332, -0.6532843717329692, 0.6779190101856776]","[-2.3368525260081263e-05, -1.2707718358928588e-05, -0.7068249189309365, 0.7073885306327076]","[481.959954126694, 9.693646999596881, 14.991599016308575]",5.280000000000098,100.0,0.0,"[50.0, 90.12361302213175, 90.12361302213176]",26
8,877132087,settled,Kk2i_0018,unmatched,,"[0.5724358435648497, -0.17574059521237254, 0.22115948882353434, 0.769753810448453]","[-0.5000189221365091, -0.49997929249137535, 0.4999071470906794, -0.500094619919996]","[481.87592457229096, 15.010193276699317, 9.697155191989957]",5.570000000000195,100.0,0.0,"[50.0, 89.79714864205118, 89.79714864205117]",17
9,1244265337,unsettled,,not_evaluated,,"[-0.9163656239680553, -0.3124533183594708, 0.1567298713931644, -0.19514792970686085]","[-0.922178332046675, 0.386764721567882, 0.0004055471683820643, -9.790620623290056e-05]","[481.7734915542898, 10.654250143312517, 15.003410999529837]",5.190000000000068,100.0,0.0,"[50.0, 91.0572302925778, 91.05723029257781]",27
10,2740186692,settled,Kk2i_0003,unmatched,,"[0.6454694822641096, -0.13579899155073316, -0.5987883368552699, -0.45429099595480205]","[0.7071794690359946, 0.0001174660035334063, -0.7070340528898386, -0.00018119016469850258]","[482.1191515630391, 9.959102432769859, 9.690854071611158]",5.260000000000091,100.0,0.0,"[50.0, 90.19294096464965, 90.19294096464964]",30
11,3884972972,settled,Kk2i_0020,unmatched,,"[-0.6012548493196739, -0.6463381036093496, -0.20334873870383272, -0.42354333008537154]","[-0.5482866747121857, -0.4464440637074649, -0.5484216377214466, -0.44643378858722743]","[481.7427119000785, 9.035657016166718, 9.754817955663123]",5.280000000000098,100.0,0.0,"[50.0, 89.63756688202221, 89.63756688202223]",28
12,829139639,settled,Kk2i_0017,unmatched,,"[0.5209095300472875, 0.10632951834513299, -0.4095752090978097, 0.7413470463466431]","[0.5000763324604026, -0.5000245888169451, -0.4998841652270988, 0.5000148934247903]","[481.70454929958817, 9.704235185887471, 9.949616588147354]",5.370000000000128,100.0,0.0,"[50.0, 91.00747913585468, 91.0074791358547]",31
13,2545567356,settled,Kk2i_0020,unmatched,,"[-0.20435424223634752, -0.592516211079748, -0.6028523939159808, -0.4936930974172911]","[-0.5482645133018231, -0.4466699627595778, -0.5479566461252904, -0.44680586588516913]","[481.5913024799424, 9.034594452989733, 9.760293070240538]",5.1200000000000445,100.0,0.0,"[50.0, 88.170545479087, 88.17054547908701]",34
14,2718398101,settled,Kk2i_0005,unmatched,,"[0.04456266628605246, 0.22721982493144482, -0.0337641677325857, -0.9722372657478868]","[-0.0662967422144872, 0.7038692910866855, 0.06623793340122949, -0.704120230653549]","[482.00026546005273, 10.12820888726742, 9.020334172542098]",5.380000000000131,100.0,0.0,"[50.0, 90.1816760926453, 90.18167609264532]",35
15,176092387,settled,Kk2i_0016,unmatched,,"[0.6150094261867407, 0.09473742193381708, -0.6668593261385558, -0.40998398228323635]","[0.5438718102655437, 0.4519014198338295, -0.5441287131004963, -0.4515667219030291]","[481.7499991371438, 9.029817006932232, 10.127992043395652]",5.270000000000095,100.0,0.0,"[50.0, 86.97241572162235, 86.97241572162237]",27
16,3528048386,settled,Kk2i_0024,unmatched,,"[0.05964849127147125, -0.7507736843900195, 0.5184949801332069, 0.4048998492135285]","[-0.26987552528987346, -0.6534842414464836, 0.26989250265106834, 0.653669323162233]","[481.89620011873785, 9.291461670938538, 9.27631337991832]",5.110000000000041,100.0,0.0,"[50.0, 90.41265468011898, 90.41265468011899]",40
17,569531098,settled,Kk2i_0026,unmatched,,"[-0.11874297779359728, -0.7836385736386496, 0.3947598820333435, 0.4647314565072098]","[-0.20545185573390956, -0.6766500101396334, 0.20565504497736348, 0.6764911686259367]","[482.07072002410763, 9.430471674851752, 9.165233368748023]",5.0900000000000345,100.0,0.0,"[50.0, 88.42249910647239, 88.4224991064724]",25
18,1337295874,settled,Kk2i_0026,unmatched,,"[0.7540801171321847, 0.10513828949510484, 0.3578000943176255, 0.5406368555086236]","[0.6764960720964159, 0.20576971272731936, 0.6764200276260738, 0.20607725732981547]","[482.13947331679617, 9.42594411337128, 9.16031654564242]",5.170000000000061,100.0,0.0,"[50.0, 90.0082164826968, 90.00821648269678]",26
19,612016888,settled,Kk2i_0024,unmatched,,"[0.12009615038615984, 0.8091503209928758, -0.26528910017446583, -0.5103668935463713]","[0.2700026605427505, 0.6535758265909244, -0.27021742743603905, -0.653390958083807]","[481.74860318372157, 9.280077196109099, 9.27209498402361]",5.130000000000048,100.0,0.0,"[50.0, 86.45725039497133, 86.45725039497131]",36
20,232150720,settled,Kk2i_0030,unmatched,,"[-0.5359830145526445, 0.08906100796225318, -0.8028613047566096, -0.24536517743217254]","[-0.707058579754682, -0.0023065603984988585, -0.7071470266406703, -0.002434602160412303]","[481.9371833229472, 9.940237547886468, 9.013428482109028]",5.170000000000061,100.0,0.0,"[50.0, 87.65206394403805, 87.65206394403803]",35
21,2324106676,unsettled,,not_evaluated,,"[-0.04500258594739219, 0.0025524340432222146, -0.32651812985035056, -0.944115545480283]","[-0.0002299217737538051, 0.00034496059719441036, 0.2902140483677634, -0.956961668128958]","[481.7034435401422, 10.485623666833906, 15.009923391829876]",5.230000000000081,100.0,0.0,"[50.0, 88.5143601843285, 88.51436018432851]",31
22,1658700540,settled,Kk2i_0013,unmatched,,"[0.3856602856164407, 0.1640545618070452, -0.897042914685939, -0.1402364220176025]","[0.621038742067988, 0.33813985235717736, -0.621004609601051, -0.33812068252729494]","[481.8368364378925, 9.166565238939134, 10.466940700451854]",5.270000000000095,100.0,0.0,"[50.0, 90.65414952071909, 90.6541495207191]",40
23,609942288,settled,Kk2i_0010,unmatched,,"[-0.6615657420037585, 0.6011805735348285, -0.4450209339615182, 0.05356356361715848]","[-0.6548245754834872, 0.26691128429289557, -0.654754821750209, 0.26694431077443836]","[481.9384881635829, 10.62530654230317, 9.266601435917638]",5.370000000000128,100.0,0.0,"[50.0, 89.19762101004619, 89.1976210100462]",43
24,3405943863,unsettled,,not_evaluated,,"[0.7845222555156509, 0.5211125294606916, 0.14359868610630752, -0.30388481302667647]","[0.8608455421426916, -0.5088663257264967, -0.00011388882551793822, 4.630341122624504e-05]","[481.8130313883784, 10.835903143844023, 15.000912386146565]",5.220000000000078,100.0,0.0,"[50.0, 90.12898481176312, 90.1289848117631]",32
25,2257503667,settled,Kk2i_0019,unmatched,,"[0.6034227644478223, 0.39225425648930207, -0.5079168677173587, -0.4733265480620753]","[0.49679801386640254, 0.50333178060195, -0.4968103828513094, -0.5030191800971446]","[481.83456491211297, 9.013261715812574, 9.943068896383597]",5.220000000000078,100.0,0.0,"[50.0, 84.23771758965161, 84.2377175896516]",34
26,4018327298,settled,Kk2i_0003,unmatched,,"[-0.7659205575247773, -0.2830695053767261, 0.5022718464389246, -0.28453531759966677]","[-0.7070420589130001, -0.00010003025182669933, 0.7071714576315606, -0.00021548380071684248]","[481.6031377982596, 9.962846414067945, 9.69508829996258]",5.190000000000068,100.0,0.0,"[50.0, 90.28509120334547, 90.28509120334549]",29
27,2224437599,settled,Kk2i_0017,unmatched,,"[-0.6123369115304546, 0.06270447467512338, 0.5201098551092568, -0.5921126533450277]","[-0.5001522622467514, 0.49979215090064066, 0.4999051533086318, -0.5001503355622604]","[481.8944029208658, 9.694724252280292, 9.956300855888925]",5.450000000000155,100.0,0.0,"[50.0, 90.73644253215107, 90.73644253215109]",41
28,168388230,settled,Kk2i_0028,unmatched,,"[0.611570761245609, 0.02118769316912591, 0.654066567917755, 0.44466752791262565]","[0.6933674415400397, 0.13883501971505258, 0.6933478725083789, 0.1386908648795775]","[482.35160953122056, 9.580492319833729, 9.073801202718544]",5.130000000000048,100.0,0.0,"[50.0, 88.40177180407471, 88.40177180407473]",30
29,911875363,settled,Kk2i_0008,unmatched,,"[0.4179313099460675, -0.6409283940444419, -0.2553852315313794, 0.59103519132962]","[0.20127536974589286, -0.677816915472466, -0.20117828925617134, 0.6779231155263894]","[482.0399771157217, 10.457876509898583, 9.154199176516826]",5.210000000000075,100.0,0.0,"[50.0, 85.85278567688631, 85.8527856768863]",26
30,3699796293,settled,Kk2i_0017,unmatched,,"[-0.30739590938505207, 0.5248451890741236, -0.7006219887471803, 0.37306046598779463]","[-0.5001032563111109, 0.49995723835985567, -0.4999385460929717, 0.5000009429681663]","[482.1122723172277, 9.702578464483823, 9.957443878450952]",5.300000000000105,100.0,0.0,"[50.0, 89.32788832610234, 89.32788832610233]",34
31,3195154224,settled,Kk2i_0026,unmatched,,"[0.12201026212475458, -0.7550394894311968, 0.42152916537896845, 0.48717761450074515]","[-0.20604235199009358, -0.6764039965916577, 0.20619277748312614, 0.6763939097116539]","[481.950792011401, 9.431913412750314, 9.163791302026732]",5.170000000000061,100.0,0.0,"[50.0, 90.37088666561432, 90.37088666561431]",26
32,3621210587,settled,Kk2i_0004,unmatched,,"[-0.19518508667563716, -0.23685537345835786, 0.3018603443143305, -0.9025977213209435]","[-0.00014599577285426268, 8.829453899958373e-05, 0.7071721285372514, -0.7070414072099327]","[481.78556527104723, 9.704413354071344, 15.0011766503527]",5.360000000000125,100.0,0.0,"[50.0, 91.18800959100564, 91.18800959100562]",19
33,1945778437,settled,Kk2i_0029,unmatched,,"[0.5994480898969989, 0.5232689771236637, 0.5614537647935656, -0.22720307017715616]","[0.7034840940675284, 0.07139465326790684, 0.7035090101048583, 0.07133025711454008]","[482.3057831189428, 9.761523186597776, 9.023018630363719]",5.200000000000071,100.0,0.0,"[50.0, 90.3480672335056, 90.34806723350562]",22
34,2384190687,unsettled,,not_evaluated,,"[0.6271519910898339, 0.7556355349822913, 0.01241359428343946, -0.18852379431002778]","[0.9999984284892134, -0.0017477140922589288, 0.00020514577542847946, 0.0002154756737331453]","[481.50130479603865, 9.957040303678374, 15.002765225433059]",5.270000000000095,100.0,0.0,"[50.0, 90.0594292340581, 90.05942923405811]",18
35,3249086786,settled,Kk2i_0026,unmatched,,"[-0.1597703233753325, 0.4897195982284835, -0.5779003828038035, -0.6329923431090553]","[0.20516375710262075, 0.6767135447224404, -0.2052925658689143, -0.6766251351817225]","[481.7500571907688, 9.428124511340888, 9.157902043180844]",5.210000000000075,100.0,0.0,"[50.0, 90.08678060610335, 90.08678060610335]",27
36,439485575,settled,Kk2i_0003,unmatched,,"[0.5212781417789312, 0.09256863769634534, -0.808698544051474, 0.25633339826790696]","[0.7070095837010226, 1.197077641457156e-07, -0.7072039524429266, -0.00013492218288424507]","[482.0786377456177, 9.967546942043214, 9.696268475760206]",5.270000000000095,100.0,0.0,"[50.0, 88.50799898624614, 88.50799898624615]",31
37,2217192537,settled,Kk2i_0004,unmatched,,"[-0.21740486374478168, -0.112592853649051, -0.6073056375673959, 0.7558027765932958]","[-6.438694037530501e-05, 1.3601278168767772e-05, -0.7069434563498926, 0.7072700652462216]","[481.74423188627634, 9.696331611787171, 14.992590314340328]",5.260000000000091,100.0,0.0,"[50.0, 90.23568063916622, 90.2356806391662]",34
38,3412522237,settled,Kk2i_0018,unmatched,,"[-0.24621569511367875, -0.5467507847628059, 0.7917514866850981, -0.11649461005935267]","[-0.5001288953167566, -0.4999511782591701, 0.5000754932090633, -0.499844384301975]","[482.1937387325437, 15.005012340009834, 9.700077792998268]",5.300000000000105,100.0,0.0,"[50.0, 90.30989084248074, 90.30989084248073]",17
39,555567425,settled,Kk2i_0018,unmatched,,"[-0.4612726253349569, -0.6958366341102525, -0.5223568792301665, 0.17373034987483388]","[0.5000361662316642, -0.49982642935950766, -0.49991193366176323, -0.5002253807601343]","[481.5795262570414, 15.00971397337671, 9.704233860542992]",5.460000000000158,100.0,0.0,"[50.0, 90.19273654918464, 90.19273654918463]",15
40,3399977417,settled,Kk2i_0029,unmatched,,"[0.8655048205669646, 0.02649245432845738, 0.32018421698658933, 0.38429366717613994]","[0.7035424491239627, 0.07122559692144798, 0.7034863975985461, 0.07114650390328439]","[481.6124230086781, 9.762024755097137, 9.026220436261132]",5.290000000000101,100.0,0.0,"[50.0, 89.7395427121688, 89.73954271216881]",34
41,2903099886,unsettled,,not_evaluated,,"[-0.9275430186800664, -0.235950465654843, 0.17719537592713272, -0.22933191013283477]","[-0.8546008348776059, 0.5192854714632592, 0.00010593952003035145, 3.0504064801317732e-05]","[482.11549819203907, 10.83954797402938, 14.997572890055737]",5.310000000000108,100.0,0.0,"[50.0, 91.14919581133557, 91.14919581133559]",31
42,151712926,settled,Kk2i_0017,unmatched,,"[0.7767554207616434, -0.4945431487690227, -0.02057994009867571, -0.3894284997127939]","[0.49979677581392473, -0.500089741332597, 0.5000868112792379, -0.5000266139761621]","[481.6258780802698, 9.690844781324547, 9.957331208515134]",5.420000000000145,100.0,0.0,"[50.0, 90.71509868238951, 90.71509868238952]",25
43,1207582415,settled,Kk2i_0017,unmatched,,"[-0.43303184102989717, 0.26753182802764564, -0.22157253360287404, 0.831754626076253]","[-0.49995197294074756, 0.4999963238195706, -0.4999163543473556, 0.5001353212637738]","[481.66444389984764, 9.696076023628907, 9.95805959204215]",5.230000000000081,100.0,0.0,"[50.0, 90.2920707023425, 90.29207070234251]",34
44,2486821540,settled,Kk2i_0021,unmatched,,"[0.1594260365462531, -0.38474526354833694, 0.9006348849824816, 0.12414195503884198]","[-0.3914763299496557, -0.5888103597365815, 0.39122085602186774, 0.5890627175178742]","[481.67397414073906, 9.088056191672266, 9.581498163371332]",5.330000000000115,100.0,0.0,"[50.0, 90.40438858097407, 90.40438858097406]",27
45,1259821421,unsettled,,not_evaluated,,"[-0.32259113934371036, 0.05897052116106503, -0.5412481782532801, -0.7742789187291779]","[-0.00012101211699022674, -0.00012236963756729127, -0.07074384615789583, -0.997494500542498]","[481.64023207861675, 9.861396795100452, 14.997651135573868]",5.240000000000085,100.0,0.0,"[50.0, 90.23372463213887, 90.23372463213889]",35
46,597594931,settled,Kk2i_0016,unmatched,,"[-0.17871979468227023, -0.894261750835104, -0.36951140635140683, -0.17837173699402925]","[-0.452036489937279, -0.5435438899996663, -0.4518297092146159, -0.5441258726436841]","[482.3430703886827, 9.023722627286325, 10.125981187176903]",5.230000000000081,100.0,0.0,"[50.0, 90.3172065726971, 90.31720657269712]",36
47,2865206418,unsettled,,not_evaluated,,"[-0.02304740513733, -0.04508619876411423, 0.7730641006988977, 0.632303683373775]","[-0.0005100446422345861, -0.00015436466063146125, 0.002643574358946862, 0.9999963637637006]","[482.26646176092447, 9.944120457668296, 14.996281057257185]",5.250000000000088,100.0,0.0,"[50.0, 88.62092784540134, 88.62092784540135]",31
48,3003750881,settled,Kk2i_0017,unmatched,,"[-0.3199398432093655, 0.16753826196273716, 0.4776615276337274, -0.8008800737465539]","[-0.5000656245012423, 0.5000261040075397, 0.49993266702460926, -0.4999755943492494]","[482.2606546373247, 9.701405295682402, 9.956504940035067]",5.400000000000138,100.0,0.0,"[50.0, 90.56485249445505, 90.56485249445507]",28
49,3312495928,settled,Kk2i_0004,unmatched,,"[-0.0645330648177024, -0.0038038643413784616, 0.42946817366907813, -0.9007652868348409]","[6.654940297792789e-05, 4.111879872764623e-05, 0.7074005691487806, -0.7068128667818682]","[482.23815600071634, 9.701616553446236, 15.003726575769647]",5.210000000000075,100.0,0.0,"[50.0, 88.93421560945909, 88.9342156094591]",23
50,3078168926,unsettled,,not_evaluated,,"[0.0747193812888315, 0.25057809186231017, 0.15564422601431893, 0.9525767732035362]","[0.00022061962332292628, 7.658943967794873e-05, -0.1922721841105126, 0.9813416085535214]","[481.5695399879457, 10.311784254431403, 15.003968799350776]",5.400000000000138,100.0,0.0,"[50.0, 91.1307609124184, 91.13076091241841]",35
51,1005097259,settled,Kk2i_0018,unmatched,,"[-0.6801311659388386, -0.5348920800158797, 0.3007708324979351, -0.40105980373687483]","[-0.5001309423177099, -0.49987174502503107, 0.4999608887854601, -0.5000363874228381]","[482.23840343998495, 15.003043348700805, 9.704232358344143]",5.190000000000068,100.0,0.0,"[50.0, 90.22144210586035, 90.22144210586033]",23
52,1646080115,settled,Kk2i_0003,unmatched,,"[-0.5522257028074862, -0.16147308682972467, 0.6507326016280868, -0.495500046989705]","[-0.7071236198235488, -0.00021269460243422683, 0.7070898989771313, 0.00012575037872003533]","[482.30213596305373, 9.958364679400106, 9.69858056722515]",5.310000000000108,100.0,0.0,"[50.0, 91.02583235036974, 91.02583235036975]",27
53,2175304393,settled,Kk2i_0008,unmatched,,"[0.4635177847490668, -0.3631238729793856, 0.7637832286457282, 0.2644380754227277]","[0.6776569376219973, -0.20180849234364354, 0.677734968745457, -0.20181605350010373]","[481.98795123737784, 10.472517795579394, 9.159351380856378]",5.250000000000088,100.0,0.0,"[50.0, 90.64643158349476, 90.64643158349477]",33
54,3907648593,settled,Kk2i_0017,unmatched,,"[-0.5606148293844427, 0.6692917164969598, 0.42495561750449845, -0.23910737013771846]","[-0.4996936748518471, 0.5003282609439863, 0.4997157730594312, -0.5002619401567924]","[481.52290489409967, 9.704490069369077, 9.957774481415788]",5.290000000000101,100.0,0.0,"[50.0, 89.2015382135326, 89.20153821353261]",30
55,1971688097,unsettled,,not_evaluated,,"[-0.7670451610843334, -0.5854990613356909, 0.19452063009749831, 0.17605196533582376]","[-0.9998787563558884, 0.015569684516572695, 0.000239815638526885, 8.462255424723786e-07]","[482.1286733587052, 10.00821341530219, 15.004265604846195]",5.330000000000115,100.0,0.0,"[50.0, 90.77417166060644, 90.77417166060646]",24
56,268300483,settled,Kk2i_0002,unmatched,,"[0.16069949385948554, -0.1473121650444817, 0.9459423078805231, -0.2401415184112949]","[-0.0002774387836517733, -7.065212605870952e-05, 0.1956754706086277, 0.9806686638401834]","[482.0449717240974, 9.585340557763637, 15.002559189470716]",5.360000000000125,100.0,0.0,"[50.0, 90.3039997343745, 90.30399973437451]",25
57,3139098279,settled,Kk2i_0028,unmatched,,"[0.8218696626780811, -0.0530459906765047, 0.5409598824621232, 0.1705250304475304]","[0.6934230943014776, 0.13881429716871227, 0.6933073215933568, 0.138636074006611]","[481.7800469266022, 9.591468956417334, 9.076300939336843]",5.170000000000061,100.0,0.0,"[50.0, 87.09626267833538, 87.09626267833536]",31
58,3174456534,settled,Kk2i_0018,unmatched,,"[0.08486702368824024, 0.578487481595668, -0.8085728801483829, 0.06602817138123637]","[0.4997445575509601, 0.5002126531363714, -0.49981436304860616, 0.5002282292421965]","[482.14650587080354, 15.002605170061651, 9.696523600356324]",5.340000000000118,100.0,0.0,"[50.0, 90.13414169517117, 90.13414169517115]",21
59,997026310,settled,Kk2i_0017,unmatched,,"[0.11339847940532417, -0.26350367621587667, -0.34201138662076364, 0.8948378673877303]","[0.49977354021446185, -0.5000891210455659, -0.5001453909664177, 0.49999186734228634]","[481.94942964707775, 9.701535594942158, 9.959079230573483]",5.460000000000158,100.0,0.0,"[50.0, 90.34303287300897, 90.34303287300898]",43
60,4280428995,unsettled,,not_evaluated,,"[0.040082764222048275, -0.3945078544329628, 0.8849169822152643, -0.24429256924853357]","[-1.9960821431852516e-05, -0.00028282109726959076, 0.15686563848019036, 0.9876199122526818]","[481.9424857808619, 9.701552274973075, 15.001045507602873]",5.250000000000088,100.0,0.0,"[50.0, 90.67481370063392, 90.6748137006339]",28
61,345698675,unsettled,,not_evaluated,,"[0.1799933627723881, -0.12901717489034167, -0.7131556542542776, -0.6651059845967076]","[4.0745582652379486e-05, 0.00017935018001703773, 0.05000674934917847, -0.9987488629244285]","[481.50690378340806, 10.093901101017895, 15.005122929439986]",5.1200000000000445,100.0,0.0,"[50.0, 90.66204431134771, 90.6620443113477]",32
62,2296661869,settled,Kk2i_0004,unmatched,,"[0.17970682933787863, 0.07114079317206774, 0.5188104045949198, -0.8327545899724789]","[-0.00012006889752147476, 8.685480405712376e-05, 0.7070424499578839, -0.7071710910361482]","[481.85735710658656, 9.698917035446723, 14.998805745989632]",5.200000000000071,100.0,0.0,"[50.0, 90.0891882186615, 90.08918821866152]",25
63,1808063307,settled,Kk2i_0018,unmatched,,"[0.2033581204969602, 0.7445317657791194, 0.5727615353710702, -0.2761560214319879]","[-0.4999790254129794, 0.500011251585374, 0.4999133014862816, 0.5000964041384433]","[481.9894833589783, 14.9973670989141, 9.694415284573552]",5.420000000000145,100.0,0.0,"[50.0, 89.81492300263454, 89.81492300263456]",19
64,3884888703,settled,Kk2i_0015,unmatched,,"[0.6793004957295425, 0.4230084733751552, -0.5069137185358015, -0.32039530257889964]","[0.5853035013591186, 0.3967865853611617, -0.5852734142581214, -0.39678110783759285]","[481.93375576750486, 9.082879941866008, 10.296401413743874]",5.140000000000051,100.0,0.0,"[50.0, 86.91203852241507, 86.91203852241506]",25
65,2494461129,settled,Kk2i_0021,unmatched,,"[0.6988770933263098, 0.586695007864493, -0.028007765136989552, -0.40813642481734236]","[0.3917285282558215, 0.5888258800362334, -0.3915335668921315, -0.5886716479896141]","[482.1391967882482, 9.081702012640955, 9.583237309909338]",5.0900000000000345,100.0,0.0,"[50.0, 89.72418709308607, 89.72418709308609]",31
66,3862701690,settled,Kk2i_0010,unmatched,,"[0.32442249600288015, -0.49395592226430945, -0.12500221364868, 0.7969517159340374]","[0.2661935148951975, -0.6550582740628715, -0.2658458679267863, 0.6552599825380504]","[481.7192467123225, 10.607236327942656, 9.278004411804194]",5.210000000000075,100.0,0.0,"[50.0, 88.27549319824696, 88.27549319824698]",32
67,1989052338,unsettled,,not_evaluated,,"[-0.42870128489106196, -0.8600027388149851, 0.11578295519546317, 0.25140565795081565]","[-0.9948642030590912, -0.10121865034843489, -2.7077064191173554e-05, 3.9497761206430664e-05]","[482.24958562540854, 9.76932854071293, 14.999178944811414]",5.380000000000131,100.0,0.0,"[50.0, 90.41513894949404, 90.41513894949405]",25
68,2910179760,settled,Kk2i_0017,unmatched,,"[0.6874480246775395, -0.6293776814475954, 0.0713303005926424, -0.35526178471651215]","[0.5001021459365944, -0.4997858853126726, 0.5000419046837187, -0.5000700011319618]","[482.2278017503937, 9.69134962616537, 9.946735126673806]",5.450000000000155,100.0,0.0,"[50.0, 90.84380675891222, 90.84380675891224]",37
69,1983180500,settled,Kk2i_0018,unmatched,,"[0.5537040183723525, -0.21712226630328488, -0.041601373278368714, -0.8028319296434271]","[-0.5000636101302358, 0.4998231044892655, 0.49999344406355817, 0.5001197915856659]","[482.1807519751972, 15.008883108086266, 9.691231711407136]",5.730000000000248,100.0,0.0,"[50.0, 90.68468070363697, 90.68468070363694]",24
70,2796940620,settled,Kk2i_0029,unmatched,,"[0.6429623651661133, 0.4498104375355989, 0.5600263962080593, -0.2657826232360657]","[0.7033868172703085, 0.07210050627130349, 0.7034959024601384, 0.07170786224371009]","[482.3133296072029, 9.755561575794864, 9.031223108647863]",5.230000000000081,100.0,0.0,"[50.0, 90.45787125554611, 90.45787125554612]",27
71,2835193311,settled,Kk2i_0015,unmatched,,"[-0.03739039526881122, -0.9208521173882708, -0.08934805188513095, -0.3776906960298498]","[-0.396613525511675, -0.585296231784054, -0.39689848877673584, -0.5853183937374002]","[481.5518116252873, 9.081423782935886, 10.305471880702648]",5.330000000000115,100.0,0.0,"[50.0, 90.80660377891596, 90.80660377891597]",32
72,1671370085,settled,Kk2i_0030,unmatched,,"[-0.8264346652783222, -0.1321621962163896, -0.3527524311990733, 0.41845503964071346]","[-0.7071881169342088, -0.0020422515674914654, -0.7070185615528253, -0.002355864036101052]","[482.1962310201945, 9.94019736649557, 9.003466193251041]",5.330000000000115,100.0,0.0,"[50.0, 90.74938900943437, 90.74938900943438]",34
73,3953588250,settled,Kk2i_0009,unmatched,,"[0.4702031123833249, 0.021406761150447595, -0.8422546634947904, 0.26278863275141723]","[0.6750746669203711, 0.21097466387693803, -0.6747498637286796, -0.21089453924293902]","[481.9092561151594, 9.421430114686402, 10.73206111618454]",5.240000000000085,100.0,0.0,"[50.0, 89.87710791859413, 89.87710791859412]",36
74,358542842,settled,Kk2i_0004,unmatched,,"[0.10735659184234503, 0.2029367794254412, -0.02907667244048502, -0.9728544458778069]","[0.00010924035311518643, 7.681040926313387e-05, 0.7071551044968442, -0.7070584419627304]","[482.181053172526, 9.696763913029018, 14.998004396332416]",5.170000000000061,100.0,0.0,"[50.0, 90.22798529042551, 90.2279852904255]",26
75,3497188667,settled,Kk2i_0022,unmatched,,"[0.2919765679122567, -0.048747198747361525, 0.9150532874671483, 0.2739541485358981]","[0.6238284831997735, 0.3329653101098941, 0.6237965088213114, 0.33294149845646415]","[482.27766984269465, 9.17041181277863, 9.428932260187862]",5.050000000000021,100.0,0.0,"[50.0, 90.20244470980896, 90.20244470980894]",33
76,253549709,settled,Kk2i_0018,unmatched,,"[0.30010673307083396, 0.5155344203869836, -0.6703577212910298, 0.44133970551866974]","[0.4999951354053975, 0.49993796610564334, -0.5001047248827821, 0.4999621573349404]","[481.8475093658851, 15.002625926788458, 9.693054760403191]",5.200000000000071,100.0,0.0,"[50.0, 90.1715815597075, 90.17158155970752]",21
77,1953331372,unsettled,,not_evaluated,,"[-0.14150696466078264, -0.1808100534266529, 0.05662958103217592, -0.971636039926712]","[0.00010751601364900054, -0.0003213760352799855, 0.47511105263323655, -0.8799257768831918]","[482.1032571056636, 10.761069979250141, 14.999888428880974]",5.300000000000105,100.0,0.0,"[50.0, 90.92699375974136, 90.92699375974138]",23
78,890775398,settled,Kk2i_0003,unmatched,,"[0.6001554371354401, -0.15560007509735826, -0.7567404099813465, 0.2072342148578009]","[0.7070049232595708, 0.0004177452317130902, -0.7072085009814519, 1.0733951001706819e-05]","[481.89900144732513, 9.955000448630777, 9.703124242477505]",5.280000000000098,100.0,0.0,"[50.0, 86.7071401324732, 86.70714013247319]",44
79,642810498,settled,Kk2i_0003,unmatched,,"[0.2022732219215205, -0.9256380572142716, -0.08491884377451847, -0.3083318353690952]","[-0.0002834866944601833, -0.7069970768599322, -0.0003719718323934585, -0.707216313855783]","[481.60468510842435, 9.950909880444703, 9.705988708651077]",5.340000000000118,100.0,0.0,"[50.0, 90.66876638596493, 90.66876638596494]",42
80,1233062494,settled,Kk2i_0018,unmatched,,"[0.6484705890085933, -0.1699505138861542, -0.1394193506500166, -0.7288106494042248]","[-0.5001450120094315, 0.49983656291785383, 0.4998271483070068, 0.500191162604696]","[481.77967624099585, 15.011079380688791, 9.698982599098127]",5.700000000000238,100.0,0.0,"[50.0, 88.82768739304912, 88.8276873930491]",17
81,908446902,settled,Kk2i_0018,unmatched,,"[0.22250656114612832, 0.8486682401872814, -0.3923837536671801, 0.2762028931825312]","[0.5000826543603272, 0.49984426064972254, -0.5001012157136246, 0.49997182715150723]","[482.0153121770628, 15.00048893689016, 9.69184971761292]",5.270000000000095,100.0,0.0,"[50.0, 90.53267960173814, 90.53267960173812]",16
82,3109591194,settled,Kk2i_0024,unmatched,,"[-0.7393603768084694, -0.47008268318612156, -0.4348076896123711, -0.2081124148822611]","[-0.6532661280144929, -0.2704003087400644, -0.6535747089170693, -0.2701243026574956]","[481.9107795157033, 9.287549524410132, 9.28279079399921]",5.230000000000081,100.0,0.0,"[50.0, 88.74627067729612, 88.74627067729614]",29
83,2446198906,settled,Kk2i_0017,unmatched,,"[0.46838088924676186, -0.6025678945606854, 0.5917783634461127, -0.25947956295276087]","[0.4999717116741591, -0.4999743274933681, 0.4999658867338514, -0.5000880637203806]","[482.0027498529603, 9.69234238309476, 9.956816445054587]",5.390000000000135,100.0,0.0,"[50.0, 88.88904587332655, 88.88904587332657]",39
84,3358664237,unsettled,,not_evaluated,,"[0.024765616581336785, 0.0070959192151057865, -0.5881586200781739, -0.8083351716915311]","[-4.6472653184248536e-05, 0.00015052304347113604, 0.10009318523909523, -0.9949780547588968]","[481.9034604179583, 10.162291124983572, 14.999429183014763]",5.210000000000075,100.0,0.0,"[50.0, 88.22148414379821, 88.22148414379822]",26
85,896344283,settled,Kk2i_0018,unmatched,,"[-0.38634312381259117, -0.4288502954339026, -0.23248445573040505, 0.7828009917167457]","[0.5000525928761128, -0.49998860459836736, -0.49994857424172434, -0.5000102226388189]","[481.61049005525155, 15.001291640742338, 9.687146090444067]",5.530000000000181,100.0,0.0,"[50.0, 90.74482963698914, 90.74482963698915]",18
86,1869944201,settled,Kk2i_0029,unmatched,,"[0.670371325755256, 0.3999286459601908, 0.031112881082000495, -0.6242526350576072]","[0.07167776659234554, 0.7036932478650897, -0.0715354409705394, -0.7032501627234544]","[481.8502023767448, 9.763979241959223, 9.024737714930552]",5.310000000000108,100.0,0.0,"[50.0, 90.21491900666308, 90.21491900666307]",32
87,3190319407,settled,Kk2i_0018,unmatched,,"[-0.4447457840659689, 0.06240244522790489, 0.13797312136129672, 0.8827630147253258]","[0.5002519704518991, -0.4995615997051173, -0.49976912094538156, -0.5004168261644858]","[482.2556812199053, 15.003613506424816, 9.700199481704708]",5.7100000000002415,100.0,0.0,"[50.0, 90.53505795959519, 90.53505795959518]",21
88,987968938,settled,Kk2i_0029,unmatched,,"[-0.8775247888270632, -0.11605795115981574, -0.46151621007641014, -0.05902190104792356]","[-0.7034261453734727, -0.07187950706223059, -0.7034928067531706, -0.07157419448415125]","[481.7790277515425, 9.763573403864626, 9.023876643062897]",5.280000000000098,100.0,0.0,"[50.0, 88.69291875170727, 88.69291875170728]",33
89,48960437,settled,Kk2i_0018,unmatched,,"[0.2114012471439735, 0.6114095541866983, 0.6451706556466325, -0.406500547167762]","[-0.500100667955564, 0.49998223755937715, 0.49971777402218753, 0.5001991906848985]","[482.08748829936394, 15.008533168517072, 9.696531327417066]",5.450000000000155,100.0,0.0,"[50.0, 90.08089871344231, 90.08089871344232]",24
90,2405484524,settled,Kk2i_0019,unmatched,,"[-0.3417230195255686, -0.4212427763487342, 0.8142340509593118, 0.20688840363521335]","[-0.4975565029053159, -0.5024522573415592, 0.49759479334335605, 0.5023730458002169]","[481.58591225008166, 9.02075579910713, 9.941566479699057]",5.210000000000075,100.0,0.0,"[50.0, 88.66454735762186, 88.66454735762187]",29
91,3763400334,settled,Kk2i_0018,unmatched,,"[0.10769911928143597, 0.8032662467918286, -0.5638345914346622, 0.15891755715678432]","[0.5004045266988237, 0.5000002925841551, -0.49974745350808514, 0.49984747652385925]","[481.68189773832034, 15.01255733650127, 9.687861848541502]",5.310000000000108,100.0,0.0,"[50.0, 90.21909967718359, 90.21909967718356]",20
92,4209925572,settled,Kk2i_0028,unmatched,,"[-0.2551440352611338, -0.7322693535047043, 0.09629130523668734, 0.6240281241452846]","[-0.13910921867773834, -0.6932040935014709, 0.1391688049757408, 0.6933604789381187]","[481.57283698136536, 9.581710948349567, 9.07857915443374]",5.1500000000000545,100.0,0.0,"[50.0, 84.74060412670478, 84.7406041267048]",31
93,4172993659,unsettled,,not_evaluated,,"[0.02061258821177018, -0.08279958466112873, -0.5816412641634049, -0.8089578417999006]","[6.294104199339179e-05, 0.00023293636295420445, 0.095158010886637, -0.9954621513363403]","[481.9614544535871, 10.138829744092416, 15.003989732196771]",5.300000000000105,100.0,0.0,"[50.0, 89.32893086102233, 89.32893086102234]",30
94,2147595062,settled,Kk2i_0023,unmatched,,"[0.2212092258062878, -0.37459868996068196, -0.8561954135913807, 0.2786964543064874]","[0.6254949880741513, -0.3297884606334503, -0.6255427447264976, 0.3296844940957591]","[481.8884779531101, 10.737406562750119, 10.50667784536362]",5.380000000000131,100.0,0.0,"[50.0, 90.01163683878923, 90.01163683878924]",25
95,3425188374,settled,Kk2i_0016,unmatched,,"[0.5059250338539225, 0.5109554085324367, 0.07321181329946617, 0.6910893292511195]","[0.45162881409036054, 0.5441129763091512, 0.45161558092587817, 0.5440733869252504]","[481.75690660385874, 9.023967621959116, 10.123795954423983]",5.240000000000085,100.0,0.0,"[50.0, 89.2990603879049, 89.29906038790492]",38
96,3309235867,unsettled,,not_evaluated,,"[-0.24306734196876895, -0.9520584383161628, 0.18532314741948006, -0.012582858568879786]","[-0.9955451482326323, -0.0942858758105366, -0.00010051016554004506, 0.00014611917350387807]","[482.2961037910412, 9.788755260493083, 14.995394134856596]",5.220000000000078,100.0,0.0,"[50.0, 90.43209220840073, 90.43209220840075]",37
97,3869940862,settled,Kk2i_0026,unmatched,,"[0.4370446962991622, 0.5315879670277385, -0.0712213307553231, -0.7220344097018713]","[0.20512052708415862, 0.6766052908813146, -0.20545332411717127, -0.6766977030619603]","[482.06215320364726, 9.431020958009974, 9.161422934038463]",5.200000000000071,100.0,0.0,"[50.0, 88.80465270665634, 88.80465270665633]",24
98,3445858407,settled,Kk2i_0018,unmatched,,"[0.3661788719150667, -0.41659059920173236, 0.7948487591076118, 0.24613158384254633]","[-0.5002647694051595, -0.49971035574661093, 0.49984730169026975, -0.5001773643864291]","[481.7482793264259, 15.002403120080595, 9.706060739435474]",5.430000000000148,100.0,0.0,"[50.0, 90.64539166843349, 90.64539166843348]",16
99,683688611,settled,Kk2i_0006,unmatched,,"[-0.682405748726563, 0.305727349839879, -0.6632158721570864, 0.03158937453857804]","[-0.6941029293156343, 0.13437552465975058, -0.6943113762193602, 0.13452157722926955]","[482.1548526112097, 10.303982388172539, 9.07718140760438]",5.250000000000088,100.0,0.0,"[50.0, 87.89676692617103, 87.89676692617101]",33
100,3671515462,settled,Kk2i_0017,unmatched,,"[0.6402118711341894, -0.3304223695691226, -0.27371010904364496, 0.6372068690421518]","[0.5001130138056772, -0.4997217705009643, -0.500312928851352, 0.49985207685250843]","[481.54504664679786, 9.689742671189812, 9.95621020789577]",5.290000000000101,100.0,0.0,"[50.0, 89.86960994042623, 89.86960994042624]",35
101,3027130951,settled,Kk2i_0022,unmatched,,"[0.4323985038399516, -0.027103271289900536, 0.5777234325488388, 0.6917604947135565]","[0.6242933867091541, 0.33234758306602025, 0.6240829785965736, 0.33214949520873577]","[482.4381770506448, 9.16721977828162, 9.420584207471773]",5.100000000000038,100.0,0.0,"[50.0, 89.36234592094792, 89.36234592094793]",40
102,3369736057,settled,Kk2i_0022,unmatched,,"[0.392632373983932, 0.52958689597549, 0.7336367340362236, 0.1647867742977288]","[0.6243879797117621, 0.33191158422264333, 0.6243966506542582, 0.33181798278879276]","[482.15877443704494, 9.181413234295066, 9.412909413150773]",5.0900000000000345,100.0,0.0,"[50.0, 89.41442762295678, 89.4144276229568]",37
103,1655287705,settled,Kk2i_0016,unmatched,,"[-0.338374559147956, -0.8339932412337537, -0.3591333831681041, -0.24694360569181797]","[-0.45169360873955594, -0.5439693360769564, -0.4517428940783437, -0.5440575363705153]","[481.81472701051894, 9.028545823167141, 10.123647993303507]",5.250000000000088,100.0,0.0,"[50.0, 89.9996700317742, 89.99967003177422]",25
104,3004971955,settled,Kk2i_0018,unmatched,,"[0.5983807723644567, 0.14162009627689387, 0.0638763219609358, 0.7860050986398133]","[-0.5002411854994285, -0.4997885851635009, 0.5000471554312923, -0.4999229628807478]","[482.0395114986794, 15.008601742729573, 9.696529053722266]",5.6500000000002215,100.0,0.0,"[50.0, 90.13831032250705, 90.13831032250704]",16
105,1256815592,settled,Kk2i_0030,unmatched,,"[-0.8963728679837667, 0.2073247730587596, -0.3124893183533954, -0.23639489405171335]","[-0.7072784977380173, -0.00263315726959687, -0.7069244052102656, -0.00284225937585092]","[481.63157812216554, 9.941126769333136, 9.004137852719625]",5.370000000000128,100.0,0.0,"[50.0, 89.6736604121763, 89.67366041217632]",37
106,267482411,settled,Kk2i_0022,unmatched,,"[0.4002740386498517, -0.1331578089714626, 0.5374979806924249, 0.7301682084591344]","[-0.33206232811265884, -0.6241045461854839, 0.3322563600773392, 0.6243667486879564]","[482.2210933996651, 9.176449508715462, 9.415181599983903]",5.420000000000145,100.0,0.0,"[50.0, 89.83251002637378, 89.83251002637377]",33
107,2210323869,unsettled,,not_evaluated,,"[-0.03946429185382657, -0.17456744636691948, 0.9180226636504986, 0.35384059315100097]","[-8.076288926184283e-05, -8.981000082080497e-05, 0.000954017454667251, 0.9999995376310009]","[482.0426621511337, 9.954581041534013, 14.998638482850883]",5.110000000000041,100.0,0.0,"[50.0, 90.22021840478237, 90.22021840478239]",25
108,3218958405,settled,Kk2i_0029,unmatched,,"[-0.404214603219616, -0.0038812743139640593, -0.9040684339258072, 0.13876511460971241]","[-0.7034131602704441, -0.07145306092114398, -0.7035782589637315, -0.07128828485038982]","[482.1363493608076, 9.77042898916253, 9.0245395831183]",5.130000000000048,100.0,0.0,"[50.0, 89.50132887593426, 89.50132887593428]",22
109,3163371865,settled,Kk2i_0004,unmatched,,"[0.8462289503461226, -0.5167025404202564, -0.06457889602577149, 0.11289204802573749]","[0.706912866526749, -0.7073006183052807, -8.258353014722886e-05, 0.00016632457175796977]","[482.2296136302463, 9.70628785796543, 14.997367683924377]",5.300000000000105,100.0,0.0,"[50.0, 89.76752962607384, 89.76752962607385]",23
110,1394697297,settled,Kk2i_0017,unmatched,,"[-0.527043442183119, 0.08164700032060408, 0.5638111724638022, -0.6306155240678819]","[-0.5001030537653146, 0.49988771292158785, 0.5000574807359031, -0.49995172371409335]","[482.0081993069738, 9.697146041871813, 9.957674233876526]",5.480000000000165,100.0,0.0,"[50.0, 89.95812816148478, 89.9581281614848]",46
111,4178031102,unsettled,,not_evaluated,,"[0.14205173309217967, 0.22217751906063563, 0.8725296558567031, -0.4112790473634079]","[-9.211414684462405e-06, 0.00018049015742353097, 0.16044664906300146, 0.9870444975495821]","[481.67318690009995, 9.701977039576008, 14.99957379266309]",5.210000000000075,100.0,0.0,"[50.0, 90.28969299334553, 90.28969299334554]",25
112,643453088,unsettled,,not_evaluated,,"[0.16125469630250971, -0.1583389287120832, -0.45793045026355916, -0.8597821871242212]","[8.491497651974544e-06, 1.0335109799810942e-05, 0.016298054546420877, -0.9998671777986724]","[481.77691050722876, 10.01776025003248, 15.003108807159968]",5.190000000000068,100.0,0.0,"[50.0, 90.89187490842208, 90.8918749084221]",24
113,3249835323,settled,Kk2i_0018,unmatched,,"[-0.4388154353499695, -0.6030056891706321, 0.6417647301759779, -0.17878250369827034]","[-0.499994646609365, -0.49998476215304855, 0.5000663515148114, -0.49995423296477937]","[482.33602465926083, 14.991466131943476, 9.699598259997432]",5.240000000000085,100.0,0.0,"[50.0, 90.03250686894994, 90.03250686894995]",24
114,349764347,settled,Kk2i_0018,unmatched,,"[-0.30489753517779516, -0.43322652470872064, -0.6190352861678763, 0.5797823607271656]","[0.5000667586662092, -0.5000912023361173, -0.4998574677627578, -0.4999845379058151]","[482.08570077037643, 15.009122590861159, 9.693775099566935]",5.530000000000181,100.0,0.0,"[50.0, 90.68977595771474, 90.68977595771473]",21
115,317791015,unsettled,,not_evaluated,,"[0.5443368254782056, 0.8017468445001573, -0.08128455950703292, 0.2330069487120453]","[0.9999986762779898, 0.0016177195286654106, 0.0001719793694339591, -2.913573861146324e-05]","[481.85892765201856, 9.957025820801396, 14.9977101575624]",5.1200000000000445,100.0,0.0,"[50.0, 90.96269459035523, 90.9626945903552]",32
116,4067508317,settled,Kk2i_0021,unmatched,,"[0.5955590242325951, 0.7207480982005338, 0.2068895066340097, 0.28814642048821065]","[0.5886942094949829, 0.3916691402540583, 0.5890526436542846, 0.3912178361010943]","[482.2420928827368, 9.074732539746803, 9.579585625750132]",5.250000000000088,100.0,0.0,"[50.0, 90.72679860938683, 90.72679860938682]",31
117,2385507088,unsettled,,not_evaluated,,"[0.7935180967557761, -0.5842239107778282, 0.16865601414313822, -0.02380338400102947]","[-0.9562656485940322, -0.29249958787310326, -1.80229054718567e-05, 9.395457583494249e-06]","[482.2884990379813, 9.425399997688498, 15.001878328242055]",5.1200000000000445,100.0,0.0,"[50.0, 89.95555733204617, 89.95555733204618]",21
118,1526028037,settled,Kk2i_0017,unmatched,,"[0.2630177601705282, -0.7900518183688993, 0.4937222272738805, -0.25075514834713364]","[0.49988376106595717, -0.4999007067926058, 0.5000381396216498, -0.5001773362463814]","[481.90976074581897, 9.701640383269517, 9.954279926662354]",5.380000000000131,100.0,0.0,"[50.0, 90.67746196458687, 90.67746196458685]",37
119,297824171,settled,Kk2i_0004,unmatched,,"[-0.933932999720975, 0.21481804800681226, 0.26642393429049765, 0.10315350464185136]","[-0.7069382029108572, 0.7072752630608958, 0.0002789561455747158, -4.136154458236896e-05]","[481.72675603300917, 9.701691342083762, 15.001492494080473]",5.320000000000111,100.0,0.0,"[50.0, 90.89697466161974, 90.89697466161975]",37
120,1353143832,settled,Kk2i_0003,unmatched,,"[0.5671219962586049, 0.5721035472805955, -0.5847319661804703, 0.09570109861091201]","[0.7070504835142106, -1.1564066160818509e-05, -0.7071630722877689, 5.311418968723114e-05]","[481.56749854077964, 9.961413444622702, 9.698437826908402]",5.270000000000095,100.0,0.0,"[50.0, 90.14194580180991, 90.14194580180988]",30
121,1739382006,settled,Kk2i_0004,unmatched,,"[0.9563955010837077, 0.2085247552370943, 0.03434642180192158, -0.2016070317959121]","[0.7073030563917422, -0.7069104478726581, 6.0302767631720267e-05, -3.8353019090775486e-05]","[481.7617718215635, 9.704731794665118, 15.00334027268735]",5.260000000000091,100.0,0.0,"[50.0, 90.30419319034908, 90.3041931903491]",30
122,580680804,settled,Kk2i_0004,unmatched,,"[-0.16968873215430308, -0.36406722040316836, 0.42312173284399845, -0.8121753458477228]","[-0.0003023501173275434, 0.00023603775520869566, 0.7072399297824358, -0.7069735034581708]","[482.2730906663255, 9.700412049461036, 15.00187472219675]",5.370000000000128,100.0,0.0,"[50.0, 90.15587929744613, 90.15587929744615]",21
123,2823014988,settled,Kk2i_0026,unmatched,,"[-0.41227841655831576, -0.6776159921022714, -0.6077500533991811, 0.03876786144108055]","[-0.6762889691598686, -0.20639264005471325, -0.6763376554129746, -0.2064041767852784]","[482.0896789340516, 9.431394619517775, 9.169376443484182]",5.1500000000000545,100.0,0.0,"[50.0, 90.22787443201477, 90.22787443201479]",37
124,3517474495,unsettled,,not_evaluated,,"[-0.23672114932782023, 0.04142403951345284, -0.8289665791097921, -0.5050361938815002]","[-7.099385753378541e-05, -9.644147464487816e-05, -0.08835823283479177, -0.9960887552568932]","[482.31680197355684, 9.811498098961012, 14.996605290943581]",5.310000000000108,100.0,0.0,"[50.0, 90.21626993036436, 90.21626993036435]",25
125,1323262800,settled,Kk2i_0018,unmatched,,"[-0.6415921793379193, -0.5698607289892506, 0.4583733999693336, -0.23132671953065048]","[-0.5001524450106463, -0.4999045492249813, 0.5001084755309742, -0.4998344587122079]","[481.7674265531369, 14.995542981804475, 9.695897059398602]",5.260000000000091,100.0,0.0,"[50.0, 90.2342015351164, 90.23420153511641]",24
126,975802718,unsettled,,not_evaluated,,"[0.1828500380211907, -0.3326974519297312, -0.8638549380056043, -0.3311086153491733]","[-0.00025864621250681896, -0.00014853721928329705, -0.08910660638553719, -0.9960220498248441]","[481.90114594069587, 9.801028398521185, 14.996951576661093]",5.290000000000101,100.0,0.0,"[50.0, 90.91999394806652, 90.91999394806653]",27
127,2199045525,settled,Kk2i_0017,unmatched,,"[-0.22696590219673, 0.3044849169639917, -0.8281543798994311, 0.4122326256312622]","[-0.500003769721888, 0.5000348458562676, -0.4999998350905773, 0.49996154662413356]","[481.84696021677615, 9.702478996203036, 9.954024282592073]",5.300000000000105,100.0,0.0,"[50.0, 90.27336400064999, 90.27336400065]",37
128,1193102617,settled,Kk2i_0024,unmatched,,"[0.264923181569912, 0.29490665124873133, -0.18009117139264283, -0.9002293846029246]","[0.2708107159845844, 0.6534048178235017, -0.2707898189633304, -0.6529904854580655]","[482.20275474877656, 9.276262668166584, 9.271440242531256]",5.300000000000105,100.0,0.0,"[50.0, 89.85246330180782, 89.85246330180783]",24
129,884894373,settled,Kk2i_0022,unmatched,,"[0.24323434425598156, -0.33171914018306525, 0.7142081939729147, 0.5663092101251029]","[-0.3325160794096765, -0.6242130438853598, 0.3322955189217256, 0.6239958500518517]","[481.68042397472976, 9.166918393670764, 9.415843490358823]",5.380000000000131,100.0,0.0,"[50.0, 89.93589565510173, 89.93589565510172]",31
130,3411013638,settled,Kk2i_0007,unmatched,,"[0.3126121128521153, -0.6949372831241458, -0.027806151001005218, -0.6469641855533245]","[-0.1406009831828728, -0.6929066134537096, -0.14050177078920958, -0.6930880470511791]","[481.9641253184322, 9.579790487074293, 10.81179648485675]",5.300000000000105,100.0,0.0,"[50.0, 88.69880625543709, 88.69880625543708]",33
131,805745625,settled,Kk2i_0006,unmatched,,"[-0.3424978912137264, 0.6707485143263009, 0.13948719511167293, -0.6429113060470228]","[-0.1342733941830417, 0.6943241923894632, 0.13450713641490428, -0.6941126722159361]","[481.89010964748104, 10.315936536431984, 9.072511935521094]",5.230000000000081,100.0,0.0,"[50.0, 86.77930899806302, 86.779308998063]",28
132,3780170430,settled,Kk2i_0020,unmatched,,"[-0.45454422231488245, -0.5278795953913799, 0.4315643283729163, 0.5731360337700163]","[-0.4467402280776246, -0.548075551991398, 0.446738833416473, 0.5481430220701211]","[482.14951870336773, 9.023711349919077, 9.749168236876848]",5.200000000000071,100.0,0.0,"[50.0, 82.90866411828772, 82.90866411828775]",26
133,3127142703,unsettled,,not_evaluated,,"[0.8109661425997057, 0.5741242930685939, -0.029942342788381628, 0.10871369634863957]","[0.9948212333351865, -0.10164010958309652, 4.2553710930322286e-05, 4.31003188172685e-06]","[481.62138686356053, 10.166219804696887, 14.996450945533626]",5.280000000000098,100.0,0.0,"[50.0, 89.73433013608896, 89.73433013608897]",24
134,2145807442,unsettled,,not_evaluated,,"[-0.9662686388106635, 0.17809795131962475, 0.1504178008414682, -0.10945557352988719]","[-0.7073406515740992, 0.7068727442178727, -0.00030430067101250296, 0.00018306754083852186]","[482.0718834476163, 9.700867545087814, 14.995735879259136]",5.350000000000121,100.0,0.0,"[50.0, 90.55380933667834, 90.55380933667831]",33
135,7356014,settled,Kk2i_0017,unmatched,,"[0.4988490939016427, -0.7433352498905929, -0.3422532345282446, 0.2854207617510581]","[0.4999195844033165, -0.5001188830255018, -0.5000436908954041, 0.499917812412242]","[482.0349694041884, 9.693718563438448, 9.957023540378575]",5.350000000000121,100.0,0.0,"[50.0, 89.65293852273943, 89.65293852273942]",38
136,1854214563,settled,Kk2i_0018,unmatched,,"[-0.4786522849747108, 0.042381572721339654, -0.04037269627946136, 0.8760512757694499]","[0.5001427850555432, -0.49960914760797404, -0.500000562202056, -0.5002472708380791]","[481.69141256102415, 15.001771701327593, 9.689914150363093]",5.670000000000228,100.0,0.0,"[50.0, 90.82592306217553, 90.82592306217555]",23
137,3246756741,settled,Kk2i_0024,unmatched,,"[-0.08399953635894963, -0.5055213412894473, 0.5871633428450268, 0.626603112194197]","[-0.2706387486666688, -0.6533289234857725, 0.2704845173072305, 0.6532641972082474]","[482.3351994491992, 9.281512085039008, 9.281301216874114]",5.190000000000068,100.0,0.0,"[50.0, 88.11939859243051, 88.11939859243053]",35
138,4269520782,settled,Kk2i_0021,unmatched,,"[-0.5194752963382888, -0.681171635858136, -0.44299430503509846, -0.2643986851386907]","[-0.5888993525047374, -0.3913490409100343, -0.5887752214301577, -0.39164680444013117]","[481.785840445778, 9.076636213049822, 9.581612175712289]",5.310000000000108,100.0,0.0,"[50.0, 88.46989495163177, 88.46989495163179]",30
139,3093880402,settled,Kk2i_0018,unmatched,,"[-0.05416076341648033, -0.7478633609396701, 0.6225989594738519, -0.22391413696379583]","[-0.5001435181039008, -0.5000738881199845, 0.4998001317812817, -0.4999823956807158]","[482.3263312969447, 15.000102768556623, 9.691243246667032]",5.270000000000095,100.0,0.0,"[50.0, 90.17556638505458, 90.1755663850546]",23
140,721312908,settled,Kk2i_0030,unmatched,,"[0.9460509825279109, 0.08363880904516226, 0.11253047497721545, -0.29211124641287545]","[0.7070596416305589, 0.003149000851831313, 0.7071409023533766, 0.0029139646108345962]","[482.082275404115, 9.948079950416066, 9.003487027413302]",5.400000000000138,100.0,0.0,"[50.0, 90.46367476895097, 90.46367476895098]",33
141,2185234596,settled,Kk2i_0018,unmatched,,"[0.658049694064986, 0.4307563872776133, -0.5116749430735624, 0.3458443112025753]","[0.5002736975509171, 0.49971206386470124, -0.49960149490631733, 0.5004122570982723]","[482.31356427567067, 15.014475441152086, 9.703269359745521]",5.170000000000061,100.0,0.0,"[50.0, 90.38922652913648, 90.3892265291365]",21
142,1811372632,settled,Kk2i_0006,unmatched,,"[-0.7830079767653161, 0.2912889024962417, -0.5406254869584637, 0.09886033813084501]","[-0.6942179890697696, 0.13373649597565798, -0.6944643965250793, 0.1337726999620458]","[482.04585251950226, 10.304996739515031, 9.077317276768564]",5.210000000000075,100.0,0.0,"[50.0, 87.07263983187907, 87.07263983187909]",35
143,158871473,settled,Kk2i_0021,unmatched,,"[0.2953320344710821, 0.049810363611343736, -0.7414813692062492, -0.6004192670227223]","[0.39125874632439617, 0.5889508164970638, -0.39082408492515847, -0.5893301823379796]","[481.93490296815264, 9.0761343028374, 9.584105232780558]",5.350000000000121,100.0,0.0,"[50.0, 91.08682520209771, 91.08682520209773]",34
144,3933942357,settled,Kk2i_0030,unmatched,,"[-0.5223161875567112, 0.16004639687034006, -0.6757715829697406, -0.4948774784889842]","[-0.7070139307541, -0.0023625607059628573, -0.7071901859437371, -0.0027858448288101134]","[481.5090216032509, 9.942877955461503, 9.00467658941104]",5.240000000000085,100.0,0.0,"[50.0, 90.0219636685622, 90.02196366856221]",19
145,2247311752,settled,Kk2i_0030,unmatched,,"[0.17245837010463527, -0.918707757440569, -0.27106461152521216, 0.22969140902101487]","[-0.003221285482857439, -0.7070093662516022, 0.002755102939804993, 0.7071914795584977]","[482.05247556886053, 9.943293890338023, 9.00932111048812]",5.1500000000000545,100.0,0.0,"[50.0, 90.25281569818709, 90.25281569818708]",32
146,2639539135,unsettled,,not_evaluated,,"[0.24645239917756623, 0.9491774324123663, 0.19576363711496306, -0.00012297239657634696]","[0.9999604469885517, 0.008892834356479022, 3.8289040907082794e-05, 0.00014314158558709214]","[482.25130731357336, 9.947759025604123, 14.993157950766982]",5.1800000000000646,100.0,0.0,"[50.0, 90.30451994005162, 90.3045199400516]",26
147,588020478,settled,Kk2i_0013,unmatched,,"[-0.5541136395536193, -0.535687911217833, 0.6371731857264717, 0.0026206157474491726]","[-0.6214959325295673, -0.33754804162658175, 0.6211091719984476, 0.3376796142835185]","[481.8323435982386, 9.166305326337476, 10.462858482665375]",5.1500000000000545,100.0,0.0,"[50.0, 89.66014286017607, 89.66014286017608]",22
148,2481404281,settled,Kk2i_0018,unmatched,,"[0.47312332071797125, -0.36721755019782076, -0.5034863658683956, -0.6227415785092134]","[0.5003981673258977, -0.4995286946218588, -0.4995689297613839, -0.5005033884034455]","[482.10726831971095, 15.003092297050232, 9.70183262611696]",5.1800000000000646,100.0,0.0,"[50.0, 89.65800587345753, 89.65800587345754]",17
149,3605935409,settled,Kk2i_0024,unmatched,,"[0.43758170113077044, -0.04842813697409204, 0.8423244287835887, 0.3109124105903791]","[0.6531277457783422, 0.27097417353181286, 0.6531281189470883, 0.2709627376852584]","[481.6745697861378, 9.284105415675265, 9.286148205913344]",5.080000000000031,100.0,0.0,"[50.0, 89.06421095474761, 89.06421095474762]",41
150,1724216363,settled,Kk2i_0004,unmatched,,"[0.9038264397716476, -0.3574809547607453, -0.07814863091813816, 0.2218060532056667]","[0.7066970474478742, -0.7075162354265288, 0.00020928473224265948, -0.00012623878403775215]","[482.3372182616966, 9.703853175564166, 14.999734101833079]",5.290000000000101,100.0,0.0,"[50.0, 90.59592396673472, 90.59592396673473]",21
151,3705963873,settled,Kk2i_0016,unmatched,,"[-0.24027385609289806, -0.5535180547836926, -0.6057941642682696, -0.5185553660364869]","[-0.45170702970473986, -0.5438477760179959, -0.45192346573840575, -0.5440179564597007]","[481.8494405274367, 9.025981177190415, 10.117287253229641]",5.160000000000058,100.0,0.0,"[50.0, 87.23083532893837, 87.23083532893838]",31
152,3077038052,settled,Kk2i_0015,unmatched,,"[0.1080488437677232, 0.9024479935694852, 0.290136968917735, 0.2995556801833302]","[0.4039679000296981, 0.5801482842758029, 0.40454951500812547, 0.5801530779924629]","[481.54696000098363, 9.08850781878359, 10.300220929073152]",5.210000000000075,100.0,0.0,"[50.0, 90.5272200566881, 90.52722005668811]",32
153,3012538924,settled,Kk2i_0019,unmatched,,"[-0.2967683441627183, 0.032054318743469104, 0.7489957090204642, 0.5915289497748546]","[-0.49791259876893157, -0.5021977735839882, 0.4978883633227716, 0.5019836828645191]","[482.1395924253032, 9.017248718124511, 9.937470265412529]",5.350000000000121,100.0,0.0,"[50.0, 91.18438481214999, 91.18438481215]",27
154,339579960,settled,Kk2i_0026,unmatched,,"[0.10943307599770635, -0.7653763970695862, 0.4390938896072842, 0.457624222256652]","[-0.20593036637270207, -0.6764697567166992, 0.20518030148789404, 0.6766700793847704]","[481.97000262236463, 9.420116067494634, 9.15573340021334]",5.130000000000048,100.0,0.0,"[50.0, 90.40691521449241, 90.4069152144924]",21
155,3595527923,settled,Kk2i_0020,unmatched,,"[0.2823598288094946, 0.23222413686361007, -0.7567781334317684, -0.5418779697424069]","[0.4470382511078214, 0.547998512989458, -0.4468096253747338, -0.5479193284419643]","[481.8906439581258, 9.025774723027213, 9.75423746978038]",5.270000000000095,100.0,0.0,"[50.0, 90.67149651800395, 90.67149651800396]",44
156,863450078,settled,Kk2i_0004,unmatched,,"[0.7155061920956329, -0.5773152119456528, -0.01774451200080499, 0.39299257934827014]","[0.7070667525752186, -0.7071468066951822, 3.4402423395168975e-05, -1.2156825771048044e-07]","[481.82651237683297, 9.703256336606522, 14.992897436175538]",5.270000000000095,100.0,0.0,"[50.0, 89.88275290482979, 89.88275290482977]",34
157,1293846983,settled,Kk2i_0011,unmatched,,"[-0.18121937706311114, -0.3645890702557667, 0.8980017844289259, -0.16681469476445587]","[-0.6505057355709414, -0.27717301651743886, 0.6504188973004427, 0.2774394797760559]","[481.52276585082774, 9.29089729786916, 10.613927760443195]",5.230000000000081,100.0,0.0,"[50.0, 90.59594634351227, 90.59594634351228]",28
158,297175216,settled,Kk2i_0018,unmatched,,"[-0.8477666509896012, -0.1312003505967588, -0.01452264579268696, 0.5136801205345047]","[0.5001439201406095, -0.49981671181709675, -0.4999495918750849, -0.5000897112705528]","[482.26138447778953, 15.002157520265108, 9.701641422506222]",5.690000000000235,100.0,0.0,"[50.0, 90.47361776722897, 90.47361776722899]",25
159,1619853330,settled,Kk2i_0018,unmatched,,"[0.15586584480866492, 0.8197316892259058, 0.5503561712418267, -0.029221240168093774]","[-0.5000252714587993, 0.5001063451595316, 0.500349342744399, 0.499518674975198]","[482.19671158931743, 15.00264068801973, 9.692739755558573]",5.420000000000145,100.0,0.0,"[50.0, 90.27281095654597, 90.27281095654598]",21
160,1315304267,settled,Kk2i_0010,unmatched,,"[-0.4261424284512491, 0.323448349614014, -0.8134978350905626, 0.22804619731232195]","[-0.6552207006555781, 0.2659774378463637, -0.655155396806278, 0.26591961572006206]","[481.90451603833657, 10.618046101734238, 9.28188675964943]",5.1800000000000646,100.0,0.0,"[50.0, 87.70517162723704, 87.70517162723705]",40
161,3174143715,settled,Kk2i_0004,unmatched,,"[0.21028905661679084, 0.04956162990199746, 0.6021092416687611, -0.7686264493274656]","[0.00025068140115400156, -0.00019503512465898767, 0.7071397201698985, -0.7070737693325734]","[482.030306298509, 9.699086259148004, 14.986581224669786]",5.160000000000058,100.0,0.0,"[50.0, 90.21662426667964, 90.21662426667966]",33
162,1039824701,settled,Kk2i_0004,unmatched,,"[0.01929008521369939, -0.13940476716176264, -0.33327631338561314, 0.9322666477146534]","[-0.00015853666461002056, -0.00041766111403856987, -0.7072096452370898, 0.7070037610288572]","[481.5036431242486, 9.69268755497432, 15.000490807599451]",5.130000000000048,100.0,0.0,"[50.0, 89.66868789772903, 89.66868789772904]",26
163,721441559,settled,Kk2i_0010,unmatched,,"[0.46336501333295005, -0.46209886921724336, -0.18784827917029898, 0.732441481280148]","[0.2661515444214778, -0.6552746847858745, -0.2659814701530262, 0.6550055728129874]","[481.8817754527188, 10.608516353045212, 9.273088189393464]",5.250000000000088,100.0,0.0,"[50.0, 89.55623813735325, 89.55623813735326]",40
164,4105799406,settled,Kk2i_0021,unmatched,,"[0.8527785751162813, 0.07031150942377336, -0.23963750908264853, -0.45869255248571367]","[0.39164319750558824, 0.5888808357775909, -0.39137568481839907, -0.5887784306803484]","[482.2271090966273, 9.090083148844588, 9.583659580957205]",5.290000000000101,100.0,0.0,"[50.0, 90.24202605990882, 90.24202605990882]",29
165,1633137197,settled,Kk2i_0018,unmatched,,"[0.7236837473945174, -0.25836959954595595, -0.3369182255788813, -0.5440708529780555]","[-0.4998838189086581, 0.49987378539313926, 0.4999530538552561, 0.5002892265588309]","[481.69528889099706, 15.004262566665572, 9.69411815795829]",5.750000000000255,100.0,0.0,"[50.0, 89.8814760165197, 89.88147601651971]",23
166,1521883525,settled,Kk2i_0027,unmatched,,"[-0.5517513661834995, 0.22633379929291328, 0.7597306458933603, -0.2591385476974333]","[-0.677936845880187, 0.20111840793968364, 0.6779582485016304, -0.2008124305774727]","[481.82174964665774, 10.467413030176662, 10.76250973652794]",5.300000000000105,100.0,0.0,"[50.0, 87.29783631565687, 87.29783631565685]",29
167,3988848284,settled,Kk2i_0010,unmatched,,"[0.7716485919791595, -0.43616381321231806, 0.404354639949391, 0.22542604927574153]","[0.654980560366154, -0.2662225462460282, 0.6549189720865531, -0.266846700211588]","[482.3133239391478, 10.603983349296856, 9.273726389948914]",5.380000000000131,100.0,0.0,"[50.0, 90.79603658485276, 90.79603658485273]",29
168,2356674901,settled,Kk2i_0030,unmatched,,"[-0.27157585302068527, 0.8944891783916432, 0.23089258753045264, -0.2698597391605915]","[0.00263240547395191, 0.707112138302925, -0.0026603187920495597, -0.70709151954327]","[482.02492202949327, 9.948701926313658, 9.00445241010893]",5.200000000000071,100.0,0.0,"[50.0, 90.2106514587046, 90.21065145870462]",31
169,3622559309,settled,Kk2i_0004,unmatched,,"[-0.28730237314646756, 0.13582052279844167, -0.8446638484557238, 0.4307587666932988]","[1.7918721990362037e-06, -0.00011741144333676787, -0.7071771481018617, 0.7070363975170301]","[482.0202173182655, 9.70479257069763, 14.991093276329192]",5.430000000000148,100.0,0.0,"[50.0, 90.35427506252687, 90.35427506252688]",31
170,855568988,unsettled,,not_evaluated,,"[-0.05865782718403258, -0.1040160805530854, 0.9877741037645836, -0.10021094864582358]","[8.185920645847888e-05, -3.9332948524720135e-05, 0.08798916070379093, 0.9961214280149946]","[481.6453220084551, 9.81180143438926, 14.99895124519923]",5.1800000000000646,100.0,0.0,"[50.0, 89.77950013355536, 89.77950013355533]",30
171,2610361744,settled,Kk2i_0018,unmatched,,"[0.8768837609624777, 0.09896632620723421, 0.0167945194244441, -0.47010475444803335]","[-0.500043686711123, 0.500031766688771, 0.49975979197908693, 0.5001646668882904]","[481.55102982226697, 15.000196386451291, 9.698627592115576]",5.740000000000252,100.0,0.0,"[50.0, 90.58746970116188, 90.58746970116185]",31
172,3797455899,settled,Kk2i_0017,unmatched,,"[-0.4969180501798989, 0.4726899551502556, 0.24221087694672733, -0.686272940450193]","[-0.49999475560147466, 0.49969927703957295, 0.500333401343513, -0.49997236363341224]","[481.7716700071962, 9.699623764124947, 9.957812910427226]",5.380000000000131,100.0,0.0,"[50.0, 89.16943226872823, 89.16943226872824]",30
173,3701701166,settled,Kk2i_0020,unmatched,,"[0.038018151991904496, 0.4712419557531807, 0.8264302886090928, 0.30577543610716856]","[0.548747104019024, 0.44602255219847264, 0.5488669185540778, 0.4457416342210438]","[481.8879047235757, 9.03883566801874, 9.758978836183172]",5.130000000000048,100.0,0.0,"[50.0, 90.05792509051885, 90.05792509051886]",40
174,1820757617,settled,Kk2i_0018,unmatched,,"[-0.5010353124202004, 0.6673439701378755, -0.2903095196649054, -0.46833324035406926]","[0.5000116059527749, 0.49992069606369893, -0.4998240609075239, 0.500243540385706]","[481.9519246231154, 15.000339429583635, 9.696656298416862]",5.530000000000181,100.0,0.0,"[50.0, 91.09548944499795, 91.09548944499797]",14
175,3255375637,unsettled,,not_evaluated,,"[0.16079504159719665, 0.03163046504438766, 0.9836813166119124, -0.07426665218983812]","[-4.641050581760676e-05, -1.531797163963067e-05, 0.18858879959887112, 0.9820561400843038]","[481.80937992420365, 9.625418451817191, 14.995688400230685]",5.300000000000105,100.0,0.0,"[50.0, 89.832937940232, 89.83293794023201]",27
176,1973362254,settled,Kk2i_0005,unmatched,,"[0.4370329981051625, 0.6281019972483824, 0.25933110964107237, -0.5892685425102347]","[-0.06593765173646098, 0.7039231899405237, 0.06600353999288787, -0.7041220785175295]","[481.80312365604885, 10.130374860835028, 9.02461373576633]",5.280000000000098,100.0,0.0,"[50.0, 90.50272704359261, 90.5027270435926]",35
177,817567550,settled,Kk2i_0016,unmatched,,"[-0.6508066209752018, 0.08221533458115264, 0.55707091057372, 0.5092773129122438]","[-0.5441856809884376, -0.4514004343447705, 0.5443356224655524, 0.45144027577913637]","[481.83052984980753, 9.0368087082139, 10.129490854416916]",5.240000000000085,100.0,0.0,"[50.0, 90.13041594600924, 90.13041594600925]",31
178,3034277235,settled,Kk2i_0010,unmatched,,"[0.8184751723934598, -0.1985326357737203, 0.4910595501215825, -0.22258414800390608]","[0.6548863314398067, -0.2660051915292117, 0.6554056901936959, -0.2660986889004608]","[482.1667281096782, 10.611884547790169, 9.27168600869795]",5.290000000000101,100.0,0.0,"[50.0, 87.39118382305178, 87.39118382305179]",28
179,422340604,settled,Kk2i_0024,unmatched,,"[-0.10515306509406758, -0.6939169060083207, 0.5688745799846401, 0.4287235387804846]","[-0.27008703624758257, -0.6533387455672142, 0.2704785318492512, 0.6534851491811652]","[482.32164762934053, 9.289091339397343, 9.281654115569777]",5.1500000000000545,100.0,0.0,"[50.0, 89.74728330004791, 89.7472833000479]",40
180,2537213971,settled,Kk2i_0016,unmatched,,"[0.23132630909009871, 0.46561995068971057, -0.8276594625733378, 0.21134335630740153]","[0.5440660531132436, 0.4518080470035617, -0.5438470389605445, -0.4517654443695896]","[481.813588195439, 9.025619018846903, 10.124980633376538]",5.200000000000071,100.0,0.0,"[50.0, 90.82228935806774, 90.82228935806775]",25
181,2777209301,unsettled,,not_evaluated,,"[0.32930012781810725, 0.01867638849719574, 0.9112679827706169, -0.24658321497792762]","[0.00010518081367955068, 0.0004404678094823422, 0.22482612472430888, 0.9743987933934211]","[482.1728161731759, 9.577474026425577, 14.994696413797126]",5.340000000000118,100.0,0.0,"[50.0, 90.07375362165529, 90.0737536216553]",23
182,3393578195,unsettled,,not_evaluated,,"[-0.15397492832795756, 0.3309463782688252, -0.9275545927691834, -0.08005431649787881]","[-6.14067652555117e-05, 0.00047991304417241074, -0.061196435585977274, -0.9981256244502746]","[481.5592843062541, 9.876297566639561, 15.00859352542694]",5.250000000000088,100.0,0.0,"[50.0, 90.18686921067707, 90.18686921067709]",37
183,968986378,settled,Kk2i_0024,unmatched,,"[-0.4905117620949998, -0.29508233684492746, 0.22153130108786623, 0.7894608973007544]","[-0.27025741080692667, -0.6534807498406174, 0.2701960248124453, 0.6533895849087534]","[482.3087363201466, 9.27727505577425, 9.275816074840394]",5.270000000000095,100.0,0.0,"[50.0, 89.37911959720465, 89.37911959720466]",27
184,688328363,settled,Kk2i_0020,unmatched,,"[0.6574786135502686, 0.48651254614584893, 0.39037759997999605, 0.4226496712415117]","[0.5481016210796684, 0.4467654784871784, 0.5480440427840496, 0.4468030297243711]","[482.2420727889287, 9.032793060205522, 9.758748524226366]",5.240000000000085,100.0,0.0,"[50.0, 87.09464187532342, 87.09464187532342]",41
185,4152859901,settled,Kk2i_0005,unmatched,,"[0.8341644144507744, 0.048874222441177215, 0.5394240533290614, -0.10393618587774474]","[0.7038759909225168, -0.06715655838180078, 0.7039787803403227, -0.06680166839015832]","[481.6653197463628, 10.128339851765505, 9.026099180883044]",5.230000000000081,100.0,0.0,"[50.0, 86.9691011240166, 86.96910112401662]",29
186,1795468969,unsettled,,not_evaluated,,"[0.6958911543690574, 0.6723588408308361, 0.1118583646721971, -0.22617868308126884]","[0.9999913979610128, -0.0041458946316887705, 0.00012473890878763317, -1.3737509603761746e-06]","[481.9636270286194, 9.973477807092552, 15.004968927177583]",5.230000000000081,100.0,0.0,"[50.0, 90.24142155553623, 90.24142155553625]",27
187,2590496957,settled,Kk2i_0019,unmatched,,"[0.1047572316295402, 0.8643758926302282, 0.4643415446167823, 0.16207149226163065]","[0.5022989415110424, 0.49752685466988894, 0.5023073083476491, 0.4978455284721491]","[481.7122832809776, 9.016639285079036, 9.942540626134484]",5.200000000000071,100.0,0.0,"[50.0, 90.315423128799, 90.31542312879901]",27
188,3299187091,settled,Kk2i_0026,unmatched,,"[0.20222460773203968, 0.2009896358457774, -0.3863384758428723, -0.8771835363215675]","[0.20505207270678297, 0.6767357562972686, -0.2054072289031967, -0.6766019760108052]","[482.047030955669, 9.433877671461696, 9.165924381864523]",5.310000000000108,100.0,0.0,"[50.0, 90.53941020029133, 90.53941020029134]",29
189,1977285233,unsettled,,not_evaluated,,"[-0.32756654353009235, 0.8699542333514705, 0.3587758928499423, 0.08461471587927127]","[0.9918549697404727, 0.12737205621190772, 0.00027981507817847334, 9.99398497791848e-07]","[482.00385901167283, 9.74574917283825, 15.00438198509384]",5.220000000000078,100.0,0.0,"[50.0, 90.8264720646026, 90.82647206460258]",29
190,2229299064,settled,Kk2i_0018,unmatched,,"[-0.619164876115041, -0.029487633076919168, 0.09038781523465148, -0.7794840463653336]","[0.500021222080455, 0.5000506080821239, -0.49989993864861415, 0.5000282173687585]","[482.21471804745556, 15.007664263935839, 9.699299199031119]",5.690000000000235,100.0,0.0,"[50.0, 89.7748179649619, 89.77481796496191]",13
191,621973311,unsettled,,not_evaluated,,"[0.16166114230001008, 0.06193822841095333, -0.8426691729137268, -0.5098411477631677]","[-0.00021713793912137008, 0.00011929867319190182, 0.14068958058496162, -0.9900537260844835]","[481.7233695111205, 10.255976962331854, 15.00488991914769]",5.0600000000000245,100.0,0.0,"[50.0, 90.41990441693109, 90.4199044169311]",26
192,3137073118,settled,Kk2i_0028,unmatched,,"[-0.9517371159511713, -0.13330978245545402, -0.10058018127309286, -0.2575045458971512]","[-0.6931818045087481, -0.13917289614704054, -0.6933043760490875, -0.13949527958761365]","[482.11511711108005, 9.579145316397303, 9.080379128060274]",5.400000000000138,100.0,0.0,"[50.0, 90.6025855545086, 90.60258555450861]",24
193,1722482046,unsettled,,not_evaluated,,"[0.08813421819190732, -0.994524617110877, -0.03387195651061283, 0.0447865616709708]","[-0.9948972810391324, -0.10089127124412661, -0.0005601447947381974, -0.00019443635091975775]","[481.786271798505, 9.763557666041223, 15.000658661127666]",5.260000000000091,100.0,0.0,"[50.0, 88.6569804395911, 88.65698043959108]",34
194,2843863878,settled,Kk2i_0005,unmatched,,"[-0.792454714480961, 0.19954686388438475, -0.5738415226829097, 0.0538746828831977]","[-0.7040113653830965, 0.06608659617814906, -0.7039893234026008, 0.06632941845186625]","[482.20094129157707, 10.12530416060588, 9.022505469840107]",5.200000000000071,100.0,0.0,"[50.0, 86.3118113612968, 86.31181136129682]",35
195,3220027874,settled,Kk2i_0018,unmatched,,"[0.7896857943755625, -0.03461262758727217, -0.1393528469326443, 0.5964722090967093]","[-0.5000370838898308, -0.49981864691359024, 0.5001518152658222, -0.49999239656091266]","[482.101592129319, 15.011868753509269, 9.675686241082621]",5.690000000000235,100.0,0.0,"[50.0, 90.51994144563517, 90.51994144563518]",27
196,2854411774,settled,Kk2i_0017,unmatched,,"[0.25812684870484337, -0.42701643641739917, -0.8403627789845408, 0.21170236820704633]","[0.4998912135037917, -0.5002090238205007, -0.49997214155785985, 0.4999275595686796]","[482.21660878463325, 9.699131543764684, 9.957555225613305]",5.460000000000158,100.0,0.0,"[50.0, 90.30659618354292, 90.3065961835429]",30
197,656915034,unsettled,,not_evaluated,,"[0.12784497927697372, 0.19566603027633855, -0.8798667290965462, 0.4137692652898647]","[3.414942713192426e-05, 0.00013916088609358668, -0.19443559520051396, -0.980915276049408]","[481.50635224700324, 9.594866465511139, 15.002809336969952]",5.200000000000071,100.0,0.0,"[50.0, 90.97890560035802, 90.97890560035803]",32
198,3284494407,settled,Kk2i_0004,unmatched,,"[0.06860253914579117, 0.045309811010266335, -0.15727795108926526, 0.9841261904604139]","[0.00011628500021315658, 8.93579308036685e-06, -0.7069609812334141, 0.7072525414669351]","[481.5026981859123, 9.694362553267382, 15.00685724841022]",5.260000000000091,100.0,0.0,"[50.0, 89.24799895418364, 89.24799895418366]",30
199,1067328885,settled,Kk2i_0004,unmatched,,"[-0.25591978843345803, -0.19766273096154707, 0.15568931420534965, -0.9333784570683347]","[-0.00012551594186144269, -0.00010368682754985371, 0.7073487082295813, -0.7068647525946763]","[481.53280739144594, 9.704299841533158, 15.002969278021563]",5.280000000000098,100.0,0.0,"[50.0, 91.11239999587924, 91.11239999587924]",30
200,1022616554,settled,Kk2i_0010,unmatched,,"[-0.8238360682547088, 0.3606969984141823, -0.22922594801049753, 0.37235369306119537]","[-0.6549912679104559, 0.2664348819920526, -0.6549051093330471, 0.2666424392110232]","[482.1060232941562, 10.61255466895375, 9.27472615113505]",5.300000000000105,100.0,0.0,"[50.0, 89.73198037865122, 89.7319803786512]",31
201,2676922396,settled,Kk2i_0005,unmatched,,"[0.5670889684174194, 0.5750736296769055, 0.14364165261314565, -0.5718981535064273]","[-0.06722242770110176, 0.7038878561563076, 0.06716728681789835, -0.7039258389568959]","[481.5314415022221, 10.133772803505595, 9.023162506822795]",5.240000000000085,100.0,0.0,"[50.0, 90.24486075165794, 90.24486075165795]",28
202,2816620340,settled,Kk2i_0004,unmatched,,"[-0.7565840465540268, 0.6103532874587686, 0.21623990110412925, 0.09104806510126615]","[-0.7071317693421455, 0.7070817624843021, -0.00012324262876672876, 0.00016358604549379652]","[481.9731495488359, 9.70079269015218, 15.000229246009225]",5.280000000000098,100.0,0.0,"[50.0, 90.92155379209707, 90.92155379209709]",24
203,955953799,settled,Kk2i_0026,unmatched,,"[0.11073782713774945, 0.9170597891921606, -0.07497005608619735, -0.37565671480498297]","[0.20626674383404064, 0.6762690111207839, -0.20631736928561684, -0.6764224997121857]","[481.8865257202924, 9.428772525617298, 9.171325460064454]",5.070000000000028,100.0,0.0,"[50.0, 89.74545172530327, 89.74545172530325]",31
204,2242742075,settled,Kk2i_0021,unmatched,,"[-0.5055708590298321, -0.21761777531037735, 0.4139789610763628, 0.725025537588115]","[-0.3915316383530419, -0.588940863665706, 0.391378986469149, 0.5887903907365141]","[481.729175335638, 9.086429957827228, 9.584946599016773]",5.260000000000091,100.0,0.0,"[50.0, 88.53293914760798, 88.53293914760796]",27
205,563646561,unsettled,,not_evaluated,,"[0.1809966848044624, -0.019574520890661435, 0.7801086826909813, 0.5985711999518831]","[0.00010046151679815596, 9.986374045820728e-05, 0.056100936676374204, 0.9984250922521682]","[481.76436131414016, 9.895668350096384, 14.99901941735295]",5.280000000000098,100.0,0.0,"[50.0, 90.00031391862052, 90.0003139186205]",34
206,1252269686,settled,Kk2i_0020,unmatched,,"[-0.011368646951402817, -0.28266853817251103, 0.7576322028925588, 0.5881859370420873]","[-0.4466891717971533, -0.5480459852405879, 0.44664918886971305, 0.5482872275941452]","[481.9541318256865, 9.031603158377584, 9.75841537218064]",5.340000000000118,100.0,0.0,"[50.0, 90.42335508518688, 90.4233550851869]",33
207,4027616480,settled,Kk2i_0026,unmatched,,"[-0.68043651234536, -0.516815929602009, -0.050263332945028244, -0.5170890106530511]","[-0.6766835256461621, -0.20534778440874638, -0.6766602694458468, -0.2050916217473867]","[481.77225929759754, 9.433026286351513, 9.15512419720545]",5.280000000000098,100.0,0.0,"[50.0, 89.35448385548473, 89.35448385548472]",33
208,3293718972,settled,Kk2i_0016,unmatched,,"[-0.08516311405964443, 0.5620827045333399, 0.651702175353801, 0.5020901830421239]","[0.45182600525065275, 0.5437766588917898, 0.45201369622112486, 0.5439152734132734]","[482.0163546308566, 9.02524137447106, 10.121482839583335]",5.240000000000085,100.0,0.0,"[50.0, 90.19455759528253, 90.19455759528252]",31
209,1890189631,settled,Kk2i_0029,unmatched,,"[-0.3394955856316147, 0.8200204556643811, -0.259860350300175, -0.3805020341213674]","[0.07151112980878944, 0.7035110311015963, -0.07177342638149674, -0.7034251649587887]","[481.72178139911756, 9.762625713211156, 9.022669964630026]",5.070000000000028,100.0,0.0,"[50.0, 90.60457587721051, 90.60457587721052]",32
210,3852779429,settled,Kk2i_0018,unmatched,,"[-0.07873436011047828, 0.8811833971798156, -0.4645710261040449, -0.03860677113237618]","[0.4999230125349502, 0.5001992272970186, -0.5002982586999709, 0.49957918981000665]","[481.7009920031445, 15.004516938950601, 9.696182159159555]",5.370000000000128,100.0,0.0,"[50.0, 90.8096121657712, 90.80961216577121]",23
211,3574699569,settled,Kk2i_0004,unmatched,,"[-0.014546357465746501, -0.03992950916464047, 0.7826885063450515, -0.6209611419547136]","[-8.36487125145946e-05, 0.0003511266554352688, 0.7070588594980701, -0.707154607506911]","[482.0623480408926, 9.702807529337365, 14.994718708762136]",5.270000000000095,100.0,0.0,"[50.0, 88.57343598848466, 88.57343598848468]",33
212,2869775536,settled,Kk2i_0018,unmatched,,"[-0.3863819961020629, 0.2479889883113953, 0.7960141815311683, 0.39442595954848136]","[-0.5001534808864838, 0.5000902953079119, 0.4997952065575543, 0.4999609420725492]","[481.9050783529329, 14.997527799166566, 9.694192757076456]",5.230000000000081,100.0,0.0,"[50.0, 89.93170048304006, 89.93170048304007]",19
213,4134650688,settled,Kk2i_0004,unmatched,,"[-0.7081233746404337, 0.6882251021543365, -0.14514896229160873, 0.0619618737464115]","[-0.7068979310523923, 0.7073155285946187, -0.0001957486601354974, -0.00014058884921128167]","[481.61899483291506, 9.706806733692396, 15.002622497814414]",5.160000000000058,100.0,0.0,"[50.0, 89.95224998637518, 89.95224998637516]",29
214,2427166635,settled,Kk2i_0018,unmatched,,"[-0.7325272346230783, -0.4320528088242486, 0.4107407595996201, -0.3286734691545241]","[-0.5002983532073113, -0.4996105070846109, 0.5001208736271447, -0.4999700098517228]","[482.29349466708896, 15.008769345866847, 9.695344362411966]",5.240000000000085,100.0,0.0,"[50.0, 90.39072417544543, 90.39072417544544]",19
215,1727678526,settled,Kk2i_0026,unmatched,,"[-0.817861978484829, -0.44515403845660717, -0.3381080399473218, 0.13646471894828646]","[-0.6765777641267131, -0.20551834471672192, -0.6765573545106595, -0.20560857261246276]","[481.8875089988198, 9.419191457970163, 9.158766987201867]",5.250000000000088,100.0,0.0,"[50.0, 89.87174021955903, 89.87174021955904]",44
216,1757121035,unsettled,,not_evaluated,,"[-0.9059781301467139, -0.3465295566639513, 0.21530600688523707, -0.11297883630699883]","[-0.9951241677840394, 0.0986300363182935, 9.488727455951584e-06, -8.085752376468802e-05]","[481.78711000614106, 10.140875615157011, 15.003132565742282]",5.300000000000105,100.0,0.0,"[50.0, 90.74882374335996, 90.74882374335998]",35
217,3717735769,settled,Kk2i_0018,unmatched,,"[0.5094001570299311, -0.5002641495458026, -0.18323984826967746, -0.6757739405327805]","[-0.4998294167324382, 0.5000089778850353, 0.5000707113249893, 0.5000908516241744]","[481.53826155065474, 15.011119753261475, 9.694711653259354]",5.850000000000288,100.0,0.0,"[50.0, 90.91722877082432, 90.91722877082434]",18
218,3836871440,unsettled,,not_evaluated,,"[-0.4194565967077174, -0.8442144356203974, -0.1926679974710818, 0.2724650306351189]","[-0.986631117400479, -0.16296943923579027, 2.7568721045548306e-06, -6.68237322021259e-06]","[481.7742450714716, 9.700379465299125, 14.994976103067723]",5.290000000000101,100.0,0.0,"[50.0, 90.06154683274535, 90.06154683274536]",25
219,2749509740,settled,Kk2i_0018,unmatched,,"[-0.1597855590775447, 0.9155824751788669, -0.36890595336263704, -0.009257636265270899]","[0.50007309844125, 0.4998811637560202, -0.5000288932884198, 0.5000168239310081]","[482.1260393834684, 15.004462071095165, 9.692668735611823]",5.350000000000121,100.0,0.0,"[50.0, 90.48167073128128, 90.4816707312813]",20
220,2774629600,settled,Kk2i_0022,unmatched,,"[-0.30825961786575184, -0.5268689113523266, 0.49770258237844495, 0.616179598605392]","[-0.333074195421455, -0.6238776970966493, 0.3329411795714882, 0.6236893219827303]","[482.1760776939365, 9.168135750657882, 9.426615767581936]",5.190000000000068,100.0,0.0,"[50.0, 85.8596869828318, 85.85968698283179]",31
221,4108662306,settled,Kk2i_0026,unmatched,,"[-0.3062271054652854, -0.3870148795577624, -0.8664927602010577, 0.07506490124149866]","[-0.6763295334727163, -0.20610303471673036, -0.6764232705423434, -0.2062800530878637]","[482.1426334356237, 9.424694507352058, 9.165737787742936]",5.0600000000000245,100.0,0.0,"[50.0, 90.32543262007621, 90.32543262007623]",28
222,3915063510,settled,Kk2i_0013,unmatched,,"[0.46725796019968024, 0.8012846212229413, -0.1304090628171751, 0.3501520109278076]","[0.3382242197910723, 0.6210465107035573, 0.33793756299279437, 0.6210505713773621]","[482.0819616713721, 9.155086359203885, 10.469179358131289]",5.420000000000145,100.0,0.0,"[50.0, 90.71900518061015, 90.71900518061017]",27
223,4074036573,settled,Kk2i_0013,unmatched,,"[-0.22252096209612113, -0.8929375005362474, -0.2719299177765263, -0.2814270089773681]","[-0.3374203188880269, -0.6214146659815709, -0.33717470275502676, -0.6215340385904655]","[482.0147696616234, 9.171558419048852, 10.467571321407148]",5.230000000000081,100.0,0.0,"[50.0, 90.65853592920732, 90.65853592920733]",23
224,1229361572,settled,Kk2i_0022,unmatched,,"[-0.5077338642986794, -0.31380879933589584, 0.060137209423592304, -0.8000711696758213]","[-0.6240820494896835, -0.3323146803754498, -0.6242233336446846, -0.33231578121605326]","[482.2932801474893, 9.170230861320114, 9.410077957177498]",5.240000000000085,100.0,0.0,"[50.0, 90.50761018570749, 90.5076101857075]",36
225,1745034590,settled,Kk2i_0018,unmatched,,"[-0.40236593803313664, 0.6784087334039052, -0.5993055388273092, -0.1367337320595452]","[0.5002771327839332, 0.4997596341094984, -0.4998160493997732, 0.5001469936834879]","[481.70846017569994, 15.003373828734931, 9.702656651074081]",5.380000000000131,100.0,0.0,"[50.0, 90.46772752410321, 90.46772752410322]",18
226,4151795851,settled,Kk2i_0020,unmatched,,"[0.37827042312259135, 0.7093878632050035, -0.5596843583528156, -0.20108148980772006]","[0.4467460228069014, 0.5480400116178388, -0.44629193911502, -0.548537730564717]","[482.18690477488923, 9.025518627588525, 9.755877162353976]",5.1500000000000545,100.0,0.0,"[50.0, 89.28360657804136, 89.28360657804137]",30
227,2697486113,settled,Kk2i_0017,unmatched,,"[-0.638297706726111, 0.517839873353241, 0.35548034649844024, -0.4450299163056749]","[-0.4998850028967743, 0.5000261247059639, 0.5000548558898918, -0.5000339984354739]","[482.1716746694751, 9.699456889069456, 9.961012158780704]",5.290000000000101,100.0,0.0,"[50.0, 87.29085173519863, 87.29085173519864]",32
228,2966183571,settled,Kk2i_0017,unmatched,,"[-0.4050248111058649, 0.5694886344768997, -0.6901580810227609, 0.18793461838968]","[-0.5002606044650308, 0.4999047381965155, -0.49994912565719035, 0.49988543897933874]","[482.2686590241308, 9.701730374112087, 9.959505716093103]",5.360000000000125,100.0,0.0,"[50.0, 90.56737986868619, 90.5673798686862]",31
229,2500031451,settled,Kk2i_0018,unmatched,,"[0.76319034690919, -0.2277529373624901, -0.35234984779530726, -0.49144549918176267]","[-0.5003464767940807, 0.49976974173808325, 0.4997935303564459, 0.5000900273117238]","[482.2659540542876, 14.999377310175765, 9.698960424851526]",5.740000000000252,100.0,0.0,"[50.0, 90.48837638323286, 90.48837638323288]",17
230,2561181116,settled,Kk2i_0003,unmatched,,"[0.5557099502907066, 0.18332897211156124, -0.733061527964434, 0.3466954504328954]","[0.707207929999722, 0.00032359208406168566, -0.7070053560932114, -0.0005152564244570722]","[481.67500297399374, 9.959782943534647, 9.70551004914891]",5.260000000000091,100.0,0.0,"[50.0, 90.35913353601916, 90.35913353601914]",28
231,65157401,settled,Kk2i_0029,unmatched,,"[0.7007348822005915, 0.34419107347733346, 0.6134359061064913, -0.1191617342318908]","[0.7035181113717155, 0.07111356198769553, 0.7035464080027113, 0.07090543039767402]","[481.8586191044658, 9.766294546058372, 9.020907478205734]",5.300000000000105,100.0,0.0,"[50.0, 89.29177095944928, 89.29177095944927]",33
232,2234388547,settled,Kk2i_0024,unmatched,,"[0.6047940157947055, 0.6077553528195518, 0.07337389496054626, -0.5093858077296758]","[0.2704744179630336, 0.653435037749232, -0.2703008510755255, -0.6533021434046156]","[481.5566065530568, 9.279723638337918, 9.272973729556313]",5.0600000000000245,100.0,0.0,"[50.0, 89.73076790488511, 89.73076790488513]",36
233,2166876674,settled,Kk2i_0015,unmatched,,"[0.337147373849726, 0.47287700853367526, -0.8005264802242199, 0.14790651630775833]","[0.5855559226438937, 0.3963442904832283, -0.5856267439588791, -0.3963291329414562]","[482.2649056058981, 9.077735896455737, 10.303438719836175]",5.240000000000085,100.0,0.0,"[50.0, 90.63386598238333, 90.63386598238334]",35
234,372911645,settled,Kk2i_0003,unmatched,,"[0.45729859765411696, -0.2994543659042598, -0.817463624635389, -0.18154420321901665]","[0.7070570216894964, 0.00015540110244302577, -0.707156516640563, -7.00204371145985e-05]","[481.8700273681757, 9.962728819172813, 9.701738026850764]",5.360000000000125,100.0,0.0,"[50.0, 90.05246064504442, 90.05246064504443]",26
235,2861615969,settled,Kk2i_0016,unmatched,,"[-0.23990956037846306, -0.901204257015366, -0.03228041700793559, -0.35948889364511455]","[-0.4517421185419901, -0.5441440786514369, -0.4520350864031528, -0.5435996326932789]","[481.82381373242856, 9.01734613057831, 10.124656184008874]",5.270000000000095,100.0,0.0,"[50.0, 91.05319018874086, 91.05319018874084]",36
236,2387200314,settled,Kk2i_0020,unmatched,,"[0.013659507951663442, 0.4204500321245355, -0.9053954738728021, 0.05739533273394037]","[0.44636030191034237, 0.548562879260252, -0.4461333471585748, -0.548458097696895]","[482.04906730938967, 9.027459489356671, 9.75431724093236]",5.300000000000105,100.0,0.0,"[50.0, 90.69751768126261, 90.69751768126262]",23
237,1385614205,settled,Kk2i_0030,unmatched,,"[-0.04519506248186818, -0.48284814014254235, -0.26943042102355846, 0.8319989952609412]","[-0.002828780996481095, -0.7071053370319847, 0.0030827814285728228, 0.7070958469667469]","[481.99581527332657, 9.945934233931633, 9.00657381899502]",5.240000000000085,100.0,0.0,"[50.0, 88.32944977636068, 88.32944977636069]",28
238,1583315686,settled,Kk2i_0018,unmatched,,"[0.6752684329575351, 0.1680356411288354, 0.18105246852978027, 0.6949795467499522]","[-0.5001578450284522, -0.4998966324072352, 0.499988907915458, -0.49995657704035473]","[482.0068953069063, 15.000051382315089, 9.700639597447841]",5.630000000000215,100.0,0.0,"[50.0, 90.20792003415247, 90.20792003415248]",27
239,3858463115,unsettled,,not_evaluated,,"[-0.02604605381927596, 0.9764416198827186, -0.2089560607397276, -0.047124629668476824]","[0.984400763593856, 0.17594063175047917, 0.00012419186555449185, 0.00012373946877319852]","[482.11392557520685, 9.662040736564682, 15.00374948846997]",5.260000000000091,100.0,0.0,"[50.0, 90.41530678715381, 90.41530678715382]",23
240,341800848,settled,Kk2i_0020,unmatched,,"[0.559550952873797, 0.4583146987576111, 0.5125176614239061, 0.462791545697754]","[0.5479904230541424, 0.4468291766472759, 0.5479979453346256, 0.44693224883273774]","[481.8221627475126, 9.026074033022427, 9.757910956082329]",5.230000000000081,100.0,0.0,"[50.0, 83.24315239854133, 83.24315239854135]",37
241,2423485330,settled,Kk2i_0004,unmatched,,"[-0.8623942645929769, 0.4774291536592661, -0.15922513505175553, -0.0546341651449517]","[-0.7069292783384986, 0.7072842176676598, 0.000107555819759908, 0.00013891652766712112]","[482.1134538666468, 9.689834350199892, 14.998804885651701]",5.1500000000000545,100.0,0.0,"[50.0, 89.859284317934, 89.85928431793401]",30
242,3180880856,unsettled,,not_evaluated,,"[0.10224891412479975, -0.955790906892587, -0.16146386686159142, 0.22346883800621423]","[-0.9728019801472855, -0.2316381867318687, -0.00010357374613460812, -0.00021712109857169315]","[481.9400546210353, 9.565528036789434, 15.00196493382495]",5.310000000000108,100.0,0.0,"[50.0, 90.3504147060793, 90.35041470607932]",19
243,2801613835,settled,Kk2i_0017,unmatched,,"[-0.14433092329872946, 0.7897983796467177, 0.5282216439799444, -0.2763494145430388]","[-0.4998776551784986, 0.500142798597116, 0.4999845262548168, -0.49999498434528034]","[481.7238854701489, 9.698439318512063, 9.959192300407727]",5.410000000000141,100.0,0.0,"[50.0, 91.0783013313216, 91.07830133132161]",28
244,90147713,unsettled,,not_evaluated,,"[-0.210859600307379, -0.9719644633107304, -0.07201725142344272, 0.07507880204630919]","[-0.9867818928568923, -0.16205345029162793, 0.000247761632745161, 0.00033733147065329044]","[482.086687481316, 9.69659692881092, 15.006952400875115]",5.260000000000091,100.0,0.0,"[50.0, 89.2840443764012, 89.28404437640121]",30
245,1005713428,settled,Kk2i_0015,unmatched,,"[0.6667427871336417, 0.021383060332239117, -0.7075360080632618, -0.23321581813846876]","[0.5856720919834084, 0.39618515946037347, -0.5858589555206586, -0.39597323688777175]","[482.05548900277404, 9.084258292866327, 10.303054670417483]",5.260000000000091,100.0,0.0,"[50.0, 86.14764766279349, 86.1476476627935]",36
246,2629818591,settled,Kk2i_0024,unmatched,,"[0.05151306419367056, -0.9158602742422736, 0.24549129762624153, 0.313497025619112]","[-0.2706961327946448, -0.6533142580957809, 0.2705018719447741, 0.6532479017441669]","[481.80981888755565, 9.286693244387767, 9.282962666798012]",5.020000000000011,100.0,0.0,"[50.0, 89.66985918327403, 89.66985918327404]",35
247,3392212039,settled,Kk2i_0024,unmatched,,"[-0.13576075001630175, -0.3113963090186456, 0.34394700026860947, 0.8753866679878102]","[-0.2711012629792965, -0.6532185650055596, 0.27090629733666427, 0.6530079552397864]","[481.67815984838757, 9.273180904201002, 9.277069930905958]",5.320000000000111,100.0,0.0,"[50.0, 90.18240028030372, 90.18240028030374]",38
248,2276997534,settled,Kk2i_0003,unmatched,,"[-0.5611092435708998, -0.34654972379426824, 0.7170849059217052, -0.2254971029008315]","[-0.7070562057448277, 0.00017872228828683112, 0.7071572724613041, 0.0002863235237489381]","[481.81255516826144, 9.953673560131413, 9.69937299885411]",5.270000000000095,100.0,0.0,"[50.0, 90.51300062780822, 90.51300062780824]",23
249,3484193762,settled,Kk2i_0003,unmatched,,"[0.6459184252746818, -0.4977225913968061, -0.5385794684465182, -0.21211734033734517]","[0.707150255139385, -2.667352734295192e-05, -0.7070632911905975, -0.0001348908669878135]","[481.7292821844112, 9.956344926529644, 9.694681205907475]",5.290000000000101,100.0,0.0,"[50.0, 91.09729056422721, 91.09729056422722]",26
250,2295828995,settled,Kk2i_0018,unmatched,,"[-0.013476426495046517, 0.8381611037621863, -0.5451108033376667, 0.01259214650648228]","[0.5007018514810153, 0.49948607283690494, -0.5000445819456903, 0.4997666805942643]","[481.6669743918241, 15.006110852132336, 9.69618852408433]",5.340000000000118,100.0,0.0,"[50.0, 90.51645320522861, 90.51645320522863]",18
251,3771793615,settled,Kk2i_0018,unmatched,,"[0.23254083200101008, -0.6380020625267856, 0.7262400279824832, -0.10702126620372046]","[-0.5000383152445199, -0.49991570881617026, 0.4999596460976057, -0.500086312190411]","[481.8999630679483, 14.996870001508801, 9.70072776370165]",5.380000000000131,100.0,0.0,"[50.0, 91.03892065035755, 91.03892065035754]",18
252,3118298281,settled,Kk2i_0018,unmatched,,"[-0.14263487038408665, 0.7213743627836406, 0.5770605745656794, 0.3553525232089105]","[-0.49998634360689026, 0.4998704749123944, 0.4998822671607156, 0.5002608154710232]","[481.8449109568169, 14.997913117531656, 9.699579497419446]",5.220000000000078,100.0,0.0,"[50.0, 90.08791770900173, 90.08791770900172]",18
253,1906367210,settled,Kk2i_0018,unmatched,,"[-0.6176317723461163, 0.026733677711732354, -0.29175170048315346, 0.7298611166035553]","[0.499825068776225, -0.5002785823374581, -0.49987323854701027, -0.500022985533454]","[481.85436330110537, 15.006582218025352, 9.698424629361805]",5.630000000000215,100.0,0.0,"[50.0, 90.77448637180976, 90.77448637180977]",17
254,2833079087,settled,Kk2i_0018,unmatched,,"[-0.6668495150154875, 0.25735878105545934, 0.037236704706548183, 0.6983492034504332]","[0.5002279197291375, -0.49986970379270435, -0.49951713919458557, -0.5003847871433651]","[481.9558414736916, 15.00741356196153, 9.699016880608013]",5.730000000000248,100.0,0.0,"[50.0, 90.3156726437849, 90.31567264378488]",15
255,2368896303,settled,Kk2i_0006,unmatched,,"[-0.7155871487157034, 0.006217157027642254, -0.4538640368280027, 0.5309461513426882]","[-0.6943748923112951, 0.13421934411178338, -0.694126031486721, 0.13423013449436622]","[481.61613364224905, 10.306984208050535, 9.078255245796658]",5.220000000000078,100.0,0.0,"[50.0, 91.05372602066583, 91.05372602066582]",34
256,1598618583,settled,Kk2i_0004,unmatched,,"[-0.6568789595911407, 0.7116914753260162, 0.16538963778309454, -0.18614925223786338]","[-0.7069341827943567, 0.7072793206682603, -9.867762837093005e-05, -0.00011838346546477749]","[481.704440292491, 9.70544521791794, 15.001740628155734]",5.340000000000118,100.0,0.0,"[50.0, 90.62846385019118, 90.6284638501912]",43
257,1244567859,settled,Kk2i_0015,unmatched,,"[0.565260253583024, 0.7320121545565798, -0.09164890005678931, 0.36910639444348603]","[0.39605629284993815, 0.585709473533806, 0.39625745050519035, 0.5857165341919609]","[481.49527328701066, 9.084956513541773, 10.301308173350069]",5.350000000000121,100.0,0.0,"[50.0, 90.98796292217797, 90.98796292217796]",28
258,3419669745,settled,Kk2i_0018,unmatched,,"[-0.35962053045550435, 0.37637508056528163, 0.452864258304126, 0.723829286748632]","[-0.4996639829300813, 0.5001027414786716, 0.5002118918696123, 0.5000212149101153]","[481.94296356172583, 15.00733775907073, 9.692479361550825]",5.190000000000068,100.0,0.0,"[50.0, 90.34375357208506, 90.34375357208508]",16
259,4100535516,settled,Kk2i_0018,unmatched,,"[-0.04495724533447707, 0.8754213017997509, -0.38056707385774335, 0.29459309690235463]","[0.5000741497404531, 0.49985317053720657, -0.49989649049691304, 0.500176120435727]","[481.52625053194805, 15.005164946134599, 9.69550660017523]",5.320000000000111,100.0,0.0,"[50.0, 90.259376046417, 90.25937604641702]",23
260,3322081678,settled,Kk2i_0005,unmatched,,"[-0.257573637444613, 0.29792073162711874, 0.01884675617382141, -0.9189906739146148]","[-0.06608309856981305, 0.7040856161303747, 0.0661421961666399, -0.7039330075568107]","[481.80612246200116, 10.131164836180984, 9.02545879656945]",5.360000000000125,100.0,0.0,"[50.0, 89.77837960272994, 89.77837960272996]",20
261,3513997404,settled,Kk2i_0026,unmatched,,"[-0.31160099473242947, -0.3848583634180207, -0.8382718690394293, 0.2282304400515085]","[-0.6767888636507493, -0.20525283297477137, -0.676637203669488, -0.20491511219159508]","[482.0510210389511, 9.436318019822675, 9.161441271484138]",5.1500000000000545,100.0,0.0,"[50.0, 90.81384675218153, 90.81384675218155]",21
262,3617040745,settled,Kk2i_0010,unmatched,,"[0.5076541819216592, -0.1836471652187958, 0.7481985211268992, -0.38569407989762045]","[0.6551405329556718, -0.26578374415281025, 0.6551576251962863, -0.2663050310636932]","[482.0166763452085, 10.617808826550275, 9.277741193264648]",5.190000000000068,100.0,0.0,"[50.0, 87.45565623030002, 87.45565623030004]",25
263,2022730149,settled,Kk2i_0028,unmatched,,"[-0.9298814207432338, -0.20301241814567073, -0.28420845445175663, -0.11546452205476868]","[-0.693211245692635, -0.13952175372354808, -0.693140368984997, -0.13981515642630893]","[481.5827075192579, 9.587035164425686, 9.081823583908479]",5.330000000000115,100.0,0.0,"[50.0, 90.25013639452438, 90.25013639452439]",28
264,1323970333,settled,Kk2i_0018,unmatched,,"[0.5994108140143483, -0.43447983992292233, -0.3543480176053207, -0.5712892675014887]","[-0.5001188301678761, 0.49970724169913416, 0.499880168392735, 0.5002935593755024]","[482.1513393492196, 15.01543753129029, 9.700373593111042]",5.830000000000282,100.0,0.0,"[50.0, 88.8741155770972, 88.8741155770972]",26
265,1607122480,settled,Kk2i_0018,unmatched,,"[-0.13729706028893218, -0.4824437451248737, -0.8624230310070737, 0.06800048245766428]","[0.500122088381029, -0.4999387480787246, -0.4998987092466836, -0.5000404237422964]","[481.67613062282373, 15.005964988502479, 9.685666737059337]",5.430000000000148,100.0,0.0,"[50.0, 90.6974522895881, 90.69745228958811]",25
266,1954191936,unsettled,,not_evaluated,,"[-0.3750395254128309, 0.8965561916206081, 0.1285035455493662, -0.19753275279333296]","[0.9656533791669463, 0.25983353095469547, 0.000261625000989918, 0.00013801243474265148]","[481.68262561223105, 9.521931439863744, 15.00588531537587]",5.370000000000128,100.0,0.0,"[50.0, 90.36014482475635, 90.36014482475636]",36
267,1883267586,settled,Kk2i_0003,unmatched,,"[-0.31654266807496767, 0.7193013611458268, 0.15715600459856857, 0.5980871854172737]","[0.00038275757413688827, 0.7070236932945697, 0.0005063785213835215, 0.7071895744406437]","[482.04939676883185, 9.955784002391711, 9.693546469521463]",5.260000000000091,100.0,0.0,"[50.0, 89.98615226515686, 89.98615226515687]",32
268,474705099,settled,Kk2i_0025,unmatched,,"[0.21873165072784517, -0.6332189067608778, 0.30525693972011464, -0.6767632391339983]","[0.2665452071969538, -0.6550109817937267, 0.26641749277384463, -0.654932046699541]","[481.63901315301814, 10.615631441947567, 10.652881144947012]",5.270000000000095,100.0,0.0,"[50.0, 84.86483212947958, 84.8648321294796]",25
269,1696503777,settled,Kk2i_0012,unmatched,,"[-0.5875972952099113, 0.4340333022380417, -0.6364929058043413, 0.2474293678427903]","[-0.6257262531481038, 0.32927516764216763, -0.6258362016903924, 0.32920141061240893]","[482.2196609538391, 10.73407918927408, 9.420174262707842]",5.230000000000081,100.0,0.0,"[50.0, 87.0630947028114, 87.06309470281141]",21
270,1623912174,settled,Kk2i_0018,unmatched,,"[0.7522539142905933, 0.1549308557746745, 0.05438614146876464, 0.6380851243992035]","[-0.5002979101207338, -0.4998031575116795, 0.4997667873911302, -0.5001319456812677]","[481.92146769629574, 15.014419574188416, 9.70121803351935]",5.690000000000235,100.0,0.0,"[50.0, 89.88840599295689, 89.88840599295688]",17
271,2380680176,settled,Kk2i_0028,unmatched,,"[0.336042588214607, 0.7287339870388978, -0.08053921844792626, -0.5912153493712904]","[0.13976399860796015, 0.6932132540831069, -0.13983172711463582, -0.6930862119164989]","[482.10546680213656, 9.580204588408323, 9.080477005245685]",5.170000000000061,100.0,0.0,"[50.0, 85.9487604787191, 85.94876047871908]",24
272,3622048588,settled,Kk2i_0022,unmatched,,"[-0.19616592677403716, -0.3327489655198184, 0.5132945907767422, 0.7663717884928376]","[-0.3322670815119363, -0.6240893938012307, 0.33242841763044456, 0.6241813536465756]","[482.06201978864243, 9.174194214135373, 9.422193406428482]",5.290000000000101,100.0,0.0,"[50.0, 90.05906886280934, 90.05906886280935]",23
273,3881848330,settled,Kk2i_0019,unmatched,,"[-0.5152420723142735, -0.7359701103176574, -0.3787059312666199, -0.22238574877853687]","[-0.5024134375614179, -0.4977671447756136, -0.5024326042304926, -0.49736313247547587]","[482.2323832397666, 9.008088178315502, 9.938922266497856]",5.230000000000081,100.0,0.0,"[50.0, 89.7531266203888, 89.75312662038881]",29
274,3493192325,settled,Kk2i_0018,unmatched,,"[0.5774921102786998, 0.09648544528746568, 0.025557378206479065, -0.8102717086463924]","[-0.5003344837660257, 0.4996250142653633, 0.499460512730641, 0.5005791103289923]","[481.6515050211652, 15.008835221893372, 9.70644648645865]",5.600000000000205,100.0,0.0,"[50.0, 90.13129638062262, 90.13129638062263]",20
275,1815346335,settled,Kk2i_0018,unmatched,,"[0.2777221504941907, -0.6680519952292304, 0.6669217686384065, 0.17830393520992774]","[-0.5000960225208104, -0.4998288442878178, 0.5000793682847539, -0.49999572007437326]","[481.6827964323026, 15.002443045185636, 9.699987868475667]",5.390000000000135,100.0,0.0,"[50.0, 89.06679856515974, 89.06679856515976]",26
276,3637393240,settled,Kk2i_0018,unmatched,,"[0.7553196358765062, -0.24492385367212738, -0.15447209870656786, -0.5879140449784855]","[-0.5000169876814531, 0.49983492007596303, 0.5000646235117662, 0.500083430054083]","[481.62546804952, 15.005639976266849, 9.690432878811041]",5.670000000000228,100.0,0.0,"[50.0, 90.00296307093072, 90.00296307093073]",27
277,3360495833,settled,Kk2i_0028,unmatched,,"[0.10811116254835264, 0.5111839287283958, -0.2434273997192518, -0.8171573095849841]","[0.13945675032205843, 0.6933117013901638, -0.13921568416864466, -0.6931736382657261]","[481.9821065702974, 9.591258455477321, 9.082351146118627]",5.250000000000088,100.0,0.0,"[50.0, 87.68769574449514, 87.68769574449516]",27
278,1560027829,settled,Kk2i_0021,unmatched,,"[-0.2068224005022676, -0.8508258359786609, 0.4010009992602897, 0.26929183068548773]","[-0.3910962937941728, -0.5891946177363022, 0.39088483466683693, 0.5891540014618543]","[482.2430461228273, 9.084034486786079, 9.574870237366463]",5.140000000000051,100.0,0.0,"[50.0, 88.92499591101165, 88.92499591101166]",29
279,446415368,settled,Kk2i_0003,unmatched,,"[-0.6447038919539761, 0.0033417160762772937, 0.7642309258427562, 0.017228366683615156]","[-0.7073042620052854, 0.00023143781030135482, 0.7069092061659225, 4.0293475638386596e-05]","[481.5869550290257, 9.960506336215579, 9.692954714288218]",5.210000000000075,100.0,0.0,"[50.0, 84.88212293195312, 84.88212293195313]",23
280,2051490765,settled,Kk2i_0019,unmatched,,"[0.5677612886585218, -0.042225915797724375, -0.632701809267735, -0.5249309589700275]","[0.4978328473349087, 0.5022356212018474, -0.4975436861837845, -0.5023665168470764]","[481.5249216507239, 9.013776725621948, 9.933131527551884]",5.190000000000068,100.0,0.0,"[50.0, 89.4594675928532, 89.45946759285322]",38
281,425018833,settled,Kk2i_0010,unmatched,,"[0.6177933086006123, -0.09183552083351545, 0.46035819729377525, -0.6308470457614677]","[0.6551115471188498, -0.26644180416861735, 0.654917907209159, -0.26630839385887733]","[481.78914955491246, 10.612212775925709, 9.280813128329969]",5.250000000000088,100.0,0.0,"[50.0, 90.77443299225848, 90.7744329922585]",31
282,768002776,settled,Kk2i_0018,unmatched,,"[0.5416438597008607, -0.6263103578778557, 0.49528465035784297, 0.2627743898921201]","[-0.500004839423673, -0.5001338777543586, 0.4999698208888351, -0.49989143128851643]","[482.1323747093162, 15.00173651531867, 9.69909891330083]",5.460000000000158,100.0,0.0,"[50.0, 90.71698365474363, 90.71698365474361]",17
283,124666021,settled,Kk2i_0018,unmatched,,"[-0.6417760342896773, 0.38975195315750033, 0.3408201163805919, 0.5657372049738714]","[0.4998764356240273, -0.5000474307204148, -0.49987733928901634, -0.500198722312506]","[482.2417092221142, 15.003541445973541, 9.695236716623736]",5.730000000000248,100.0,0.0,"[50.0, 88.9713159704367, 88.97131597043669]",23
284,3632654363,settled,Kk2i_0005,unmatched,,"[0.7051862874546008, 0.08985479266585855, 0.5677062028398622, -0.4151482668615129]","[0.7039437026488469, -0.06621924168939201, 0.7040716603381805, -0.06604068927374858]","[481.7884636096608, 10.126065006011284, 9.022293206780075]",5.220000000000078,100.0,0.0,"[50.0, 90.61136533620511, 90.61136533620513]",27
285,703561134,settled,Kk2i_0018,unmatched,,"[-0.07417779627216181, -0.49461589080912516, -0.8617672132428539, 0.08491198548465884]","[0.4997479300109565, -0.5001906621826404, -0.4999277179048818, -0.5001335669453439]","[481.85469870831076, 15.008954620579697, 9.684704436558194]",5.400000000000138,100.0,0.0,"[50.0, 90.76430518886782, 90.76430518886781]",19
286,3121521016,settled,Kk2i_0016,unmatched,,"[0.010537906009646474, -0.8102638762609328, -0.3503888545444036, -0.4696690898649817]","[-0.45167377022761473, -0.5441130613884346, -0.4513024775174537, -0.5442957426817572]","[482.02619516062373, 9.030014521714493, 10.128356310879102]",5.260000000000091,100.0,0.0,"[50.0, 89.20911064874285, 89.20911064874284]",28
287,2633462982,settled,Kk2i_0018,unmatched,,"[-0.6696015768829735, -0.5238860473033524, -0.12537979712777328, 0.5113287046009672]","[0.4998328850062131, -0.4999354409402495, -0.5000537682961808, -0.5001778391442725]","[481.99238195013805, 15.006403313089637, 9.701137104130664]",5.6200000000002115,100.0,0.0,"[50.0, 90.18527025242588, 90.18527025242587]",21
288,3761640212,settled,Kk2i_0025,unmatched,,"[-0.5021713166671637, 0.3763741243342449, 0.7778556823101909, 0.03327198139794165]","[-0.6548778919840481, 0.26682127754542, 0.6547004271136, -0.2670368947857749]","[481.98363216401634, 10.619830235608314, 10.645529018828586]",5.380000000000131,100.0,0.0,"[50.0, 90.14839502196757, 90.14839502196759]",20
289,1285634449,settled,Kk2i_0002,unmatched,,"[-0.06179464665889061, 0.12239474429666039, 0.989804171696417, 0.038583026128440265]","[-8.79502141248878e-05, -0.00017328995588421214, 0.18764025870427628, 0.9822377998981424]","[481.71362287772575, 9.619096894512824, 15.00523716116984]",5.160000000000058,100.0,0.0,"[50.0, 89.98703144082712, 89.98703144082711]",27
290,1184822575,settled,Kk2i_0024,unmatched,,"[0.08288139339956037, 0.8356324246838398, -0.34553634299367453, -0.41887201042288746]","[0.26943727243900867, 0.6535314011465665, -0.269804893073248, -0.6538391114102662]","[481.9410342625593, 9.28038090949168, 9.275870156863371]",5.100000000000038,100.0,0.0,"[50.0, 88.53634515472041, 88.5363451547204]",34
291,3115268231,settled,Kk2i_0026,unmatched,,"[-0.8358054346397688, -0.3199395351726686, -0.40994245749741026, -0.17611118874480403]","[-0.676526178376931, -0.2058972945041461, -0.6764089154856799, -0.20588737974451973]","[482.29856131865876, 9.422725142508748, 9.168863922381151]",5.300000000000105,100.0,0.0,"[50.0, 89.15061464647616, 89.15061464647617]",21
292,159930596,settled,Kk2i_0005,unmatched,,"[0.07029200069442101, 0.8121000458651979, 0.19429839282092132, -0.5457111733246133]","[-0.06600086045744158, 0.7040695407714348, 0.0658576495615972, -0.7039834786207702]","[481.9276188639077, 10.133915911931107, 9.022103907246494]",5.140000000000051,100.0,0.0,"[50.0, 87.88497728934672, 87.88497728934674]",24
293,2990616242,unsettled,,not_evaluated,,"[0.39931632781484955, -0.8914822639433736, -0.10430196937727094, -0.18688751322355332]","[-0.9859905691254243, -0.1668002660147561, 0.00024332892899733838, 0.00045786915252332694]","[481.71798133390655, 9.679220608181971, 15.003557915205867]",5.240000000000085,100.0,0.0,"[50.0, 90.55386264762384, 90.55386264762386]",33
294,188957523,settled,Kk2i_0020,unmatched,,"[0.47510104677309783, 0.5299293470096674, 0.42235268641611745, 0.5613128279400916]","[0.548444742784735, 0.4463991106765136, 0.5483290938994846, 0.4463982559132301]","[481.7804688201905, 9.029149541841058, 9.763465739427916]",5.270000000000095,100.0,0.0,"[50.0, 83.04984986989588, 83.04984986989587]",32
295,481643049,unsettled,,not_evaluated,,"[-0.21476873217317644, -0.056308315502426265, -0.9350997853314761, 0.27621034875441053]","[-0.000209971738722059, 4.3956861789637425e-05, -0.25664670827280794, -0.966505261813093]","[481.80116331992116, 9.536430477443513, 15.002080666399804]",5.330000000000115,100.0,0.0,"[50.0, 90.14128107264257, 90.14128107264258]",35
296,2386476367,settled,Kk2i_0013,unmatched,,"[0.41604402109894867, 0.7547056021612667, 0.10448879305651773, 0.4963959293747375]","[0.33759425323089115, 0.6212182231014394, 0.33777513809726845, 0.6213099029916863]","[481.63743497403453, 9.167432890900395, 10.465910901907964]",5.320000000000111,100.0,0.0,"[50.0, 89.36193392006187, 89.36193392006186]",36
297,533239478,settled,Kk2i_0018,unmatched,,"[-0.4048579522964122, 0.7546106910868032, 0.5160774362278959, 0.017799527417749247]","[-0.5001712127487716, 0.5001154142042119, 0.5000246006240813, 0.4996886322336146]","[482.24285506853755, 14.999171555064722, 9.692308141975646]",5.320000000000111,100.0,0.0,"[50.0, 91.0332965543514, 91.03329655435138]",22
298,1781618497,settled,Kk2i_0017,unmatched,,"[-0.05099139373989536, 0.34612407464907746, 0.82357526110958, -0.446454691991326]","[-0.5000255961488382, 0.5000690683968763, 0.5000543070970852, -0.49985099778067205]","[482.14050056912293, 9.705848391324606, 9.954667157716313]",5.600000000000205,100.0,0.0,"[50.0, 90.37222753144323, 90.37222753144324]",33
299,3019699939,settled,Kk2i_0018,unmatched,,"[-0.7295158589622052, 0.11959716108047205, -0.0508877389231582, -0.6715009818395025]","[0.500078856045252, 0.4996474843204436, -0.5000315073430678, 0.5002419622672052]","[481.9226894705684, 15.007413800939462, 9.693446518434898]",5.6200000000002115,100.0,0.0,"[50.0, 88.9557137804492, 88.95571378044919]",29
300,2541693149,settled,Kk2i_0026,unmatched,,"[0.08045852992811474, 0.40327625655887533, -0.378121920292795, -0.8294085237395116]","[0.205615622667078, 0.6767056746505382, -0.20549230237374966, -0.6764351848300952]","[481.69362759496084, 9.428710933883552, 9.164971237211848]",5.260000000000091,100.0,0.0,"[50.0, 89.5445503984248, 89.54455039842482]",32
301,2084280921,settled,Kk2i_0008,unmatched,,"[0.619849051548462, 0.00741623529008566, 0.671735423160493, -0.4055905250618995]","[0.6779194030153294, -0.20135929432343178, 0.6777648518317144, -0.20128219798691419]","[481.6506534964299, 10.470672287121191, 9.16392176715713]",5.1800000000000646,100.0,0.0,"[50.0, 89.49572976649533, 89.49572976649534]",36
302,1270096408,settled,Kk2i_0018,unmatched,,"[0.4349517640743151, 0.5834549578223276, 0.4957376592549344, -0.473963551676314]","[-0.5000930515079137, 0.5001777483597196, 0.4998952086897101, 0.4998339126233588]","[481.9865724789994, 15.01023979387331, 9.691586747786127]",5.500000000000171,100.0,0.0,"[50.0, 88.89099867373601, 88.89099867373602]",15
303,386839995,settled,Kk2i_0010,unmatched,,"[-0.00029784170792755655, 0.7696289460833465, 0.4092458033581264, -0.4900908783835057]","[-0.265796984911202, 0.6550995046762411, 0.265781017122586, -0.6554060212740966]","[482.0811641934341, 10.61937684051137, 9.282453280529374]",5.1800000000000646,100.0,0.0,"[50.0, 90.28942281948828, 90.2894228194883]",38
304,1683487450,settled,Kk2i_0016,unmatched,,"[0.8246709982353464, 0.4049014931673811, -0.354562797520974, -0.17394754414605393]","[0.5439845546588435, 0.45176909243732927, -0.5440927861007632, -0.4516066114707366]","[482.1483218441264, 9.031436170641447, 10.125216262658482]",5.1200000000000445,100.0,0.0,"[50.0, 90.70824168308104, 90.70824168308103]",33
305,600956363,settled,Kk2i_0010,unmatched,,"[0.05725477910805818, -0.7446815581501165, -0.42402949309232957, 0.5122209056728005]","[0.2663154670445501, -0.6549845237276907, -0.26630096123957253, 0.6550993388280384]","[482.04358380805263, 10.609684150908793, 9.277070014601273]",5.240000000000085,100.0,0.0,"[50.0, 89.99269341932431, 89.99269341932428]",33
306,2578686602,settled,Kk2i_0018,unmatched,,"[-0.6455400009938469, 0.5753806031681371, -0.45602070897125385, -0.21038151440677957]","[0.5001842637639459, 0.4996335413840668, -0.49991310687160917, 0.5002688399100133]","[481.8643433205916, 15.000940470924762, 9.695131655474478]",5.450000000000155,100.0,0.0,"[50.0, 91.2075494559987, 91.20754945599872]",17
307,550025147,settled,Kk2i_0013,unmatched,,"[0.7099573476934985, 0.4430098413877016, -0.5402946446097417, -0.08823005097861712]","[0.6212557582443834, 0.3375115851891143, -0.6213431501514304, -0.33772755657663556]","[482.31164287513246, 9.15509432686627, 10.468436231269267]",5.140000000000051,100.0,0.0,"[50.0, 88.53411987706453, 88.53411987706454]",29
308,1509445469,settled,Kk2i_0030,unmatched,,"[0.9208464586619982, -0.10826634392482577, 0.1606188773439282, 0.3384106596778303]","[0.7072005587233364, 0.0030875168918653995, 0.7070013249987225, 0.0026388313500533833]","[482.10947788387205, 9.937427821486603, 9.007011063729935]",5.320000000000111,100.0,0.0,"[50.0, 90.19328504687218, 90.19328504687219]",30
309,552659270,settled,Kk2i_0016,unmatched,,"[-0.34640532390679185, -0.6487665398120545, -0.24996936788830862, -0.6297782494710692]","[-0.45139315620004405, -0.5441057051506785, -0.451445679476824, -0.5444171182466199]","[482.09684263443177, 9.025382814012914, 10.1245572206146]",5.240000000000085,100.0,0.0,"[50.0, 84.51114176087691, 84.5111417608769]",35
310,3395655849,settled,Kk2i_0015,unmatched,,"[0.5603417992438583, 0.49806016357495975, 0.09112456464104907, 0.6554765100282535]","[0.3973736218479687, 0.5847268311674582, 0.39747942068460473, 0.5849776471836523]","[481.9233168676744, 9.069397020069397, 10.301495818712153]",5.220000000000078,100.0,0.0,"[50.0, 89.37672881198671, 89.37672881198672]",40
311,1961580372,settled,Kk2i_0018,unmatched,,"[-0.5267491122142659, -0.6341667673888417, 0.5046523934663464, -0.2563081069528572]","[-0.4999478076115935, -0.4998621936428711, 0.5001602097807225, -0.5000297406984926]","[481.94363229696376, 14.99782516099261, 9.68904445446224]",5.190000000000068,100.0,0.0,"[50.0, 90.11076632951371, 90.11076632951372]",21
312,3285284101,unsettled,,not_evaluated,,"[-0.2519624256778158, 0.2653646457256403, 0.5632789689319362, 0.7408193733997723]","[0.00021108633830868584, 4.698663579139756e-05, -0.12946354207583288, 0.9915841590646721]","[481.9033854640008, 10.23532298356179, 15.000057975868932]",5.210000000000075,100.0,0.0,"[50.0, 90.61986261329788, 90.6198626132979]",16
313,1198512540,settled,Kk2i_0018,unmatched,,"[-0.5722362350782845, 0.014963805074935542, 0.16570812642957897, -0.8030333695658658]","[0.49991402240874694, 0.5000284832085533, -0.499903648277007, 0.5001538049626326]","[481.59000878461916, 15.003189934880417, 9.693044693804248]",5.670000000000228,100.0,0.0,"[50.0, 90.72688080758516, 90.72688080758518]",22
314,3013583232,settled,Kk2i_0018,unmatched,,"[-0.17446144255530435, -0.5956220013565717, 0.7794641289237983, 0.08504885820855318]","[-0.5001750083358736, -0.4998718840933083, 0.4998908899404493, -0.5000621548205391]","[481.9710389767297, 15.001868329829344, 9.694863297699644]",5.310000000000108,100.0,0.0,"[50.0, 90.2530021220729, 90.25300212207289]",18
315,236571778,settled,Kk2i_0020,unmatched,,"[-0.6240787190797052, -0.5692921078989122, 0.39592930131645515, 0.3601003146831605]","[-0.44627179740063455, -0.5484949531639762, 0.4462270474597293, 0.5485218239175422]","[481.92900932832805, 9.027116080099598, 9.754583507173603]",5.1200000000000445,100.0,0.0,"[50.0, 88.23936589273362, 88.23936589273362]",25
316,4101237787,settled,Kk2i_0003,unmatched,,"[0.22137631792077062, -0.872870171370165, -0.27042651689298136, -0.3405285432341773]","[0.0002757241537499899, -0.7068253599134013, -8.311638180824586e-06, -0.7073880367170471]","[481.9980896797209, 9.964735265136724, 9.685068325912034]",5.300000000000105,100.0,0.0,"[50.0, 90.52044419366969, 90.52044419366968]",29
317,3459630954,settled,Kk2i_0018,unmatched,,"[0.14984913631728244, -0.7555079338458067, -0.5355197552076315, -0.3463691528172838]","[0.5003141680398094, -0.4999859596274418, -0.49963721069335115, -0.5000624272274689]","[481.5196943862995, 15.007039807236398, 9.695652712146023]",5.260000000000091,100.0,0.0,"[50.0, 90.34074550843174, 90.34074550843175]",17
318,1119814818,settled,Kk2i_0016,unmatched,,"[-0.6971165871654177, -0.13189122910838355, 0.449280586155775, 0.5429365731709773]","[-0.5443305028933019, -0.45124983409005565, 0.5443470228438325, 0.45140249176835345]","[481.57505477550654, 9.033393624988541, 10.12862293627769]",5.220000000000078,100.0,0.0,"[50.0, 89.34508907063311, 89.34508907063312]",23
319,342980811,settled,Kk2i_0015,unmatched,,"[0.030532435525299394, 0.7782847485238531, 0.3908315324615853, 0.4905011048201471]","[0.3963862588215791, 0.5855051887655744, 0.39672557199860553, 0.5853805841231843]","[481.5699992948263, 9.077333571048479, 10.30267945116222]",5.260000000000091,100.0,0.0,"[50.0, 89.1208506584477, 89.12085065844771]",32
320,3566514477,settled,Kk2i_0023,unmatched,,"[0.4167803399879383, -0.48067880125688306, 0.1608241271501632, -0.7545711618847971]","[0.33312626626557607, -0.6235885538205127, 0.33286209455955007, -0.6239928142802825]","[481.6514122245434, 10.752097332610504, 10.484930854994955]",5.190000000000068,100.0,0.0,"[50.0, 89.22859742082716, 89.22859742082714]",31
321,4025272107,unsettled,,not_evaluated,,"[0.21014813389143402, -0.13121837656388724, 0.9665897820764848, 0.06575479191069845]","[-3.483480937782612e-05, -0.00014887816712966237, 0.1708329301403784, 0.9852999982753882]","[482.16898448309047, 9.669841738516848, 14.999631571540222]",5.330000000000115,100.0,0.0,"[50.0, 90.26801230071393, 90.26801230071395]",31
322,1181857748,settled,Kk2i_0015,unmatched,,"[0.5202040659321218, -0.02133506390474298, -0.8182722554790269, 0.24364535856267633]","[0.5854545636937475, 0.3965907538623363, -0.5854637513187869, -0.39647310588840845]","[482.23608380798976, 9.071932168710159, 10.305658386747677]",5.280000000000098,100.0,0.0,"[50.0, 89.1309178855062, 89.1309178855062]",27
323,268707656,settled,Kk2i_0018,unmatched,,"[0.10301261730232424, 0.7022709010576099, -0.7036647303319815, -0.03255655834201603]","[0.5002090300386863, 0.4999727594654456, -0.49988226296538923, 0.4999358851221483]","[481.6287502589332, 15.020512029476683, 9.69539250522324]",5.290000000000101,100.0,0.0,"[50.0, 89.16141731966545, 89.16141731966546]",21
324,975960072,settled,Kk2i_0025,unmatched,,"[0.7582962679941282, -0.5242043249157421, -0.3859285340466686, 0.035436736508854615]","[0.6549761492228313, -0.26642971247389086, -0.6550266136177315, 0.2663861627652576]","[481.6876441310839, 10.613038542410159, 10.657792488675616]",5.160000000000058,100.0,0.0,"[50.0, 90.87001449483562, 90.87001449483563]",32
325,2687390525,settled,Kk2i_0013,unmatched,,"[0.529971148785165, 0.0935671250492551, -0.7368673974424962, -0.4091481555032011]","[0.6214263452508048, 0.33743576830230576, -0.6213921813728442, -0.33739910584819044]","[481.72401107038934, 9.157142331018548, 10.454150565925284]",5.290000000000101,100.0,0.0,"[50.0, 88.76039325112562, 88.76039325112563]",28
326,745340072,settled,Kk2i_0018,unmatched,,"[0.7861852005525131, -0.41018944092891435, 0.2594748041369611, 0.3825314091688619]","[-0.5001681772880685, -0.4999277779750062, 0.5001117345398031, -0.4997922210407979]","[482.33952164993354, 15.005272861135325, 9.699307010129212]",5.570000000000195,100.0,0.0,"[50.0, 91.15305074354632, 91.15305074354633]",15
327,2708790030,settled,Kk2i_0018,unmatched,,"[-0.40010769300529814, -0.46229958432576546, -0.7355170739389548, 0.2919033440618327]","[0.5000925107870369, -0.5000557381105049, -0.49993103958800666, -0.49992068880366447]","[481.71069442833124, 15.008313063995942, 9.693663019525596]",5.470000000000161,100.0,0.0,"[50.0, 90.53012470476185, 90.53012470476186]",15
328,3867797169,settled,Kk2i_0003,unmatched,,"[0.27252022960366223, -0.4710032195972138, -0.05749293677220416, -0.8370085147757659]","[0.00013821159869181754, -0.7071434881885927, -0.0002649555845883056, -0.7070700091282065]","[481.88590862845496, 9.96074483351217, 9.692801277432867]",5.200000000000071,100.0,0.0,"[50.0, 89.07783028687807, 89.07783028687808]",36
329,2098479478,settled,Kk2i_0026,unmatched,,"[0.15298370120063826, 0.6826603934028278, -0.3570083518569619, -0.6189634974297159]","[0.20661270711621796, 0.6763349225282774, -0.20650471547866509, -0.6761938067683353]","[482.09799048172175, 9.42467044722026, 9.170353922590055]",5.170000000000061,100.0,0.0,"[50.0, 86.09333169085885, 86.09333169085886]",36
330,931152868,settled,Kk2i_0024,unmatched,,"[-0.07699985549756341, 0.8909419945389845, -0.24586779421207117, -0.37395509408155014]","[0.26959250094734777, 0.6537250384024894, -0.269932487994661, -0.6535288130783755]","[481.7301270564378, 9.281536902596741, 9.279944146366132]",5.070000000000028,100.0,0.0,"[50.0, 89.03799167163342, 89.03799167163343]",31
331,1558597429,settled,Kk2i_0027,unmatched,,"[-0.05032807851328375, 0.6995851474338736, -0.399069134252301, 0.5905857533755833]","[-0.20162166997349823, 0.6777762391857696, -0.20163327621326116, 0.6777256773325022]","[481.79521712447786, 10.47306538144734, 10.766299691991147]",5.320000000000111,100.0,0.0,"[50.0, 89.37494003672363, 89.37494003672364]",25
332,4250729804,settled,Kk2i_0004,unmatched,,"[-0.5179918142254788, 0.8470059183462957, 0.021460460551873155, -0.11749426928428096]","[-0.7071552930127583, 0.7070581615708458, -0.00030903946601143484, 0.00022850537017168882]","[482.2457338506964, 9.69994006452974, 15.00190799098997]",5.400000000000138,100.0,0.0,"[50.0, 89.48412871727776, 89.48412871727777]",28
333,4147647222,settled,Kk2i_0003,unmatched,,"[0.12615750889557242, 0.8556727900390604, -0.30344808093154096, 0.39978446882663954]","[0.0002693974665777532, 0.7070036715858671, 0.00010794523096854802, 0.7072098162051595]","[482.21057514343937, 9.965479071592718, 9.698089691704675]",5.390000000000135,100.0,0.0,"[50.0, 89.87145254315736, 89.87145254315737]",23
334,546835206,settled,Kk2i_0018,unmatched,,"[0.4747277603993977, -0.6651193289938975, 0.40724489525343527, 0.4079233101881997]","[-0.5001984573773706, -0.4997963570852064, 0.500030992425714, -0.49997411062515174]","[482.1543406061949, 14.999330016444848, 9.69574163608907]",5.450000000000155,100.0,0.0,"[50.0, 90.62040559098116, 90.62040559098118]",25
335,3200495743,settled,Kk2i_0006,unmatched,,"[-0.7212814251850905, 0.5185469572284966, -0.03279668505260917, -0.45802460226672564]","[-0.13395375224430028, 0.6942238148928802, 0.13403403694197097, -0.6943663039320724]","[481.87388426090797, 10.313600704842111, 9.06806426211553]",5.190000000000068,100.0,0.0,"[50.0, 90.30186249434006, 90.30186249434007]",37
336,2348890405,settled,Kk2i_0018,unmatched,,"[-0.3176050939804824, -0.28922093024306683, 0.616076618705389, -0.6602483303057408]","[-0.4997702387525179, -0.5002185030785841, 0.49986255537975927, -0.500148561293831]","[482.20212278829996, 14.99909317231033, 9.696638113566282]",5.1800000000000646,100.0,0.0,"[50.0, 90.64498323584147, 90.64498323584148]",19
337,4061647453,settled,Kk2i_0004,unmatched,,"[0.2508877114037342, -0.15163781220023995, 0.7535005001501298, -0.588471177247642]","[0.00011150624599168268, -0.00025709062974779706, 0.7071605090040256, -0.7070529937536031]","[481.95684636055466, 9.710249195937697, 14.99816662546695]",5.370000000000128,100.0,0.0,"[50.0, 90.53762908922586, 90.53762908922587]",30
338,2968043584,settled,Kk2i_0018,unmatched,,"[-0.35150377954755807, -0.700554371236003, 0.6195805777205756, -0.04229153127220831]","[-0.4998469058261578, -0.4998267684078094, 0.5002312866805735, -0.5000949231345189]","[481.98553395099464, 15.014930523971184, 9.688085725367289]",5.260000000000091,100.0,0.0,"[50.0, 90.15506153781483, 90.15506153781484]",30
339,3422452170,settled,Kk2i_0018,unmatched,,"[0.3118768852079661, -0.6471205612970246, 0.6816277895163125, 0.13910910889911815]","[-0.5000444021996108, -0.5000227253739803, 0.49988261910138065, -0.5000502345352468]","[481.8452321926824, 15.007624316165586, 9.702811155167224]",5.430000000000148,100.0,0.0,"[50.0, 89.91981680557221, 89.91981680557222]",28
340,1734648617,settled,Kk2i_0029,unmatched,,"[0.3134098285251556, -0.38860391678069645, 0.2746942883010107, 0.8217690206021003]","[-0.07161144570415648, -0.7034260556033561, 0.07172803482191614, 0.703504565843784]","[482.0411371883951, 9.765462033409529, 9.024693840474347]",5.320000000000111,100.0,0.0,"[50.0, 90.29167221532099, 90.291672215321]",29
341,2090830508,unsettled,,not_evaluated,,"[0.19578986618197766, 0.057011685569233625, -0.8839591859764658, -0.4207518907109296]","[2.953755793105861e-05, 7.27421293804445e-05, 0.0064254028946618144, -0.9999793538037456]","[481.5193293152809, 9.98942344140856, 14.994763710054185]",5.080000000000031,100.0,0.0,"[50.0, 90.73730380598097, 90.73730380598099]",23
342,3952832875,settled,Kk2i_0003,unmatched,,"[-0.44287830183887705, -0.037070952885603164, 0.87693113035891, -0.18296542520353493]","[-0.7069972649115862, 8.580893323772987e-05, 0.7072162665845084, -0.00011100735542401985]","[481.5665525458833, 9.967176981677762, 9.695679135560697]",5.350000000000121,100.0,0.0,"[50.0, 89.92003306047881, 89.92003306047883]",29
343,3817366363,settled,Kk2i_0018,unmatched,,"[0.6329807026932204, -0.4246937457648563, -0.5796698736189316, -0.28801647512742096]","[0.4998693772278403, -0.49998937719507586, -0.4998021741238825, -0.5003389002895654]","[482.12064769665363, 15.011034723475957, 9.694369116286982]",5.200000000000071,100.0,0.0,"[50.0, 90.89836531202684, 90.89836531202685]",16
344,401891113,settled,Kk2i_0018,unmatched,,"[0.445830858310104, -0.29384339024250955, 0.3955308816009174, 0.7472925996484009]","[-0.49999387784027666, -0.5000279012899513, 0.5002401955853115, -0.4997378980771606]","[482.34697878140884, 15.006127462286123, 9.69916022353944]",5.600000000000205,100.0,0.0,"[50.0, 90.26094171136668, 90.26094171136667]",27
345,225434681,settled,Kk2i_0018,unmatched,,"[-0.3912896982650508, 0.6237061331187186, -0.5782994858442289, -0.351358415601564]","[0.5001012906460844, 0.49994891778705786, -0.500042494722674, 0.4999072735710044]","[481.77654358626614, 15.009101002022502, 9.69333090701777]",5.460000000000158,100.0,0.0,"[50.0, 88.569062632602, 88.56906263260201]",21
346,2594131664,settled,Kk2i_0009,unmatched,,"[0.9287638649349177, 0.1673585554405621, -0.2524568204596961, -0.21366878788298235]","[0.6745293369131882, 0.211720875726059, -0.6747978991760616, -0.21173625030405]","[481.6629069401826, 9.42252662887454, 10.731795472380698]",5.0900000000000345,100.0,0.0,"[50.0, 91.04784943000614, 91.04784943000615]",32
347,1003632784,settled,Kk2i_0018,unmatched,,"[-0.5534335173751268, 0.1501665188983372, -0.19810919181889083, 0.7949302526414607]","[0.5003368419590235, -0.49987981817690896, -0.4998002182267619, -0.49998295352779065]","[482.3136831174877, 14.99912780276796, 9.697075383784277]",5.6800000000002315,100.0,0.0,"[50.0, 91.1788387781099, 91.17883877810992]",24
348,1582205474,settled,Kk2i_0020,unmatched,,"[0.453668244587904, 0.3920223605087072, 0.1535447506293244, 0.785447389879099]","[0.5480765259815317, 0.44667995319290565, 0.5483162023501882, 0.44658535950461536]","[481.7145326135938, 9.037487344962129, 9.75827379801053]",5.1200000000000445,100.0,0.0,"[50.0, 89.07458928015421, 89.07458928015423]",27
349,1175386389,settled,Kk2i_0022,unmatched,,"[-0.169876418588353, -0.4905923723818673, 0.6427253288901665, 0.5633518245034387]","[-0.3326092143685519, -0.6239816115442377, 0.3327821142393922, 0.6239183627800603]","[481.81202036277807, 9.170013774496995, 9.420655602166496]",5.230000000000081,100.0,0.0,"[50.0, 88.14977490830483, 88.14977490830485]",33
350,3426315339,settled,Kk2i_0018,unmatched,,"[0.7619549124828563, -0.10773591762875073, 0.2103228261383814, -0.6029776050576822]","[-0.5000951376505935, 0.49981606656296756, 0.49995924804834274, 0.500129486427958]","[482.1015747725162, 15.008382134232404, 9.7021495833233]",5.630000000000215,100.0,0.0,"[50.0, 91.07493144329811, 91.0749314432981]",23
351,1950208217,settled,Kk2i_0017,unmatched,,"[0.32467456317231624, -0.555252933700564, 0.724202560419202, -0.24861870228937888]","[0.5001497297717137, -0.49988876605908067, 0.500023941168274, -0.49993752373247385]","[482.1660760071299, 9.703584801118065, 9.95527140822459]",5.300000000000105,100.0,0.0,"[50.0, 90.59952173154039, 90.59952173154038]",34
352,3843021671,settled,Kk2i_0018,unmatched,,"[-0.6004387263867339, 0.46022149587923483, -0.1398662779784892, -0.638832477939405]","[0.5000797561270176, 0.49989195266268155, -0.4999345854556884, 0.5000936746653399]","[481.9210749931837, 15.00628276049716, 9.69924857932266]",5.610000000000208,100.0,0.0,"[50.0, 90.93717886547977, 90.93717886547978]",26
353,4285819425,settled,Kk2i_0024,unmatched,,"[0.10798352907547408, 0.7503078307153173, -0.5097169204095255, -0.40689848569871895]","[0.2710732038250551, 0.653256190030109, -0.27104703299924976, -0.6529235592760226]","[481.64765818448774, 9.280177867233027, 9.273972963056133]",5.130000000000048,100.0,0.0,"[50.0, 89.67766977474757, 89.67766977474756]",33
354,3497012217,settled,Kk2i_0018,unmatched,,"[-0.03614389212516662, -0.47092224253230175, 0.8776470309927155, -0.08161831620453769]","[-0.5005872398516132, -0.4995763581937511, 0.5000230550706277, -0.49981278698073406]","[482.283461569394, 15.021534622973661, 9.697358536289446]",5.370000000000128,100.0,0.0,"[50.0, 90.82162668319353, 90.82162668319354]",19
355,2873029230,unsettled,,not_evaluated,,"[0.4628663485147122, -0.8593102772631258, 0.024602172352034594, 0.21618354220011224]","[-0.9673209225675131, -0.2535551726989301, 5.412663120688e-05, -6.504659137074321e-05]","[481.71531412490225, 9.536537106134029, 15.00055201545105]",5.320000000000111,100.0,0.0,"[50.0, 90.14732567663388, 90.1473256766339]",32
356,1554565609,settled,Kk2i_0018,unmatched,,"[-0.652094966003504, 0.3679621994719656, -0.4952347691569995, -0.44058880885770996]","[0.5002276901592274, 0.4997834877038218, -0.500180890684145, 0.49980776305594043]","[481.6462458222931, 15.01362461996412, 9.70132693365456]",5.540000000000185,100.0,0.0,"[50.0, 90.27283572059913, 90.27283572059915]",20
357,2965863122,settled,Kk2i_0024,unmatched,,"[-0.12769327799571875, -0.940130401887314, -0.03815505373810864, 0.31367729608013967]","[-0.2701126248966865, -0.6535345047861029, 0.27003165088894243, 0.6534636397257292]","[481.85429797123277, 9.285232116316045, 9.272353507462718]",5.110000000000041,100.0,0.0,"[50.0, 90.12142078191366, 90.12142078191367]",29
358,288631476,settled,Kk2i_0026,unmatched,,"[0.15646738306889113, 0.4577879066219654, -0.17363200094501036, -0.8577879218280493]","[0.2059452383331617, 0.6762871782128899, -0.2054641949363859, -0.6767619049502469]","[481.4959678653695, 9.423936114196493, 9.16080681038183]",5.220000000000078,100.0,0.0,"[50.0, 88.45662278449572, 88.45662278449574]",34
359,3535010220,settled,Kk2i_0008,unmatched,,"[-0.38296168635250694, 0.6040267022354994, 0.08806163065029556, -0.6933521752902795]","[-0.20125186605457793, 0.677736049674001, 0.2012473813594667, -0.6779904312582795]","[481.84269058480663, 10.479077632407469, 9.160231672632156]",5.210000000000075,100.0,0.0,"[50.0, 88.68559950603147, 88.68559950603148]",27
360,2618921339,settled,Kk2i_0008,unmatched,,"[0.7111506376373382, -0.1553816167939371, 0.3915002002004868, -0.5628933442433726]","[0.6779117117765192, -0.20084886332619836, 0.6780506737236589, -0.20085499495829298]","[481.5605329086549, 10.464909429892051, 9.163232923546445]",5.250000000000088,100.0,0.0,"[50.0, 90.85242414265467, 90.85242414265468]",33
361,1660890013,settled,Kk2i_0021,unmatched,,"[0.45280857555295406, 0.20066766691702484, 0.5321230520114401, 0.6866891137027097]","[0.5893453717427622, 0.3907893727083327, 0.5892368538909235, 0.3908396461470349]","[481.6042471152195, 9.084493188938733, 9.584126313015497]",5.1500000000000545,100.0,0.0,"[50.0, 88.74602290587569, 88.7460229058757]",34
362,4217470258,settled,Kk2i_0018,unmatched,,"[-0.705585590940385, 0.12040932334872317, -0.01745986958392375, 0.6981015124336307]","[0.5002741749331605, -0.4999092727634715, -0.49975872664199983, -0.5000576807181443]","[481.83884587710673, 14.99985791856792, 9.695768047000765]",5.660000000000225,100.0,0.0,"[50.0, 89.3269882349495, 89.32698823494948]",24
363,3876941340,unsettled,,not_evaluated,,"[-0.12107567680190418, 0.9796114234016763, 0.025284708254459297, -0.1583124226218193]","[0.9852731405458126, 0.17098764967025473, 0.0002491917373859537, -9.094606627013668e-06]","[482.17660720023747, 9.677200908213878, 15.00150780231143]",5.340000000000118,100.0,0.0,"[50.0, 89.81586055609858, 89.8158605560986]",34
364,1763217951,unsettled,,not_evaluated,,"[0.3073770505126439, 0.9100429245687035, 0.09833167340130129, -0.26013862893981854]","[0.9955830866826881, 0.09388458297410453, -4.692489504753289e-05, 1.972825338153461e-05]","[482.0234643492618, 9.780176598866497, 14.997091632931735]",5.390000000000135,100.0,0.0,"[50.0, 90.21629957513854, 90.21629957513855]",27
365,4219013935,settled,Kk2i_0018,unmatched,,"[0.7454283172530326, -0.3094702124605008, -0.041500737105532565, -0.5889333580776878]","[-0.5000770712183811, 0.49993853943477656, 0.4999145978781684, 0.5000697695899822]","[482.1875077087921, 15.0076797752729, 9.694079495728793]",5.690000000000235,100.0,0.0,"[50.0, 90.82248274262406, 90.82248274262408]",21
366,2392790572,settled,Kk2i_0010,unmatched,,"[0.506298281140592, -0.4800913546943908, 0.6900901351759378, -0.19222368999330575]","[0.6550263180159284, -0.2661097301593166, 0.6552163983226329, -0.2661157747863673]","[481.7948670164277, 10.608536060742827, 9.277874712918772]",5.240000000000085,100.0,0.0,"[50.0, 89.26997071295807, 89.26997071295808]",42
367,1164810619,settled,Kk2i_0020,unmatched,,"[-0.38137065741942194, -0.17571490907316958, -0.402914362951204, -0.8132285708929016]","[-0.548200987561361, -0.4466881568031986, -0.5482796070229088, -0.4464693050270247]","[482.31437513626383, 9.029153343940767, 9.754934186798325]",5.1800000000000646,100.0,0.0,"[50.0, 89.99934911371567, 89.99934911371568]",24
368,2725202999,settled,Kk2i_0021,unmatched,,"[0.6020706777101422, 0.6374296419236787, -0.13537127254050507, -0.4613772525921334]","[0.3915106570049946, 0.5887737045790522, -0.3915503010308506, -0.5888576160757598]","[481.6027225413802, 9.085248162292286, 9.584398319805599]",5.0900000000000345,100.0,0.0,"[50.0, 88.79915937432364, 88.79915937432365]",44
369,654768980,settled,Kk2i_0028,unmatched,,"[0.36951331627604517, 0.16361525016927125, -0.050278802764462525, -0.9133246963699704]","[0.13964929465687567, 0.6932368302108706, -0.13971524925710946, -0.6931092416539009]","[481.73600214296914, 9.586198261214784, 9.078085771472038]",5.330000000000115,100.0,0.0,"[50.0, 89.94260555421381, 89.9426055542138]",36
370,2221380443,settled,Kk2i_0003,unmatched,,"[-0.35836865151581215, 0.05949061892660346, 0.9295317164905558, 0.0632737221015895]","[-0.7071926820064512, -0.00011327375440325917, 0.7070208608323574, -5.783713283025183e-06]","[481.6885056908938, 9.968175325506355, 9.694635819297504]",5.320000000000111,100.0,0.0,"[50.0, 90.6021062602888, 90.60210626028882]",53
371,476349535,settled,Kk2i_0016,unmatched,,"[0.09604740000755455, 0.7008195225679995, 0.19012996826416934, 0.6807918102527497]","[0.452779420528232, 0.5432168543882819, 0.4523364245146817, 0.5434132907022907]","[481.81142318663154, 9.017939322901082, 10.127206048935893]",5.230000000000081,100.0,0.0,"[50.0, 84.24196761944789, 84.2419676194479]",40
372,3612281220,settled,Kk2i_0020,unmatched,,"[0.6715049193823535, 0.5474979878976362, 0.17480186313158846, 0.46773005584317984]","[0.5484648638941053, 0.4463626952382914, 0.548109330356386, 0.4466797503239909]","[482.3296050638159, 9.024793524496143, 9.746947241285092]",5.340000000000118,100.0,0.0,"[50.0, 89.13885938268915, 89.13885938268913]",29
373,1017460157,settled,Kk2i_0003,unmatched,,"[0.7624564013137765, 0.3983607319822863, -0.4894468025699346, 0.14286633880746705]","[0.7071547351653513, 7.62724246763935e-06, -0.7070588042043511, -0.0001669495739974325]","[481.615062689581, 9.959014503839802, 9.70208280753548]",5.1200000000000445,100.0,0.0,"[50.0, 89.309596200239, 89.30959620023901]",23
374,3334185002,settled,Kk2i_0029,unmatched,,"[0.29294854975408346, -0.3482776720377911, 0.3091249391142775, 0.8350602267947566]","[-0.07149358668026637, -0.7035282135839273, 0.07178744344661786, 0.7034083328468592]","[482.3543668902345, 9.765356293153973, 9.029787225389724]",5.310000000000108,100.0,0.0,"[50.0, 90.07341217921301, 90.073412179213]",32
375,36137377,settled,Kk2i_0022,unmatched,,"[-0.20545604068213918, -0.3180872002026298, 0.5867492465968921, 0.7157748738482309]","[-0.3324810532917882, -0.6239932800891586, 0.3326081107323519, 0.6240677689807507]","[482.0475128432492, 9.16777079339417, 9.423198806566461]",5.220000000000078,100.0,0.0,"[50.0, 90.21481082889099, 90.214810828891]",31
376,289982995,unsettled,,not_evaluated,,"[0.44371958448672016, 0.8345991150536697, -0.14418709359260803, 0.29286059744506493]","[0.9998516181903239, 0.017213314126244245, 0.0006596553131566762, 9.096070581543492e-05]","[482.2754091462165, 9.938777598181108, 15.003046545205661]",5.1500000000000545,100.0,0.0,"[50.0, 90.58915253751073, 90.58915253751071]",27
377,437091509,settled,Kk2i_0003,unmatched,,"[0.46244359947511104, -0.1983497310405094, -0.8436222101105, -0.18736293152311587]","[0.7068809550073542, 0.00046107460130956346, -0.7073323482804111, -0.0002278908117955003]","[482.24799184707143, 9.957028725701285, 9.688890224117158]",5.330000000000115,100.0,0.0,"[50.0, 89.18435595539465, 89.18435595539466]",39
378,3839845437,unsettled,,not_evaluated,,"[0.35226777543534865, 0.934847391708788, 0.031132634150594862, -0.03159948885586536]","[0.9945064695341534, 0.10467486606792781, 0.00014711723779706198, 0.0001811764157883533]","[482.0059207224513, 9.75803247966315, 15.00228051052029]",5.240000000000085,100.0,0.0,"[50.0, 88.45889621131508, 88.45889621131509]",26
379,1660966759,settled,Kk2i_0005,unmatched,,"[-0.1517052857831241, -0.29127561974959143, -0.18264073679145526, 0.9267072789555645]","[0.06607852804002083, -0.7039475913101679, -0.06618018225138002, 0.7040678946648905]","[481.9527510412102, 10.130796079558754, 9.025235168085393]",5.410000000000141,100.0,0.0,"[50.0, 90.11407523554854, 90.11407523554855]",25
380,1637501604,settled,Kk2i_0005,unmatched,,"[0.18129149155088545, -0.6913895059743468, 0.032480297838960365, 0.6986121788031583]","[0.06623561933942168, -0.7040428710913142, -0.0664642789654056, 0.7039310889695319]","[481.7965084438522, 10.130303583132918, 9.025141411557982]",5.1800000000000646,100.0,0.0,"[50.0, 86.90192952661319, 86.9019295266132]",22
381,485279111,unsettled,,not_evaluated,,"[-0.9312632588279296, -0.3349799535042644, 0.12213209572889121, 0.07497282641286965]","[-0.9948501548036595, 0.10135657841450163, 0.00010662160699086848, -4.616354543274248e-05]","[482.1816268576056, 10.154395055506571, 14.997895531599507]",5.280000000000098,100.0,0.0,"[50.0, 90.09928861382456, 90.09928861382457]",25
382,3762580992,settled,Kk2i_0021,unmatched,,"[0.1773482491946259, -0.3470449091463339, 0.7076768376718273, 0.5893224270007174]","[-0.39151633312817147, -0.5888043884558333, 0.3911660439953204, 0.589078499908182]","[481.63227846027047, 9.073567464265784, 9.580182309256852]",5.360000000000125,100.0,0.0,"[50.0, 89.6806076632691, 89.68060766326911]",30
383,2423116493,settled,Kk2i_0018,unmatched,,"[0.29462108731827746, 0.6033356075849531, -0.42676698231237864, 0.6058502309444782]","[0.5001178160777883, 0.5000357973961719, -0.499907116741366, 0.4999392423037946]","[481.94266607655624, 15.004125434384203, 9.695380328047994]",5.1800000000000646,100.0,0.0,"[50.0, 90.83252613469374, 90.83252613469375]",25
384,4174505831,settled,Kk2i_0018,unmatched,,"[0.2244048008060311, 0.5715964015653734, -0.6853403945532466, 0.39144422678885216]","[0.4999732783971504, 0.5000141978918275, -0.4999363487400244, 0.5000761642029048]","[481.68680751180625, 15.00792187706996, 9.69511869318704]",5.270000000000095,100.0,0.0,"[50.0, 90.00790532236147, 90.00790532236148]",14
385,2525438779,settled,Kk2i_0012,unmatched,,"[-0.6897378057101372, -0.14439285100342594, -0.2628215548777614, -0.6590427104861286]","[-0.626042468663251, 0.3286494182416664, -0.6261384530109411, 0.3286503080486954]","[481.5700879469173, 10.733316490301325, 9.412699148652617]",5.440000000000151,100.0,0.0,"[50.0, 90.20904184167179, 90.20904184167178]",30
386,1288210302,settled,Kk2i_0027,unmatched,,"[0.04615286212208781, -0.6333120855466261, 0.5372564310861841, -0.5551047134325727]","[0.2017570013918069, -0.6777667878768258, 0.2017753236512231, -0.6776525750013502]","[482.24769645676156, 10.467611606946772, 10.762854294455158]",5.230000000000081,100.0,0.0,"[50.0, 90.52735242558326, 90.52735242558325]",27
387,2398396039,settled,Kk2i_0008,unmatched,,"[0.7576079537954379, -0.18841092674201143, 0.5765840312664487, -0.24100283383943177]","[0.677963810441142, -0.20090364039333222, 0.6778821577103389, -0.20119289069648905]","[482.3056698458623, 10.466735261475348, 9.16045914281282]",5.210000000000075,100.0,0.0,"[50.0, 85.33032942504452, 85.33032942504455]",27
388,701727153,settled,Kk2i_0003,unmatched,,"[0.19212178778999547, -0.6549558889125926, -0.32855242530116996, -0.6528210367809931]","[-0.00019894283711430205, -0.7071509888736776, -0.00017268159256886295, -0.7070625216611296]","[481.89040042961335, 9.96256071147332, 9.698743656771562]",5.200000000000071,100.0,0.0,"[50.0, 90.06970276076747, 90.06970276076748]",41
389,1545886231,settled,Kk2i_0018,unmatched,,"[0.6603699745772341, -0.13748381202057905, -0.26800047012429995, -0.6878847622402371]","[-0.5001231202674241, 0.5000145326288146, 0.4999152709134887, 0.4999470508378433]","[481.5611519057842, 14.99232124268891, 9.701722514860164]",5.7100000000002415,100.0,0.0,"[50.0, 89.1440584144879, 89.14405841448787]",12
390,1745869872,settled,Kk2i_0003,unmatched,,"[-0.447504222096961, 0.26585095795835, 0.8533219872333381, 0.030080316856180497]","[-0.7070161763424359, 3.642079858817704e-05, 0.7071973374878286, 0.00022564080585082968]","[482.3198141631671, 9.95714388408886, 9.69512238028362]",5.340000000000118,100.0,0.0,"[50.0, 89.21106877540697, 89.21106877540694]",37
391,406022352,settled,Kk2i_0017,unmatched,,"[-0.3653408397420556, 0.6171309206484219, -0.6060321330849663, 0.3440938117209992]","[-0.5000687060399797, 0.5001170684675341, -0.499950316448952, 0.49986386961805235]","[482.22202436496275, 9.7000591601891, 9.961104400101544]",5.370000000000128,100.0,0.0,"[50.0, 88.5849835508327, 88.58498355083272]",33
392,1249401832,unsettled,,not_evaluated,,"[-0.1733833582670486, 0.1891697261426468, -0.9649533349426495, -0.05493712014854206]","[8.597424787715191e-05, 5.888977896659903e-05, -0.14368671033194658, -0.9896232204300817]","[481.73416920883886, 9.727265591156161, 14.997718526431262]",5.270000000000095,100.0,0.0,"[50.0, 90.33894992805254, 90.33894992805253]",27
393,3632292210,settled,Kk2i_0008,unmatched,,"[-0.016288161035539764, 0.41417340070696734, 0.444247711431849, -0.79425377609708]","[-0.20183296558114402, 0.6777946620853195, 0.2012046449608303, -0.6777717469027125]","[481.7568773762755, 10.46357019422014, 9.164150684124934]",5.360000000000125,100.0,0.0,"[50.0, 89.47624353333804, 89.47624353333805]",24
394,2973749025,settled,Kk2i_0026,unmatched,,"[-0.257487360526622, 0.7199862692742867, -0.4075739458834495, -0.4992028744533857]","[0.2062184816436791, 0.6764811244767388, -0.20618951423751208, -0.676264083235064]","[481.8063756107781, 9.430377946931635, 9.170890730054754]",5.190000000000068,100.0,0.0,"[50.0, 90.69580329690504, 90.69580329690505]",32
395,1941028596,settled,Kk2i_0018,unmatched,,"[-0.3979706979410011, 0.5124873277994502, -0.5234674702789294, -0.552229906818808]","[0.5004562986152028, 0.49977191479347, -0.4997904538445232, 0.4999810282459978]","[482.0064224754076, 15.00900310280852, 9.697297658032406]",5.470000000000161,100.0,0.0,"[50.0, 89.36422170518264, 89.36422170518266]",18
396,3070380030,settled,Kk2i_0017,unmatched,,"[-0.06994234935673012, 0.3801467522525942, 0.7566750495891676, -0.5272943995980771]","[-0.4998815811880723, 0.500162475321107, 0.4997498062982995, -0.5002059917417903]","[482.2479642254769, 9.70544860735362, 9.955748130815861]",5.6200000000002115,100.0,0.0,"[50.0, 90.06085840865325, 90.06085840865326]",35
397,1915343937,settled,Kk2i_0029,unmatched,,"[0.4906712176433897, -0.7697750840218592, 0.18896804856236424, 0.36191042098566995]","[-0.07184900621917387, -0.7034955106767493, 0.07181180489284855, 0.7034023396613124]","[481.8678646058738, 9.751890877841806, 9.025361922652316]",5.100000000000038,100.0,0.0,"[50.0, 90.60011328117525, 90.60011328117524]",41
398,354290017,settled,Kk2i_0018,unmatched,,"[-0.28835621042518916, -0.38855276042979314, -0.7424310043056404, 0.46332888116038073]","[0.4997679523322923, -0.499932640438906, -0.5000362376059652, -0.5002630407358133]","[482.0642538483427, 15.003012663233148, 9.696025731156276]",5.420000000000145,100.0,0.0,"[50.0, 91.1730529525615, 91.17305295256152]",18
399,3963352672,settled,Kk2i_0006,unmatched,,"[0.9251647455085984, -0.043595273119650155, -0.02004224774347514, -0.3765208548474078]","[0.6942457481654158, -0.13420366476675896, 0.6941908767006402, -0.13457802280836992]","[481.76747477961965, 10.31100767329298, 9.074392014254306]",5.360000000000125,100.0,0.0,"[50.0, 90.49595681462299, 90.495956814623]",31
400,2241331819,settled,Kk2i_0018,unmatched,,"[0.5925854334590082, 0.24491752173755219, -0.09201458593482868, 0.7618341207726109]","[-0.500154091022224, -0.4999348716865082, 0.4999202883608389, -0.4999907145045228]","[481.9711597391273, 15.001689571871585, 9.701376429527734]",5.7100000000002415,100.0,0.0,"[50.0, 89.97131806643162, 89.97131806643164]",12
401,1248089024,settled,Kk2i_0018,unmatched,,"[0.2827366532360801, -0.6531151424436665, 0.5934076092222453, 0.3759893681273299]","[-0.49983229582650324, -0.5002130007039796, 0.499784771743909, -0.5001697830821215]","[482.2573447932548, 15.008713764458893, 9.68915218238368]",5.430000000000148,100.0,0.0,"[50.0, 89.01468118558938, 89.0146811855894]",15
402,1190590428,unsettled,,not_evaluated,,"[-0.8466737523926994, -0.520625593890875, -0.0190786065475082, 0.10829845228462341]","[-0.9989936113503657, 0.044849319245917244, -0.0005150074599537986, -0.00019445217546359972]","[482.1150370734466, 10.081580339579618, 15.006892401145818]",5.240000000000085,100.0,0.0,"[50.0, 89.3950211592078, 89.39502115920779]",33
403,870255912,settled,Kk2i_0004,unmatched,,"[-0.016935335981255635, 0.22228673932136322, -0.7657847735540874, 0.6032209218104038]","[-8.321575800301907e-06, -0.00019736834550987406, -0.7072499339776707, 0.7069635718090913]","[481.9358605857403, 9.703549437156779, 15.004556492922719]",5.290000000000101,100.0,0.0,"[50.0, 90.78073235596332, 90.78073235596334]",29
404,3990659583,settled,Kk2i_0022,unmatched,,"[-0.20215787328060575, -0.6371998885809219, 0.5616658613913516, 0.4874832883398513]","[-0.33284494534733877, -0.6239238677917582, 0.3326609583372962, 0.6239150073163903]","[481.7605325560908, 9.17299203176188, 9.4233580776353]",5.190000000000068,100.0,0.0,"[50.0, 88.26612096215378, 88.26612096215376]",25
405,3397404430,settled,Kk2i_0018,unmatched,,"[0.41182468093020647, -0.4075472598130009, 0.478449909386871, 0.6598419109175645]","[-0.5001219340751841, -0.49997102630516355, 0.49993751047943624, -0.49996950859815703]","[482.3332165999342, 15.008086227746821, 9.699422701518067]",5.570000000000195,100.0,0.0,"[50.0, 90.00679747165941, 90.00679747165943]",18
406,3645697704,settled,Kk2i_0018,unmatched,,"[0.8864963890943234, -0.051138257445942525, -0.1415384693951913, 0.4375795841094335]","[-0.5000013094295794, -0.5000125411344141, 0.49988192153112687, -0.5001042029451066]","[481.7294878708379, 14.985393205758674, 9.7009111664605]",5.600000000000205,100.0,0.0,"[50.0, 90.80878610890933, 90.80878610890935]",28
407,51817196,settled,Kk2i_0022,unmatched,,"[0.7638451508528649, 0.27373350348973174, 0.43368309953207546, 0.39182843664804773]","[0.6240847139902433, 0.3322258461589961, 0.624164125879083, 0.3325107530189895]","[482.2088127070419, 9.173607242598592, 9.425582035264641]",5.200000000000071,100.0,0.0,"[50.0, 86.71623196982044, 86.71623196982043]",28
408,2309212288,settled,Kk2i_0019,unmatched,,"[0.8495889160767383, 0.3365625935702812, -0.2307471229477699, -0.33418566626970336]","[0.49816086900645257, 0.501852738594972, -0.49813056095512, -0.5018421281618355]","[482.1821983287801, 9.01061305369374, 9.94436058419417]",5.1200000000000445,100.0,0.0,"[50.0, 90.33160763688262, 90.33160763688261]",34
409,48961705,settled,Kk2i_0030,unmatched,,"[0.07809326247491846, -0.2879763649877445, 0.049014886336602684, 0.9531886468490268]","[-0.0025613225868186262, -0.7072310858571536, 0.002619314679494278, 0.7069729627181847]","[481.9276891191402, 9.956532605697323, 9.004782856328218]",5.290000000000101,100.0,0.0,"[50.0, 90.18945465062076, 90.18945465062077]",28
410,1554068286,settled,Kk2i_0017,unmatched,,"[0.6452777913563432, -0.48357184564960204, -0.23356384192165672, 0.5433440657853112]","[0.4997849896206315, -0.5001970056441636, -0.4999622843659556, 0.500055630811306]","[482.18333164878817, 9.697303632222727, 9.959810891417806]",5.300000000000105,100.0,0.0,"[50.0, 88.63633898561565, 88.63633898561567]",42
411,3534876538,settled,Kk2i_0004,unmatched,,"[-0.2977258657233537, 0.10832781411501317, -0.3707268817149146, -0.8730326298267885]","[0.00038200334581539597, -0.0001815756355153797, 0.7071408556601461, -0.7070725785659976]","[481.5123568327792, 9.710947092738788, 14.993931536867635]",5.190000000000068,100.0,0.0,"[50.0, 90.31027596364083, 90.31027596364085]",25
412,534105821,settled,Kk2i_0018,unmatched,,"[0.61992343084427, 0.12344665611091266, 0.04777704849200498, 0.7734165867258707]","[-0.4998955074220086, -0.49993573234437066, 0.5003911948093382, -0.4997773477678568]","[481.64493622583245, 15.004547723858389, 9.696507024854098]",5.640000000000218,100.0,0.0,"[50.0, 89.89687080139063, 89.89687080139065]",20
413,4091761413,settled,Kk2i_0018,unmatched,,"[0.5674666330929233, -0.4537568823728552, 0.5632140784565418, 0.3935431537376766]","[-0.5001624471038363, -0.5000204341726567, 0.49987578974980756, -0.49994128329124443]","[482.1567515900892, 14.998024699302947, 9.696042064171573]",5.520000000000178,100.0,0.0,"[50.0, 90.01908881466171, 90.01908881466173]",18
414,3173205562,settled,Kk2i_0018,unmatched,,"[-0.09130783514718892, -0.5669139993428666, 0.7439710281521406, -0.3417287021308819]","[-0.5003380916575224, -0.49972486455263304, 0.4997126074446308, -0.5002241135183806]","[481.56289404472267, 15.012823440148903, 9.701488224006887]",5.360000000000125,100.0,0.0,"[50.0, 90.8258842096223, 90.82588420962232]",16
415,251389692,settled,Kk2i_0024,unmatched,,"[0.6080055123042141, 0.07237173668191489, -0.4106834322929009, -0.6755965861203387]","[0.2707580585235114, 0.6533541945205232, -0.2706170915105838, -0.6531345650242142]","[481.50034741566816, 9.281155308034448, 9.28285680760334]",5.240000000000085,100.0,0.0,"[50.0, 90.0053748470295, 90.00537484702951]",30
416,2745748030,settled,Kk2i_0018,unmatched,,"[-0.44688314577346244, 0.750365958923362, -0.42026706391498325, -0.24621530557810048]","[0.5000225768924378, 0.4999488013415742, -0.5000086767901718, 0.5000199413718527]","[482.31153930382743, 15.00678649639432, 9.6993527924181]",5.450000000000155,100.0,0.0,"[50.0, 91.16690120473868, 91.16690120473866]",14
417,2132957445,settled,Kk2i_0026,unmatched,,"[0.02440900510333862, 0.4192243821668913, -0.3393466787833796, -0.8417237964233536]","[0.20494554202064474, 0.6768037398465002, -0.20507454715712864, -0.676667165336071]","[481.51413491289316, 9.430808089875564, 9.165186757275288]",5.230000000000081,100.0,0.0,"[50.0, 89.38043627238882, 89.38043627238882]",35
418,2592582287,settled,Kk2i_0003,unmatched,,"[-0.17317025778823744, 0.877343216343861, -0.19804333936939197, 0.40132253647706384]","[0.00010098828150134631, 0.7070439229076249, -3.60095457634102e-05, 0.7071696257504816]","[482.2348720806217, 9.967845646016798, 9.698779861208934]",5.390000000000135,100.0,0.0,"[50.0, 90.30048176678004, 90.30048176678005]",26
419,488833476,settled,Kk2i_0017,unmatched,,"[0.814050814904451, -0.47546433509702507, 0.2701807450712651, -0.19559473867381785]","[0.5003408030708981, -0.49964937453589386, 0.5000643115178363, -0.4999452646584938]","[482.15753861170185, 9.699277197801122, 9.961618314638839]",5.420000000000145,100.0,0.0,"[50.0, 90.40039270851425, 90.40039270851423]",30
420,1079718317,settled,Kk2i_0029,unmatched,,"[-0.06942338662369815, -0.7737009619714047, 0.02210873122520877, 0.6293476136745343]","[-0.07159476328856343, -0.7035540982277855, 0.07163506844552373, 0.7033876866318797]","[481.79490693807867, 9.76193232573091, 9.029699859606731]",5.1500000000000545,100.0,0.0,"[50.0, 84.67282748998977, 84.67282748998976]",44
421,1354260012,settled,Kk2i_0017,unmatched,,"[-0.4187518959274471, 0.7746345086352491, 0.30176239181627623, -0.3654144038949682]","[-0.4998081890576945, 0.5001995229615047, 0.4997489896508488, -0.5002430996254791]","[481.9214067644869, 9.703162741824046, 9.957777683190608]",5.310000000000108,100.0,0.0,"[50.0, 88.99289840071526, 88.99289840071528]",20
422,882229007,settled,Kk2i_0002,unmatched,,"[0.1273924501741963, -0.9584522427451846, 0.2029272869603875, 0.1547933403678503]","[-0.9815007111186779, -0.1914584777148404, -6.388614491116551e-05, 3.609994732006738e-05]","[481.6696444839835, 9.607313000494882, 15.00277826057407]",5.260000000000091,100.0,0.0,"[50.0, 90.3406361841234, 90.34063618412341]",25
423,4192697643,settled,Kk2i_0017,unmatched,,"[0.6550885994433101, -0.4372331383276803, -0.14355208181188908, 0.5992319329233069]","[0.49991043953565706, -0.5002749352174678, -0.4999797324390537, 0.4998347814894407]","[482.0280782351138, 9.699648211976152, 9.946680752307126]",5.280000000000098,100.0,0.0,"[50.0, 90.31526991155293, 90.31526991155292]",32
424,3669686380,settled,Kk2i_0026,unmatched,,"[-0.06116896501923223, 0.885354112653527, -0.3315742172768101, -0.32010153289734866]","[0.20611749957572323, 0.6765136462654333, -0.2061244103250891, -0.6762821824160639]","[481.8092105060148, 9.43364386127592, 9.167815579332892]",5.0600000000000245,100.0,0.0,"[50.0, 89.79929016485023, 89.79929016485022]",33
425,514171889,unsettled,,not_evaluated,,"[-0.8749889709778484, -0.4028463397589936, 0.14105621020290338, 0.22850004983172698]","[-0.9999992764791935, -0.0011739847346924031, 4.1513268063339125e-05, -0.0002589933995373883]","[482.2484030616452, 9.946936209683905, 14.99904492217643]",5.360000000000125,100.0,0.0,"[50.0, 90.77756245496275, 90.77756245496276]",29
426,551640303,settled,Kk2i_0008,unmatched,,"[-0.2697721665536638, 0.4464575027683721, -0.8515280409815804, 0.05290247439244444]","[-0.6777894851329604, 0.20142885707952143, -0.6778161917556474, 0.20147714404543682]","[481.5192168587419, 10.468426954665723, 9.158037114395032]",5.1500000000000545,100.0,0.0,"[50.0, 90.81428761619885, 90.81428761619887]",29
427,1447824218,unsettled,,not_evaluated,,"[0.054177171776904016, 0.03524804273418602, -0.8950143501031719, -0.44132949442685304]","[0.00020206749459439344, 0.00016999660597462676, -0.08766810604006142, -0.9961497043382739]","[481.9336259758164, 9.819720542650344, 15.00681943173587]",5.1500000000000545,100.0,0.0,"[50.0, 88.9357777208152, 88.93577772081521]",35
428,88904940,settled,Kk2i_0008,unmatched,,"[0.9031736958155836, -0.2856238255728287, 0.17222343768948123, -0.27025061140056533]","[0.6780005089409972, -0.2013480453782462, 0.6775937069511719, -0.20159623706378582]","[481.89589956848715, 10.468477370156736, 9.160698656760024]",5.320000000000111,100.0,0.0,"[50.0, 90.54739374440746, 90.54739374440747]",37
429,1326025458,settled,Kk2i_0018,unmatched,,"[-0.5718926520009407, -0.20994557547447532, -0.2553657328752236, 0.7507662701527834]","[0.5000226378891537, -0.5000122939378002, -0.49999210109780484, -0.49997296561837606]","[481.68385707369526, 15.003264921737891, 9.70135203013208]",5.570000000000195,100.0,0.0,"[50.0, 89.91336705851842, 89.91336705851843]",19
430,1890205973,settled,Kk2i_0017,unmatched,,"[0.4550261583998374, -0.14329072983126753, -0.6002766520818873, 0.6419399527071591]","[0.5000434953057942, -0.4999606173799026, -0.5002372443667126, 0.49975852490964945]","[481.8296318050339, 9.703333118271358, 9.956804736328587]",5.400000000000138,100.0,0.0,"[50.0, 89.60787146695142, 89.60787146695144]",26
431,296743350,settled,Kk2i_0005,unmatched,,"[0.6332094678323993, -0.22651466425909744, 0.7306858552586184, 0.11762252185691]","[0.703963896016373, -0.0659350732390166, 0.7040915065120279, -0.06589802485687934]","[481.8257875489775, 10.121246645628831, 9.02824364560646]",5.200000000000071,100.0,0.0,"[50.0, 88.78438218390451, 88.78438218390453]",24
432,4200615586,settled,Kk2i_0019,unmatched,,"[0.655926729555045, 0.4715822210767977, 0.3000995891145564, 0.5072578938102114]","[0.5022175326216736, 0.49773115657814915, 0.5022985097212335, 0.49773231041454824]","[482.19762672673244, 9.014838141858633, 9.941087492340744]",5.250000000000088,100.0,0.0,"[50.0, 86.89265364739238, 86.89265364739236]",32
433,1827127625,settled,Kk2i_0018,unmatched,,"[0.8579350932580933, -0.2128157517921675, -0.14611278493536695, -0.44419352271706153]","[-0.4999480608442177, 0.5001225421145299, 0.4999572019720079, 0.499972174749083]","[481.5716077114171, 14.99521629745005, 9.696999532911434]",5.810000000000275,100.0,0.0,"[50.0, 90.9527224969952, 90.95272249699521]",22
434,534635392,settled,Kk2i_0005,unmatched,,"[0.4023365553425705, -0.1994319114941423, 0.8810665716111402, -0.14857289558415035]","[0.7039235692619543, -0.06684310097777366, 0.703983083778421, -0.06656895855434727]","[481.62286889500405, 10.126719672779991, 9.028556615472926]",5.1800000000000646,100.0,0.0,"[50.0, 89.05680430706522, 89.05680430706524]",33
435,2590583326,unsettled,,not_evaluated,,"[0.09030055180909459, -0.04441867200298009, -0.8023967719212277, -0.5882450274595253]","[1.5711056356448875e-05, 0.000498022316480315, -0.05080658071528218, -0.9987083874099368]","[481.91393454804063, 9.904540565043039, 15.010364526047184]",5.200000000000071,100.0,0.0,"[50.0, 89.48839507195525, 89.48839507195524]",29
436,2547354583,settled,Kk2i_0016,unmatched,,"[0.8152563941732772, 0.21622676966726295, -0.40583675953436604, -0.3519936369446071]","[0.5441403950078001, 0.4516869558756531, -0.5439526062637658, -0.4516698866997861]","[482.01132180404664, 9.029688560549706, 10.126196790571477]",5.160000000000058,100.0,0.0,"[50.0, 88.5707829890043, 88.57078298900431]",41
437,3218085765,settled,Kk2i_0024,unmatched,,"[0.2954657990931379, 0.39282819469298863, -0.3980689292476701, -0.7745496101529676]","[0.2696320721457978, 0.6538432164175537, -0.2695540261031708, -0.6535504732051554]","[481.81255755509665, 9.28349025598864, 9.275192609881408]",5.290000000000101,100.0,0.0,"[50.0, 88.66044898515219, 88.6604489851522]",29
438,1304232084,settled,Kk2i_0029,unmatched,,"[-0.352213766853653, 0.21184664024323208, -0.8685438811426818, -0.27694401958883696]","[-0.7033863341286456, -0.07145460740531014, -0.7035934733440735, -0.07140117862641339]","[482.3142470888651, 9.759101613694751, 9.029519870645268]",5.110000000000041,100.0,0.0,"[50.0, 89.43126334348717, 89.43126334348719]",31
439,297768368,settled,Kk2i_0029,unmatched,,"[-0.22472066688496214, -0.872516407788627, -0.21434063640960546, 0.3771920354380955]","[-0.07080828053956714, -0.7035629615155996, 0.07087172970351238, 0.7035357450188733]","[481.95204994309563, 9.763088212089393, 9.019552398733948]",5.100000000000038,100.0,0.0,"[50.0, 89.16294647938047, 89.16294647938047]",36
440,891232979,settled,Kk2i_0030,unmatched,,"[-0.34380334234946835, -0.7338992915597421, -0.0763126847783356, 0.5808334234351233]","[-0.002936721835817086, -0.707113577716597, 0.0027879587005568145, 0.7070883899202259]","[481.5098644597099, 9.94174821906236, 9.005205790899023]",5.160000000000058,100.0,0.0,"[50.0, 88.58012346639289, 88.5801234663929]",28
441,3841963349,settled,Kk2i_0003,unmatched,,"[-0.5133375855609958, -0.07907450326392841, 0.6897991190402434, -0.5043896525061499]","[-0.7071177049057553, -0.0003945346865678323, 0.7070955660343958, 0.0005062071667130408]","[481.81606749315665, 9.952414173123918, 9.697797804599002]",5.300000000000105,100.0,0.0,"[50.0, 90.48263249010832, 90.48263249010833]",34
442,18385099,settled,Kk2i_0004,unmatched,,"[0.12047864421829556, -0.12517628543684167, -0.7144336243554615, 0.6777908159910955]","[-3.902266894353912e-05, 3.9882149681813583e-05, -0.7073113085642204, 0.7069021924310434]","[481.6933439833396, 9.698759175498674, 14.999339414590818]",5.190000000000068,100.0,0.0,"[50.0, 90.21790602719963, 90.21790602719962]",24
443,2691739939,settled,Kk2i_0018,unmatched,,"[-0.22267729535334213, 0.7891356077799049, -0.5696644964821498, 0.0562332296395906]","[0.4998488689005688, 0.5001817597301317, -0.49984584659682957, 0.5001234298970499]","[481.93745583640174, 14.9990571932218, 9.697538512921973]",5.350000000000121,100.0,0.0,"[50.0, 91.0702267106622, 91.07022671066218]",18
444,1648306844,settled,Kk2i_0018,unmatched,,"[0.40372342625092367, -0.4878801446397, -0.3946080481346454, -0.6657813814683657]","[-0.4999567854897189, 0.5003255964755072, 0.49987965405475654, 0.4998378153124391]","[482.2476318666314, 15.001014145104213, 9.709174281443993]",5.770000000000262,100.0,0.0,"[50.0, 90.27810786789348, 90.27810786789347]",21
445,3556173456,settled,Kk2i_0006,unmatched,,"[0.8819022092181918, -0.180298544692677, 0.353429474799875, -0.2546144821106211]","[0.6941258187622691, -0.13440311752976927, 0.6942823243439289, -0.13452584818346344]","[481.5075643149721, 10.300264850299703, 9.076391547030545]",5.300000000000105,100.0,0.0,"[50.0, 89.34515732834961, 89.34515732834963]",41
446,4217925759,settled,Kk2i_0005,unmatched,,"[0.0961030644699224, -0.5789503453412914, -0.05326938281784191, 0.8079251645312798]","[0.06619329910805313, -0.7039887380748096, -0.0660044032999347, 0.7040324726616298]","[481.7498465360966, 10.12522153448667, 9.026441758511472]",5.1800000000000646,100.0,0.0,"[50.0, 85.98528434895199, 85.985284348952]",40
447,2301786321,settled,Kk2i_0027,unmatched,,"[0.2578223818748416, -0.7105505883403768, 0.20813108451813142, -0.620747076087221]","[0.20130438088661262, -0.6777728475616355, 0.20157224024695775, -0.6778415340666817]","[482.3059315687357, 10.46450295636654, 10.76725381327393]",5.290000000000101,100.0,0.0,"[50.0, 85.47984942889364, 85.47984942889366]",35
448,325454950,settled,Kk2i_0016,unmatched,,"[0.7956384402483112, 0.3843416545390062, -0.3939975078371101, -0.25299590669336963]","[0.5442500125742147, 0.4513363111705608, -0.5443769589925961, -0.4513769871735725]","[482.3165349996292, 9.024952301301154, 10.124580237489212]",5.1500000000000545,100.0,0.0,"[50.0, 89.79791067733281, 89.79791067733282]",26
449,969502381,settled,Kk2i_0022,unmatched,,"[-0.30927980161513835, -0.15406158471051223, 0.5135925348162733, 0.7853876371642105]","[-0.33268969125985287, -0.6237576802877568, 0.3329858732432041, 0.6239906520388918]","[482.20516971928487, 9.169814325130325, 9.425435614032736]",5.310000000000108,100.0,0.0,"[50.0, 90.68319978701052, 90.68319978701051]",26
450,2996715874,settled,Kk2i_0018,unmatched,,"[-0.19287291865651282, 0.48587151384416694, 0.6514239194558252, 0.5498870669914926]","[-0.499849512189954, 0.5000315238313523, 0.4999948589252763, 0.5001240659942829]","[482.2809044923339, 15.00304841257964, 9.681527054062833]",5.260000000000091,100.0,0.0,"[50.0, 90.22555126474042, 90.2255512647404]",21
451,1609489958,unsettled,,not_evaluated,,"[-0.9949556450195594, -0.05813871976815337, 0.08029387326127228, -0.015363841451134974]","[-0.9952167276697617, 0.09769045020329241, 0.0004908033847552813, 4.172194047635803e-06]","[481.55080704970425, 10.146900086500544, 14.987751204544757]",5.270000000000095,100.0,0.0,"[50.0, 89.17995372936784, 89.17995372936785]",33
452,2771918735,settled,Kk2i_0010,unmatched,,"[-0.11460745564524599, 0.43084029765301896, -0.8796516023320977, 0.16569498345862566]","[-0.6546303805096689, 0.2671747347871681, -0.6546596262307716, 0.2673901639712261]","[482.1127441425937, 10.614607922792654, 9.281016729079932]",5.080000000000031,100.0,0.0,"[50.0, 90.79974098433199, 90.79974098433198]",43
453,610631633,settled,Kk2i_0027,unmatched,,"[0.1514681535432902, -0.6127328788032343, 0.29993681550540857, -0.7152997444429585]","[0.2014860831656271, -0.6780116789670341, 0.20122315518492773, -0.677652391194999]","[482.02380550784676, 10.470785518609805, 10.760569010810398]",5.260000000000091,100.0,0.0,"[50.0, 86.27749720728745, 86.27749720728747]",42
454,2319603761,unsettled,,not_evaluated,,"[-0.1570165804251357, 0.03132179366028071, 0.9537235132709428, -0.2545116872515474]","[-9.899959770909293e-06, 1.8097226249388917e-05, 0.1557751735122904, 0.9877925363616071]","[481.55582561569753, 9.703459200216788, 15.001633624924155]",5.170000000000061,100.0,0.0,"[50.0, 90.36792735495341, 90.36792735495342]",32
455,1854309513,unsettled,,not_evaluated,,"[0.12356854996780049, -0.2678906918240119, -0.7278985147329342, -0.6189742667853777]","[0.00021099113808797926, 2.716734418227105e-05, -0.039054128917770645, -0.9992370738514206]","[482.06754001368887, 9.91315979928463, 14.998524854412858]",5.230000000000081,100.0,0.0,"[50.0, 91.20824983769867, 91.20824983769866]",23
456,989447075,settled,Kk2i_0004,unmatched,,"[0.9713800337355661, -0.21011797810244398, 0.016179182275794755, 0.10958786154915928]","[0.7068997873205414, -0.7073137126339919, 4.159062577263617e-05, 2.96025656828236e-05]","[481.7011028232002, 9.698800177041434, 14.995134115436747]",5.190000000000068,100.0,0.0,"[50.0, 89.46719435672878, 89.4671943567288]",30
457,2183323969,settled,Kk2i_0017,unmatched,,"[0.4719514165278837, -0.21436734646952207, 0.6328959274691771, -0.5751097688249347]","[0.5000771527876751, -0.4999299745298217, 0.49991190836776134, -0.5000809391473415]","[481.9189420204809, 9.702113300497897, 9.949303481895644]",5.260000000000091,100.0,0.0,"[50.0, 88.14686700258278, 88.1468670025828]",37
458,3333157346,settled,Kk2i_0004,unmatched,,"[-0.9276509904190547, 0.24159716448372856, 0.27468312960690555, 0.07512408666549768]","[-0.7072257429139819, 0.7069877935415435, -4.123484399681798e-05, -8.150284685626286e-05]","[481.63933754680335, 9.702629804425413, 14.999409910694936]",5.340000000000118,100.0,0.0,"[50.0, 90.60475592070016, 90.60475592070017]",28
459,1536433214,settled,Kk2i_0021,unmatched,,"[0.08218339877503628, 0.2576184628040969, -0.6582543058704985, -0.7025524075762501]","[0.3912140737731812, 0.5890367052663454, -0.39092394031513605, -0.5892077572633005]","[482.15607342835693, 9.087262471937695, 9.581479910528001]",5.280000000000098,100.0,0.0,"[50.0, 90.48258822131028, 90.48258822131027]",29
460,3003981838,settled,Kk2i_0003,unmatched,,"[-0.7818738120739928, -0.012854806092070811, 0.6135808908157429, -0.10966579402428699]","[-0.7070341021952236, 4.930580088186032e-05, 0.707179450976825, -4.24836659115857e-06]","[481.6053257454165, 9.95739718690124, 9.7006093648579]",5.1800000000000646,100.0,0.0,"[50.0, 86.14238318208741, 86.1423831820874]",28
461,1671738075,settled,Kk2i_0016,unmatched,,"[0.16848477985767996, 0.6303939036957051, 0.6092136526744295, 0.4506385808324433]","[0.45123304228669625, 0.5443668164996005, 0.45126450303515353, 0.544439031428882]","[482.1623277287977, 9.024156100909064, 10.118563579757064]",5.1200000000000445,100.0,0.0,"[50.0, 89.10262509580294, 89.10262509580295]",28
462,1427896573,settled,Kk2i_0030,unmatched,,"[-0.8276546587604369, 0.01672756570963244, -0.5591638238802129, 0.045208101499985595]","[-0.7070521150413336, -0.0021998043467275075, -0.7071543416231729, -0.0022813592241751335]","[481.5837883983691, 9.950935881499614, 9.00802110662562]",5.220000000000078,100.0,0.0,"[50.0, 86.68071957184355, 86.68071957184357]",32
463,617616967,settled,Kk2i_0018,unmatched,,"[-0.653353822706798, 0.3994512311384112, -0.04260644431797357, -0.6416791933661253]","[0.5000886201639865, 0.5000002597819703, -0.49989040229698467, 0.5000206974634164]","[481.6256217578833, 14.997510237224539, 9.685124063061854]",5.600000000000205,100.0,0.0,"[50.0, 91.02111781255098, 91.021117812551]",16
464,4137320547,settled,Kk2i_0018,unmatched,,"[0.42361130840775824, -0.7453039372078921, -0.42955826919711343, -0.2838224690468704]","[0.5002352425281223, -0.49974679088740215, -0.5001763270433016, -0.49984146386233924]","[482.1892551471116, 14.999963220366164, 9.697217442926286]",5.230000000000081,100.0,0.0,"[50.0, 91.00682239164425, 91.00682239164426]",18
465,2545035017,settled,Kk2i_0027,unmatched,,"[-0.5569568557253328, 0.6963649029460673, 0.07238081643017763, 0.44680644603493136]","[-0.20166261895532128, 0.6779042682374666, -0.20146736855546818, 0.6776347767262546]","[481.62055431277713, 10.476035573588673, 10.761523198768352]",5.370000000000128,100.0,0.0,"[50.0, 90.37119875885777, 90.37119875885779]",29
466,1308104037,settled,Kk2i_0018,unmatched,,"[0.6202867767754898, 0.441811349337051, 0.34047399362073083, -0.5514748460468515]","[-0.49978616653166275, 0.5000744701732933, 0.5000826300608543, 0.5000566719241969]","[482.21494873971477, 14.99936741139292, 9.70048142883609]",5.530000000000181,100.0,0.0,"[50.0, 89.0407351605718, 89.04073516057181]",20
467,997398106,settled,Kk2i_0018,unmatched,,"[0.11084417898417434, -0.7964657463755247, -0.5903442692092394, 0.06963854283090477]","[0.5000576250068914, -0.4998526992381802, -0.49981839445545795, -0.5002711497785384]","[481.7313832101911, 14.999109101813547, 9.696435949961106]",5.410000000000141,100.0,0.0,"[50.0, 90.62101744847345, 90.62101744847347]",20
468,3869532184,settled,Kk2i_0005,unmatched,,"[-0.444034000270401, -0.15779409734244773, -0.714768004045331, 0.5167606117350677]","[-0.7040001705754649, 0.06616407765802351, -0.7040318285409852, 0.06591857900938178]","[481.75528899402843, 10.127314910135986, 9.021861894936508]",5.170000000000061,100.0,0.0,"[50.0, 90.8045188981183, 90.80451889811829]",29
469,2215946165,settled,Kk2i_0003,unmatched,,"[0.36889047016788995, -0.7622059379761799, -0.12484839185158167, -0.5170829799802338]","[-0.00014740432886437005, -0.7072303627319313, -0.00035974704774791033, -0.7069830711439182]","[482.29018626946913, 9.958823581047348, 9.702157613550211]",5.260000000000091,100.0,0.0,"[50.0, 89.87858283166607, 89.87858283166608]",33
470,1197086404,settled,Kk2i_0030,unmatched,,"[0.755057280627056, -0.1767846178774512, 0.631366319746603, 0.0035031619473357]","[0.7071370689222224, 0.003242307760839447, 0.7070628207376934, 0.0029699708632446864]","[481.9555420740883, 9.93754795972573, 9.008314924159095]",5.230000000000081,100.0,0.0,"[50.0, 86.12234524953502, 86.122345249535]",28
471,148282538,settled,Kk2i_0018,unmatched,,"[-0.4253381753982559, 0.7238946308654451, -0.5174617999902729, -0.16521890177546342]","[0.5001616436371195, 0.4999330187405782, -0.4998962649013383, 0.500009031263275]","[482.0068270417572, 15.003836786712293, 9.692033869111917]",5.410000000000141,100.0,0.0,"[50.0, 90.86752482838537, 90.86752482838538]",18
472,4068892255,settled,Kk2i_0028,unmatched,,"[0.3748737161170823, 0.8447448672063396, 0.13016443113470874, -0.35907245391493114]","[0.13969150852634976, 0.6931224131725562, -0.13995247778963224, -0.6931673007031042]","[482.0385946714901, 9.580629210037753, 9.071866134638851]",5.0600000000000245,100.0,0.0,"[50.0, 89.72321668589355, 89.72321668589356]",27
473,1326143893,unsettled,,not_evaluated,,"[0.14356132151723644, 0.9476595487597521, -0.08740535376396882, -0.2714623928688525]","[0.9830196747352304, 0.18350004843494222, 0.00022507055297026068, 2.551591408050946e-05]","[481.85854108345484, 9.633611114345523, 14.99822520375944]",5.340000000000118,100.0,0.0,"[50.0, 90.2714072855841, 90.27140728558412]",32
474,2736713625,settled,Kk2i_0006,unmatched,,"[0.017407009755828814, 0.4637843759830021, 0.32652442269539567, -0.8233971398959656]","[-0.1339355629360959, 0.6943437387166099, 0.13373451529315003, -0.6943076529214822]","[482.0420205089319, 10.310100343446283, 9.082910510496552]",5.310000000000108,100.0,0.0,"[50.0, 88.72621358941915, 88.72621358941916]",33
475,3271021467,settled,Kk2i_0006,unmatched,,"[-0.521156935288762, 0.18990290551240585, 0.14878659799666374, -0.8186543125977841]","[-0.1342230862276306, 0.6943543685317257, 0.13410244756783518, -0.6941705176545274]","[481.5432172155008, 10.306240962995163, 9.075870007749675]",5.400000000000138,100.0,0.0,"[50.0, 91.1161830929954, 91.11618309299541]",37
476,3851873653,settled,Kk2i_0010,unmatched,,"[-0.6890452941250381, 0.5804733049738838, -0.022912083130372837, -0.43329246624360196]","[-0.2660989470845454, 0.6550299532193363, 0.26600591772015697, -0.6552617511222729]","[482.0394806246017, 10.61496336654628, 9.279552271316375]",5.1800000000000646,100.0,0.0,"[50.0, 89.87133848853617, 89.87133848853618]",37
477,1222532304,settled,Kk2i_0026,unmatched,,"[-0.4892347766941237, -0.673558720770075, -0.5376203582472012, -0.13391166247112982]","[-0.6764588223474982, -0.20580574855633732, -0.6765738569108193, -0.20565814273745622]","[482.1841103866009, 9.437037637426412, 9.159820650946987]",5.140000000000051,100.0,0.0,"[50.0, 88.89451514956086, 88.89451514956087]",33
478,2025214609,settled,Kk2i_0017,unmatched,,"[-0.6720498297597366, 0.25987250603860684, -0.3820612441455619, 0.5786575089351808]","[-0.5001468820787265, 0.5001151384559468, -0.4999003020200572, 0.49983760630266055]","[481.958161292274, 9.693579356714954, 9.954003453688554]",5.360000000000125,100.0,0.0,"[50.0, 90.02000243211685, 90.02000243211687]",35
479,3974321818,settled,Kk2i_0016,unmatched,,"[0.5890076497595739, 0.578138251652458, 0.2804648250741726, 0.4900669672575945]","[0.45168402899651383, 0.5440296603351165, 0.4517318820693585, 0.5440143135499373]","[482.14001722840675, 9.031886099666622, 10.130053057651354]",5.200000000000071,100.0,0.0,"[50.0, 87.68679628185428, 87.6867962818543]",40
480,2134301099,unsettled,,not_evaluated,,"[0.23258563386672154, -0.9707151930310784, -0.014332229697203118, 0.05839969288753257]","[-0.9824287530554559, -0.18663785122186127, -0.000240088338946981, 4.333376970477865e-06]","[481.6327455619464, 9.62919682237319, 14.99116634841956]",5.200000000000071,100.0,0.0,"[50.0, 88.70134874403212, 88.70134874403213]",34
481,978334388,unsettled,,not_evaluated,,"[-0.0529483899273966, -0.302997353705265, -0.8480072285136022, -0.4315933410519471]","[7.42635455534546e-05, -2.3791807085705996e-05, -0.09305422611448952, -0.9956610391700125]","[481.8514915769974, 9.807550514214725, 15.003263492947678]",5.290000000000101,100.0,0.0,"[50.0, 90.8882862407248, 90.88828624072481]",22
482,2325744455,settled,Kk2i_0005,unmatched,,"[0.18274323590751634, 0.8725818368775546, 0.3737068263916387, -0.2560254979288821]","[-0.06635131759674813, 0.7041538413636339, 0.06648496045993675, -0.703807232400076]","[482.30358917865004, 10.13333182408454, 9.019422952628624]",5.070000000000028,100.0,0.0,"[50.0, 90.41331449955422, 90.41331449955423]",41
483,348550585,settled,Kk2i_0004,unmatched,,"[-0.9150115933974345, 0.34906982214210186, -0.028151545384796382, -0.2002786401751746]","[-0.7070796937240734, 0.7071338111471527, 0.00020182049228409385, -0.0001977980348237263]","[482.1188692578696, 9.696769305109534, 14.997168656661156]",5.270000000000095,100.0,0.0,"[50.0, 90.26328660194655, 90.26328660194656]",25
484,1740214684,settled,Kk2i_0024,unmatched,,"[-0.08212628680529313, 0.5264601975169598, -0.73218323243745, -0.42426718890744497]","[0.2700284136096264, 0.6535607110245608, -0.27004150304404706, -0.6534681625620725]","[481.57461844870613, 9.295157034181148, 9.279021402139202]",5.170000000000061,100.0,0.0,"[50.0, 90.21872243793855, 90.21872243793854]",33
485,55311315,settled,Kk2i_0028,unmatched,,"[-0.7661319425224496, -0.4844520809690637, -0.32013599349819377, 0.27542870866786173]","[-0.693084781621174, -0.13983309453770115, -0.6932101812841915, -0.13978496242828922]","[481.73062343124275, 9.58154410050683, 9.080553226356615]",5.310000000000108,100.0,0.0,"[50.0, 89.93793346903607, 89.93793346903608]",29
486,1316840683,settled,Kk2i_0018,unmatched,,"[0.07675491347951191, 0.6400061569458476, -0.7595435032536367, 0.08714625059836124]","[0.49988187968717507, 0.4999307984722579, -0.5000848738926988, 0.5001024115149126]","[481.7856443373327, 14.994702523022793, 9.698696824923843]",5.300000000000105,100.0,0.0,"[50.0, 89.21232582094797, 89.21232582094798]",21
487,3906633774,settled,Kk2i_0018,unmatched,,"[-0.4126339930361076, 0.7677208856764828, -0.44529899126803724, -0.20505276848378087]","[0.5001649700564574, 0.4996839813656868, -0.49988884849254955, 0.5002619920079396]","[482.1222108465331, 15.002489209606475, 9.697168070151779]",5.410000000000141,100.0,0.0,"[50.0, 91.15135269421127, 91.15135269421125]",26
488,3892948482,settled,Kk2i_0003,unmatched,,"[0.5881394421842769, -0.4614317568880165, -0.6511079169270512, -0.13126770660494644]","[0.7071002261982792, -0.00016076026006148217, -0.7071133178111163, -6.3746924942043046e-06]","[482.049837896554, 9.965491101841202, 9.69788729297472]",5.250000000000088,100.0,0.0,"[50.0, 90.92989998757447, 90.92989998757449]",21
489,726396242,settled,Kk2i_0026,unmatched,,"[-0.588104219804756, -0.17625190134214422, -0.7803869967171447, -0.1185952329392438]","[-0.6765028952998667, -0.20562273478524, -0.67652257710006, -0.20586482522332428]","[481.88901117169644, 9.430989031915479, 9.163168696365389]",5.130000000000048,100.0,0.0,"[50.0, 85.25360838335232, 85.2536083833523]",26
490,2940707866,settled,Kk2i_0029,unmatched,,"[0.497173177018088, 0.03845020895787252, 0.8641151523332156, 0.06815729596294492]","[0.7034515793492768, 0.0716339810846254, 0.7034775241695777, 0.07172043818338655]","[482.1192705405946, 9.758378800663001, 9.02802044944587]",5.130000000000048,100.0,0.0,"[50.0, 88.07077695931113, 88.07077695931115]",32
491,304160197,settled,Kk2i_0029,unmatched,,"[0.9038276135597187, -0.022174154481154725, 0.42216816549128033, 0.06616639544146515]","[0.7035472011689281, 0.07191602287609744, 0.7033482297812116, 0.07176830111329371]","[481.5196572462239, 9.759813436193463, 9.026828630838116]",5.320000000000111,100.0,0.0,"[50.0, 89.22834591422234, 89.22834591422236]",32
492,4041846957,settled,Kk2i_0018,unmatched,,"[-0.42387011570386224, 0.43694254873817007, 0.72414277921501, 0.32408728673946435]","[-0.5001797439081066, 0.499972123464103, 0.49971621403591365, 0.5001317876044569]","[482.02399840565795, 15.005011469899323, 9.691689020359512]",5.220000000000078,100.0,0.0,"[50.0, 90.42093520126902, 90.42093520126903]",11
493,1321792822,unsettled,,not_evaluated,,"[0.8692626977408878, 0.4179941004244013, -0.14782251222700962, -0.2186590935806806]","[0.9988634453274615, -0.04766201408137844, 6.888751397039415e-05, 0.00038112566207348936]","[482.05277452520926, 10.089411255781847, 15.005112638453106]",5.370000000000128,100.0,0.0,"[50.0, 90.7744181369156, 90.77441813691559]",42
494,4197430582,unsettled,,not_evaluated,,"[0.03321905480953784, 0.9728731798589902, 0.2096095331892582, 0.0920766740537427]","[0.9947972713990219, 0.10187427472496925, 9.061733504411168e-05, -0.00011293724335004196]","[482.0424929302559, 9.761727189238437, 15.001566018896193]",5.1800000000000646,100.0,0.0,"[50.0, 90.73193891254121, 90.73193891254122]",21
495,2542721139,settled,Kk2i_0016,unmatched,,"[-0.6495938786809407, -0.005279080681094758, 0.6857852760822487, 0.3281744645706117]","[-0.544375192926654, -0.4511900215841219, 0.5441271952271711, 0.45167334342774745]","[481.6023804996038, 9.026658333837704, 10.129456116586331]",5.300000000000105,100.0,0.0,"[50.0, 87.63899265023066, 87.63899265023068]",29
496,2692174792,settled,Kk2i_0021,unmatched,,"[0.47989987830095804, 0.40658434079067574, 0.7168406037565264, -0.30087344421951895]","[0.5886519608029656, 0.3919061407161394, 0.5885538046454435, 0.3917944166896443]","[482.23950377590694, 9.083890653715045, 9.57745322467735]",5.290000000000101,100.0,0.0,"[50.0, 90.72554796090019, 90.72554796090017]",38
497,3415389587,settled,Kk2i_0006,unmatched,,"[0.014422751469727813, -0.6581796891617329, -0.4012873838272596, 0.6368358631516293]","[0.13441735659477835, -0.6941042858525703, -0.13445683932360297, 0.6943144625933356]","[481.66085093827024, 10.308271403414619, 9.076396286145325]",5.280000000000098,100.0,0.0,"[50.0, 89.46360599925016, 89.46360599925018]",32
498,1604256032,settled,Kk2i_0018,unmatched,,"[0.7194335288308407, -0.12594507376429795, -0.2512441202018914, -0.6351611040141603]","[-0.49983671612039354, 0.5001964747578149, 0.49997098478525814, 0.49999575821270237]","[482.3605782388775, 15.001395550064201, 9.690775722281312]",5.740000000000252,100.0,0.0,"[50.0, 89.36083318172437, 89.36083318172436]",24
499,262656233,settled,Kk2i_0017,unmatched,,"[-0.36391009820553344, 0.39535104709640495, 0.3331361145539588, -0.7747821107664442]","[-0.5001529346923487, 0.49992705186613107, 0.4999286206835021, -0.49999135887789214]","[481.7073098381808, 9.695883252777644, 9.95938903892347]",5.380000000000131,100.0,0.0,"[50.0, 87.73478410491111, 87.73478410491113]",24
500,4212216518,unsettled,,not_evaluated,,"[-0.29048204249306936, -0.9429696391518119, 0.01821415926537831, -0.16154469050145792]","[-0.9967277195109645, -0.08083224944094143, -2.4137950638662004e-05, -5.113625102137753e-06]","[481.5062795110241, 9.835192895109866, 15.00206415219387]",5.0900000000000345,100.0,0.0,"[50.0, 90.26334755641497, 90.26334755641497]",33
501,3782923788,settled,Kk2i_0010,unmatched,,"[-0.7787440695715817, 0.09365545432764234, -0.38650657307348313, 0.48517934720345085]","[-0.6550329734696039, 0.26619358521316616, -0.65517458484375, 0.2661184740557295]","[481.6935052841034, 10.622920313238588, 9.281599229073851]",5.270000000000095,100.0,0.0,"[50.0, 90.7345774035269, 90.73457740352691]",33
502,3362482467,settled,Kk2i_0003,unmatched,,"[0.7832846989191279, -0.38675165402377154, -0.48657950948779993, 0.011341053551597924]","[0.7070069852925738, 0.0001334400289335069, -0.7072065471595924, 6.779286341135336e-05]","[481.8424870204616, 9.957073396796615, 9.694928578880415]",5.200000000000071,100.0,0.0,"[50.0, 89.81998788766262, 89.81998788766263]",29
503,2700113713,unsettled,,not_evaluated,,"[0.03447712517487698, 0.9641850388290412, 0.23864003994039065, 0.11049647087199173]","[0.9958634106099113, 0.09086071198888228, -0.0006243189578437059, -9.301133003630781e-05]","[482.1471840375694, 9.803372461204695, 14.990967258596086]",5.170000000000061,100.0,0.0,"[50.0, 90.87999363999499, 90.879993639995]",28
504,470461877,settled,Kk2i_0029,unmatched,,"[-0.3661237010024778, 0.6138259312149058, -0.3211534154736574, -0.6213144497450597]","[0.07081588905388563, 0.7034856116871154, -0.07115512075032028, -0.7035837212426963]","[481.6389974425772, 9.770510356241198, 9.029409035967765]",5.190000000000068,100.0,0.0,"[50.0, 90.77706884406436, 90.77706884406435]",36
505,1077415524,settled,Kk2i_0030,unmatched,,"[-0.9281882426101508, -0.132775582072791, -0.2798262576919452, 0.2062389308341965]","[-0.7071862638373674, -0.0031686344375232434, -0.7070144707669301, -0.002843610680940134]","[481.9546222417893, 9.942828215730103, 9.007585307675425]",5.310000000000108,100.0,0.0,"[50.0, 90.05947914635736, 90.05947914635735]",39
506,3461860755,settled,Kk2i_0019,unmatched,,"[-0.05646607210453661, 0.35164116118681604, -0.895910406203069, -0.2655270617419717]","[0.49775242890159727, 0.502045909907763, -0.498002852754335, -0.5021808265117169]","[482.3187397773058, 9.006285697898196, 9.933133867180121]",5.440000000000151,100.0,0.0,"[50.0, 90.28007897791436, 90.28007897791434]",30
507,4041061826,settled,Kk2i_0030,unmatched,,"[-0.3481962430304041, -0.8253540043337292, -0.2323053652870821, 0.3789252711665267]","[-0.002999059763530155, -0.7070998625412167, 0.0026100587995907536, 0.7071025227134958]","[481.99907887915765, 9.942473935538738, 9.00401126853424]",5.070000000000028,100.0,0.0,"[50.0, 89.65359242948504, 89.65359242948506]",37
508,306890977,settled,Kk2i_0010,unmatched,,"[-0.6281596778640454, 0.2934023739395993, -0.14503032828879558, 0.7059013174295615]","[-0.6547565984747693, 0.2671247279847711, -0.6547907706610684, 0.26680933849829186]","[481.84826829517436, 10.608331014338658, 9.281824020568106]",5.340000000000118,100.0,0.0,"[50.0, 91.11454703018792, 91.11454703018794]",33
509,1149764821,settled,Kk2i_0024,unmatched,,"[0.5506074498766016, 0.1942346200872333, 0.7633583094821048, 0.2763845868433636]","[0.6533696538099687, 0.27028708355361486, 0.6533962902356794, 0.27041870469805696]","[481.715849970153, 9.280810545195987, 9.283676817143311]",5.100000000000038,100.0,0.0,"[50.0, 86.26834154686746, 86.26834154686745]",26
510,2826209534,settled,Kk2i_0028,unmatched,,"[-0.054747368474066145, -0.6743927245094147, 0.08177656121602812, 0.7317853324641148]","[-0.13857721457784214, -0.6932898465059893, 0.13852747595822876, 0.6935096846736828]","[481.9166344492591, 9.583818647205417, 9.079180985549295]",5.170000000000061,100.0,0.0,"[50.0, 82.96843536757513, 82.96843536757515]",31
511,809482123,settled,Kk2i_0004,unmatched,,"[-0.9896455908076977, -0.0660978533166102, -0.015510723040940765, -0.12645985866102424]","[-0.7069537493674904, 0.7072597678723253, 0.0001287543551475312, -2.0657886685815363e-05]","[482.18234097192504, 9.700779702849871, 15.003763383451997]",5.220000000000078,100.0,0.0,"[50.0, 89.73454731327017, 89.73454731327018]",26
512,1905413278,settled,Kk2i_0015,unmatched,,"[0.7481737568194641, 0.08510956857516272, -0.6001973035567936, -0.26973243732772156]","[0.5856324163976702, 0.39651750174090283, -0.5855874059799563, -0.39610091344888954]","[481.5414307415495, 9.083991678816549, 10.295118553077673]",5.1500000000000545,100.0,0.0,"[50.0, 86.33916556410553, 86.33916556410554]",31
513,3286044974,settled,Kk2i_0022,unmatched,,"[-0.5116328064185239, -0.4434826427084401, -0.6709170843675203, -0.30236614049266347]","[-0.6239132697960235, -0.3327242973333881, -0.6240374090125693, -0.3325719258886969]","[481.53505543084344, 9.174665496620488, 9.421020948764461]",5.130000000000048,100.0,0.0,"[50.0, 85.75935355744434, 85.75935355744436]",37
514,1725715576,unsettled,,not_evaluated,,"[0.06505155144275046, -0.2850129164414062, 0.21597777360011147, -0.9316058900775555]","[-4.803019951965526e-05, 0.0005699188764966556, 0.490346425146377, -0.8715274271253559]","[481.6622700143679, 10.807197763449068, 15.012370276064805]",5.390000000000135,100.0,0.0,"[50.0, 91.20741304443045, 91.20741304443047]",31
515,1615467983,settled,Kk2i_0028,unmatched,,"[-0.6197829620305907, -0.4968457370711996, 0.10198844289142846, 0.5988420084190367]","[-0.13900164337272117, -0.693377502497972, 0.1391754525783796, 0.6932073106718949]","[481.7902563121421, 9.586955534314768, 9.079074056403227]",5.1200000000000445,100.0,0.0,"[50.0, 89.29985141779147, 89.29985141779149]",34
516,3814597079,settled,Kk2i_0017,unmatched,,"[0.667114342466612, -0.47649663241467166, 0.2707484495608343, -0.5045836803080551]","[0.4998882570953832, -0.5000796860983395, 0.4999090013043219, -0.5001230132525816]","[482.015230079849, 9.699035647254771, 9.95504443607267]",5.420000000000145,100.0,0.0,"[50.0, 87.93241526113826, 87.93241526113827]",31
517,34287890,settled,Kk2i_0007,unmatched,,"[-0.020940699529930898, 0.9375278849134914, 0.13409955172815838, 0.3203439750317453]","[0.14074337876115825, 0.692902707219918, 0.1407484280190542, 0.69301300108466]","[482.0827710100658, 9.584799484223895, 10.820220317644193]",5.300000000000105,100.0,0.0,"[50.0, 91.12504806209384, 91.12504806209385]",45
518,3631687601,settled,Kk2i_0004,unmatched,,"[0.01632317933537506, -0.10891332960164436, -0.21908469273952824, 0.9694706482708464]","[0.00016543433830626397, 0.00012087007007227646, -0.7072028587315293, 0.7070106608983054]","[481.5450502453818, 9.689663350683608, 15.005670487036696]",5.170000000000061,100.0,0.0,"[50.0, 89.33578927792752, 89.33578927792753]",22
519,2511762870,settled,Kk2i_0018,unmatched,,"[0.07168445665046755, -0.7412878042100359, -0.6643917565661196, 0.06274809806820239]","[0.5001628642110374, -0.5001120932483909, -0.4999052265882757, -0.49981973538531765]","[481.5530504642845, 15.001826121066934, 9.693527775297445]",5.350000000000121,100.0,0.0,"[50.0, 89.70779673234428, 89.70779673234429]",24
520,3838213929,settled,Kk2i_0004,unmatched,,"[0.8821667003735669, -0.4005839344237604, -0.23141838226947753, -0.08809061573954291]","[0.706890138219306, -0.7073233158225577, -5.212281894984017e-06, -0.00024362862117918715]","[482.2286775858381, 9.697191105342036, 15.003775452699431]",5.240000000000085,100.0,0.0,"[50.0, 90.66085861647771, 90.66085861647773]",38
521,1582246333,unsettled,,not_evaluated,,"[-0.04681754495458157, 0.978931168426654, 0.19652707016210968, 0.029647860981003544]","[0.9869072852719399, 0.16128795793346665, -7.495186798102406e-05, -0.00044641352979235554]","[482.1503700755825, 9.676416471177967, 15.001700233861701]",5.220000000000078,100.0,0.0,"[50.0, 90.47919180002623, 90.47919180002624]",27
522,1534090043,settled,Kk2i_0018,unmatched,,"[-0.46539282176227803, 0.0937664437621731, -0.3668153027806936, -0.8000399422042925]","[0.500220291856698, 0.4996790822036008, -0.5005166637381031, 0.4995833701630249]","[481.9558238815626, 15.010259409282634, 9.700791691726561]",5.660000000000225,100.0,0.0,"[50.0, 90.24773696329885, 90.24773696329883]",22
523,3898018603,settled,Kk2i_0018,unmatched,,"[0.48513314473120167, -0.6294995748038434, 0.5923599459209928, 0.13223392784559354]","[-0.49980399796700525, -0.5002246649554222, 0.49992779735306436, -0.500043443732789]","[481.8874440859172, 15.011397441514687, 9.693095056812016]",5.430000000000148,100.0,0.0,"[50.0, 91.06136679543506, 91.06136679543508]",14
524,2830597505,settled,Kk2i_0017,unmatched,,"[0.576867332971806, -0.29015814683690533, -0.547573958901899, 0.5321607741149939]","[0.5000668427446155, -0.4998685961772459, -0.4999536344074525, 0.5001108904893004]","[481.93738940873175, 9.708131238497014, 9.951087165501752]",5.380000000000131,100.0,0.0,"[50.0, 87.33692435484065, 87.33692435484066]",32
525,3406774502,settled,Kk2i_0026,unmatched,,"[-0.8184929368826612, -0.28156105544036936, 0.10698870083035565, 0.4892301117338689]","[-0.20585258687005797, -0.6763067468988045, 0.20610378186245054, 0.6765760324457681]","[482.24399652648503, 9.428587557958686, 9.153222408386585]",5.1800000000000646,100.0,0.0,"[50.0, 89.97999769663897, 89.97999769663896]",35
526,2789814901,unsettled,,not_evaluated,,"[-0.26970363680921006, 0.9276292097826353, -0.15848816628110093, -0.20407228767959454]","[0.9823982414480601, 0.18679849853401653, -0.00011953857308304172, 4.3078134288943026e-05]","[482.1578735460014, 9.628757415561969, 14.99619489272655]",5.270000000000095,100.0,0.0,"[50.0, 90.24193351767777, 90.24193351767778]",29
527,3760347501,unsettled,,not_evaluated,,"[-0.1002536087097096, 0.35093466032656606, 0.2054738778488905, 0.9080608810227965]","[-8.017664840109796e-05, -2.128518366537047e-05, -0.37720836786491735, 0.9261284146009835]","[482.2336067100548, 10.618160899424375, 15.000503688992417]",5.370000000000128,100.0,0.0,"[50.0, 90.4787135392452, 90.47871353924522]",26
528,4270682813,unsettled,,not_evaluated,,"[-0.4929634617197576, -0.8456967034240723, -0.09130020337584438, -0.18288899390192767]","[-0.999919747548421, 0.012666679305690275, -0.0002183466038033254, 7.76068921894968e-05]","[481.89670576808646, 10.003681812788358, 15.000868692944847]",5.050000000000021,100.0,0.0,"[50.0, 90.64914029775969, 90.6491402977597]",21
529,2251849766,settled,Kk2i_0004,unmatched,,"[-0.9540381800532999, 0.14298004548502866, -0.23627115718417716, -0.11637782381766813]","[-0.7071812095528794, 0.7070323423279321, -5.9859550273710926e-05, 1.3207523204272764e-05]","[481.59025325981736, 9.69869482034711, 14.996476290127786]",5.130000000000048,100.0,0.0,"[50.0, 90.25130198063663, 90.25130198063664]",32
530,534416715,unsettled,,not_evaluated,,"[0.8539475834375602, 0.4980579942392897, -0.06957051044451185, 0.13368508963970963]","[0.9760737566697694, -0.21743965682493951, -6.882059570820221e-06, -0.00013089329126814156]","[481.63279327246323, 10.388080737034397, 15.003884360384]",5.230000000000081,100.0,0.0,"[50.0, 90.24310063824576, 90.24310063824578]",24
531,2592423895,settled,Kk2i_0008,unmatched,,"[-0.7627362211012204, 0.22713702742415, -0.5529063964301926, 0.24685369063420926]","[-0.6779767076670509, 0.20078852457461097, -0.677894936818892, 0.20122128837527997]","[481.7057043404783, 10.469035683785151, 9.16313778496623]",5.250000000000088,100.0,0.0,"[50.0, 85.65215912257305, 85.65215912257304]",42
532,907034003,settled,Kk2i_0018,unmatched,,"[0.3422772396015353, 0.6790099916879979, -0.547941234685763, 0.34864326434001264]","[0.5002205982124268, 0.49982254781109514, -0.5001866891979088, 0.4997699968714229]","[481.5657731719073, 15.00723287754001, 9.691989232887831]",5.170000000000061,100.0,0.0,"[50.0, 89.22068191417371, 89.22068191417372]",25
533,3984301831,unsettled,,not_evaluated,,"[-0.11390344336326703, 0.9654493302717585, -0.20652691217242056, -0.11081620286009315]","[0.9844231222207955, 0.17581543267740019, 0.00012184457182408404, 0.00018767903341238013]","[482.2853441006929, 9.655532648246586, 15.003851502355115]",5.230000000000081,100.0,0.0,"[50.0, 90.35668816956972, 90.35668816956974]",25
534,4291204682,unsettled,,not_evaluated,,"[0.9102301720992834, 0.25705660167763955, -0.31181419162339175, 0.09041486181100448]","[0.9999892222982517, -0.004636563768325295, -0.0001572713661232557, -0.0001811890650921244]","[481.9991946413692, 9.966284812955061, 15.004925409847974]",5.350000000000121,100.0,0.0,"[50.0, 90.52559764210194, 90.52559764210193]",29
535,1157350213,settled,Kk2i_0018,unmatched,,"[0.09159539395124666, -0.38103529340517006, -0.903230823874266, 0.17491846040360173]","[0.4996454853112563, -0.5001395798363791, -0.4999143559694634, -0.5003003361829832]","[482.02733654442306, 15.012054403157796, 9.689918133285005]",5.410000000000141,100.0,0.0,"[50.0, 90.45376244850851, 90.45376244850853]",17
536,1755359008,unsettled,,not_evaluated,,"[0.09753683006993497, -0.2256443990971123, -0.9692314832589591, 0.012708414364118367]","[9.207238091835102e-06, 0.0005114655571075363, -0.14333853005545918, -0.9896735846327066]","[481.7416718321659, 9.730036440742156, 15.011959687621204]",5.160000000000058,100.0,0.0,"[50.0, 90.82024501447724, 90.82024501447725]",39
537,1408581071,settled,Kk2i_0018,unmatched,,"[-0.45471816580131014, 0.36881043623739057, -0.67610896635819, -0.44731076157715893]","[0.4999623865540136, 0.49995112823947513, -0.5000575180286486, 0.5000289592276819]","[482.01463361211574, 15.004361775981675, 9.696699891996918]",5.5600000000001915,100.0,0.0,"[50.0, 90.280900136911, 90.280900136911]",19
538,4025969406,settled,Kk2i_0012,unmatched,,"[0.5709753087547726, -0.565686932621656, -0.20846448437644396, 0.5572504372426795]","[0.32877297253705196, -0.6260659945636097, -0.32898716159456276, 0.6258731105313458]","[482.08402248323205, 10.734436650660214, 9.418510400641885]",5.220000000000078,100.0,0.0,"[50.0, 88.5006008731245, 88.50060087312451]",30
539,2979020610,settled,Kk2i_0018,unmatched,,"[0.8112307203794777, -0.24357840399230152, 0.375267764858577, 0.37649486594003445]","[-0.4997008874156682, -0.5001488980520088, 0.5002082257619717, -0.49994183038971185]","[481.5773486439755, 14.993016947522207, 9.695459439380432]",5.580000000000198,100.0,0.0,"[50.0, 90.77735860075539, 90.7773586007554]",26
540,1028301620,settled,Kk2i_0024,unmatched,,"[0.28892918457711164, 0.24730923049045345, 0.9179907074772494, 0.112477250140836]","[0.6532386191885312, 0.27068077909167926, 0.6532688788602994, 0.2706492086513282]","[481.6731282213404, 9.288143522715695, 9.284264183066243]",5.050000000000021,100.0,0.0,"[50.0, 89.94733410560927, 89.94733410560929]",44
541,1824536695,settled,Kk2i_0027,unmatched,,"[0.3578502322835677, -0.800703126013853, 0.2395142510307735, -0.41647405537369075]","[0.20168956007373157, -0.6776902800383422, 0.20152979469887722, -0.677822209393766]","[482.03000358239166, 10.470782970429926, 10.757665379864708]",5.400000000000138,100.0,0.0,"[50.0, 89.67433848779172, 89.67433848779173]",33
542,1733341495,settled,Kk2i_0004,unmatched,,"[-0.10725658997326243, 0.21456612060218364, -0.3731717225845471, 0.8962144103172625]","[1.5621634950946373e-05, 4.8165808464506465e-05, -0.7071470695495399, 0.7070664887148292]","[482.11985060211236, 9.708471559265343, 15.003191865620508]",5.410000000000141,100.0,0.0,"[50.0, 90.92751741679182, 90.92751741679183]",29
543,2081953756,unsettled,,not_evaluated,,"[0.25888675527262234, 0.11196108251609478, -0.02210478959212772, 0.9591421908264307]","[-6.731995969927462e-05, 1.711770321149997e-05, -0.38306468008775646, 0.9237215197473057]","[482.2054932647216, 10.643126309225021, 14.998501654196021]",5.290000000000101,100.0,0.0,"[50.0, 90.94436917700375, 90.94436917700376]",32
544,1596940682,settled,Kk2i_0018,unmatched,,"[-0.19632461640955656, -0.5756304342672571, -0.7748853172965169, 0.17221786543563297]","[0.5002536102479984, -0.49986424405154295, -0.49984999081743897, -0.5000320486053165]","[481.55309827053793, 15.002148780053401, 9.694622428569597]",5.400000000000138,100.0,0.0,"[50.0, 89.9503546128227, 89.95035461282268]",18
545,581162313,settled,Kk2i_0004,unmatched,,"[0.04461988653389065, 0.19339945396857908, 0.7698665327673556, -0.6065568717400935]","[3.775568599295732e-05, 0.00013084476668695502, 0.70723486049988, -0.7069786655535445]","[482.28502276048346, 9.701201696034198, 15.001438536259199]",5.200000000000071,100.0,0.0,"[50.0, 90.13163068557795, 90.13163068557796]",35
546,3502698889,settled,Kk2i_0027,unmatched,,"[0.5283433173134485, -0.7298517633133956, -0.10698109618937755, -0.4203864742075638]","[0.20159481351915837, -0.6777150866411829, 0.20116606223804168, -0.677933630899626]","[482.1270743911905, 10.472195725206626, 10.764472063641746]",5.330000000000115,100.0,0.0,"[50.0, 90.50802387376142, 90.50802387376143]",32
547,1071262967,settled,Kk2i_0019,unmatched,,"[0.8300743687420142, 0.3050562345016756, -0.2379524964004282, -0.40161654050351286]","[0.49788400855008463, 0.5018021138343485, -0.4982713459492652, -0.5020277067925503]","[482.19784398868825, 9.013508916963051, 9.945434478395425]",5.160000000000058,100.0,0.0,"[50.0, 89.53591367327095, 89.53591367327097]",31
548,2632182746,unsettled,,not_evaluated,,"[0.12463518999557266, 0.2666351509468831, -0.9139540700125686, 0.2793917028148142]","[-0.0004531688743250051, -0.0001905036263096238, -0.1857694539695801, -0.9825932364504572]","[482.1864909243394, 9.622664760278719, 14.989869462962005]",5.190000000000068,100.0,0.0,"[50.0, 91.08529297716284, 91.08529297716285]",24
549,2828869928,unsettled,,not_evaluated,,"[-0.28857867045607677, -0.9072533208270996, 0.09782974016625558, 0.289901888136324]","[-0.9950250649894591, -0.09962486329994484, -1.7294609788165438e-05, 7.972506883296981e-05]","[482.0190001577405, 9.759630850516922, 14.999890892732038]",5.350000000000121,100.0,0.0,"[50.0, 90.27531121435092, 90.27531121435091]",28
550,242711853,settled,Kk2i_0008,unmatched,,"[0.4453195280059114, -0.6620938811624908, -0.15791792580823788, 0.5817079501022876]","[0.20138315607180832, -0.6777449291840643, -0.2011131763389127, 0.6779823933692665]","[481.6654843054717, 10.462178918943128, 9.152467757474774]",5.190000000000068,100.0,0.0,"[50.0, 87.559755840975, 87.55975584097501]",33
551,1651512630,unsettled,,not_evaluated,,"[0.0865315596859267, 0.07213667043285749, -0.3591108145116115, -0.926470729628297]","[0.00020926102914553546, -7.401965472023098e-05, 0.35711515868710403, -0.9340603375407805]","[482.3465047292946, 10.61232480444648, 14.993811577113181]",5.1800000000000646,100.0,0.0,"[50.0, 89.50024358978796, 89.50024358978797]",22
552,1631844025,unsettled,,not_evaluated,,"[-0.1638439152687643, 0.1823014535722178, 0.9657088863423422, -0.08560197599525166]","[0.000163359491089754, 4.990850355654497e-05, 0.1113839219945134, 0.9937774362219833]","[481.49709090594956, 9.762308197636342, 14.998471402056012]",5.1500000000000545,100.0,0.0,"[50.0, 90.92926426204501, 90.92926426204498]",34
553,2736063736,settled,Kk2i_0018,unmatched,,"[-0.843944520795286, -0.07874995523921714, -0.028550908035474637, 0.5298499183917899]","[0.5000972854571701, -0.4998478414143086, -0.4999710251666625, -0.5000838074819284]","[481.7252810699355, 15.005145690519543, 9.702981148640031]",5.6800000000002315,100.0,0.0,"[50.0, 90.46945806752164, 90.46945806752166]",18
554,2383909704,settled,Kk2i_0004,unmatched,,"[0.6518991038919032, -0.6526703844856946, -0.36014167870515257, -0.13909313002324686]","[0.7070111349650109, -0.7072022373391202, 0.0004141306853479021, -0.0002811295172522599]","[482.13398870409725, 9.702150687797017, 15.005157345812417]",5.290000000000101,100.0,0.0,"[50.0, 90.9521262968387, 90.95212629683871]",31
555,786084746,settled,Kk2i_0026,unmatched,,"[0.2039477377247787, 0.88653858841402, -0.044391204423401436, -0.41289716940136734]","[0.2063326907307291, 0.6763605589268937, -0.20626496457913598, -0.6763268288712826]","[481.9715130303676, 9.423237992680198, 9.166335540328925]",5.100000000000038,100.0,0.0,"[50.0, 89.40905078147091, 89.4090507814709]",34
556,3304824113,unsettled,,not_evaluated,,"[-0.13080897053962634, 0.016978959777673188, -0.9531859353290428, -0.2720979618485396]","[-0.00010418595241823426, 7.153657628133221e-05, -0.13454616127109642, -0.9909073188320984]","[482.2729709707698, 9.738971384701834, 15.00299292107184]",5.230000000000081,100.0,0.0,"[50.0, 89.55498698033144, 89.55498698033145]",31
557,1346177025,settled,Kk2i_0016,unmatched,,"[-0.11499311941669005, 0.4206101350444942, 0.7451990628761969, 0.5045216085294161]","[0.45142658098174365, 0.5443406789835622, 0.4514779227604646, 0.5441276986579013]","[482.113652883032, 9.021803409889822, 10.121744359136676]",5.1800000000000646,100.0,0.0,"[50.0, 90.41972753502787, 90.41972753502789]",35
558,1189755357,settled,Kk2i_0019,unmatched,,"[0.44321918603854427, 0.24072236551575096, -0.6050649771751497, -0.6160404769687353]","[0.49704282590045495, 0.5028007689791827, -0.4972090505511385, -0.5029144817808174]","[481.66840350867756, 9.005752865096747, 9.943943816478297]",5.330000000000115,100.0,0.0,"[50.0, 89.01665420701123, 89.01665420701124]",35
559,404206193,settled,Kk2i_0004,unmatched,,"[0.21300452584677976, 0.2149451527649457, 0.2569436815404462, -0.9178276514619095]","[0.00011208519459601773, 2.471944906667911e-05, 0.7072152549476522, -0.7069982814655107]","[481.93395197130803, 9.706173439219777, 14.997152055984586]",5.240000000000085,100.0,0.0,"[50.0, 90.25265006185997, 90.25265006185998]",32
560,1249438590,settled,Kk2i_0022,unmatched,,"[-0.25983007503873057, -0.0960866751857659, 0.6624144666085784, 0.6960335892647606]","[-0.33271590585582245, -0.6240175618860068, 0.3325251686736047, 0.6239625154181732]","[481.7544819688257, 9.1705132934723, 9.424063517064226]",5.270000000000095,100.0,0.0,"[50.0, 90.91748539629737, 90.91748539629738]",27
561,3893150923,settled,Kk2i_0018,unmatched,,"[0.5250380837594202, -0.2965867571242271, -0.10548193818621408, -0.7907242672494948]","[-0.4997576811556884, 0.5000963407259663, 0.5000998226425277, 0.5000460753883585]","[481.93210761844347, 15.005378765941849, 9.69732127391129]",5.740000000000252,100.0,0.0,"[50.0, 90.73988519032469, 90.7398851903247]",29
562,784341871,settled,Kk2i_0020,unmatched,,"[0.6092956200950023, 0.2465329145720911, -0.5075357975286466, -0.5571245673927846]","[0.4461534753141857, 0.5484767878410892, -0.44622431029570986, -0.5486384552377944]","[482.19958674000145, 9.035691598236442, 9.759132791668712]",5.210000000000075,100.0,0.0,"[50.0, 87.35364920271168, 87.35364920271168]",32
563,1442674168,settled,Kk2i_0030,unmatched,,"[0.32283344498595823, -0.05339721884669838, 0.10384039947967572, 0.9392254656118718]","[-0.003009451116113532, -0.7070316984627405, 0.002857504691919061, 0.7071696792424064]","[481.7666920280101, 9.946027381572044, 9.01236575860584]",5.430000000000148,100.0,0.0,"[50.0, 90.52151380364535, 90.52151380364536]",27
564,914947571,settled,Kk2i_0022,unmatched,,"[0.008699331871120803, -0.7185529989891443, 0.5977778274188038, 0.3553414953466003]","[-0.33230089136267404, -0.6241311902973709, 0.332221073436918, 0.6242319546947123]","[481.8561682004514, 9.17310574593131, 9.420084604203252]",5.130000000000048,100.0,0.0,"[50.0, 90.29626083521661, 90.2962608352166]",46
565,4103205779,settled,Kk2i_0017,unmatched,,"[-0.32975880371071165, 0.06651764303843705, 0.39372305764285254, -0.8554628504033676]","[-0.4999881833633206, 0.5001121377459771, 0.5000500004224172, -0.49984964064580073]","[481.7678678030444, 9.696538106662368, 9.951432699074477]",5.480000000000165,100.0,0.0,"[50.0, 90.78141422485822, 90.7814142248582]",36
566,2879595323,settled,Kk2i_0018,unmatched,,"[-0.43373184720898755, -0.09479036241635837, -0.023562481084522684, -0.895732259882827]","[0.5000832238377672, 0.5000916136051465, -0.49985178265203023, 0.49997334190676024]","[481.6471214145054, 15.001229719179245, 9.694849799488463]",5.720000000000245,100.0,0.0,"[50.0, 90.504117251041, 90.50411725104101]",21
567,3848514265,settled,Kk2i_0003,unmatched,,"[-0.2281102713768126, 0.6538138972962924, -0.039395776699347185, 0.7203756412961819]","[0.00017905391561362505, 0.7072610462060713, 0.00020678425027670366, 0.7069524295873539]","[482.09531004431363, 9.957851444961832, 9.697613857803264]",5.250000000000088,100.0,0.0,"[50.0, 86.77027857698998, 86.77027857699001]",29
568,1245831326,settled,Kk2i_0021,unmatched,,"[-0.388786402531299, -0.5092396166273795, 0.47217131459175427, 0.6054538758160402]","[-0.39127360202520783, -0.5890639587032304, 0.39131338286970224, 0.5888823798537092]","[482.1754805271558, 9.078181720800663, 9.582235045208732]",5.220000000000078,100.0,0.0,"[50.0, 84.98800059916601, 84.98800059916603]",38
569,1886621264,settled,Kk2i_0029,unmatched,,"[-0.7028736851730464, -0.2706600985987688, -0.6461462310172245, 0.12331561888099102]","[-0.7034146447960166, -0.07245201133132274, -0.703380355471573, -0.07221231942835964]","[482.18469103771235, 9.763665850703148, 9.026115824098705]",5.240000000000085,100.0,0.0,"[50.0, 88.86382283598802, 88.86382283598803]",29
570,3916208710,settled,Kk2i_0022,unmatched,,"[-0.3292193713764832, -0.512177968271426, -0.7828183003384974, -0.12838941927968053]","[-0.6242286935093769, -0.33213083572899793, -0.6243595895232001, -0.33196799413189615]","[481.8733297128071, 9.171138016095625, 9.422163972187262]",5.130000000000048,100.0,0.0,"[50.0, 89.92734849529751, 89.92734849529752]",31
571,200935633,settled,Kk2i_0022,unmatched,,"[0.5617879019177501, 0.6795740462850371, -0.21259320806254298, -0.42116219768672375]","[0.3318815998086883, 0.6242402375211165, -0.3319548951130913, -0.6244875316437171]","[481.52622226886507, 9.177537995802318, 9.42048525275141]",5.110000000000041,100.0,0.0,"[50.0, 89.0070150000184, 89.00701500001841]",38
572,840784676,settled,Kk2i_0004,unmatched,,"[0.8654110191946646, -0.44201200077430836, -0.21767084887705168, -0.09115130595382805]","[0.7071075946104683, -0.7071058987489429, -0.000288346131787437, -0.00012022959598806394]","[481.78751270795607, 9.693995459020528, 14.994872747827316]",5.230000000000081,100.0,0.0,"[50.0, 90.6432939541289, 90.64329395412891]",30
573,110682437,settled,Kk2i_0018,unmatched,,"[0.4827598211213677, 0.6793758138798732, 0.5195958435911711, -0.1881797490398582]","[-0.5000264613818322, 0.49998343723747285, 0.4999816470017435, 0.5000084529961359]","[481.94199218972, 15.009207926719386, 9.691849064201742]",5.470000000000161,100.0,0.0,"[50.0, 90.17725197822553, 90.17725197822554]",12
574,3288537121,settled,Kk2i_0018,unmatched,,"[0.3556440857288201, 0.6668875589514781, -0.6287630502717741, 0.18285320509847525]","[0.5001957565851923, 0.49981052023051953, -0.5000737862006541, 0.4999198508921274]","[482.0639418272933, 15.000950614598697, 9.691815949493142]",5.280000000000098,100.0,0.0,"[50.0, 89.48413773767393, 89.48413773767395]",19
575,4008853645,settled,Kk2i_0020,unmatched,,"[0.39826557421314845, 0.7672577639207893, 0.40191914618957114, 0.30192889233425063]","[0.5482174337851513, 0.446601100531638, 0.5484055219255615, 0.44638154735551705]","[481.7847143058101, 9.029132800276699, 9.748173536706831]",5.230000000000081,100.0,0.0,"[50.0, 88.93133591575695, 88.93133591575696]",35
576,3726675985,settled,Kk2i_0023,unmatched,,"[0.3748586046734741, -0.17909293368641002, -0.7152482362932548, 0.5619846155236276]","[0.6259074831668525, -0.32895609578105767, -0.6259274246687471, 0.32900238389982805]","[482.337428638315, 10.741047109482967, 10.505355177986345]",5.360000000000125,100.0,0.0,"[50.0, 90.4069530607264, 90.40695306072641]",37
577,849676372,unsettled,,not_evaluated,,"[-0.28458835823206236, -0.9489149051119783, 0.047744204428998675, -0.12763408697736886]","[-0.9992227765474648, -0.0394186763163006, -9.326424344368277e-05, -4.5694931988693455e-05]","[481.75763237885434, 9.929376044454173, 14.983458200281133]",5.1200000000000445,100.0,0.0,"[50.0, 89.85339946224427, 89.85339946224428]",21
578,1751227975,settled,Kk2i_0004,unmatched,,"[0.0022446443763873476, -0.018615092473756815, 0.5822536585823236, -0.8127909429683108]","[-0.00034238681203790916, -8.281502485635305e-05, 0.7070429171572269, -0.7071705517134755]","[482.17487981200674, 9.70364464359133, 15.005165946643237]",5.250000000000088,100.0,0.0,"[50.0, 88.10097704483853, 88.10097704483854]",46
579,1013355929,settled,Kk2i_0030,unmatched,,"[0.22953036583675168, -0.09964654803118614, 0.0956001665862809, 0.9634557513311086]","[-0.0028406345405946336, -0.7072393051612413, 0.0026948624320242147, 0.7069633892550051]","[481.8110855732, 9.944836914010244, 9.005487504703838]",5.450000000000155,100.0,0.0,"[50.0, 90.45347930483493, 90.45347930483494]",28
580,2299907025,unsettled,,not_evaluated,,"[0.08455653425668659, -0.2328417642850038, 0.9625820044041526, 0.10986714757573443]","[0.0001385634653224277, -0.000490373804353024, 0.09142947240071252, 0.9958114238701149]","[482.2097740104993, 9.801829613929195, 14.998318398203917]",5.260000000000091,100.0,0.0,"[50.0, 90.46382633805956, 90.46382633805955]",20
581,3406489006,settled,Kk2i_0018,unmatched,,"[0.4269850661988979, 0.36394401752977307, -0.5950713256595703, 0.5754290770591738]","[0.4998795261843909, 0.5000182204959198, -0.5002570140082552, 0.4998451344259608]","[481.6060034291669, 15.00422245024448, 9.688294436573889]",5.200000000000071,100.0,0.0,"[50.0, 90.55929018010512, 90.55929018010514]",23
582,2423796619,settled,Kk2i_0018,unmatched,,"[-0.16701013076321958, 0.49812904024453486, 0.8480761247043386, -0.06886190669726149]","[-0.4996018654997561, 0.5001448930771558, 0.5002254579000491, 0.500027552427554]","[481.6970511235536, 15.000970524674726, 9.693378610503695]",5.340000000000118,100.0,0.0,"[50.0, 90.99943592648187, 90.99943592648188]",14
583,1783060612,settled,Kk2i_0017,unmatched,,"[-0.4255018339134278, -0.012993678735004564, 0.4336514100514712, -0.7941824779039209]","[-0.4996135114922052, 0.5000693293300271, 0.49988488796693464, -0.5004319172276388]","[482.2850900723885, 9.699906279884486, 9.955776979050725]",5.430000000000148,100.0,0.0,"[50.0, 90.85806450055814, 90.85806450055816]",44
584,1163852597,settled,Kk2i_0018,unmatched,,"[-0.06512201765005957, -0.45662172925732786, -0.8836481508507021, 0.08013528988758817]","[0.500175841143631, -0.49992950236463973, -0.49989497481496425, -0.49999963475631803]","[481.8201180992798, 15.004972124865072, 9.693564820782719]",5.390000000000135,100.0,0.0,"[50.0, 90.80192561864794, 90.80192561864796]",18
585,300535037,settled,Kk2i_0017,unmatched,,"[-0.35142249661355834, 0.4728701792018044, -0.7428979686214585, 0.31780281734694765]","[-0.500608796282581, 0.4993577463664333, -0.5006135070255003, 0.4994184526146102]","[481.98405705125333, 9.706399278436244, 9.94949396328989]",5.290000000000101,100.0,0.0,"[50.0, 89.40029872423419, 89.4002987242342]",32
586,2202722907,settled,Kk2i_0017,unmatched,,"[0.5124774959073248, -0.5319461136587357, 0.5757058289795667, -0.35066072895446276]","[0.5001607286773773, -0.5001084468761982, 0.49985828735629007, -0.49987246314758]","[481.8329807443678, 9.69601946478181, 9.95392333252787]",5.330000000000115,100.0,0.0,"[50.0, 86.62149241040835, 86.62149241040834]",37
587,247068866,unsettled,,not_evaluated,,"[0.2663569656585872, -0.9303810532191625, -0.12659665487131766, 0.21775754781716367]","[-0.9720662004762042, -0.2347065927131491, -0.00033714364618404885, -5.969004950362456e-05]","[482.162489815638, 9.57192922804759, 15.00176565955662]",5.370000000000128,100.0,0.0,"[50.0, 90.34904241353769, 90.3490424135377]",39
588,3592442215,settled,Kk2i_0021,unmatched,,"[0.4986228065315347, 0.1869661205412491, -0.41797164096076433, -0.7360154033231484]","[0.3911616286292828, 0.5890099645540449, -0.39114872715080184, -0.5891201194938411]","[482.09194360713155, 9.082985122756455, 9.580381880037125]",5.210000000000075,100.0,0.0,"[50.0, 88.74401235505371, 88.7440123550537]",27
589,817587664,unsettled,,not_evaluated,,"[-0.07577032750485735, 0.2163005929188234, 0.9733798759676174, 0.002127917770489224]","[0.0004652770999793443, 0.00022107475493578221, 0.15329915845696682, 0.9881796914830616]","[481.5023847623832, 9.705821666627054, 14.998246488933233]",5.190000000000068,100.0,0.0,"[50.0, 90.73072736766197, 90.73072736766198]",36
590,956714543,settled,Kk2i_0003,unmatched,,"[-0.03263422553297066, 0.6172465985498278, -0.3550635453785339, 0.7013355278650559]","[0.0002723113502858532, 0.7070140735476346, 0.0002544580947336783, 0.7071993784663465]","[481.8229847983914, 9.958309675074018, 9.698357787643518]",5.220000000000078,100.0,0.0,"[50.0, 88.2955965173498, 88.29559651734981]",26
591,390567019,settled,Kk2i_0016,unmatched,,"[-0.05576000439088655, 0.4339213101568298, 0.7614267507275267, 0.4783643190901987]","[0.451326476806848, 0.5444380436165426, 0.4511670807911642, 0.544371098797951]","[482.024246430505, 9.030216615649515, 10.123623131408516]",5.100000000000038,100.0,0.0,"[50.0, 90.31043104304018, 90.31043104304017]",28
592,4117714206,settled,Kk2i_0017,unmatched,,"[0.6449494163759041, -0.5791058778370126, -0.1724574204003194, -0.4679049804392673]","[0.5001137890284592, -0.4998552641100866, 0.5001245912764534, -0.4999062973854141]","[481.80171364839623, 9.70795671646163, 9.957125693137806]",5.480000000000165,100.0,0.0,"[50.0, 90.96536529097438, 90.96536529097439]",37
593,2521025845,settled,Kk2i_0020,unmatched,,"[0.2502199291952107, 0.6862156576978117, -0.6555637187440244, -0.19166186065675433]","[0.44636079619267865, 0.5482233235094459, -0.44677760967285146, -0.5482727374924898]","[482.31001403302355, 9.036320581046404, 9.75309458740423]",5.1800000000000646,100.0,0.0,"[50.0, 90.13707672586843, 90.13707672586844]",33
594,118959254,settled,Kk2i_0006,unmatched,,"[-0.5054991243376068, 0.12293413704927827, -0.2517487032519535, 0.816076236422077]","[-0.6943037656421049, 0.13384110775029154, -0.6943204900967315, 0.1339697574947522]","[482.1067792003655, 10.307599182070685, 9.075319026860729]",5.280000000000098,100.0,0.0,"[50.0, 91.10195423094312, 91.10195423094314]",28
595,536323564,settled,Kk2i_0015,unmatched,,"[0.2987672183365751, 0.6164033511906383, -0.03367927294981921, 0.7277710934503702]","[0.39725784411825815, 0.5848786145855974, 0.3971000241337109, 0.5851621846291438]","[481.8727728267133, 9.088206924659987, 10.300888774716059]",5.170000000000061,100.0,0.0,"[50.0, 88.32430810600181, 88.3243081060018]",22
596,3098034090,settled,Kk2i_0018,unmatched,,"[-0.2106048733431788, -0.4854357699365941, -0.5301879847400127, 0.6624940765225706]","[0.49984252082946723, -0.5000661505816886, -0.4999016184383604, -0.5001896353344033]","[482.2121329484999, 15.006124174401226, 9.692454204909929]",5.510000000000175,100.0,0.0,"[50.0, 91.1477048306993, 91.14770483069928]",18
597,318939885,settled,Kk2i_0018,unmatched,,"[-0.46175195073807324, 0.10705404599565982, 0.3483910274929797, 0.8086706741238544]","[0.5003650701172893, -0.499707837030328, -0.5004256118707886, -0.49950083203207796]","[481.68890767905503, 15.001914236281923, 9.684411684919759]",5.740000000000252,100.0,0.0,"[50.0, 90.28250852833368, 90.2825085283337]",21
598,3202722054,unsettled,,not_evaluated,,"[0.18155062225358312, 0.05267923178463344, 0.42013907835606906, 0.8875513646747609]","[-0.0001588792964023478, -0.000129440160990299, -0.12401120723626678, 0.992280796187459]","[482.09486930514987, 10.228337828915247, 14.998192903804746]",5.290000000000101,100.0,0.0,"[50.0, 90.2898947731142, 90.28989477311421]",25
599,2576870985,settled,Kk2i_0018,unmatched,,"[-0.4516636024144685, 0.6309803758169514, -0.4832380895695982, -0.40539450462112636]","[0.5003409308134238, 0.4999497937220929, -0.5000492135025925, 0.49965982506644685]","[481.8013908321406, 15.00142214728327, 9.69166121558845]",5.490000000000168,100.0,0.0,"[50.0, 89.68786497422549, 89.6878649742255]",22
600,447954548,unsettled,,not_evaluated,,"[0.05575006052663945, -0.33589163307563924, 0.9332256004098558, 0.11471146551552941]","[3.18395440668251e-06, -0.00011701671953927295, 0.05759578572675019, 0.998339978045289]","[481.9254922530184, 9.893006605523214, 14.998327257906054]",5.220000000000078,100.0,0.0,"[50.0, 90.4630741648385, 90.46307416483847]",28
601,940726953,settled,Kk2i_0018,unmatched,,"[0.5127838771000137, 0.2725405650552121, 0.3368759618564963, -0.7411402850398325]","[-0.5002277801769732, 0.5001509062496378, 0.49970863295816703, 0.4999125134100605]","[481.58215916993896, 15.014585752927823, 9.691571420229549]",5.540000000000185,100.0,0.0,"[50.0, 90.3780733197743, 90.37807331977432]",22
602,219800231,settled,Kk2i_0004,unmatched,,"[-0.051373563678022885, -0.2384194692129483, 0.5599082053165334, -0.7918457648269988]","[0.0001997186590751432, -9.524332285126835e-05, 0.7071310752571002, -0.7070824516609814]","[481.86282637766107, 9.702054641390571, 15.007041375677572]",5.230000000000081,100.0,0.0,"[50.0, 91.04485860487715, 91.04485860487716]",25
603,1224559636,settled,Kk2i_0018,unmatched,,"[-0.5159554415873885, 0.544496901531378, -0.6183230394090855, -0.23449888156450227]","[0.5004712133478549, 0.4996361664396692, -0.4994979660633513, 0.5003938925428372]","[482.21977221816275, 15.000584652660004, 9.706361580527904]",5.470000000000161,100.0,0.0,"[50.0, 90.716747591886, 90.71674759188599]",25
604,4023118421,settled,Kk2i_0006,unmatched,,"[0.40965602581074484, -0.3216666623403111, -0.04117597991695293, 0.8526529408461977]","[0.1342137785057186, -0.6942086756895329, -0.13401140186048038, 0.6943355963998906]","[482.2791344339989, 10.311351422957094, 9.06806422330707]",5.370000000000128,100.0,0.0,"[50.0, 90.51287965015024, 90.51287965015023]",25
605,1928023996,settled,Kk2i_0018,unmatched,,"[0.2701948784625633, -0.44223581999339284, 0.6407685392582975, 0.5664255346152394]","[-0.5003290547045385, -0.4998234526741864, 0.49998723336991363, -0.4998601000704277]","[482.1795631068147, 15.006013956606415, 9.693660098007115]",5.530000000000181,100.0,0.0,"[50.0, 90.21918956084004, 90.21918956084005]",16
606,3626385919,settled,Kk2i_0017,unmatched,,"[-0.22727184610678164, 0.5116337626984891, 0.5890445784282585, -0.582756283070785]","[-0.49967987704971606, 0.500393700453529, 0.49970214639486665, -0.5002238797842102]","[482.2380673254137, 9.703539444703729, 9.947319940272843]",5.420000000000145,100.0,0.0,"[50.0, 87.67420982759954, 87.67420982759953]",35
607,2577297428,settled,Kk2i_0017,unmatched,,"[0.5535741985734218, -0.0935011453620174, -0.4399733339065075, 0.7008827348001787]","[0.5002054082926111, -0.4998229310654564, -0.5001119169856022, 0.4998596378834208]","[482.18943792904736, 9.696418957748769, 9.95970457705948]",5.460000000000158,100.0,0.0,"[50.0, 90.10202655181538, 90.1020265518154]",27
608,2076254014,settled,Kk2i_0017,unmatched,,"[-0.7351439095736402, 0.6157884512551096, -0.2469555466334948, 0.13921556487896336]","[-0.5000836253634092, 0.499806461609265, -0.5001919424648468, 0.49991788252697955]","[481.8044229474506, 9.703990316180574, 9.958994576818077]",5.440000000000151,100.0,0.0,"[50.0, 90.54570762189933, 90.54570762189931]",33
609,452233348,settled,Kk2i_0003,unmatched,,"[0.29905909259017793, 0.2413006443491481, -0.8201651007773044, 0.423871284286609]","[0.7071288325605706, 0.00023276413878733915, -0.7070845637459622, -0.00042390395436081585]","[481.63119750771546, 9.960652951735739, 9.690083513164854]",5.410000000000141,100.0,0.0,"[50.0, 90.71137299422976, 90.71137299422975]",33
610,96115233,settled,Kk2i_0001,unmatched,,"[0.01596805096025928, -0.24776091960427232, -0.8946441276783356, -0.3714450603737326]","[-9.261147611205889e-05, 0.00035104460547030064, -0.09778797698896452, -0.9952072044289095]","[481.9928523285692, 9.771916218190457, 14.998623653834215]",5.250000000000088,100.0,0.0,"[50.0, 90.87207789110259, 90.8720778911026]",30
611,3222166524,settled,Kk2i_0025,unmatched,,"[0.5102761807816077, -0.5864514971243014, -0.11103432962465044, -0.6191641450313526]","[0.2687287123491772, -0.6540568724813766, 0.2688517182862719, -0.6539978901292821]","[482.1097347090331, 10.628067691059883, 10.638879175934395]",5.340000000000118,100.0,0.0,"[50.0, 91.03464002642518, 91.0346400264252]",36
612,3216037984,settled,Kk2i_0003,unmatched,,"[-0.8538072858367715, 0.23931008038765292, 0.3766095808763793, 0.2681585867896432]","[-0.7069966626112317, -0.0001247256409212527, 0.7072166209574843, 0.000595433936556089]","[482.16657894653486, 9.956684674380673, 9.6938750866999]",5.1500000000000545,100.0,0.0,"[50.0, 90.17760049964201, 90.17760049964203]",27
613,1866588208,settled,Kk2i_0004,unmatched,,"[0.0913958532145423, 0.04136570481144703, 0.5384939494883795, -0.8366360874627897]","[-0.00017490098645947527, -7.512394649700216e-05, 0.7070729855325596, -0.7071405496053175]","[481.7289786278192, 9.701727482781617, 15.007648327251829]",5.190000000000068,100.0,0.0,"[50.0, 89.2386759862498, 89.23867598624977]",36
614,1833144678,settled,Kk2i_0017,unmatched,,"[0.6190268023519331, -0.6010870861268118, 0.21622287731930848, -0.4568892646859618]","[0.5000731149959121, -0.49987625636785615, 0.5000717776234954, -0.4999788247540289]","[482.16506172997896, 9.700994628375394, 9.95891512783495]",5.480000000000165,100.0,0.0,"[50.0, 89.02705472432775, 89.02705472432777]",27
615,1205690518,settled,Kk2i_0030,unmatched,,"[-0.6618533813516694, 0.035264487260398346, -0.7484741909013679, 0.022201420814120642]","[-0.7070677477219941, -0.0022520343454949248, -0.7071395400550843, -0.0019491955615560943]","[482.235137721564, 9.954736643817078, 9.007044885141443]",5.200000000000071,100.0,0.0,"[50.0, 83.51837734205054, 83.51837734205056]",36
616,369857696,settled,Kk2i_0003,unmatched,,"[-0.12954261784404994, 0.7527893050896254, 0.08052108080394728, 0.640346256216864]","[0.0001701424731753165, 0.7070058019443197, -0.00013256008550405207, 0.7072077131200083]","[481.62720854498826, 9.966451049084359, 9.698542465777377]",5.230000000000081,100.0,0.0,"[50.0, 86.6835651893244, 86.68356518932441]",27
617,4153277340,unsettled,,not_evaluated,,"[-0.8578806105175065, -0.3593468864883421, 0.3459746782934644, -0.12333772840854022]","[-0.9657266812152971, 0.2595611118633879, 7.864921029622496e-05, -1.4540691634812308e-05]","[482.1666035334652, 10.467017108127164, 14.991672275549227]",5.310000000000108,100.0,0.0,"[50.0, 90.45958654255374, 90.45958654255375]",33
618,2533894697,settled,Kk2i_0018,unmatched,,"[-0.2425132989820442, 0.4498265645237411, -0.8056564159904082, -0.2996015704883817]","[0.5003971476954359, 0.49983451753107483, -0.4998060124426275, 0.4999620981524]","[481.9307935813804, 15.010159435105795, 9.698772742074258]",5.500000000000171,100.0,0.0,"[50.0, 90.42782111291183, 90.42782111291181]",22
619,1831038023,settled,Kk2i_0021,unmatched,,"[-0.2075734006871383, -0.5066822775218267, 0.671322952129416, 0.4995116083903529]","[-0.39099951466733346, -0.5892258089718866, 0.39097714564875147, 0.5891257906013713]","[482.220428849195, 9.083926306476949, 9.578170695422072]",5.210000000000075,100.0,0.0,"[50.0, 87.74908347292128, 87.7490834729213]",31
620,3843606305,settled,Kk2i_0004,unmatched,,"[-0.8825006106086865, 0.4092270962118539, -0.22842687556967828, -0.0393321562946197]","[-0.7071772390611595, 0.7070363151624375, 1.174564882422402e-05, 3.817588210014433e-05]","[481.96240024346685, 9.698713915255817, 14.99991806387426]",5.140000000000051,100.0,0.0,"[50.0, 90.1934683927939, 90.19346839279392]",30
621,339420997,settled,Kk2i_0017,unmatched,,"[0.3338907115702825, -0.690545754793728, -0.6283784602883653, 0.1296304898898177]","[0.5001009904940033, -0.4998468193696629, -0.5000346124790701, 0.5000175424881159]","[482.02722047267116, 9.701827406609315, 9.9526862046238]",5.380000000000131,100.0,0.0,"[50.0, 90.54378246115363, 90.54378246115361]",46
622,318514168,settled,Kk2i_0028,unmatched,,"[0.4702166024432413, 0.27585662200913136, 0.8325093600382049, -0.0986287804305852]","[0.6932697175785255, 0.139450460274811, 0.6930855356376817, 0.1398681811834374]","[481.52324204686016, 9.582026059528358, 9.078238543714006]",5.140000000000051,100.0,0.0,"[50.0, 89.23902188970563, 89.23902188970561]",35
623,2406135167,unsettled,,not_evaluated,,"[0.30370085785503587, 0.08961302071284508, 0.327763058386395, 0.8901161008621467]","[3.762301615184427e-05, -0.00033618618040855055, 0.022109969973067335, 0.9997554875023947]","[481.77287555030836, 9.935681623510975, 14.99912859242558]",5.280000000000098,100.0,0.0,"[50.0, 90.6673814000178, 90.66738140001779]",23
624,503826566,settled,Kk2i_0004,unmatched,,"[-0.8879109927937016, 0.4037290052106611, 0.10763674471210347, -0.1924351589899693]","[-0.7068767482219988, 0.7073367111881769, -8.627696152818665e-05, -0.0001799579752493341]","[481.8042445044893, 9.696322285717697, 15.000288843413127]",5.300000000000105,100.0,0.0,"[50.0, 90.58734051802168, 90.58734051802169]",34
625,1951490665,settled,Kk2i_0012,unmatched,,"[-0.37979554275908345, 0.21260781508691884, 0.30614412443480676, -0.8466575681692955]","[-0.3291999930952278, 0.6259007585249305, 0.32902831843311464, -0.6257922743955023]","[481.6721153326717, 10.729613613995493, 9.412684996688599]",5.310000000000108,100.0,0.0,"[50.0, 89.73081676822545, 89.73081676822544]",27
626,1304113979,settled,Kk2i_0005,unmatched,,"[0.09948409051905921, -0.45613823132516407, -0.11408373739586006, 0.8769411214665094]","[0.06628281399890676, -0.7039938822380588, -0.0661884611096345, 0.7040016263871207]","[482.09233567503475, 10.123495037953756, 9.024330889691702]",5.360000000000125,100.0,0.0,"[50.0, 88.68084856854207, 88.68084856854209]",32
627,1335222620,unsettled,,not_evaluated,,"[-0.19639680642520668, 0.19642498494383, 0.9301330988887067, -0.24020395098225877]","[9.908511899670015e-05, 8.185181464064052e-05, 0.13089147521594952, 0.9913966941634474]","[481.9271835592367, 9.750619156836917, 15.001739275475966]",5.1500000000000545,100.0,0.0,"[50.0, 90.98236104880414, 90.98236104880412]",32
628,760072861,settled,Kk2i_0004,unmatched,,"[0.2349944290385704, -0.22175586461706412, 0.6329365821941642, -0.7035575582346796]","[6.143637675037894e-06, -4.004204027566183e-05, 0.7068498103767082, -0.7073636574841136]","[481.70931200645157, 9.69420823329061, 14.995264944283427]",5.400000000000138,100.0,0.0,"[50.0, 90.69506713623109, 90.69506713623107]",31
629,4291316198,unsettled,,not_evaluated,,"[0.00045310346422546824, -0.3221131643259609, -0.12074992918595746, -0.9389687740637349]","[0.0002688717130467921, 0.00018787654785312047, 0.09440798251763041, -0.9955335379821995]","[482.0708659903983, 10.13725547817943, 14.999538925759646]",5.400000000000138,100.0,0.0,"[50.0, 90.83832574640687, 90.83832574640688]",25
630,3385771503,settled,Kk2i_0022,unmatched,,"[0.16321663743935153, 0.8999089523290272, -0.3797931339126148, -0.13885741684871736]","[0.3318732204256576, 0.6243701357443053, -0.3319737081124523, -0.6243521092116285]","[481.777305633929, 9.164712534242359, 9.417040076837829]",5.050000000000021,100.0,0.0,"[50.0, 90.06677881867549, 90.0667788186755]",39
631,2885950628,settled,Kk2i_0018,unmatched,,"[0.3078809116531951, 0.20521297007126735, 0.30730450118607866, -0.8767330977583211]","[-0.4999989252494175, 0.5000515310626027, 0.4999576550855215, 0.49999188408689316]","[481.9572218144901, 15.003859564700685, 9.70404630634844]",5.630000000000215,100.0,0.0,"[50.0, 90.52191308006142, 90.52191308006141]",12
632,991867160,unsettled,,not_evaluated,,"[-0.2375625373328836, -0.9604688225999017, -0.11681093371613689, 0.08613296368920043]","[-0.9949042622904025, -0.10082325402321189, 0.00041840141202624526, 7.255907332387457e-05]","[482.04791678311364, 9.77475450697159, 15.000476271049761]",5.250000000000088,100.0,0.0,"[50.0, 89.74095365981297, 89.74095365981299]",32
633,303405335,unsettled,,not_evaluated,,"[-0.02279042232984286, 0.044058517012017934, 0.9582225775537128, 0.2816894311028513]","[4.641388494158738e-05, -8.69149453415416e-05, 0.08907787836578018, 0.9960246592717446]","[481.7307896676586, 9.806069750226916, 14.996785302848023]",5.200000000000071,100.0,0.0,"[50.0, 88.688833860554, 88.68883386055401]",30
634,747624188,settled,Kk2i_0017,unmatched,,"[0.4488529877620475, -0.17881305492877836, -0.36350582461711256, 0.7965051175187475]","[0.49995024428519036, -0.49999960440459074, -0.49997690749940565, 0.5000732354383327]","[481.50787954533496, 9.69784098717371, 9.959272230587004]",5.400000000000138,100.0,0.0,"[50.0, 90.27026277852312, 90.27026277852313]",24
635,2224256403,settled,Kk2i_0008,unmatched,,"[-0.7074316561155337, 0.5159224139634822, -0.45665515639945287, -0.1575772281439098]","[-0.6778150473334309, 0.20129112698895957, -0.6778875458728919, 0.20128864586538778]","[481.53582875816215, 10.47334433465263, 9.161881299963087]",5.340000000000118,100.0,0.0,"[50.0, 90.85354079395358, 90.8535407939536]",35
636,3659359167,unsettled,,not_evaluated,,"[0.475642554762377, 0.008531275876956044, 0.5084562058079787, 0.7177490259181025]","[-2.4769466493990148e-05, -4.1203526034469535e-05, -0.19273169776384094, 0.9812514919050114]","[481.5941103733006, 10.324305338644157, 15.001406465490032]",5.280000000000098,100.0,0.0,"[50.0, 89.49676092364675, 89.49676092364673]",29
637,1825701951,unsettled,,not_evaluated,,"[0.26664443488412504, 0.09287231278579614, 0.9568484641898873, 0.06867674599598332]","[-5.517336661786665e-05, -6.678277218497009e-05, 0.19714981256762948, 0.9803733696406229]","[482.1198869891296, 9.58822788615966, 15.00152079644921]",5.390000000000135,100.0,0.0,"[50.0, 90.24634671098808, 90.24634671098806]",43
638,741066932,settled,Kk2i_0003,unmatched,,"[-0.14380109630361193, 0.5897438042590014, 0.5912240676798182, 0.5310156229680344]","[6.340224069212309e-05, 0.7071564988932699, 0.00021732719546885273, 0.7070570237414086]","[482.0049821754635, 9.95050167259735, 9.700076358018443]",5.290000000000101,100.0,0.0,"[50.0, 90.29172578823753, 90.29172578823754]",24
639,3503504066,settled,Kk2i_0018,unmatched,,"[0.5187699492102906, -0.6177811041237394, -0.23828102636228377, -0.5407831355171334]","[-0.4999021001230411, 0.4997674345076229, 0.5002082055231285, 0.5001221379079052]","[481.83443632767484, 15.01424788578611, 9.692180052236724]",5.810000000000275,100.0,0.0,"[50.0, 91.08128411801593, 91.08128411801594]",22
640,3011375563,settled,Kk2i_0017,unmatched,,"[-0.5247529899489422, 0.6195718340292504, -0.4558137166205935, 0.36469013937560457]","[-0.49978924292232, 0.49997218744385274, -0.49998698148760057, 0.5002514795427006]","[481.500026100253, 9.703975203478656, 9.94820784664784]",5.350000000000121,100.0,0.0,"[50.0, 86.91290344881963, 86.91290344881965]",32
641,1512233073,settled,Kk2i_0018,unmatched,,"[-0.27085008450069903, -0.5333245905422038, 0.7126948784235688, -0.3664302431811122]","[-0.5003387593362613, -0.4997515861554743, 0.5001702367896971, -0.49973914422494153]","[481.9154629800536, 15.023122137405503, 9.697873824399922]",5.230000000000081,100.0,0.0,"[50.0, 90.1448892940855, 90.14488929408552]",22
642,2951951071,settled,Kk2i_0005,unmatched,,"[0.2777554044515004, -0.309719604872192, 0.8976138231511166, -0.1456541319147266]","[0.7040107396069601, -0.06624085603402846, 0.7039775635903609, -0.06630699413575827]","[482.06038493477087, 10.135938613762221, 9.029857714866068]",5.110000000000041,100.0,0.0,"[50.0, 89.67685194669082, 89.67685194669083]",38
643,3173375156,settled,Kk2i_0018,unmatched,,"[0.20658466998426864, -0.650663487887515, -0.5944086293330616, -0.42501550681349876]","[0.5000951860256125, -0.5000168330072181, -0.4999480948671839, -0.49993987044655014]","[482.17051535915516, 14.993783673072679, 9.698437733555252]",5.250000000000088,100.0,0.0,"[50.0, 89.86999443695032, 89.86999443695031]",23
644,32306830,settled,Kk2i_0010,unmatched,,"[-0.6986094149864885, 0.5782516452435902, -0.4198669161311812, 0.03580073747576859]","[-0.6546448070310311, 0.2665578655859423, -0.6551923465132302, 0.2666647145612969]","[481.77240073275317, 10.617006310431158, 9.271369914250482]",5.370000000000128,100.0,0.0,"[50.0, 89.47628710523911, 89.4762871052391]",34
645,895153355,settled,Kk2i_0019,unmatched,,"[-0.19060827060911253, -0.37814759900373973, -0.36161796459736506, -0.8306053986241415]","[-0.5021726337368325, -0.4979309379305452, -0.5021832494943048, -0.4976940937009012]","[481.5614875994458, 9.007124140931975, 9.933621006276956]",5.130000000000048,100.0,0.0,"[50.0, 90.46725287438288, 90.4672528743829]",30
646,3593388868,settled,Kk2i_0004,unmatched,,"[0.22142497322908522, 0.2166201095432776, 0.635142299606034, -0.7075598692853604]","[-5.5836885662907676e-05, -5.611520031256756e-06, 0.707193759389951, -0.7070197900558803]","[481.6560993831354, 9.70267052411388, 14.999316457130567]",5.190000000000068,100.0,0.0,"[50.0, 90.1618029058843, 90.16180290588431]",30
647,75550316,settled,Kk2i_0017,unmatched,,"[-0.2862997747692738, 0.2598481907905693, -0.7213721391252358, 0.5745725311949853]","[-0.5000697225268841, 0.49971290430311166, -0.5001088368631194, 0.5001084254201806]","[482.11985577830546, 9.706744176017322, 9.951141367094971]",5.270000000000095,100.0,0.0,"[50.0, 90.23805604351716, 90.23805604351718]",36
648,2936757457,settled,Kk2i_0018,unmatched,,"[-0.6103894817246166, 0.37109450284833706, -0.5232037798726356, -0.46472718371393584]","[0.5002073504920089, 0.49984283154715053, -0.4998164451529428, 0.5001332536628283]","[481.59451153289024, 15.006881564243352, 9.698874901519602]",5.530000000000181,100.0,0.0,"[50.0, 89.95892439012704, 89.95892439012702]",22
649,1838880854,settled,Kk2i_0026,unmatched,,"[-0.6784023744617863, -0.0988498696711346, -0.5712742979592471, -0.4512699835816463]","[-0.6765064230235295, -0.2058901251209476, -0.6764150910439681, -0.2059391672158805]","[482.0513883384325, 9.419850840557139, 9.165716193371946]",5.160000000000058,100.0,0.0,"[50.0, 88.24177235083005, 88.24177235083006]",28
650,1672810551,settled,Kk2i_0019,unmatched,,"[0.48681364714769565, 0.3945555621457038, -0.6249290389801788, -0.46562010004933935]","[0.49823479100769963, 0.5018469026491937, -0.4978857881787301, -0.5020174511514209]","[481.5506600311998, 9.00500640408567, 9.943620203659412]",5.170000000000061,100.0,0.0,"[50.0, 85.92036110574527, 85.92036110574526]",27
651,3879484383,settled,Kk2i_0022,unmatched,,"[-0.7626412532388688, -0.3577434821654657, -0.447859840912783, -0.2996989868584001]","[-0.6241845855306909, -0.33215478629471973, -0.6241520222677849, -0.3324169884744513]","[482.0417827262347, 9.168804164041529, 9.417194816291639]",5.190000000000068,100.0,0.0,"[50.0, 87.62356112223614, 87.62356112223613]",35
652,230873740,settled,Kk2i_0004,unmatched,,"[0.9054548951501281, -0.2845109799386636, -0.19564783538213537, 0.2468336679897962]","[0.7070736262528614, -0.7071399306553028, -4.5308089746121105e-06, 7.422879587259956e-05]","[482.3256998795526, 9.69661685752301, 15.001072641624317]",5.270000000000095,100.0,0.0,"[50.0, 90.89632231399042, 90.89632231399041]",26
653,2079884426,settled,Kk2i_0019,unmatched,,"[0.8394310349645914, 0.2693330375425513, -0.24178989971722017, -0.40540460878129414]","[0.4975227962746579, 0.5024757856726895, -0.4973371908720291, -0.5026379119954819]","[482.371180398445, 9.014914120072277, 9.940013461456099]",5.190000000000068,100.0,0.0,"[50.0, 89.51332872540473, 89.51332872540475]",35
654,3975850094,settled,Kk2i_0020,unmatched,,"[0.4807614675171685, 0.6552872187456834, -0.5495107625156788, -0.1936620617950838]","[0.4465620333145246, 0.5482593610864277, -0.44686774079887137, -0.5479993116933745]","[481.6503186266785, 9.028576913247942, 9.756782621162126]",5.050000000000021,100.0,0.0,"[50.0, 88.37398071001924, 88.37398071001925]",17
655,1123490515,settled,Kk2i_0004,unmatched,,"[-0.06244286843504125, 0.13298112156545572, -0.4729946592036122, 0.8687306612832636]","[0.0003209665383652194, 0.0004054725223996969, -0.707005479717664, 0.7072078790721372]","[482.2075883098035, 9.688300751370896, 14.996650572923853]",5.300000000000105,100.0,0.0,"[50.0, 90.13017236564824, 90.13017236564825]",25
656,1957802489,settled,Kk2i_0025,unmatched,,"[-0.8523013335500537, 0.34785705271440737, 0.23829970511210874, -0.30950146728105843]","[-0.65496425697408, 0.2662090936894761, 0.6550688699917244, -0.2665320170095599]","[481.6539179843555, 10.611740977512238, 10.654546474705258]",5.1500000000000545,100.0,0.0,"[50.0, 90.50514655795594, 90.50514655795595]",33
657,1848857429,settled,Kk2i_0018,unmatched,,"[0.4047002669435426, -0.25709265837166206, -0.547330599681826, -0.6859666709098554]","[-0.5002217812885706, 0.49979490745006344, 0.49976966049857685, 0.5002134608910573]","[481.9284760080553, 15.01071566335811, 9.698731122788319]",5.780000000000265,100.0,0.0,"[50.0, 90.21918558540004, 90.21918558540006]",22
658,3054531549,settled,Kk2i_0015,unmatched,,"[0.7420221664256267, 0.08780540357961956, -0.5410633505390331, -0.38593233388602627]","[0.5857215810768599, 0.3962752088456895, -0.585705888685606, -0.39603636231302447]","[482.1527418944096, 9.08647190784175, 10.305555763954484]",5.1500000000000545,100.0,0.0,"[50.0, 88.14030528208394, 88.14030528208396]",34
659,2001620538,settled,Kk2i_0003,unmatched,,"[-0.013667271276261574, 0.657999285484137, -0.1380674222777314, 0.7401267005748466]","[4.580312851804047e-05, 0.7071801769036913, -0.0001267802868433754, 0.7070333650000517]","[482.3194466138787, 9.954003708057202, 9.697466421714278]",5.230000000000081,100.0,0.0,"[50.0, 85.1963336256584, 85.19633362565843]",23
660,1618230679,settled,Kk2i_0017,unmatched,,"[0.2717351777618916, -0.2956507772804097, 0.8181601580938112, -0.41153926515961137]","[0.5000980519561264, -0.49991189158663973, 0.5000734858580933, -0.499916540856262]","[481.6089863183334, 9.703221971646817, 9.959052599561215]",5.330000000000115,100.0,0.0,"[50.0, 90.03527329885706, 90.03527329885708]",26
661,2498729330,settled,Kk2i_0003,unmatched,,"[-0.7387230461151346, -0.12526626774130828, 0.5657817222933168, -0.3442203742130146]","[-0.7072367114237134, -3.270714665987163e-05, 0.7069767154317281, 0.00039595729474309343]","[482.0735240881001, 9.954216957468923, 9.698266367778952]",5.200000000000071,100.0,0.0,"[50.0, 90.25545031648898, 90.25545031648896]",33
662,801359670,settled,Kk2i_0017,unmatched,,"[0.5201545776930955, -0.5993619606811081, -0.6079273170496118, -0.02507653441518706]","[0.5000056192092976, -0.5000789660665971, -0.49994077985924773, 0.4999746244466986]","[482.2111813496654, 9.700148400226606, 9.956558866094138]",5.370000000000128,100.0,0.0,"[50.0, 91.14154421081233, 91.14154421081231]",37
663,460050522,settled,Kk2i_0030,unmatched,,"[-0.43159420217306005, -0.27588044649597515, 0.04316033554187708, 0.8577608112566659]","[-0.0024627197519546673, -0.7070359732719302, 0.0026787859701473127, 0.7071682201686978]","[481.52335904362855, 9.950048342352952, 9.006006580253883]",5.360000000000125,100.0,0.0,"[50.0, 90.13460303189582, 90.13460303189584]",28
664,24185252,unsettled,,not_evaluated,,"[-0.8823119357992979, -0.09850590553688278, 0.22500939213918061, 0.401488490457212]","[-0.9997221931765434, 0.023569592936386607, -0.00010280666267372532, -1.3779877147568339e-05]","[482.159775851205, 10.03046041255465, 14.997209676843484]",5.400000000000138,100.0,0.0,"[50.0, 89.81255995727767, 89.81255995727768]",34
665,2055269984,unsettled,,not_evaluated,,"[0.5271450856724299, 0.7677936786238437, -0.29311052402864035, 0.21609522535291723]","[0.9999992959688584, -0.0011686792125697625, -4.902294651552445e-05, -0.0001996182267700597]","[482.06248729545626, 9.954462032933373, 14.994596662422978]",5.260000000000091,100.0,0.0,"[50.0, 91.0238779872771, 91.02387798727709]",26
666,2572174639,settled,Kk2i_0029,unmatched,,"[0.6648910559496792, 0.23251016525203572, 0.7084928277910303, -0.043552494087720814]","[0.7034022107544061, 0.0719609716866352, 0.7035301848503142, 0.07135984490042296]","[481.9600029459073, 9.758256079464314, 9.02264934269699]",5.130000000000048,100.0,0.0,"[50.0, 87.50171710123598, 87.50171710123597]",31
667,4231113218,settled,Kk2i_0018,unmatched,,"[-0.32714810443199194, -0.26553553967436144, -0.22723901491828985, 0.8779677813196595]","[0.49988979638038605, -0.5001439005306414, -0.49974887495993264, -0.5002172850002825]","[481.5147680472744, 15.013401227206744, 9.696114988062147]",5.600000000000205,100.0,0.0,"[50.0, 90.53593703524875, 90.53593703524876]",20
668,2269359926,settled,Kk2i_0024,unmatched,,"[-0.20885908760357036, -0.8901486806034541, 0.0483529199096359, 0.4020885512937993]","[-0.27042564603108216, -0.6534721709197144, 0.2704951171160157, 0.653204779084278]","[482.2924008690674, 9.279771025099718, 9.270762575230293]",5.070000000000028,100.0,0.0,"[50.0, 89.52396354614972, 89.5239635461497]",33
669,791422006,settled,Kk2i_0019,unmatched,,"[0.4178617844510886, 0.3221307565748081, 0.3487388486073498, 0.7745995870357235]","[0.5025285823074558, 0.4974541247763747, 0.5025028716758277, 0.49748897642518325]","[482.2836375008333, 9.009587727957886, 9.937753101962024]",5.160000000000058,100.0,0.0,"[50.0, 88.50883556715111, 88.5088355671511]",31
670,2789584226,settled,Kk2i_0003,unmatched,,"[-0.32203768413503847, -0.09291562367445043, 0.895757891321467, -0.29202091878741854]","[-0.706951849832065, -0.00020672453118492085, 0.707261608749952, 0.00023679615593943937]","[482.1752500407529, 9.962699971833072, 9.695813123133544]",5.390000000000135,100.0,0.0,"[50.0, 90.56694919405169, 90.5669491940517]",36
671,959163029,settled,Kk2i_0015,unmatched,,"[0.8565572897553921, 0.19600051919097283, -0.3610798207247458, -0.3122735482059784]","[0.5857419356858948, 0.39602179875963006, -0.5858215631193122, -0.39608864648027203]","[482.2851267965083, 9.082568731267658, 10.303102300398756]",5.190000000000068,100.0,0.0,"[50.0, 89.72661903134764, 89.72661903134762]",24
672,1269286363,settled,Kk2i_0018,unmatched,,"[-0.22278797788535612, -0.8262023699346746, -0.4768502630653011, 0.20092035098176173]","[0.4998925554436215, -0.4999521430412414, -0.5002930932421229, -0.49986208951544275]","[481.69635555256053, 15.01086296734081, 9.694635852178196]",5.490000000000168,100.0,0.0,"[50.0, 90.48794079261936, 90.48794079261936]",22
673,339846494,unsettled,,not_evaluated,,"[-0.08833281860877842, 0.061391870416495166, 0.03633882288790775, 0.9935330096954575]","[-0.00013136404264546542, -4.711572134746822e-06, -0.4804164944473237, 0.8770404634817222]","[481.66896637270816, 10.78882924193288, 15.001688497369713]",5.300000000000105,100.0,0.0,"[50.0, 89.62327214892109, 89.6232721489211]",39
674,3620654759,settled,Kk2i_0006,unmatched,,"[-0.4813429093912272, 0.22554370352942188, 0.09490204981190052, -0.8416844077910204]","[-0.13425577948382675, 0.6940536407159109, 0.1340901456706206, -0.6944672507168435]","[481.7212111488241, 10.30399037304529, 9.074931289160537]",5.400000000000138,100.0,0.0,"[50.0, 90.98420278421459, 90.9842027842146]",30
675,1118229367,settled,Kk2i_0018,unmatched,,"[-0.35991857214289824, -0.48385237718009744, 0.7578605277637142, -0.2489837725264248]","[-0.50011865874699, -0.49991087066244677, 0.49999111828120996, -0.4999793297792732]","[482.2723527072937, 15.007886515360841, 9.70178038926944]",5.220000000000078,100.0,0.0,"[50.0, 90.51507102559415, 90.51507102559414]",16
676,614510698,settled,Kk2i_0023,unmatched,,"[0.5408724855206847, -0.7068822607308365, 0.20453650455646982, -0.40735640681663454]","[0.32873727333173636, -0.6260410775870952, 0.3289876718593665, -0.6259165168459432]","[482.2588968268193, 10.730808227246502, 10.512246450054707]",5.360000000000125,100.0,0.0,"[50.0, 89.92516908544643, 89.92516908544644]",36
677,1838271581,unsettled,,not_evaluated,,"[-0.12691279253410218, 0.07788097071762332, 0.8830851733374935, -0.4449587330559608]","[0.00024867912786408214, -0.00015035262332135926, 0.1858631387354595, 0.9825755997439503]","[482.2129927062378, 9.619329839311154, 15.003256379634772]",5.100000000000038,100.0,0.0,"[50.0, 90.12920823095578, 90.1292082309558]",23
678,896877213,settled,Kk2i_0020,unmatched,,"[0.4570635111793557, 0.37785478930814337, -0.003768496967547743, 0.8051735858657455]","[0.5483695325634407, 0.4466203807810222, 0.5481721711053003, 0.44646204995819055]","[481.59893886812813, 9.030602967596796, 9.760516150050634]",5.200000000000071,100.0,0.0,"[50.0, 90.20708477748377, 90.20708477748379]",25
679,2115121010,settled,Kk2i_0023,unmatched,,"[0.28127320910761855, -0.44450024844831, 0.46518435559245397, -0.7119750180165917]","[0.32988568981487665, -0.6254226002595366, 0.3299354410304591, -0.6254315370142439]","[481.82321295152826, 10.741765129371876, 10.507546135783432]",5.240000000000085,100.0,0.0,"[50.0, 88.69735292552366, 88.69735292552367]",31
680,1207846639,settled,Kk2i_0016,unmatched,,"[-0.26830697556454275, -0.6799392983449297, -0.12928932687703654, -0.670058346254485]","[-0.45165859152501386, -0.5439236454488546, -0.4515025318896447, -0.5443317447297282]","[482.1813179990454, 9.019706428281767, 10.123682824971228]",5.280000000000098,100.0,0.0,"[50.0, 84.75261276855954, 84.75261276855956]",34
681,3010240499,settled,Kk2i_0017,unmatched,,"[0.3808922698588771, -0.2069628001145944, 0.7443905927285974, -0.507907593551865]","[0.500274113901411, -0.49973651944496833, 0.5003644499110949, -0.4996244983568706]","[482.32593537580146, 9.707596460983423, 9.952032438569514]",5.290000000000101,100.0,0.0,"[50.0, 89.54565628029394, 89.54565628029395]",26
682,1954751036,settled,Kk2i_0010,unmatched,,"[0.4288412192270202, 0.05806141530597197, -0.19458495559188416, 0.8802617655003849]","[0.26611111418288513, -0.6550118263751691, -0.2661159621622633, 0.6552302472409693]","[482.29101592641194, 10.62157762815453, 9.280066362465515]",5.410000000000141,100.0,0.0,"[50.0, 90.93990064862707, 90.93990064862709]",25
683,1984373932,settled,Kk2i_0018,unmatched,,"[-0.3985619353203301, -0.55517319696044, 0.5342309002269262, -0.4975223113923289]","[0.5002514095647932, 0.4999421648794803, -0.4998684773427087, 0.49993786050182076]","[482.09451457712373, 15.00065607907648, 9.694289655991916]",5.880000000000298,100.0,0.0,"[50.0, 89.0685162995126, 89.06851629951261]",19
684,2472346160,settled,Kk2i_0018,unmatched,,"[0.5216855084416874, 0.1681033179362908, 0.2930575820934824, -0.7833918293920803]","[-0.5000279827168709, 0.5000387300359058, 0.4999335117484018, 0.49999976879503255]","[481.5520183429764, 14.992948400762797, 9.689898754936824]",5.630000000000215,100.0,0.0,"[50.0, 90.71796907407122, 90.71796907407123]",16
685,1573955309,settled,Kk2i_0018,unmatched,,"[-0.6193383676590124, 0.38429802173753186, 0.5834598968312737, 0.35820324624956834]","[-0.4994973797295925, 0.5005032908612709, 0.4998722332546067, 0.5001265578844633]","[481.5798976384004, 15.016734653821944, 9.6940275528033]",5.200000000000071,100.0,0.0,"[50.0, 90.66183463429543, 90.66183463429545]",20
686,4284683632,settled,Kk2i_0018,unmatched,,"[0.45315710631947115, 0.5277361964398244, 0.2103800227056479, -0.6869376900460198]","[-0.5001871297514512, 0.4999359011133284, 0.4998352591364432, 0.500041641998958]","[481.69999080127684, 15.003614577878084, 9.700989047347091]",5.580000000000198,100.0,0.0,"[50.0, 90.54450281832679, 90.54450281832678]",23
687,1664694624,settled,Kk2i_0003,unmatched,,"[-0.17671571791651616, 0.6330224626739569, -0.08908301980255993, 0.7484105373218002]","[-1.7097400243887284e-05, 0.7070817253904254, 0.00011898157317333236, 0.7071318258782893]","[481.79510934304955, 9.959379726231747, 9.69221660714203]",5.240000000000085,100.0,0.0,"[50.0, 85.46322659399402, 85.46322659399401]",27
688,1909553120,settled,Kk2i_0005,unmatched,,"[-0.34526094914388883, 0.1559007805280971, -0.11240903271903165, -0.9186152801854336]","[-0.06588125280309871, 0.7040806587224833, 0.06583197767336775, -0.703985963821454]","[482.2890437220713, 10.135701901970648, 9.024931652000056]",5.430000000000148,100.0,0.0,"[50.0, 90.08398553785058, 90.0839855378506]",28
689,2668664694,settled,Kk2i_0018,unmatched,,"[0.11631302817836991, -0.7209141450716977, 0.6512811007120145, 0.20636618610341087]","[-0.49976143734963296, -0.4999543094094907, 0.5002049010361178, -0.5000792449407951]","[481.69189420026606, 15.00269206398937, 9.696589602238664]",5.360000000000125,100.0,0.0,"[50.0, 89.02494386374582, 89.02494386374583]",21
690,931999062,settled,Kk2i_0026,unmatched,,"[0.40985524264100454, 0.27226453579317034, 0.8643033037923744, -0.10426169806117322]","[0.6768218555861096, 0.20491151501260688, 0.6767646311733136, 0.20472684437821673]","[482.26914008578615, 9.424360952462187, 9.16086031771304]",5.110000000000041,100.0,0.0,"[50.0, 89.31025756476491, 89.31025756476492]",35
691,2928446550,unsettled,,not_evaluated,,"[0.08829629227230848, -0.08328675959324888, -0.35542274088605197, -0.9267911068350115]","[-4.459075865315132e-05, -0.00010421992902934218, 0.21376987733832853, -0.9768840395321374]","[481.55680680758564, 10.385480736322696, 14.990030216230432]",5.320000000000111,100.0,0.0,"[50.0, 89.88041818149273, 89.88041818149274]",19
692,4062086078,unsettled,,not_evaluated,,"[0.11302998519651891, 0.09536864003104563, 0.8851959380404075, 0.4410863818141144]","[0.00017752222242028992, 3.861532823604824e-05, 0.09937782261180769, 0.9950497552221462]","[481.56084204183304, 9.764025600317742, 15.001267931090734]",5.250000000000088,100.0,0.0,"[50.0, 89.8581605307353, 89.85816053073532]",18
693,3262843349,settled,Kk2i_0029,unmatched,,"[0.23701903657768664, -0.4535324717792806, 0.255514247423889, 0.8202699206389107]","[-0.0717620560979518, -0.703516117770466, 0.07184169381840999, 0.7033875534661302]","[482.0001741544836, 9.763521264178998, 9.024806555512285]",5.290000000000101,100.0,0.0,"[50.0, 89.66161200634852, 89.66161200634853]",27
694,1218851074,settled,Kk2i_0003,unmatched,,"[-0.6898747204057384, -0.30126227785830795, 0.6219437982928524, -0.2156381734521688]","[-0.7071070171964876, -2.279123106166403e-05, 0.7071065285388016, -0.0001516899833733376]","[482.3348785237378, 9.970949172275189, 9.690667388493662]",5.210000000000075,100.0,0.0,"[50.0, 90.0250032459446, 90.02500324594462]",30
695,651205762,settled,Kk2i_0013,unmatched,,"[0.6449485734097136, -0.08182203042582824, -0.6028448695667808, -0.4625197900963603]","[0.6208989207852587, 0.3380809142866775, -0.6210995751284013, -0.3382619448565043]","[482.2644924123337, 9.171735157210732, 10.466292582303616]",5.220000000000078,100.0,0.0,"[50.0, 89.89772290112721, 89.89772290112722]",22
696,4255050540,settled,Kk2i_0018,unmatched,,"[-0.25882804226598577, 0.6809913270748578, -0.6838292010292903, 0.040453439967739646]","[0.5000636616840609, 0.49991582682832103, -0.49983684884537505, 0.5001835911802897]","[482.3228172621264, 15.011054688041522, 9.708510682217716]",5.390000000000135,100.0,0.0,"[50.0, 90.65773726806206, 90.65773726806208]",26
697,2395249347,settled,Kk2i_0018,unmatched,,"[0.6348411229845365, -0.4903602220541158, -0.11445046579517916, -0.5860244807804853]","[-0.4998057359404868, 0.5001449030444477, 0.49994743670871067, 0.5001018524341199]","[482.220335823354, 15.002543374576568, 9.694041499192997]",5.810000000000275,100.0,0.0,"[50.0, 91.10487607317607, 91.10487607317609]",21
698,249202919,unsettled,,not_evaluated,,"[-0.8662809176125051, -0.3880906819206864, 0.23603906961474444, 0.20791477100528136]","[-0.9997531138357139, 0.02221736245134866, -6.414162903089442e-05, 0.00030994733604566843]","[482.3060790436322, 10.030356838873795, 15.010700770829464]",5.400000000000138,100.0,0.0,"[50.0, 90.94085438468765, 90.94085438468764]",32
699,2371620818,settled,Kk2i_0016,unmatched,,"[-0.6854600836334261, -0.5263584251775121, 0.5015678560573432, -0.03899958666378184]","[-0.5435322548310286, -0.4520140191735162, 0.5438831688363638, 0.4521582832210613]","[482.24374371973767, 9.037133662400064, 10.122400682434233]",5.160000000000058,100.0,0.0,"[50.0, 89.48240906311369, 89.48240906311368]",20
700,3603842823,settled,Kk2i_0018,unmatched,,"[0.1945135409653445, 0.7046745058258995, 0.4915635600122643, -0.4732479156723422]","[-0.499923257051069, 0.5000517245760459, 0.49984529799271316, 0.500179655606412]","[482.16546607675247, 15.006245925608525, 9.685557339091238]",5.460000000000158,100.0,0.0,"[50.0, 90.84024625796852, 90.84024625796853]",24
701,2673681171,settled,Kk2i_0009,unmatched,,"[0.7797691628533903, 0.1826904425636023, -0.5705104467956182, -0.1819397838734074]","[0.6746882566856486, 0.2118723075598213, -0.6745542014333544, -0.21185492892157687]","[482.14775437264524, 9.429749063691087, 10.733852455310263]",5.1500000000000545,100.0,0.0,"[50.0, 87.32048208640468, 87.3204820864047]",25
702,4235238339,settled,Kk2i_0018,unmatched,,"[-0.7562445711375627, 0.24799993940147816, 0.08222943494976244, 0.5998570652327683]","[0.4999635769237644, -0.49996318043096455, -0.49988625266158787, -0.5001869394165597]","[482.00387898624695, 15.00894467495089, 9.697629028535815]",5.670000000000228,100.0,0.0,"[50.0, 90.37447736783592, 90.37447736783594]",23
703,3994960236,settled,Kk2i_0021,unmatched,,"[0.5313292307007738, 0.7813692565057293, 0.17265756090654222, 0.278101960173623]","[0.5886830317117238, 0.3919021039584806, 0.5884029310406463, 0.39197834102203444]","[481.79118253372457, 9.079833135405828, 9.585283833676202]",5.220000000000078,100.0,0.0,"[50.0, 90.90875915190979, 90.9087591519098]",40
704,3831792919,settled,Kk2i_0017,unmatched,,"[0.4401407278908014, -0.15233626782494392, 0.5535394359146462, -0.6904084979519137]","[0.5002394222902949, -0.49990455810493256, 0.500067909446562, -0.4997879941678563]","[481.60910429197986, 9.699486517498153, 9.94925311077078]",5.290000000000101,100.0,0.0,"[50.0, 89.17618980376885, 89.17618980376886]",29
705,2949590194,settled,Kk2i_0003,unmatched,,"[0.017602188927888177, 0.8092823677871741, -0.24878508131529067, 0.5318441458253315]","[3.145016144576185e-05, 0.707097177047519, -0.00011273997458269291, 0.7071163755083142]","[482.162630672071, 9.95887548867577, 9.696104774290056]",5.330000000000115,100.0,0.0,"[50.0, 88.32244732592342, 88.3224473259234]",29
706,1922957456,unsettled,,not_evaluated,,"[-0.17983493385574306, 0.16984593387623137, -0.8817110177146157, -0.40174299813620656]","[-3.987110836545238e-06, -7.516197386304296e-06, -0.08797035298070253, -0.9961230932590913]","[482.3337710659829, 9.802721723806606, 14.999078320774661]",5.250000000000088,100.0,0.0,"[50.0, 90.2350438369948, 90.23504383699482]",28
707,2467004035,settled,Kk2i_0015,unmatched,,"[-0.8510412091524794, -0.15061605794523547, 0.48797472711500356, 0.12216517142934463]","[-0.5860484140288488, -0.39585002671018615, 0.5858821203804261, 0.3957172649586469]","[481.85075120478047, 9.07231203678214, 10.303932581719195]",5.200000000000071,100.0,0.0,"[50.0, 89.5362184262753, 89.53621842627531]",29
708,3895465590,unsettled,,not_evaluated,,"[-0.008865959929603692, 0.08725246230030541, 0.920553074823044, -0.3806447674813083]","[-0.00021294674016214543, 8.162864744769988e-05, 0.13572431256672024, 0.9907466169352994]","[482.00940119563734, 9.742967049948271, 15.00297440496082]",5.210000000000075,100.0,0.0,"[50.0, 89.17957648389357, 89.17957648389358]",35
709,3817935553,settled,Kk2i_0008,unmatched,,"[-0.9489519390650242, 0.22293354094083298, -0.12955939050887, 0.1816733827484993]","[-0.6779903403957241, 0.20118226845244824, -0.6778795060484423, 0.2008336836039637]","[482.3678204889584, 10.468366806321256, 9.164753041950103]",5.360000000000125,100.0,0.0,"[50.0, 90.39422749096565, 90.39422749096566]",18
710,2350393894,settled,Kk2i_0028,unmatched,,"[0.6082563107633402, 0.02796229408013884, 0.7339208530504554, 0.30100257803553526]","[0.6933166761606679, 0.13897611425816953, 0.6933627107844549, 0.13872915164757593]","[482.2998354840573, 9.583232833539011, 9.076846846077014]",5.1500000000000545,100.0,0.0,"[50.0, 86.58849035373336, 86.58849035373335]",29
711,507274054,settled,Kk2i_0018,unmatched,,"[-0.5283622470933963, 0.487647568656346, 0.636099650849066, 0.28001860441704135]","[-0.4998046098357237, 0.5001356739334599, 0.5000125118292067, 0.5000471454376391]","[481.9171564155316, 15.002749175618106, 9.695127569675279]",5.230000000000081,100.0,0.0,"[50.0, 90.60096548939204, 90.60096548939202]",31
712,2418103130,settled,Kk2i_0030,unmatched,,"[0.5388957797689139, 0.08448260675867462, 0.7139924401755003, -0.438940568955238]","[0.7071457756056007, 0.0032034220855303723, 0.7070545282573636, 0.0029127651557701033]","[481.78004891871143, 9.944889572747961, 9.011248983810987]",5.140000000000051,100.0,0.0,"[50.0, 90.15990780064892, 90.15990780064894]",29
713,3567153921,settled,Kk2i_0010,unmatched,,"[0.1988727524070747, -0.4381407272501607, -0.2546711136222361, 0.8388235543671534]","[0.266272126186153, -0.6548783151342232, -0.2662777765384209, 0.6552325487222238]","[481.8121704871055, 10.60827427786434, 9.274049912648199]",5.320000000000111,100.0,0.0,"[50.0, 88.59406803707081, 88.59406803707083]",30
714,4274748223,settled,Kk2i_0004,unmatched,,"[0.9013150862583911, -0.41985594111574515, -0.10060076260099281, -0.0350940245189892]","[0.7069033357711869, -0.7073101020602902, 0.00030302908600549067, -3.965354451318514e-05]","[482.3277765552945, 9.694982382197676, 15.005729756882355]",5.280000000000098,100.0,0.0,"[50.0, 89.51744476256538, 89.51744476256536]",20
715,1338308663,settled,Kk2i_0010,unmatched,,"[-0.2512912006807127, 0.11445045012758237, 0.3013030382493696, -0.9126720692930941]","[-0.2663018493827798, 0.6548985429194916, 0.2664597541281092, -0.6551262648735935]","[482.42402165925546, 10.60381958495126, 9.276488404248104]",5.370000000000128,100.0,0.0,"[50.0, 90.67657824983829, 90.6765782498383]",30
716,1277006266,settled,Kk2i_0019,unmatched,,"[0.32865400942607437, 0.5957578798403752, -0.6876782647442755, -0.25329369296247584]","[0.4973734912394864, 0.5026278462218889, -0.49730732607794786, -0.502663189266721]","[481.79857919881897, 9.012327271400629, 9.941251155602846]",5.200000000000071,100.0,0.0,"[50.0, 89.3537449892005, 89.35374498920051]",28
717,3440375285,settled,Kk2i_0026,unmatched,,"[0.8875611663635753, 0.23820790771944308, 0.3862538725813326, 0.07937326110963647]","[0.6766597334709307, 0.20544524315692378, 0.6764956247059422, 0.20561499681919793]","[482.1490716867437, 9.424562803846344, 9.161918276277449]",5.320000000000111,100.0,0.0,"[50.0, 89.67681656125625, 89.67681656125626]",25
718,2778763133,settled,Kk2i_0003,unmatched,,"[0.8756319323738309, 0.23263808462416577, -0.40106778977893365, 0.13525113157201868]","[0.7071845817274104, 0.0001801334957647616, -0.7070289478847084, -4.2095053786994636e-05]","[482.14704448865723, 9.96330408096291, 9.702793656233947]",5.1500000000000545,100.0,0.0,"[50.0, 90.00196910814316, 90.00196910814314]",26
719,763136023,settled,Kk2i_0024,unmatched,,"[0.25131930339948066, -0.2951017507363295, 0.6878492538765465, 0.6136912647191838]","[-0.26986796102596367, -0.653565231209283, 0.2701043899921309, 0.6535039331733393]","[482.0177623756102, 9.290733038049375, 9.277630052376267]",5.410000000000141,100.0,0.0,"[50.0, 89.76387174620388, 89.76387174620389]",24
720,3763933021,unsettled,,not_evaluated,,"[-0.04623430397558888, -0.06701270344375135, 0.7888818316337297, 0.6091281822664787]","[0.00021860383024824295, 4.0830755062962194e-05, -0.014849283022555797, 0.9998897185884706]","[482.2911020125692, 10.010785051631602, 15.002387045625962]",5.230000000000081,100.0,0.0,"[50.0, 89.12421862415255, 89.12421862415256]",31
721,3455780355,settled,Kk2i_0005,unmatched,,"[-0.8840207684311262, -0.0872379833482472, -0.3272251922323647, 0.32221186944658625]","[-0.7039841415132319, 0.06615358870880643, -0.7040252992148797, 0.06616954937297943]","[481.8372026507691, 10.132544832291421, 9.022876290332034]",5.280000000000098,100.0,0.0,"[50.0, 89.9570080038744, 89.95700800387442]",37
722,1499718306,settled,Kk2i_0003,unmatched,,"[0.3612539443898203, 0.6684707255139583, -0.19887294746240802, 0.6189442846987546]","[3.686297281058071e-05, 0.7070610945568392, 0.0004919996966354923, 0.7071522927499452]","[482.11718509499167, 9.96109100504903, 9.701885760644679]",5.300000000000105,100.0,0.0,"[50.0, 90.18654293487138, 90.1865429348714]",29
723,79361427,settled,Kk2i_0018,unmatched,,"[0.7460182460433417, 0.4331332622393408, -0.16442246222556398, 0.47834883466776185]","[-0.5001788088647647, -0.5001114510246232, 0.5000152537979596, -0.4996943482630488]","[481.90302450555856, 15.009235329928007, 9.692030612516268]",5.720000000000245,100.0,0.0,"[50.0, 90.25290506075011, 90.25290506075012]",21
724,849183527,settled,Kk2i_0017,unmatched,,"[-0.597965345494862, 0.4341566937715529, -0.3987457477691585, 0.5430904523894513]","[-0.5001537832310593, 0.4996745911457654, -0.500201531891544, 0.4999699226716777]","[482.16972063166565, 9.700325198847532, 9.959644503767072]",5.350000000000121,100.0,0.0,"[50.0, 86.65632539526925, 86.65632539526923]",38
725,833658135,settled,Kk2i_0029,unmatched,,"[-0.22322301575031606, -0.6254522972279739, -0.046491102783879086, 0.7462033814540932]","[-0.07039682652547619, -0.7035086717930734, 0.07109462397721761, 0.7036088330660907]","[482.3644402136333, 9.769164889748332, 9.021661633770117]",5.230000000000081,100.0,0.0,"[50.0, 87.56020358880751, 87.56020358880752]",45
726,2766943526,settled,Kk2i_0016,unmatched,,"[-0.5008796812345071, -0.2940481208795292, 0.7384220044987085, 0.3426196007319862]","[-0.5439351160205743, -0.4517914051057075, 0.5437842957901008, 0.45201521598764677]","[482.25484982314913, 9.03076991117433, 10.126700323413784]",5.190000000000068,100.0,0.0,"[50.0, 87.5342774973733, 87.53427749737331]",39
727,2503276600,unsettled,,not_evaluated,,"[-0.12838043991948922, -0.15768557088960727, 0.9650166796619405, 0.16551897581105576]","[2.565402345078294e-05, -5.1317277030335687e-05, -0.00342733461072825, 0.9999941250256795]","[481.6726177112198, 9.974175678206338, 14.996452111599387]",5.100000000000038,100.0,0.0,"[50.0, 90.63534989714373, 90.63534989714374]",27
728,274262062,unsettled,,not_evaluated,,"[-0.2888088733633255, 0.9067311338231195, 0.2402429853663154, 0.19160217536533122]","[0.9813590522852202, 0.19218308697447814, 0.0002595988109398012, -6.47091347749651e-05]","[482.30067732092607, 9.6028888587761, 14.998535632222142]",5.1800000000000646,100.0,0.0,"[50.0, 91.16704096742812, 91.16704096742811]",20
729,3693717378,settled,Kk2i_0018,unmatched,,"[-0.4080947709038988, -0.4131066308879288, -0.5424541860804435, 0.6070790932663737]","[0.4999115935840194, -0.4998996294497542, -0.49955065991117786, -0.5006374908639899]","[482.22940613918166, 15.010002926393641, 9.698632221504209]",5.530000000000181,100.0,0.0,"[50.0, 90.36302925556224, 90.36302925556225]",25
730,244256465,settled,Kk2i_0006,unmatched,,"[-0.41965871946026745, 0.6803774779211695, 0.017196036946970892, -0.6005641872705326]","[-0.13423591788006833, 0.6941658898191553, 0.13429988968415774, -0.6943183530580904]","[482.23105876719956, 10.306976529783741, 9.072604437757596]",5.1500000000000545,100.0,0.0,"[50.0, 89.23207786550925, 89.23207786550927]",32
731,476182520,settled,Kk2i_0008,unmatched,,"[0.1036601992641189, -0.6668421953979564, -0.4595244020197611, 0.5774195818239437]","[0.2016419834279493, -0.6777075837427242, -0.20160514196008658, 0.6777966569643837]","[482.26653338670764, 10.464664872184699, 9.160906736514098]",5.240000000000085,100.0,0.0,"[50.0, 89.44175661922418, 89.44175661922417]",28
732,299505894,unsettled,,not_evaluated,,"[0.579202363364909, 0.6811474595430645, 0.10658459271012398, -0.43497412018113246]","[0.9992324846417058, -0.03917166990158098, 0.00012487697109580392, 7.949608155188859e-05]","[481.94578164810434, 10.077645774922033, 14.99499953605591]",5.250000000000088,100.0,0.0,"[50.0, 89.37278262547088, 89.37278262547086]",47
733,927647419,unsettled,,not_evaluated,,"[0.00617218359995602, 0.30738817925260187, -0.906291643473959, 0.29001701393995705]","[6.278975686768717e-05, -0.00011606530937845194, -0.1972792428836909, -0.9803473276923481]","[482.14758111847135, 9.582255225773025, 15.001764136916302]",5.230000000000081,100.0,0.0,"[50.0, 90.89979833752527, 90.89979833752525]",26
734,2054887602,settled,Kk2i_0017,unmatched,,"[0.3733597105779809, 0.05758875730829268, -0.4407491559025929, 0.8142642342139097]","[0.49976257168916277, -0.5002323368401187, -0.4999660621460113, 0.5000389163058404]","[481.62722367699797, 9.707857503750244, 9.957658328145268]",5.520000000000178,100.0,0.0,"[50.0, 90.82376535709007, 90.82376535709008]",30
735,2921836587,unsettled,,not_evaluated,,"[0.2754056786538453, -0.9404034533507056, -0.09401578724089038, 0.1759377413767654]","[-0.9724167576960167, -0.23325017827904138, -3.288111680257999e-05, -5.1025426106965366e-05]","[482.0208529001769, 9.565760601120461, 15.002455796525451]",5.350000000000121,100.0,0.0,"[50.0, 90.14494128167343, 90.14494128167344]",35
736,4082104990,unsettled,,not_evaluated,,"[-0.365030319869446, -0.1893794515799419, -0.17774880524233333, -0.8940322427799869]","[0.00011691843911149082, 0.00012578921775110305, 0.08639893397878914, -0.996260605822834]","[481.87712805090257, 10.121307910579466, 14.994895821269434]",5.380000000000131,100.0,0.0,"[50.0, 90.3324614193642, 90.33246141936418]",26
737,2103653974,unsettled,,not_evaluated,,"[0.935028749816513, 0.3245948714742076, 0.13098927296552268, -0.056579296541891304]","[0.8933036361000957, -0.4494535952796744, 0.00023362966910045468, 0.0001575998108051535]","[481.850370417414, 10.739551048995118, 15.003201821543762]",5.1800000000000646,100.0,0.0,"[50.0, 89.65637409666475, 89.65637409666476]",35
738,4054721125,settled,Kk2i_0017,unmatched,,"[0.3314452681763487, -0.23353500978133768, 0.6073874692324064, -0.6831441250785895]","[0.4998758832053104, -0.5000474715522004, 0.5000629958841161, -0.5000136275456548]","[482.26860445024016, 9.698744105221873, 9.959704085751257]",5.190000000000068,100.0,0.0,"[50.0, 90.11206948031503, 90.11206948031501]",36
739,548968393,settled,Kk2i_0014,unmatched,,"[0.1739833845668215, -0.4541327469372948, 0.8058144553671144, -0.33787023185723425]","[0.5891612549063281, -0.3911238265125281, 0.5889729059691172, -0.3911803728277943]","[482.12874467011227, 10.82585680009672, 9.582681210117109]",5.190000000000068,100.0,0.0,"[50.0, 90.4783653176616, 90.47836531766161]",22
740,1564990497,settled,Kk2i_0017,unmatched,,"[0.11176623498886057, 0.43491256596679395, -0.5962539075390001, 0.6654627310564188]","[-0.5002574568369682, 0.4997634661952456, -0.4999594511654344, 0.5000195015455702]","[482.1879320867449, 9.698354687379354, 9.959723002124536]",5.170000000000061,100.0,0.0,"[50.0, 90.75320431918348, 90.7532043191835]",43
741,666536387,unsettled,,not_evaluated,,"[0.8328379747296384, 0.5225458757364239, -0.11627756712454848, -0.1407346545193621]","[0.9999106914086651, -0.013360597927987175, -0.0003034840983453394, -0.00010736411947714908]","[481.8217369639922, 10.009667831395626, 14.989367730304515]",5.280000000000098,100.0,0.0,"[50.0, 90.34181567126856, 90.34181567126858]",26
742,2535867986,unsettled,,not_evaluated,,"[0.055606694092448415, 0.02990174770564514, 0.11232118714017658, 0.9916641225615043]","[0.000245680344104493, -3.5108050150667314e-05, -0.46780336895400815, 0.8838325330083033]","[481.7701625942858, 10.738504555864548, 15.001483519517686]",5.230000000000081,100.0,0.0,"[50.0, 88.88987921002374, 88.88987921002375]",17
743,4190058861,settled,Kk2i_0022,unmatched,,"[0.6389330524725584, 0.6994797245503248, 0.04674223784673845, -0.3167141180973458]","[0.3324554124836235, 0.6239730353599976, -0.3324066040852377, -0.6242090190108559]","[481.6858588143395, 9.173915598937183, 9.424220831424634]",4.990000000000001,100.0,0.0,"[50.0, 90.2003561545248, 90.20035615452481]",34
744,4145498066,settled,Kk2i_0008,unmatched,,"[0.5331427153280388, -0.13489619692221552, 0.6897760063632064, -0.4709256015489013]","[0.6778613408255743, -0.20127596092781322, 0.6777764394741239, -0.20152192997418253]","[482.04225754880184, 10.464939240503845, 9.165301595864346]",5.190000000000068,100.0,0.0,"[50.0, 87.66505007869658, 87.6650500786966]",27
745,439097313,unsettled,,not_evaluated,,"[-0.31229783943541295, -0.9478655253499281, -0.04306678203388648, -0.04654307276409306]","[-0.9997033231978791, -0.024356183823484746, 0.00012994924392613873, 0.00015814508409578434]","[482.2758213146818, 9.939391228600584, 15.00476081958167]",5.220000000000078,100.0,0.0,"[50.0, 88.91347280775034, 88.91347280775035]",32
746,848878887,settled,Kk2i_0004,unmatched,,"[-0.7330445846747963, 0.6200137340102204, -0.2603398618609048, -0.10223386348908145]","[-0.7070643160566988, 0.707149242369388, 4.433360215733151e-05, 3.1945445542469475e-06]","[481.5776852828505, 9.693841672591832, 14.992346174160241]",5.130000000000048,100.0,0.0,"[50.0, 90.2487957766877, 90.24879577668771]",37
747,3282409243,settled,Kk2i_0018,unmatched,,"[-0.36484502967256854, -0.38112029136195696, -0.4876938161083083, 0.695550263866757]","[0.4998584792955459, -0.4999230268562936, -0.5001242806897425, -0.5000941628931034]","[481.8158546340062, 15.005638632522048, 9.694924623052156]",5.510000000000175,100.0,0.0,"[50.0, 91.0319618823635, 91.03196188236352]",22
748,1021812353,settled,Kk2i_0004,unmatched,,"[-0.02751463814164228, 0.23808994494372776, -0.5888537692642116, 0.7718855881722095]","[0.00010327836371759602, 0.0001359417011195796, -0.7072156985460878, 0.7069978264347088]","[481.51925025903114, 9.689630152534528, 14.998024803242581]",5.300000000000105,100.0,0.0,"[50.0, 90.94892722470422, 90.94892722470424]",30
749,3025522320,settled,Kk2i_0016,unmatched,,"[-0.006779130001992734, 0.8094588839319384, 0.39735742244128586, 0.432246963495285]","[0.4511701145477065, 0.5445145934006017, 0.4514575427022539, 0.5441833077649749]","[481.55842123848913, 9.032553410670292, 10.125371751634095]",5.240000000000085,100.0,0.0,"[50.0, 89.7315823601583, 89.73158236015831]",35
750,2691185665,settled,Kk2i_0003,unmatched,,"[-0.347779535447512, -0.7595016959896297, 0.11884014838012455, -0.5367341871408777]","[-0.00023325446315050624, -0.7071921913839094, -6.859258190439199e-05, -0.707021318867428]","[481.57914381285553, 9.962976935745555, 9.696622756758709]",5.270000000000095,100.0,0.0,"[50.0, 88.96431963748947, 88.96431963748948]",32
751,1229380122,settled,Kk2i_0027,unmatched,,"[0.48619715748621767, -0.6641977522402341, 0.06255628408896385, -0.564393817553243]","[0.2017793760872171, -0.6775466295040415, 0.20201259893269874, -0.6777953659520131]","[481.8729789773547, 10.469590903061437, 10.763496260070362]",5.350000000000121,100.0,0.0,"[50.0, 89.20164139290463, 89.20164139290465]",16
752,2395213454,settled,Kk2i_0026,unmatched,,"[-0.44933477067353494, 0.12225715102068627, -0.8501988666400425, -0.24558774409985212]","[-0.6763522617306795, -0.20634656687182576, -0.6764670127151573, -0.20581810683279758]","[481.64569133784687, 9.432139520240439, 9.170631142313134]",5.0600000000000245,100.0,0.0,"[50.0, 88.63762936150898, 88.63762936150897]",28
753,3006291426,settled,Kk2i_0003,unmatched,,"[-0.8032647886071603, -0.10041121216468736, 0.5539172969708682, -0.1945736260956228]","[-0.7071397389360953, -0.00035401284054281673, 0.7070737332780456, 7.397240923689986e-07]","[481.7555265273805, 9.958441637399146, 9.701437461924508]",5.200000000000071,100.0,0.0,"[50.0, 88.17313314753162, 88.1731331475316]",38
754,2038363769,settled,Kk2i_0029,unmatched,,"[-0.5612002152789947, 0.020352301138744127, -0.7190324086645994, -0.409429478053489]","[-0.7035039923084079, -0.07138347501187108, -0.7035276527321912, -0.0709603702251796]","[481.96373648377624, 9.768531157747976, 9.024686045380102]",5.130000000000048,100.0,0.0,"[50.0, 88.22900708536645, 88.22900708536646]",27
755,3549726088,unsettled,,not_evaluated,,"[0.3251935600628316, -0.17496902770656705, 0.7483285312602824, 0.5510348420371516]","[-2.101789940534005e-06, 3.606189007506617e-05, -0.09626463429172333, 0.9953557750271023]","[481.88581857565816, 10.138393757125893, 15.00190155799928]",5.220000000000078,100.0,0.0,"[50.0, 89.83210091161091, 89.83210091161092]",35
756,1415504078,settled,Kk2i_0003,unmatched,,"[0.026030222451953543, 0.644775665048881, -0.1990092891583883, 0.7375514030279845]","[-4.5996307935780565e-05, 0.7069511384483146, -5.001391711784152e-05, 0.7072623864094426]","[481.712487199703, 9.970070518807452, 9.686853227931252]",5.200000000000071,100.0,0.0,"[50.0, 86.93729284295392, 86.93729284295391]",31
757,1167033059,unsettled,,not_evaluated,,"[-0.14038596652816046, 0.22510227837965416, 0.9577570236566346, -0.11100553277484694]","[-9.012904431060509e-05, -0.0002546787665944489, 0.17876097573793526, 0.9838924944162866]","[481.5058323096535, 9.644377422153147, 14.995985613215138]",5.160000000000058,100.0,0.0,"[50.0, 90.9191343124971, 90.91913431249712]",27
758,57751237,settled,Kk2i_0016,unmatched,,"[-0.24977854227901278, 0.18879418204542422, 0.9462315214486297, 0.08132247204667463]","[-0.5443370923444552, -0.4511937829752206, 0.5444655578692299, 0.45130760728868957]","[482.1498841409638, 9.035052549887425, 10.128230758978699]",5.390000000000135,100.0,0.0,"[50.0, 91.1850782280655, 91.18507822806552]",25
759,1367057463,settled,Kk2i_0023,unmatched,,"[-0.2682954155863644, 0.4446128882782166, -0.4818836406653182, 0.7057797860603408]","[-0.33000088422038165, 0.6254119428405622, -0.3299546446263701, 0.625371290239363]","[482.3111579625539, 10.737933763460585, 10.503202425412328]",5.230000000000081,100.0,0.0,"[50.0, 88.83511030929922, 88.83511030929924]",28
760,3460723404,settled,Kk2i_0018,unmatched,,"[0.7525328538070888, 0.08332020185243715, -0.2968881536312691, 0.5819016000473309]","[-0.5000556610116944, -0.49982049337972945, 0.5000288199333971, -0.5000949805025197]","[482.22605820341727, 15.00231415637326, 9.69928088480972]",5.690000000000235,100.0,0.0,"[50.0, 90.58571259331484, 90.58571259331485]",18
761,490291057,settled,Kk2i_0004,unmatched,,"[0.6050671852203282, -0.723040663150318, -0.30768659951572824, -0.12819850732027002]","[0.7068557735432782, -0.707357518912487, 0.00016884894699731315, -0.00047679821471205425]","[481.49899676851317, 9.699196896984455, 15.009127070854051]",5.250000000000088,100.0,0.0,"[50.0, 91.18972714294556, 91.18972714294557]",31
762,2736550147,settled,Kk2i_0030,unmatched,,"[-0.12290483584257283, 0.9147122688500888, 0.06678560268850425, -0.37912471538422043]","[0.0027133067045806425, 0.7071099272910136, -0.0027275143530505475, -0.7070931687965019]","[482.153579804815, 9.945234513689602, 8.994597143192415]",5.1200000000000445,100.0,0.0,"[50.0, 89.72746439002572, 89.72746439002573]",31
763,3645682007,settled,Kk2i_0015,unmatched,,"[0.08237622614656674, 0.7623107531555448, 0.47199339798971696, 0.43510769384532433]","[0.396332813616354, 0.5855871615075906, 0.39647174167009713, 0.5855067336807555]","[482.0823074272821, 9.082073491124827, 10.30240225296522]",5.190000000000068,100.0,0.0,"[50.0, 89.50756070807229, 89.5075607080723]",34
764,4011650803,settled,Kk2i_0030,unmatched,,"[-0.11238713257916548, 0.5943727968817791, -0.13889353961568968, -0.7840909994449555]","[0.0028697037904454326, 0.7071446775921494, -0.0026411890596775567, -0.7070581262340468]","[481.5550005916442, 9.936848593869925, 9.011008468672998]",5.170000000000061,100.0,0.0,"[50.0, 87.14914878535183, 87.14914878535184]",38
765,4175174794,settled,Kk2i_0018,unmatched,,"[0.6283567845402819, -0.3838002345637537, -0.49353374713503045, -0.46291421636180186]","[0.49999544011075725, -0.4999850241688728, -0.5000158815900749, -0.5000036536196534]","[481.83339030588576, 14.997128232972488, 9.697407948242649]",5.130000000000048,100.0,0.0,"[50.0, 89.92335991255185, 89.92335991255186]",25
766,1362896629,settled,Kk2i_0024,unmatched,,"[-0.1369099586496964, 0.8359536484781134, -0.4124440525900376, -0.3351523001588615]","[0.27077152136341, 0.6531491722770638, -0.27103615727204206, -0.6531602739171573]","[481.8230124936444, 9.282891873464832, 9.282554887973967]",5.100000000000038,100.0,0.0,"[50.0, 90.62391398765523, 90.62391398765521]",35
767,1392627679,settled,Kk2i_0018,unmatched,,"[-0.5442430083840383, -0.06998565228722617, -0.49363300479666244, 0.674705871379849]","[0.4998762638502979, -0.5001806020590661, -0.49979245378167036, -0.500150566635483]","[482.11696758482714, 14.999547552813624, 9.697188079311855]",5.600000000000205,100.0,0.0,"[50.0, 90.87089500046847, 90.87089500046845]",23
768,2030435075,unsettled,,not_evaluated,,"[-0.15391770369278407, 0.2984445877709614, -0.9416051474307936, 0.02489808932417896]","[-6.775778945650178e-05, 0.00012739626173327576, -0.19119009384652416, -0.9815530180250233]","[481.54119029516903, 9.613948824186055, 15.000910308113218]",5.240000000000085,100.0,0.0,"[50.0, 90.38597268177338, 90.3859726817734]",23
769,1969071229,settled,Kk2i_0017,unmatched,,"[-0.292157474405667, 0.7386316240005625, -0.37135322396325127, 0.480795296594396]","[-0.49996042824422915, 0.4999352433594449, -0.5002034650590599, 0.4999008063405073]","[482.0170995757196, 9.70219184272001, 9.949403561020874]",5.360000000000125,100.0,0.0,"[50.0, 87.07091746622343, 87.07091746622345]",32
770,3971321240,settled,Kk2i_0006,unmatched,,"[0.16134477163431363, -0.59713412711119, -0.14540785866209355, 0.7721756623623495]","[0.13454777983302038, -0.6941041054440086, -0.13454241487165197, 0.6942728025411063]","[481.5997681102482, 10.30956545074124, 9.075012020043971]",5.200000000000071,100.0,0.0,"[50.0, 85.11565207986739, 85.11565207986742]",35
771,1847143231,settled,Kk2i_0005,unmatched,,"[0.37247343903267255, -0.17212231899601646, 0.8927953174030391, -0.1858869703390051]","[0.703956979470028, -0.06616847429567746, 0.7040316245230691, -0.06637601777920227]","[481.4947981708744, 10.123454569731688, 9.026819630010333]",5.140000000000051,100.0,0.0,"[50.0, 89.56562599750012, 89.56562599750013]",37
772,4250210521,settled,Kk2i_0017,unmatched,,"[0.7179714736657065, -0.32018305942895253, -0.20166750117733687, 0.5842345337498447]","[0.4998774248685259, -0.5001126625455026, -0.4999583450457911, 0.5000515354316326]","[482.2320930021033, 9.69098707358761, 9.953582481024311]",5.340000000000118,100.0,0.0,"[50.0, 90.645706017262, 90.64570601726201]",35
773,1265008604,settled,Kk2i_0018,unmatched,,"[0.1588790074721968, 0.4462089044889321, -0.7306042503802944, 0.49180535160333994]","[0.4999616057342521, 0.5000715577927837, -0.4999103203528453, 0.5000564982909856]","[482.04670989108075, 15.007522090088806, 9.695587189790322]",5.380000000000131,100.0,0.0,"[50.0, 91.00100364902727, 91.00100364902728]",12
774,2561878822,settled,Kk2i_0018,unmatched,,"[-0.8844363438236836, 0.2271251635155647, 0.06609453688063316, -0.4022661134328336]","[0.49970556625965795, 0.4999614564814106, -0.5004091143483237, 0.49992360152250015]","[481.9365397296542, 15.01250862031326, 9.688460935961338]",5.640000000000218,100.0,0.0,"[50.0, 90.6830809927719, 90.68308099277189]",19
775,2593056862,settled,Kk2i_0017,unmatched,,"[-0.6440080616705269, 0.6801245432667002, 0.34981776085047156, 0.017656623210441386]","[-0.5002154270812811, 0.49986189388358293, 0.4997489271394956, -0.500173593241319]","[481.5772568407473, 9.696945499823164, 9.960409274779753]",5.190000000000068,100.0,0.0,"[50.0, 91.0294304140942, 91.02943041409418]",39
776,2876057514,settled,Kk2i_0015,unmatched,,"[0.5828207064822837, 0.0588372724123627, -0.6350018125597128, -0.5036178089746675]","[0.5853126569628554, 0.3969879238241449, -0.585129909046879, -0.3967778616249512]","[482.0262954141346, 9.076899470166614, 10.295435498386853]",5.230000000000081,100.0,0.0,"[50.0, 88.28253603584056, 88.28253603584058]",30
777,3157771195,settled,Kk2i_0015,unmatched,,"[0.5983360677836528, 0.10378296890113489, -0.7104906983150071, -0.3555643583981888]","[0.5850117385773039, 0.39704952507720825, -0.585050062317211, -0.39727744077074273]","[482.0886150474421, 9.085822809073939, 10.306051366991978]",5.210000000000075,100.0,0.0,"[50.0, 87.01311145055357, 87.01311145055355]",38
778,2345037609,settled,Kk2i_0018,unmatched,,"[0.6604384413014063, 0.10747290077092331, 0.443880841915452, -0.596020502190723]","[-0.5003807035149668, 0.4996278322898633, 0.49947640175346947, 0.5005142403994176]","[481.830706204579, 15.000961982818803, 9.708472114701577]",5.640000000000218,100.0,0.0,"[50.0, 90.99566993289208, 90.9956699328921]",15
779,184414698,unsettled,,not_evaluated,,"[-0.35632809196677084, -0.93177754920896, -0.06878720385769516, 0.00944511783434199]","[-0.9929108037344264, -0.11886135830812987, -9.664911292119745e-05, -0.0003224710074340443]","[481.6290542106204, 9.759745298512023, 14.99951238745477]",5.230000000000081,100.0,0.0,"[50.0, 88.88813115230474, 88.88813115230475]",28
780,1322610371,settled,Kk2i_0018,unmatched,,"[-0.3915866921210055, -0.4167497704200111, 0.43307521759641576, -0.6967247285064698]","[-0.5000332826854, -0.4997511717568261, 0.5005234856280653, -0.4996916277758456]","[481.5599210640873, 15.012296848079174, 9.706368686186387]",5.190000000000068,100.0,0.0,"[50.0, 90.78865601482363, 90.78865601482364]",19
781,2871559337,settled,Kk2i_0018,unmatched,,"[-0.0016060938878102355, -0.8499218234626733, 0.5204304719878642, 0.0823555601692851]","[-0.50033583770635, -0.4997093051592989, 0.5000360826983465, -0.4999185692126149]","[481.99131738610305, 15.010966055564179, 9.698412154831756]",5.310000000000108,100.0,0.0,"[50.0, 90.54349206727963, 90.54349206727964]",21
782,3834652190,settled,Kk2i_0018,unmatched,,"[-0.38796054467225627, -0.5034752546116924, -0.5498540153702292, 0.5419039080432375]","[0.5002445599916221, -0.4998660621461818, -0.49971988166651016, -0.5001693113141461]","[481.6892685195479, 15.00995780874075, 9.691129810496752]",5.480000000000165,100.0,0.0,"[50.0, 89.77037260942056, 89.77037260942055]",13
783,3919222154,settled,Kk2i_0008,unmatched,,"[-0.30245125319755284, -0.7544306213363382, -0.28171015049334985, 0.5098990764242572]","[0.2013960894958961, -0.6778549005340404, -0.20179944803927327, 0.6776646159633776]","[481.88247388486, 10.4690651340145, 9.160102825648549]",5.230000000000081,100.0,0.0,"[50.0, 90.34114816615802, 90.341148166158]",31
784,2928265615,settled,Kk2i_0024,unmatched,,"[-0.16044831560608788, -0.841189383199689, 0.29634351733816594, 0.4228915692502515]","[-0.2710242414420687, -0.6531640938384433, 0.2711090401704231, 0.6530102720546043]","[481.5761159569412, 9.278248998628111, 9.27912375925043]",5.0900000000000345,100.0,0.0,"[50.0, 87.94285425304749, 87.9428542530475]",34
785,1004255327,settled,Kk2i_0026,unmatched,,"[-0.7918552891140278, -0.48308124432092175, -0.12326100465448263, 0.3527101320051027]","[-0.676383031670812, -0.20617267060848665, -0.6764641637427202, -0.20590060595789406]","[481.96187026891886, 9.423241901846232, 9.167947349401006]",5.400000000000138,100.0,0.0,"[50.0, 89.9456090288514, 89.94560902885138]",34
786,4151959314,settled,Kk2i_0023,unmatched,,"[0.32961659258017734, -0.44109631094848434, 0.13135878999472297, -0.8243371971800095]","[0.32900591684223685, -0.6258395750863082, 0.3291838929329066, -0.6258737073660509]","[481.5971540967374, 10.739557073596263, 10.510433605776498]",5.230000000000081,100.0,0.0,"[50.0, 88.6169326101794, 88.61693261017939]",33
787,3643437407,settled,Kk2i_0020,unmatched,,"[-0.3679797931408954, 0.033329154626742165, 0.5756948008932865, 0.729421370345214]","[-0.44666748860744243, -0.5479978101890909, 0.4470697717750627, 0.5480101949910009]","[482.05971141914443, 9.030279261659059, 9.753473690234832]",5.410000000000141,100.0,0.0,"[50.0, 90.90597208306785, 90.90597208306784]",41
788,193074623,settled,Kk2i_0020,unmatched,,"[0.333473225592462, 0.8262963374305321, -0.44231445523318763, -0.10192101477916964]","[0.446339095436021, 0.5483799223677667, -0.44667001261617373, -0.5482214629679724]","[481.9745626593284, 9.029200764598947, 9.756515849524934]",5.040000000000018,100.0,0.0,"[50.0, 89.7201688355985, 89.72016883559849]",39
789,1840744130,settled,Kk2i_0015,unmatched,,"[-0.003013295977485854, -0.9164638387372006, -0.385878694127883, -0.10574774585108596]","[-0.3962267456579157, -0.5855584404091771, -0.396891377263035, -0.5853229139074952]","[481.64222309766205, 9.071433506584636, 10.303822204465622]",5.380000000000131,100.0,0.0,"[50.0, 90.42201483453944, 90.42201483453945]",27
790,929367818,settled,Kk2i_0003,unmatched,,"[0.07689805139311431, 0.6194549874432171, -0.12913616986127133, 0.7705102581129122]","[-0.00017505600637665597, 0.7072356806622906, -2.9989767803439982e-05, 0.7069778359002176]","[482.1820035421774, 9.959362259634313, 9.696141987393279]",5.240000000000085,100.0,0.0,"[50.0, 86.58906022820078, 86.5890602282008]",42
791,911894422,settled,Kk2i_0016,unmatched,,"[-0.6982777647420497, -0.11412682446000724, 0.6869509496557707, 0.16577582445144326]","[-0.5441172747521377, -0.45169007761673663, 0.5439728761381502, 0.45167020615143755]","[482.0088508622548, 9.032509960247234, 10.128407337011126]",5.310000000000108,100.0,0.0,"[50.0, 83.54669485840768, 83.54669485840768]",31
792,2813630436,settled,Kk2i_0015,unmatched,,"[0.34525116620660357, 0.291654603545629, 0.2899276643120054, 0.8436119806701463]","[0.396169041480114, 0.5858227102638814, 0.3960315005555255, 0.5856798556204124]","[481.76818424351774, 9.088656961731031, 10.30318767370325]",5.130000000000048,100.0,0.0,"[50.0, 89.89311740510142, 89.89311740510144]",37
793,3258326862,settled,Kk2i_0019,unmatched,,"[0.15155241457782917, 0.463115550262533, -0.8698966348433236, 0.07639173665339816]","[0.49746398622368515, 0.5025516259288628, -0.4977434529119604, -0.5022179813288016]","[482.0268189055574, 9.017336262880852, 9.941806793806746]",5.1500000000000545,100.0,0.0,"[50.0, 90.70694851746887, 90.70694851746886]",24
794,376402550,settled,Kk2i_0017,unmatched,,"[-0.26313053826577254, 0.4562496417490367, 0.7970160287942423, -0.29557407545469244]","[-0.49985049905049084, 0.5002245349350068, 0.4998489675259603, -0.5000758971508855]","[482.05305267674044, 9.700961020047469, 9.958832956985747]",5.430000000000148,100.0,0.0,"[50.0, 90.16468203708347, 90.16468203708348]",28
795,3842851706,settled,Kk2i_0003,unmatched,,"[-0.6306123024957917, 0.1538519811917822, 0.7587299060057031, 0.054649991371421895]","[-0.7070663939231863, -0.0002457958077307365, 0.7071470921091391, 0.00021045301447353282]","[481.7874694026073, 9.961271076707737, 9.70286649177006]",5.200000000000071,100.0,0.0,"[50.0, 86.88010497943306, 86.88010497943304]",26
796,1816527500,settled,Kk2i_0016,unmatched,,"[-0.26996349254057417, -0.9012033727303118, -0.2599849606697233, -0.21762356007649683]","[-0.45162519455430783, -0.5440297682780124, -0.451873615217696, -0.543945338008559]","[481.6162118876146, 9.027547704415808, 10.1297445689121]",5.290000000000101,100.0,0.0,"[50.0, 90.86301790992816, 90.86301790992817]",27
797,2293293225,settled,Kk2i_0003,unmatched,,"[-0.3936519694424518, 0.8116179663979275, -0.13515402938440954, 0.4099363266597991]","[0.0005762125713017208, 0.7070815097791829, 0.0004056176058764016, 0.7071317005917792]","[481.66609012236216, 9.962533399207326, 9.697495877268045]",5.380000000000131,100.0,0.0,"[50.0, 90.42002051086976, 90.42002051086975]",32
798,349554575,unsettled,,not_evaluated,,"[0.04319524511180846, 0.011599100461029443, -0.6856641279883682, -0.726542727758097]","[1.7707190975824183e-05, 4.351285547959938e-05, 0.03545746687921243, -0.9993711852137805]","[482.19351980087686, 10.06571971148378, 15.002620811979153]",5.210000000000075,100.0,0.0,"[50.0, 88.58439309719166, 88.58439309719168]",29
799,1393430897,settled,Kk2i_0018,unmatched,,"[0.40293627404439963, 0.406187963639368, 0.6478008582825009, -0.5029987527441547]","[-0.5001301851352744, 0.500016309088745, 0.49988495130812716, 0.49996852302669637]","[482.11577527917456, 15.000416333429966, 9.697609846942294]",5.510000000000175,100.0,0.0,"[50.0, 90.62460783463185, 90.62460783463186]",21
800,2235878669,settled,Kk2i_0018,unmatched,,"[0.24249144715551083, -0.6473370825137739, 0.7223079800681069, -0.02058595610878343]","[-0.49999467111467105, -0.4999244431339751, 0.4999499703196406, -0.5001308900592997]","[481.75310014182463, 15.003461702394619, 9.686790145205206]",5.380000000000131,100.0,0.0,"[50.0, 90.70126557419059, 90.7012655741906]",15
801,3616341429,settled,Kk2i_0003,unmatched,,"[-0.016108622453450877, 0.5241575278336051, -0.5047182381256154, 0.6857542551099413]","[5.013406395523723e-05, 0.7071628291161902, 0.00031256017499739497, 0.7070506579511109]","[482.29181504258526, 9.961674650696056, 9.689465687536396]",5.220000000000078,100.0,0.0,"[50.0, 89.56829530692232, 89.56829530692231]",31
802,2901890060,settled,Kk2i_0020,unmatched,,"[-0.5153234759328452, -0.7348465806857323, 0.43106836411443006, 0.09285625162953134]","[-0.4464432135753635, -0.5482333213824382, 0.4464206566586389, 0.5484863532367532]","[481.85490861993196, 9.027711100811377, 9.752439039063638]",5.1200000000000445,100.0,0.0,"[50.0, 90.05939850572128, 90.05939850572128]",31
803,903317644,settled,Kk2i_0021,unmatched,,"[0.3806152325204924, 0.3549790843641196, -0.42221367482912736, -0.7421977547962988]","[0.39124756850853415, 0.5892161405030765, -0.3912377076343665, -0.5887977038268957]","[482.28143469681834, 9.07730166638694, 9.578231762163648]",5.320000000000111,100.0,0.0,"[50.0, 88.25698524801139, 88.2569852480114]",45
804,261748224,settled,Kk2i_0018,unmatched,,"[0.6073531994118689, -0.481676980220278, 0.5182685683491363, 0.36125762130559586]","[-0.5002191350383524, -0.49963979892347865, 0.4997692070569136, -0.5003714899461125]","[482.19757180326513, 15.00509212291389, 9.694970445378779]",5.490000000000168,100.0,0.0,"[50.0, 90.44490140675795, 90.44490140675796]",21
805,3757485644,settled,Kk2i_0008,unmatched,,"[-0.46408639041706307, 0.12400900187034086, -0.7767306422281417, 0.40735132147648895]","[-0.6776029850946004, 0.20200760317411046, -0.6776590701238695, 0.2020527345263873]","[482.36846879344046, 10.475635622301862, 9.16269517739347]",5.1800000000000646,100.0,0.0,"[50.0, 88.61076165094215, 88.61076165094217]",32
806,2459300321,unsettled,,not_evaluated,,"[-0.3023952662426782, 0.3237351264050331, -0.8489692368047562, -0.28810398443042556]","[7.095147465829843e-06, 0.00026855870781964525, -0.0867295300800448, -0.9962318587748407]","[482.2490009379111, 9.816065460541664, 15.003378927860384]",5.270000000000095,100.0,0.0,"[50.0, 90.1785990333375, 90.17859903333749]",28
807,900242666,unsettled,,not_evaluated,,"[0.9362436743944617, 0.1817165933924474, -0.08337124411561313, -0.288922303564152]","[0.9829833993464241, -0.18369434314886313, 0.00013032118364854348, -8.899913058918461e-05]","[481.9670696139766, 10.30772386677102, 15.005494305827026]",5.320000000000111,100.0,0.0,"[50.0, 90.782203923926, 90.78220392392602]",32
808,328348858,settled,Kk2i_0015,unmatched,,"[-0.6190823838403996, -0.43170850451213133, 0.6501504533297416, 0.08757372428713266]","[-0.585114647703141, -0.3968863996371051, 0.5854437061169738, 0.39670858548101473]","[482.02057686523403, 9.07235042917646, 10.303906379426728]",5.1500000000000545,100.0,0.0,"[50.0, 87.78112469972757, 87.78112469972758]",24
809,1553474154,settled,Kk2i_0016,unmatched,,"[0.10359371276990213, -0.7893752306748082, -0.4829995942980539, -0.36450854555079465]","[-0.45162634442403304, -0.5440131307785416, -0.4517695826655922, -0.5440474269223876]","[481.58846230305005, 9.035623999171989, 10.126250993155544]",5.250000000000088,100.0,0.0,"[50.0, 90.55126234938106, 90.55126234938108]",44
810,1442494840,settled,Kk2i_0021,unmatched,,"[0.31201293868009317, 0.50003338073906, -0.7536486285584268, -0.29090941702681444]","[0.39055892412008086, 0.5894887572347688, -0.39048211378081665, -0.5894832064624387]","[482.0112396902697, 9.080334573967658, 9.5768151547363]",5.250000000000088,100.0,0.0,"[50.0, 88.76056608434303, 88.76056608434304]",41
811,3990831217,settled,Kk2i_0018,unmatched,,"[0.2733426921134199, -0.7015874727139076, 0.6366695552613991, -0.16646521619350974]","[-0.5000707712244163, -0.5002823668584842, 0.500063199023612, -0.49958340060470574]","[481.554578975816, 15.008035787509952, 9.689638262075126]",5.390000000000135,100.0,0.0,"[50.0, 90.71473165258685, 90.71473165258686]",17
812,2431699989,settled,Kk2i_0004,unmatched,,"[0.17344721513629868, 0.1827432617709468, 0.5962854258550948, -0.7622103743400414]","[-0.00015338335098766254, 0.00015241247636188504, 0.7070821909353908, -0.7071313375222401]","[482.11737787200667, 9.691346156882318, 14.998225123318385]",5.250000000000088,100.0,0.0,"[50.0, 90.22222934770237, 90.22222934770238]",30
813,1926362747,settled,Kk2i_0004,unmatched,,"[0.8047503699102742, -0.5172269162450497, -0.11253861894396196, 0.26867865283103326]","[0.7069908416486139, -0.7072227004525914, -1.7805928916647673e-05, 3.837288040339781e-05]","[481.8850149536625, 9.697836802137504, 14.996442429000533]",5.320000000000111,100.0,0.0,"[50.0, 90.63349079390693, 90.63349079390694]",29
814,2263480944,settled,Kk2i_0018,unmatched,,"[-0.026306953825207702, -0.8321721463338888, 0.5135298938644082, -0.2075680879954735]","[-0.5001507956235426, -0.49970764235187504, 0.5002566812267604, -0.49988469340464436]","[481.5185435213234, 15.00060839374078, 9.692886550697555]",5.280000000000098,100.0,0.0,"[50.0, 90.85347010486798, 90.853470104868]",22
815,2732533349,settled,Kk2i_0004,unmatched,,"[0.9574942959753904, 0.11604176436625958, -0.09067729522294143, 0.2480254225445619]","[0.7070609333934252, -0.7071526254891154, -9.564154102248423e-06, 2.532185084569427e-05]","[482.31315894250264, 9.702648157423424, 15.00201257283923]",5.280000000000098,100.0,0.0,"[50.0, 90.93180168926892, 90.93180168926891]",31
816,789762371,settled,Kk2i_0019,unmatched,,"[0.4310996061007461, 0.2904541347288934, -0.6141148610307922, -0.5938454872269402]","[0.4976379004407084, 0.5024265014592721, -0.4976502669586461, -0.5022632203061936]","[481.981126198913, 9.016908859940969, 9.941122249502413]",5.270000000000095,100.0,0.0,"[50.0, 88.63578646923477, 88.63578646923476]",24
817,857415767,settled,Kk2i_0017,unmatched,,"[0.4929514726326843, -0.5214882517666204, 0.27904449074365084, -0.6381089413918899]","[0.5002175401735582, -0.4997268315171429, 0.5001669088458449, -0.4998885572406553]","[481.50294267698655, 9.69661116488877, 9.950372683216814]",5.360000000000125,100.0,0.0,"[50.0, 87.95664031171674, 87.95664031171675]",35
818,1814279234,unsettled,,not_evaluated,,"[0.06752254297908439, 0.2422686337739487, 0.9010294106317556, -0.3534014946990646]","[3.223400782975672e-05, -4.608175695744454e-05, 0.23654882757145868, 0.9716196009817879]","[482.14866503607925, 9.558792097720378, 15.000052863679402]",5.210000000000075,100.0,0.0,"[50.0, 90.39830076709738, 90.3983007670974]",33
819,790041088,settled,Kk2i_0027,unmatched,,"[0.7935730239832247, -0.23344936952655115, -0.5048092129096586, 0.24680134933850478]","[0.6777284372401519, -0.2015480982334571, -0.6779204163419882, 0.2012124214883459]","[481.78003566188505, 10.46610387643077, 10.764980036214133]",5.220000000000078,100.0,0.0,"[50.0, 88.17787112783326, 88.17787112783327]",28
820,315618556,settled,Kk2i_0005,unmatched,,"[0.012552934920398582, 0.8480138297868738, 0.36518308059114246, -0.3838701420598461]","[-0.06614758886336293, 0.7039121848831073, 0.06563876641755968, -0.7041474879624545]","[481.89896796617506, 10.130301194925538, 9.019160665220756]",5.1200000000000445,100.0,0.0,"[50.0, 90.15356174502806, 90.15356174502807]",39
821,3269845912,settled,Kk2i_0017,unmatched,,"[0.7777716428001235, 0.1283811862612407, -0.44555779470696755, 0.4243439574755573]","[0.5000053224643862, -0.49991304757406857, -0.5001250961000364, 0.49995650873193115]","[481.75767572919585, 9.695245649415948, 9.960198668753032]",5.440000000000151,100.0,0.0,"[50.0, 90.8231562492359, 90.82315624923591]",35
822,3522819498,settled,Kk2i_0003,unmatched,,"[0.13041023961018636, -0.7145137268385542, -0.15145017210366415, -0.6704671124923759]","[2.240433831154909e-05, -0.7071904952249216, -0.00030339329368475615, -0.7070229917860418]","[482.0870202132962, 9.958216755586134, 9.692514840063964]",5.220000000000078,100.0,0.0,"[50.0, 87.7312730091363, 87.73127300913629]",28
823,3738436170,settled,Kk2i_0003,unmatched,,"[0.2742912649506295, -0.2822096081700994, -0.8912861599283453, 0.22523547710883984]","[0.7070790595528305, 0.00018048520363062037, -0.7071344690548049, -0.00011679706889836106]","[482.0040559269376, 9.957469198328676, 9.700745381190545]",5.490000000000168,100.0,0.0,"[50.0, 90.63634163022725, 90.63634163022726]",35
824,410172629,settled,Kk2i_0020,unmatched,,"[0.3546157266565474, 0.013883879429048904, -0.6309730588490037, -0.6898752954748997]","[0.4471089418546121, 0.5477650134752854, -0.4473971437609094, -0.5476156315159839]","[481.96741319882057, 9.026432504292123, 9.758594738960413]",5.350000000000121,100.0,0.0,"[50.0, 90.97205837268176, 90.97205837268177]",39
825,3404775389,settled,Kk2i_0008,unmatched,,"[0.6021409344898768, -0.06674626191403271, 0.5214703782369879, -0.6008659385865817]","[0.6777673209848977, -0.20138652760047487, 0.6778557284631876, -0.20146100490074756]","[482.0544617327124, 10.463215143158097, 9.160975374654983]",5.190000000000068,100.0,0.0,"[50.0, 90.68045802992347, 90.68045802992349]",33
826,869269750,settled,Kk2i_0011,unmatched,,"[-0.15468769276196398, -0.9115211001983778, -0.20989464635174815, -0.31803339295425204]","[-0.2766290056956572, -0.6508129267941312, -0.2764630796445845, -0.6507588594240737]","[481.91184635700114, 9.286762997953003, 10.61149564633421]",5.250000000000088,100.0,0.0,"[50.0, 90.88005190478134, 90.88005190478135]",36
827,2991429464,settled,Kk2i_0028,unmatched,,"[-0.5489088942851251, -0.4032734075502577, 0.03768896459558421, 0.7311970503805372]","[-0.13991962135362138, -0.6930903779095922, 0.13984292753527244, 0.6931754346684269]","[482.24452578509096, 9.576033363916899, 9.084559558247731]",5.250000000000088,100.0,0.0,"[50.0, 90.1749711711577, 90.17497117115771]",36
828,2771908924,settled,Kk2i_0003,unmatched,,"[-0.7389579476458161, 0.3421219953129573, 0.5776396756246475, -0.05679874187353187]","[-0.7069976413431222, 0.00011872975262058882, 0.7072158864645137, -0.00010474120448036861]","[482.1124901311368, 9.96222276378965, 9.698066849125425]",5.1800000000000646,100.0,0.0,"[50.0, 87.82660327286204, 87.82660327286203]",29
829,255470810,settled,Kk2i_0004,unmatched,,"[-0.9154696723146558, -0.164181234465625, 0.007536104595736204, 0.36729144891892374]","[-0.7073035435579225, 0.7069099469873946, 0.00012218395008067873, 9.587370540886653e-05]","[481.6524073936875, 9.697026022880804, 14.993086709262947]",5.230000000000081,100.0,0.0,"[50.0, 90.38538370854829, 90.3853837085483]",29
830,2021639551,settled,Kk2i_0014,unmatched,,"[-0.34543261414584014, 0.05210044336923012, 0.3432315446139134, -0.8718680861615752]","[-0.39145482843318047, 0.5888498537884465, 0.3913423352560119, -0.5889568266231795]","[482.1365680799293, 10.819482263648634, 9.578770408417581]",5.360000000000125,100.0,0.0,"[50.0, 90.72351634452741, 90.72351634452743]",30
831,651020664,settled,Kk2i_0003,unmatched,,"[0.0756818332635065, -0.774085924955174, 0.18955994400860776, -0.5992747854929498]","[0.00032113947088785455, -0.7071174566462072, 0.000167041509236604, -0.7070960129096854]","[481.65474787403355, 9.955705642457284, 9.693830877105265]",5.270000000000095,100.0,0.0,"[50.0, 86.43865643718176, 86.43865643718178]",35
832,2521713783,settled,Kk2i_0029,unmatched,,"[-0.5065582247263176, -0.04434755212228694, -0.8534016420621019, -0.11461979283086583]","[-0.7034575790907749, -0.07137779226047486, -0.7035462658065124, -0.07124111917621187]","[482.27234203676244, 9.757124915877526, 9.01085246499359]",5.100000000000038,100.0,0.0,"[50.0, 87.87726722712786, 87.87726722712785]",30
833,1390613592,settled,Kk2i_0003,unmatched,,"[-0.31808432194865294, -0.360744281429727, 0.8330604728818863, -0.27330601176707336]","[-0.7071243640350714, 0.00018272896840790254, 0.7070891427097834, -0.0002113292774512665]","[482.0372795792837, 9.965868481147067, 9.697530748330474]",5.300000000000105,100.0,0.0,"[50.0, 90.84855549235134, 90.84855549235132]",21
834,2201560545,unsettled,,not_evaluated,,"[-0.49268336303607696, -0.8575563518653537, -0.1364275913741798, 0.05698876621481443]","[-0.9999985785717656, 0.0016798605258968881, 0.00012476241817152513, 7.319427030416659e-05]","[481.7474513327923, 9.967869517060423, 15.002332443850207]",5.220000000000078,100.0,0.0,"[50.0, 89.7578505594111, 89.75785055941108]",37
835,1733610838,unsettled,,not_evaluated,,"[0.933328729096697, 0.24078483671468087, 0.094274575342167, 0.2490631451963197]","[0.8555603081278238, -0.5177031402691157, -8.77846902464785e-05, 0.0001000278355032802]","[482.37810330247567, 10.834355602988621, 14.99462164245596]",5.170000000000061,100.0,0.0,"[50.0, 90.66371457400196, 90.66371457400197]",29
836,4057973372,unsettled,,not_evaluated,,"[-0.9362565697560981, -0.3191572023110337, -0.1386331679133244, 0.048406203691826986]","[-0.7069487645742856, 0.7072647575657803, 8.122208983268874e-05, 1.937218158953868e-05]","[482.182947687259, 9.708912728381302, 14.999449020809703]",5.170000000000061,100.0,0.0,"[50.0, 89.6813916415163, 89.68139164151631]",29
837,1049088550,settled,Kk2i_0010,unmatched,,"[-0.2985014385404711, 0.8416771729573497, 0.24460506638696494, -0.3776834510666589]","[-0.2663825554757945, 0.6549528866887401, 0.26599728063724404, -0.6552270576295388]","[482.2090142731304, 10.61144328598881, 9.276711345074114]",5.1800000000000646,100.0,0.0,"[50.0, 89.20324084020237, 89.20324084020238]",28
838,4151715388,unsettled,,not_evaluated,,"[-0.05848826288872228, 0.33353550026198525, -0.9360448600269542, 0.09567242646847915]","[-0.0003141963990466734, -1.874765818200147e-05, -0.10769786335653535, -0.9941836204432183]","[481.61628263982317, 9.754743020647874, 14.99817752227514]",5.220000000000078,100.0,0.0,"[50.0, 90.59594198909356, 90.59594198909357]",34
839,1058135528,settled,Kk2i_0018,unmatched,,"[-0.3686608373472068, 0.16863467661175469, 0.398686593963824, 0.8226180964724944]","[0.4997752832891304, -0.5002641550655381, -0.5001502801340323, -0.4998101025906559]","[481.8493172317034, 15.006525501271284, 9.692372894490289]",5.790000000000268,100.0,0.0,"[50.0, 90.73375632088974, 90.73375632088975]",21
840,3093900153,settled,Kk2i_0013,unmatched,,"[0.3030056044096427, 0.42204349005597586, 0.2242803135340926, 0.8244787669544726]","[0.3378740820956048, 0.6211808099565256, 0.3379705374805051, 0.6210889000658005]","[481.7797761915663, 9.171940637820716, 10.458826401154266]",5.0900000000000345,100.0,0.0,"[50.0, 89.02220115022918, 89.0222011502292]",27
841,728316358,unsettled,,not_evaluated,,"[0.3840331144981177, 0.9003152367821304, -0.19825093141067207, 0.05145492767085645]","[0.9959043276150518, 0.0904130414678634, 0.00022812367467204414, -1.1389953572582545e-05]","[481.96178877128955, 9.81419334230092, 14.996685972088162]",5.210000000000075,100.0,0.0,"[50.0, 90.69341452609424, 90.69341452609424]",30
842,4246793081,settled,Kk2i_0026,unmatched,,"[-0.5487920213062103, 0.4448274047159202, -0.09678850678790442, -0.7011332842749022]","[0.20673587974054697, 0.6761935654016403, -0.20685462407799754, -0.676190581592845]","[481.5516529673847, 9.416815130855168, 9.17021902844308]",5.240000000000085,100.0,0.0,"[50.0, 91.04105592857721, 91.04105592857722]",40
843,1208846367,settled,Kk2i_0019,unmatched,,"[-0.4269867495516249, -0.6814935301266007, -0.04209566062964502, -0.5928548215702353]","[-0.5022954904357491, -0.49788550282506483, -0.5017611009258633, -0.4980412271712137]","[481.7275943937397, 9.015349467953117, 9.939895906100908]",5.290000000000101,100.0,0.0,"[50.0, 87.74164706991164, 87.74164706991162]",40
844,2094361518,settled,Kk2i_0003,unmatched,,"[0.454999045629448, 0.15518384815777372, -0.8447071013896332, 0.23529503736619822]","[0.7070995138980879, 0.0002734640315750769, -0.7071139953257933, -1.664046806659769e-05]","[482.18788519093323, 9.95899042393454, 9.69977921404752]",5.300000000000105,100.0,0.0,"[50.0, 89.1736042039773, 89.17360420397729]",33
845,1813902428,settled,Kk2i_0017,unmatched,,"[-0.37122801695149316, 0.3149778818305276, -0.536490794779554, 0.6893158350891256]","[-0.5000744295866055, 0.5000705890695608, -0.5000826257000089, 0.4997722864407735]","[482.22960986664464, 9.69678402007785, 9.958868033778074]",5.270000000000095,100.0,0.0,"[50.0, 89.12990596180697, 89.12990596180698]",34
846,256306198,settled,Kk2i_0017,unmatched,,"[0.6027470823016317, -0.5832330633428373, 0.031765834920367934, -0.5436231050391547]","[0.5001046539933389, -0.49989854269757034, 0.5000420328139017, -0.4999547454344134]","[482.32263956956587, 9.700808397933542, 9.956864838362247]",5.460000000000158,100.0,0.0,"[50.0, 90.45263080297525, 90.45263080297526]",29
847,1252793217,settled,Kk2i_0019,unmatched,,"[-0.3428014306370549, -0.38046800862750096, -0.40789653833367195, -0.7558780904217424]","[-0.5018235153883598, -0.4981905130450499, -0.5017657988974188, -0.4982072411878551]","[481.78845732242326, 9.007237529129723, 9.94887653271225]",5.1500000000000545,100.0,0.0,"[50.0, 88.90541122949088, 88.9054112294909]",29
848,3006607485,settled,Kk2i_0024,unmatched,,"[-0.44749560199152477, -0.48362124840305704, -0.7378950366888786, -0.14618169899556457]","[-0.6532672181438591, -0.2706976144198304, -0.6532295725376036, -0.2706582140049257]","[481.93060315762864, 9.28682242643802, 9.280093587206597]",5.080000000000031,100.0,0.0,"[50.0, 88.95871582491789, 88.9587158249179]",27
849,2867213443,settled,Kk2i_0003,unmatched,,"[0.5874113053436852, 0.05635745471717812, -0.8002026813813683, 0.10699282388224654]","[0.7071109435286982, -6.508046527553546e-05, -0.7071025916573487, 0.00018487278902873383]","[482.29447574436495, 9.96199261173039, 9.687524630716153]",5.240000000000085,100.0,0.0,"[50.0, 86.67037238519296, 86.67037238519298]",31
850,2495832973,settled,Kk2i_0027,unmatched,,"[0.3262025162052073, -0.6578051041473078, 0.17771235512448658, -0.6552119368687124]","[0.20173885168957473, -0.6776640787693705, 0.20167752095163313, -0.6777897975091067]","[482.28931445824446, 10.471146239143495, 10.769072193468597]",5.350000000000121,100.0,0.0,"[50.0, 86.03312654526546, 86.03312654526547]",26
851,265160720,settled,Kk2i_0017,unmatched,,"[0.8435873026476047, -0.3709199350210046, -0.02365782574005351, -0.3875811810408313]","[0.5004194186043932, -0.4998207462034617, 0.49988081483354113, -0.4998787834161507]","[482.25797104111206, 9.697032641243078, 9.954191616720658]",5.520000000000178,100.0,0.0,"[50.0, 90.73878247505135, 90.73878247505137]",32
852,1758450250,unsettled,,not_evaluated,,"[0.9413323467127771, 0.30018672090032433, -0.15370639037251485, 0.01247762741785174]","[0.9930493491501862, -0.11769851659893614, 9.099833839359972e-05, 0.00020263786430757547]","[481.65564244947376, 10.200312310402964, 15.003783171457165]",5.290000000000101,100.0,0.0,"[50.0, 90.2095043967415, 90.20950439674151]",23
853,2129291007,settled,Kk2i_0018,unmatched,,"[-0.03753887711357162, 0.6384621255893187, 0.6921458417195642, 0.33450124167682416]","[-0.49975130571593934, 0.5001086712705942, 0.49991830675904037, 0.5002215868216289]","[481.91719717412417, 15.006752491897961, 9.696696944624753]",5.250000000000088,100.0,0.0,"[50.0, 90.12026251156898, 90.12026251156898]",25
854,3856770388,settled,Kk2i_0018,unmatched,,"[-0.25213650424446543, -0.701757853708884, -0.6657290505739787, -0.0277115356331983]","[0.500284384258773, -0.5000933352133137, -0.4995441720410082, -0.5000778050682796]","[482.2875789446483, 15.008953012042651, 9.694384138059897]",5.370000000000128,100.0,0.0,"[50.0, 90.04808663083361, 90.04808663083362]",24
855,1491966553,settled,Kk2i_0018,unmatched,,"[-0.6096693218837025, -0.4457254391332099, -0.5365245649855478, 0.37652827520711146]","[0.500054137218644, -0.5000591353924739, -0.4999217731360759, -0.49996494047636075]","[481.53365693879584, 15.00086136741739, 9.701573986745801]",5.490000000000168,100.0,0.0,"[50.0, 90.10940805841643, 90.10940805841645]",19
856,1018470395,settled,Kk2i_0020,unmatched,,"[0.4554128693224524, 0.3307092876332764, 0.45886088160517285, 0.6875152193668916]","[0.5482663645122855, 0.4463749902464155, 0.5482973130071285, 0.44668044301956755]","[481.7727269639243, 9.036174889378838, 9.749040762497225]",5.160000000000058,100.0,0.0,"[50.0, 87.53543601834922, 87.5354360183492]",31
857,752446852,settled,Kk2i_0007,unmatched,,"[-0.7753197505773834, -0.339162850235583, 0.5320819122821735, -0.02714192341829914]","[-0.6927925130716309, -0.1404543617845951, 0.6931609913734471, 0.140850793841413]","[482.04772451453584, 9.578247431031901, 10.811169760735535]",5.210000000000075,100.0,0.0,"[50.0, 88.91944133552563, 88.91944133552562]",31
858,3085755170,settled,Kk2i_0021,unmatched,,"[0.2870725734139959, 0.25024436237980596, -0.6767794375637842, -0.6300291180425219]","[0.39139684700544675, 0.5888904947151277, -0.39105497592173005, -0.5891455670674457]","[482.1247961095851, 9.078672530029221, 9.5839065520997]",5.300000000000105,100.0,0.0,"[50.0, 90.47105254803056, 90.47105254803057]",35
859,285489008,settled,Kk2i_0004,unmatched,,"[0.3494928370664176, -0.07694225131568626, 0.0618235084376707, -0.931725550044753]","[-8.75761194056579e-05, 4.1281474137011553e-05, 0.7071080615303691, -0.7071054942121628]","[482.0567261623467, 9.705664636851015, 15.003058195335033]",5.230000000000081,100.0,0.0,"[50.0, 90.63440476926226, 90.63440476926228]",28
860,3332121111,settled,Kk2i_0003,unmatched,,"[0.3402458092039916, 0.33697252244392834, -0.8027813352863759, 0.3552807849472308]","[0.7071294804812065, -8.860513203357014e-05, -0.7070840750149299, 2.9048076717663743e-05]","[481.7128792876569, 9.95617214141053, 9.690937069905926]",5.310000000000108,100.0,0.0,"[50.0, 90.9711347255523, 90.97113472555232]",43
861,4081109628,unsettled,,not_evaluated,,"[-0.12945047511210567, 0.16348273552005468, 0.7041245185904645, 0.6787669938939845]","[0.00011167572262638092, 0.00021165764109061774, -0.0003561057985759842, 0.9999999079591139]","[481.5406799733311, 9.951172025582323, 14.996182329928775]",5.160000000000058,100.0,0.0,"[50.0, 90.59047950650373, 90.59047950650374]",30
862,3384837160,unsettled,,not_evaluated,,"[0.2687275791925676, -0.16483984670014942, -0.14897767382090257, -0.9372400790747728]","[0.00011043961846984864, -0.00013806788649162185, 0.7074168000835402, -0.706796604193819]","[481.7142679435012, 9.703200232942256, 15.00249866739689]",5.270000000000095,100.0,0.0,"[50.0, 91.07852928257181, 91.0785292825718]",26
863,3022828123,unsettled,,not_evaluated,,"[0.3539696974690416, 0.8967636949489357, -0.13840987716161407, -0.22663414261605436]","[0.9842169370242446, 0.17696564013626104, 0.0004249542856683691, 4.999632652374908e-05]","[481.8199978794009, 9.650709084694697, 15.00094511231278]",5.350000000000121,100.0,0.0,"[50.0, 90.41755561009087, 90.41755561009089]",27
864,2197473996,settled,Kk2i_0007,unmatched,,"[-0.29618725117093264, 0.23096601621633117, 0.8837445268345094, 0.27914767218627]","[-0.6926940910949889, -0.14110084422386, 0.6931533372651476, 0.14072632646235697]","[482.17742449371144, 9.584025175881733, 10.813131873196006]",5.510000000000175,100.0,0.0,"[50.0, 90.98225891976311, 90.9822589197631]",42
865,2371567213,settled,Kk2i_0018,unmatched,,"[-0.8719734789042677, -0.21012196795995688, 0.2727863314750347, -0.3479922815647152]","[0.49992986830346936, 0.4998182284812477, -0.5001224377303259, 0.5001293957913484]","[481.79625086641477, 15.011169563744806, 9.693308799831609]",5.750000000000255,100.0,0.0,"[50.0, 90.36342451364945, 90.36342451364946]",27
866,292549026,settled,Kk2i_0018,unmatched,,"[-0.41240616483951276, -0.35153133331546, -0.1763722075237171, 0.8217297130523091]","[0.5003056853592158, -0.49967357777761806, -0.4998520116106556, -0.5001684749731246]","[482.1269985029182, 15.001301764929217, 9.70221679044322]",5.580000000000198,100.0,0.0,"[50.0, 90.68971954794827, 90.68971954794829]",22
867,94154559,settled,Kk2i_0022,unmatched,,"[-0.23853106088105577, -0.31041063527998763, -0.7544951487540574, -0.5267686788397972]","[-0.6240593214320199, -0.3326220153164612, -0.6241811145652693, -0.3321302372273278]","[482.0379482176307, 9.175919684220691, 9.420414023877997]",5.0300000000000145,100.0,0.0,"[50.0, 90.27330904364275, 90.27330904364277]",35
868,2674077932,unsettled,,not_evaluated,,"[0.24002683723339482, 0.1464301042618074, 0.022173247800655688, 0.9594027772815652]","[2.4032892621150825e-05, -0.00029815467142542407, -0.05497244386380768, 0.9984878271375434]","[482.0216217834686, 10.107713337237527, 14.997889889916884]",5.270000000000095,100.0,0.0,"[50.0, 90.98649554593364, 90.98649554593365]",31
869,616383569,unsettled,,not_evaluated,,"[-0.8750405999561124, -0.41172617187828964, 0.07875326495354029, -0.2420401435259313]","[-0.9761474232698701, 0.21710870461720055, -0.00013154883436644615, 3.343558621538012e-05]","[481.87637603449053, 10.39649184288637, 14.998310153811886]",5.140000000000051,100.0,0.0,"[50.0, 90.99434780818615, 90.99434780818616]",29
870,1209062005,settled,Kk2i_0018,unmatched,,"[0.701149044596514, -0.4604335593045607, 0.20497041658198253, 0.5043590814625407]","[-0.49993676376492835, -0.5000598086139567, 0.49996103379615253, -0.5000423829343924]","[481.9724135624714, 15.009473118576514, 9.697986846518205]",5.5900000000002015,100.0,0.0,"[50.0, 90.73324356292892, 90.73324356292893]",14
871,3023774950,settled,Kk2i_0021,unmatched,,"[0.35215076468575207, 0.07578336168804366, -0.4051888740909775, -0.8402789401950909]","[0.39108309628520066, 0.5892075499503499, -0.39112787673018173, -0.588988504918412]","[482.07995569336475, 9.077434861798341, 9.580642810444958]",5.380000000000131,100.0,0.0,"[50.0, 90.68120681686212, 90.6812068168621]",27
872,711993328,settled,Kk2i_0018,unmatched,,"[0.14145945968594764, -0.730383443588849, 0.6302754560840633, 0.22199571179344949]","[-0.5000862629394611, -0.49993453771670504, 0.4998568824374822, -0.5001222697472187]","[482.1204909588597, 15.010248103148923, 9.700340313491743]",5.400000000000138,100.0,0.0,"[50.0, 89.19728636394844, 89.19728636394845]",17
873,2494180298,settled,Kk2i_0017,unmatched,,"[0.5054583382569515, -0.6799397746818389, 0.34407924974820103, -0.4047261308401603]","[0.5002856297629852, -0.4996131127576577, 0.5002717186485162, -0.499829204562636]","[482.2731906834426, 9.7113090041353, 9.95510915274939]",5.430000000000148,100.0,0.0,"[50.0, 88.42354811871886, 88.42354811871887]",51
874,2540672877,settled,Kk2i_0005,unmatched,,"[0.776589373390443, -0.15424382296249706, 0.6104496590694767, -0.02165645300857539]","[0.7040473656192106, -0.06604047965021359, 0.7040051517078694, -0.06582331183554532]","[481.5777705269092, 10.131403639738474, 9.028960857225035]",5.240000000000085,100.0,0.0,"[50.0, 85.27843615110714, 85.27843615110713]",27
875,3729267110,settled,Kk2i_0016,unmatched,,"[-0.3886037083533229, -0.7035834699448852, 0.5934766828956262, 0.041747880587701035]","[-0.5442274193597947, -0.4518039630825487, 0.5438750078442671, 0.4515414386324689]","[481.99212221105694, 9.029328645864581, 10.121630472140973]",5.1800000000000646,100.0,0.0,"[50.0, 90.12672531017434, 90.12672531017435]",24
876,2245489004,settled,Kk2i_0018,unmatched,,"[-0.7698115704787045, -0.1622092770394392, 0.35841225589542, -0.5026121280106651]","[0.5002724465334495, 0.4998308535742306, -0.49993030164452557, 0.49996628941590315]","[481.55326005292153, 15.003529962817668, 9.691683351378247]",5.700000000000238,100.0,0.0,"[50.0, 90.72113715350808, 90.72113715350808]",16
877,732591320,settled,Kk2i_0018,unmatched,,"[0.5805538513683136, -0.32809511427750826, -0.26803236022996346, -0.6953196930320625]","[-0.49990231326715945, 0.49992018420514567, 0.5000656186172115, 0.5001118511807351]","[481.71713733275436, 15.003171571613574, 9.697483882782139]",5.750000000000255,100.0,0.0,"[50.0, 89.2891975510232, 89.28919755102321]",21
878,20080919,settled,Kk2i_0022,unmatched,,"[0.34744503420333317, 0.4507829125682593, 0.8124848224943764, -0.12627401617198783]","[0.6236548639215428, 0.3330649076524109, 0.6238680276740384, 0.3330331245440884]","[482.12866255446016, 9.16938002093376, 9.427326197406153]",5.1200000000000445,100.0,0.0,"[50.0, 90.61189078780897, 90.61189078780896]",28
879,1914700835,settled,Kk2i_0003,unmatched,,"[0.8827138027193332, -0.15349909388919725, -0.3389577734260767, 0.2869878020021166]","[0.707171173793103, 0.0002401180295237837, -0.7070423314870765, -0.00012159249974913466]","[482.2821364455444, 9.955480387612518, 9.68945789885197]",5.200000000000071,100.0,0.0,"[50.0, 90.23389757753448, 90.23389757753449]",34
880,910532442,settled,Kk2i_0004,unmatched,,"[-0.7578845855451424, 0.5991817817734482, 0.25731973936574776, 0.019460193128720063]","[-0.7068199657996935, 0.7073934709333932, 0.00010904021727964344, 3.657810274643181e-05]","[481.5877309021048, 9.702010986766064, 14.998537005875438]",5.330000000000115,100.0,0.0,"[50.0, 91.07199280401191, 91.07199280401193]",28
881,305688743,unsettled,,not_evaluated,,"[0.5088588775201294, -0.8379428703504597, 0.13612036932205998, 0.142778268141243]","[-0.9632975604106, -0.2684356582600258, -0.00017457622257356642, -0.00027749709116930976]","[482.2094141740566, 9.49537676722415, 15.001921282007713]",5.230000000000081,100.0,0.0,"[50.0, 90.04113928911443, 90.04113928911444]",25
882,3833901011,settled,Kk2i_0017,unmatched,,"[0.6658115689949964, -0.5720634512106734, -0.07775283095098386, -0.4726445383800201]","[0.5001023764114245, -0.49996381829660436, 0.5000366923919745, -0.4998970891729816]","[481.5331299462783, 9.698294111939024, 9.956550001394383]",5.500000000000171,100.0,0.0,"[50.0, 90.65159716624936, 90.65159716624933]",28
883,940842501,unsettled,,not_evaluated,,"[-0.15476270569017284, 0.261752323020326, -0.1287733230575111, 0.9439023559614871]","[6.883363161758195e-05, -9.196527266151779e-05, -0.31578846859037235, 0.9488296105780359]","[482.1516655592235, 10.554482794416574, 15.006049157956639]",5.380000000000131,100.0,0.0,"[50.0, 91.1585218883756, 91.15852188837559]",27
884,2720272236,settled,Kk2i_0004,unmatched,,"[-0.9339430194929941, 0.33644656385373783, -0.05642516677177487, -0.10663182717228038]","[-0.7070711198365852, 0.7071424118865428, -0.0001894118392294919, -7.019598046875686e-05]","[482.046523187794, 9.70386528872684, 14.997867458429933]",5.200000000000071,100.0,0.0,"[50.0, 89.49758177346091, 89.49758177346092]",19
885,2174765832,settled,Kk2i_0017,unmatched,,"[0.7584658715267024, -0.4700288327205854, 0.10017222663587377, -0.44019080311993675]","[0.4999308957197788, -0.500017861588993, 0.5001383237823939, -0.4999128870922692]","[482.1594293732614, 9.695632410115273, 9.961092200697463]",5.390000000000135,100.0,0.0,"[50.0, 89.91072187200847, 89.91072187200848]",36
886,1061608303,settled,Kk2i_0017,unmatched,,"[-0.4689307766989574, 0.36625135030648165, 0.7222223966399722, -0.35264526773346316]","[-0.499971146631898, 0.5000532368653604, 0.4999218785447459, -0.5000537253019453]","[482.2353164551902, 9.702567531802039, 9.95969317205418]",5.360000000000125,100.0,0.0,"[50.0, 87.04826900125295, 87.04826900125296]",32
887,3154141855,settled,Kk2i_0020,unmatched,,"[0.27090988559165213, 0.4422585803127909, -0.7396988208773515, -0.4287899677243961]","[0.44671841021044534, 0.5480958859560253, -0.4468311036609355, -0.5480652575909936]","[481.52287250290607, 9.026827386635391, 9.760171888855059]",5.220000000000078,100.0,0.0,"[50.0, 88.51157102552455, 88.51157102552456]",37
888,2921790412,settled,Kk2i_0022,unmatched,,"[0.3416504075113855, 0.18124356735981575, -0.5118659550465788, -0.7670847491654661]","[0.3326448410900248, 0.624045283345252, -0.3325673687840893, -0.6239501897193108]","[481.7059985530172, 9.169227930009368, 9.423272922055771]",5.330000000000115,100.0,0.0,"[50.0, 90.42406089009582, 90.42406089009583]",29
889,2154312058,settled,Kk2i_0018,unmatched,,"[0.7256893593025631, -0.20402254438647918, -0.37672815407176513, -0.5383545793496913]","[-0.499816948880964, 0.5000291158544341, 0.49999023602019443, 0.5001636380162268]","[482.2363986645532, 15.007004389989033, 9.687293179243069]",5.750000000000255,100.0,0.0,"[50.0, 90.1770878494062, 90.17708784940622]",21
890,3592569166,settled,Kk2i_0018,unmatched,,"[0.10273452874389172, -0.7756451790115862, -0.5748782509724327, -0.2394476340219959]","[0.4999112725778653, -0.5001759904449761, -0.49977641676904144, -0.5001362128195318]","[481.6562653582816, 15.000210688628853, 9.69611689603851]",5.280000000000098,100.0,0.0,"[50.0, 90.09580219432515, 90.09580219432516]",23
891,1454938154,settled,Kk2i_0003,unmatched,,"[-0.16718081934912513, 0.4446266140871033, -0.15011444180695008, 0.8670775063673264]","[0.00026392211682471634, 0.707024649662174, 0.000498897533402376, 0.7071886779470155]","[481.9768796451556, 9.959422324182318, 9.702844737258765]",5.130000000000048,100.0,0.0,"[50.0, 89.98260841880003, 89.98260841880004]",30
892,1296548187,settled,Kk2i_0018,unmatched,,"[0.31314276895349097, -0.5781882807260639, -0.5626663257674945, -0.5010454312040842]","[-0.4999378647573829, 0.500065939047848, 0.5001206894032788, 0.4998754685087195]","[482.1829390953962, 15.007171075608229, 9.701504916602977]",5.930000000000315,100.0,0.0,"[50.0, 89.62819934621774, 89.62819934621773]",18
893,4254865545,settled,Kk2i_0020,unmatched,,"[-0.5867148895206743, -0.6821284832765666, 0.3941724191729146, 0.18733519338588187]","[-0.4470133991274331, -0.5479074727767379, 0.4469882583582703, 0.5478849506655449]","[481.6248717979654, 9.035582786346888, 9.75904258881717]",5.140000000000051,100.0,0.0,"[50.0, 90.04518396743732, 90.04518396743734]",24
894,1038362872,settled,Kk2i_0018,unmatched,,"[0.4220587536149921, 0.2365411686124719, 0.34472372914068605, -0.8044129751662044]","[-0.49962104383338046, 0.5001795738038842, 0.499961209020944, 0.5002379393673817]","[481.57632339779013, 15.01164886678392, 9.687893649761907]",5.580000000000198,100.0,0.0,"[50.0, 91.06702634095787, 91.06702634095785]",25
895,2137408216,settled,Kk2i_0018,unmatched,,"[-0.15315413144856377, 0.9076297849365145, -0.3780756789344609, -0.09904931354925715]","[0.5001046447947022, 0.5000135647907412, -0.5000966017122511, 0.49978512206335074]","[481.78792889702873, 15.003889043840834, 9.698578604506382]",5.370000000000128,100.0,0.0,"[50.0, 90.62699449108473, 90.62699449108474]",16
896,2161823873,settled,Kk2i_0018,unmatched,,"[-0.5223970600271564, 0.3040328086274699, 0.5806908141981769, 0.5454021830346245]","[-0.5000504535458121, 0.49994821385455424, 0.4999274549414187, 0.5000738617125118]","[481.7586107685055, 14.99860357226726, 9.692785189938405]",5.1800000000000646,100.0,0.0,"[50.0, 90.09404586021115, 90.09404586021117]",18
897,611351195,settled,Kk2i_0005,unmatched,,"[-0.04573037853383769, 0.8616864055672583, 0.18915695116025852, -0.46864156747719876]","[-0.06581422083736413, 0.7039043568274684, 0.06603569959287683, -0.704149438084103]","[481.60989099617586, 10.118220851055856, 9.025768815789943]",5.140000000000051,100.0,0.0,"[50.0, 88.00892409057123, 88.00892409057124]",41
898,2763017489,settled,Kk2i_0030,unmatched,,"[-0.42473500215462706, 0.8115024029006092, -0.06368051566992698, -0.39624338474636855]","[0.002481215741078902, 0.7071547111201822, -0.0028239334342723137, -0.707048855107578]","[481.96995465635575, 9.949705441717782, 9.006727276938342]",5.1200000000000445,100.0,0.0,"[50.0, 89.56584081985169, 89.56584081985166]",28
899,2132063619,unsettled,,not_evaluated,,"[0.5955343919741106, 0.7230138530547521, -0.2696667085859822, 0.2233150746083904]","[0.9991703493318406, -0.040725044498912635, 0.00015471654945893416, -0.0002446005695975751]","[481.6242425035399, 10.069736600240937, 14.998425813634691]",5.240000000000085,100.0,0.0,"[50.0, 90.88014904819704, 90.88014904819705]",35
900,1360639973,unsettled,,not_evaluated,,"[-0.1489656769715508, -0.1288165080424097, 0.7582996753381918, 0.621447613819669]","[2.7022652284602877e-05, 0.00041802228577830086, -0.1090754759965046, 0.9940333822680609]","[482.2407824276655, 10.179291601803868, 14.998259904395097]",5.040000000000018,100.0,0.0,"[50.0, 90.45815585490642, 90.45815585490641]",22
901,1669509337,settled,Kk2i_0004,unmatched,,"[-0.015275918508966315, 0.1874018656583203, -0.11433169238248563, 0.9754872890911727]","[0.00031188719150185285, -0.00034260428315072144, -0.7072033768560929, 0.7070100205174068]","[481.85361223296843, 9.703814813869716, 15.01088674436691]",5.300000000000105,100.0,0.0,"[50.0, 90.51395299792769, 90.51395299792767]",26
902,582273668,settled,Kk2i_0022,unmatched,,"[-0.006376614660577938, 0.509344379935385, -0.8209002523185972, -0.258167420789247]","[0.3331903921907887, 0.6238537755960339, -0.33305612811254415, -0.6235898048821856]","[482.2870053647002, 9.172416222362447, 9.421241652713299]",5.210000000000075,100.0,0.0,"[50.0, 90.34046384590376, 90.34046384590377]",34
903,680248275,settled,Kk2i_0003,unmatched,,"[0.06401976516295559, -0.8705445669058692, -0.015573167883228054, -0.4876587978712505]","[-0.00016294486899093297, -0.7072024513163437, -0.0001260721159353495, -0.7070110680936657]","[481.91373112309645, 9.954282740435318, 9.697920234123005]",5.330000000000115,100.0,0.0,"[50.0, 88.99416970389808, 88.9941697038981]",34
904,2896868767,settled,Kk2i_0003,unmatched,,"[-0.08519660861891312, 0.3927029312463917, 0.12431391456233111, 0.9072331543305265]","[-0.00023739535847180918, 0.7070055209145247, 0.00039060651726649526, 0.7072078792451157]","[481.77033469531534, 9.956470319349599, 9.685716894648474]",5.220000000000078,100.0,0.0,"[50.0, 90.25836592872813, 90.25836592872814]",34
905,3134066944,settled,Kk2i_0021,unmatched,,"[0.37534820722239215, 0.6025807220421286, -0.4933938528436443, -0.5025661177737984]","[0.39077580177860294, 0.5893075236739649, -0.3907983197220789, -0.5893111135791937]","[482.0065815038181, 9.087834855674842, 9.576376642237289]",5.160000000000058,100.0,0.0,"[50.0, 84.81814597042496, 84.81814597042495]",37
906,405083464,settled,Kk2i_0015,unmatched,,"[0.25971912770264904, -0.31468704929943936, -0.8472140700697216, -0.34021516013323705]","[0.5854473431357957, 0.3966261001057131, -0.5853013257411747, -0.3966881687368482]","[481.6794276037998, 9.078809586466866, 10.297836333066101]",5.470000000000161,100.0,0.0,"[50.0, 90.78695001752808, 90.7869500175281]",32
907,897742626,unsettled,,not_evaluated,,"[0.626555782251434, 0.7589459830048849, -0.1386752386173409, -0.11044466851082534]","[0.9962436460661006, 0.08659357253898228, 3.7732714604769846e-05, -0.00038658000505081835]","[481.7368452555497, 9.806883982804253, 15.005245076671471]",5.280000000000098,100.0,0.0,"[50.0, 90.25419416337952, 90.25419416337951]",29
908,480836371,settled,Kk2i_0015,unmatched,,"[-0.39743928281978835, -0.8706917564322766, -0.2664878160766326, -0.113675527864515]","[-0.39644076828223473, -0.5856650450628786, -0.39642378697942443, -0.5853882073907707]","[481.5274849840023, 9.075267381860959, 10.305868694837596]",5.270000000000095,100.0,0.0,"[50.0, 90.70699737273716, 90.70699737273718]",28
909,4082109974,settled,Kk2i_0018,unmatched,,"[-0.35956502737734314, -0.6791764426160904, -0.41884548866301663, 0.48373629955702296]","[0.5000174333242117, -0.5001027122171602, -0.4998508637519456, -0.5000289567728473]","[482.0716904259899, 15.011133799350622, 9.696833894333738]",5.510000000000175,100.0,0.0,"[50.0, 90.36039512278613, 90.36039512278612]",17
910,163555050,unsettled,,not_evaluated,,"[-0.08549674306774306, -0.25654355067407436, -0.9235012688874048, -0.2720682265456595]","[-4.906620615680036e-05, -2.2708302198422296e-05, -0.09609648264245467, -0.9953720224622495]","[481.80864587006505, 9.773727242612047, 15.001742941287501]",5.260000000000091,100.0,0.0,"[50.0, 90.69324821236263, 90.69324821236262]",29
911,3400140363,settled,Kk2i_0026,unmatched,,"[0.298407216867827, 0.6810207916951393, -0.18813418040157473, -0.6416925621859357]","[0.2052110006543512, 0.6768105168103886, -0.20510124379474967, -0.6765718360522712]","[482.00337974759265, 9.42991221148861, 9.157357902461927]",5.160000000000058,100.0,0.0,"[50.0, 83.91435894439499, 83.914358944395]",28
912,3646276102,unsettled,,not_evaluated,,"[0.1578073356304914, -0.029444688123654007, -0.8111580053567837, 0.5623633571883132]","[-0.0001364897343653637, -2.5500742310252678e-05, -0.18015066355372517, -0.9836390187164279]","[481.69400309173506, 9.649037882327862, 14.999106374300304]",5.110000000000041,100.0,0.0,"[50.0, 90.30517481311331, 90.3051748131133]",21
913,3701323139,unsettled,,not_evaluated,,"[0.43512701954760485, -0.8749978402768437, 0.017281183183099957, 0.21152923457118053]","[-0.9740430639776245, -0.22636274239714993, 0.00013289387515799667, 2.6659721011845772e-05]","[481.70519140073463, 9.580447170364605, 14.996029710892046]",5.290000000000101,100.0,0.0,"[50.0, 90.12620801933983, 90.12620801933984]",27
914,1849545706,unsettled,,not_evaluated,,"[-0.1443496569257474, -0.07006434235886033, -0.13212818355624098, -0.9781596534233906]","[0.00019706334536317982, 0.00028002395665764623, 0.14949446770638128, -0.9887625027668714]","[481.96112686531177, 10.270778708367676, 14.995281954326227]",5.280000000000098,100.0,0.0,"[50.0, 90.19791729672762, 90.19791729672764]",32
915,3498837148,settled,Kk2i_0016,unmatched,,"[-0.5578877223062083, -0.13152919957495132, 0.7954835629912004, 0.19663992465923258]","[-0.5441022159413093, -0.45156674758965765, 0.5439286802355713, 0.4518648491487748]","[481.7780546596091, 9.028011359780558, 10.132532181634561]",5.220000000000078,100.0,0.0,"[50.0, 88.03646284040157, 88.03646284040158]",40
916,1014845009,settled,Kk2i_0024,unmatched,,"[-0.745802360550032, -0.5147483048332637, -0.3726324374151737, -0.19989519317709512]","[-0.6533577554437981, -0.27052323690456975, -0.6532328603468812, -0.27060608245039186]","[481.8344781344398, 9.274387118004356, 9.28164081362703]",5.220000000000078,100.0,0.0,"[50.0, 89.67619826346287, 89.67619826346285]",39
917,2482104573,settled,Kk2i_0023,unmatched,,"[0.3913632031713356, -0.4132908864732887, 0.05822251723444586, -0.8201436611036385]","[0.3301719964250428, -0.6254131158215447, 0.329874887831736, -0.6253218736883336]","[481.74741360057703, 10.737228876776593, 10.503165231478457]",5.190000000000068,100.0,0.0,"[50.0, 90.04280796207057, 90.04280796207058]",36
918,3315867884,settled,Kk2i_0030,unmatched,,"[-0.1839291797226305, -0.6204871287494828, -0.28946619847613464, 0.7052482540514071]","[-0.0027297123506688785, -0.7070952493945355, 0.0027282969577373532, 0.7071077805751206]","[482.12769528561387, 9.943106743151748, 9.009018994057872]",5.260000000000091,100.0,0.0,"[50.0, 90.00682597641838, 90.0068259764184]",24
919,3442982133,settled,Kk2i_0008,unmatched,,"[0.23981023435833115, -0.548473364990924, -0.29699985204060114, 0.7439483229905124]","[0.2012994820907654, -0.6777634427282643, -0.2017287064887358, 0.6778058447590298]","[482.26096501970625, 10.468409823928814, 9.164769586820585]",5.240000000000085,100.0,0.0,"[50.0, 85.87582511772905, 85.87582511772904]",28
920,1199431505,settled,Kk2i_0009,unmatched,,"[-0.8158875984840971, -0.2102551437771241, 0.5335186587691745, 0.07401379533745744]","[-0.6747737721974426, -0.21105172933674052, 0.6750974180959242, 0.21066798517720273]","[482.14803448348107, 9.421419137017995, 10.732498889740702]",5.100000000000038,100.0,0.0,"[50.0, 88.8195471107888, 88.81954711078882]",42
921,632241106,settled,Kk2i_0017,unmatched,,"[0.3439409857046222, -0.642522102943294, 0.42830294546408776, -0.5342532475227891]","[0.5002119075217718, -0.4997407266780772, 0.4998525982481748, -0.5001945958297098]","[482.31848716062893, 9.698777750483046, 9.95624181623613]",5.320000000000111,100.0,0.0,"[50.0, 86.09878066517145, 86.09878066517147]",36
922,2435629658,unsettled,,not_evaluated,,"[0.06889857665360942, -0.9502832120531101, 0.29954207769895674, 0.04989335339424206]","[-0.9958385074998192, -0.09113512082326992, -0.0002033917643219849, -0.00012395503610929118]","[482.34320331715645, 9.797882284671767, 15.002998752508892]",5.250000000000088,100.0,0.0,"[50.0, 90.58982123863223, 90.58982123863224]",35
923,532196825,settled,Kk2i_0021,unmatched,,"[-0.6950144125489437, -0.5621898949957045, 0.04051416346358294, 0.446381104968402]","[-0.39129471376392033, -0.5889045310687241, 0.3913393405110143, 0.589010543908632]","[482.26422387403755, 9.082624578553807, 9.580874387870363]",5.100000000000038,100.0,0.0,"[50.0, 89.23994534437895, 89.23994534437894]",34
924,1237745114,settled,Kk2i_0018,unmatched,,"[0.5054962235886736, -0.15892594248449782, 0.059291712564358896, -0.8459909015847566]","[-0.5003098066765526, 0.4998040505923652, 0.4995594812039694, 0.5003262266701156]","[482.3042097027402, 15.010695768527212, 9.705241016618775]",5.690000000000235,100.0,0.0,"[50.0, 90.98469509412895, 90.98469509412895]",12
925,3654135522,settled,Kk2i_0018,unmatched,,"[-0.17188747446428582, -0.802046862922551, -0.5512943459664053, 0.15247973604337633]","[0.5000247690137354, -0.5000489191303087, -0.49985099618747136, -0.5000752847919634]","[481.54921162208444, 15.012067613936777, 9.699151768910479]",5.410000000000141,100.0,0.0,"[50.0, 90.15966983233831, 90.15966983233832]",20
926,2381318096,settled,Kk2i_0015,unmatched,,"[-0.5170317207267107, -0.3574316863165864, 0.7774632856296821, -0.021717018146083986]","[-0.5853753491974407, -0.39657720722029915, 0.5854813356677541, 0.3965776403808278]","[481.53352369375455, 9.082915551585579, 10.304734068647978]",5.280000000000098,100.0,0.0,"[50.0, 89.20286285899083, 89.20286285899081]",33
927,4252327569,settled,Kk2i_0005,unmatched,,"[-0.5938434617044568, 0.29873492790902884, -0.7069009853476849, -0.24165757333989488]","[-0.7041093433890478, 0.06594093121688813, -0.703953651514626, 0.06581096156202323]","[482.20667585909104, 10.117830392270836, 9.023268751747278]",5.200000000000071,100.0,0.0,"[50.0, 90.39458305057455, 90.39458305057454]",24
928,448373238,settled,Kk2i_0018,unmatched,,"[0.7884541013488514, -0.40302143424833886, 0.28563962431868045, 0.36650219456596705]","[-0.5000117952989404, -0.49988503545430424, 0.5000644490585829, -0.5000387011807342]","[481.7368951557637, 15.005118227752819, 9.692708719467367]",5.550000000000188,100.0,0.0,"[50.0, 91.11600495125474, 91.11600495125475]",17
929,4163985961,settled,Kk2i_0016,unmatched,,"[-0.20818845328680213, -0.43720394741641244, -0.3935430195887992, -0.7814308465977562]","[-0.45139154957194105, -0.5442540755367327, -0.451283212564534, -0.5444048422765285]","[482.26801317033244, 9.030551974631315, 10.124742209354414]",5.1200000000000445,100.0,0.0,"[50.0, 89.64139177625425, 89.64139177625424]",43
930,1782478245,unsettled,,not_evaluated,,"[0.982926824091041, -0.15458372000973902, -0.09896879710297664, 0.012802702458472474]","[0.7933688689467908, -0.6087411541249805, -0.00010119063654642768, 0.00018660421198740673]","[482.2915833308683, 10.622613168058198, 15.00749157613196]",5.250000000000088,100.0,0.0,"[50.0, 89.53046286562346, 89.53046286562348]",31
931,1354485428,settled,Kk2i_0017,unmatched,,"[0.6252493974171248, -0.5377268504911364, 0.15699341782723672, -0.543383926933184]","[0.4998553166480126, -0.4999351264628974, 0.5001344385678539, -0.5000750694702342]","[481.6929598937195, 9.698051662149647, 9.9495483893554]",5.440000000000151,100.0,0.0,"[50.0, 89.36436518297616, 89.36436518297614]",36
932,1539041800,settled,Kk2i_0018,unmatched,,"[0.5189080859766876, -0.3427938742346433, 0.5790952658656788, 0.5271389106745705]","[-0.5000787687302647, -0.4998866406650611, 0.5001944287189299, -0.499840079453785]","[481.9102559039289, 14.998826199708548, 9.68879774571451]",5.520000000000178,100.0,0.0,"[50.0, 89.92712803927067, 89.92712803927066]",12
933,4907026,settled,Kk2i_0018,unmatched,,"[0.8033477739737046, -0.29541706437491144, -0.23093159359111526, -0.4626356138572464]","[-0.4997106037496632, 0.5000536396788168, 0.5003003115492615, 0.4999352640170799]","[481.8386362236407, 14.998276173979049, 9.686702779715127]",5.780000000000265,100.0,0.0,"[50.0, 90.88794625044568, 90.88794625044567]",20
934,3726456469,settled,Kk2i_0018,unmatched,,"[0.5807768950428274, -0.04906896716112144, -0.23937648823391416, -0.776523876984444]","[-0.49983751357827694, 0.49997997582647813, 0.4997525835766121, 0.5004296543980398]","[482.16382683154717, 15.028080768093997, 9.702901666898832]",5.700000000000238,100.0,0.0,"[50.0, 90.06585336606577, 90.06585336606575]",22
935,2047942954,settled,Kk2i_0017,unmatched,,"[-0.28294765020971263, -0.1436882472102388, 0.5005332941519883, -0.8054568494337921]","[-0.49987001164385747, 0.5000419351379972, 0.49967383721197933, -0.5004139196390056]","[482.0869056118956, 9.699426427954306, 9.955298402850667]",5.500000000000171,100.0,0.0,"[50.0, 91.1918879158968, 91.19188791589681]",37
936,4254301963,settled,Kk2i_0004,unmatched,,"[0.3038722453484271, -0.025687035362984778, 0.16983128235100062, -0.9371014727638521]","[-0.0005344134877562912, 0.0005815684248541564, 0.7072821097830678, -0.7069309678895133]","[481.68881541879813, 9.703832141455443, 15.005100233100332]",5.270000000000095,100.0,0.0,"[50.0, 90.67671590910561, 90.67671590910562]",22
937,1459226125,settled,Kk2i_0016,unmatched,,"[0.4604083854515282, 0.5448114214671944, -0.6943530242693504, -0.09528122235162023]","[0.5443223330497864, 0.4512772661894262, -0.5443791155542939, -0.45134621446530404]","[482.2608284662946, 9.022262726085044, 10.130270066826128]",5.170000000000061,100.0,0.0,"[50.0, 89.5619874774385, 89.56198747743852]",27
938,1841421639,settled,Kk2i_0015,unmatched,,"[0.7090456664466742, 0.46634607542200573, -0.4944423411910551, -0.18788920157686734]","[0.5857359929476159, 0.39604781941159467, -0.5857084380477273, -0.3962386867844725]","[481.58637641753177, 9.084309570258384, 10.299192390142933]",5.1200000000000445,100.0,0.0,"[50.0, 88.78334199536445, 88.78334199536445]",28
939,3160233957,settled,Kk2i_0024,unmatched,,"[0.3129738432553121, 0.8901846929444, 0.08598840649996693, -0.3197257885017726]","[0.27057875661362385, 0.6533700910469439, -0.27039008938942427, -0.6532869661601345]","[481.67360161329276, 9.280917052760929, 9.28119298726561]",5.050000000000021,100.0,0.0,"[50.0, 90.07776064399141, 90.07776064399143]",43
940,3176744478,settled,Kk2i_0028,unmatched,,"[0.9411517485950612, -0.005105745018358934, 0.06893140360805404, 0.3308410178331731]","[0.6932486100052786, 0.1395293055552873, 0.6931078950866493, 0.13978334444977003]","[482.27078945281824, 9.582804472484181, 9.084483813642082]",5.420000000000145,100.0,0.0,"[50.0, 90.49329416954421, 90.49329416954423]",31
941,1176149115,settled,Kk2i_0018,unmatched,,"[0.21298006003399966, 0.68283184635136, 0.45358883626869745, -0.5316364653113214]","[-0.49990294414723635, 0.5002233729310221, 0.49982943182911466, 0.5000441607336509]","[482.09777152238877, 15.008910903504244, 9.688680511082174]",5.510000000000175,100.0,0.0,"[50.0, 90.89592715758248, 90.89592715758249]",26
942,1821676408,settled,Kk2i_0018,unmatched,,"[-0.4913145553095996, 0.46595232564875577, -0.7080044099470261, -0.20056967233111198]","[0.5000084573006914, 0.49985303346791526, -0.500022749563368, 0.5001157240877311]","[482.2131519252007, 14.9994667333782, 9.703210821235672]",5.460000000000158,100.0,0.0,"[50.0, 90.87480195226803, 90.87480195226804]",19
943,3127130715,settled,Kk2i_0015,unmatched,,"[-0.198134299826156, -0.8317782014430749, -0.12616575606531844, -0.5029612557970933]","[-0.3968087206624601, -0.5853452431389159, -0.3967038476514761, -0.585269034546831]","[482.02622559487753, 9.08620845581516, 10.300646559073867]",5.320000000000111,100.0,0.0,"[50.0, 89.2550780291608, 89.25507802916081]",21
944,945943334,settled,Kk2i_0005,unmatched,,"[0.10215366597241832, -0.5032207212506908, 0.015334375666051182, 0.8579617655555885]","[0.06569730885310619, -0.704060923452818, -0.06586307675521323, 0.7040199818162561]","[481.98270444068214, 10.12311287124124, 9.027748057827006]",5.290000000000101,100.0,0.0,"[50.0, 87.75929893186225, 87.75929893186226]",23
945,1696026980,settled,Kk2i_0003,unmatched,,"[-0.41595288256800134, 0.11589643483537436, 0.8825609318024368, 0.1861113041484448]","[-0.7070602150627102, -0.00037015956985073095, 0.7071531921877587, 0.00027934929688858134]","[481.8186026490562, 9.963472559999218, 9.69735262557741]",5.370000000000128,100.0,0.0,"[50.0, 89.89728224992245, 89.89728224992244]",41
946,517407065,settled,Kk2i_0005,unmatched,,"[0.7637132916041776, -0.009298409402024383, 0.35026757211793114, -0.5421883212798986]","[0.704021167223453, -0.06607257128827912, 0.7039950027886505, -0.06617890504753193]","[482.1368482213173, 10.134946815089064, 9.025567756008494]",5.290000000000101,100.0,0.0,"[50.0, 91.08691891876897, 91.08691891876896]",28
947,2860701354,settled,Kk2i_0004,unmatched,,"[-0.8367152485523688, 0.5350335570810564, 5.9400040692597696e-05, 0.11681901432889721]","[-0.7071758301873522, 0.7070376755041996, 0.00026287794557558475, -3.887972544919238e-05]","[482.25794281981985, 9.69744575234987, 15.000361896686858]",5.1800000000000646,100.0,0.0,"[50.0, 89.73099163657704, 89.73099163657706]",20
948,2049044537,settled,Kk2i_0018,unmatched,,"[0.0987533718354664, -0.901992500056389, 0.3962240127370742, 0.14022779012621636]","[-0.5000575544448652, -0.5001252481856945, 0.49988591939132393, -0.4999312412363417]","[482.1803371660932, 15.002125269994576, 9.69252920090699]",5.370000000000128,100.0,0.0,"[50.0, 90.60972224991443, 90.60972224991444]",19
949,3277919375,unsettled,,not_evaluated,,"[-0.9358033684590618, -0.33506737411673654, 0.0347045930592444, -0.10391102734445888]","[-0.9865880229979418, 0.16322990093528708, 1.888654405166057e-05, -0.0002682554147807048]","[481.71738217309286, 10.292849382893325, 15.001789827483433]",5.220000000000078,100.0,0.0,"[50.0, 89.65609621647218, 89.65609621647219]",31
950,3767874527,settled,Kk2i_0018,unmatched,,"[0.29572191510327905, -0.5850125236040742, -0.7368775949800176, -0.1652885542634663]","[0.4997937742113196, -0.5001462010678183, -0.4998590364915367, -0.5002008641083967]","[482.09885520123976, 15.001538838395462, 9.695401902879333]",5.230000000000081,100.0,0.0,"[50.0, 89.99801646462934, 89.99801646462936]",32
951,2604283791,settled,Kk2i_0024,unmatched,,"[-0.7630191667262589, -0.17467652330325062, -0.5594042469053924, -0.2726843449104938]","[-0.6533246398871211, -0.2705222210508201, -0.6531829440598799, -0.27080746744387]","[482.3911545628441, 9.281640719760459, 9.280093531389056]",5.170000000000061,100.0,0.0,"[50.0, 85.21112850296477, 85.21112850296475]",31
952,1406294563,unsettled,,not_evaluated,,"[-0.15589463678544954, -0.12868922420085716, 0.17568740712833444, 0.963467633484715]","[3.0180562299586548e-05, -0.00015914764409805107, -0.7071315107938656, 0.707082032160022]","[481.82843085128377, 9.700350384461455, 14.997606384515587]",5.160000000000058,100.0,0.0,"[50.0, 90.26064369149812, 90.26064369149813]",34
953,44424466,settled,Kk2i_0017,unmatched,,"[0.3941199706189341, -0.3608479463958368, -0.7637214424601282, 0.3621985183126224]","[0.4997891412254073, -0.5003880278061758, -0.5000467754815967, 0.49977580800982513]","[481.7751099467114, 9.689979520825357, 9.952471124665738]",5.410000000000141,100.0,0.0,"[50.0, 88.4619459326735, 88.46194593267349]",36
954,1713030523,settled,Kk2i_0004,unmatched,,"[-0.965612442120421, 0.16876771383453884, -0.1626224548640008, 0.11253447277748073]","[-0.7072696321321316, 0.7069438888698448, -4.2229851330011225e-06, 7.372534221800064e-05]","[481.5593681371501, 9.707750269836318, 15.003727667434635]",5.110000000000041,100.0,0.0,"[50.0, 90.13515770664999, 90.13515770665]",28
955,539293064,settled,Kk2i_0024,unmatched,,"[0.3601778551839492, -0.09994546774870804, 0.7619420111283524, 0.5288924160821971]","[0.6531592695753267, 0.27086330305400436, 0.653177119152862, 0.2708794762282079]","[481.80539031310826, 9.295862624174282, 9.28436456610623]",5.080000000000031,100.0,0.0,"[50.0, 89.82556285743095, 89.82556285743097]",36
956,409549919,settled,Kk2i_0028,unmatched,,"[-0.12781638378808588, 0.7504596205993281, -0.34172492240734204, -0.5510874769861365]","[0.13976477814423924, 0.6932420056252518, -0.1400633073037224, -0.6930105326574143]","[481.81463116255435, 9.588619099384612, 9.080162564857558]",5.170000000000061,100.0,0.0,"[50.0, 89.89754078062252, 89.89754078062253]",20
957,1998402436,settled,Kk2i_0003,unmatched,,"[0.04250734306132721, -0.9165292873697363, -0.17463643493482933, -0.3573084196777952]","[-0.00011589002044570806, -0.7070847687368399, 5.571497889747534e-05, -0.7071287812596189]","[482.05620314092255, 9.97004046849915, 9.690741964932942]",5.310000000000108,100.0,0.0,"[50.0, 90.86468794120879, 90.86468794120877]",32
958,1646097515,settled,Kk2i_0018,unmatched,,"[-0.2630617164172866, 0.5050333130958403, 0.785657284547487, 0.24183158862418952]","[-0.4999098108616208, 0.49998968906251273, 0.5000659214504437, 0.5000345648446605]","[481.60474087844904, 15.005131790963619, 9.697932150082915]",5.250000000000088,100.0,0.0,"[50.0, 90.31458088669523, 90.31458088669521]",21
959,339018233,settled,Kk2i_0018,unmatched,,"[0.6029047267049746, 0.6862009194018124, -0.308242769892203, 0.26574533587269156]","[0.5003071786077522, 0.4995791674901864, -0.5003806673389, 0.4997324986398625]","[481.76649113087524, 15.005876233496696, 9.704071509279176]",5.210000000000075,100.0,0.0,"[50.0, 90.38036792792799, 90.380367927928]",22
960,4191144452,settled,Kk2i_0006,unmatched,,"[-0.8802459513021449, -0.08330896156144689, -0.16608516754831343, 0.4366261550344685]","[-0.6942861893182333, 0.13412910340045955, -0.6942855769694188, 0.1339537552859059]","[482.27017413239776, 10.302571992848803, 9.075409778699925]",5.360000000000125,100.0,0.0,"[50.0, 90.67730151556971, 90.67730151556972]",36
961,2181600747,unsettled,,not_evaluated,,"[0.9275709258668005, 0.08697132850709806, -0.32813304736827575, -0.15613093456815608]","[0.9791913417616166, -0.20293917496800612, -2.9417383724666957e-06, 8.645077291935532e-05]","[481.8649759425018, 10.355668468686641, 14.989111300662488]",5.410000000000141,100.0,0.0,"[50.0, 91.0683105704114, 91.06831057041141]",28
962,3323234542,unsettled,,not_evaluated,,"[-0.08017064571695091, -0.3550445554208694, -0.9142289434921265, -0.17804906658726002]","[-9.717247534618556e-05, -0.00019941845412481396, -0.10958391007388005, -0.9939775236104236]","[482.00882676534695, 9.759093948708912, 14.994891229731412]",5.220000000000078,100.0,0.0,"[50.0, 90.4775342720732, 90.47753427207321]",33
963,1792986731,settled,Kk2i_0022,unmatched,,"[-0.5692068889460848, -0.6151083552423721, 0.2128356235893417, 0.5023407471215919]","[-0.33212122373787856, -0.6243696952972095, 0.332237644380889, 0.6240802224021857]","[481.817844425018, 9.177629052183985, 9.422875289245912]",5.1200000000000445,100.0,0.0,"[50.0, 87.54473772710003, 87.54473772710004]",30
964,3396828661,settled,Kk2i_0010,unmatched,,"[-0.4385289352711518, 0.5485884905873648, -0.7022745891188045, 0.11641925271638232]","[-0.6552660442980461, 0.26598749307701336, -0.6550633885112572, 0.2660244758452628]","[482.14890546931747, 10.610956751844299, 9.28283703070291]",5.260000000000091,100.0,0.0,"[50.0, 90.78530427020544, 90.78530427020546]",34
965,2901089897,settled,Kk2i_0019,unmatched,,"[0.4190709948200383, 0.3272250406963257, 0.28175293110921773, 0.7986980404716139]","[0.5022747686837202, 0.497853311271602, 0.5018413785413, 0.4980134214892049]","[481.9789096111363, 9.008289773446622, 9.942004710773995]",5.130000000000048,100.0,0.0,"[50.0, 88.50081842405329, 88.50081842405328]",28
966,1777789208,settled,Kk2i_0018,unmatched,,"[0.6411688332735277, -0.4390430396314748, 0.5150426975449305, 0.3617661624522945]","[-0.5000724581042804, -0.5000370305115581, 0.4999294334615967, -0.4999610648055435]","[481.5168943136332, 15.00003928397647, 9.698826158375466]",5.480000000000165,100.0,0.0,"[50.0, 90.64133736136552, 90.6413373613655]",28
967,4293855749,settled,Kk2i_0028,unmatched,,"[0.5166972535183565, 0.6321968208504625, 0.5736405816836968, -0.06547985154798126]","[0.6933197804498745, 0.13939783817272713, 0.6932043035254398, 0.139081696579809]","[481.71228081192936, 9.583615384816438, 9.066967892266902]",5.200000000000071,100.0,0.0,"[50.0, 90.14696728437141, 90.14696728437143]",39
968,2977016398,settled,Kk2i_0005,unmatched,,"[-0.7697554513004683, 0.271934197101798, -0.5773849482776028, -0.012448258604438496]","[-0.7039807706040909, 0.06559556412496918, -0.704109625996412, 0.06586297264768913]","[482.2616776676333, 10.133122370663775, 9.02240722083245]",5.230000000000081,100.0,0.0,"[50.0, 87.51433042943539, 87.51433042943538]",27
969,3277550680,settled,Kk2i_0017,unmatched,,"[0.8795958511380817, -0.404251198907489, 0.18305854803349653, -0.17141083639723378]","[0.5001139801806247, -0.49983259342987013, 0.4998634763199615, -0.5001898543697058]","[481.59954617681376, 9.693190752099632, 9.960607507700585]",5.430000000000148,100.0,0.0,"[50.0, 90.48733265666972, 90.48733265666971]",38
970,3168146097,settled,Kk2i_0025,unmatched,,"[0.4713364866275963, -0.5102437468845695, 0.132809033664927, -0.707004240238867]","[0.26685219385220665, -0.6548220244578221, 0.26653555956804603, -0.654947950914401]","[482.3413077309476, 10.614052484040126, 10.646331148197957]",5.300000000000105,100.0,0.0,"[50.0, 89.77680801613192, 89.77680801613191]",32
971,2312136952,unsettled,,not_evaluated,,"[-0.238977339792555, -0.18809170192532146, -0.5365157169026477, -0.7871862729042902]","[-4.43584084970361e-05, 4.061273853370185e-06, 0.10136299570075046, -0.9948495067689421]","[482.0877701117947, 10.16647091347108, 14.99944231102955]",5.370000000000128,100.0,0.0,"[50.0, 90.76675201007407, 90.76675201007409]",24
972,4119843294,settled,Kk2i_0021,unmatched,,"[-0.6782363959592157, -0.6128690115579294, 0.3186176021708939, 0.25073848818067446]","[-0.3892468128604843, -0.5903561780436583, 0.3894688633206143, 0.5901529515535682]","[481.93783513356317, 9.093888572463591, 9.580859733753002]",5.0900000000000345,100.0,0.0,"[50.0, 90.28622372784106, 90.28622372784108]",43
973,356519578,settled,Kk2i_0003,unmatched,,"[0.2643802208224408, 0.477257519620779, -0.3229105049716565, 0.7733415575166313]","[0.00020307232493574356, 0.7070980180005407, 0.0001407720971272619, 0.7071155010919747]","[481.9481452513717, 9.968556791463145, 9.697893859011991]",5.310000000000108,100.0,0.0,"[50.0, 90.6502193307388, 90.65021933073882]",28
974,1943136294,settled,Kk2i_0029,unmatched,,"[-0.3629926831460144, 0.45628115459666085, -0.28675605289603895, -0.7601412934908084]","[0.07104155524762387, 0.7033937110772919, -0.0712847209507815, -0.7036397325363906]","[481.6510163255993, 9.768418272084501, 9.025014907131217]",5.300000000000105,100.0,0.0,"[50.0, 90.61327442410209, 90.61327442410209]",31
975,3565683129,unsettled,,not_evaluated,,"[-0.547998248022544, -0.8120182559963203, 0.16486811997466025, -0.1146419430615943]","[-0.9949324539170764, -0.10054541994938453, -0.00013978183598241378, -0.00010550253517854769]","[482.26180683484125, 9.766195263859737, 14.999017897465686]",5.200000000000071,100.0,0.0,"[50.0, 90.74714264505575, 90.74714264505573]",36
976,1751546072,settled,Kk2i_0017,unmatched,,"[-0.3280221644267384, 0.36617063802881317, 0.7613309747857608, -0.42272410662527027]","[-0.5000791516801846, 0.49987304850345243, 0.5000701136941669, -0.49997765832544483]","[481.9570371570299, 9.698677512031306, 9.960319811746302]",5.440000000000151,100.0,0.0,"[50.0, 89.18669642247217, 89.18669642247215]",42
977,1397927952,settled,Kk2i_0030,unmatched,,"[0.904925349199759, -0.2134010861924796, 0.2823914184143395, 0.23627351860397244]","[0.7070750250506416, 0.0031595821210062547, 0.7071256705107684, 0.002865675339506185]","[481.9516292167966, 9.947208996613275, 9.003990756567289]",5.430000000000148,100.0,0.0,"[50.0, 89.90785427805035, 89.90785427805037]",33
978,4035434587,settled,Kk2i_0018,unmatched,,"[-0.6767719944343353, 0.14128449179956656, 0.30945224413417693, 0.652884115694839]","[0.4998679912759402, -0.50009408163029, -0.5001276157555841, -0.4999102607216104]","[482.094651381888, 15.001553209370538, 9.695115800426251]",5.700000000000238,100.0,0.0,"[50.0, 89.46024262166674, 89.46024262166675]",21
979,2114130661,unsettled,,not_evaluated,,"[-0.11671079965840357, -0.12666230183669927, -0.982019919426621, -0.07727954700862226]","[-2.9490633746687145e-06, -1.531114225641894e-05, -0.18153136067733733, -0.9833851559015453]","[481.540013313911, 9.640131969912044, 14.999290467774888]",5.280000000000098,100.0,0.0,"[50.0, 90.01390767778095, 90.01390767778096]",28
980,3638443810,settled,Kk2i_0018,unmatched,,"[0.059547317185544554, 0.39640322724174526, 0.893284933349204, -0.20337312088779458]","[-0.49968420304530287, 0.5003201802610354, 0.4997488285761425, 0.50024646204378]","[481.9363322498265, 14.997873621342265, 9.698384003970084]",5.380000000000131,100.0,0.0,"[50.0, 90.80539378226685, 90.80539378226683]",26
981,1276054237,unsettled,,not_evaluated,,"[0.19847170397213157, 0.14485266137657626, -0.7549022116539003, 0.6080701769159308]","[-0.00018539000962369823, -0.00025672173833683753, -0.2833354897831051, -0.9590208026700262]","[481.90474933896945, 9.460123298654484, 14.990838325427006]",5.160000000000058,100.0,0.0,"[50.0, 90.624008408515, 90.62400840851501]",28
982,218439059,settled,Kk2i_0018,unmatched,,"[-0.31928362511020086, 0.6061291818978068, 0.5454370968132035, 0.4828703293932732]","[0.5000877624824553, -0.49991470119330517, -0.4997773017362322, -0.5002201215618489]","[482.03546929579556, 15.001670768427802, 9.699656696447052]",5.910000000000308,100.0,0.0,"[50.0, 89.56136036292945, 89.56136036292946]",19
983,2213472531,settled,Kk2i_0004,unmatched,,"[0.10514992183552246, 0.24068664568741632, 0.4737389502858386, -0.8405860095836687]","[0.00023757644237046294, 7.062918575911903e-05, 0.7069924321975627, -0.7072210682554125]","[482.1366659147319, 9.698566862309393, 15.001690525573489]",5.170000000000061,100.0,0.0,"[50.0, 90.2312844623914, 90.23128446239141]",26
984,787746249,settled,Kk2i_0018,unmatched,,"[-0.5694810868307036, -0.2375977186895554, 0.403312307451908, -0.6757054080540255]","[0.5000751253183428, 0.500020306327931, -0.4999558598153112, 0.4999486979019935]","[482.13444290075614, 15.010196535609857, 9.692586730524068]",5.7100000000002415,100.0,0.0,"[50.0, 89.91724145736417, 89.91724145736416]",22
985,620666044,settled,Kk2i_0004,unmatched,,"[0.3512700169167964, -0.04610390148788196, 0.2607949201033328, -0.8980366446482936]","[0.00011913051940148911, 3.912339622008654e-05, 0.7072534159225776, -0.7069601049162002]","[481.65206607117125, 9.694022750889669, 15.00305328980322]",5.300000000000105,100.0,0.0,"[50.0, 90.46901733451136, 90.46901733451138]",47
986,1382691233,settled,Kk2i_0017,unmatched,,"[0.47408594454505865, -0.6966516414024221, 0.33101000622289733, -0.4246779762319307]","[0.5000112405986372, -0.49993076911012463, 0.5000842182365779, -0.4999737593541102]","[481.82344822387813, 9.696534534746537, 9.95931735014638]",5.440000000000151,100.0,0.0,"[50.0, 88.34792001367006, 88.34792001367005]",44
987,3286462226,settled,Kk2i_0016,unmatched,,"[-0.3448778936984663, -0.42718010711039134, 0.8219048655539987, 0.1518182680243951]","[-0.5437294690031094, -0.4521554736628208, 0.5436537438438154, 0.45205563703923685]","[481.7141363073303, 9.02079630037693, 10.123902921842275]",5.220000000000078,100.0,0.0,"[50.0, 89.16382759717433, 89.16382759717435]",32
988,2525897259,settled,Kk2i_0018,unmatched,,"[-0.18660777978837914, -0.7443077658333969, 0.6395441794809863, -0.046548133523710164]","[-0.500085780732952, -0.49990880704129853, 0.4999522793949759, -0.5000531120581369]","[482.26963234377627, 14.998996387954104, 9.695261564108641]",5.320000000000111,100.0,0.0,"[50.0, 89.4990969779421, 89.49909697794212]",31
989,3052397492,unsettled,,not_evaluated,,"[0.3577418947578834, -0.03461281949819094, 0.8397397400760982, -0.4070133393371179]","[-2.0212230439908833e-05, 0.00021269653002863048, 0.2803312620701658, 0.9599032960969558]","[481.995023026787, 9.456833741986648, 14.99806642901942]",5.340000000000118,100.0,0.0,"[50.0, 89.9881143311572, 89.98811433115719]",26
990,958294864,settled,Kk2i_0003,unmatched,,"[-0.030561851898347012, -0.4924964696048103, 0.3778133004972502, -0.7834349434399235]","[4.19150435285176e-06, -0.707164818326001, -0.00015291540743575527, -0.7070487227350486]","[481.49605859633743, 9.959098013627806, 9.698202164775179]",5.160000000000058,100.0,0.0,"[50.0, 89.68411513133059, 89.6841151313306]",16
991,2025461898,unsettled,,not_evaluated,,"[-0.3979758930455951, -0.005549041121273697, -0.43366712258227247, -0.8084041213949913]","[5.803892444367076e-05, 4.8675256396651934e-05, 0.40198718043401055, -0.9156452921458816]","[481.99478517359216, 10.680514519978239, 15.002952534103402]",5.270000000000095,100.0,0.0,"[50.0, 89.94063187616585, 89.94063187616584]",25
992,2542739526,unsettled,,not_evaluated,,"[-0.2306445065743204, 0.9168653108316615, -0.19133692885921558, -0.2637257913731088]","[0.981029549548434, 0.1938580705105488, -0.00023521588004245253, -0.00012682355344334484]","[481.86385753048245, 9.605619992280396, 15.004984530987256]",5.270000000000095,100.0,0.0,"[50.0, 90.1202037259799, 90.12020372597992]",19
993,662844678,settled,Kk2i_0006,unmatched,,"[0.015319791156266027, -0.6766081749749832, -0.37969078318171673, 0.6307151422970638]","[0.13436787032923622, -0.694181797305673, -0.13421239268860707, 0.6942938436724397]","[481.61517810243333, 10.306524452539323, 9.076899895935862]",5.250000000000088,100.0,0.0,"[50.0, 89.27687573189614, 89.27687573189615]",46
994,4118277549,settled,Kk2i_0022,unmatched,,"[-0.321344111537062, -0.6565169609170431, 0.5522363378719223, 0.4009469654985733]","[-0.3327439442981177, -0.6240526356497756, 0.33275214619038423, 0.6237914592852267]","[481.64363545353984, 9.159857076519648, 9.423961053607705]",5.110000000000041,100.0,0.0,"[50.0, 87.71094495434981, 87.71094495434983]",26
995,111249246,settled,Kk2i_0029,unmatched,,"[-0.6279501010244584, -0.002943014146429479, -0.6948500248436215, -0.3505045681099255]","[-0.7034381484054996, -0.0711540623410647, -0.7035950005202422, -0.07117545941633743]","[481.6570012067804, 9.762126332214253, 9.022000183858124]",5.1800000000000646,100.0,0.0,"[50.0, 87.75680400124536, 87.75680400124537]",28
996,746129938,settled,Kk2i_0018,unmatched,,"[-0.47377988456087816, 0.707079339833246, -0.49704674862137505, -0.16886668662404006]","[0.5000361205473669, 0.4999444891428521, -0.4997310114571939, 0.5002882190413859]","[481.5754878297776, 15.010928762136228, 9.706170309159074]",5.420000000000145,100.0,0.0,"[50.0, 90.80012946538012, 90.80012946538011]",18
997,3176734675,settled,Kk2i_0027,unmatched,,"[-0.44694209170526156, 0.4952759132457724, -0.012535065867450861, 0.7448405255787244]","[-0.20143636211667382, 0.6777560666938031, -0.20172664831511522, 0.6777731666542245]","[481.73762957053697, 10.471418955315306, 10.768731404087054]",5.250000000000088,100.0,0.0,"[50.0, 90.51798929234798, 90.51798929234799]",37
998,2924323672,settled,Kk2i_0003,unmatched,,"[0.7808029314754367, 0.10050712330818726, -0.580673385897103, 0.20751751558476023]","[0.7070694464668424, -0.00032531759751308625, -0.7071440389506465, 1.4768221844402298e-05]","[481.6510824775026, 9.955391618688756, 9.698171440794408]",5.230000000000081,100.0,0.0,"[50.0, 88.37820652623654, 88.37820652623655]",25
999,3932611806,settled,Kk2i_0021,unmatched,,"[0.18863484293005242, 0.33663714806484407, 0.7901304930925778, 0.47622067412157004]","[0.5890293571011436, 0.3913028090283702, 0.5889129361335186, 0.39129027814925144]","[481.56221274019055, 9.083736218357641, 9.586657847568263]",5.020000000000011,100.0,0.0,"[50.0, 90.37305030371554, 90.37305030371553]",30
